일자,현재가,대비부호,전일대비,등락율,체결수량,프로그램매도금액,프로그램매수금액,프로그램순매수금액,프로그램순매수금액증감,프로그램매도수량,프로그램매수수량,프로그램순매수수량,프로그램순매수수량증감,거래소구분
20260720,943000,0,0,0.00,0,0,0,0,--7275,0,0,0,--7934,KRX
20260716,+943000,2,+14000,+1.51,142859,63426,70701,+7275,+4962,67558,75492,+7934,+5198,KRX
20260715,+929000,2,+57000,+6.54,249391,104606,106919,+2313,+3163,112166,114902,+2736,+3526,KRX
20260714,-872000,5,-64000,-6.84,267263,107631,106781,--850,--25424,122100,121310,--790,--26655,KRX
20260713,-936000,5,-31000,-3.21,179138,48234,72808,+24574,--6417,50692,76557,+25865,--6258,KRX
20260710,+967000,2,+14000,+1.47,292728,64720,95711,+30991,+19859,67549,99672,+32123,+20256,KRX
20260709,-953000,5,-88000,-8.45,275214,112795,123927,+11132,+14005,117071,128938,+11867,+14262,KRX
20260708,-1041000,5,-81000,-7.22,175270,103066,100193,--2873,--3741,99018,96623,--2395,--3249,KRX
20260707,-1122000,5,-37000,-3.19,184231,101897,102765,+868,+8071,92424,93278,+854,+7098,KRX
20260706,-1159000,5,-16000,-1.36,140971,79525,72322,--7203,+30344,68121,61877,--6244,+26076,KRX
20260703,+1175000,2,+59000,+5.29,259176,169091,131544,--37547,+33461,146424,114104,--32320,+29083,KRX
20260702,+1116000,2,+25000,+2.29,355677,228117,157109,--71008,--76457,198337,136934,--61403,--66429,KRX
20260701,+1091000,2,+96000,+9.65,191691,94587,100036,+5449,+8858,88121,93147,+5026,+8505,KRX
20260630,-995000,5,-25000,-2.45,177757,84233,80824,--3409,+5441,84682,81203,--3479,+5335,KRX
20260629,+1020000,2,+9000,+0.89,253150,127699,118849,--8850,--3746,125921,117107,--8814,--3659,KRX
20260626,-1011000,5,-58000,-5.43,293385,143943,138839,--5104,+12709,142676,137521,--5155,+11236,KRX
20260625,-1069000,5,-25000,-2.29,270632,137636,119823,--17813,+13149,127967,111576,--16391,+12399,KRX
20260624,+1094000,2,+21000,+1.96,177303,99576,68614,--30962,--35877,92513,63723,--28790,--33077,KRX
20260623,-1073000,5,-52000,-4.62,198818,123588,128503,+4915,+7657,112814,117101,+4287,+6835,KRX
20260622,+1125000,2,+3000,+0.27,145874,90837,88095,--2742,--1422,79676,77128,--2548,--1640,KRX
20260619,-1122000,5,-67000,-5.63,456658,390179,388859,--1320,--43686,347682,346774,--908,--35645,KRX
20260618,-1189000,5,-35000,-2.86,255178,166503,208869,+42366,+56355,138301,173038,+34737,+46281,KRX
20260617,+1224000,2,+41000,+3.47,290565,181778,167789,--13989,+51794,147254,135710,--11544,+44405,KRX
20260616,+1183000,2,+99000,+9.13,369748,251505,185722,--65783,--43913,213716,157767,--55949,--36021,KRX
20260615,+1084000,2,+6000,+0.56,164769,91927,70057,--21870,--74648,83710,63782,--19928,--68893,KRX
20260612,+1078000,2,+64000,+6.31,233810,116396,169174,+52778,--195,107533,156498,+48965,--3561,KRX
20260611,-1014000,5,-17000,-1.65,216006,77593,130566,+52973,+87774,77958,130484,+52526,+86320,KRX
20260610,+1031000,2,+15000,+1.48,199694,117320,82519,--34801,--9897,114095,80301,--33794,--9282,KRX
20260609,+1016000,2,+10000,+0.99,201707,112131,87227,--24904,--23052,110119,85607,--24512,--22639,KRX
20260608,-1006000,5,-43000,-4.10,223231,98590,96738,--1852,--53549,98942,97069,--1873,--51502,KRX
20260605,-1049000,5,-19000,-1.78,185271,50072,101769,+51697,+43991,47983,97612,+49629,+42254,KRX
20260604,-1068000,5,-2000,-0.19,351981,161279,168985,+7706,+13850,151800,159175,+7375,+13150,KRX
20260602,-1070000,5,-68000,-5.98,361504,170726,164582,--6144,--81123,158999,153224,--5775,--69595,KRX
20260601,-1138000,5,-35000,-2.98,338833,114471,189450,+74979,+27948,98701,162521,+63820,+23823,KRX
20260529,-1173000,5,-27000,-2.25,348297,180243,227274,+47031,+66792,152720,192717,+39997,+56425,KRX
20260528,-1200000,5,-44000,-3.54,201634,136283,116522,--19761,+23987,113362,96934,--16428,+18397,KRX
20260527,-1244000,5,-7000,-0.56,238820,140365,96617,--43748,--40724,111215,76390,--34825,--32356,KRX
20260526,-1251000,5,-10000,-0.79,155040,99077,96053,--3024,--50567,78857,76388,--2469,--40585,KRX
20260522,+1261000,2,+13000,+1.04,224282,61747,109290,+47543,+74799,49387,87503,+38116,+59948,KRX
20260521,-1248000,5,-1000,-0.08,159803,113801,86545,--27256,--15778,90527,68695,--21832,--12497,KRX
20260520,-1249000,5,-37000,-2.88,220620,165983,154505,--11478,--36422,133841,124506,--9335,--28214,KRX
20260519,+1286000,2,+59000,+4.81,358529,218283,243227,+24944,+26308,168404,187283,+18879,+19944,KRX
20260518,+1227000,2,+11000,+0.90,174679,105360,103996,--1364,+36124,85740,84675,--1065,+28940,KRX
20260515,-1216000,5,-90000,-6.89,208586,104060,66572,--37488,--64298,83803,53798,--30005,--50690,KRX
20260514,+1306000,2,+20000,+1.56,183172,128154,154964,+26810,+51853,99198,119883,+20685,+40478,KRX
20260513,+1286000,2,+2000,+0.16,149714,108259,83216,--25043,+15127,84959,65166,--19793,+11157,KRX
20260512,-1284000,5,-31000,-2.36,234338,162810,122640,--40170,--17602,126145,95195,--30950,--13666,KRX
20260511,+1315000,2,+8000,+0.61,251134,159805,137237,--22568,--11738,120279,102995,--17284,--8960,KRX
20260508,-1307000,5,-10000,-0.76,249051,137944,127114,--10830,+107822,106371,98047,--8324,+79470,KRX
20260507,-1317000,5,-116000,-8.09,314456,237562,118910,--118652,--149131,176109,88315,--87794,--108792,KRX
20260506,-1433000,5,-32000,-2.18,171436,113727,144206,+30479,--85565,79157,100155,+20998,--58144,KRX
20260504,+1465000,2,+48000,+3.39,450389,93035,209079,+116044,+68863,63636,142778,+79142,+46367,KRX
20260430,-1417000,5,-3000,-0.21,236243,133741,180922,+47181,+21357,94345,127120,+32775,+14670,KRX
20260429,+1420000,2,+25000,+1.79,110434,62606,88430,+25824,+115766,44123,62228,+18105,+81661,KRX
20260428,-1395000,5,-59000,-4.06,259276,207733,117791,--89942,--100399,146409,82853,--63556,--70696,KRX
20260427,-1454000,5,-9000,-0.62,114894,78277,88734,+10457,--92187,53826,60966,+7140,--61132,KRX
20260424,+1463000,2,+38000,+2.67,272846,120990,223634,+102644,+49898,82112,150384,+68272,+30993,KRX
20260423,+1425000,2,+9000,+0.64,177030,109658,162404,+52746,+47807,77553,114832,+37279,+33874,KRX
20260422,+1416000,2,+25000,+1.80,159301,58870,63809,+4939,+11967,41510,44915,+3405,+8340,KRX
20260421,-1391000,5,-34000,-2.39,162137,77587,70559,--7028,--30507,55244,50309,--4935,--21261,KRX
20260420,+1425000,2,+2000,+0.14,147969,94407,117886,+23479,+161285,65989,82315,+16326,+111997,KRX
20260417,-1423000,5,-96000,-6.32,272895,194952,57146,--137806,--160125,135305,39634,--95671,--110042,KRX
20260416,+1519000,2,+10000,+0.66,121112,78354,100673,+22319,+3998,51384,65755,+14371,+2339,KRX
20260415,-1509000,5,-14000,-0.92,153464,93054,111375,+18321,+35486,61348,73380,+12032,+23387,KRX
20260414,-1523000,5,-7000,-0.46,168602,68229,51064,--17165,--33591,44994,33639,--11355,--22100,KRX
20260413,+1530000,2,+23000,+1.53,259390,114573,130999,+16426,+8007,74602,85347,+10745,+5054,KRX
20260410,+1507000,2,+56000,+3.86,190431,109986,118405,+8419,+32987,73448,79139,+5691,+22725,KRX
20260409,-1451000,5,-33000,-2.22,224072,145216,120648,--24568,+39160,100270,83236,--17034,+26341,KRX
20260408,-1484000,5,-53000,-3.45,287112,255473,191745,--63728,--160391,173240,129865,--43375,--107657,KRX
20260407,+1537000,2,+87000,+6.00,273390,104843,201506,+96663,+94917,69619,133901,+64282,+63107,KRX
20260406,+1450000,2,+1000,+0.07,128832,77035,78781,+1746,--21056,53435,54610,+1175,--14526,KRX
20260403,+1449000,2,+32000,+2.26,193653,81847,104649,+22802,--102787,56614,72315,+15701,--72153,KRX
20260402,+1417000,2,+84000,+6.30,437390,117160,242749,+125589,+153292,82561,170415,+87854,+108765,KRX
20260401,+1333000,2,+84000,+6.73,243803,130326,102623,--27703,--16826,98483,77572,--20911,--12315,KRX
20260331,-1249000,5,-59000,-4.51,277570,162175,151298,--10877,--18339,129938,121342,--8596,--14379,KRX
20260330,-1308000,5,-27000,-2.02,160318,118638,126100,+7462,--51567,91280,97063,+5783,--39015,KRX
20260327,-1335000,5,-34000,-2.48,205178,59955,118984,+59029,--3061,45440,90238,+44798,+189,KRX
20260326,-1369000,5,-31000,-2.21,158124,71970,134060,+62090,+7131,51882,96491,+44609,+4879,KRX
20260325,+1400000,2,+65000,+4.87,212913,115008,169967,+54959,+62552,83329,123059,+39730,+45618,KRX
20260324,+1335000,2,+57000,+4.46,154321,85745,78152,--7593,+33151,64904,59016,--5888,+26416,KRX
20260323,-1278000,5,-42000,-3.18,232870,150145,109401,--40744,--44840,118833,86529,--32304,--35428,KRX
20260320,-1320000,5,-55000,-4.00,270214,210217,214313,+4096,+10572,159172,162296,+3124,+7756,KRX
20260319,-1375000,5,-15000,-1.08,111115,63170,56694,--6476,+14494,45862,41230,--4632,+10600,KRX
20260318,-1390000,5,-6000,-0.43,161859,96737,75767,--20970,+48700,69977,54745,--15232,+34185,KRX
20260317,-1396000,5,-80000,-5.42,210274,139060,69390,--69670,--42855,98724,49307,--49417,--31020,KRX
20260316,-1476000,5,-12000,-0.81,180940,117332,90517,--26815,--84246,79304,60907,--18397,--57087,KRX
20260313,+1488000,2,+23000,+1.57,324291,204199,261630,+57431,--25292,138866,177556,+38690,--18168,KRX
20260312,+1465000,2,+55000,+3.90,261688,152821,235544,+82723,+34937,104813,161671,+56858,+24515,KRX
20260311,-1410000,5,-45000,-3.09,285240,128038,175824,+47786,--116986,88445,120788,+32343,--82510,KRX
20260310,+1455000,2,+21000,+1.46,452836,220921,385693,+164772,+373873,154020,268873,+114853,+260063,KRX
20260309,-1434000,5,-47000,-3.17,564231,395608,186507,--209101,--201063,275531,130321,--145210,--139888,KRX
20260306,+1481000,2,+100000,+7.24,836707,387979,379941,--8038,+5922,264986,259664,--5322,+4339,KRX
20260305,+1381000,2,+58000,+4.38,785586,331278,317318,--13960,+200598,237323,227662,--9661,+146541,KRX
20260304,-1323000,5,-109000,-7.61,1191514,651038,436480,--214558,--48570,481169,324967,--156202,--35812,KRX
20260303,+1432000,2,+237000,+19.83,1295365,719767,553779,--165988,--244812,517000,396610,--120390,--184719,KRX
20260227,+1195000,2,+1000,+0.08,325910,136373,215197,+78824,+59154,112878,177207,+64329,+47791,KRX
20260226,-1194000,5,-18000,-1.49,184947,73788,93458,+19670,+74682,61991,78529,+16538,+61812,KRX
20260225,-1212000,5,-29000,-2.34,168169,100660,45648,--55012,--21256,82849,37575,--45274,--17729,KRX
20260224,+1241000,2,+5000,+0.40,172787,109640,75884,--33756,--8214,88975,61430,--27545,--6707,KRX
20260223,-1236000,5,-6000,-0.48,196612,127987,102445,--25542,+35553,103727,82889,--20838,+29548,KRX
20260220,+1242000,2,+93000,+8.09,443593,206749,145654,--61095,--44506,168741,118355,--50386,--35685,KRX
20260219,+1149000,2,+44000,+3.98,190403,116747,100158,--16589,+12651,102058,87357,--14701,+11666,KRX
20260213,-1105000,5,-26000,-2.30,236946,136209,106969,--29240,--11751,122552,96185,--26367,--10860,KRX
20260212,+1131000,2,+1000,+0.09,210941,119052,101563,--17489,--12400,105470,89963,--15507,--10740,KRX
20260211,-1130000,5,-16000,-1.40,248096,122613,117524,--5089,+60273,107871,103104,--4767,+51961,KRX
20260210,-1146000,5,-47000,-3.94,504416,227641,162279,--65362,--106360,198937,142209,--56728,--90547,KRX
20260209,+1193000,2,+12000,+1.02,275049,147794,188792,+40998,+33896,120278,154097,+33819,+27630,KRX
20260206,-1181000,5,-46000,-3.75,295504,112626,119728,+7102,+102784,97220,103409,+6189,+83126,KRX
20260205,-1227000,5,-97000,-7.33,333625,182214,86532,--95682,--100986,146691,69754,--76937,--80906,KRX
20260204,+1324000,2,+25000,+1.92,143922,68375,73679,+5304,+8861,52026,55995,+3969,+6733,KRX
20260203,+1299000,2,+60000,+4.84,203785,108061,104504,--3557,+26872,83486,80722,--2764,+21416,KRX
20260202,-1239000,5,-61000,-4.69,312729,176379,145950,--30429,+44139,139410,115230,--24180,+32799,KRX
20260130,1300000,3,0,0.00,247057,164872,90304,--74568,--113646,126374,69395,--56979,--87046,KRX
20260129,+1300000,2,+12000,+0.93,227097,81815,120893,+39078,+41407,63110,93177,+30067,+31951,KRX
20260128,+1288000,2,+58000,+4.72,180905,83281,80952,--2329,+13825,65155,63271,--1884,+11156,KRX
20260127,-1230000,5,-32000,-2.54,154527,94132,77978,--16154,--15385,75940,62900,--13040,--12381,KRX
20260126,+1262000,2,+7000,+0.56,126918,67394,66625,--769,--12425,53093,52434,--659,--10073,KRX
20260123,-1255000,5,-34000,-2.64,260134,124581,136237,+11656,+20600,99151,108565,+9414,+16436,KRX
20260122,-1289000,5,-26000,-1.98,205157,119433,110489,--8944,+50752,92438,85416,--7022,+38803,KRX
20260121,+1315000,2,+6000,+0.46,264111,195697,136001,--59696,--13981,150321,104496,--45825,--11310,KRX
20260120,-1309000,5,-21000,-1.58,222510,132594,86879,--45715,--45732,99968,65453,--34515,--34537,KRX
20260119,+1330000,2,+31000,+2.39,194888,91872,91889,+17,+36704,69283,69305,+22,+28357,KRX
20260116,+1299000,2,+5000,+0.39,291401,156058,119371,--36687,--39716,120351,92016,--28335,--30760,KRX
20260115,+1294000,2,+25000,+1.97,220568,109075,112104,+3029,+51115,84399,86824,+2425,+40377,KRX
20260114,-1269000,5,-13000,-1.01,182382,115853,67767,--48086,+6254,91481,53529,--37952,+4704,KRX
20260113,+1282000,2,+70000,+5.78,322326,168353,114013,--54340,--14677,132370,89714,--42656,--10045,KRX
20260112,-1212000,5,-2000,-0.16,282589,152870,113207,--39663,--69969,125990,93379,--32611,--58272,KRX
20260109,+1214000,2,+124000,+11.38,575132,230129,260435,+30306,--73826,195278,220939,+25661,--70178,KRX
20260108,+1090000,2,+80000,+7.92,508382,117754,221886,+104132,+107730,108183,204022,+95839,+99826,KRX
20260107,-1010000,5,-12000,-1.17,269662,133255,129657,--3598,+1834,132270,128283,--3987,+1454,KRX
20260106,+1022000,2,+10000,+0.99,279979,115574,110142,--5432,--127739,114175,108734,--5441,--128515,KRX
20260105,+1012000,2,+66000,+6.98,327727,85941,208248,+122307,+147516,86262,209336,+123074,+149701,KRX
20260102,+946000,2,+5000,+0.53,144603,61747,36538,--25209,--4701,64830,38203,--26627,--4854,KRX
20251230,-941000,5,-8000,-0.84,187387,100337,79829,--20508,--71355,106268,84495,--21773,--76282,KRX
20251229,+949000,2,+79000,+9.08,339928,103633,154480,+50847,+47012,110383,164892,+54509,+50068,KRX
20251226,-870000,5,-8000,-0.91,102783,11701,15536,+3835,+3022,13336,17777,+4441,+3550,KRX
20251224,-878000,5,-22000,-2.44,103248,17733,18546,+813,--7254,20026,20917,+891,--8053,KRX
20251223,+900000,2,+14000,+1.58,88326,19580,27647,+8067,+18349,21847,30791,+8944,+20385,KRX
20251222,+886000,2,+2000,+0.23,107353,30238,19956,--10282,--11087,33808,22367,--11441,--12351,KRX
20251219,+884000,2,+33000,+3.88,208385,89609,90414,+805,+7464,101095,102005,+910,+8694,KRX
20251218,-851000,5,-19000,-2.18,115140,34722,28063,--6659,+5903,40633,32849,--7784,+6576,KRX
20251217,-870000,5,-5000,-0.57,94698,34003,21441,--12562,+28279,38796,24436,--14360,+32017,KRX
20251216,-875000,5,-33000,-3.63,207445,85577,44736,--40841,--12284,97347,50970,--46377,--15255,KRX
20251215,-908000,5,-53000,-5.52,144644,55479,26922,--28557,--93360,60524,29402,--31122,--99703,KRX
20251212,+961000,2,+57000,+6.31,268675,73527,138330,+64803,+70194,77280,145861,+68581,+74371,KRX
20251211,-904000,5,-19000,-2.06,242560,141144,135753,--5391,+7832,155593,149803,--5790,+8534,KRX
20251210,-923000,5,-37000,-3.85,155708,65561,52338,--13223,--16778,70509,56185,--14324,--18026,KRX
20251209,+960000,2,+23000,+2.45,231353,114211,117766,+3555,--31504,119598,123300,+3702,--34222,KRX
20251208,+937000,2,+42000,+4.69,231159,74141,109200,+35059,+51065,79739,117663,+37924,+56028,KRX
20251205,+895000,2,+40000,+4.68,192198,67781,51775,--16006,--2138,77053,58949,--18104,--1874,KRX
20251204,-855000,5,-11000,-1.27,110369,48705,34837,--13868,--50855,56716,40486,--16230,--59744,KRX
20251203,+866000,2,+42000,+5.10,315675,91522,128509,+36987,+15212,106091,149605,+43514,+16714,KRX
20251202,+824000,2,+11000,+1.35,300231,101556,123331,+21775,--24805,125528,152328,+26800,--30637,KRX
20251201,-813000,5,-39000,-4.58,318566,71052,117632,+46580,+19788,86852,144289,+57437,+25645,KRX
20251128,-852000,5,-11000,-1.27,195233,65372,92164,+26792,+79618,77158,108950,+31792,+91863,KRX
20251127,-863000,5,-8000,-0.92,198637,107758,54932,--52826,--39335,123141,63070,--60071,--44649,KRX
20251126,+871000,2,+12000,+1.40,125169,58034,44543,--13491,--7655,66383,50961,--15422,--8690,KRX
20251125,+859000,2,+4000,+0.47,121366,53014,47178,--5836,--19165,61509,54777,--6732,--22235,KRX
20251124,-855000,5,-14000,-1.61,301258,111687,125016,+13329,--17684,130588,146091,+15503,--20050,KRX
20251121,-869000,5,-47000,-5.13,256581,71959,102972,+31013,--11918,82623,118176,+35553,--10522,KRX
20251120,+916000,2,+11000,+1.22,183622,60439,103370,+42931,+9427,65518,111593,+46075,+9380,KRX
20251119,-905000,5,-16000,-1.74,309855,114913,148417,+33504,+95205,125808,162503,+36695,+102136,KRX
20251118,-921000,5,-58000,-5.92,209914,131451,69750,--61701,--60111,139107,73666,--65441,--63712,KRX
20251117,+979000,2,+24000,+2.51,151162,51131,49541,--1590,--32878,52883,51154,--1729,--33783,KRX
20251114,-955000,5,-1000,-0.10,211727,71947,103235,+31288,+32375,74469,106523,+32054,+33191,KRX
20251113,-956000,5,-4000,-0.42,118138,47509,46422,--1087,--2316,49576,48439,--1137,--2255,KRX
20251112,+960000,2,+12000,+1.27,167363,43898,45127,+1229,--8601,45678,46796,+1118,--9024,KRX
20251111,-948000,5,-17000,-1.76,118730,50272,60102,+9830,+4227,52313,62455,+10142,+4343,KRX
20251110,+965000,2,+42000,+4.55,150467,48744,54347,+5603,+55212,50519,56318,+5799,+59662,KRX
20251107,-923000,5,-47000,-4.85,255527,121244,71635,--49609,--62027,131489,77626,--53863,--66599,KRX
20251106,+970000,2,+20000,+2.11,142073,51539,63957,+12418,+71071,53056,65792,+12736,+74295,KRX
20251105,-950000,5,-60000,-5.94,302267,155240,96587,--58653,--57343,163255,101696,--61559,--60097,KRX
20251104,-1010000,5,-32000,-3.07,180841,99625,98315,--1310,--107529,98001,96539,--1462,--104544,KRX
20251103,+1042000,2,+63000,+6.44,330523,83535,189754,+106219,+123319,80964,184046,+103082,+120368,KRX
20251031,-979000,5,-15000,-1.51,123048,60889,43789,--17100,--6968,61578,44292,--17286,--7065,KRX
20251030,+994000,2,+1000,+0.10,150339,71200,61068,--10132,+23722,71262,61041,--10221,+23955,KRX
20251029,-993000,5,-3000,-0.30,126098,60900,27046,--33854,+26877,61388,27212,--34176,+26233,KRX
20251028,-996000,5,-43000,-4.14,183625,101322,40591,--60731,--143898,100705,40296,--60409,--141163,KRX
20251027,+1039000,2,+26000,+2.57,222929,46367,129534,+83167,+121801,45116,125870,+80754,+118683,KRX
20251024,-1013000,5,-36000,-3.43,189996,80694,42060,--38634,--45520,79170,41241,--37929,--44509,KRX
20251023,+1049000,2,+42000,+4.17,284405,83161,90047,+6886,--5311,79809,86389,+6580,--5581,KRX
20251022,+1007000,2,+33000,+3.39,256790,100971,113168,+12197,+52088,100385,112546,+12161,+53079,KRX
20251021,+974000,2,+21000,+2.20,247903,106839,66948,--39891,--20880,109404,68486,--40918,--20872,KRX
20251020,+953000,2,+41000,+4.50,196306,86519,67508,--19011,--18386,91512,71466,--20046,--19403,KRX
20251017,-912000,5,-24000,-2.56,184363,69663,69038,--625,+30355,75844,75201,--643,+32135,KRX
20251016,-936000,5,-18000,-1.89,184356,77693,46713,--30980,+53848,82374,49596,--32778,+57364,KRX
20251015,+954000,2,+21000,+2.25,329226,209523,124695,--84828,--42012,221916,131774,--90142,--45182,KRX
20251014,-933000,5,-60000,-6.04,318501,163236,120420,--42816,--7366,171992,127032,--44960,--9503,KRX
20251013,-993000,5,-49000,-4.70,183941,78787,43337,--35450,+24569,78352,42895,--35457,+22004,KRX
20251010,-1042000,5,-55000,-5.01,290169,175825,115806,--60019,--30180,167890,110429,--57461,--30227,KRX
20251002,-1097000,5,-2000,-0.18,189175,124065,94226,--29839,--209,112952,85718,--27234,--109,KRX
20251001,-1099000,5,-8000,-0.72,158652,82103,52473,--29630,--90465,74999,47874,--27125,--82345,KRX
20250930,+1107000,2,+48000,+4.53,291287,74655,135490,+60835,+76327,67859,123079,+55220,+69943,KRX
20250929,+1059000,2,+15000,+1.44,124076,55164,39672,--15492,--1526,52286,37563,--14723,--1342,KRX
20250926,-1044000,5,-4000,-0.38,192038,80882,66916,--13966,--32737,77276,63895,--13381,--31054,KRX
20250925,-1048000,5,-10000,-0.95,209497,75532,94303,+18771,--56470,71096,88769,+17673,--54107,KRX
20250924,+1058000,2,+54000,+5.38,295040,67487,142728,+75241,+67701,64192,135972,+71780,+64418,KRX
20250923,-1004000,5,-18000,-1.76,148757,59734,67274,+7540,--6567,59235,66597,+7362,--6500,KRX
20250922,1022000,3,0,0.00,137450,51513,65620,+14107,+16109,50837,64699,+13862,+16157,KRX
20250919,-1022000,5,-1000,-0.10,363904,186167,184165,--2002,+26536,182197,179902,--2295,+25953,KRX
20250918,-1023000,5,-7000,-0.68,209665,95513,66975,--28538,--40387,93793,65545,--28248,--39754,KRX
20250917,-1030000,5,-11000,-1.06,202933,91254,103103,+11849,--40852,88852,100358,+11506,--40086,KRX
20250916,+1041000,2,+55000,+5.58,226446,53690,106391,+52701,+52841,52416,104008,+51592,+51801,KRX
20250915,-986000,5,-16000,-1.60,143445,56150,56010,--140,+27705,56666,56457,--209,+27643,KRX
20250912,-1002000,5,-3000,-0.30,169241,69553,41708,--27845,--82425,69492,41640,--27852,--82611,KRX
20250911,+1005000,2,+38000,+3.93,298028,103259,157839,+54580,+30009,103336,158095,+54759,+29425,KRX
20250910,+967000,2,+22000,+2.33,229210,77268,101839,+24571,+54256,79640,104974,+25334,+56823,KRX
20250909,-945000,5,-6000,-0.63,164915,57877,28192,--29685,--49861,61251,29762,--31489,--52892,KRX
20250908,+951000,2,+31000,+3.37,176069,39547,59723,+20176,+53080,41908,63311,+21403,+57206,KRX
20250905,-920000,5,-11000,-1.18,193204,101567,68663,--32904,--39041,110069,74266,--35803,--42297,KRX
20250904,-931000,5,-10000,-1.06,147466,53721,59858,+6137,--18713,57403,63897,+6494,--19845,KRX
20250903,+941000,2,+8000,+0.86,152150,44840,69690,+24850,+12317,47648,73987,+26339,+12939,KRX
20250902,+933000,2,+17000,+1.86,129384,33227,45760,+12533,--27018,35638,49038,+13400,--29585,KRX
20250901,+916000,2,+32000,+3.62,185557,33695,73246,+39551,+63927,36657,79642,+42985,+70098,KRX
20250829,-884000,5,-24000,-2.64,183497,95428,71052,--24376,--15118,106805,79692,--27113,--17041,KRX
20250828,+908000,2,+1000,+0.11,146074,56671,47413,--9258,--16369,61822,51750,--10072,--17882,KRX
20250827,+907000,2,+7000,+0.78,112708,31114,38225,+7111,+25405,34698,42508,+7810,+28150,KRX
20250826,-900000,5,-3000,-0.33,246639,130571,112277,--18294,--18280,145446,125106,--20340,--20247,KRX
20250825,+903000,2,+12000,+1.35,127028,51491,51477,--14,--27133,57336,57243,--93,--30735,KRX
20250822,+891000,2,+57000,+6.83,255134,72961,100080,+27119,+42457,82779,113421,+30642,+49000,KRX
20250821,+834000,2,+18000,+2.21,128018,47783,32445,--15338,--27349,57110,38752,--18358,--33178,KRX
20250820,-816000,5,-11000,-1.33,322736,122449,134460,+12011,+75804,150945,165765,+14820,+89799,KRX
20250819,-827000,5,-61000,-6.87,256827,115937,52144,--63793,--92779,136428,61449,--74979,--107758,KRX
20250818,+888000,2,+5000,+0.57,236731,67746,96732,+28986,+10042,76641,109420,+32779,+11328,KRX
20250814,+883000,2,+5000,+0.57,241011,82286,101230,+18944,--3140,92845,114296,+21451,--5794,KRX
20250813,+878000,2,+27000,+3.17,394063,109209,131293,+22084,+3965,127802,155047,+27245,+5615,KRX
20250812,-851000,5,-29000,-3.30,307287,106282,124401,+18119,--5047,122961,144591,+21630,--4603,KRX
20250811,-880000,5,-1000,-0.11,157243,51538,74704,+23166,+52812,58240,84473,+26233,+59520,KRX
20250808,-881000,5,-51000,-5.47,330808,135384,105738,--29646,--35512,152073,118786,--33287,--39627,KRX
20250807,-932000,5,-4000,-0.43,155826,77775,83641,+5866,+60722,83568,89908,+6340,+64936,KRX
20250806,-936000,5,-25000,-2.60,184646,92467,37611,--54856,--64900,98824,40228,--58596,--68993,KRX
20250805,+961000,2,+23000,+2.45,187035,65676,75720,+10044,+18673,69040,79437,+10397,+19678,KRX
20250804,-938000,5,-1000,-0.11,118975,52227,43598,--8629,+58332,55920,46639,--9281,+61600,KRX
20250801,-939000,5,-57000,-5.72,419450,182915,115954,--66961,--115647,194800,123919,--70881,--118624,KRX
20250731,+996000,2,+19000,+1.94,602496,203326,252012,+48686,+156709,205050,252793,+47743,+158534,KRX
20250730,-977000,5,-21000,-2.10,292494,183125,75102,--108023,--118484,187602,76811,--110791,--121756,KRX
20250729,+998000,2,+45000,+4.72,324999,86821,97282,+10461,+21299,87938,98903,+10965,+22486,KRX
20250728,+953000,2,+8000,+0.85,122549,44413,33575,--10838,--15096,46876,35355,--11521,--16008,KRX
20250725,+945000,2,+4000,+0.43,126974,33340,37598,+4258,--73484,35299,39786,+4487,--78577,KRX
20250724,+941000,2,+31000,+3.41,263357,51189,128931,+77742,+139503,54660,137724,+83064,+150971,KRX
20250723,-910000,5,-12000,-1.30,213391,110551,48790,--61761,--61201,121577,53670,--67907,--67180,KRX
20250722,+922000,2,+3000,+0.33,207213,71644,71084,--560,--9866,78254,77527,--727,--10853,KRX
20250721,+919000,2,+23000,+2.57,224163,68394,77700,+9306,+20665,74912,85038,+10126,+22749,KRX
20250718,896000,3,0,0.00,176796,74846,63487,--11359,--57481,83327,70704,--12623,--64020,KRX
20250717,+896000,2,+42000,+4.92,463424,111090,157212,+46122,+45933,124661,176058,+51397,+51185,KRX
20250716,+854000,2,+6000,+0.71,165528,57752,57941,+189,--53525,68229,68441,+212,--64303,KRX
20250715,+848000,2,+41000,+5.08,235902,44840,98554,+53714,+47334,53867,118382,+64515,+56772,KRX
20250714,+807000,2,+1000,+0.12,183007,58642,65022,+6380,+76103,73077,80820,+7743,+92987,KRX
20250711,-806000,5,-47000,-5.51,255773,109485,39762,--69723,--107578,133973,48729,--85244,--129590,KRX
20250710,+853000,2,+3000,+0.35,298241,114157,152012,+37855,+30203,134292,178638,+44346,+35425,KRX
20250709,+850000,2,+35000,+4.29,273305,93180,100832,+7652,+60991,109850,118771,+8921,+74980,KRX
20250708,+815000,2,+10000,+1.24,265811,120224,66885,--53339,--59781,148761,82702,--66059,--74140,KRX
20250707,+805000,2,+26000,+3.34,273998,92136,98578,+6442,--5797,116388,124469,+8081,--7397,KRX
20250704,-779000,5,-38000,-4.65,297249,89232,101471,+12239,+15560,112559,128037,+15478,+19904,KRX
20250703,-817000,5,-2000,-0.24,274396,101453,98132,--3321,+10126,122030,117604,--4426,+12449,KRX
20250702,-819000,5,-20000,-2.38,326459,98086,84639,--13447,--19446,121540,104665,--16875,--24072,KRX
20250701,-839000,5,-9000,-1.06,185116,61772,67771,+5999,+44561,72535,79732,+7197,+52193,KRX
20250630,-848000,5,-42000,-4.72,260471,101648,63086,--38562,--3395,118600,73604,--44996,--5461,KRX
20250627,+890000,2,+12000,+1.37,334673,124938,89771,--35167,--27772,138820,99285,--39535,--31224,KRX
20250626,+878000,2,+22000,+2.57,322082,124442,117047,--7395,--15406,143242,134931,--8311,--17614,KRX
20250625,-856000,5,-39000,-4.36,313167,98325,106336,+8011,+23214,113660,122963,+9303,+26236,KRX
20250624,-895000,5,-24000,-2.61,281041,103491,88288,--15203,+45379,115684,98751,--16933,+48154,KRX
20250623,-919000,5,-19000,-2.03,243428,118602,58020,--60582,--105802,127598,62511,--65087,--112709,KRX
20250620,+938000,2,+4000,+0.43,419837,160071,205291,+45220,+7587,170445,218067,+47622,+7096,KRX
20250619,+934000,2,+7000,+0.76,198303,34258,71891,+37633,+67511,37141,77667,+40526,+72413,KRX
20250618,-927000,5,-27000,-2.83,257813,80271,50393,--29878,+18810,85379,53492,--31887,+19387,KRX
20250617,-954000,5,-16000,-1.65,270383,130191,81503,--48688,--50930,136865,85591,--51274,--53113,KRX
20250616,+970000,2,+25000,+2.65,326298,129213,131455,+2242,+132178,133549,135388,+1839,+138572,KRX
20250613,-945000,5,-8000,-0.84,493711,286074,156138,--129936,--267977,300968,164235,--136733,--283683,KRX
20250612,+953000,2,+48000,+5.30,442140,114537,252578,+138041,+254074,122269,269219,+146950,+273697,KRX
20250611,-905000,5,-31000,-3.31,414770,204038,88005,--116033,--195786,223130,96383,--126747,--212263,KRX
20250610,+936000,2,+56000,+6.36,337596,57831,137584,+79753,+153078,62743,148259,+85516,+169499,KRX
20250609,-880000,5,-25000,-2.76,284593,139728,66403,--73325,--283989,159640,75657,--83983,--320307,KRX
20250605,+905000,2,+60000,+7.10,512018,81784,292448,+210664,+185507,91350,327674,+236324,+206554,KRX
20250604,+845000,2,+10000,+1.20,213653,80482,105639,+25157,--29744,96494,126264,+29770,--36080,KRX
20250602,+835000,2,+24000,+2.96,156208,26463,81364,+54901,+196190,31788,97638,+65850,+237215,KRX
20250530,-811000,5,-46000,-5.37,436671,255255,113966,--141289,--163974,311022,139657,--171365,--197467,KRX
20250529,+857000,2,+25000,+3.00,234459,87526,110211,+22685,+90770,102442,128544,+26102,+106785,KRX
20250528,-832000,5,-55000,-6.20,320783,136524,68439,--68085,--177004,160149,79466,--80683,--205331,KRX
20250527,+887000,2,+54000,+6.48,369030,46412,155331,+108919,+102747,53283,177931,+124648,+117495,KRX
20250526,+833000,2,+3000,+0.36,169509,52260,58432,+6172,+23925,63965,71118,+7153,+28937,KRX
20250523,-830000,5,-3000,-0.36,136055,59744,41991,--17753,+2595,72615,50831,--21784,+2823,KRX
20250522,-833000,5,-4000,-0.48,152390,61136,40788,--20348,--48944,73621,49014,--24607,--58589,KRX
20250521,+850000,2,+35000,+4.29,241037,46373,74969,+28596,+57096,55126,89108,+33982,+68522,KRX
20250520,-815000,5,-24000,-2.86,181366,77879,49379,--28500,--18307,94045,59505,--34540,--22166,KRX
20250519,-839000,5,-2000,-0.24,109527,35957,25764,--10193,--33933,43055,30681,--12374,--40663,KRX
20250516,+841000,2,+19000,+2.31,160353,30285,54025,+23740,+27100,36186,64475,+28289,+32452,KRX
20250515,+822000,2,+2000,+0.24,164929,42619,39259,--3360,--45829,52066,47903,--4163,--55644,KRX
20250514,+820000,2,+16000,+1.99,275966,68362,110831,+42469,+3821,83091,134572,+51481,+3403,KRX
20250513,-804000,5,-16000,-1.95,360960,82884,121532,+38648,+120749,103163,151241,+48078,+145279,KRX
20250512,-820000,5,-58000,-6.61,285226,114204,32103,--82101,--3680,135560,38359,--97201,--8280,KRX
20250509,-878000,5,-5000,-0.57,368386,116918,38497,--78421,--25530,132570,43649,--88921,--28698,KRX
20250508,-883000,5,-7000,-0.79,324345,140895,88004,--52891,--103590,159784,99561,--60223,--118295,KRX
20250507,+890000,2,+72000,+8.80,468435,136148,186847,+50699,+47458,159343,217415,+58072,+54498,KRX
20250502,+818000,2,+21000,+2.63,268277,116688,119929,+3241,+44881,144259,147833,+3574,+56309,KRX
20250430,-797000,5,-12000,-1.48,509064,176700,135060,--41640,--52883,220528,167793,--52735,--66531,KRX
20250429,-809000,5,-18000,-2.18,270124,78273,89516,+11243,+61504,97218,111014,+13796,+74903,KRX
20250428,+827000,2,+3000,+0.36,331266,169218,118957,--50261,--31904,204826,143719,--61107,--38564,KRX
20250425,824000,3,0,0.00,242091,99334,80977,--18357,--22104,121182,98639,--22543,--26956,KRX
20250424,+824000,2,+10000,+1.23,164949,48495,52242,+3747,+33300,59050,63463,+4413,+40355,KRX
20250423,-814000,5,-16000,-1.93,191206,60046,30493,--29553,--28661,73035,37093,--35942,--34877,KRX
20250422,830000,3,0,0.00,151172,48912,48020,--892,+40280,58676,57611,--1065,+48365,KRX
20250421,+830000,2,+2000,+0.24,198259,71626,30454,--41172,--38446,86188,36758,--49430,--46100,KRX
20250418,+828000,2,+12000,+1.47,351310,63079,60353,--2726,--43492,75223,71893,--3330,--53721,KRX
20250417,+816000,2,+28000,+3.55,325239,44459,85225,+40766,+18961,55906,106297,+50391,+22733,KRX
20250416,+788000,2,+17000,+2.20,257199,63094,84899,+21805,+94496,80539,108197,+27658,+121420,KRX
20250415,-771000,5,-21000,-2.65,253411,105117,32426,--72691,--61153,135728,41966,--93762,--78994,KRX
20250414,+792000,2,+13000,+1.67,270675,73295,61757,--11538,--54664,92734,77966,--14768,--70570,KRX
20250411,+779000,2,+39000,+5.27,379557,74187,117313,+43126,--3744,97262,153064,+55802,--8510,KRX
20250410,+740000,2,+49000,+7.09,410554,89240,136110,+46870,+143477,121907,186219,+64312,+203958,KRX
20250409,-691000,5,-7000,-1.00,411172,155363,58756,--96607,--104514,224693,85047,--139646,--150897,KRX
20250408,+698000,2,+56000,+8.72,558169,146768,154675,+7907,+105613,212969,224220,+11251,+161571,KRX
20250407,-642000,5,-60000,-8.55,412797,151649,53943,--97706,--50375,233072,82752,--150320,--82809,KRX
20250404,+702000,2,+5000,+0.72,422746,122888,75557,--47331,--69879,175826,108315,--67511,--100253,KRX
20250403,+697000,2,+34000,+5.13,427177,126277,148825,+22548,+55810,183746,216488,+32742,+82290,KRX
20250402,-663000,5,-10000,-1.49,297917,92830,59568,--33262,--68564,137553,88005,--49548,--102212,KRX
20250401,+673000,2,+46000,+7.34,343029,56710,92012,+35302,+48606,85205,137869,+52664,+73472,KRX
20250331,-627000,5,-3000,-0.48,305291,97830,84526,--13304,+21598,155758,134950,--20808,+32482,KRX
20250328,-630000,5,-33000,-4.98,304634,72941,38039,--34902,--16561,112196,58906,--53290,--25831,KRX
20250327,-663000,5,-4000,-0.60,215109,55832,37491,--18341,--27024,83715,56256,--27459,--41215,KRX
20250326,+667000,2,+13000,+1.99,337299,51153,59836,+8683,+19472,77770,91526,+13756,+29372,KRX
20250325,-654000,5,-21000,-3.11,349469,86469,75680,--10789,--115883,129994,114378,--15616,--173898,KRX
20250324,+675000,2,+47000,+7.48,726087,113945,219039,+105094,+91849,171097,329379,+158282,+139129,KRX
20250321,-628000,5,-94000,-13.02,1813669,332406,345651,+13245,+50534,527579,546732,+19153,+69993,KRX
20250320,-722000,5,-34000,-4.50,424628,121856,84567,--37289,+14395,166292,115452,--50840,+17428,KRX
20250319,-756000,5,-8000,-1.05,390302,143016,91332,--51684,--26674,188965,120697,--68268,--35392,KRX
20250318,+764000,2,+11000,+1.46,468996,135232,110222,--25010,--114731,178174,145298,--32876,--152276,KRX
20250317,+753000,2,+48000,+6.81,666106,136145,225866,+89721,+104031,182435,301835,+119400,+139639,KRX
20250314,-705000,5,-2000,-0.28,294939,82050,67740,--14310,--84995,116352,96113,--20239,--120636,KRX
20250313,+707000,2,+42000,+6.32,631379,105924,176609,+70685,+26284,150736,251133,+100397,+33749,KRX
20250312,-665000,5,-13000,-1.92,725675,133221,177622,+44401,+36950,195530,262178,+66648,+55530,KRX
20250311,-678000,5,-24000,-3.42,408683,72276,79727,+7451,+129884,106004,117122,+11118,+182304,KRX
20250310,-702000,5,-29000,-3.97,577521,174496,52063,--122433,--288743,244506,73320,--171186,--405065,KRX
20250307,+731000,2,+53000,+7.82,952069,87806,254116,+166310,+276498,124505,358384,+233879,+393703,KRX
20250306,-678000,5,-17000,-2.45,582714,193367,83179,--110188,--47207,281510,121686,--159824,--68740,KRX
20250305,-695000,5,-6000,-0.86,778132,177916,114935,--62981,--119067,258247,167163,--91084,--175857,KRX
20250304,+701000,2,+107000,+18.01,1257407,252137,308223,+56086,+56987,372733,457506,+84773,+85457,KRX
20250228,-594000,5,-55000,-8.47,763278,175226,174325,--901,--9674,288059,287375,--684,--14864,KRX
20250227,-649000,5,-23000,-3.42,486498,100870,109643,+8773,+28844,154958,169138,+14180,+43618,KRX
20250226,-672000,5,-8000,-1.18,351498,58643,38572,--20071,--17536,86206,56768,--29438,--25859,KRX
20250225,+680000,2,+14000,+2.10,448687,85587,83052,--2535,--9677,126293,122714,--3579,--14223,KRX
20250224,+666000,2,+6000,+0.91,386667,60291,67433,+7142,--41926,91047,101691,+10644,--63884,KRX
20250221,+660000,2,+15000,+2.33,562770,62735,111803,+49068,+26307,96703,171231,+74528,+37805,KRX
20250220,+645000,2,+6000,+0.94,890044,131872,154633,+22761,+36959,207316,244039,+36723,+59067,KRX
20250219,-639000,5,-4000,-0.62,527197,121712,107514,--14198,--25799,192416,170072,--22344,--40353,KRX
20250218,+643000,2,+66000,+11.44,1245770,195012,206613,+11601,--14120,309091,327100,+18009,--26010,KRX
20250217,+577000,2,+44000,+8.26,1021560,166141,191862,+25721,+14315,292958,336977,+44019,+22431,KRX
20250214,+533000,2,+17000,+3.29,649548,85507,96913,+11406,--17943,163690,185278,+21588,--34355,KRX
20250213,-516000,5,-4000,-0.77,702706,83991,113340,+29349,--20902,165390,221333,+55943,--41489,KRX
20250212,+520000,2,+22000,+4.42,1067534,94215,144466,+50251,--53040,183758,281190,+97432,--117821,KRX
20250211,+498000,2,+85000,+20.58,2598237,159218,262509,+103291,+117010,337306,552559,+215253,+248375,KRX
20250210,-413000,5,-5000,-1.20,294509,47470,33751,--13719,+13089,114401,81279,--33122,+30190,KRX
20250207,-418000,5,-2500,-0.59,508231,67838,41030,--26808,--51364,159533,96221,--63312,--122104,KRX
20250206,+420500,2,+18000,+4.47,455172,47197,71753,+24556,+38898,115895,174687,+58792,+94288,KRX
20250205,-402500,5,-4000,-0.98,181769,29895,15553,--14342,--33519,74026,38530,--35496,--82530,KRX
20250204,+406500,2,+14000,+3.57,277489,23023,42200,+19177,+28621,56467,103501,+47034,+71138,KRX
20250203,-392500,5,-7500,-1.88,237337,34885,25441,--9444,+14640,89005,64901,--24104,+36106,KRX
20250131,-400000,5,-11500,-2.79,419665,93130,69046,--24084,--93198,232128,171918,--60210,--231042,KRX
20250124,+411500,2,+28000,+7.30,483792,15797,84911,+69114,+73133,38760,209592,+170832,+181229,KRX
20250123,-383500,5,-5500,-1.41,128950,17651,13632,--4019,+14201,45766,35369,--10397,+36439,KRX
20250122,-389000,5,-500,-0.13,234670,42686,24466,--18220,--23293,109184,62348,--46836,--59767,KRX
20250121,+389500,2,+12000,+3.18,281748,36104,41177,+5073,+20574,93272,106203,+12931,+53684,KRX
20250120,-377500,5,-5000,-1.31,228676,42471,26970,--15501,--13336,111985,71232,--40753,--35246,KRX
20250117,-382500,5,-11500,-2.92,308909,44955,42790,--2165,+8161,117128,111621,--5507,+20841,KRX
20250116,-394000,5,-1000,-0.25,214039,38208,27882,--10326,--21917,97318,70970,--26348,--55434,KRX
20250115,-395000,5,-500,-0.13,171811,14869,26460,+11591,+17541,37506,66592,+29086,+44192,KRX
20250114,395500,3,0,0.00,191711,26986,21036,--5950,--52144,68131,53025,--15106,--132649,KRX
20250113,+395500,2,+17000,+4.49,420373,42880,89074,+46194,+62039,108937,226480,+117543,+159175,KRX
20250110,-378500,5,-13500,-3.44,343171,36300,20455,--15845,--54019,95444,53812,--41632,--140385,KRX
20250109,+392000,2,+9000,+2.35,457502,49619,87793,+38174,+34790,130532,229285,+98753,+90198,KRX
20250108,+383000,2,+2000,+0.52,292046,37732,41116,+3384,--44894,99271,107826,+8555,--119002,KRX
20250107,+381000,2,+15000,+4.10,337262,24815,73093,+48278,+40345,65565,193122,+127557,+106106,KRX
20250106,+366000,2,+4000,+1.10,300540,37261,45194,+7933,+10774,101380,122831,+21451,+29299,KRX
20250103,-362000,5,-1500,-0.41,260600,30543,27702,--2841,--35103,84458,76610,--7848,--99602,KRX
20250102,+363500,2,+37000,+11.33,544064,46787,79049,+32262,+15650,132608,224362,+91754,+40936,KRX
20241230,+326500,2,+7500,+2.35,204610,18977,35589,+16612,+11814,58122,108940,+50818,+35854,KRX
20241227,-319000,5,-4500,-1.39,196212,22184,26982,+4798,--3972,69151,84115,+14964,--12106,KRX
20241226,-323500,5,-500,-0.15,186277,12754,21524,+8770,+15112,39524,66594,+27070,+46497,KRX
20241224,-324000,5,-2000,-0.61,179574,22390,16048,--6342,--36772,69001,49574,--19427,--115027,KRX
20241223,+326000,2,+21000,+6.89,336668,19475,49905,+30430,+25266,60988,156588,+95600,+78539,KRX
20241220,-305000,5,-4000,-1.29,221140,34068,39232,+5164,--12544,111300,128361,+17061,--40191,KRX
20241219,+309000,2,+3500,+1.15,290631,31158,48866,+17708,+22541,100992,158244,+57252,+72962,KRX
20241218,305500,3,0,0.00,221485,29113,24280,--4833,+1629,94992,79282,--15710,+4976,KRX
20241217,-305500,5,-14500,-4.53,391304,39740,33278,--6462,+9390,128506,107820,--20686,+28243,KRX
20241216,-320000,5,-3000,-0.93,423292,72621,56769,--15852,+15991,225638,176709,--48929,+51569,KRX
20241213,+323000,2,+11500,+3.69,396002,61375,29532,--31843,--13259,193157,92659,--100498,--38996,KRX
20241212,+311500,2,+13500,+4.53,552672,72503,53919,--18584,+1595,236300,174798,--61502,+6204,KRX
20241211,+298000,2,+7000,+2.41,319668,38424,18245,--20179,--21299,129079,61373,--67706,--70106,KRX
20241210,+291000,2,+12000,+4.30,756944,75395,76515,+1120,--47125,267023,269423,+2400,--169013,KRX
20241209,-279000,5,-19000,-6.38,729078,45108,93353,+48245,+17920,159249,330662,+171413,+67226,KRX
20241206,-298000,5,-10000,-3.25,938645,95304,125629,+30325,--39591,320734,424921,+104187,--116772,KRX
20241205,-308000,5,-27000,-8.06,837652,64796,134712,+69916,+65588,202077,423036,+220959,+207781,KRX
20241204,-335000,5,-3500,-1.03,479672,56235,60563,+4328,--10606,167909,181087,+13178,--31405,KRX
20241203,+338500,2,+17500,+5.45,335117,40529,55463,+14934,+1191,120199,164782,+44583,+1643,KRX
20241202,+321000,2,+8500,+2.72,306671,37085,50828,+13743,+35289,115783,158723,+42940,+110542,KRX
20241129,-312500,5,-12500,-3.85,496191,74708,53162,--21546,--7884,232523,164921,--67602,--25563,KRX
20241128,+325000,2,+2500,+0.78,347514,50087,36425,--13662,--22364,153994,111955,--42039,--68974,KRX
20241127,+322500,2,+3000,+0.94,368911,25863,34565,+8702,+31287,79812,106747,+26935,+96006,KRX
20241126,-319500,5,-39500,-11.00,925407,82679,60094,--22585,+35859,252994,183923,--69071,+92997,KRX
20241125,-359000,5,-20500,-5.40,799494,144385,85941,--58444,--74256,401035,238967,--162068,--204755,KRX
20241122,+379500,2,+23000,+6.45,475673,50206,66018,+15812,+9518,134208,176895,+42687,+24276,KRX
20241121,-356500,5,-23500,-6.18,477846,34683,40977,+6294,--5252,95665,114076,+18411,--12242,KRX
20241120,-380000,5,-1000,-0.26,285460,18685,30231,+11546,+8483,49241,79894,+30653,+22454,KRX
20241119,-381000,5,-11500,-2.93,311192,30397,33460,+3063,+12704,79186,87385,+8199,+32369,KRX
20241118,-392500,5,-14500,-3.56,264313,26664,17023,--9641,--11458,67227,43057,--24170,--28541,KRX
20241115,+407000,2,+3500,+0.87,262700,33925,35742,+1817,--15147,82769,87140,+4371,--37599,KRX
20241114,+403500,2,+1500,+0.37,326121,25316,42280,+16964,+11047,61904,103874,+41970,+27028,KRX
20241113,-402000,5,-11500,-2.78,298962,30202,36119,+5917,+23107,74122,89064,+14942,+55909,KRX
20241112,-413500,5,-2500,-0.60,411171,65141,47951,--17190,--23712,156228,115261,--40967,--56762,KRX
20241111,+416000,2,+12500,+3.10,337001,28165,34687,+6522,+8904,69057,84852,+15795,+21606,KRX
20241108,-403500,5,-1500,-0.37,338133,31790,29408,--2382,--38694,79073,73262,--5811,--96162,KRX
20241107,+405000,2,+17500,+4.52,702700,59427,95739,+36312,--23475,148662,239013,+90351,--67058,KRX
20241106,+387500,2,+25500,+7.04,827905,37917,97704,+59787,+56236,98890,256299,+157409,+147553,KRX
20241105,-362000,5,-5000,-1.36,235817,19738,23289,+3551,+48876,54533,64389,+9856,+132587,KRX
20241104,-367000,5,-11500,-3.04,358448,59564,14239,--45325,--84985,161290,38559,--122731,--227315,KRX
20241101,+378500,2,+10500,+2.85,481531,22189,61849,+39660,+66901,59916,164500,+104584,+178234,KRX
20241031,-368000,5,-7500,-2.00,409138,56336,29095,--27241,--20583,152254,78604,--73650,--56072,KRX
20241030,-375500,5,-5500,-1.44,208604,24460,17802,--6658,--15025,64963,47385,--17578,--39281,KRX
20241029,+381000,2,+3500,+0.93,229141,18904,27271,+8367,+8656,49360,71063,+21703,+22457,KRX
20241028,-377500,5,-500,-0.13,181781,15327,15038,--289,--10710,40298,39544,--754,--28076,KRX
20241025,+378000,2,+4000,+1.07,280034,15861,26282,+10421,--6331,41991,69313,+27322,--17385,KRX
20241024,+374000,2,+1000,+0.27,280462,15149,31901,+16752,+37241,40529,85236,+44707,+98504,KRX
20241023,-373000,5,-12500,-3.24,305860,32689,12200,--20489,--25603,86250,32453,--53797,--67521,KRX
20241022,+385500,2,+4000,+1.05,353200,24109,29223,+5114,+18062,63398,77122,+13724,+47233,KRX
20241021,-381500,5,-6000,-1.55,259612,28198,15250,--12948,+6600,73044,39535,--33509,+17278,KRX
20241018,-387500,5,-5500,-1.40,384279,61847,42299,--19548,--25829,160138,109351,--50787,--66147,KRX
20241017,+393000,2,+10500,+2.75,448701,30854,37135,+6281,+7770,79429,94789,+15360,+19913,KRX
20241016,+382500,2,+8500,+2.27,466193,42814,41325,--1489,--37949,112771,108218,--4553,--103300,KRX
20241015,+374000,2,+17500,+4.91,442618,14419,50879,+36460,+41678,39285,138032,+98747,+113346,KRX
20241014,356500,3,0,0.00,226770,20141,14923,--5218,--18167,56358,41759,--14599,--50919,KRX
20241011,+356500,2,+6000,+1.71,238732,14087,27036,+12949,+29644,39633,75953,+36320,+83135,KRX
20241010,-350500,5,-14000,-3.84,565368,57090,40395,--16695,--52048,161184,114369,--46815,--144928,KRX
20241008,+364500,2,+13000,+3.70,605738,60742,96095,+35353,+2289,169357,267470,+98113,+4753,KRX
20241007,+351500,2,+14000,+4.15,821448,52871,85935,+33064,--66821,149962,243322,+93360,--213360,KRX
20241004,+337500,2,+28000,+9.05,1073947,39722,139607,+99885,+82319,121693,428413,+306720,+249018,KRX
20241002,+309500,2,+12500,+4.21,652691,57559,75125,+17566,+63702,189548,247250,+57702,+209701,KRX
20240930,-297000,5,-20000,-6.31,582683,86271,40135,--46136,--77541,285466,133467,--151999,--253228,KRX
20240927,+317000,2,+17000,+5.67,1553930,44713,76118,+31405,+31405,144035,245264,+101229,+101229,KRX
20240926,0,0,0,0.00,0,0,0,0,0,0,0,0,0,KRX
20240925,0,0,0,0.00,0,0,0,0,0,0,0,0,0,KRX
20240924,0,0,0,0.00,0,0,0,0,0,0,0,0,0,KRX
20240923,0,0,0,0.00,0,0,0,0,0,0,0,0,0,KRX
20240920,0,0,0,0.00,0,0,0,0,0,0,0,0,0,KRX
20240919,0,0,0,0.00,0,0,0,0,0,0,0,0,0,KRX
20240913,0,0,0,0.00,0,0,0,0,0,0,0,0,0,KRX
20240912,0,0,0,0.00,0,0,0,0,0,0,0,0,0,KRX
20240911,0,0,0,0.00,0,0,0,0,0,0,0,0,0,KRX
20240910,0,0,0,0.00,0,0,0,0,0,0,0,0,0,KRX
20240909,0,0,0,0.00,0,0,0,0,0,0,0,0,0,KRX
20240906,0,0,0,0.00,0,0,0,0,0,0,0,0,0,KRX
20240905,0,0,0,0.00,0,0,0,0,0,0,0,0,0,KRX
20240904,0,0,0,0.00,0,0,0,0,0,0,0,0,0,KRX
20240903,0,0,0,0.00,0,0,0,0,0,0,0,0,0,KRX
20240902,0,0,0,0.00,0,0,0,0,0,0,0,0,0,KRX
20240830,0,0,0,0.00,0,0,0,0,0,0,0,0,0,KRX
20240829,0,0,0,0.00,0,0,0,0,+1259,0,0,0,+4836,KRX
20240828,+290000,2,+6000,+2.11,899074,51720,50461,--1259,+3831,178678,173842,--4836,+13101,KRX
20240827,+284000,2,+6500,+2.34,467536,32831,27741,--5090,--1965,116796,98859,--17937,--6794,KRX
20240826,+277500,2,+2000,+0.73,330205,23950,20825,--3125,+5869,86779,75636,--11143,+21310,KRX
20240823,-275500,5,-2500,-0.90,340676,32495,23501,--8994,--5302,116658,84205,--32453,--19241,KRX
20240822,-278000,5,-6500,-2.28,348949,27199,23507,--3692,--10812,97478,84266,--13212,--38575,KRX
20240821,-284500,5,-3000,-1.04,575140,40935,48055,+7120,+8481,145313,170676,+25363,+29905,KRX
20240820,-287500,5,-12500,-4.17,740267,48718,47357,--1361,--3614,168967,164425,--4542,--11317,KRX
20240819,-300000,5,-5000,-1.64,394494,29139,31392,+2253,--6591,95679,102454,+6775,--21832,KRX
20240816,-305000,5,-3000,-0.97,327057,20665,29509,+8844,--4428,67058,95665,+28607,--14489,KRX
20240814,308000,3,0,0.00,322587,18063,31335,+13272,+4173,58729,101825,+43096,+14279,KRX
20240813,+308000,2,+2000,+0.65,529064,31925,41024,+9099,--7242,103146,131963,+28817,--24937,KRX
20240812,+306000,2,+2500,+0.82,415270,28702,45043,+16341,--22879,94356,148110,+53754,--75182,KRX
20240809,+303500,2,+10000,+3.41,585906,42527,81747,+39220,+50077,139992,268928,+128936,+169532,KRX
20240808,+293500,2,+14500,+5.20,880321,88729,77872,--10857,--7369,312096,271500,--40596,--28569,KRX
20240807,+279000,2,+15000,+5.68,931915,72689,69201,--3488,+33534,263367,251340,--12027,+125237,KRX
20240806,-264000,5,-3000,-1.12,1341907,102223,65201,--37022,--53430,378641,241377,--137264,--201229,KRX
20240805,-267000,5,-22000,-7.61,1287553,93771,110179,+16408,+6504,340619,404584,+63965,+29351,KRX
20240802,-289000,5,-14500,-4.78,766410,52808,62712,+9904,--68399,177996,212610,+34614,--227375,KRX
20240801,+303500,2,+15500,+5.38,1012194,44450,122753,+78303,+120016,149578,411567,+261989,+400625,KRX
20240731,-288000,5,-30500,-9.58,1502478,103187,61474,--41713,+31862,344721,206085,--138636,+91682,KRX
20240730,-318500,5,-4000,-1.24,1056943,117309,43734,--73575,--76819,366288,135970,--230318,--239722,KRX
20240729,+322500,2,+24000,+8.04,833331,51969,55213,+3244,+9374,166518,175922,+9404,+30203,KRX
20240726,+298500,2,+5000,+1.70,595132,49549,43419,--6130,--25696,166773,145974,--20799,--82962,KRX
20240725,-293500,5,-5000,-1.68,1242819,122490,142056,+19566,--1088,405256,467419,+62163,--6450,KRX
20240724,+298500,2,+11500,+4.01,959357,51303,71957,+20654,+6752,172166,240779,+68613,+20915,KRX
20240723,+287000,2,+12000,+4.36,624919,38430,52332,+13902,+50235,137917,185615,+47698,+178406,KRX
20240722,-275000,5,-6500,-2.31,578974,57264,20931,--36333,--19974,205586,74878,--130708,--72079,KRX
20240719,+281500,2,+10000,+3.68,645057,47012,30653,--16359,--12500,169746,111117,--58629,--45059,KRX
20240718,-271500,5,-3500,-1.27,1173896,86103,82244,--3859,+13729,308733,295163,--13570,+50393,KRX
20240717,+275000,2,+5500,+2.04,792136,64602,47014,--17588,--34289,233246,169283,--63963,--124273,KRX
20240716,+269500,2,+4500,+1.70,998491,55565,72266,+16701,+6852,201925,262235,+60310,+23900,KRX
20240715,+265000,2,+11500,+4.54,907019,37286,47135,+9849,+15940,140690,177100,+36410,+60178,KRX
20240712,-253500,5,-3000,-1.17,341135,19623,13532,--6091,--5771,76843,53075,--23768,--22603,KRX
20240711,256500,3,0,0.00,471648,33011,32691,--320,--24834,127923,126758,--1165,--94099,KRX
20240710,+256500,2,+4500,+1.79,1228430,54525,79039,+24514,+21542,206760,299694,+92934,+81424,KRX
20240709,+252000,2,+500,+0.20,381822,21351,24323,+2972,--12198,85550,97060,+11510,--48901,KRX
20240708,+251500,2,+10000,+4.14,545599,21129,36299,+15170,+11906,84613,145024,+60411,+46888,KRX
20240705,-241500,5,-500,-0.21,240727,14168,17432,+3264,--8979,58905,72428,+13523,--37373,KRX
20240704,+242000,2,+9000,+3.86,331914,14834,27077,+12243,+11711,62411,113307,+50896,+48572,KRX
20240703,-233000,5,-2000,-0.85,292953,17544,18076,+532,+24082,75235,77559,+2324,+102914,KRX
20240702,-235000,5,-8500,-3.49,527577,43044,19494,--23550,--24261,183185,82595,--100590,--103591,KRX
20240701,-243500,5,-6000,-2.40,389973,17152,17863,+711,--20716,69493,72494,+3001,--82758,KRX
20240628,+249500,2,+14500,+6.17,793957,35126,56553,+21427,+30918,144344,230103,+85759,+126859,KRX
20240627,+235000,2,+5500,+2.40,395296,39735,30244,--9491,--6411,170770,129670,--41100,--27629,KRX
20240626,-229500,5,-3000,-1.29,272134,17068,13988,--3080,+2553,74507,61036,--13471,+10594,KRX
20240625,-232500,5,-3500,-1.48,325915,22944,17311,--5633,--2350,97925,73860,--24065,--10071,KRX
20240624,236000,3,0,0.00,270448,14233,10950,--3283,+13975,59973,45979,--13994,+58255,KRX
20240621,-236000,5,-12000,-4.84,680174,47644,30386,--17258,+17814,199669,127420,--72249,+69011,KRX
20240620,-248000,5,-3000,-1.20,748341,56820,21748,--35072,--86599,229084,87824,--141260,--346815,KRX
20240619,+251000,2,+18500,+7.96,1699164,51475,103002,+51527,+64714,207859,413414,+205555,+261953,KRX
20240618,-232500,5,-6000,-2.52,455800,33837,20650,--13187,--22845,144751,88353,--56398,--96297,KRX
20240617,+238500,2,+10000,+4.38,687722,30190,39848,+9658,+1224,127600,167499,+39899,+3612,KRX
20240614,+228500,2,+3500,+1.56,708824,50199,58633,+8434,--7550,218972,255259,+36287,--36570,KRX
20240613,+225000,2,+13000,+6.13,869481,42948,58932,+15984,--2754,193671,266528,+72857,--15621,KRX
20240612,+212000,2,+2000,+0.95,278649,10191,28929,+18738,+38077,48323,136801,+88478,+180045,KRX
20240611,-210000,5,-4000,-1.87,280885,28999,9660,--19339,--18519,137109,45542,--91567,--87241,KRX
20240610,+214000,2,+4500,+2.15,292737,13083,12263,--820,--7987,62249,57923,--4326,--38064,KRX
20240607,+209500,2,+3000,+1.45,390959,17332,24499,+7167,+6105,82052,115790,+33738,+28400,KRX
20240605,-206500,5,-4500,-2.13,426878,11591,12653,+1062,+32497,55612,60950,+5338,+153141,KRX
20240604,-211000,5,-12000,-5.38,905384,55988,24553,--31435,--42454,262558,114755,--147803,--186281,KRX
20240603,+223000,2,+18000,+8.78,3172835,123036,134055,+11019,+12344,542093,580571,+38478,+45207,KRX
20240531,+205000,2,+1000,+0.49,413790,29658,28333,--1325,+20177,143885,137156,--6729,+95882,KRX
20240530,-204000,5,-14000,-6.42,456680,38881,17379,--21502,+10974,185485,82874,--102611,+45458,KRX
20240529,-218000,5,-5000,-2.24,481569,53298,20822,--32476,--47479,243159,95090,--148069,--215900,KRX
20240528,+223000,2,+12000,+5.69,635646,21195,36198,+15003,+12398,96651,164482,+67831,+55196,KRX
20240527,+211000,2,+7000,+3.43,332934,16257,18862,+2605,--3673,77872,90507,+12635,--18174,KRX
20240524,+204000,2,+2500,+1.24,321893,15199,21477,+6278,+6253,75473,106282,+30809,+30230,KRX
20240523,+201500,2,+500,+0.25,322109,20062,20087,+25,+3186,100017,100596,+579,+16267,KRX
20240522,-201000,5,-6500,-3.13,364716,29203,26042,--3161,+1513,143134,127446,--15688,+6760,KRX
20240521,-207500,5,-3000,-1.43,228813,19714,15040,--4674,--15794,94575,72127,--22448,--76216,KRX
20240520,+210500,2,+2500,+1.20,381712,16238,27358,+11120,+20342,78126,131894,+53768,+97409,KRX
20240517,-208000,5,-7000,-3.26,299874,17472,8250,--9222,--13961,82624,38983,--43641,--65125,KRX
20240516,-215000,5,-2000,-0.92,325066,26398,31137,+4739,+19067,121727,143211,+21484,+87268,KRX
20240514,-217000,5,-4500,-2.03,227031,24505,10177,--14328,--25673,112535,46751,--65784,--117050,KRX
20240513,+221500,2,+3500,+1.61,240031,11799,23144,+11345,--4025,53582,104848,+51266,--18582,KRX
20240510,+218000,2,+4000,+1.87,319605,8618,23988,+15370,+31335,39273,109121,+69848,+144341,KRX
20240509,-214000,5,-4500,-2.06,297223,25337,9372,--15965,--11488,118183,43690,--74493,--53505,KRX
20240508,218500,3,0,0.00,292650,22570,18093,--4477,+901,104604,83616,--20988,+3839,KRX
20240507,+218500,2,+3000,+1.39,355997,29017,23639,--5378,+9597,134068,109241,--24827,+43818,KRX
20240503,-215500,5,-5000,-2.27,335186,24866,9891,--14975,--19894,114039,45394,--68645,--89091,KRX
20240502,+220500,2,+9000,+4.26,793182,40455,45374,+4919,+1196,185846,206292,+20446,+1469,KRX
20240430,-211500,5,-20500,-8.84,1215823,45818,49541,+3723,--15739,208452,227429,+18977,--64921,KRX
20240429,-232000,5,-3000,-1.28,461211,12129,31591,+19462,+22113,52207,136105,+83898,+94326,KRX
20240426,-235000,5,-6000,-2.49,697251,32456,29805,--2651,--1652,134520,124092,--10428,--5995,KRX
20240425,-241000,5,-500,-0.21,598872,30632,29633,--999,--24104,127369,122936,--4433,--99740,KRX
20240424,+241500,2,+5000,+2.11,879604,32810,55915,+23105,--8152,136408,231715,+95307,--40120,KRX
20240423,+236500,2,+16500,+7.50,933249,32942,64199,+31257,+45869,142336,277763,+135427,+199436,KRX
20240422,-220000,5,-14000,-5.98,704924,38023,23411,--14612,--24789,168013,104004,--64009,--108095,KRX
20240419,+234000,2,+8000,+3.54,1861363,79370,89547,+10177,--9376,338774,382860,+44086,--42975,KRX
20240418,+226000,2,+6000,+2.73,496547,20987,40540,+19553,--7165,94399,181460,+87061,--34834,KRX
20240417,+220000,2,+9000,+4.27,817587,28018,54736,+26718,+24853,128583,250478,+121895,+112887,KRX
20240416,+211000,2,+1000,+0.48,854102,39776,41641,+1865,+20638,186332,195340,+9008,+96379,KRX
20240415,-210000,5,-7000,-3.23,498153,36973,18200,--18773,--11688,172531,85160,--87371,--54305,KRX
20240412,+217000,2,+3000,+1.40,471206,35468,28383,--7085,--24298,164095,131029,--33066,--113773,KRX
20240411,+214000,2,+5000,+2.39,526361,24687,41900,+17213,+10564,116051,196758,+80707,+49097,KRX
20240409,-209000,5,-3000,-1.42,567978,20822,27471,+6649,+10763,98840,130450,+31610,+50255,KRX
20240408,-212000,5,-500,-0.24,677490,26163,22049,--4114,+33522,121766,103121,--18645,+151463,KRX
20240405,-212500,5,-23500,-9.96,1368496,76035,38399,--37636,--39182,345432,175324,--170108,--176693,KRX
20240404,+236000,2,+8000,+3.51,1095178,42100,43646,+1546,+70097,183368,189953,+6585,+310534,KRX
20240403,-228000,5,-13000,-5.39,2107940,126486,57935,--68551,--96097,559373,255424,--303949,--419715,KRX
20240402,+241000,2,+32000,+15.31,3141771,111512,139058,+27546,+28043,491347,607113,+115766,+118395,KRX
20240401,+209000,2,+4500,+2.20,320698,14922,14425,--497,+1645,71512,68883,--2629,+7579,KRX
20240329,-204500,5,-3000,-1.45,455605,17057,14915,--2142,+22934,82222,72014,--10208,+107009,KRX
20240328,-207500,5,-15500,-6.95,792022,49473,24397,--25076,--2240,232208,114991,--117217,--12919,KRX
20240327,+223000,2,+7000,+3.24,835381,48056,25220,--22836,--52061,219431,115133,--104298,--240785,KRX
20240326,+216000,2,+12500,+6.14,1175300,31371,60596,+29225,+36108,147219,283706,+136487,+170446,KRX
20240325,+203500,2,+1500,+0.74,889909,37561,30678,--6883,--36323,180564,146605,--33959,--174818,KRX
20240322,+202000,2,+8300,+4.28,1947227,40706,70146,+29440,+17233,196465,337324,+140859,+77675,KRX
20240321,+193700,2,+2300,+1.20,391654,13523,25730,+12207,+25029,70425,133609,+63184,+130056,KRX
20240320,+191400,2,+900,+0.47,590195,32296,19474,--12822,+10590,168175,101303,--66872,+56462,KRX
20240319,+190500,2,+7300,+3.98,1109665,67259,43847,--23412,--18373,354147,230813,--123334,--95799,KRX
20240318,+183200,2,+3100,+1.72,511934,28973,23934,--5039,+7953,157928,130393,--27535,+44127,KRX
20240315,-180100,5,-2500,-1.37,499618,34425,21433,--12992,--7952,190026,118364,--71662,--44760,KRX
20240314,-182600,5,-500,-0.27,759230,39066,34026,--5040,--6203,211962,185060,--26902,--33614,KRX
20240313,-183100,5,-2200,-1.19,845400,25125,26288,+1163,--10533,136730,143442,+6712,--57243,KRX
20240312,-185300,5,-7700,-3.99,953483,33217,44913,+11696,+21336,178563,242518,+63955,+112797,KRX
20240311,-193000,5,-7000,-3.50,640002,35973,26333,--9640,--9910,184237,135395,--48842,--49759,KRX
20240308,200000,3,0,0.00,584099,34189,34459,+270,+1882,170437,171354,+917,+8388,KRX
20240307,-200000,5,-4000,-1.96,1018618,46339,44727,--1612,--21209,228708,221237,--7471,--106782,KRX
20240306,+204000,2,+18700,+10.09,2296464,93079,112676,+19597,+12841,470137,569448,+99311,+62545,KRX
20240305,-185300,5,-2300,-1.23,668172,22981,29737,+6756,+6474,122393,159159,+36766,+35133,KRX
20240304,+187600,2,+100,+0.05,789213,38254,38536,+282,+7215,202641,204274,+1633,+36443,KRX
20240229,-187500,5,-7000,-3.60,1612512,109031,102098,--6933,--84355,571635,536825,--34810,--437900,KRX
20240228,+194500,2,+15400,+8.60,2898453,106019,183441,+77422,+9665,555770,958860,+403090,+25065,KRX
20240227,+179100,2,+12900,+7.76,4119382,121830,189587,+67757,+30899,673221,1051246,+378025,+152869,KRX
20240226,+166200,2,+12100,+7.85,1634703,35858,72716,+36858,+44833,221466,446622,+225156,+277249,KRX
20240223,-154100,5,-3900,-2.47,685080,29810,21835,--7975,--13547,193969,141876,--52093,--87026,KRX
20240222,+158000,2,+3600,+2.33,705204,22473,28045,+5572,+10511,143105,178038,+34933,+67323,KRX
20240221,+154400,2,+500,+0.32,588169,28842,23903,--4939,--12898,187346,154956,--32390,--83653,KRX
20240220,+153900,2,+2000,+1.32,1284563,37229,45188,+7959,--17080,237448,288711,+51263,--116378,KRX
20240219,+151900,2,+10600,+7.50,821327,10994,36033,+25039,+21914,73917,241558,+167641,+145949,KRX
20240216,-141300,5,-3600,-2.48,400760,13035,16160,+3125,+3846,91040,112732,+21692,+26606,KRX
20240215,-144900,5,-1400,-0.96,402279,15869,15148,--721,--27225,108817,103903,--4914,--188967,KRX
20240214,+146300,2,+10400,+7.65,1341992,24213,50717,+26504,+25590,167812,351865,+184053,+177500,KRX
20240213,+135900,2,+1100,+0.82,272854,7728,8642,+914,--6935,56686,63239,+6553,--51133,KRX
20240208,+134800,2,+1800,+1.35,415852,10533,18382,+7849,+7690,77424,135110,+57686,+56620,KRX
20240207,+133000,2,+1000,+0.76,278803,7637,7796,+159,+1387,57314,58380,+1066,+10839,KRX
20240206,+132000,2,+1500,+1.15,346914,12534,11306,--1228,+4621,96480,86707,--9773,+34608,KRX
20240205,-130500,5,-1700,-1.29,249674,11169,5320,--5849,--6106,84934,40553,--44381,--46332,KRX
20240202,-132200,5,-400,-0.30,331300,9882,10139,+257,+13127,74476,76427,+1951,+97981,KRX
20240201,-132600,5,-5500,-3.98,444246,22412,9542,--12870,--16250,166712,70682,--96030,--120708,KRX
20240131,+138100,2,+6200,+4.70,498657,18182,21562,+3380,--6689,132961,157639,+24678,--51088,KRX
20240130,-131900,5,-3600,-2.66,425534,10887,20956,+10069,+14387,81785,157551,+75766,+107189,KRX
20240129,-135500,5,-5100,-3.63,481993,21188,16870,--4318,--4926,152599,121176,--31423,--35678,KRX
20240126,+140600,2,+100,+0.07,275364,10647,11255,+608,+3354,75072,79327,+4255,+23584,KRX
20240125,-140500,5,-1200,-0.85,359170,15823,13077,--2746,--4705,111279,91950,--19329,--33084,KRX
20240124,-141700,5,-1900,-1.32,287621,9730,11689,+1959,+15744,68024,81779,+13755,+108214,KRX
20240123,-143600,5,-4500,-3.04,451193,24200,10415,--13785,--13165,165993,71534,--94459,--89755,KRX
20240122,+148100,2,+3500,+2.42,541566,25241,24621,--620,+3549,173564,168860,--4704,+25142,KRX
20240119,+144600,2,+3200,+2.26,651410,26584,22415,--4169,--888,185680,155834,--29846,--6688,KRX
20240118,+141400,2,+6400,+4.74,692621,21590,18309,--3281,+1005,153713,130555,--23158,+8462,KRX
20240117,-135000,5,-3700,-2.67,396247,16652,12366,--4286,--4284,122930,91310,--31620,--31744,KRX
20240116,-138700,5,-2100,-1.49,274570,8565,8563,--2,+9264,61463,61587,+124,+65708,KRX
20240115,-140800,5,-500,-0.35,480094,20336,11070,--9266,+7749,143444,77860,--65584,+52431,KRX
20240112,-141300,5,-700,-0.49,1001584,37744,20729,--17015,--20974,260944,142929,--118015,--145851,KRX
20240111,+142000,2,+5700,+4.18,1217137,31800,35759,+3959,--22887,225385,253221,+27836,--169511,KRX
20240110,+136300,2,+7100,+5.50,1096572,15374,42220,+26846,+29443,113629,310976,+197347,+217399,KRX
20240109,+129200,2,+200,+0.16,249673,8634,6037,--2597,+54,66599,46547,--20052,+246,KRX
20240108,-129000,5,-2100,-1.60,273376,10462,7811,--2651,+9629,80420,60122,--20298,+73598,KRX
20240105,-131100,5,-1200,-0.91,1124082,36034,23754,--12280,--10449,268271,174375,--93896,--80032,KRX
20240104,-132300,5,-1000,-0.75,420870,13327,11496,--1831,--5241,100367,86503,--13864,--39332,KRX
20240103,+133300,2,+3600,+2.78,563979,15016,18426,+3410,+1586,114088,139556,+25468,+11201,KRX
20240102,+129700,2,+5200,+4.18,346263,9773,11597,+1824,+747,76716,90983,+14267,+5642,KRX
20231228,124500,3,0,0.00,185469,6436,7513,+1077,+189,51829,60454,+8625,+1524,KRX
20231227,+124500,2,+1600,+1.30,170052,4661,5549,+888,+5396,37678,44779,+7101,+43002,KRX
20231226,-122900,5,-4700,-3.68,262388,9036,4528,--4508,--8430,72267,36366,--35901,--66786,KRX
20231222,+127600,2,+2200,+1.75,312122,5817,9739,+3922,+8797,45583,76468,+30885,+69566,KRX
20231221,-125400,5,-1700,-1.34,177735,8942,4067,--4875,--10772,71001,32320,--38681,--85274,KRX
20231220,+127100,2,+1200,+0.95,278766,6445,12342,+5897,+3082,50890,97483,+46593,+24166,KRX
20231219,+125900,2,+200,+0.16,177118,3366,6181,+2815,+3981,26881,49308,+22427,+31641,KRX
20231218,-125700,5,-200,-0.16,242511,7237,6071,--1166,--4742,57428,48214,--9214,--37585,KRX
20231215,+125900,2,+800,+0.64,364547,17938,21514,+3576,+4203,142975,171346,+28371,+33570,KRX
20231214,+125100,2,+100,+0.08,473956,22815,22188,--627,--997,181358,176159,--5199,--8551,KRX
20231213,-125000,5,-3700,-2.87,420486,11213,11583,+370,--16247,88349,91701,+3352,--127752,KRX
20231212,128700,3,0,0.00,680237,12347,28964,+16617,+19624,96942,228046,+131104,+154115,KRX
20231211,-128700,5,-2600,-1.98,1108388,29769,26762,--3007,--1732,226122,203111,--23011,--12385,KRX
20231208,-131300,5,-2100,-1.57,859020,20795,19520,--1275,--1037,159358,148732,--10626,--9328,KRX
20231207,-133400,5,-2500,-1.84,585107,12067,11829,--238,+8179,89217,87919,--1298,+60402,KRX
20231206,+135900,2,+800,+0.59,693600,29168,20751,--8417,--11263,216206,154506,--61700,--82844,KRX
20231205,-135100,5,-3200,-2.31,606797,14337,17183,+2846,+8965,105253,126397,+21144,+66630,KRX
20231204,+138300,2,+2300,+1.69,1153077,33315,27196,--6119,--24697,241895,196409,--45486,--183054,KRX
20231201,+136000,2,+10100,+8.02,1862447,29288,47866,+18578,+16357,217565,355133,+137568,+120232,KRX
20231130,+125900,2,+2800,+2.27,939619,37439,39660,+2221,+12187,297537,314873,+17336,+98511,KRX
20231129,+123100,2,+3600,+3.01,896492,29380,19414,--9966,--13985,238551,157376,--81175,--114848,KRX
20231128,+119500,2,+1100,+0.93,262562,5900,9919,+4019,+2317,49662,83335,+33673,+19387,KRX
20231127,-118400,5,-1700,-1.42,191882,5914,7616,+1702,+1696,49528,63814,+14286,+14263,KRX
20231124,-120100,5,-1800,-1.48,156504,4554,4560,+6,+508,37736,37759,+23,+4135,KRX
20231123,+121900,2,+1000,+0.83,224175,5355,4853,--502,--3332,43991,39879,--4112,--27491,KRX
20231122,+120900,2,+900,+0.75,232575,6116,8946,+2830,+3089,50653,74032,+23379,+25590,KRX
20231121,-120000,5,-1300,-1.07,235065,10256,9997,--259,+1535,85092,82881,--2211,+12620,KRX
20231120,121300,3,0,0.00,238296,9248,7454,--1794,--2950,76371,61540,--14831,--24326,KRX
20231117,+121300,2,+800,+0.66,435902,14613,15769,+1156,+7900,121877,131372,+9495,+64521,KRX
20231116,-120500,5,-8000,-6.23,772786,25232,18488,--6744,--7802,207453,152427,--55026,--63249,KRX
20231115,+128500,2,+700,+0.55,366776,13599,14657,+1058,--116,106582,114805,+8223,--1028,KRX
20231114,+127800,2,+2700,+2.16,312832,8129,9303,+1174,+1595,63725,72976,+9251,+12575,KRX
20231113,+125100,2,+300,+0.24,301652,8788,8367,--421,--1634,70003,66679,--3324,--13082,KRX
20231110,+124800,2,+500,+0.40,287270,5905,7118,+1213,+804,47444,57202,+9758,+6382,KRX
20231109,+124300,2,+2500,+2.05,368946,11150,11559,+409,--979,89756,93132,+3376,--8326,KRX
20231108,-121800,5,-2100,-1.69,314999,8314,9702,+1388,--8179,68050,79752,+11702,--65961,KRX
20231107,+123900,2,+2200,+1.81,544413,12694,22261,+9567,--2631,102751,180414,+77663,--23588,KRX
20231106,+121700,2,+1700,+1.42,619342,8071,20269,+12198,+173,66967,168218,+101251,+645,KRX
20231103,+120000,2,+4600,+3.99,799189,19456,31481,+12025,+14927,162881,263487,+100606,+126200,KRX
20231102,+115400,2,+1900,+1.67,752981,21449,18547,--2902,--9743,187034,161440,--25594,--89344,KRX
20231101,+113500,2,+12500,+12.38,1442004,24234,31075,+6841,+22625,221084,284834,+63750,+219766,KRX
20231031,-101000,5,-700,-0.69,584002,27519,11735,--15784,--24662,272600,116584,--156016,--242476,KRX
20231030,+101700,2,+4100,+4.20,540342,9091,17969,+8878,+12974,89705,176165,+86460,+127953,KRX
20231027,-97600,5,-2000,-2.01,284050,11264,7168,--4096,+1003,114237,72744,--41493,+9430,KRX
20231026,-99600,5,-1400,-1.39,350641,12156,7057,--5099,--265,121457,70534,--50923,--3381,KRX
20231025,+101000,2,+1200,+1.20,531538,15433,10599,--4834,+174,150901,103359,--47542,+3101,KRX
20231024,-99800,5,-500,-0.50,400768,12920,7912,--5008,--12561,130328,79685,--50643,--130263,KRX
20231023,+100300,2,+6300,+6.70,683048,15081,22634,+7553,+4113,152971,232591,+79620,+43154,KRX
20231020,-94000,5,-3300,-3.39,413539,6891,10331,+3440,+2933,72394,108860,+36466,+31371,KRX
20231019,-97300,5,-2500,-2.51,335586,9142,9649,+507,+811,93338,98433,+5095,+8413,KRX
20231018,-99800,5,-500,-0.50,467497,16407,16103,--304,--1055,164028,160710,--3318,--10620,KRX
20231017,-100300,5,-1100,-1.08,357047,11647,12398,+751,+7804,115060,122362,+7302,+74485,KRX
20231016,-101400,5,-4600,-4.34,547502,19787,12734,--7053,--4982,188997,121814,--67183,--47260,KRX
20231013,+106000,2,+1000,+0.95,255910,8163,6092,--2071,--6384,77883,57960,--19923,--60609,KRX
20231012,+105000,2,+1400,+1.35,383827,7216,11529,+4313,--418,68517,109203,+40686,--4711,KRX
20231011,+103600,2,+2600,+2.57,452379,11872,16603,+4731,+6402,116888,162285,+45397,+62105,KRX
20231010,+101000,2,+2200,+2.23,1181778,32343,30672,--1671,--5108,311205,294497,--16708,--51499,KRX
20231006,+98800,2,+100,+0.10,253715,6406,9843,+3437,--1247,64745,99536,+34791,--12246,KRX
20231005,-98700,5,-3500,-3.42,421346,9112,13796,+4684,+2536,90251,137288,+47037,+25965,KRX
20231004,-102200,5,-2400,-2.29,349946,14579,16727,+2148,+1230,142702,163774,+21072,+12279,KRX
20230927,+104600,2,+400,+0.38,233709,7540,8458,+918,--2161,72316,81109,+8793,--20141,KRX
20230926,-104200,5,-200,-0.19,332996,9998,13077,+3079,--1559,95384,124318,+28934,--15055,KRX
20230925,-104400,5,-1400,-1.32,324266,7217,11855,+4638,+4778,68651,112640,+43989,+45595,KRX
20230922,-105800,5,-3400,-3.11,522200,15034,14894,--140,+2183,142402,140796,--1606,+19663,KRX
20230921,-109200,5,-200,-0.18,310490,10997,8674,--2323,--3360,100289,79020,--21269,--30766,KRX
20230920,+109400,2,+100,+0.09,186305,3926,4963,+1037,+2512,36078,45575,+9497,+23035,KRX
20230919,-109300,5,-1700,-1.53,340813,8068,6593,--1475,+1278,73914,60376,--13538,+11168,KRX
20230918,-111000,5,-500,-0.45,215766,6742,3989,--2753,--3536,60369,35663,--24706,--31549,KRX
20230915,+111500,2,+400,+0.36,440215,13514,14297,+783,+3625,120065,126908,+6843,+32306,KRX
20230914,-111100,5,-1100,-0.98,445124,18349,15507,--2842,+17027,164608,139145,--25463,+149853,KRX
20230913,-112200,5,-5100,-4.35,530951,27805,7936,--19869,--5902,245017,69701,--175316,--58093,KRX
20230912,-117300,5,-4500,-3.69,639087,31179,17212,--13967,--12733,261195,143972,--117223,--107478,KRX
20230911,+121800,2,+4500,+3.84,623546,17835,16601,--1234,--11210,147524,137779,--9745,--95320,KRX
20230908,+117300,2,+3300,+2.89,478888,11813,21789,+9976,+29132,101143,186718,+85575,+252941,KRX
20230907,-114000,5,-3600,-3.06,523763,30997,11841,--19156,--19637,271117,103751,--167366,--171603,KRX
20230906,+117600,2,+2900,+2.53,429557,14631,15112,+481,+3041,124826,129063,+4237,+26662,KRX
20230905,+114700,2,+200,+0.17,229191,8277,5717,--2560,+6110,72369,49944,--22425,+53079,KRX
20230904,-114500,5,-100,-0.09,232505,12439,3769,--8670,--6031,108168,32664,--75504,--52373,KRX
20230901,+114600,2,+400,+0.35,377494,13783,11144,--2639,+429,119123,95992,--23131,+3690,KRX
20230831,-114200,5,-1000,-0.87,459054,27253,24185,--3068,+1901,238607,211786,--26821,+16702,KRX
20230830,+115200,2,+1900,+1.68,346897,14015,9046,--4969,+1893,122519,78996,--43523,+17484,KRX
20230829,+113300,2,+200,+0.18,284842,12945,6083,--6862,--8238,114653,53646,--61007,--73273,KRX
20230828,+113100,2,+3100,+2.82,264396,7279,8655,+1376,+8346,64610,76876,+12266,+75392,KRX
20230825,-110000,5,-700,-0.63,266719,13326,6356,--6970,+8965,120712,57586,--63126,+81254,KRX
20230824,-110700,5,-1600,-1.42,497587,25730,9795,--15935,--14382,232782,88402,--144380,--130698,KRX
20230823,+112300,2,+3400,+3.12,436220,14551,12998,--1553,--4807,129588,115906,--13682,--43848,KRX
20230822,108900,3,0,0.00,445920,15019,18273,+3254,+3210,139292,169458,+30166,+29720,KRX
20230821,+108900,2,+1300,+1.21,301039,10767,10811,+44,--8575,98507,98953,+446,--79162,KRX
20230818,-107600,5,-500,-0.46,461030,10308,18927,+8619,--1153,94908,174516,+79608,--11134,KRX
20230817,-108100,5,-1100,-1.01,578630,20808,30580,+9772,+3592,193221,283963,+90742,+34951,KRX
20230816,-109200,5,-4500,-3.96,515317,15024,21204,+6180,+1587,135616,191407,+55791,+15271,KRX
20230814,-113700,5,-2800,-2.40,338418,5918,10511,+4593,+2618,51770,92290,+40520,+23600,KRX
20230811,+116500,2,+1800,+1.57,313274,10030,12005,+1975,+4915,86661,103581,+16920,+42264,KRX
20230810,-114700,5,-3300,-2.80,447913,15246,12306,--2940,--3438,132006,106662,--25344,--29336,KRX
20230809,-118000,5,-700,-0.59,344569,10565,11063,+498,+1042,90026,94018,+3992,+8813,KRX
20230808,-118700,5,-2200,-1.82,471125,16706,16162,--544,+4904,140314,135493,--4821,+40866,KRX
20230807,+120900,2,+1300,+1.09,467830,18098,12650,--5448,--1840,149741,104054,--45687,--15468,KRX
20230804,+119600,2,+600,+0.50,315520,13142,9534,--3608,+564,109509,79290,--30219,+4780,KRX
20230803,-119000,5,-1800,-1.49,477827,20528,16356,--4172,+7430,170788,135789,--34999,+60629,KRX
20230802,-120800,5,-700,-0.58,744987,27988,16386,--11602,--617,229432,133804,--95628,--5080,KRX
20230801,-121500,5,-700,-0.57,553975,24341,13356,--10985,--27339,200506,109958,--90548,--223116,KRX
20230731,+122200,2,+6700,+5.80,1231166,31869,48223,+16354,+59926,260630,393198,+132568,+502101,KRX
20230728,-115500,5,-8800,-7.08,1498624,62896,19324,--43572,+3239,533036,163503,--369533,--13790,KRX
20230727,-124300,5,-2500,-1.97,3658359,119685,72874,--46811,--39845,890566,534823,--355743,--300824,KRX
20230726,-126800,5,-6200,-4.66,880092,47279,40313,--6966,--12388,367130,312211,--54919,--95974,KRX
20230725,+133000,2,+3900,+3.02,650885,23063,28485,+5422,+7595,174825,215880,+41055,+57894,KRX
20230724,+129100,2,+800,+0.62,569033,25592,23419,--2173,--4363,197796,180957,--16839,--33772,KRX
20230721,+128300,2,+400,+0.31,284793,12474,14664,+2190,+193,97727,114660,+16933,+1470,KRX
20230720,127900,3,0,0.00,317237,11192,13189,+1997,+4002,87631,103094,+15463,+31121,KRX
20230719,-127900,5,-400,-0.31,384691,14576,12571,--2005,+803,113582,97924,--15658,+6197,KRX
20230718,-128300,5,-2700,-2.06,487784,12359,9551,--2808,--826,96030,74175,--21855,--6753,KRX
20230717,-131000,5,-4800,-3.53,577782,20194,18212,--1982,+13643,152906,137804,--15102,+98750,KRX
20230714,-135800,5,-5400,-3.82,618269,24281,8656,--15625,--25331,176817,62965,--113852,--183180,KRX
20230713,+141200,2,+4000,+2.92,581764,13722,23428,+9706,+22650,97819,167147,+69328,+162833,KRX
20230712,-137200,5,-4000,-2.83,566812,25903,12959,--12944,--16556,187356,93851,--93505,--120624,KRX
20230711,+141200,2,+9400,+7.13,1103131,33314,36926,+3612,+11490,240202,267321,+27119,+86453,KRX
20230710,+131800,2,+300,+0.23,555283,24470,16592,--7878,--2617,184524,125190,--59334,--18918,KRX
20230707,-131500,5,-100,-0.08,356338,16602,11341,--5261,--2811,127105,86689,--40416,--21964,KRX
20230706,-131600,5,-1100,-0.83,399689,18544,16094,--2450,--548,140628,122176,--18452,--3891,KRX
20230705,+132700,2,+1000,+0.76,434861,13932,12030,--1902,+8809,105360,90799,--14561,+67390,KRX
20230704,+131700,2,+1600,+1.23,519498,19481,8770,--10711,--2396,149224,67273,--81951,--17089,KRX
20230703,+130100,2,+2700,+2.12,547670,21683,13368,--8315,--13826,168810,103948,--64862,--108173,KRX
20230630,+127400,2,+2200,+1.76,617712,15560,21071,+5511,+11609,122407,165718,+43311,+91264,KRX
20230629,-125200,5,-2500,-1.96,694754,29924,23826,--6098,+951,237739,189786,--47953,+6389,KRX
20230628,-127700,5,-2800,-2.15,502922,16348,9299,--7049,--3022,126433,72091,--54342,--23730,KRX
20230627,-130500,5,-1100,-0.84,453981,14742,10715,--4027,--5867,112604,81992,--30612,--44688,KRX
20230626,-131600,5,-2800,-2.08,691892,19554,21394,+1840,--2141,149479,163555,+14076,--15879,KRX
20230623,-134400,5,-3300,-2.40,657133,20634,24615,+3981,--18959,153113,183068,+29955,--135452,KRX
20230622,-137700,5,-1100,-0.79,952635,24955,47895,+22940,+18052,179539,344946,+165407,+130896,KRX
20230621,-138800,5,-3700,-2.60,1579729,66059,70947,+4888,--7002,468572,503083,+34511,--50509,KRX
20230620,+142500,2,+5200,+3.79,2163105,53529,65419,+11890,--44377,382669,467689,+85020,--346166,KRX
20230619,+137300,2,+20500,+17.55,3449870,57182,113449,+56267,+41053,432489,863675,+431186,+299745,KRX
20230616,+116800,2,+5400,+4.85,1152941,25252,40466,+15214,+6901,218855,350296,+131441,+58493,KRX
20230615,+111400,2,+700,+0.63,723700,21243,29556,+8313,+3862,191233,264181,+72948,+32741,KRX
20230614,+110700,2,+700,+0.64,557807,23319,27770,+4451,--19663,210985,251192,+40207,--178622,KRX
20230613,+110000,2,+1800,+1.66,864825,22923,47037,+24114,+24676,212553,431382,+218829,+224950,KRX
20230612,+108200,2,+1100,+1.03,637582,24342,23780,--562,+2889,224134,218013,--6121,+25982,KRX
20230609,-107100,5,-1100,-1.02,421216,22005,18554,--3451,--2516,204738,172635,--32103,--23246,KRX
20230608,+108200,2,+400,+0.37,461623,18945,18010,--935,+6399,175050,166193,--8857,+58905,KRX
20230607,-107800,5,-1400,-1.28,515477,25745,18411,--7334,+227,236923,169161,--67762,+1389,KRX
20230605,-109200,5,-1600,-1.44,373732,13367,5806,--7561,--28034,121957,52806,--69151,--255120,KRX
20230602,+110800,2,+2800,+2.59,648474,14192,34665,+20473,+8215,129466,315435,+185969,+73891,KRX
20230601,+108000,2,+1900,+1.79,738235,24758,37016,+12258,+4015,229169,341247,+112078,+35561,KRX
20230531,+106100,2,+500,+0.47,3792605,293563,301806,+8243,+4443,2767166,2843683,+76517,+41131,KRX
20230530,-105600,5,-900,-0.85,610126,19392,23192,+3800,+7912,182279,217665,+35386,+73429,KRX
20230526,-106500,5,-1500,-1.39,656878,22417,18305,--4112,+3772,208141,170098,--38043,+34558,KRX
20230525,-108000,5,-2700,-2.44,494665,18621,10737,--7884,--11053,171298,98697,--72601,--100867,KRX
20230524,-110700,5,-200,-0.18,534248,13492,16661,+3169,+1124,122345,150611,+28266,+9803,KRX
20230523,-110900,5,-100,-0.09,624682,14848,16893,+2045,--18060,134734,153197,+18463,--162991,KRX
20230522,+111000,2,+4100,+3.84,997093,14150,34255,+20105,+6101,128493,309947,+181454,+49354,KRX
20230519,+106900,2,+3000,+2.89,648131,10214,24218,+14004,+15140,97095,229195,+132100,+143207,KRX
20230518,-103900,5,-200,-0.19,532144,17392,16256,--1136,--11466,166467,155360,--11107,--110992,KRX
20230517,+104100,2,+600,+0.58,514464,15309,25639,+10330,+3358,148185,248070,+99885,+32730,KRX
20230516,-103500,5,-100,-0.10,345873,10597,17569,+6972,+5348,102584,169739,+67155,+51542,KRX
20230515,+103600,2,+600,+0.58,386000,13499,15123,+1624,+24140,131003,146616,+15613,+232930,KRX
20230512,-103000,5,-3500,-3.29,895265,44273,21757,--22516,--37647,427208,209891,--217317,--360185,KRX
20230511,+106500,2,+3400,+3.30,826180,24573,39704,+15131,+9938,232170,375038,+142868,+92712,KRX
20230510,+103100,2,+1100,+1.08,431547,10967,16160,+5193,+12071,106141,156297,+50156,+116186,KRX
20230509,-102000,5,-3000,-2.86,585009,19610,12732,--6878,--6138,190387,124357,--66030,--58974,KRX
20230508,-105000,5,-100,-0.10,441171,12337,11597,--740,+432,116849,109793,--7056,+4226,KRX
20230504,-105100,5,-1800,-1.68,578503,14324,13152,--1172,--4688,136240,124958,--11282,--42968,KRX
20230503,-106900,5,-700,-0.65,734506,17999,21515,+3516,--44698,165727,197413,+31686,--417955,KRX
20230502,+107600,2,+4900,+4.77,1168016,19558,67772,+48214,+101637,183622,633263,+449641,+964242,KRX
20230428,-102700,5,-8300,-7.48,1931998,92357,38934,--53423,--51314,885758,371157,--514601,--490621,KRX
20230427,+111000,2,+3100,+2.87,1995126,53691,51582,--2109,+24393,498600,474620,--23980,+227135,KRX
20230426,-107900,5,-2600,-2.35,1505333,60889,34387,--26502,--10159,573792,322677,--251115,--99679,KRX
20230425,+110500,2,+4200,+3.95,1780880,59455,43112,--16343,--17218,542914,391478,--151436,--157428,KRX
20230424,-106300,5,-200,-0.19,1725336,42253,43128,+875,+2207,385311,391303,+5992,+18475,KRX
20230421,-106500,5,-1200,-1.11,626358,17258,15926,--1332,+11009,162728,150245,--12483,+100115,KRX
20230420,-107700,5,-600,-0.55,1056030,35437,23096,--12341,--17031,323553,210955,--112598,--155850,KRX
20230419,-108300,5,-600,-0.55,546569,17288,21978,+4690,--2863,159666,202918,+43252,--25768,KRX
20230418,-108900,5,-1400,-1.27,569886,13776,21329,+7553,--9617,125954,194974,+69020,--86670,KRX
20230417,+110300,2,+2500,+2.32,655707,12089,29259,+17170,+7128,109725,265415,+155690,+61958,KRX
20230414,-107800,5,-4000,-3.58,1054600,20291,30333,+10042,--3183,186987,280719,+93732,--24913,KRX
20230413,-111800,5,-800,-0.71,724967,18839,32064,+13225,+9933,168970,287615,+118645,+90682,KRX
20230412,+112600,2,+100,+0.09,780334,20922,24214,+3292,+20663,184294,212257,+27963,+180527,KRX
20230411,-112500,5,-4800,-4.09,1247293,45257,27886,--17371,--30809,398657,246093,--152564,--270709,KRX
20230410,+117300,2,+6400,+5.77,925624,12248,25686,+13438,+9516,107217,225362,+118145,+82653,KRX
20230407,-110900,5,-2300,-2.03,630559,12903,16825,+3922,--5096,116605,152097,+35492,--44637,KRX
20230406,+113200,2,+1200,+1.07,633948,12398,21416,+9018,--5456,110067,190196,+80129,--48892,KRX
20230405,+112000,2,+4500,+4.19,1327487,20520,34994,+14474,+3372,183748,312769,+129021,+25654,KRX
20230404,+107500,2,+4900,+4.78,1031591,14790,25892,+11102,--3361,138111,241478,+103367,--38270,KRX
20230403,+102600,2,+3400,+3.43,647755,8571,23034,+14463,+1104,84068,225705,+141637,+6364,KRX
20230331,+99200,2,+2600,+2.69,743242,13294,26653,+13359,+411,134488,269761,+135273,+964,KRX
20230330,+96600,2,+1800,+1.90,622123,13167,26115,+12948,+14898,136226,270535,+134309,+154881,KRX
20230329,-94800,5,-500,-0.52,385700,11715,9765,--1950,--24630,123844,103272,--20572,--258951,KRX
20230328,+95300,2,+2400,+2.58,694025,10447,33127,+22680,+7561,109801,348180,+238379,+75074,KRX
20230327,+92900,2,+1200,+1.31,590882,13252,28371,+15119,+10001,143462,306767,+163305,+107834,KRX
20230324,-91700,5,-400,-0.43,630188,17062,22180,+5118,--23802,185990,241461,+55471,--257259,KRX
20230323,+92100,2,+1200,+1.32,875835,15780,44700,+28920,+38168,170784,483514,+312730,+408745,KRX
20230322,-90900,5,-6500,-6.67,2152452,52436,43188,--9248,--25746,569084,473069,--96015,--265271,KRX
20230321,+97400,2,+1700,+1.78,493406,8620,25118,+16498,+4133,88572,257828,+169256,+41308,KRX
20230320,+95700,2,+600,+0.63,540229,7592,19957,+12365,+6625,79108,207056,+127948,+69551,KRX
20230317,-95100,5,-700,-0.73,828993,22071,27811,+5740,+18037,230473,288870,+58397,+186078,KRX
20230316,-95800,5,-3500,-3.52,795177,25495,13198,--12297,--25411,265011,137330,--127681,--261237,KRX
20230315,+99300,2,+4300,+4.53,741996,12949,26063,+13114,+9325,131129,264685,+133556,+93932,KRX
20230314,-95000,5,-600,-0.63,602698,17406,21195,+3789,--6398,182255,221879,+39624,--68518,KRX
20230313,95600,3,0,0.00,609113,10476,20663,+10187,+8476,111232,219374,+108142,+90386,KRX
20230310,-95600,5,-1600,-1.65,443432,10252,11963,+1711,+630,106551,124307,+17756,+6651,KRX
20230309,+97200,2,+900,+0.93,478336,15329,16410,+1081,+1025,158258,169363,+11105,+10531,KRX
20230308,-96300,5,-1000,-1.03,475960,11737,11793,+56,--5081,121401,121975,+574,--52351,KRX
20230307,+97300,2,+900,+0.93,484358,11931,17068,+5137,+5430,122915,175840,+52925,+56079,KRX
20230306,+96400,2,+2700,+2.88,727745,19106,18813,--293,--6180,198222,195068,--3154,--66126,KRX
20230303,+93700,2,+2800,+3.08,736845,19945,25832,+5887,--5730,214563,277535,+62972,--64860,KRX
20230302,+90900,2,+900,+1.00,581801,16267,27884,+11617,+3982,179874,307706,+127832,+43770,KRX
20230228,+90000,2,+1000,+1.12,693508,17934,25569,+7635,+32689,198907,282969,+84062,+366752,KRX
20230227,-89000,5,-3200,-3.47,1224091,49507,24453,--25054,--38115,558285,275595,--282690,--425879,KRX
20230224,+92200,2,+3200,+3.60,959293,16159,29220,+13061,+1659,177239,320428,+143189,+13903,KRX
20230223,+89000,2,+2400,+2.77,503174,6208,17610,+11402,+13851,70533,199819,+129286,+156791,KRX
20230222,-86600,5,-1200,-1.37,1063145,24937,22488,--2449,--8288,281591,254086,--27505,--93832,KRX
20230221,+87800,2,+400,+0.46,458648,6382,12221,+5839,+11722,72898,139225,+66327,+133098,KRX
20230220,-87400,5,-800,-0.91,540262,14897,9014,--5883,--12719,169631,102860,--66771,--144643,KRX
20230217,+88200,2,+500,+0.57,463264,6665,13501,+6836,+1956,75977,153849,+77872,+22072,KRX
20230216,+87700,2,+600,+0.69,581021,10396,15276,+4880,--3943,118777,174577,+55800,--45115,KRX
20230215,-87100,5,-1900,-2.13,647806,9236,18059,+8823,--803,105231,206146,+100915,--7299,KRX
20230214,+89000,2,+1500,+1.71,775412,13189,22815,+9626,+6744,148508,256722,+108214,+75024,KRX
20230213,-87500,5,-400,-0.46,687968,14454,17336,+2882,--8765,164399,197589,+33190,--101770,KRX
20230210,+87900,2,+3300,+3.90,1247021,13193,24840,+11647,+7452,152212,287172,+134960,+85781,KRX
20230209,+84600,2,+700,+0.83,677743,10886,15081,+4195,+709,128469,177648,+49179,+7697,KRX
20230208,+83900,2,+500,+0.60,444883,6402,9888,+3486,+8545,76371,117853,+41482,+102105,KRX
20230207,83400,3,0,0.00,776864,21716,16657,--5059,--17184,259924,199301,--60623,--206868,KRX
20230206,+83400,2,+2000,+2.46,1067542,13184,25309,+12125,+2863,159553,305798,+146245,+32088,KRX
20230203,+81400,2,+900,+1.12,698632,9215,18477,+9262,+6960,113850,228007,+114157,+85667,KRX
20230202,-80500,5,-300,-0.37,633973,8495,10797,+2302,+1256,105524,134014,+28490,+15736,KRX
20230201,+80800,2,+400,+0.50,770969,14803,15849,+1046,--12950,183494,196248,+12754,--163593,KRX
20230131,+80400,2,+3300,+4.28,978439,12163,26159,+13996,+12827,152888,329235,+176347,+162606,KRX
20230130,-77100,5,-400,-0.52,1138773,18888,20057,+1169,--4594,242541,256282,+13741,--60687,KRX
20230127,-77500,5,-100,-0.13,628559,9017,14780,+5763,+126,116642,191070,+74428,--187,KRX
20230126,+77600,2,+3000,+4.02,904656,11575,17212,+5637,+9986,151723,226338,+74615,+132274,KRX
20230125,-74600,5,-1500,-1.97,849026,18578,14229,--4349,+116,247197,189538,--57659,+1389,KRX
20230120,+76100,2,+600,+0.79,723686,17754,13289,--4465,--8257,234907,175859,--59048,--109628,KRX
20230119,-75500,5,-1700,-2.20,765210,11618,15410,+3792,--2947,152360,202940,+50580,--35853,KRX
20230118,-77200,5,-3700,-4.57,1094588,13907,20646,+6739,--2107,177629,264062,+86433,--21539,KRX
20230117,+80900,2,+100,+0.12,1104856,14392,23238,+8846,--9308,176890,284862,+107972,--119032,KRX
20230116,+80800,2,+600,+0.75,1240773,12135,30289,+18154,+402,151227,378231,+227004,+4548,KRX
20230113,+80200,2,+1500,+1.91,1261374,19770,37522,+17752,+9144,248635,471091,+222456,+108962,KRX
20230112,+78700,2,+5100,+6.93,1783257,26937,35545,+8608,--13498,352048,465542,+113494,--193713,KRX
20230111,+73600,2,+5600,+8.24,1645058,17855,39961,+22106,+30277,250249,557456,+307207,+427100,KRX
20230110,68000,3,0,0.00,509002,14140,5969,--8171,--7398,207214,87321,--119893,--108349,KRX
20230109,+68000,2,+1000,+1.49,525011,9098,8325,--773,--2324,133803,122259,--11544,--34601,KRX
20230106,+67000,2,+200,+0.30,528494,7807,9358,+1551,+25597,116338,139395,+23057,+374818,KRX
20230105,-66800,5,-5000,-6.96,1516452,33089,9043,--24046,--19478,485199,133438,--351761,--286916,KRX
20230104,+71800,2,+400,+0.56,555372,10528,5960,--4568,+3719,148690,83845,--64845,+51466,KRX
20230103,-71400,5,-2200,-2.99,851220,18515,10228,--8287,--709,259361,143050,--116311,--13934,KRX
20230102,73600,3,0,0.00,691041,14006,6428,--7578,--7484,188956,86579,--102377,--101007,KRX
20221229,+73600,2,+700,+0.96,591938,12836,12742,--94,--1352,175465,174095,--1370,--17891,KRX
20221228,-72900,5,-1900,-2.54,705219,15082,16340,+1258,--15515,206037,222558,+16521,--210971,KRX
20221227,+74800,2,+2900,+4.03,945462,8250,25023,+16773,+18697,112256,339748,+227492,+254448,KRX
20221226,+71900,2,+1700,+2.42,489408,8183,6259,--1924,--6815,115203,88247,--26956,--95785,KRX
20221223,-70200,5,-1500,-2.09,539145,8534,13425,+4891,+3345,119989,188818,+68829,+47337,KRX
20221222,-71700,5,-600,-0.83,483549,8565,10111,+1546,+180,119765,141257,+21492,+2672,KRX
20221221,72300,3,0,0.00,388354,6193,7559,+1366,--6644,85758,104578,+18820,--91090,KRX
20221220,+72300,2,+600,+0.84,684724,9104,17114,+8010,--2408,125256,235166,+109910,--35815,KRX
20221219,+71700,2,+1200,+1.70,436310,5021,15439,+10418,+10332,70426,216151,+145725,+144473,KRX
20221216,-70500,5,-800,-1.12,497343,9808,9894,+86,--7194,138505,139757,+1252,--100321,KRX
20221215,+71300,2,+1300,+1.86,632162,4770,12050,+7280,+5266,66651,168224,+101573,+72774,KRX
20221214,+70000,2,+400,+0.57,294877,4657,6671,+2014,+178,67013,95812,+28799,+2497,KRX
20221213,+69600,2,+1500,+2.20,501199,8844,10680,+1836,+1002,127519,153821,+26302,+14169,KRX
20221212,+68100,2,+1800,+2.71,559388,11550,12384,+834,--8673,171221,183354,+12133,--132360,KRX
20221209,-66300,5,-200,-0.30,534920,7997,17504,+9507,+1661,121017,265510,+144493,+26400,KRX
20221208,-66500,5,-600,-0.89,579570,7513,15359,+7846,+6656,113383,231476,+118093,+100559,KRX
20221207,-67100,5,-1000,-1.47,516079,8229,9419,+1190,--3579,122154,139688,+17534,--52436,KRX
20221206,-68100,5,-500,-0.73,540990,7698,12467,+4769,+19230,112734,182704,+69970,+278191,KRX
20221205,-68600,5,-3400,-4.72,1017644,20010,5549,--14461,--19611,288671,80450,--208221,--278144,KRX
20221202,-72000,5,-200,-0.28,797796,12361,17511,+5150,+8038,172156,242079,+69923,+110242,KRX
20221201,-72200,5,-400,-0.55,523488,9810,6922,--2888,+9353,135992,95673,--40319,+127814,KRX
20221130,-72600,5,-800,-1.09,708960,17842,5601,--12241,--23910,245062,76929,--168133,--327024,KRX
20221129,+73400,2,+1900,+2.66,1057825,10221,21890,+11669,+23021,139595,298486,+158891,+316456,KRX
20221128,71500,3,0,0.00,860117,19335,7983,--11352,--14366,267243,109678,--157565,--199442,KRX
20221125,-71500,5,-600,-0.83,421334,4300,7314,+3014,--2922,60007,101884,+41877,--40691,KRX
20221124,+72100,2,+1100,+1.55,530390,5359,11295,+5936,+12089,74983,157551,+82568,+168810,KRX
20221123,-71000,5,-1800,-2.47,814210,16592,10439,--6153,--10088,232504,146262,--86242,--140089,KRX
20221122,+72800,2,+700,+0.97,692379,9512,13447,+3935,+12738,131245,185092,+53847,+177062,KRX
20221121,+72100,2,+700,+0.98,1191531,25073,16270,--8803,--7364,347740,224525,--123215,--104598,KRX
20221118,+71400,2,+3100,+4.54,1419034,22057,20618,--1439,+3129,312068,293451,--18617,+47827,KRX
20221117,-68300,5,-1700,-2.43,810312,14849,10281,--4568,--137,216012,149568,--66444,--4222,KRX
20221116,-70000,5,-700,-0.99,1045645,16438,12007,--4431,--7551,232058,169836,--62222,--106366,KRX
20221115,-70700,5,-200,-0.28,716538,10532,13652,+3120,--7955,149494,193638,+44144,--111827,KRX
20221114,-70900,5,-2200,-3.01,913079,11637,22712,+11075,+17214,163786,319757,+155971,+240426,KRX
20221111,73100,3,0,0.00,1071094,20991,14852,--6139,--8149,286799,202344,--84455,--111712,KRX
20221110,73100,3,0,0.00,719026,14746,16756,+2010,+2699,201562,228819,+27257,+36451,KRX
20221109,-73100,5,-700,-0.95,809273,10960,10271,--689,--5640,148963,139769,--9194,--77218,KRX
20221108,+73800,2,+2800,+3.94,1198628,15730,20681,+4951,+16791,217245,285269,+68024,+216860,KRX
20221107,-71000,5,-4000,-5.33,2786174,37575,25735,--11840,--11278,500614,351778,--148836,--142233,KRX
20221104,+75000,2,+3100,+4.31,1432538,19917,19355,--562,--5392,268210,261607,--6603,--74531,KRX
20221103,+71900,2,+1300,+1.84,1075909,18992,23822,+4830,--1568,266194,334122,+67928,--22774,KRX
20221102,+70600,2,+2400,+3.52,1808495,29366,35764,+6398,+17500,416005,506707,+90702,+254622,KRX
20221101,+68200,2,+1900,+2.87,1045708,20030,8928,--11102,+1369,296570,132650,--163920,+28234,KRX
20221031,+66300,2,+2500,+3.92,1816945,29773,17302,--12471,--3105,459685,267531,--192154,--43962,KRX
20221028,+63800,2,+1100,+1.75,1156731,18473,9107,--9366,--7310,291098,142906,--148192,--114640,KRX
20221027,+62700,2,+1000,+1.62,896108,13110,11054,--2056,+1764,211213,177661,--33552,+28751,KRX
20221026,+61700,2,+700,+1.15,876927,15248,11428,--3820,+5115,246737,184434,--62303,+83251,KRX
20221025,-61000,5,-500,-0.81,893093,17956,9021,--8935,--13626,292058,146504,--145554,--222236,KRX
20221024,+61500,2,+2500,+4.24,1464771,20351,25042,+4691,+5013,328823,405505,+76682,+81726,KRX
20221021,-59000,5,-1100,-1.83,711201,9909,9587,--322,+16376,166681,161637,--5044,+272723,KRX
20221020,+60100,2,+700,+1.18,1690101,38181,21483,--16698,+580,632826,355059,--277767,+10884,KRX
20221019,59400,3,0,0.00,1652256,37041,19763,--17278,+6333,618686,330035,--288651,+111403,KRX
20221018,+59400,2,+2200,+3.85,1544420,39994,16383,--23611,--5324,675765,275711,--400054,--76642,KRX
20221017,+57200,2,+500,+0.88,1719886,36046,17759,--18287,--18295,639466,316054,--323412,--325969,KRX
20221014,+56700,2,+4100,+7.79,1761648,28499,28507,+8,--16723,509748,512305,+2557,--311949,KRX
20221013,-52600,5,-4900,-8.52,1942250,21297,38028,+16731,+7503,392479,706985,+314506,+151952,KRX
20221012,-57500,5,-200,-0.35,1322981,21346,30574,+9228,+9663,371694,534248,+162554,+168606,KRX
20221011,-57700,5,-1700,-2.86,1437076,25136,24701,--435,+18009,427892,421840,--6052,+292935,KRX
20221007,-59400,5,-2300,-3.73,2281500,41345,22901,--18444,--13400,687011,388024,--298987,--216606,KRX
20221006,-61700,5,-300,-0.48,823700,13568,8524,--5044,--9939,220789,138408,--82381,--163531,KRX
20221005,-62000,5,-800,-1.27,1359336,18649,23544,+4895,+8640,297392,378542,+81150,+139740,KRX
20221004,+62800,2,+1300,+2.11,2276954,42407,38662,--3745,--10811,674199,615609,--58590,--174062,KRX
20220930,-61500,5,-300,-0.49,1612367,30723,37789,+7066,+3359,499664,615136,+115472,+56583,KRX
20220929,-61800,5,-800,-1.28,1594055,24817,28524,+3707,+2601,388174,447063,+58889,+33464,KRX
20220928,-62600,5,-2400,-3.69,2176600,39810,40916,+1106,--30016,613356,638781,+25425,--458292,KRX
20220927,-65000,5,-1100,-1.66,2682368,39043,70165,+31122,--33053,600653,1084370,+483717,--470284,KRX
20220926,-66100,5,-8000,-10.80,3885979,36467,100642,+64175,+70431,531645,1485646,+954001,+1036052,KRX
20220923,-74100,5,-2300,-3.01,1112540,20895,14639,--6256,--14130,276705,194654,--82051,--181520,KRX
20220922,+76400,2,+2600,+3.52,1994729,36628,44502,+7874,--8318,489543,589012,+99469,--121540,KRX
20220921,-73800,5,-800,-1.07,1212837,14228,30420,+16192,+7057,193710,414719,+221009,+99230,KRX
20220920,+74600,2,+800,+1.08,1116913,13630,22765,+9135,--8692,183040,304819,+121779,--120090,KRX
20220919,-73800,5,-600,-0.81,1421060,17815,35642,+17827,--854,238116,479985,+241869,--6579,KRX
20220916,-74400,5,-4300,-5.46,1978351,18146,36827,+18681,+11607,239448,487896,+248448,+161884,KRX
20220915,+78700,2,+200,+0.25,1778517,20626,27700,+7074,+14994,259229,345793,+86564,+187939,KRX
20220914,+78500,2,+900,+1.16,1771651,34550,26630,--7920,--18005,446530,345155,--101375,--235912,KRX
20220913,-77600,5,-4000,-4.90,3494121,29770,39855,+10085,+5039,384579,519116,+134537,+70566,KRX
20220908,-81600,5,-800,-0.97,1964275,31488,36534,+5046,+15047,386232,450203,+63971,+183024,KRX
20220907,-82400,5,-3000,-3.51,2114471,31952,21951,--10001,+10039,381848,262795,--119053,+117321,KRX
20220906,+85400,2,+1300,+1.55,1392242,30259,10219,--20040,--24822,356455,120081,--236374,--293867,KRX
20220905,+84100,2,+3500,+4.34,2064514,26249,31031,+4782,+296,315582,373075,+57493,+1943,KRX
20220902,+80600,2,+800,+1.00,1398395,20567,25053,+4486,+18263,256362,311912,+55550,+223024,KRX
20220901,-79800,5,-1600,-1.97,2187478,39729,25952,--13777,--14775,485127,317653,--167474,--179333,KRX
20220831,+81400,2,+4500,+5.85,2717530,38398,39396,+998,+10298,483099,494958,+11859,+129368,KRX
20220830,-76900,5,-2700,-3.39,1450691,24264,14964,--9300,+585,309417,191908,--117509,+7709,KRX
20220829,+79600,2,+1200,+1.53,2153833,45396,35511,--9885,--21337,574892,449674,--125218,--272806,KRX
20220826,+78400,2,+4100,+5.52,2356739,26054,37506,+11452,+32874,339737,487325,+147588,+436147,KRX
20220825,-74300,5,-1500,-1.98,1430236,32674,11252,--21422,--3016,440718,152159,--288559,--38940,KRX
20220824,+75800,2,+3400,+4.70,3025058,53351,34945,--18406,--16812,713512,463893,--249619,--225763,KRX
20220823,+72400,2,+2100,+2.99,2106988,30984,29390,--1594,+1601,426025,402169,--23856,+21289,KRX
20220822,-70300,5,-300,-0.42,861239,15116,11921,--3195,--2131,213380,168235,--45145,--30475,KRX
20220819,-70600,5,-800,-1.12,716173,11794,10730,--1064,--7115,164953,150283,--14670,--99540,KRX
20220818,+71400,2,+2200,+3.18,1434595,16971,23022,+6051,+208,239100,323970,+84870,--167,KRX
20220817,-69200,5,-1500,-2.12,1157545,17878,23721,+5843,+9652,257776,342813,+85037,+139440,KRX
20220816,+70700,2,+400,+0.57,1390747,19537,15728,--3809,+818,273738,219335,--54403,+11655,KRX
20220812,-70300,5,-400,-0.57,914963,19406,14779,--4627,--7954,274579,208521,--66058,--113921,KRX
20220811,70700,3,0,0.00,1127454,18167,21494,+3327,+6059,258152,306015,+47863,+86282,KRX
20220810,+70700,2,+700,+1.00,1449301,22782,20050,--2732,+11223,320566,282147,--38419,+155900,KRX
20220809,+70000,2,+400,+0.57,3047766,43716,29761,--13955,--2230,618239,423920,--194319,--15823,KRX
20220808,+69600,2,+5800,+9.09,4022027,43751,32026,--11725,--13184,652655,474159,--178496,--202842,KRX
20220805,+63800,2,+2000,+3.24,1887280,22146,23605,+1459,--6666,353038,377384,+24346,--107512,KRX
20220804,-61800,5,-1000,-1.59,1465209,16605,24730,+8125,+10883,265369,397227,+131858,+173829,KRX
20220803,-62800,5,-800,-1.26,1857296,34381,31623,--2758,--1498,541761,499790,--41971,--25746,KRX
20220802,-63600,5,-900,-1.40,4150358,51893,50633,--1260,--15619,787873,771648,--16225,--238315,KRX
20220801,+64500,2,+100,+0.16,2559350,31093,45452,+14359,--2996,481205,703295,+222090,--54732,KRX
20220729,+64400,2,+10700,+19.93,10621218,85260,102615,+17355,+13913,1376434,1653256,+276822,+213247,KRX
20220728,+53700,2,+1500,+2.87,973288,11234,14676,+3442,+3814,209745,273320,+63575,+70240,KRX
20220727,+52200,2,+700,+1.36,586458,6839,6467,--372,+834,131846,125181,--6665,+16385,KRX
20220726,-51500,5,-200,-0.39,633686,9239,8033,--1206,+3563,178143,155093,--23050,+70443,KRX
20220725,+51700,2,+1800,+3.61,1069319,14176,9407,--4769,--5897,277690,184197,--93493,--119374,KRX
20220722,+49900,2,+4250,+9.31,1310106,13589,14717,+1128,+1659,278854,304735,+25881,+37524,KRX
20220721,-45650,5,-150,-0.33,235261,3255,2724,--531,+1652,71027,59384,--11643,+36644,KRX
20220720,+45800,2,+50,+0.11,512724,7118,4935,--2183,+839,156497,108210,--48287,+18021,KRX
20220719,+45750,2,+1450,+3.27,700998,10291,7269,--3022,--1597,224394,158086,--66308,--34042,KRX
20220718,+44300,2,+1050,+2.43,321448,4088,2663,--1425,+3514,92571,60305,--32266,+81801,KRX
20220715,-43250,5,-50,-0.12,389913,8052,3113,--4939,--1291,186022,71955,--114067,--30427,KRX
20220714,+43300,2,+1650,+3.96,497899,7075,3427,--3648,--3186,163893,80253,--83640,--72789,KRX
20220713,-41650,5,-700,-1.65,432486,7069,6607,--462,--384,169516,158665,--10851,--9465,KRX
20220712,-42350,5,-1750,-3.97,363531,3663,3585,--78,+2740,85618,84232,--1386,+62477,KRX
20220711,-44100,5,-500,-1.12,259194,4731,1913,--2818,--474,107116,43253,--63863,--11394,KRX
20220708,44600,3,0,0.00,318899,4543,2199,--2344,--3831,101643,49174,--52469,--86000,KRX
20220707,+44600,2,+550,+1.25,324830,3259,4746,+1487,+17,73673,107204,+33531,+615,KRX
20220706,-44050,5,-1950,-4.24,553024,5324,6794,+1470,+2256,118463,151379,+32916,+51217,KRX
20220705,-46000,5,-950,-2.02,771438,9678,8892,--786,+2789,214061,195760,--18301,+55769,KRX
20220704,-46950,5,-3450,-6.85,549775,8895,5320,--3575,--4895,186750,112680,--74070,--99988,KRX
20220701,+50400,2,+1700,+3.49,555430,6213,7533,+1320,+2241,123171,149089,+25918,+44544,KRX
20220630,-48700,5,-800,-1.62,281000,4223,3302,--921,+3319,85611,66985,--18626,+66473,KRX
20220629,+49500,2,+150,+0.30,441974,8290,4050,--4240,--918,166958,81859,--85099,--17467,KRX
20220628,+49350,2,+1550,+3.24,392637,6851,3529,--3322,--558,139878,72246,--67632,--9906,KRX
20220627,+47800,2,+850,+1.81,336936,5631,2867,--2764,--4901,117752,60026,--57726,--104693,KRX
20220624,+46950,2,+2050,+4.57,616447,7997,10134,+2137,--610,170999,217966,+46967,--13598,KRX
20220623,-44900,5,-1900,-4.06,784053,9980,12727,+2747,+12192,216726,277291,+60565,+251016,KRX
20220622,-46800,5,-4900,-9.48,1220522,18330,8885,--9445,+892,371914,181463,--190451,+11763,KRX
20220621,+51700,2,+400,+0.78,910551,14569,4232,--10337,+1246,286114,83900,--202214,+21834,KRX
20220620,+51300,2,+100,+0.20,649828,15075,3492,--11583,--9726,291427,67379,--224048,--187452,KRX
20220617,-51200,5,-1200,-2.29,552035,9194,7337,--1857,--8079,179635,143039,--36596,--154288,KRX
20220616,-52400,5,-1100,-2.06,821477,7796,14018,+6222,+12099,147810,265502,+117692,+225135,KRX
20220615,-53500,5,-3400,-5.98,852936,12762,6885,--5877,--11322,234612,127169,--107443,--204652,KRX
20220614,-56900,5,-800,-1.39,609292,4890,10335,+5445,+3927,86840,184049,+97209,+70738,KRX
20220613,-57700,5,-1400,-2.37,685394,8144,9662,+1518,--6271,139042,165513,+26471,--103376,KRX
20220610,-59100,5,-100,-0.17,860969,9583,17372,+7789,+2867,161738,291585,+129847,+45788,KRX
20220609,+59200,2,+2000,+3.50,883960,7951,12873,+4922,+2434,135748,219807,+84059,+40925,KRX
20220608,+57200,2,+200,+0.35,398697,5024,7512,+2488,--1886,88552,131686,+43134,--33122,KRX
20220607,+57000,2,+900,+1.60,682014,5653,10027,+4374,+4249,99205,175461,+76256,+74112,KRX
20220603,+56100,2,+200,+0.36,320556,3444,3569,+125,--5039,61958,64102,+2144,--91026,KRX
20220602,+55900,2,+2000,+3.71,683977,4024,9188,+5164,+5311,72553,165723,+93170,+96034,KRX
20220531,+53900,2,+100,+0.19,232963,3528,3381,--147,--1317,65762,62898,--2864,--24622,KRX
20220530,+53800,2,+1500,+2.87,309950,1696,2866,+1170,+3503,31636,53394,+21758,+65996,KRX
20220527,-52300,5,-900,-1.69,249195,3898,1565,--2333,--4546,73980,29742,--44238,--86164,KRX
20220526,+53200,2,+1600,+3.10,433697,4264,6477,+2213,+3609,80747,122673,+41926,+69011,KRX
20220525,+51600,2,+600,+1.18,315018,4676,3280,--1396,--483,90537,63452,--27085,--9359,KRX
20220524,-51000,5,-1100,-2.11,218440,3545,2632,--913,+2055,68920,51194,--17726,+39530,KRX
20220523,+52100,2,+900,+1.76,249769,5185,2217,--2968,--572,99705,42449,--57256,--10324,KRX
20220520,+51200,2,+400,+0.79,250916,4056,1660,--2396,+480,79295,32363,--46932,+9747,KRX
20220519,-50800,5,-800,-1.55,276183,5357,2481,--2876,+31,105562,48883,--56679,--589,KRX
20220518,-51600,5,-700,-1.34,263538,5723,2816,--2907,+119,110486,54396,--56090,+1835,KRX
20220517,52300,3,0,0.00,209257,4351,1325,--3026,+533,83245,25320,--57925,+9640,KRX
20220516,-52300,5,-600,-1.13,240844,4812,1253,--3559,--2406,91449,23884,--67565,--45518,KRX
20220513,+52900,2,+700,+1.34,187482,3332,2179,--1153,--1701,63391,41344,--22047,--32503,KRX
20220512,-52200,5,-400,-0.76,341501,5797,6345,+548,+6947,109990,120446,+10456,+130150,KRX
20220511,-52600,5,-2800,-5.05,500438,9431,3032,--6399,--6830,176714,57020,--119694,--128010,KRX
20220510,-55400,5,-700,-1.25,430475,6983,7414,+431,--1178,127054,135370,+8316,--20904,KRX
20220509,-56100,5,-900,-1.58,391359,3708,5317,+1609,--745,65370,94590,+29220,--12249,KRX
20220506,57000,3,0,0.00,347886,4002,6356,+2354,--6103,70470,111939,+41469,--106721,KRX
20220504,+57000,2,+1000,+1.79,631523,5291,13748,+8457,--1065,92992,241182,+148190,--22163,KRX
20220503,+56000,2,+1500,+2.75,642321,4310,13832,+9522,+2767,77756,248109,+170353,+48911,KRX
20220502,+54500,2,+1200,+2.25,842732,8382,15137,+6755,+9134,153158,274600,+121442,+166539,KRX
20220429,+53300,2,+300,+0.57,370676,6986,4607,--2379,--2481,131989,86892,--45097,--46833,KRX
20220428,+53000,2,+600,+1.15,267937,4536,4638,+102,--115,86478,88214,+1736,--2127,KRX
20220427,-52400,5,-100,-0.19,301816,3679,3896,+217,--2539,71033,74896,+3863,--48817,KRX
20220426,+52500,2,+800,+1.55,268312,3939,6695,+2756,+2102,75206,127886,+52680,+40029,KRX
20220425,-51700,5,-700,-1.34,243310,3477,4131,+654,--2447,66949,79600,+12651,--46475,KRX
20220422,-52400,5,-600,-1.13,196428,1036,4137,+3101,+905,19783,78909,+59126,+17697,KRX
20220421,+53000,2,+200,+0.38,177180,834,3030,+2196,+3024,15751,57180,+41429,+57147,KRX
20220420,-52800,5,-1200,-2.22,285558,3955,3127,--828,--268,74817,59099,--15718,--5288,KRX
20220419,-54000,5,-200,-0.37,246301,4382,3822,--560,+286,81695,71265,--10430,+5261,KRX
20220418,+54200,2,+1000,+1.88,342106,3069,2223,--846,--1318,56911,41220,--15691,--24719,KRX
20220415,+53200,2,+1200,+2.31,437778,3344,3816,+472,+1765,63119,72147,+9028,+33825,KRX
20220414,-52000,5,-500,-0.95,221942,4249,2956,--1293,--1962,81541,56744,--24797,--37840,KRX
20220413,+52500,2,+1700,+3.35,451359,3962,4631,+669,+803,75683,88726,+13043,+15713,KRX
20220412,-50800,5,-200,-0.39,171110,2602,2468,--134,+1975,51329,48659,--2670,+38693,KRX
20220411,+51000,2,+300,+0.59,164691,3106,997,--2109,--1889,60885,19522,--41363,--37071,KRX
20220408,+50700,2,+300,+0.60,222959,2356,2136,--220,--1704,46458,42166,--4292,--34130,KRX
20220407,-50400,5,-1500,-2.89,394221,3288,4772,+1484,--3118,64618,94456,+29838,--59043,KRX
20220406,+51900,2,+600,+1.17,437053,5310,9912,+4602,+8768,103409,192290,+88881,+170025,KRX
20220405,-51300,5,-1400,-2.66,497255,8070,3904,--4166,--4632,157049,75905,--81144,--89944,KRX
20220404,+52700,2,+500,+0.96,190850,2027,2493,+466,--3238,38555,47355,+8800,--62209,KRX
20220401,52200,3,0,0.00,394553,3073,6777,+3704,+3533,58961,129970,+71009,+67244,KRX
20220331,-52200,5,-1200,-2.25,481655,4885,5056,+171,--3210,92274,96039,+3765,--60397,KRX
20220330,+53400,2,+1400,+2.69,448079,4541,7922,+3381,+6689,86831,150993,+64162,+126304,KRX
20220329,-52000,5,-3500,-6.31,910095,10332,7024,--3308,--3766,195057,132915,--62142,--70363,KRX
20220328,55500,3,0,0.00,362933,4016,4474,+458,--9608,72027,80248,+8221,--172079,KRX
20220325,+55500,2,+1100,+2.02,787298,8748,18814,+10066,+6535,157838,338138,+180300,+115284,KRX
20220324,+54400,2,+800,+1.49,367468,3269,6800,+3531,--1214,60558,125574,+65016,--23523,KRX
20220323,-53600,5,-100,-0.19,418202,3976,8721,+4745,--8532,74342,162881,+88539,--155735,KRX
20220322,+53700,2,+1900,+3.67,1150941,10873,24150,+13277,+13924,202528,446802,+244274,+256854,KRX
20220321,+51800,2,+400,+0.78,497847,9224,8577,--647,+1668,177520,164940,--12580,+32769,KRX
20220318,+51400,2,+800,+1.58,706241,12890,10575,--2315,+2205,253035,207686,--45349,+45633,KRX
20220317,-50600,5,-1600,-3.07,1201187,20234,15714,--4520,--6615,402933,311951,--90982,--131087,KRX
20220316,+52200,2,+100,+0.19,549103,8263,10358,+2095,+48,159748,199853,+40105,--56,KRX
20220315,-52100,5,-2600,-4.75,538688,7207,9254,+2047,+928,136528,176689,+40161,+19443,KRX
20220314,-54700,5,-100,-0.18,478887,6655,7774,+1119,--1150,120835,141553,+20718,--20431,KRX
20220311,+54800,2,+900,+1.67,535147,7234,9503,+2269,+5925,133348,174497,+41149,+110773,KRX
20220310,+53900,2,+600,+1.13,813778,18078,14422,--3656,--8555,340661,271037,--69624,--160769,KRX
20220308,-53300,5,-1800,-3.27,826184,10940,15839,+4899,+6100,202115,293260,+91145,+109830,KRX
20220307,-55100,5,-1200,-2.13,1223811,19343,18142,--1201,--12386,339885,321200,--18685,--221194,KRX
20220304,+56300,2,+2400,+4.45,1301563,13419,24604,+11185,+9684,241971,444480,+202509,+174913,KRX
20220303,-53900,5,-600,-1.10,779569,11519,13020,+1501,--7740,214809,242405,+27596,--140925,KRX
20220302,+54500,2,+2500,+4.81,1605467,17064,26305,+9241,--11648,313851,482372,+168521,--227217,KRX
20220228,+52000,2,+3100,+6.34,2058846,19684,40573,+20889,+14858,375311,771049,+395738,+269229,KRX
20220225,+48900,2,+3300,+7.24,635559,4899,10930,+6031,+7408,102015,228524,+126509,+156499,KRX
20220224,-45600,5,-700,-1.51,330904,4247,2870,--1377,--4110,92647,62657,--29990,--88938,KRX
20220223,+46300,2,+1000,+2.21,215068,2010,4743,+2733,+7929,43513,102461,+58948,+172527,KRX
20220222,-45300,5,-1850,-3.92,454955,6773,1577,--5196,--4266,148198,34619,--113579,--93671,KRX
20220221,-47150,5,-100,-0.21,210958,2439,1509,--930,+872,52059,32151,--19908,+18457,KRX
20220218,-47250,5,-50,-0.11,234375,4011,2209,--1802,+79,85235,46870,--38365,+1522,KRX
20220217,+47300,2,+1350,+2.94,453172,6442,4561,--1881,--459,136905,97018,--39887,--8949,KRX
20220216,+45950,2,+550,+1.21,234414,3490,2068,--1422,--1784,75928,44990,--30938,--38968,KRX
20220215,-45400,5,-1000,-2.16,290883,2563,2925,+362,+1399,56008,64038,+8030,+29322,KRX
20220214,-46400,5,-1300,-2.73,441320,5423,4386,--1037,--408,115052,93760,--21292,--8162,KRX
20220211,-47700,5,-1100,-2.25,300611,3453,2824,--629,--1569,71894,58764,--13130,--32521,KRX
20220210,-48800,5,-350,-0.71,314648,3750,4690,+940,+1863,76553,95944,+19391,+37859,KRX
20220209,-49150,5,-950,-1.90,316511,3359,2436,--923,--21,67723,49255,--18468,--600,KRX
20220208,-50100,5,-300,-0.60,396527,4621,3719,--902,--8100,91921,74053,--17868,--160571,KRX
20220207,+50400,2,+2250,+4.67,1077438,9304,16502,+7198,+6014,185046,327749,+142703,+117972,KRX
20220204,+48150,2,+600,+1.26,380710,3592,4776,+1184,+10334,74963,99694,+24731,+210369,KRX
20220203,-47550,5,-250,-0.52,1091999,13199,4049,--9150,--7317,268564,82926,--185638,--147088,KRX
20220128,+47800,2,+950,+2.03,502887,7188,5355,--1833,--2880,150921,112371,--38550,--61101,KRX
20220127,-46850,5,-1750,-3.60,519480,4858,5905,+1047,+119,102191,124742,+22551,+3624,KRX
20220126,+48600,2,+100,+0.21,428020,3831,4759,+928,+961,78197,97124,+18927,+19420,KRX
20220125,+48500,2,+150,+0.31,662948,7475,7442,--33,+5029,153696,153203,--493,+101709,KRX
20220124,-48350,5,-5150,-9.63,1507727,19630,14568,--5062,--9028,397145,294943,--102202,--176976,KRX
20220121,-53500,5,-300,-0.56,568060,4809,8775,+3966,--1060,90462,165236,+74774,--18602,KRX
20220120,+53800,2,+2300,+4.47,875377,6449,11475,+5026,+3924,120305,213681,+93376,+71992,KRX
20220119,-51500,5,-500,-0.96,392397,4141,5243,+1102,--1275,79931,101315,+21384,--24398,KRX
20220118,-52000,5,-500,-0.95,519773,3641,6018,+2377,+9535,69190,114972,+45782,+180773,KRX
20220117,-52500,5,-400,-0.76,765922,12102,4944,--7158,--3667,228075,93084,--134991,--68681,KRX
20220114,+52900,2,+400,+0.76,465242,6000,2509,--3491,--14751,114084,47774,--66310,--281976,KRX
20220113,+52500,2,+2100,+4.17,1065501,6123,17383,+11260,+10867,116544,332210,+215666,+207986,KRX
20220112,+50400,2,+200,+0.40,235496,2812,3205,+393,+2659,55567,63247,+7680,+52384,KRX
20220111,-50200,5,-900,-1.76,413774,7567,5301,--2266,--558,150065,105361,--44704,--11074,KRX
20220110,+51100,2,+1000,+2.00,564438,8051,6343,--1708,--4106,157657,124027,--33630,--81170,KRX
20220107,+50100,2,+700,+1.42,359538,3821,6219,+2398,+1263,76486,124026,+47540,+25042,KRX
20220106,-49400,5,-1500,-2.95,555801,7354,8489,+1135,+772,146578,169076,+22498,+15108,KRX
20220105,+50900,2,+500,+0.99,668999,6725,7088,+363,+2626,132565,139955,+7390,+52445,KRX
20220104,+50400,2,+800,+1.61,632043,7036,4773,--2263,--2314,140038,94983,--45055,--46325,KRX
20220103,+49600,2,+1600,+3.33,578220,4507,4558,+51,+1715,91783,93053,+1270,+35700,KRX
20211230,-48000,5,-250,-0.52,359366,3727,2063,--1664,--7579,77399,42969,--34430,--157147,KRX
20211229,+48250,2,+1250,+2.66,563177,1446,7361,+5915,+5281,30247,152964,+122717,+109324,KRX
20211228,+47000,2,+50,+0.11,282248,1934,2568,+634,+310,41316,54709,+13393,+6590,KRX
20211227,+46950,2,+200,+0.43,283732,2501,2825,+324,--881,53110,59913,+6803,--19064,KRX
20211224,+46750,2,+650,+1.41,260628,1831,3036,+1205,--692,39315,65182,+25867,--15319,KRX
20211223,+46100,2,+300,+0.66,219129,1120,3017,+1897,+2903,24389,65575,+41186,+63113,KRX
20211222,-45800,5,-100,-0.22,169752,2636,1630,--1006,--1043,57442,35515,--21927,--22711,KRX
20211221,-45900,5,-100,-0.22,193315,1955,1992,+37,+1249,42571,43355,+784,+26846,KRX
20211220,-46000,5,-1150,-2.44,237372,2544,1332,--1212,--4681,54813,28751,--26062,--100725,KRX
20211217,+47150,2,+1400,+3.06,403496,3158,6627,+3469,+5629,67620,142283,+74663,+121523,KRX
20211216,-45750,5,-300,-0.65,349337,5012,2852,--2160,--2728,108682,61822,--46860,--59402,KRX
20211215,-46050,5,-300,-0.65,308255,2995,3563,+568,+4537,64923,77465,+12542,+96498,KRX
20211214,-46350,5,-1050,-2.22,536079,7119,3150,--3969,--843,151199,67243,--83956,--17409,KRX
20211213,+47400,2,+500,+1.07,1119799,11947,8821,--3126,+5213,250074,183527,--66547,+109868,KRX
20211210,-46900,5,-350,-0.74,926139,16808,8469,--8339,--14020,353216,176801,--176415,--301209,KRX
20211209,+47250,2,+2900,+6.54,920806,7725,13406,+5681,+6922,165720,290514,+124794,+152783,KRX
20211208,-44350,5,-450,-1.00,403990,6002,4761,--1241,--2382,133705,105716,--27989,--53590,KRX
20211207,+44800,2,+700,+1.59,308462,3872,5013,+1141,+103,87015,112616,+25601,+1570,KRX
20211206,+44100,2,+850,+1.97,319817,2910,3948,+1038,+1372,66341,90372,+24031,+31830,KRX
20211203,43250,3,0,0.00,202607,2430,2096,--334,+182,56154,48355,--7799,+4476,KRX
20211202,+43250,2,+1400,+3.35,296098,2980,2464,--516,+220,70583,58308,--12275,+5649,KRX
20211201,+41850,2,+1200,+2.95,267985,3746,3010,--736,--11,90954,73030,--17924,--503,KRX
20211130,-40650,5,-1650,-3.90,407988,5336,4611,--725,--1536,129010,111589,--17421,--36777,KRX
20211129,-42300,5,-750,-1.74,287946,2110,2921,+811,+4034,49634,68990,+19356,+93337,KRX
20211126,-43050,5,-1350,-3.04,294702,4402,1179,--3223,--3136,101201,27220,--73981,--71788,KRX
20211125,+44400,2,+500,+1.14,277182,3023,2936,--87,+3980,68359,66166,--2193,+90562,KRX
20211124,-43900,5,-300,-0.68,320531,6073,2006,--4067,--3677,138595,45840,--92755,--83932,KRX
20211123,+44200,2,+1300,+3.03,324042,4424,4034,--390,--2359,102415,93592,--8823,--54758,KRX
20211122,-42900,5,-900,-2.05,379024,3206,5175,+1969,+4153,74499,120434,+45935,+95765,KRX
20211119,+43800,2,+350,+0.81,311657,5142,2958,--2184,+4569,117392,67562,--49830,+103102,KRX
20211118,+43450,2,+650,+1.52,818133,10489,3736,--6753,--5204,237620,84688,--152932,--116798,KRX
20211117,+42800,2,+800,+1.90,481822,5807,4258,--1549,--3180,136159,100025,--36134,--74456,KRX
20211116,+42000,2,+50,+0.12,489371,5030,6661,+1631,--3175,119328,157650,+38322,--77050,KRX
20211115,+41950,2,+900,+2.19,401058,3648,8454,+4806,+1831,87525,202897,+115372,+42915,KRX
20211112,+41050,2,+600,+1.48,323854,2791,5766,+2975,--4221,68199,140656,+72457,--105663,KRX
20211111,-40450,5,-450,-1.10,444836,2482,9678,+7196,+6543,61384,239504,+178120,+161898,KRX
20211110,-40900,5,-1650,-3.88,444742,2697,3350,+653,+2551,64945,81167,+16222,+60717,KRX
20211109,+42550,2,+100,+0.24,236449,3777,1879,--1898,--2599,88589,44094,--44495,--61274,KRX
20211108,+42450,2,+300,+0.71,287861,2380,3081,+701,--331,56365,73144,+16779,--7910,KRX
20211105,-42150,5,-150,-0.35,349928,4094,5126,+1032,--6371,97280,121969,+24689,--150369,KRX
20211104,-42300,5,-750,-1.74,656518,3365,10768,+7403,+5688,78811,253869,+175058,+134948,KRX
20211103,-43050,5,-1000,-2.27,431283,2421,4136,+1715,+1229,55750,95860,+40110,+29198,KRX
20211102,+44050,2,+200,+0.46,197087,1252,1738,+486,+1516,28378,39290,+10912,+34220,KRX
20211101,-43850,5,-1150,-2.56,380977,4007,2977,--1030,+405,90351,67043,--23308,+8516,KRX
20211029,-45000,5,-350,-0.77,318144,2920,1485,--1435,--4089,64948,33124,--31824,--89699,KRX
20211028,+45350,2,+450,+1.00,516830,4600,7254,+2654,+4904,100741,158616,+57875,+106576,KRX
20211027,-44900,5,-1500,-3.23,805609,6344,4094,--2250,--3528,139641,90940,--48701,--76278,KRX
20211026,-46400,5,-250,-0.54,462761,2271,3549,+1278,+2273,48896,76473,+27577,+48654,KRX
20211025,-46650,5,-450,-0.96,504461,5259,4264,--995,+7,112196,91119,--21077,--244,KRX
20211022,-47100,5,-2200,-4.46,1952569,15664,14662,--1002,--841,329852,309019,--20833,--18200,KRX
20211021,+49300,2,+1200,+2.49,2005355,12887,12726,--161,+17007,261106,258473,--2633,+350272,KRX
20211020,-48100,5,-2800,-5.50,1618118,24986,7818,--17168,--15399,513654,160749,--352905,--318516,KRX
20211019,-50900,5,-500,-0.97,584916,6191,4422,--1769,--3403,121313,86924,--34389,--66393,KRX
20211018,+51400,2,+1300,+2.59,572656,4982,6616,+1634,+1310,98253,130257,+32004,+25504,KRX
20211015,-50100,5,-200,-0.40,528181,5923,6247,+324,+3953,118192,124692,+6500,+78797,KRX
20211014,-50300,5,-400,-0.79,441435,6604,2975,--3629,--1963,131341,59044,--72297,--39479,KRX
20211013,+50700,2,+100,+0.20,312863,4588,2922,--1666,--4705,90430,57612,--32818,--92957,KRX
20211012,+50600,2,+1800,+3.69,501625,4985,8024,+3039,+3839,99597,159736,+60139,+76290,KRX
20211008,-48800,5,-900,-1.81,350867,4064,3264,--800,--2020,82866,66715,--16151,--40544,KRX
20211007,+49700,2,+1550,+3.22,468311,4984,6204,+1220,+18841,101219,125612,+24393,+381896,KRX
20211006,-48150,5,-4050,-7.76,1137503,23714,6093,--17621,--13367,481306,123803,--357503,--275246,KRX
20211005,+52200,2,+200,+0.38,631860,8114,3860,--4254,--12884,156741,74484,--82257,--247541,KRX
20211001,+52000,2,+1800,+3.59,1081652,7257,15887,+8630,+8635,139261,304545,+165284,+165981,KRX
20210930,+50200,2,+1800,+3.72,501866,5917,5912,--5,+10255,120064,119367,--697,+210699,KRX
20210929,-48400,5,-2200,-4.35,829121,15808,5548,--10260,--9898,325252,113856,--211396,--204313,KRX
20210928,-50600,5,-800,-1.56,446012,3558,3196,--362,--1074,69309,62226,--7083,--20836,KRX
20210927,-51400,5,-200,-0.39,317621,2487,3199,+712,+1709,48586,62339,+13753,+33203,KRX
20210924,-51600,5,-300,-0.58,427538,5919,4922,--997,--2338,114400,94950,--19450,--45249,KRX
20210923,+51900,2,+800,+1.57,544004,6166,7507,+1341,--286,120343,146142,+25799,--6182,KRX
20210917,+51100,2,+900,+1.79,494019,6809,8436,+1627,+2299,133625,165606,+31981,+45384,KRX
20210916,-50200,5,-400,-0.79,202528,2013,1341,--672,+558,40127,26724,--13403,+11143,KRX
20210915,+50600,2,+100,+0.20,189727,3998,2768,--1230,--3397,79622,55076,--24546,--67709,KRX
20210914,+50500,2,+1250,+2.54,216719,2067,4234,+2167,+2988,41100,84263,+43163,+59743,KRX
20210913,-49250,5,-550,-1.10,212817,2686,1865,--821,--944,54133,37553,--16580,--19093,KRX
20210910,+49800,2,+50,+0.10,234746,2458,2581,+123,+2379,49317,51830,+2513,+47425,KRX
20210909,-49750,5,-1050,-2.07,356211,7291,5035,--2256,--3120,145099,100187,--44912,--61981,KRX
20210908,50800,3,0,0.00,202801,2310,3174,+864,+1084,45486,62555,+17069,+21387,KRX
20210907,-50800,5,-400,-0.78,170546,1863,1643,--220,--606,36577,32259,--4318,--11925,KRX
20210906,+51200,2,+300,+0.59,182584,1516,1902,+386,+4378,29765,37372,+7607,+85946,KRX
20210903,-50900,5,-800,-1.55,351169,6491,2499,--3992,--6152,127439,49100,--78339,--120140,KRX
20210902,+51700,2,+1300,+2.58,565736,5013,7173,+2160,+4951,96931,138732,+41801,+96945,KRX
20210901,-50400,5,-500,-0.98,218966,4039,1248,--2791,--2282,79797,24653,--55144,--44944,KRX
20210831,+50900,2,+700,+1.39,395493,6049,5540,--509,--1291,119328,109128,--10200,--26018,KRX
20210830,+50200,2,+1900,+3.93,548437,5623,6405,+782,+803,112535,128353,+15818,+16340,KRX
20210827,+48300,2,+350,+0.73,230653,3271,3250,--21,--154,67864,67342,--522,--3413,KRX
20210826,-47950,5,-500,-1.03,325876,3296,3429,+133,+1457,68599,71490,+2891,+30247,KRX
20210825,+48450,2,+150,+0.31,246621,4646,3322,--1324,+1173,95914,68558,--27356,+24389,KRX
20210824,+48300,2,+500,+1.05,285392,5029,2532,--2497,--1943,104143,52398,--51745,--40276,KRX
20210823,+47800,2,+450,+0.95,354888,5075,4521,--554,--1644,105790,94321,--11469,--34219,KRX
20210820,-47350,5,-500,-1.04,451123,5567,6657,+1090,+2726,116716,139466,+22750,+55590,KRX
20210819,-47850,5,-2550,-5.06,733559,8100,6464,--1636,--1634,165831,132991,--32840,--32784,KRX
20210818,+50400,2,+400,+0.80,364130,5369,5367,--2,+1872,106534,106478,--56,+36921,KRX
20210817,-50000,5,-1400,-2.72,447115,6574,4700,--1874,--3670,130192,93215,--36977,--72152,KRX
20210813,-51400,5,-300,-0.58,386210,4408,6204,+1796,--4747,85674,120849,+35175,--91285,KRX
20210812,+51700,2,+1200,+2.38,770397,6617,13160,+6543,+10770,129509,255969,+126460,+209459,KRX
20210811,-50500,5,-1500,-2.88,891252,9241,5014,--4227,--5198,180845,97846,--82999,--101688,KRX
20210810,+52000,2,+400,+0.78,299776,3636,4607,+971,+2274,70323,89012,+18689,+43828,KRX
20210809,-51600,5,-700,-1.34,427149,4627,3324,--1303,+3395,89405,64266,--25139,+64324,KRX
20210806,-52300,5,-1200,-2.24,918379,11428,6730,--4698,--1351,216851,127388,--89463,--27931,KRX
20210805,-53500,5,-1600,-2.90,696466,9260,5913,--3347,--4388,170434,108902,--61532,--80150,KRX
20210804,+55100,2,+1100,+2.04,896818,7375,8416,+1041,+10053,133085,151703,+18618,+186959,KRX
20210803,54000,3,0,0.00,641290,12133,3121,--9012,--11299,226501,58160,--168341,--210526,KRX
20210802,+54000,2,+2200,+4.25,1043751,7551,9838,+2287,+3234,141265,183450,+42185,+60546,KRX
20210730,+51800,2,+200,+0.39,293562,3669,2722,--947,--2242,71269,52908,--18361,--43161,KRX
20210729,+51600,2,+1500,+2.99,652656,6949,8244,+1295,+1597,134005,158805,+24800,+30449,KRX
20210728,-50100,5,-800,-1.57,357762,3119,2817,--302,--248,61860,56211,--5649,--4345,KRX
20210727,50900,3,0,0.00,290167,3519,3465,--54,+643,68623,67319,--1304,+12203,KRX
20210726,-50900,5,-900,-1.74,301964,3158,2461,--697,+2524,61562,48055,--13507,+48232,KRX
20210723,-51800,5,-400,-0.77,358425,4780,1559,--3221,--7816,91651,29912,--61739,--150209,KRX
20210722,+52200,2,+1300,+2.55,473246,2579,7174,+4595,+6560,49612,138082,+88470,+126095,KRX
20210721,-50900,5,-700,-1.36,499557,5672,3707,--1965,--2894,110000,72375,--37625,--55719,KRX
20210720,51600,3,0,0.00,392436,3215,4144,+929,+6555,62562,80656,+18094,+126574,KRX
20210719,+51600,2,+100,+0.19,614031,9085,3459,--5626,--815,175145,66665,--108480,--14877,KRX
20210716,+51500,2,+800,+1.58,525029,10478,5667,--4811,+801,203754,110151,--93603,+16347,KRX
20210715,+50700,2,+300,+0.60,440628,8934,3322,--5612,--3840,175032,65082,--109950,--75015,KRX
20210714,-50400,5,-1100,-2.14,337693,4223,2451,--1772,--328,83530,48595,--34935,--6810,KRX
20210713,+51500,2,+300,+0.59,480067,5065,3621,--1444,+4277,99447,71322,--28125,+82806,KRX
20210712,-51200,5,-100,-0.19,558211,8706,2985,--5721,--1446,168822,57891,--110931,--27432,KRX
20210709,+51300,2,+500,+0.98,887239,11449,7174,--4275,+1030,223325,139826,--83499,+16263,KRX
20210708,-50800,5,-3700,-6.79,1334065,15030,9725,--5305,--4977,287393,187631,--99762,--93518,KRX
20210707,+54500,2,+200,+0.37,770984,8082,7754,--328,--3471,148641,142397,--6244,--64558,KRX
20210706,+54300,2,+800,+1.50,1281141,7790,10933,+3143,--26823,144189,202503,+58314,--520121,KRX
20210705,+53500,2,+5050,+10.42,3222660,14150,44116,+29966,+27212,267958,846393,+578435,+523323,KRX
20210702,+48450,2,+1300,+2.76,801538,6072,8826,+2754,+2444,124970,180082,+55112,+48848,KRX
20210701,+47150,2,+150,+0.32,394173,4510,4820,+310,+2838,95680,101944,+6264,+60233,KRX
20210630,-47000,5,-350,-0.74,330414,4374,1846,--2528,--6505,93321,39352,--53969,--137851,KRX
20210629,+47350,2,+800,+1.72,413058,3046,7023,+3977,+5402,64531,148413,+83882,+114037,KRX
20210628,+46550,2,+100,+0.22,627181,6889,5464,--1425,+2379,145517,115362,--30155,+51587,KRX
20210625,-46450,5,-350,-0.75,389400,5732,1928,--3804,--5912,123122,41380,--81742,--126598,KRX
20210624,+46800,2,+300,+0.65,261332,1365,3473,+2108,+3526,29101,73957,+44856,+75130,KRX
20210623,-46500,5,-950,-2.00,479845,3466,2048,--1418,--2760,74324,44050,--30274,--58571,KRX
20210622,+47450,2,+500,+1.06,288624,1598,2940,+1342,+6028,33529,61826,+28297,+127793,KRX
20210621,-46950,5,-1650,-3.40,535869,7212,2526,--4686,--13521,152714,53218,--99496,--284037,KRX
20210618,+48600,2,+2250,+4.85,848713,3964,12799,+8835,+8600,82965,267506,+184541,+179132,KRX
20210617,-46350,5,-1600,-3.34,803155,4970,5205,+235,+561,106652,112061,+5409,+12241,KRX
20210616,-47950,5,-100,-0.21,334755,5116,4790,--326,+881,106060,99228,--6832,+18217,KRX
20210615,-48050,5,-150,-0.31,316197,3054,1847,--1207,--1098,63350,38301,--25049,--22852,KRX
20210614,-48200,5,-800,-1.63,365346,1897,1788,--109,--516,39155,36958,--2197,--10709,KRX
20210611,+49000,2,+200,+0.41,419246,3518,3925,+407,+1440,71991,80503,+8512,+28947,KRX
20210610,-48800,5,-1300,-2.59,733034,8229,7196,--1033,--2820,166361,145926,--20435,--56099,KRX
20210609,+50100,2,+650,+1.31,744822,5395,7182,+1787,+6156,107863,143527,+35664,+123333,KRX
20210608,+49450,2,+1850,+3.89,2103538,17230,12861,--4369,--2095,346048,258379,--87669,--39579,KRX
20210607,+47600,2,+1050,+2.26,676758,6626,4352,--2274,--2205,139876,91786,--48090,--47049,KRX
20210604,-46550,5,-350,-0.75,475892,3060,2991,--69,+1646,65442,64401,--1041,+35574,KRX
20210603,-46900,5,-700,-1.47,481000,4208,2493,--1715,+2195,89676,53061,--36615,+45432,KRX
20210602,-47600,5,-1050,-2.16,717322,8620,4710,--3910,--4068,180491,98444,--82047,--84935,KRX
20210601,+48650,2,+1850,+3.95,1080436,8957,9115,+158,+242,187767,190655,+2888,+3849,KRX
20210531,-46800,5,-550,-1.16,709999,6270,6186,--84,+6271,132791,131830,--961,+132276,KRX
20210528,+47350,2,+100,+0.21,722955,10698,4343,--6355,--2863,224504,91267,--133237,--60503,KRX
20210527,-47250,5,-1800,-3.67,995945,10094,6602,--3492,--1205,210449,137715,--72734,--25680,KRX
20210526,+49050,2,+100,+0.20,1815223,14429,12142,--2287,--28524,295841,248787,--47054,--608477,KRX
20210525,+48950,2,+5450,+12.53,5914845,26554,52791,+26237,+38438,556448,1117871,+561423,+838645,KRX
20210524,+43500,2,+800,+1.87,1621726,22092,9891,--12201,--12189,502838,225616,--277222,--276905,KRX
20210521,+42700,2,+150,+0.35,491061,4849,4837,--12,+3855,113433,113116,--317,+90176,KRX
20210520,-42550,5,-1500,-3.41,534695,8150,4283,--3867,--9477,190845,100352,--90493,--218175,KRX
20210518,+44050,2,+1650,+3.89,1124351,7541,13151,+5610,+5712,172371,300053,+127682,+129656,KRX
20210517,-42400,5,-850,-1.97,704076,6332,6230,--102,--4109,147062,145088,--1974,--94441,KRX
20210514,+43250,2,+1000,+2.37,1074285,6136,10143,+4007,--17632,143539,236006,+92467,--422725,KRX
20210513,+42250,2,+1500,+3.68,1919085,6582,28221,+21639,+20463,156806,671998,+515192,+487760,KRX
20210512,+40750,2,+350,+0.87,1201996,10428,11604,+1176,+83,256889,284321,+27432,+105,KRX
20210511,-40400,5,-100,-0.25,844385,5253,6346,+1093,+647,129921,157248,+27327,+16222,KRX
20210510,+40500,2,+250,+0.62,424796,2633,3079,+446,--5632,65046,76151,+11105,--140657,KRX
20210507,+40250,2,+1100,+2.81,556561,2327,8405,+6078,+5617,58177,209939,+151762,+140505,KRX
20210506,+39150,2,+1900,+5.10,540969,4119,4580,+461,--533,107071,118328,+11257,--15993,KRX
20210504,-37250,5,-200,-0.53,391579,2023,3017,+994,+2520,55116,82366,+27250,+67429,KRX
20210503,-37450,5,-1150,-2.98,322868,2968,1442,--1526,--1343,78103,37924,--40179,--35311,KRX
20210430,+38600,2,+650,+1.71,198989,1277,1094,--183,--675,33323,28455,--4868,--17812,KRX
20210429,-37950,5,-50,-0.13,208436,1098,1590,+492,+1346,28693,41637,+12944,+35617,KRX
20210428,-38000,5,-850,-2.19,422904,3164,2310,--854,+669,82388,59715,--22673,+16275,KRX
20210427,-38850,5,-850,-2.14,479467,3172,1649,--1523,--2192,81380,42432,--38948,--55752,KRX
20210426,-39700,5,-200,-0.50,249971,1058,1727,+669,--773,26587,43391,+16804,--19342,KRX
20210423,-39900,5,-150,-0.37,394646,1723,3165,+1442,--536,43303,79449,+36146,--13390,KRX
20210422,+40050,2,+600,+1.52,351193,2176,4154,+1978,+6609,54684,104220,+49536,+165812,KRX
20210421,-39450,5,-1250,-3.07,700217,5984,1353,--4631,--6458,150263,33987,--116276,--161343,KRX
20210420,+40700,2,+350,+0.87,299498,1127,2954,+1827,+1976,27790,72857,+45067,+48791,KRX
20210419,-40350,5,-100,-0.25,387789,2448,2299,--149,+500,60963,57239,--3724,+12196,KRX
20210416,-40450,5,-250,-0.61,318655,2097,1448,--649,--888,51719,35799,--15920,--21751,KRX
20210415,-40700,5,-600,-1.45,304566,2642,2881,+239,--2117,64703,70534,+5831,--49855,KRX
20210414,+41300,2,+900,+2.23,1408478,10233,12589,+2356,+1857,246399,302085,+55686,+43121,KRX
20210413,+40400,2,+500,+1.25,355221,1107,1606,+499,+84,27589,40154,+12565,+2203,KRX
20210412,-39900,5,-150,-0.37,379774,3713,4128,+415,+339,92737,103099,+10362,+8560,KRX
20210409,+40050,2,+350,+0.88,291491,2429,2505,+76,+1358,60611,62413,+1802,+33938,KRX
20210408,-39700,5,-200,-0.50,359071,2797,1515,--1282,--13,70163,38027,--32136,--487,KRX
20210407,-39900,5,-400,-0.99,303302,1906,637,--1269,+2424,47477,15828,--31649,+59714,KRX
20210406,-40300,5,-650,-1.59,295003,4663,970,--3693,--7525,115440,24077,--91363,--185193,KRX
20210405,+40950,2,+1050,+2.63,472086,1673,5505,+3832,+4913,41049,134879,+93830,+120836,KRX
20210402,-39900,5,-350,-0.87,293435,2335,1254,--1081,+2755,58306,31300,--27006,+68202,KRX
20210401,-40250,5,-650,-1.59,365316,4586,750,--3836,--9161,113797,18589,--95208,--225097,KRX
20210331,+40900,2,+1200,+3.02,933510,4587,9912,+5325,+9771,112345,242234,+129889,+240928,KRX
20210330,-39700,5,-1150,-2.82,1135292,9253,4807,--4446,--5313,230531,119492,--111039,--132311,KRX
20210329,+40850,2,+850,+2.13,926982,5705,6572,+867,--215,138938,160210,+21272,--5485,KRX
20210326,+40000,2,+900,+2.30,868923,6883,7965,+1082,+3889,171368,198125,+26757,+98721,KRX
20210325,-39100,5,-150,-0.38,363911,4835,2028,--2807,--2688,123683,51719,--71964,--68960,KRX
20210324,39250,3,0,0.00,338616,2665,2546,--119,+3692,67996,64992,--3004,+92116,KRX
20210323,-39250,5,-1550,-3.80,670885,6058,2247,--3811,--2527,151684,56564,--95120,--64060,KRX
20210322,-40800,5,-850,-2.04,444340,3617,2333,--1284,+340,87551,56491,--31060,+8021,KRX
20210319,-41650,5,-200,-0.48,534895,5612,3988,--1624,--4264,135272,96191,--39081,--101610,KRX
20210318,+41850,2,+600,+1.45,601872,4100,6740,+2640,+2549,98482,161011,+62529,+60465,KRX
20210317,+41250,2,+550,+1.35,563386,3919,4010,+91,+2351,96717,98781,+2064,+57270,KRX
20210316,-40700,5,-600,-1.45,460886,3474,1214,--2260,+166,84907,29701,--55206,+3592,KRX
20210315,+41300,2,+50,+0.12,470214,4391,1965,--2426,+253,106505,47707,--58798,+5872,KRX
20210312,41250,3,0,0.00,763609,7801,5122,--2679,--12293,189332,124662,--64670,--307697,KRX
20210311,+41250,2,+4200,+11.34,1940345,10887,20501,+9614,+10085,268065,511092,+243027,+255547,KRX
20210310,+37050,2,+150,+0.41,339697,2853,2382,--471,+407,76320,63800,--12520,+11569,KRX
20210309,-36900,5,-500,-1.34,399715,3633,2755,--878,+3139,99119,75030,--24089,+81796,KRX
20210308,+37400,2,+400,+1.08,724952,7061,3044,--4017,--3541,185626,79741,--105885,--92850,KRX
20210305,-37000,5,-750,-1.99,469599,3930,3454,--476,+1632,107209,94174,--13035,+42740,KRX
20210304,-37750,5,-600,-1.56,365926,4218,2110,--2108,--2677,111567,55792,--55775,--70990,KRX
20210303,+38350,2,+750,+1.99,554328,4826,5395,+569,+7897,125373,140588,+15215,+208107,KRX
20210302,+37600,2,+700,+1.90,740979,10962,3634,--7328,--9652,288266,95374,--192892,--256891,KRX
20210226,-36900,5,-2000,-5.14,1013867,6673,8997,+2324,--436,181087,245086,+63999,--7286,KRX
20210225,+38900,2,+800,+2.10,481891,2853,5613,+2760,--4884,73593,144878,+71285,--126248,KRX
20210224,-38100,5,-2300,-5.69,1010963,4609,12253,+7644,+7226,117727,315260,+197533,+187242,KRX
20210223,-40400,5,-1150,-2.77,437091,3165,3583,+418,+873,77843,88134,+10291,+20921,KRX
20210222,-41550,5,-300,-0.72,501385,3494,3039,--455,+714,82848,72218,--10630,+16929,KRX
20210219,-41850,5,-600,-1.41,798665,5573,4404,--1169,+319,132460,104901,--27559,+7051,KRX
20210218,+42450,2,+850,+2.04,928139,6356,4868,--1488,+2889,148111,113501,--34610,+69985,KRX
20210217,-41600,5,-1300,-3.03,631326,7968,3591,--4377,--441,190577,85982,--104595,--13688,KRX
20210216,-42900,5,-1500,-3.38,643550,7222,3286,--3936,--1533,166471,75564,--90907,--36095,KRX
20210215,+44400,2,+1100,+2.54,911115,7362,4959,--2403,--10709,166640,111828,--54812,--248260,KRX
20210210,+43300,2,+2450,+6.00,1351918,4845,13151,+8306,+7093,113621,307069,+193448,+163717,KRX
20210209,-40850,5,-1550,-3.66,812088,5200,6413,+1213,+976,125022,154753,+29731,+23958,KRX
20210208,-42400,5,-1150,-2.64,602992,4078,4315,+237,+6838,94723,100496,+5773,+157605,KRX
20210205,-43550,5,-700,-1.58,945828,11628,5027,--6601,--8072,267478,115646,--151832,--184184,KRX
20210204,+44250,2,+1950,+4.61,2641000,16282,17753,+1471,+1626,367815,400167,+32352,+35938,KRX
20210203,+42300,2,+600,+1.44,667465,3878,3723,--155,+2403,92990,89404,--3586,+58462,KRX
20210202,+41700,2,+800,+1.96,1569950,12385,9827,--2558,--407,291226,229178,--62048,--8222,KRX
20210201,+40900,2,+250,+0.62,969024,7804,5653,--2151,--322,195282,141456,--53826,--14959,KRX
20210129,+40650,2,+100,+0.25,2115936,17888,16059,--1829,--5017,437009,398142,--38867,--116734,KRX
20210128,-40550,5,-2050,-4.81,1182716,10429,13617,+3188,+3212,252971,330838,+77867,+75844,KRX
20210127,-42600,5,-2000,-4.48,1361488,8169,8145,--24,+9527,183737,185760,+2023,+213335,KRX
20210126,+44600,2,+1550,+3.60,2067691,16947,7396,--9551,--11072,376851,165539,--211312,--247015,KRX
20210125,+43050,2,+3150,+7.89,1797615,8927,10448,+1521,+5194,211952,247655,+35703,+123705,KRX
20210122,-39900,5,-2200,-5.23,1300089,10547,6874,--3673,+2427,256269,168267,--88002,+57814,KRX
20210121,+42100,2,+1000,+2.43,2440809,15129,9029,--6100,--8661,361219,215403,--145816,--208883,KRX
20210120,+41100,2,+1950,+4.98,2832400,10377,12938,+2561,+5517,254223,317290,+63067,+138350,KRX
20210119,+39150,2,+450,+1.16,1855204,9877,6921,--2956,--2290,254507,179224,--75283,--50194,KRX
20210118,+38700,2,+2750,+7.65,4354287,17290,16624,--666,--6205,457641,432552,--25089,--184794,KRX
20210115,+35950,2,+3450,+10.62,3417300,9253,14792,+5539,+6252,267084,426789,+159705,+181552,KRX
20210114,-32500,5,-550,-1.66,527806,3844,3131,--713,--495,117930,96083,--21847,--16074,KRX
20210113,-33050,5,-500,-1.49,1224200,6923,6705,--218,+3514,206101,200328,--5773,+107017,KRX
20210112,+33550,2,+1750,+5.50,2251689,13212,9480,--3732,--2012,405701,292911,--112790,--60738,KRX
20210111,-31800,5,-950,-2.90,1621108,10834,9114,--1720,--3053,336784,284732,--52052,--92148,KRX
20210108,+32750,2,+1950,+6.33,2066290,7724,9057,+1333,+1412,239748,279844,+40096,+42636,KRX
20210107,+30800,2,+450,+1.48,552883,2249,2170,--79,+2854,73442,70902,--2540,+92825,KRX
20210106,-30350,5,-350,-1.14,781170,5764,2831,--2933,--2742,187940,92575,--95365,--88836,KRX
20210105,+30700,2,+900,+3.02,895327,4264,4073,--191,--3357,141915,135386,--6529,--114579,KRX
20210104,+29800,2,+1300,+4.56,908760,2069,5235,+3166,+2237,70749,178799,+108050,+75489,KRX
20201230,+28500,2,+300,+1.06,320361,840,1769,+929,+1963,29552,62113,+32561,+68937,KRX
20201229,-28200,5,-200,-0.70,304860,2227,1193,--1034,--1704,78653,42277,--36376,--60080,KRX
20201228,+28400,2,+400,+1.43,435452,1182,1852,+670,+84,41652,65356,+23704,+2865,KRX
20201224,+28000,2,+300,+1.08,299556,962,1548,+586,+32,34343,55182,+20839,+758,KRX
20201223,+27700,2,+50,+0.18,401352,2031,2585,+554,+364,74021,94102,+20081,+13470,KRX
20201222,-27650,5,-1050,-3.66,451522,1365,1555,+190,+199,48949,55560,+6611,+6679,KRX
20201221,-28700,5,-350,-1.20,326975,1095,1086,--9,--425,38147,38079,--68,--14487,KRX
20201218,+29050,2,+450,+1.57,574274,1810,2226,+416,+1828,62245,76664,+14419,+63889,KRX
20201217,-28600,5,-500,-1.72,588422,2895,1483,--1412,--9308,101461,51991,--49470,--324582,KRX
20201216,+29100,2,+1050,+3.74,957560,3194,11090,+7896,--437,112080,387192,+275112,--24108,KRX
20201215,+28050,2,+900,+3.31,884240,2392,10725,+8333,+6588,86072,385292,+299220,+234727,KRX
20201214,27150,3,0,0.00,264516,1060,2805,+1745,--1357,39139,103632,+64493,--48537,KRX
20201211,+27150,2,+100,+0.37,558211,2162,5264,+3102,--1290,79098,192128,+113030,--50303,KRX
20201210,+27050,2,+600,+2.27,517033,2654,7046,+4392,+1461,98906,262239,+163333,+51800,KRX
20201209,+26450,2,+500,+1.93,351162,754,3685,+2931,+2472,28795,140328,+111533,+93883,KRX
20201208,-25950,5,-250,-0.95,402499,1681,2140,+459,+3247,64818,82468,+17650,+123572,KRX
20201207,-26200,5,-700,-2.60,395467,3877,1089,--2788,--3365,147317,41395,--105922,--127422,KRX
20201204,+26900,2,+50,+0.19,263615,1199,1776,+577,+233,44606,66106,+21500,+8590,KRX
20201203,+26850,2,+300,+1.13,267825,1217,1561,+344,+1039,45662,58572,+12910,+39232,KRX
20201202,+26550,2,+200,+0.76,264247,1400,705,--695,+399,52975,26653,--26322,+15035,KRX
20201201,-26350,5,-50,-0.19,235531,1702,608,--1094,+1364,64256,22899,--41357,+51026,KRX
20201130,-26400,5,-500,-1.86,376411,3890,1432,--2458,--1530,146262,53879,--92383,--57944,KRX
20201127,-26900,5,-350,-1.28,185516,1216,288,--928,--299,45134,10695,--34439,--11031,KRX
20201126,+27250,2,+150,+0.55,286161,1377,748,--629,--2471,51073,27665,--23408,--90579,KRX
20201125,-27100,5,-200,-0.73,496629,2641,4483,+1842,+1561,96601,163772,+67171,+56746,KRX
20201124,-27300,5,-100,-0.36,471216,1482,1763,+281,--1544,54503,64928,+10425,--56588,KRX
20201123,+27400,2,+550,+2.05,389699,1337,3162,+1825,+2119,48975,115988,+67013,+78011,KRX
20201120,+26850,2,+150,+0.56,250829,1401,1107,--294,+580,52413,41415,--10998,+21774,KRX
20201119,-26700,5,-350,-1.29,246963,1246,372,--874,--686,46689,13917,--32772,--26008,KRX
20201118,-27050,5,-400,-1.46,323754,1503,1315,--188,+721,55227,48463,--6764,+26170,KRX
20201117,-27450,5,-150,-0.54,329823,2209,1300,--909,--3327,80305,47371,--32934,--120635,KRX
20201116,+27600,2,+550,+2.03,431589,1381,3799,+2418,+2786,50035,137736,+87701,+101373,KRX
20201113,-27050,5,-350,-1.28,330577,1548,1180,--368,+5191,56933,43261,--13672,+187399,KRX
20201112,-27400,5,-1100,-3.86,832583,7414,1855,--5559,--11074,268320,67249,--201071,--397874,KRX
20201111,+28500,2,+1000,+3.64,881518,1571,7086,+5515,+2464,56289,253092,+196803,+85286,KRX
20201110,+27500,2,+1150,+4.36,789689,1736,4787,+3051,+2288,63668,175185,+111517,+82492,KRX
20201109,+26350,2,+550,+2.13,275847,664,1427,+763,+414,25233,54258,+29025,+15600,KRX
20201106,-25800,5,-300,-1.15,146702,638,987,+349,--867,24621,38046,+13425,--33409,KRX
20201105,+26100,2,+550,+2.15,272611,894,2110,+1216,+2022,34607,81441,+46834,+78295,KRX
20201104,-25550,5,-200,-0.78,264858,1212,406,--806,--915,47251,15790,--31461,--35733,KRX
20201103,+25750,2,+350,+1.38,122177,294,403,+109,+141,11479,15751,+4272,+5551,KRX
20201102,+25400,2,+300,+1.20,108742,554,522,--32,+907,21917,20638,--1279,+35841,KRX
20201030,-25100,5,-500,-1.95,235735,1688,749,--939,+374,66793,29673,--37120,+14454,KRX
20201029,-25600,5,-550,-2.10,292385,2102,789,--1313,--1258,82530,30956,--51574,--49404,KRX
20201028,+26150,2,+200,+0.77,189656,801,746,--55,+747,30928,28758,--2170,+28625,KRX
20201027,-25950,5,-650,-2.44,299745,1610,808,--802,+97,61822,31027,--30795,+2842,KRX
20201026,-26600,5,-500,-1.85,372419,2066,1167,--899,--3378,77050,43413,--33637,--125800,KRX
20201023,+27100,2,+1150,+4.43,585770,1055,3534,+2479,+3388,39505,131668,+92163,+127069,KRX
20201022,-25950,5,-300,-1.14,135130,1448,539,--909,--1524,55600,20694,--34906,--58454,KRX
20201021,+26250,2,+500,+1.94,188902,1075,1690,+615,+705,41130,64678,+23548,+27064,KRX
20201020,-25750,5,-250,-0.96,216584,1450,1360,--90,+512,56348,52832,--3516,+19468,KRX
20201019,+26000,2,+150,+0.58,289871,2585,1983,--602,--478,98553,75569,--22984,--18183,KRX
20201016,+25850,2,+100,+0.39,149135,957,833,--124,+182,37268,32467,--4801,+6965,KRX
20201015,-25750,5,-500,-1.90,184764,901,595,--306,+202,34774,23008,--11766,+7460,KRX
20201014,-26250,5,-550,-2.05,184423,945,437,--508,--529,35702,16476,--19226,--20035,KRX
20201013,-26800,5,-100,-0.37,233401,1248,1269,+21,--753,46707,47516,+809,--28121,KRX
20201012,+26900,2,+400,+1.51,233198,766,1540,+774,+1648,28733,57663,+28930,+61798,KRX
20201008,-26500,5,-350,-1.30,218525,1826,952,--874,--1081,68632,35764,--32868,--40633,KRX
20201007,+26850,2,+500,+1.90,246593,471,678,+207,+133,17746,25511,+7765,+4944,KRX
20201006,-26350,5,-50,-0.19,176788,659,733,+74,--470,25003,27824,+2821,--18046,KRX
20201005,+26400,2,+1000,+3.94,247192,635,1179,+544,+407,24546,45413,+20867,+15537,KRX
20200929,+25400,2,+350,+1.40,197643,829,966,+137,+848,32828,38158,+5330,+33667,KRX
20200928,+25050,2,+50,+0.20,207220,1192,481,--711,--154,47522,19185,--28337,--6336,KRX
20200925,-25000,5,-550,-2.15,323872,1235,678,--557,--854,48839,26838,--22001,--34045,KRX
20200924,-25550,5,-50,-0.20,433197,1405,1702,+297,--561,55064,67108,+12044,--21784,KRX
20200923,+25600,2,+250,+0.99,262133,856,1714,+858,+1791,33698,67526,+33828,+70474,KRX
20200922,-25350,5,-950,-3.61,462899,2060,1127,--933,--568,80622,43976,--36646,--22893,KRX
20200921,-26300,5,-700,-2.59,359052,1319,954,--365,--1029,49672,35919,--13753,--38480,KRX
20200918,+27000,2,+300,+1.12,281855,1129,1793,+664,--264,42233,66960,+24727,--10106,KRX
20200917,-26700,5,-400,-1.48,475004,1873,2801,+928,+2043,70342,105175,+34833,+73791,KRX
20200916,-27100,5,-500,-1.81,984418,3234,2119,--1115,--602,116074,77116,--38958,--20586,KRX
20200915,-27600,5,-550,-1.95,490726,2264,1751,--513,--82,81826,63454,--18372,--2728,KRX
20200914,+28150,2,+550,+1.99,383368,2015,1584,--431,+1147,72532,56888,--15644,+41311,KRX
20200911,-27600,5,-750,-2.65,387384,2047,469,--1578,--1838,73910,16955,--56955,--66685,KRX
20200910,+28350,2,+200,+0.71,479004,2713,2973,+260,--155,95825,105555,+9730,--4959,KRX
20200909,-28150,5,-1050,-3.60,682021,2155,2570,+415,--798,75443,90132,+14689,--26509,KRX
20200908,+29200,2,+400,+1.39,679513,1728,2941,+1213,+2543,58990,100188,+41198,+86930,KRX
20200907,-28800,5,-350,-1.20,993760,3269,1939,--1330,+6247,111688,65956,--45732,+209870,KRX
20200904,-29150,5,-100,-0.34,2118062,10615,3038,--7577,--15313,359655,104053,--255602,--526993,KRX
20200903,+29250,2,+2450,+9.14,2721162,3369,11105,+7736,+7256,118398,389789,+271391,+253410,KRX
20200902,+26800,2,+100,+0.37,349153,873,1353,+480,--3001,32720,50701,+17981,--113383,KRX
20200901,+26700,2,+900,+3.49,612603,829,4310,+3481,+3087,31461,162825,+131364,+116255,KRX
20200831,+25800,2,+200,+0.78,297703,954,1348,+394,--120,36950,52059,+15109,--4870,KRX
20200828,+25600,2,+100,+0.39,265309,841,1355,+514,+1581,32852,52831,+19979,+61261,KRX
20200827,-25500,5,-800,-3.04,355900,1652,585,--1067,--1678,63977,22695,--41282,--64414,KRX
20200826,26300,3,0,0.00,392912,1223,1834,+611,--2098,46291,69423,+23132,--80259,KRX
20200825,+26300,2,+700,+2.73,384050,578,3287,+2709,+1692,22075,125466,+103391,+63625,KRX
20200824,-25600,5,-100,-0.39,304220,918,1935,+1017,+325,36028,75794,+39766,+12190,KRX
20200821,+25700,2,+900,+3.63,776698,3318,4010,+692,--2500,129604,157180,+27576,--100034,KRX
20200820,-24800,5,-900,-3.50,799075,2443,5635,+3192,+3677,96833,224443,+127610,+146461,KRX
20200819,-25700,5,-50,-0.19,386669,2694,2209,--485,--2882,104865,86014,--18851,--110780,KRX
20200818,-25750,5,-1350,-4.98,659799,3970,6367,+2397,+738,149298,241227,+91929,+31662,KRX
20200814,27100,3,0,0.00,691182,2875,4534,+1659,+2338,105481,165748,+60267,+86380,KRX
20200813,+27100,2,+150,+0.56,765699,5786,5107,--679,+1645,215445,189332,--26113,+60734,KRX
20200812,-26950,5,-450,-1.64,1072899,5523,3199,--2324,--977,205923,119076,--86847,--36477,KRX
20200811,+27400,2,+550,+2.05,742071,4240,2893,--1347,--2491,157141,106771,--50370,--92189,KRX
20200810,+26850,2,+1300,+5.09,1199916,3307,4451,+1144,+1712,126064,167883,+41819,+64470,KRX
20200807,+25550,2,+150,+0.59,403003,2342,1774,--568,+181,93097,70446,--22651,+6644,KRX
20200806,-25400,5,-400,-1.55,418552,2405,1656,--749,--328,93677,64382,--29295,--12264,KRX
20200805,+25800,2,+600,+2.38,615252,2641,2220,--421,--1271,104010,86979,--17031,--51142,KRX
20200804,+25200,2,+700,+2.86,317390,1208,2058,+850,+1690,48389,82500,+34111,+68422,KRX
20200803,+24500,2,+200,+0.82,301738,1666,826,--840,+1221,68054,33743,--34311,+49811,KRX
20200731,-24300,5,-650,-2.61,484757,2910,849,--2061,+1955,118870,34748,--84122,+75145,KRX
20200730,-24950,5,-950,-3.67,734928,5565,1549,--4016,--516,220423,61156,--159267,--29690,KRX
20200729,+25900,2,+300,+1.17,2136279,5332,1832,--3500,--4256,198105,68528,--129577,--159631,KRX
20200728,+25600,2,+600,+2.40,886977,2179,2935,+756,+4938,86990,117044,+30054,+194130,KRX
20200727,+25000,2,+1100,+4.60,1351751,5181,999,--4182,--4362,203387,39311,--164076,--171532,KRX
20200724,-23900,5,-400,-1.65,242089,853,1033,+180,+170,35520,42976,+7456,+6938,KRX
20200723,-24300,5,-300,-1.22,208999,927,937,+10,--247,38038,38556,+518,--10071,KRX
20200722,+24600,2,+400,+1.65,346033,1075,1332,+257,--1090,43688,54277,+10589,--44998,KRX
20200721,+24200,2,+200,+0.83,258062,744,2091,+1347,+1305,30776,86363,+55587,+53834,KRX
20200720,+24000,2,+150,+0.63,183075,695,737,+42,+837,28875,30628,+1753,+35053,KRX
20200717,-23850,5,-250,-1.04,183090,1374,579,--795,--358,57479,24179,--33300,--15315,KRX
20200716,-24100,5,-250,-1.03,214962,1203,766,--437,--203,49574,31589,--17985,--8268,KRX
20200715,+24350,2,+400,+1.67,255083,1104,870,--234,--195,45613,35896,--9717,--8116,KRX
20200714,+23950,2,+150,+0.63,174615,731,692,--39,--597,30849,29248,--1601,--24995,KRX
20200713,+23800,2,+400,+1.71,199234,769,1327,+558,+742,32221,55615,+23394,+31033,KRX
20200710,-23400,5,-650,-2.70,332612,965,781,--184,+782,40708,33069,--7639,+32200,KRX
20200709,-24050,5,-250,-1.03,294485,1995,1029,--966,--1539,82443,42604,--39839,--63015,KRX
20200708,-24300,5,-50,-0.21,283339,1513,2086,+573,+2467,62559,85735,+23176,+100278,KRX
20200707,-24350,5,-300,-1.22,324098,2860,966,--1894,--2577,116406,39304,--77102,--104946,KRX
20200706,+24650,2,+200,+0.82,228287,295,978,+683,+764,12025,39869,+27844,+31133,KRX
20200703,-24450,5,-200,-0.81,285011,552,471,--81,+599,22608,19319,--3289,+24338,KRX
20200702,-24650,5,-50,-0.20,261005,1880,1200,--680,--1419,75981,48354,--27627,--57386,KRX
20200701,+24700,2,+100,+0.41,319211,1317,2056,+739,+1620,53164,82923,+29759,+65253,KRX
20200630,24600,3,0,0.00,414303,2295,1414,--881,--1302,92256,56762,--35494,--52649,KRX
20200629,-24600,5,-550,-2.19,314328,1334,1755,+421,--970,53758,70913,+17155,--38645,KRX
20200626,+25150,2,+1050,+4.36,564237,1398,2789,+1391,+2480,56194,111994,+55800,+100502,KRX
20200625,-24100,5,-550,-2.23,400601,1819,730,--1089,--1075,74737,30035,--44702,--44087,KRX
20200624,-24650,5,-1450,-5.56,1057966,2325,2311,--14,+428,93520,92905,--615,+16122,KRX
20200623,-26100,5,-250,-0.95,817265,3282,2840,--442,+283,123728,106991,--16737,+10270,KRX
20200622,-26350,5,-300,-1.13,1136631,4036,3311,--725,+3101,153118,126111,--27007,+107023,KRX
20200619,-26650,5,-2550,-8.73,3757564,16574,12748,--3826,--3372,595459,461429,--134030,--121420,KRX
20200618,-29200,5,-650,-2.18,4839770,9562,9108,--454,+5129,322550,309940,--12610,+179118,KRX
20200617,+29850,2,+3600,+13.71,11721235,18581,12998,--5583,--1531,641595,449867,--191728,--35657,KRX
20200616,+26250,2,+100,+0.38,1982075,7978,3926,--4052,--1591,307954,151883,--156071,--66566,KRX
20200615,+26150,2,+1650,+6.73,3745454,10434,7973,--2461,--1687,394687,305182,--89505,--57218,KRX
20200612,-24500,5,-650,-2.58,476050,3297,2523,--774,--882,136133,103846,--32287,--36786,KRX
20200611,+25150,2,+100,+0.40,494127,3310,3418,+108,+56,132880,137379,+4499,+2270,KRX
20200610,-25050,5,-450,-1.76,393279,2112,2164,+52,+4065,84053,86282,+2229,+157965,KRX
20200609,+25500,2,+200,+0.79,1098364,7606,3593,--4013,--3006,294449,138713,--155736,--116156,KRX
20200608,-25300,5,-150,-0.59,474793,2682,1675,--1007,--1640,105423,65843,--39580,--64748,KRX
20200605,+25450,2,+150,+0.59,317687,1219,1852,+633,+4528,48349,73517,+25168,+177780,KRX
20200604,+25300,2,+150,+0.60,777983,6854,2959,--3895,--6957,269116,116504,--152612,--274107,KRX
20200603,+25150,2,+650,+2.65,716294,2114,5176,+3062,+2128,83903,205398,+121495,+83381,KRX
20200602,24500,3,0,0.00,302240,1048,1982,+934,+1124,43021,81135,+38114,+45912,KRX
20200601,+24500,2,+200,+0.82,354132,1466,1276,--190,+88,60116,52318,--7798,+3954,KRX
20200529,+24300,2,+300,+1.25,447332,3231,2953,--278,+1438,133961,122209,--11752,+58142,KRX
20200528,-24000,5,-500,-2.04,790000,5021,3305,--1716,--3518,206146,136252,--69894,--143847,KRX
20200527,+24500,2,+1000,+4.26,642701,2886,4688,+1802,--141,118983,192936,+73953,--8581,KRX
20200526,+23500,2,+450,+1.95,330081,1461,3404,+1943,+2813,62157,144691,+82534,+120149,KRX
20200525,-23050,5,-150,-0.65,274742,2030,1160,--870,+589,87958,50343,--37615,+25019,KRX
20200522,-23200,5,-700,-2.93,415653,3059,1600,--1459,--587,131146,68512,--62634,--26249,KRX
20200521,+23900,2,+100,+0.42,343767,2160,1288,--872,+312,90275,53890,--36385,+13596,KRX
20200520,+23800,2,+50,+0.21,242377,2491,1307,--1184,--397,105112,55131,--49981,--16526,KRX
20200519,+23750,2,+650,+2.81,401700,3345,2558,--787,--669,141542,108087,--33455,--28276,KRX
20200518,-23100,5,-350,-1.49,220870,1730,1612,--118,--655,74730,69551,--5179,--28401,KRX
20200515,+23450,2,+200,+0.86,345914,2389,2926,+537,+2797,102491,125713,+23222,+119474,KRX
20200514,-23250,5,-1050,-4.32,495053,4523,2263,--2260,--3377,193152,96900,--96252,--142649,KRX
20200513,+24300,2,+650,+2.75,384461,1933,3050,+1117,+1656,79885,126282,+46397,+68684,KRX
20200512,-23650,5,-800,-3.27,477651,2503,1964,--539,+1795,104823,82536,--22287,+72210,KRX
20200511,-24450,5,-550,-2.20,386417,3821,1487,--2334,--1260,154701,60204,--94497,--51492,KRX
20200508,-25000,5,-150,-0.60,271047,2158,1084,--1074,--2325,86136,43131,--43005,--93350,KRX
20200507,+25150,2,+550,+2.24,301319,1374,2625,+1251,+55,55406,105751,+50345,+1708,KRX
20200506,+24600,2,+250,+1.03,379897,3165,4361,+1196,+3689,128528,177165,+48637,+149194,KRX
20200504,-24350,5,-2550,-9.48,791292,5198,2705,--2493,+709,209632,109075,--100557,+17329,KRX
20200429,-26900,5,-500,-1.82,803064,5128,1926,--3202,--1174,188821,70935,--117886,--43216,KRX
20200428,+27400,2,+1350,+5.18,2733936,8600,6572,--2028,--1320,315349,240679,--74670,--47619,KRX
20200427,+26050,2,+350,+1.36,969445,3050,2342,--708,+184,117312,90261,--27051,+5899,KRX
20200424,+25700,2,+1450,+5.98,2860903,6358,5466,--892,--531,245705,212755,--32950,--17926,KRX
20200423,+24250,2,+100,+0.41,607632,2459,2098,--361,+1804,101639,86615,--15024,+75673,KRX
20200422,-24150,5,-500,-2.03,1206783,5865,3700,--2165,+2770,245303,154606,--90697,+99506,KRX
20200421,+24650,2,+1250,+5.34,5908661,14288,9353,--4935,--4565,556728,366525,--190203,--174391,KRX
20200420,+23400,2,+250,+1.08,312201,1864,1494,--370,--1248,78871,63059,--15812,--53871,KRX
20200417,+23150,2,+600,+2.66,302962,1171,2049,+878,+1811,50534,88593,+38059,+80104,KRX
20200416,-22550,5,-400,-1.74,268872,2318,1385,--933,--936,104181,62136,--42045,--42279,KRX
20200414,+22950,2,+1000,+4.56,317221,1585,1588,+3,+193,70202,70436,+234,+8798,KRX
20200413,-21950,5,-1300,-5.59,299188,2467,2277,--190,+738,109707,101143,--8564,+31161,KRX
20200410,-23250,5,-100,-0.43,262357,2257,1329,--928,+1178,96846,57121,--39725,+50356,KRX
20200409,+23350,2,+400,+1.74,370615,3934,1828,--2106,--407,168415,78334,--90081,--16616,KRX
20200408,+22950,2,+650,+2.91,504879,3603,1904,--1699,--527,156263,82798,--73465,--21912,KRX
20200407,+22300,2,+2150,+10.67,837639,5243,4071,--1172,--1588,237723,186170,--51553,--72294,KRX
20200406,+20150,2,+650,+3.33,259943,1413,1829,+416,+1117,71368,92109,+20741,+56580,KRX
20200403,-19500,5,-450,-2.26,289842,2423,1722,--701,--547,124157,88318,--35839,--27881,KRX
20200402,19950,3,0,0.00,297199,2786,2632,--154,+512,141662,133704,--7958,+25050,KRX
20200401,-19950,5,-600,-2.92,356431,3225,2559,--666,+49,158476,125468,--33008,+1709,KRX
20200331,+20550,2,+400,+1.99,367761,2777,2062,--715,--530,135020,100303,--34717,--25440,KRX
20200330,+20150,2,+350,+1.77,339888,2628,2443,--185,+732,135172,125895,--9277,+35808,KRX
20200327,+19800,2,+550,+2.86,536289,4421,3504,--917,+1718,221048,175963,--45085,+91539,KRX
20200326,+19250,2,+1050,+5.77,662070,5594,2959,--2635,--584,290673,154049,--136624,--24187,KRX
20200325,+18200,2,+1550,+9.31,654279,5337,3286,--2051,--2389,293293,180856,--112437,--132376,KRX
20200324,+16650,2,+1650,+11.00,465924,2238,2576,+338,+1084,142365,162304,+19939,+69120,KRX
20200323,-15000,5,-1750,-10.45,462930,2836,2090,--746,--1465,187246,138065,--49181,--93812,KRX
20200320,+16750,2,+1050,+6.69,717128,3186,3905,+719,--2078,201196,245827,+44631,--120692,KRX
20200319,-15700,5,-2750,-14.91,706180,3995,6792,+2797,+3200,235180,400503,+165323,+184957,KRX
20200318,-18450,5,-1750,-8.66,369689,3062,2659,--403,--828,156050,136416,--19634,--40430,KRX
20200317,-20200,5,-800,-3.81,378303,3308,3733,+425,+1431,163042,183838,+20796,+65977,KRX
20200316,-21000,5,-1050,-4.76,326383,3532,2526,--1006,--2318,161946,116765,--45181,--105336,KRX
20200313,-22050,5,-1800,-7.55,797717,5327,6639,+1312,+1205,247179,307334,+60155,+55899,KRX
20200312,-23850,5,-1650,-6.47,476674,3948,4055,+107,+139,163702,167958,+4256,+5308,KRX
20200311,-25500,5,-850,-3.23,259603,2202,2170,--32,+879,85083,84031,--1052,+33163,KRX
20200310,-26350,5,-400,-1.50,319286,3414,2503,--911,--1121,128625,94410,--34215,--42112,KRX
20200309,-26750,5,-1450,-5.14,358557,2663,2873,+210,+880,98869,106766,+7897,+31358,KRX
20200306,-28200,5,-750,-2.59,215917,1641,971,--670,+394,57854,34393,--23461,+13309,KRX
20200305,+28950,2,+550,+1.94,221897,1957,893,--1064,--1009,67583,30813,--36770,--34940,KRX
20200304,+28400,2,+650,+2.34,204105,1762,1707,--55,+751,62232,60402,--1830,+26758,KRX
20200303,27750,3,0,0.00,241573,2576,1770,--806,--1290,91652,63064,--28588,--46021,KRX
20200302,+27750,2,+250,+0.91,257513,1941,2425,+484,+383,70085,87518,+17433,+13003,KRX
20200228,-27500,5,-1600,-5.50,498985,5907,6008,+101,+133,212090,216520,+4430,+5609,KRX
20200227,-29100,5,-100,-0.34,194583,2116,2084,--32,+749,72218,71039,--1179,+25445,KRX
20200226,-29200,5,-800,-2.67,263901,3596,2815,--781,--1456,122593,95969,--26624,--49271,KRX
20200225,+30000,2,+800,+2.74,325895,3827,4502,+675,+5323,129412,152059,+22647,+179842,KRX
20200224,-29200,5,-3100,-9.60,680532,8151,3503,--4648,--5197,274605,117410,--157195,--174657,KRX
20200221,+32300,2,+150,+0.47,313991,2576,3125,+549,+435,80828,98290,+17462,+13928,KRX
20200220,-32150,5,-600,-1.83,156018,1584,1698,+114,--559,48909,52443,+3534,--16908,KRX
20200219,+32750,2,+150,+0.46,174877,2195,2868,+673,+468,67343,87785,+20442,+14110,KRX
20200218,-32600,5,-500,-1.51,152373,1212,1417,+205,--117,36972,43304,+6332,--3383,KRX
20200217,-33100,5,-200,-0.60,117465,959,1281,+322,+178,29074,38789,+9715,+5387,KRX
20200214,-33300,5,-250,-0.75,160314,1773,1917,+144,--274,53396,57724,+4328,--8131,KRX
20200213,-33550,5,-300,-0.89,197267,2467,2885,+418,--708,73576,86035,+12459,--20955,KRX
20200212,+33850,2,+150,+0.45,130367,989,2115,+1126,+913,29396,62810,+33414,+27120,KRX
20200211,-33700,5,-250,-0.74,148186,1713,1926,+213,+204,50585,56879,+6294,+6001,KRX
20200210,+33950,2,+50,+0.15,97356,1029,1038,+9,--91,30462,30755,+293,--2721,KRX
20200207,-33900,5,-350,-1.02,125092,1615,1715,+100,--563,47636,50650,+3014,--16501,KRX
20200206,+34250,2,+1200,+3.63,167347,1032,1695,+663,+124,30200,49715,+19515,+3274,KRX
20200205,+33050,2,+350,+1.07,166290,1838,2377,+539,+809,55498,71739,+16241,+24456,KRX
20200204,+32700,2,+300,+0.93,160356,1789,1519,--270,--1779,54730,46515,--8215,--54927,KRX
20200203,-32400,5,-100,-0.31,240432,2464,3973,+1509,+1709,76032,122744,+46712,+52615,KRX
20200131,-32500,5,-650,-1.96,152678,2124,1924,--200,--110,64289,58386,--5903,--3203,KRX
20200130,-33150,5,-550,-1.63,164020,2407,2317,--90,--1816,71979,69279,--2700,--54024,KRX
20200129,+33700,2,+700,+2.12,160097,1031,2757,+1726,+3429,30692,82016,+51324,+102339,KRX
20200128,-33000,5,-2150,-6.12,295585,3751,2048,--1703,--2191,111875,60860,--51015,--64849,KRX
20200123,-35150,5,-150,-0.42,158842,1584,2072,+488,+2919,45032,58866,+13834,+82628,KRX
20200122,-35300,5,-300,-0.84,201531,3503,1072,--2431,--2130,99129,30335,--68794,--60641,KRX
20200121,+35600,2,+650,+1.86,331462,2572,2271,--301,+529,72015,63862,--8153,+15496,KRX
20200120,+34950,2,+150,+0.43,176245,2149,1319,--830,--792,61063,37414,--23649,--22586,KRX
20200117,-34800,5,-300,-0.85,163866,2154,2116,--38,+421,61353,60290,--1063,+11946,KRX
20200116,-35100,5,-250,-0.71,143302,1838,1379,--459,+16,52123,39114,--13009,+372,KRX
20200115,-35350,5,-150,-0.42,261361,3460,2985,--475,--2606,98222,84841,--13381,--74373,KRX
20200114,+35500,2,+1150,+3.35,376440,3930,6061,+2131,+3002,111591,172583,+60992,+86258,KRX
20200113,+34350,2,+150,+0.44,188416,2210,1339,--871,--2940,64176,38910,--25266,--85959,KRX
20200110,-34200,5,-100,-0.29,242405,2291,4360,+2069,+784,67302,127995,+60693,+22894,KRX
20200109,+34300,2,+200,+0.59,298343,3240,4525,+1285,+5463,95041,132840,+37799,+156102,KRX
20200108,-34100,5,-550,-1.59,1092390,9683,5505,--4178,--2963,275599,157296,--118303,--83268,KRX
20200107,-34650,5,-500,-1.42,163170,2438,1223,--1215,+1467,70229,35194,--35035,+41595,KRX
20200106,+35150,2,+300,+0.86,375881,4921,2239,--2682,--2464,139796,63166,--76630,--70301,KRX
20200103,+34850,2,+150,+0.43,206894,2576,2358,--218,+881,74200,67871,--6329,+25201,KRX
20200102,-34700,5,-350,-1.00,163331,2499,1400,--1099,+1064,71712,40182,--31530,+30321,KRX
20191230,+35050,2,+150,+0.43,229919,3097,934,--2163,--1736,88497,26646,--61851,--49481,KRX
20191227,+34900,2,+500,+1.45,176411,2026,1599,--427,--623,58299,45929,--12370,--18121,KRX
20191226,-34400,5,-350,-1.01,156785,1097,1293,+196,--792,31774,37525,+5751,--22816,KRX
20191224,-34750,5,-250,-0.71,209353,1099,2087,+988,+1269,31677,60244,+28567,+36556,KRX
20191223,-35000,5,-350,-0.99,165195,1921,1640,--281,--627,54818,46829,--7989,--17825,KRX
20191220,+35350,2,+300,+0.86,183924,2160,2506,+346,+101,61385,71221,+9836,+2855,KRX
20191219,-35050,5,-250,-0.71,154437,1432,1677,+245,--688,40823,47804,+6981,--20004,KRX
20191218,-35300,5,-850,-2.35,338525,2128,3061,+933,+84,59605,86590,+26985,+3570,KRX
20191217,+36150,2,+50,+0.14,206338,2509,3358,+849,+1455,69338,92753,+23415,+40124,KRX
20191216,-36100,5,-900,-2.43,400635,3732,3126,--606,--1543,103714,87005,--16709,--42050,KRX
20191213,-37000,5,-150,-0.40,315711,3588,4525,+937,+2126,96730,122071,+25341,+57375,KRX
20191212,+37150,2,+50,+0.13,301681,6699,5510,--1189,--1190,180063,148029,--32034,--32063,KRX
20191211,-37100,5,-150,-0.40,137437,2601,2602,+1,--700,70135,70164,+29,--18725,KRX
20191210,+37250,2,+150,+0.40,135151,1658,2359,+701,+930,44613,63367,+18754,+24783,KRX
20191209,-37100,5,-800,-2.11,208553,1829,1600,--229,+303,49067,43038,--6029,+7980,KRX
20191206,-37900,5,-500,-1.30,146269,2265,1733,--532,--1436,59665,45656,--14009,--37637,KRX
20191205,+38400,2,+400,+1.05,207803,3241,4145,+904,+514,84988,108616,+23628,+13503,KRX
20191204,+38000,2,+50,+0.13,231912,3796,4186,+390,--565,99733,109858,+10125,--15158,KRX
20191203,-37950,5,-100,-0.26,143082,1600,2555,+955,+1159,42428,67711,+25283,+30638,KRX
20191202,-38050,5,-400,-1.04,113546,1748,1544,--204,--460,45755,40400,--5355,--11943,KRX
20191129,-38450,5,-100,-0.26,176941,2556,2812,+256,+2036,66464,73052,+6588,+52338,KRX
20191128,-38550,5,-1250,-3.14,194845,3210,1430,--1780,--1343,82618,36868,--45750,--34587,KRX
20191127,+39800,2,+150,+0.38,203747,2964,2527,--437,--899,74595,63432,--11163,--22857,KRX
20191126,+39650,2,+500,+1.28,191050,2610,3072,+462,+1933,65928,77622,+11694,+49511,KRX
20191125,-39150,5,-250,-0.63,192684,2761,1290,--1471,--1258,70891,33074,--37817,--32424,KRX
20191122,+39400,2,+950,+2.47,293615,4454,4241,--213,+1025,113503,108110,--5393,+26695,KRX
20191121,-38450,5,-50,-0.13,333748,4489,3251,--1238,+1110,115830,83742,--32088,+28422,KRX
20191120,-38500,5,-900,-2.28,231894,4141,1793,--2348,+111,106793,46283,--60510,+2146,KRX
20191119,+39400,2,+500,+1.29,337488,5627,3168,--2459,--1624,143265,80609,--62656,--40945,KRX
20191118,+38900,2,+650,+1.70,241425,3198,2363,--835,--692,82923,61212,--21711,--17976,KRX
20191115,+38250,2,+250,+0.66,238819,3285,3142,--143,--471,85819,82084,--3735,--12339,KRX
20191114,+38000,2,+150,+0.40,280427,3341,3669,+328,+939,87922,96526,+8604,+24564,KRX
20191113,+37850,2,+150,+0.40,374891,4374,3763,--611,+1394,115505,99545,--15960,+38575,KRX
20191112,+37700,2,+1450,+4.00,741215,7530,5525,--2005,--2808,202643,148108,--54535,--76878,KRX
20191111,-36250,5,-450,-1.23,317913,2304,3107,+803,+561,63457,85800,+22343,+15872,KRX
20191108,-36700,5,-400,-1.08,261990,2798,3040,+242,+13828,75764,82235,+6471,+361563,KRX
20191107,-37100,5,-900,-2.37,1093160,17841,4255,--13586,--10155,467845,112753,--355092,--264641,KRX
20191106,+38000,2,+650,+1.74,376556,6268,2837,--3431,--2874,165408,74957,--90451,--75771,KRX
20191105,-37350,5,-350,-0.93,223956,3614,3057,--557,+450,96355,81675,--14680,+11668,KRX
20191104,+37700,2,+900,+2.45,267645,4336,3329,--1007,--1041,114202,87854,--26348,--27474,KRX
20191101,-36800,5,-1000,-2.65,292282,3588,3622,+34,+492,96646,97772,+1126,+13253,KRX
20191031,+37800,2,+150,+0.40,185112,3107,2649,--458,--3018,82004,69877,--12127,--79791,KRX
20191030,-37650,5,-1300,-3.34,316522,1838,4398,+2560,+1352,48438,116102,+67664,+36473,KRX
20191029,-38950,5,-900,-2.26,274274,2774,3982,+1208,+1557,70432,101623,+31191,+39912,KRX
20191028,+39850,2,+200,+0.50,206465,2748,2399,--349,+46,68456,59735,--8721,+1226,KRX
20191025,-39650,5,-250,-0.63,132796,1414,1019,--395,--1507,35653,25706,--9947,--37804,KRX
20191024,+39900,2,+50,+0.13,144667,1324,2436,+1112,--625,33082,60939,+27857,--15878,KRX
20191023,-39850,5,-650,-1.60,330657,3507,5244,+1737,+2860,87923,131658,+43735,+71524,KRX
20191022,-40500,5,-150,-0.37,204196,3999,2876,--1123,+1,98809,71020,--27789,--241,KRX
20191021,-40650,5,-1000,-2.40,320261,3340,2216,--1124,+187,82160,54612,--27548,+3908,KRX
20191018,-41650,5,-150,-0.36,190201,4516,3205,--1311,--973,108335,76879,--31456,--23276,KRX
20191017,+41800,2,+500,+1.21,313759,5983,5645,--338,--351,142599,134419,--8180,--8461,KRX
20191016,41300,3,0,0.00,228402,3449,3462,+13,--1230,83444,83725,+281,--29948,KRX
20191015,-41300,5,-300,-0.72,231573,3515,4758,+1243,--11,85403,115632,+30229,+134,KRX
20191014,+41600,2,+300,+0.73,185138,2207,3461,+1254,+2659,53009,83104,+30095,+63949,KRX
20191011,-41300,5,-1050,-2.48,219775,3626,2221,--1405,--2549,87359,53505,--33854,--60743,KRX
20191010,+42350,2,+50,+0.12,334172,6411,7555,+1144,--8864,150890,177779,+26889,--210965,KRX
20191008,+42300,2,+1800,+4.44,483555,3472,13480,+10008,+12921,82404,320258,+237854,+308287,KRX
20191007,-40500,5,-2300,-5.37,502641,7740,4827,--2913,--4695,188932,118499,--70433,--112253,KRX
20191004,+42800,2,+400,+0.94,186790,3555,5337,+1782,+1617,83434,125254,+41820,+37990,KRX
20191002,-42400,5,-300,-0.70,215819,3221,3386,+165,--1005,75580,79410,+3830,--23566,KRX
20191001,+42700,2,+550,+1.30,220588,2633,3803,+1170,--4017,61624,89020,+27396,--96265,KRX
20190930,+42150,2,+1200,+2.93,303428,2069,7256,+5187,+6359,49210,172871,+123661,+151668,KRX
20190927,-40950,5,-1900,-4.43,349971,3481,2309,--1172,--2852,84051,56044,--28007,--66565,KRX
20190926,+42850,2,+550,+1.30,590330,5100,6780,+1680,+1176,116748,155306,+38558,+26840,KRX
20190925,-42300,5,-500,-1.17,249303,3942,4446,+504,--2029,92286,104004,+11718,--47762,KRX
20190924,+42800,2,+600,+1.42,313934,3054,5587,+2533,+199,71626,131106,+59480,+4244,KRX
20190923,+42200,2,+300,+0.72,211696,2216,4550,+2334,--880,52510,107746,+55236,--21605,KRX
20190920,-41900,5,-350,-0.83,346218,3794,7008,+3214,+268,90505,167346,+76841,+6807,KRX
20190919,+42250,2,+650,+1.56,275117,2295,5241,+2946,+697,54509,124543,+70034,+16104,KRX
20190918,41600,3,0,0.00,273458,2321,4570,+2249,+499,55712,109642,+53930,+11972,KRX
20190917,+41600,2,+400,+0.97,347057,3659,5409,+1750,--4265,87894,129852,+41958,--105805,KRX
20190916,-41200,5,-1000,-2.37,662753,3223,9238,+6015,+3052,78937,226700,+147763,+76128,KRX
20190911,-42200,5,-350,-0.82,628516,6358,9321,+2963,--2171,151747,223382,+71635,--49335,KRX
20190910,+42550,2,+150,+0.35,316522,3164,8298,+5134,+1357,74592,195562,+120970,+32408,KRX
20190909,-42400,5,-300,-0.70,469481,5150,8927,+3777,+397,120470,209032,+88562,+8487,KRX
20190906,+42700,2,+1350,+3.26,492859,3504,6884,+3380,--131,82588,162663,+80075,--4506,KRX
20190905,-41350,5,-1150,-2.71,511419,4697,8208,+3511,--2055,112400,196981,+84581,--48159,KRX
20190904,+42500,2,+2050,+5.07,743263,4939,10505,+5566,+3883,117558,250298,+132740,+90850,KRX
20190903,+40450,2,+1500,+3.85,484800,2877,4560,+1683,--185,71738,113628,+41890,--6036,KRX
20190902,+38950,2,+50,+0.13,163088,1118,2986,+1868,--435,28803,76729,+47926,--11014,KRX
20190830,-38900,5,-100,-0.26,291911,2927,5230,+2303,+1219,75052,133992,+58940,+31152,KRX
20190829,-39000,5,-150,-0.38,117863,1255,2339,+1084,--462,32151,59939,+27788,--11817,KRX
20190828,+39150,2,+450,+1.16,289805,2634,4180,+1546,+2084,67437,107042,+39605,+53349,KRX
20190827,+38700,2,+100,+0.26,279162,3517,2979,--538,--1976,90624,76880,--13744,--50867,KRX
20190826,+38600,2,+100,+0.26,312611,2454,3892,+1438,--881,63619,100742,+37123,--23332,KRX
20190823,+38500,2,+750,+1.99,323352,1686,4005,+2319,--3391,43974,104429,+60455,--90578,KRX
20190822,-37750,5,-1200,-3.08,471212,2021,7731,+5710,--1831,53092,204125,+151033,--42831,KRX
20190821,+38950,2,+550,+1.43,387100,1258,8799,+7541,--1502,32359,226223,+193864,--40739,KRX
20190820,38400,3,0,0.00,456889,2175,11218,+9043,--3476,56472,291075,+234603,--95604,KRX
20190819,+38400,2,+1200,+3.23,710164,2560,15079,+12519,+3275,67473,397680,+330207,+82729,KRX
20190816,+37200,2,+350,+0.95,733664,2708,11952,+9244,--2267,72588,320066,+247478,--67585,KRX
20190814,+36850,2,+1050,+2.93,1133812,2898,14409,+11511,--1788,79217,394280,+315063,--63233,KRX
20190813,+35800,2,+5100,+16.61,2869361,8670,21969,+13299,+13726,248172,626468,+378296,+392060,KRX
20190812,+30700,2,+300,+0.99,167793,1016,589,--427,--180,32939,19175,--13764,--5585,KRX
20190809,+30400,2,+1000,+3.40,162305,2075,1828,--247,--352,69080,60901,--8179,--11774,KRX
20190808,+29400,2,+650,+2.26,185532,2070,2175,+105,+976,70656,74251,+3595,+33246,KRX
20190807,-28750,5,-1050,-3.52,185751,2124,1253,--871,--517,72556,42905,--29651,--17917,KRX
20190806,-29800,5,-150,-0.50,248805,2892,2538,--354,--1431,96295,84561,--11734,--47679,KRX
20190805,-29950,5,-750,-2.44,236171,2332,3409,+1077,+1356,78152,114097,+35945,+44862,KRX
20190802,-30700,5,-700,-2.23,171925,1468,1189,--279,+381,47291,38374,--8917,+12142,KRX
20190801,-31400,5,-800,-2.48,118254,1612,952,--660,--745,51139,30080,--21059,--23761,KRX
20190731,+32200,2,+500,+1.58,126465,1528,1613,+85,+286,47859,50561,+2702,+9290,KRX
20190730,-31700,5,-250,-0.78,197630,1439,1238,--201,--45,45698,39110,--6588,--1711,KRX
20190729,-31950,5,-750,-2.29,126083,1277,1121,--156,--177,39914,35037,--4877,--5502,KRX
20190726,+32700,2,+250,+0.77,86660,1203,1224,+21,+73,36886,37511,+625,+2368,KRX
20190725,-32450,5,-950,-2.84,193296,2349,2297,--52,--503,72081,70338,--1743,--15144,KRX
20190724,33400,3,0,0.00,137543,857,1308,+451,--1310,25697,39098,+13401,--39325,KRX
20190723,+33400,2,+400,+1.21,144206,727,2488,+1761,+805,21771,74497,+52726,+23880,KRX
20190722,-33000,5,-100,-0.30,90143,800,1756,+956,--326,24165,53011,+28846,--9804,KRX
20190719,+33100,2,+200,+0.61,114680,571,1853,+1282,+230,17218,55868,+38650,+6703,KRX
20190718,+32900,2,+750,+2.33,255171,1157,2209,+1052,+583,35223,67170,+31947,+17335,KRX
20190717,+32150,2,+150,+0.47,93479,806,1275,+469,+496,25127,39739,+14612,+15392,KRX
20190716,+32000,2,+300,+0.95,139301,1538,1511,--27,+188,48144,47364,--780,+6067,KRX
20190715,+31700,2,+200,+0.63,93647,1445,1230,--215,--325,45835,38988,--6847,--10322,KRX
20190712,+31500,2,+850,+2.77,71137,875,985,+110,--27,28058,31533,+3475,--1099,KRX
20190711,+30650,2,+50,+0.16,193419,1331,1468,+137,+333,42935,47509,+4574,+10778,KRX
20190710,-30600,5,-100,-0.33,124715,1263,1067,--196,+8,41051,34847,--6204,+367,KRX
20190709,-30700,5,-550,-1.76,86689,950,746,--204,+161,30650,24079,--6571,+4931,KRX
20190708,-31250,5,-1300,-3.99,141733,1203,838,--365,--412,38075,26573,--11502,--12829,KRX
20190705,-32550,5,-450,-1.36,106850,744,791,+47,+268,22705,24032,+1327,+8114,KRX
20190704,+33000,2,+350,+1.07,153117,1415,1194,--221,+1042,42952,36165,--6787,+31965,KRX
20190703,32650,3,0,0.00,111992,1796,533,--1263,--1041,55152,16400,--38752,--31984,KRX
20190702,+32650,2,+450,+1.40,119872,1156,934,--222,+1564,35386,28618,--6768,+48393,KRX
20190701,-32200,5,-1050,-3.16,166124,2541,755,--1786,--4336,78410,23249,--55161,--131720,KRX
20190628,+33250,2,+1000,+3.10,426977,2433,4983,+2550,+2529,73173,149732,+76559,+75916,KRX
20190627,+32250,2,+400,+1.26,124945,897,918,+21,--598,27790,28433,+643,--18865,KRX
20190626,-31850,5,-350,-1.09,120392,1015,1634,+619,+1673,31773,51281,+19508,+52105,KRX
20190625,-32200,5,-400,-1.23,108640,1932,878,--1054,--1102,59756,27159,--32597,--34103,KRX
20190624,+32600,2,+200,+0.62,91356,736,784,+48,--309,22586,24092,+1506,--9668,KRX
20190621,+32400,2,+700,+2.21,200206,1952,2309,+357,--843,60457,71631,+11174,--26380,KRX
20190620,-31700,5,-450,-1.40,142125,909,2109,+1200,+651,28473,66027,+37554,+20581,KRX
20190619,-32150,5,-650,-1.98,169885,824,1373,+549,--682,25433,42406,+16973,--20668,KRX
20190618,+32800,2,+700,+2.18,169702,610,1841,+1231,+300,18642,56283,+37641,+8962,KRX
20190617,-32100,5,-200,-0.62,226306,1330,2261,+931,+303,41047,69726,+28679,+9508,KRX
20190614,-32300,5,-450,-1.37,158212,1828,2456,+628,--893,56067,75238,+19171,--27545,KRX
20190613,+32750,2,+550,+1.71,215730,2142,3663,+1521,+1025,65664,112380,+46716,+31358,KRX
20190612,-32200,5,-300,-0.92,104679,977,1473,+496,+327,30193,45551,+15358,+10166,KRX
20190611,-32500,5,-100,-0.31,157662,1615,1784,+169,--3045,49842,55034,+5192,--93721,KRX
20190610,+32600,2,+1200,+3.82,326837,1131,4345,+3214,+2856,34863,133776,+98913,+87493,KRX
20190607,31400,3,0,0.00,114223,965,1323,+358,--872,30813,42233,+11420,--27855,KRX
20190605,+31400,2,+350,+1.13,113952,1033,2263,+1230,+44,32977,72252,+39275,+1036,KRX
20190604,+31050,2,+450,+1.47,116719,733,1919,+1186,+457,23697,61936,+38239,+14158,KRX
20190603,+30600,2,+700,+2.34,147246,1350,2079,+729,+532,44459,68540,+24081,+17497,KRX
20190531,+29900,2,+150,+0.50,106327,1187,1384,+197,--1571,39741,46325,+6584,--52332,KRX
20190530,-29750,5,-550,-1.82,239071,1298,3066,+1768,+1642,43221,102137,+58916,+54697,KRX
20190529,-30300,5,-600,-1.94,152670,1382,1508,+126,--839,45544,49763,+4219,--27006,KRX
20190528,-30900,5,-150,-0.48,139221,1273,2238,+965,+991,41226,72451,+31225,+32086,KRX
20190527,-31050,5,-300,-0.96,120950,1349,1323,--26,--1350,43413,42552,--861,--42969,KRX
20190524,-31350,5,-500,-1.57,197223,1438,2762,+1324,+792,45556,87664,+42108,+25458,KRX
20190523,+31850,2,+200,+0.63,299414,1344,1876,+532,+274,42059,58709,+16650,+7931,KRX
20190522,+31650,2,+2000,+6.75,436100,1917,2175,+258,--359,62192,70911,+8719,--12169,KRX
20190521,-29650,5,-200,-0.67,179678,1209,1826,+617,+173,40895,61783,+20888,+6052,KRX
20190520,+29850,2,+50,+0.17,104255,967,1411,+444,+71,32419,47255,+14836,+2352,KRX
20190517,-29800,5,-400,-1.32,199614,1813,2186,+373,+903,60247,72731,+12484,+30005,KRX
20190516,-30200,5,-150,-0.49,131418,2105,1575,--530,--1856,69632,52111,--17521,--61034,KRX
20190515,-30350,5,-150,-0.49,212708,1682,3008,+1326,+1653,55520,99033,+43513,+54409,KRX
20190514,+30500,2,+100,+0.33,180197,2005,1678,--327,+226,66076,55180,--10896,+7252,KRX
20190513,-30400,5,-250,-0.82,123494,1307,754,--553,+691,42888,24740,--18148,+22592,KRX
20190510,-30650,5,-50,-0.16,225042,2965,1721,--1244,--1271,96972,56232,--40740,--41503,KRX
20190509,-30700,5,-350,-1.13,361234,2954,2981,+27,--1211,95349,96112,+763,--39496,KRX
20190508,+31050,2,+650,+2.14,194030,829,2067,+1238,+644,26977,67236,+40259,+20781,KRX
20190507,-30400,5,-450,-1.46,197504,1483,2077,+594,+391,48577,68055,+19478,+12910,KRX
20190503,-30850,5,-350,-1.12,134717,982,1185,+203,--181,31730,38298,+6568,--5749,KRX
20190502,+31200,2,+300,+0.97,157656,1353,1737,+384,+1149,43587,55904,+12317,+37112,KRX
20190430,+30900,2,+150,+0.49,141251,1493,728,--765,--658,48344,23549,--24795,--21322,KRX
20190429,+30750,2,+350,+1.15,112833,1074,967,--107,--154,35134,31661,--3473,--5019,KRX
20190426,-30400,5,-350,-1.14,150039,1310,1357,+47,+312,42967,44513,+1546,+10131,KRX
20190425,-30750,5,-200,-0.65,100485,996,731,--265,+507,32318,23733,--8585,+16214,KRX
20190424,30950,3,0,0.00,250059,2234,1462,--772,--142,71886,47087,--24799,--4307,KRX
20190423,30950,3,0,0.00,192915,1572,942,--630,+1092,51134,30642,--20492,+34775,KRX
20190422,+30950,2,+100,+0.32,197134,2024,302,--1722,--596,64967,9700,--55267,--18806,KRX
20190419,-30850,5,-150,-0.48,131839,1306,180,--1126,--507,42283,5822,--36461,--16563,KRX
20190418,31000,3,0,0.00,224829,2184,1565,--619,+1641,70360,50462,--19898,+52862,KRX
20190417,-31000,5,-300,-0.96,188532,2764,504,--2260,--1103,88971,16211,--72760,--35686,KRX
20190416,+31300,2,+100,+0.32,199769,2113,956,--1157,+797,67674,30600,--37074,+25746,KRX
20190415,+31200,2,+50,+0.16,298525,2912,958,--1954,--15,93647,30827,--62820,--664,KRX
20190412,-31150,5,-350,-1.11,292124,2685,746,--1939,--468,86083,23927,--62156,--15491,KRX
20190411,-31500,5,-300,-0.94,402503,3365,1894,--1471,+397,106789,60124,--46665,+11032,KRX
20190410,-31800,5,-1250,-3.78,578851,3626,1758,--1868,--915,112824,55127,--57697,--28913,KRX
20190409,-33050,5,-250,-0.75,133522,1872,919,--953,--544,56520,27736,--28784,--16540,KRX
20190408,-33300,5,-400,-1.19,139782,1318,909,--409,--757,39478,27234,--12244,--22421,KRX
20190405,-33700,5,-350,-1.03,161044,1302,1650,+348,+195,38506,48683,+10177,+5812,KRX
20190404,+34050,2,+50,+0.15,177394,1710,1863,+153,--395,50369,54734,+4365,--11722,KRX
20190403,-34000,5,-650,-1.88,258002,2541,3089,+548,+59,74613,90700,+16087,+2013,KRX
20190402,-34650,5,-550,-1.56,141893,1174,1663,+489,--1476,33745,47819,+14074,--42036,KRX
20190401,+35200,2,+800,+2.33,248924,1084,3049,+1965,+1583,30944,87054,+56110,+44963,KRX
20190329,+34400,2,+450,+1.33,191012,1329,1711,+382,+230,38515,49662,+11147,+6596,KRX
20190328,-33950,5,-200,-0.59,157048,1468,1620,+152,+672,43221,47772,+4551,+19805,KRX
20190327,-34150,5,-200,-0.58,140280,1760,1240,--520,--1119,51551,36297,--15254,--32366,KRX
20190326,+34350,2,+100,+0.29,199749,2263,2862,+599,+706,65322,82434,+17112,+20236,KRX
20190325,+34250,2,+300,+0.88,283154,2768,2661,--107,--1015,79934,76810,--3124,--29939,KRX
20190322,+33950,2,+800,+2.41,245343,1462,2370,+908,+2892,43125,69940,+26815,+85898,KRX
20190321,-33150,5,-1300,-3.77,303984,3832,1848,--1984,--1318,114021,54938,--59083,--39728,KRX
20190320,-34450,5,-350,-1.01,193351,2234,1568,--666,--511,65047,45692,--19355,--14945,KRX
20190319,-34800,5,-300,-0.85,201989,1856,1701,--155,--5140,53083,48673,--4410,--147598,KRX
20190318,+35100,2,+1350,+4.00,576039,1786,6771,+4985,+2002,51290,194478,+143188,+53957,KRX
20190315,+33750,2,+1250,+3.85,363503,3200,6183,+2983,+2703,95159,184390,+89231,+80689,KRX
20190314,32500,3,0,0.00,232361,2715,2995,+280,+421,83653,92195,+8542,+12900,KRX
20190313,-32500,5,-50,-0.15,114614,1334,1193,--141,+210,41010,36652,--4358,+6336,KRX
20190312,-32550,5,-200,-0.61,119032,1801,1450,--351,--686,55157,44463,--10694,--20926,KRX
20190311,+32750,2,+250,+0.77,153631,1556,1891,+335,+1691,47873,58105,+10232,+51695,KRX
20190308,-32500,5,-1000,-2.99,190212,2574,1218,--1356,--882,78873,37410,--41463,--27274,KRX
20190307,+33500,2,+50,+0.15,139241,1979,1505,--474,--706,59207,45018,--14189,--21107,KRX
20190306,-33450,5,-650,-1.91,210026,2008,2240,+232,--2396,59943,66861,+6918,--70232,KRX
20190305,+34100,2,+750,+2.25,314538,2288,4916,+2628,+1844,67404,144554,+77150,+54106,KRX
20190304,+33350,2,+400,+1.21,218251,2105,2889,+784,+1156,62479,85523,+23044,+34302,KRX
20190228,-32950,5,-700,-2.08,194292,2609,2237,--372,--940,78320,67062,--11258,--28106,KRX
20190227,+33650,2,+450,+1.36,228436,1256,1824,+568,+405,37348,54196,+16848,+11962,KRX
20190226,-33200,5,-50,-0.15,136629,1239,1402,+163,+325,37296,42182,+4886,+9709,KRX
20190225,-33250,5,-100,-0.30,161650,1971,1809,--162,--576,59061,54238,--4823,--16997,KRX
20190222,+33350,2,+50,+0.15,250874,1593,2007,+414,+545,47535,59709,+12174,+16862,KRX
20190221,+33300,2,+650,+1.99,527469,4938,4807,--131,--804,148846,144158,--4688,--25386,KRX
20190220,-32650,5,-250,-0.76,163862,726,1399,+673,+471,22326,43024,+20698,+14571,KRX
20190219,-32900,5,-250,-0.75,124460,904,1106,+202,--1937,27316,33443,+6127,--58706,KRX
20190218,+33150,2,+800,+2.47,196439,582,2721,+2139,+1923,17629,82462,+64833,+58286,KRX
20190215,-32350,5,-50,-0.15,165919,1765,1981,+216,--285,54324,60871,+6547,--8971,KRX
20190214,-32400,5,-100,-0.31,171896,1683,2184,+501,--807,52060,67578,+15518,--24882,KRX
20190213,+32500,2,+800,+2.52,173792,1426,2734,+1308,+1538,44224,84624,+40400,+47654,KRX
20190212,-31700,5,-650,-2.01,212293,2386,2156,--230,--979,74890,67636,--7254,--30371,KRX
20190211,+32350,2,+600,+1.89,190237,1252,2001,+749,--323,38750,61867,+23117,--10615,KRX
20190208,+31750,2,+250,+0.79,167729,1478,2550,+1072,--348,46855,80587,+33732,--11392,KRX
20190207,+31500,2,+750,+2.44,198626,2004,3424,+1420,+1194,64249,109373,+45124,+37693,KRX
20190201,-30750,5,-650,-2.07,217639,1761,1987,+226,--422,56971,64402,+7431,--13127,KRX
20190131,+31400,2,+150,+0.48,186620,2016,2664,+648,+236,64207,84765,+20558,+7331,KRX
20190130,+31250,2,+350,+1.13,150190,1741,2153,+412,+211,56299,69526,+13227,+6750,KRX
20190129,-30900,5,-150,-0.48,152750,1664,1865,+201,--156,54036,60513,+6477,--4972,KRX
20190128,-31050,5,-200,-0.64,196829,2127,2484,+357,--919,68800,80249,+11449,--29280,KRX
20190125,+31250,2,+200,+0.64,190615,1398,2674,+1276,+2483,44526,85255,+40729,+78655,KRX
20190124,-31050,5,-900,-2.82,247586,2972,1765,--1207,--1747,94168,56242,--37926,--54913,KRX
20190123,+31950,2,+850,+2.73,231000,2702,3242,+540,+199,84788,101775,+16987,+6060,KRX
20190122,-31100,5,-350,-1.11,139765,1688,2029,+341,--275,54063,64990,+10927,--8849,KRX
20190121,+31450,2,+850,+2.78,267858,2340,2956,+616,+356,74853,94629,+19776,+10290,KRX
20190118,-30600,5,-1450,-4.52,736861,3780,4040,+260,+464,122190,131676,+9486,+15689,KRX
20190117,-32050,5,-1200,-3.61,243492,2302,2098,--204,--554,71134,64931,--6203,--16740,KRX
20190116,+33250,2,+500,+1.53,172877,1853,2203,+350,--596,55760,66297,+10537,--18310,KRX
20190115,+32750,2,+600,+1.87,218390,1934,2880,+946,+1739,58872,87719,+28847,+53429,KRX
20190114,-32150,5,-650,-1.98,216251,2630,1837,--793,+703,81551,56969,--24582,+21277,KRX
20190111,-32800,5,-300,-0.91,347098,4021,2525,--1496,--616,123668,77809,--45859,--19494,KRX
20190110,-33100,5,-550,-1.63,275341,3278,2398,--880,--2633,98369,72004,--26365,--78285,KRX
20190109,-33650,5,-200,-0.59,243687,1626,3379,+1753,+790,48122,100042,+51920,+23577,KRX
20190108,-33850,5,-400,-1.17,197742,1928,2891,+963,+1050,56658,85001,+28343,+31406,KRX
20190107,-34250,5,-800,-2.28,459892,4596,4509,--87,--5587,135003,131940,--3063,--160440,KRX
20190104,+35050,2,+1100,+3.24,583826,3050,8550,+5500,--2172,87756,245133,+157377,--66863,KRX
20190103,+33950,2,+1000,+3.03,633226,1689,9361,+7672,+8014,49502,273742,+224240,+234658,KRX
20190102,+32950,2,+450,+1.38,140721,1168,826,--342,+526,35553,25135,--10418,+16214,KRX
20181228,32500,3,0,0.00,168609,2953,2085,--868,--1944,90624,63992,--26632,--59790,KRX
20181227,+32500,2,+900,+2.85,177620,1094,2170,+1076,+298,33778,66936,+33158,+8474,KRX
20181226,-31600,5,-1150,-3.51,345878,2191,2969,+778,+488,69228,93912,+24684,+16034,KRX
20181224,-32750,5,-650,-1.95,162534,1280,1570,+290,+641,38866,47516,+8650,+19619,KRX
20181221,+33400,2,+300,+0.91,250037,3451,3100,--351,--2503,104488,93519,--10969,--75698,KRX
20181220,+33100,2,+550,+1.69,215400,1553,3705,+2152,+2909,46884,111613,+64729,+88010,KRX
20181219,-32550,5,-450,-1.36,241770,2925,2168,--757,--2656,89616,66335,--23281,--79604,KRX
20181218,+33000,2,+1250,+3.94,532329,2724,4623,+1899,+1345,82000,138323,+56323,+38861,KRX
20181217,-31750,5,-50,-0.16,158070,1523,2077,+554,--467,47932,65394,+17462,--14804,KRX
20181214,-31800,5,-150,-0.47,152161,1599,2620,+1021,--1174,50542,82808,+32266,--36135,KRX
20181213,+31950,2,+250,+0.79,299709,3865,6060,+2195,+1667,120713,189114,+68401,+51735,KRX
20181212,-31700,5,-50,-0.16,187094,2003,2531,+528,+6,63315,79981,+16666,+358,KRX
20181211,+31750,2,+100,+0.32,138544,1460,1982,+522,+370,45776,62084,+16308,+11680,KRX
20181210,-31650,5,-550,-1.71,168028,2272,2424,+152,+2814,71345,75973,+4628,+87461,KRX
20181207,-32200,5,-850,-2.57,258458,4095,1433,--2662,--2331,127373,44540,--82833,--72796,KRX
20181206,+33050,2,+900,+2.80,448825,4478,4147,--331,--128,135858,125821,--10037,--3727,KRX
20181205,+32150,2,+50,+0.16,141703,1313,1110,--203,--1839,40932,34622,--6310,--57148,KRX
20181204,+32100,2,+300,+0.94,204448,1662,3298,+1636,--232,51613,102451,+50838,--7871,KRX
20181203,-31800,5,-650,-2.00,414766,3320,5188,+1868,+518,104342,163051,+58709,+17281,KRX
20181130,-32450,5,-200,-0.61,247472,3053,4403,+1350,+2524,94013,135441,+41428,+76742,KRX
20181129,-32650,5,-1050,-3.12,378538,4403,3229,--1174,--5372,133663,98349,--35314,--159848,KRX
20181128,+33700,2,+950,+2.90,575964,4686,8884,+4198,+4685,139239,263773,+124534,+138982,KRX
20181127,-32750,5,-1250,-3.68,320446,3851,3364,--487,--2624,115459,101011,--14448,--78258,KRX
20181126,+34000,2,+1800,+5.59,344704,2708,4845,+2137,+833,80327,144137,+63810,+23276,KRX
20181123,-32200,5,-700,-2.13,281667,2612,3916,+1304,+2801,81128,121662,+40534,+86320,KRX
20181122,-32900,5,-750,-2.23,409238,4601,3104,--1497,--727,141057,95271,--45786,--22706,KRX
20181121,-33650,5,-250,-0.74,216029,3169,2399,--770,--2047,94864,71784,--23080,--61259,KRX
20181120,+33900,2,+300,+0.89,308213,2370,3647,+1277,+33,70408,108587,+38179,+733,KRX
20181119,+33600,2,+900,+2.75,303657,2294,3538,+1244,--1703,68838,106284,+37446,--52395,KRX
20181116,+32700,2,+400,+1.24,383623,1752,4699,+2947,+2702,53361,143202,+89841,+80608,KRX
20181115,-32300,5,-2400,-6.92,992402,7799,8044,+245,--14521,236412,245645,+9233,--421429,KRX
20181114,+34700,2,+1900,+5.79,1125375,3873,18639,+14766,+13369,112854,543516,+430662,+387467,KRX
20181113,+32800,2,+700,+2.18,461276,4412,5809,+1397,+784,135953,179148,+43195,+24118,KRX
20181112,+32100,2,+550,+1.74,258687,2270,2883,+613,--964,70531,89608,+19077,--30473,KRX
20181109,+31550,2,+50,+0.16,319270,2732,4309,+1577,--2241,86008,135558,+49550,--71232,KRX
20181108,+31500,2,+800,+2.61,388356,2108,5926,+3818,--219,66673,187455,+120782,--7841,KRX
20181107,-30700,5,-1000,-3.15,528073,3551,7588,+4037,+142,113473,242096,+128623,+5349,KRX
20181106,+31700,2,+1400,+4.62,686053,3037,6932,+3895,+1972,96380,219654,+123274,+59582,KRX
20181105,+30300,2,+1450,+5.03,445425,2664,4587,+1923,--2444,89198,152890,+63692,--91031,KRX
20181102,+28850,2,+1650,+6.07,354398,735,5102,+4367,+3677,26048,180771,+154723,+129529,KRX
20181101,-27200,5,-1250,-4.39,620250,4511,5201,+690,--1684,163743,188937,+25194,--59255,KRX
20181031,+28450,2,+100,+0.35,384275,2222,4596,+2374,--2331,78705,163154,+84449,--82605,KRX
20181030,-28350,5,-350,-1.22,535011,2171,6876,+4705,--266,76745,243799,+167054,--1014,KRX
20181029,-28700,5,-750,-2.55,471982,2230,7201,+4971,+5777,75895,243963,+168068,+194742,KRX
20181026,-29450,5,-850,-2.81,382981,3491,2685,--806,--436,117123,90449,--26674,--14113,KRX
20181025,+30300,2,+500,+1.68,540432,4459,4089,--370,--3818,149439,136878,--12561,--127636,KRX
20181024,+29800,2,+750,+2.58,598831,2178,5626,+3448,+4973,72817,187892,+115075,+166880,KRX
20181023,-29050,5,-450,-1.53,326026,3619,2094,--1525,--3134,123634,71829,--51805,--106744,KRX
20181022,+29500,2,+450,+1.55,307988,1155,2764,+1609,+994,39498,94437,+54939,+33612,KRX
20181019,+29050,2,+550,+1.93,244108,1240,1855,+615,+1276,42797,64124,+21327,+46438,KRX
20181018,-28500,5,-300,-1.04,717578,5558,4897,--661,--204,191563,166452,--25111,--9137,KRX
20181017,+28800,2,+450,+1.59,225817,1699,1242,--457,--46,59203,43229,--15974,--1605,KRX
20181016,+28350,2,+250,+0.89,280850,2008,1597,--411,--3525,70598,56229,--14369,--124054,KRX
20181015,+28100,2,+450,+1.63,522116,1538,4652,+3114,+2577,54229,163914,+109685,+89877,KRX
20181012,27650,3,0,0.00,418951,3150,3687,+537,+28,112591,132399,+19808,+1278,KRX
20181011,-27650,5,-1050,-3.66,455010,3257,3766,+509,--1518,117220,135750,+18530,--51629,KRX
20181010,-28700,5,-250,-0.86,351751,2112,4139,+2027,+320,73522,143681,+70159,+11251,KRX
20181008,28950,3,0,0.00,436911,2548,4255,+1707,+851,87707,146615,+58908,+29068,KRX
20181005,+28950,2,+950,+3.39,663404,4293,5149,+856,--2041,150745,180585,+29840,--75883,KRX
20181004,+28000,2,+1700,+6.46,618480,2710,5607,+2897,+662,98203,203926,+105723,+20130,KRX
20181002,+26300,2,+1250,+4.99,599394,3231,5466,+2235,+2975,124318,209911,+85593,+114847,KRX
20181001,-25050,5,-350,-1.38,280350,1729,989,--740,+7487,68519,39265,--29254,+294851,KRX
20180928,-25400,5,-3300,-11.50,1476297,11091,2864,--8227,--13650,435452,111347,--324105,--519235,KRX
20180927,+28700,2,+2450,+9.33,935114,3403,8826,+5423,+5157,119706,314836,+195130,+185051,KRX
20180921,-26250,5,-250,-0.94,250506,2099,2365,+266,--1818,79405,89484,+10079,--69105,KRX
20180920,+26500,2,+700,+2.71,286782,963,3047,+2084,+1496,36612,115796,+79184,+56510,KRX
20180919,-25800,5,-900,-3.37,309181,1587,2175,+588,+1032,61260,83934,+22674,+39352,KRX
20180918,-26700,5,-250,-0.93,162058,953,509,--444,--451,35710,19032,--16678,--16887,KRX
20180917,+26950,2,+350,+1.32,209850,1159,1166,+7,+235,43275,43484,+209,+8710,KRX
20180914,+26600,2,+50,+0.19,173828,1047,819,--228,--103,39242,30741,--8501,--3821,KRX
20180913,+26550,2,+100,+0.38,198425,1907,1782,--125,+252,71823,67143,--4680,+9539,KRX
20180912,-26450,5,-600,-2.22,294428,2342,1965,--377,--732,88190,73971,--14219,--27628,KRX
20180911,+27050,2,+50,+0.19,257134,2539,2894,+355,+1265,94314,107723,+13409,+47292,KRX
20180910,+27000,2,+100,+0.37,364024,3463,2553,--910,--3960,128561,94678,--33883,--148767,KRX
20180907,+26900,2,+1400,+5.49,562949,1563,4613,+3050,+2222,59402,174286,+114884,+82152,KRX
20180906,+25500,2,+350,+1.39,261996,1204,2032,+828,--155,47495,80227,+32732,--6053,KRX
20180905,-25150,5,-300,-1.18,269166,2078,3061,+983,+757,82179,120964,+38785,+29737,KRX
20180904,-25450,5,-150,-0.59,219324,1347,1573,+226,--369,52921,61969,+9048,--14457,KRX
20180903,+25600,2,+600,+2.40,318324,1722,2317,+595,+824,67583,91088,+23505,+32582,KRX
20180831,-25000,5,-900,-3.47,370427,2166,1937,--229,--2356,85916,76839,--9077,--91129,KRX
20180830,+25900,2,+50,+0.19,315157,1751,3878,+2127,+324,67550,149602,+82052,+13072,KRX
20180829,+25850,2,+450,+1.77,462213,1993,3796,+1803,--823,76534,145514,+68980,--36734,KRX
20180828,+25400,2,+1300,+5.39,525817,1447,4073,+2626,+2821,57779,163493,+105714,+113715,KRX
20180827,-24100,5,-350,-1.43,186970,1216,1021,--195,--1485,50170,42169,--8001,--61026,KRX
20180824,+24450,2,+600,+2.52,272423,957,2247,+1290,+2174,39447,92472,+53025,+89728,KRX
20180823,-23850,5,-800,-3.25,283159,1518,634,--884,--1446,63041,26338,--36703,--59390,KRX
20180822,+24650,2,+600,+2.49,431107,1792,2354,+562,--390,73162,95849,+22687,--17016,KRX
20180821,+24050,2,+400,+1.69,227116,954,1906,+952,--435,39952,79655,+39703,--18510,KRX
20180820,+23650,2,+600,+2.60,464538,1537,2924,+1387,+1263,64727,122940,+58213,+52886,KRX
20180817,23050,3,0,0.00,159036,534,658,+124,+294,23056,28383,+5327,+12696,KRX
20180816,-23050,5,-450,-1.91,283656,2161,1991,--170,--1263,93605,86236,--7369,--54448,KRX
20180814,+23500,2,+1150,+5.15,370767,1400,2493,+1093,+2668,60981,108060,+47079,+116452,KRX
20180813,-22350,5,-150,-0.67,439384,3136,1561,--1575,--2109,137656,68283,--69373,--93136,KRX
20180810,+22500,2,+200,+0.90,125197,607,1141,+534,+1626,27112,50875,+23763,+72733,KRX
20180809,-22300,5,-400,-1.76,252881,2355,1263,--1092,--1014,105446,56476,--48970,--45476,KRX
20180808,+22700,2,+50,+0.22,160499,995,917,--78,+245,43880,40386,--3494,+10890,KRX
20180807,-22650,5,-100,-0.44,129078,845,522,--323,+1680,37539,23155,--14384,+72846,KRX
20180806,-22750,5,-500,-2.15,274551,2886,883,--2003,--2557,125700,38470,--87230,--111064,KRX
20180803,+23250,2,+650,+2.88,235723,1480,2034,+554,+1820,64274,88108,+23834,+79462,KRX
20180802,-22600,5,-750,-3.21,234049,2220,954,--1266,--3574,97492,41864,--55628,--155498,KRX
20180801,+23350,2,+800,+3.55,353951,1356,3664,+2308,+1815,58716,158586,+99870,+78060,KRX
20180731,-22550,5,-300,-1.31,312591,1377,1870,+493,--654,61289,83099,+21810,--28542,KRX
20180730,+22850,2,+450,+2.01,208036,826,1973,+1147,+1582,36252,86604,+50352,+69915,KRX
20180727,-22400,5,-50,-0.22,291437,1833,1398,--435,+104,82596,63033,--19563,+4299,KRX
20180726,-22450,5,-350,-1.54,242070,2639,2100,--539,--655,116771,92909,--23862,--29095,KRX
20180725,-22800,5,-350,-1.51,192534,1257,1373,+116,+146,55012,60245,+5233,+6537,KRX
20180724,+23150,2,+150,+0.65,260857,2009,1979,--30,+1876,87295,85991,--1304,+78968,KRX
20180723,-23000,5,-400,-1.71,548741,4251,2345,--1906,--2710,179916,99644,--80272,--116356,KRX
20180720,+23400,2,+1300,+5.88,613095,2575,3379,+804,+2652,109796,145880,+36084,+118377,KRX
20180719,-22100,5,-1000,-4.33,339881,2963,1115,--1848,--522,132126,49833,--82293,--25500,KRX
20180718,-23100,5,-150,-0.65,366506,2556,1230,--1326,--346,109688,52895,--56793,--14854,KRX
20180717,+23250,2,+200,+0.87,290859,2430,1450,--980,--1089,104068,62129,--41939,--46592,KRX
20180716,+23050,2,+650,+2.90,334453,2315,2424,+109,--715,100966,105619,+4653,--31866,KRX
20180713,+22400,2,+150,+0.67,354861,2369,3193,+824,+2317,106154,142673,+36519,+103007,KRX
20180712,-22250,5,-550,-2.41,432217,4295,2802,--1493,+75,190918,124430,--66488,+1576,KRX
20180711,-22800,5,-300,-1.30,359640,3960,2392,--1568,+108,171935,103871,--68064,+4704,KRX
20180710,+23100,2,+50,+0.22,222075,2767,1091,--1676,--251,120127,47359,--72768,--10180,KRX
20180709,+23050,2,+900,+4.06,340864,3349,1924,--1425,--1308,146677,84089,--62588,--57081,KRX
20180706,+22150,2,+550,+2.55,301115,1883,1766,--117,+2491,86220,80713,--5507,+114682,KRX
20180705,-21600,5,-1000,-4.42,632066,4736,2128,--2608,--2157,218837,98648,--120189,--100271,KRX
20180704,+22600,2,+150,+0.67,152827,1479,1028,--451,--64,65243,45325,--19918,--2594,KRX
20180703,-22450,5,-50,-0.22,280506,2261,1874,--387,+407,100580,83256,--17324,+15804,KRX
20180702,-22500,5,-950,-4.05,498775,2988,2194,--794,--1535,129499,96371,--33128,--64668,KRX
20180629,23450,3,0,0.00,315039,1813,2554,+741,+189,77479,109019,+31540,+8136,KRX
20180628,-23450,5,-850,-3.50,697811,4838,5390,+552,+438,205308,228712,+23404,+18098,KRX
20180627,-24300,5,-1000,-3.95,520973,4327,4441,+114,+1178,175188,180494,+5306,+47466,KRX
20180626,-25300,5,-300,-1.17,244065,2438,1374,--1064,+414,96372,54212,--42160,+15348,KRX
20180625,25600,3,0,0.00,362172,4398,2920,--1478,--2450,171580,114072,--57508,--95715,KRX
20180622,-25600,5,-650,-2.48,400186,2746,3718,+972,+493,107150,145357,+38207,+20466,KRX
20180621,-26250,5,-1050,-3.85,555543,4422,4901,+479,+25,167646,185387,+17741,+1066,KRX
20180620,-27300,5,-1050,-3.70,486790,3402,3856,+454,--26,123432,140107,+16675,--45,KRX
20180619,-28350,5,-450,-1.56,229203,2157,2637,+480,+774,74974,91694,+16720,+26225,KRX
20180618,-28800,5,-1800,-5.88,435627,3417,3123,--294,--2511,116775,107270,--9505,--82526,KRX
20180615,+30600,2,+1150,+3.90,446080,4165,6382,+2217,--593,136085,209106,+73021,--21621,KRX
20180614,-29450,5,-1350,-4.38,607834,5385,8195,+2810,+2280,179486,274128,+94642,+77829,KRX
20180612,+30800,2,+400,+1.32,372493,4388,4918,+530,+2220,142021,158834,+16813,+71333,KRX
20180611,-30400,5,-1650,-5.15,556540,6408,4718,--1690,--2803,207308,152788,--54520,--88952,KRX
20180608,+32050,2,+200,+0.63,440342,5665,6778,+1113,+349,175193,209625,+34432,+10349,KRX
20180607,+31850,2,+350,+1.11,619275,6988,7752,+764,--572,217087,241170,+24083,--18021,KRX
20180605,-31500,5,-800,-2.48,504871,3363,4699,+1336,+4041,106258,148362,+42104,+122822,KRX
20180604,-32300,5,-1150,-3.44,786228,9886,7181,--2705,+5092,297081,216363,--80718,+155038,KRX
20180601,+33450,2,+300,+0.90,877997,13573,5776,--7797,+11243,411231,175475,--235756,+340672,KRX
20180531,+33150,2,+1250,+3.92,4729153,109045,90005,--19040,--15898,3289134,2712706,--576428,--479461,KRX
20180530,-31900,5,-1000,-3.04,977654,9490,6348,--3142,--23574,293094,196127,--96967,--737654,KRX
20180529,+32900,2,+3550,+12.10,2925895,10028,30460,+20432,+18493,310707,951394,+640687,+573207,KRX
20180528,+29350,2,+750,+2.62,757969,2072,4011,+1939,+8103,72919,140399,+67480,+280753,KRX
20180525,-28600,5,-300,-1.04,1590239,15257,9093,--6164,--4905,525829,312556,--213273,--168958,KRX
20180524,+28900,2,+550,+1.94,387616,3397,2138,--1259,--1337,119979,75664,--44315,--46803,KRX
20180523,-28350,5,-150,-0.53,334641,4092,4170,+78,--17,145477,147965,+2488,--1496,KRX
20180521,-28500,5,-750,-2.56,388190,5352,5447,+95,--1002,186636,190620,+3984,--33878,KRX
20180518,+29250,2,+1300,+4.65,531265,7138,8235,+1097,--1374,246818,284680,+37862,--49965,KRX
20180517,-27950,5,-150,-0.53,347725,2190,4661,+2471,+909,78020,165847,+87827,+32202,KRX
20180516,28100,3,0,0.00,566452,4281,5843,+1562,+1586,151237,206862,+55625,+57682,KRX
20180515,-28100,5,-600,-2.09,921520,11758,11734,--24,+1990,416828,414771,--2057,+67357,KRX
20180514,-28700,5,-400,-1.37,391680,4656,2642,--2014,--2481,160785,91371,--69414,--85956,KRX
20180511,-29100,5,-400,-1.36,674959,4747,5214,+467,--2082,161052,177594,+16542,--69085,KRX
20180510,+29500,2,+450,+1.55,1253322,6345,8894,+2549,+2314,213727,299354,+85627,+79386,KRX
20180509,+29050,2,+1400,+5.06,1509889,9771,10006,+235,--9022,347064,353305,+6241,--329224,KRX
20180508,+27650,2,+1700,+6.55,1681071,6439,15696,+9257,+4696,231018,566483,+335465,+156755,KRX
20180504,+25950,2,+2050,+8.58,1440785,7439,12000,+4561,+6468,298076,476786,+178710,+258609,KRX
20180503,+23900,2,+550,+2.36,560785,5395,3488,--1907,--2944,226483,146584,--79899,--124576,KRX
20180502,-23350,5,-750,-3.11,845260,5281,6318,+1037,+2132,227409,272086,+44677,+90590,KRX
20180430,-24100,5,-2000,-7.66,1121364,5182,4087,--1095,+288,211290,165377,--45913,+6875,KRX
20180427,-26100,5,-50,-0.19,377099,3803,2420,--1383,--2680,145309,92521,--52788,--103845,KRX
20180426,+26150,2,+1100,+4.39,467908,2008,3305,+1297,+2511,77654,128711,+51057,+99470,KRX
20180425,-25050,5,-350,-1.38,313729,3224,2010,--1214,--1671,128420,80007,--48413,--66958,KRX
20180424,+25400,2,+200,+0.79,457651,3918,4375,+457,+3251,155878,174423,+18545,+128723,KRX
20180423,-25200,5,-1000,-3.82,600196,4596,1802,--2794,--2425,181059,70881,--110178,--95839,KRX
20180420,+26200,2,+100,+0.38,375064,3369,3000,--369,+2498,129456,115117,--14339,+95791,KRX
20180419,-26100,5,-550,-2.06,621991,4913,2046,--2867,--4045,188890,78760,--110130,--154295,KRX
20180418,+26650,2,+200,+0.76,294200,1936,3114,+1178,+1904,72659,116824,+44165,+71584,KRX
20180417,-26450,5,-50,-0.19,210351,2068,1342,--726,+258,77962,50543,--27419,+9599,KRX
20180416,-26500,5,-450,-1.67,373180,2889,1905,--984,+357,108569,71551,--37018,+12353,KRX
20180413,-26950,5,-350,-1.28,224184,2083,742,--1341,--1242,76756,27385,--49371,--45684,KRX
20180412,+27300,2,+400,+1.49,384785,3118,3019,--99,--401,115354,111667,--3687,--14808,KRX
20180411,26900,3,0,0.00,291300,2101,2403,+302,+1633,77871,88992,+11121,+60427,KRX
20180410,-26900,5,-750,-2.71,381925,4101,2770,--1331,--758,152006,102700,--49306,--28626,KRX
20180409,+27650,2,+50,+0.18,180262,1929,1356,--573,--378,69703,49023,--20680,--13569,KRX
20180406,27600,3,0,0.00,184514,2117,1922,--195,--304,76737,69626,--7111,--10899,KRX
20180405,+27600,2,+100,+0.36,199131,2164,2273,+109,+794,78096,81884,+3788,+28331,KRX
20180404,-27500,5,-1000,-3.51,516091,4645,3960,--685,--1719,166991,142448,--24543,--60663,KRX
20180403,-28500,5,-150,-0.52,278451,2488,3522,+1034,+3355,86948,123068,+36120,+116540,KRX
20180402,-28650,5,-950,-3.21,369249,4164,1843,--2321,--3535,144466,64046,--80420,--121893,KRX
20180330,+29600,2,+700,+2.42,205642,757,1971,+1214,+1830,25730,67203,+41473,+62976,KRX
20180329,+28900,2,+200,+0.70,240419,3454,2838,--616,--1884,120205,98702,--21503,--65627,KRX
20180328,-28700,5,-400,-1.37,231646,1891,3159,+1268,--958,65832,109956,+44124,--31993,KRX
20180327,+29100,2,+550,+1.93,382796,3268,5494,+2226,+3160,111988,188105,+76117,+108697,KRX
20180326,-28550,5,-500,-1.72,206570,2214,1280,--934,--1443,77245,44665,--32580,--49945,KRX
20180323,-29050,5,-1000,-3.33,388752,3350,3859,+509,+2535,113331,130696,+17365,+84909,KRX
20180322,-30050,5,-250,-0.83,363871,4443,2417,--2026,--4985,147939,80395,--67544,--165925,KRX
20180321,+30300,2,+1250,+4.30,738960,4616,7575,+2959,+4246,153659,252040,+98381,+143069,KRX
20180320,-29050,5,-150,-0.51,277404,3062,1775,--1287,--1565,105996,61308,--44688,--54199,KRX
20180319,-29200,5,-50,-0.17,225666,2015,2293,+278,+1240,69248,78759,+9511,+42396,KRX
20180316,-29250,5,-200,-0.68,220727,2989,2027,--962,--453,102202,69317,--32885,--15372,KRX
20180315,+29450,2,+300,+1.03,234732,1832,1323,--509,+1981,62745,45232,--17513,+68014,KRX
20180314,-29150,5,-450,-1.52,243322,3182,692,--2490,--1344,109258,23731,--85527,--46423,KRX
20180313,+29600,2,+300,+1.02,362988,3463,2317,--1146,--3306,117763,78659,--39104,--113579,KRX
20180312,+29300,2,+1000,+3.53,470965,2870,5030,+2160,+1982,99107,173582,+74475,+68281,KRX
20180309,-28300,5,-250,-0.88,356524,3450,3628,+178,--306,121204,127398,+6194,--10751,KRX
20180308,+28550,2,+600,+2.15,447250,4058,4542,+484,+2456,142738,159683,+16945,+87603,KRX
20180307,+27950,2,+200,+0.72,494937,6057,4085,--1972,--728,217781,147123,--70658,--25671,KRX
20180306,+27750,2,+250,+0.91,236378,2994,1750,--1244,--968,108296,63309,--44987,--35005,KRX
20180305,-27500,5,-400,-1.43,229404,1752,1476,--276,+5936,63019,53037,--9982,+211353,KRX
20180302,-27900,5,-1250,-4.29,633606,8830,2618,--6212,--5180,314542,93207,--221335,--186016,KRX
20180228,+29150,2,+250,+0.87,378355,3932,2900,--1032,+5138,134672,99353,--35319,+176930,KRX
20180227,-28900,5,-650,-2.20,514798,8310,2140,--6170,--6964,286079,73830,--212249,--239035,KRX
20180226,+29550,2,+1300,+4.60,813890,2998,3792,+794,+822,101294,128080,+26786,+27809,KRX
20180223,+28250,2,+100,+0.36,237389,2041,2013,--28,--752,72067,71044,--1023,--26969,KRX
20180222,-28150,5,-300,-1.05,311543,1954,2678,+724,+1154,68721,94667,+25946,+41173,KRX
20180221,+28450,2,+100,+0.35,188609,1473,1043,--430,--485,51947,36720,--15227,--17173,KRX
20180220,-28350,5,-450,-1.56,252219,1051,1106,+55,--1389,36723,38669,+1946,--48971,KRX
20180219,+28800,2,+1150,+4.16,378145,1677,3121,+1444,+1779,58419,109336,+50917,+63138,KRX
20180214,+27650,2,+400,+1.47,296452,2698,2363,--335,+23,98313,86092,--12221,+606,KRX
20180213,-27250,5,-150,-0.55,547971,4083,3725,--358,--3574,147691,134864,--12827,--130845,KRX
20180212,-27400,5,-850,-3.01,1058450,2860,6076,+3216,+4635,103771,221789,+118018,+167841,KRX
20180209,-28250,5,-1050,-3.58,574014,4187,2768,--1419,--55,147305,97482,--49823,--3822,KRX
20180208,-29300,5,-550,-1.84,603054,4930,3566,--1364,--3441,167092,121091,--46001,--114204,KRX
20180207,-29850,5,-500,-1.65,509283,2304,4381,+2077,+4499,75856,144059,+68203,+148426,KRX
20180206,-30350,5,-1050,-3.34,777109,5397,2975,--2422,+8383,178869,98646,--80223,+260832,KRX
20180205,-31400,5,-1550,-4.70,1027684,14677,3872,--10805,--2821,463065,122010,--341055,--100882,KRX
20180202,-32950,5,-700,-2.08,1220615,14231,6247,--7984,--7045,426307,186134,--240173,--212313,KRX
20180201,33650,3,0,0.00,276191,3177,2238,--939,+4119,94364,66504,--27860,+122482,KRX
20180131,-33650,5,-300,-0.88,458790,8508,3450,--5058,--989,252909,102567,--150342,--30820,KRX
20180130,-33950,5,-250,-0.73,468615,6515,2446,--4069,--462,191088,71566,--119522,--14136,KRX
20180129,+34200,2,+100,+0.29,482834,7030,3423,--3607,--5820,205316,99930,--105386,--170655,KRX
20180126,+34100,2,+950,+2.87,795631,6495,8708,+2213,+6314,191234,256503,+65269,+189216,KRX
20180125,-33150,5,-250,-0.75,456517,6507,2406,--4101,--3583,196683,72736,--123947,--108380,KRX
20180124,33400,3,0,0.00,385312,4862,4344,--518,--287,145979,130412,--15567,--8630,KRX
20180123,+33400,2,+350,+1.06,333963,3772,3541,--231,+4376,113364,106427,--6937,+132520,KRX
20180122,-33050,5,-350,-1.05,504928,7139,2532,--4607,--2894,216036,76579,--139457,--88218,KRX
20180119,-33400,5,-300,-0.89,280690,4264,2551,--1713,+289,127571,76332,--51239,+8913,KRX
20180118,+33700,2,+550,+1.66,429901,4874,2872,--2002,--2025,145797,85645,--60152,--60851,KRX
20180117,-33150,5,-350,-1.04,498867,2592,2615,+23,+1135,78211,78910,+699,+34671,KRX
20180116,+33500,2,+250,+0.75,685049,4761,3649,--1112,--1373,144060,110088,--33972,--41735,KRX
20180115,-33250,5,-550,-1.63,555007,2089,2350,+261,--1161,62639,70402,+7763,--33665,KRX
20180112,-33800,5,-900,-2.59,736323,2889,4311,+1422,--2432,84898,126326,+41428,--69513,KRX
20180111,-34700,5,-200,-0.57,384651,1649,5503,+3854,--602,47457,158398,+110941,--15482,KRX
20180110,-34900,5,-450,-1.27,507824,1519,5975,+4456,+2548,43177,169600,+126423,+72514,KRX
20180109,+35350,2,+300,+0.86,359861,2538,4446,+1908,+2757,71964,125873,+53909,+78075,KRX
20180108,-35050,5,-800,-2.23,357572,3449,2600,--849,--648,98290,74124,--24166,--18856,KRX
20180105,-35850,5,-600,-1.65,341107,2059,1858,--201,--1090,56761,51451,--5310,--29756,KRX
20180104,-36450,5,-50,-0.14,235820,1788,2677,+889,+930,49170,73616,+24446,+25634,KRX
20180103,36500,3,0,0.00,289206,2272,2231,--41,--1149,62475,61287,--1188,--31967,KRX
20180102,+36500,2,+950,+2.67,355321,2748,3856,+1108,--3219,75872,106651,+30779,--91481,KRX
20171228,+35550,2,+1300,+3.80,369665,1281,5608,+4327,+5906,36132,158392,+122260,+168947,KRX
20171227,34250,3,0,0.00,183464,2400,821,--1579,--3850,70829,24142,--46687,--112993,KRX
20171226,+34250,2,+50,+0.15,216434,320,2591,+2271,+4798,9362,75668,+66306,+139806,KRX
20171222,-34200,5,-1050,-2.98,315675,3970,1443,--2527,--4417,115570,42070,--73500,--126870,KRX
20171221,+35250,2,+350,+1.00,380472,1550,3440,+1890,+319,43755,97125,+53370,+8581,KRX
20171220,+34900,2,+150,+0.43,223563,1600,3171,+1571,+2328,45727,90516,+44789,+66129,KRX
20171219,-34750,5,-950,-2.66,309084,3033,2276,--757,+630,86466,65126,--21340,+17705,KRX
20171218,35700,3,0,0.00,220400,2750,1363,--1387,--3254,77331,38286,--39045,--91562,KRX
20171215,+35700,2,+400,+1.13,301120,2342,4209,+1867,+3638,65743,118260,+52517,+102475,KRX
20171214,-35300,5,-650,-1.81,341805,5928,4157,--1771,--2525,166819,116861,--49958,--70902,KRX
20171213,+35950,2,+350,+0.98,298846,3124,3878,+754,--4747,87298,108242,+20944,--133624,KRX
20171212,+35600,2,+1350,+3.94,747666,5916,11417,+5501,+6431,166542,321110,+154568,+181747,KRX
20171211,+34250,2,+700,+2.09,227028,2059,1129,--930,+853,60277,33098,--27179,+25620,KRX
20171208,-33550,5,-450,-1.32,229389,3038,1255,--1783,+883,90073,37274,--52799,+25963,KRX
20171207,-34000,5,-50,-0.15,300872,4368,1702,--2666,--1208,128893,50131,--78762,--36089,KRX
20171206,-34050,5,-600,-1.73,419195,5201,3743,--1458,--375,151856,109183,--42673,--11259,KRX
20171205,+34650,2,+450,+1.32,352559,3841,2758,--1083,+785,111547,80133,--31414,+23514,KRX
20171204,+34200,2,+150,+0.44,247231,3581,1713,--1868,+4468,105269,50341,--54928,+129690,KRX
20171201,-34050,5,-1200,-3.40,644233,8914,2578,--6336,--5397,259823,75205,--184618,--157826,KRX
20171130,+35250,2,+100,+0.28,307222,5564,4625,--939,--47,158113,131321,--26792,--1582,KRX
20171129,-35150,5,-150,-0.42,174425,2013,1121,--892,+1295,56991,31781,--25210,+36541,KRX
20171128,-35300,5,-400,-1.12,301804,3998,1811,--2187,--422,112955,51204,--61751,--12444,KRX
20171127,-35700,5,-450,-1.24,254566,3928,2163,--1765,--890,109566,60259,--49307,--25056,KRX
20171124,36150,3,0,0.00,202447,2094,1219,--875,--91,58073,33822,--24251,--2565,KRX
20171123,+36150,2,+200,+0.56,181624,1965,1181,--784,--156,54320,32634,--21686,--3996,KRX
20171122,+35950,2,+100,+0.28,353301,4485,3857,--628,+871,124985,107295,--17690,+23770,KRX
20171121,-35850,5,-1100,-2.98,485061,5280,3781,--1499,+4242,146064,104604,--41460,+112599,KRX
20171120,+36950,2,+150,+0.41,430264,7403,1662,--5741,--2873,198521,44462,--154059,--76094,KRX
20171117,-36800,5,-200,-0.54,329902,5774,2906,--2868,--537,157120,79155,--77965,--14790,KRX
20171116,+37000,2,+750,+2.07,318627,4317,1986,--2331,+328,116940,53765,--63175,+9310,KRX
20171115,-36250,5,-1050,-2.82,446910,5213,2554,--2659,--490,142352,69867,--72485,--13947,KRX
20171114,-37300,5,-100,-0.27,597865,5263,3094,--2169,--1723,142534,83996,--58538,--46766,KRX
20171113,-37400,5,-1150,-2.98,518468,4531,4085,--446,+49,120700,108928,--11772,+1119,KRX
20171110,-38550,5,-1550,-3.87,739093,3098,2603,--495,--760,80007,67116,--12891,--19810,KRX
20171109,-40100,5,-400,-0.99,447269,5381,5646,+265,+39,132674,139593,+6919,+1734,KRX
20171108,+40500,2,+350,+0.87,764618,9597,9823,+226,+2830,235693,240878,+5185,+70533,KRX
20171107,40150,3,0,0.00,518205,9554,6950,--2604,--8538,238857,173509,--65348,--215684,KRX
20171106,+40150,2,+1050,+2.69,951212,8147,14081,+5934,+2647,206079,356415,+150336,+66101,KRX
20171103,+39100,2,+150,+0.39,385734,3596,6883,+3287,+2578,92142,176377,+84235,+65893,KRX
20171102,-38950,5,-250,-0.64,262099,3883,4592,+709,--801,100210,118552,+18342,--20296,KRX
20171101,+39200,2,+800,+2.08,583147,7656,9166,+1510,--1949,196895,235533,+38638,--50288,KRX
20171031,-38400,5,-250,-0.65,550975,6437,9896,+3459,+3129,165692,254618,+88926,+80439,KRX
20171030,-38650,5,-600,-1.53,457028,6054,6384,+330,--14333,157122,165609,+8487,--367135,KRX
20171027,+39250,2,+2050,+5.51,1168692,5922,20585,+14663,+15706,151522,527144,+375622,+403471,KRX
20171026,+37200,2,+550,+1.50,410114,2893,1850,--1043,+2987,77479,49630,--27849,+82760,KRX
20171025,+36650,2,+400,+1.10,366298,5798,1768,--4030,--987,159072,48463,--110609,--26154,KRX
20171024,+36250,2,+200,+0.55,365264,4585,1542,--3043,--333,127221,42766,--84455,--9910,KRX
20171023,-36050,5,-1150,-3.09,467993,4255,1545,--2710,+620,117267,42722,--74545,+14560,KRX
20171020,-37200,5,-850,-2.23,677077,6729,3399,--3330,--20,179993,90888,--89105,+4138,KRX
20171019,+38050,2,+4000,+11.75,1461571,11816,8506,--3310,--540,324794,231551,--93243,--11530,KRX
20171018,+34050,2,+600,+1.79,379100,5258,2488,--2770,--2192,154857,73144,--81713,--64373,KRX
20171017,+33450,2,+100,+0.30,247027,2434,1856,--578,+1214,72787,55447,--17340,+36552,KRX
20171016,+33350,2,+200,+0.60,233607,4142,2350,--1792,+826,124653,70761,--53892,+25217,KRX
20171013,-33150,5,-800,-2.36,409256,4944,2326,--2618,+1173,149366,70257,--79109,+33183,KRX
20171012,-33950,5,-400,-1.16,462673,7005,3214,--3791,--4866,206940,94648,--112292,--143599,KRX
20171011,+34350,2,+200,+0.59,365205,4364,5439,+1075,+3230,127295,158602,+31307,+95840,KRX
20171010,+34150,2,+950,+2.86,420019,5542,3387,--2155,--3322,165227,100694,--64533,--99690,KRX
20170929,+33200,2,+450,+1.37,297000,2371,3538,+1167,+1946,71356,106513,+35157,+58967,KRX
20170928,-32750,5,-250,-0.76,244577,2886,2107,--779,+371,88273,64463,--23810,+11302,KRX
20170927,-33000,5,-200,-0.60,270490,3901,2751,--1150,--2580,118699,83587,--35112,--78238,KRX
20170926,+33200,2,+450,+1.37,336458,3026,4456,+1430,+2744,91221,134347,+43126,+82692,KRX
20170925,-32750,5,-1250,-3.68,582199,5625,4311,--1314,+1649,169358,129792,--39566,+45311,KRX
20170922,-34000,5,-1850,-5.16,812491,6686,3723,--2963,--4068,192648,107771,--84877,--115210,KRX
20170921,-35850,5,-800,-2.18,434080,2817,3922,+1105,+958,77819,108152,+30333,+26254,KRX
20170920,-36650,5,-800,-2.14,362313,2837,2984,+147,--2006,76876,80955,+4079,--53556,KRX
20170919,+37450,2,+300,+0.81,218988,1618,3771,+2153,+1388,43349,100984,+57635,+37109,KRX
20170918,-37150,5,-450,-1.20,238888,1443,2208,+765,+2167,38740,59266,+20526,+57751,KRX
20170915,-37600,5,-350,-0.92,226356,4133,2731,--1402,--1437,109822,72597,--37225,--38145,KRX
20170914,+37950,2,+450,+1.20,193969,3055,3090,+35,+943,80835,81755,+920,+25190,KRX
20170913,-37500,5,-550,-1.45,244151,2881,1973,--908,--484,76869,52599,--24270,--13127,KRX
20170912,-38050,5,-150,-0.39,186200,2593,2169,--424,--28,68168,57025,--11143,--833,KRX
20170911,+38200,2,+350,+0.92,253576,2985,2589,--396,--67,77904,67594,--10310,--1570,KRX
20170908,+37850,2,+150,+0.40,226293,1628,1299,--329,--119,43155,34415,--8740,--3139,KRX
20170907,+37700,2,+850,+2.31,293106,2278,2068,--210,+2431,60841,55240,--5601,+65645,KRX
20170906,-36850,5,-1050,-2.77,445667,4216,1575,--2641,--1955,113589,42343,--71246,--53055,KRX
20170905,-37900,5,-100,-0.26,243642,1865,1179,--686,+2901,49385,31194,--18191,+75400,KRX
20170904,-38000,5,-650,-1.68,466120,5173,1586,--3587,--2582,134492,40901,--93591,--67494,KRX
20170901,-38650,5,-150,-0.39,249067,3543,2538,--1005,--165,91173,65076,--26097,--4522,KRX
20170831,-38800,5,-200,-0.51,282681,5048,4208,--840,--1617,129764,108189,--21575,--41427,KRX
20170830,+39000,2,+100,+0.26,255351,2697,3474,+777,+3013,69008,88860,+19852,+76656,KRX
20170829,-38900,5,-300,-0.77,383267,5505,3269,--2236,--4626,140591,83787,--56804,--118325,KRX
20170828,+39200,2,+1100,+2.89,319708,1690,4080,+2390,+342,43373,104894,+61521,+7516,KRX
20170825,-38100,5,-500,-1.30,591592,3495,5543,+2048,+4880,91958,145963,+54005,+127349,KRX
20170824,-38600,5,-700,-1.78,312523,4184,1352,--2832,--1649,108252,34908,--73344,--43287,KRX
20170823,+39300,2,+350,+0.90,335919,3267,2084,--1183,--136,83121,53064,--30057,--3114,KRX
20170822,+38950,2,+400,+1.04,348528,3076,2029,--1047,+5842,79227,52284,--26943,+148925,KRX
20170821,-38550,5,-2300,-5.63,1290666,12245,5356,--6889,--8932,311407,135539,--175868,--226370,KRX
20170818,+40850,2,+1800,+4.61,1062198,4892,6935,+2043,+4110,120119,170621,+50502,+103703,KRX
20170817,-39050,5,-450,-1.14,343263,5919,3852,--2067,--1673,152065,98864,--53201,--42757,KRX
20170816,+39500,2,+1500,+3.95,634333,6278,5884,--394,+2327,159027,148583,--10444,+61205,KRX
20170814,-38000,5,-900,-2.31,447467,5985,3264,--2721,--2562,157715,86066,--71649,--67552,KRX
20170811,-38900,5,-700,-1.77,410962,3009,2850,--159,+509,76926,72829,--4097,+13187,KRX
20170810,+39600,2,+300,+0.76,575299,4486,3818,--668,--98,113525,96241,--17284,--2751,KRX
20170809,+39300,2,+300,+0.77,407674,3211,2641,--570,--658,81853,67320,--14533,--16745,KRX
20170808,-39000,5,-50,-0.13,451376,4591,4679,+88,+1354,118038,120250,+2212,+35022,KRX
20170807,+39050,2,+1400,+3.72,550962,4510,3244,--1266,--8750,115938,83128,--32810,--232687,KRX
20170804,+37650,2,+1750,+4.87,843214,4340,11824,+7484,+8244,115951,315828,+199877,+219850,KRX
20170803,-35900,5,-2500,-6.51,1436086,7711,6951,--760,+2161,208116,188143,--19973,+53907,KRX
20170802,-38400,5,-1550,-3.88,649849,6426,3505,--2921,--1491,163501,89621,--73880,--38106,KRX
20170801,+39950,2,+50,+0.13,234189,3135,1705,--1430,+691,78431,42657,--35774,+17294,KRX
20170731,+39900,2,+100,+0.25,282658,3943,1822,--2121,--745,98608,45540,--53068,--18606,KRX
20170728,-39800,5,-600,-1.49,319449,4059,2683,--1376,--1393,101532,67070,--34462,--34781,KRX
20170727,+40400,2,+450,+1.13,252200,2122,2139,+17,+2126,52869,53188,+319,+52462,KRX
20170726,-39950,5,-50,-0.13,516323,5272,3163,--2109,--2068,130709,78566,--52143,--51111,KRX
20170725,+40000,2,+300,+0.76,298750,2229,2188,--41,+1287,55689,54657,--1032,+32481,KRX
20170724,+39700,2,+50,+0.13,233842,2636,1308,--1328,--722,66532,33019,--33513,--18160,KRX
20170721,+39650,2,+250,+0.63,352058,3607,3001,--606,+4150,91290,75937,--15353,+104428,KRX
20170720,-39400,5,-250,-0.63,430159,7138,2382,--4756,--5784,179912,60131,--119781,--145538,KRX
20170719,+39650,2,+950,+2.45,607878,4903,5931,+1028,+2650,123299,149056,+25757,+66872,KRX
20170718,-38700,5,-600,-1.53,477914,4687,3065,--1622,+398,119757,78642,--41115,+10944,KRX
20170717,-39300,5,-900,-2.24,808191,8697,6677,--2020,--919,221902,169843,--52059,--26179,KRX
20170714,-40200,5,-2750,-6.40,844068,4304,3203,--1101,--2332,104142,78262,--25880,--54529,KRX
20170713,+42950,2,+250,+0.59,192552,1572,2803,+1231,+2415,36589,65238,+28649,+56389,KRX
20170712,-42700,5,-400,-0.93,226086,3492,2308,--1184,--462,81243,53503,--27740,--10937,KRX
20170711,-43100,5,-350,-0.81,261720,2672,1950,--722,+1064,62128,45325,--16803,+24179,KRX
20170710,-43450,5,-550,-1.25,187268,3179,1393,--1786,--1618,72852,31870,--40982,--37135,KRX
20170707,-44000,5,-800,-1.79,223990,3082,2914,--168,--2324,69926,66079,--3847,--51803,KRX
20170706,+44800,2,+500,+1.13,239696,2404,4560,+2156,+15,53526,101482,+47956,--439,KRX
20170705,+44300,2,+750,+1.72,284449,2223,4364,+2141,+4155,50146,98541,+48395,+94031,KRX
20170704,-43550,5,-1050,-2.35,368674,5499,3485,--2014,--935,124930,79294,--45636,--21318,KRX
20170703,+44600,2,+100,+0.22,142789,2218,1139,--1079,--779,49965,25647,--24318,--17603,KRX
20170630,-44500,5,-950,-2.09,229175,2381,2081,--300,+2065,53354,46639,--6715,+45355,KRX
20170629,+45450,2,+50,+0.11,158279,3525,1160,--2365,--532,77569,25499,--52070,--11584,KRX
20170628,-45400,5,-400,-0.87,151702,2649,816,--1833,+2422,58486,18000,--40486,+52953,KRX
20170627,+45800,2,+900,+2.00,308688,5755,1500,--4255,--2696,126343,32904,--93439,--58645,KRX
20170626,-44900,5,-500,-1.10,196271,3155,1596,--1559,--2410,70404,35610,--34794,--53540,KRX
20170623,+45400,2,+900,+2.02,246877,4132,4983,+851,+1645,91419,110165,+18746,+36935,KRX
20170622,-44500,5,-200,-0.45,282728,4294,3500,--794,--3320,97133,78944,--18189,--74560,KRX
20170621,+44700,2,+1600,+3.71,538212,5144,7670,+2526,+2328,115375,171746,+56371,+51398,KRX
20170620,-43100,5,-1200,-2.71,465219,3360,3558,+198,+2086,77240,82213,+4973,+47205,KRX
20170619,-44300,5,-850,-1.88,328558,3271,1383,--1888,--2541,73375,31143,--42232,--56605,KRX
20170616,+45150,2,+150,+0.33,236249,2427,3080,+653,+1989,53752,68125,+14373,+43526,KRX
20170615,-45000,5,-1150,-2.49,482680,3900,2564,--1336,--4301,86003,56850,--29153,--93305,KRX
20170614,-46150,5,-450,-0.97,365730,3605,6570,+2965,+1356,77700,141852,+64152,+29956,KRX
20170613,+46600,2,+450,+0.98,471711,3614,5223,+1609,--440,77479,111675,+34196,--10779,KRX
20170612,-46150,5,-600,-1.28,746547,5950,7999,+2049,+1315,129276,174251,+44975,+28598,KRX
20170609,-46750,5,-1500,-3.11,879422,7501,8235,+734,--297,158949,175326,+16377,--5192,KRX
20170608,-48250,5,-450,-0.92,501919,11158,12189,+1031,+824,232186,253755,+21569,+17306,KRX
20170607,-48700,5,-850,-1.72,317232,6293,6500,+207,--2522,128925,133188,+4263,--51081,KRX
20170605,+49550,2,+350,+0.71,291183,3848,6577,+2729,+2631,78059,133403,+55344,+53434,KRX
20170602,49200,3,0,0.00,403667,5713,5811,+98,+1081,116985,118895,+1910,+21885,KRX
20170601,-49200,5,-750,-1.50,299933,3917,2934,--983,--396,79550,59575,--19975,--8150,KRX
20170531,-49950,5,-450,-0.89,266449,6595,6008,--587,--889,131972,120147,--11825,--17766,KRX
20170530,+50400,2,+700,+1.41,229333,2254,2556,+302,+3062,45004,50945,+5941,+60787,KRX
20170529,-49700,5,-1100,-2.17,337742,4951,2191,--2760,--3718,98480,43634,--54846,--73905,KRX
20170526,+50800,2,+1550,+3.15,537594,5952,6910,+958,--3211,119207,138266,+19059,--66312,KRX
20170525,+49250,2,+1300,+2.71,501364,4573,8742,+4169,+6035,93653,179024,+85371,+124116,KRX
20170524,+47950,2,+100,+0.21,380046,6165,4299,--1866,+2057,127817,89072,--38745,+42883,KRX
20170523,-47850,5,-800,-1.64,460675,7184,3261,--3923,--1105,149525,67897,--81628,--23962,KRX
20170522,-48650,5,-750,-1.52,271241,5031,2213,--2818,--3670,102990,45324,--57666,--74893,KRX
20170519,+49400,2,+900,+1.86,291521,1837,2689,+852,+1620,37260,54487,+17227,+32960,KRX
20170518,48500,3,0,0.00,294375,5288,4520,--768,+2869,109163,93430,--15733,+58705,KRX
20170517,-48500,5,-2000,-3.96,869418,7335,3698,--3637,--2682,150468,76030,--74438,--55729,KRX
20170516,-50500,5,-800,-1.56,346122,3441,2486,--955,--1117,68145,49436,--18709,--21850,KRX
20170515,-51300,5,-200,-0.39,140334,2725,2887,+162,--1312,53142,56283,+3141,--25628,KRX
20170512,+51500,2,+200,+0.39,187155,1868,3342,+1474,--1090,36381,65150,+28769,--21141,KRX
20170511,+51300,2,+600,+1.18,341201,4542,7106,+2564,+1526,88861,138771,+49910,+30183,KRX
20170510,-50700,5,-900,-1.74,504628,6513,7551,+1038,--298,126398,146125,+19727,--6225,KRX
20170508,+51600,2,+700,+1.38,385081,5625,6961,+1336,+3843,110361,136313,+25952,+75226,KRX
20170504,+50900,2,+200,+0.39,282040,5039,2532,--2507,--2215,99026,49752,--49274,--43591,KRX
20170502,-50700,5,-1300,-2.50,408017,4162,3870,--292,+1721,81430,75747,--5683,+32853,KRX
20170428,-52000,5,-1100,-2.07,586370,9236,7223,--2013,--3573,176548,138012,--38536,--67725,KRX
20170427,+53100,2,+1800,+3.51,1176212,7609,9169,+1560,+2525,144905,174094,+29189,+47994,KRX
20170426,+51300,2,+600,+1.18,466017,4149,3184,--965,+37,81375,62570,--18805,+987,KRX
20170425,+50700,2,+600,+1.20,437456,5032,4030,--1002,--1973,99723,79931,--19792,--38667,KRX
20170424,+50100,2,+1150,+2.35,1013855,5936,6907,+971,+2669,117846,136721,+18875,+53437,KRX
20170421,-48950,5,-500,-1.01,438941,4391,2693,--1698,--2653,89568,55006,--34562,--53479,KRX
20170420,+49450,2,+250,+0.51,652523,5383,6338,+955,--10026,108404,127321,+18917,--205855,KRX
20170419,+49200,2,+1500,+3.14,968153,2063,13044,+10981,+9554,42136,266908,+224772,+194741,KRX
20170418,+47700,2,+700,+1.49,336998,3071,4498,+1427,+3706,64991,95022,+30031,+78657,KRX
20170417,-47000,5,-500,-1.05,331294,4098,1819,--2279,--1198,87362,38736,--48626,--25880,KRX
20170414,-47500,5,-150,-0.31,329403,3250,2169,--1081,+1522,68023,45277,--22746,+32162,KRX
20170413,-47650,5,-50,-0.10,404699,5539,2936,--2603,+1153,116757,61849,--54908,+23304,KRX
20170412,-47700,5,-900,-1.85,345617,6687,2931,--3756,--532,139439,61227,--78212,--10731,KRX
20170411,-48600,5,-200,-0.41,495700,6626,3402,--3224,--7018,137918,70437,--67481,--146035,KRX
20170410,+48800,2,+1250,+2.63,722173,2044,5838,+3794,+1309,42119,120673,+78554,+26289,KRX
20170407,+47550,2,+50,+0.11,277215,2144,4629,+2485,--2644,45125,97390,+52265,--55585,KRX
20170406,+47500,2,+500,+1.06,473741,2279,7408,+5129,+4070,47953,155803,+107850,+85224,KRX
20170405,-47000,5,-900,-1.88,497342,4305,5364,+1059,+2792,91281,113907,+22626,+59070,KRX
20170404,-47900,5,-150,-0.31,324687,4897,3164,--1733,--757,102425,65981,--36444,--15908,KRX
20170403,+48050,2,+950,+2.02,632675,6748,5772,--976,--4108,139331,118795,--20536,--86409,KRX
20170331,+47100,2,+350,+0.75,417463,2304,5436,+3132,+4042,48609,114482,+65873,+85651,KRX
20170330,-46750,5,-100,-0.21,346240,4143,3233,--910,+282,89340,69562,--19778,+5476,KRX
20170329,-46850,5,-850,-1.78,602527,5071,3879,--1192,--550,108233,82979,--25254,--11629,KRX
20170328,+47700,2,+550,+1.17,368823,4852,4210,--642,+78,102209,88584,--13625,+1514,KRX
20170327,-47150,5,-1050,-2.18,525370,5576,4856,--720,+701,118307,103168,--15139,+14624,KRX
20170324,-48200,5,-50,-0.10,710585,7701,6280,--1421,--10985,159590,129827,--29763,--231640,KRX
20170323,+48250,2,+2250,+4.89,1064249,2879,12443,+9564,+3345,60755,262632,+201877,+67018,KRX
20170322,+46000,2,+550,+1.21,639512,3562,9781,+6219,+5041,77408,212267,+134859,+109157,KRX
20170321,-45450,5,-350,-0.76,368015,3228,4406,+1178,--1172,70773,96475,+25702,--25019,KRX
20170320,-45800,5,-500,-1.08,365485,2096,4446,+2350,+593,45607,96328,+50721,+12844,KRX
20170317,+46300,2,+550,+1.20,459995,3830,5587,+1757,+2170,82778,120655,+37877,+47224,KRX
20170316,+45750,2,+1150,+2.58,581886,6260,5847,--413,+1356,138056,128709,--9347,+30450,KRX
20170315,-44600,5,-400,-0.89,235982,3398,1629,--1769,+1274,76363,36566,--39797,+27330,KRX
20170314,-45000,5,-900,-1.96,357772,6269,3226,--3043,--9054,138335,71208,--67127,--198874,KRX
20170313,+45900,2,+1650,+3.73,623544,3064,9075,+6011,+6724,67386,199133,+131747,+147618,KRX
20170310,-44250,5,-250,-0.56,442987,5958,5245,--713,--1280,134584,118713,--15871,--28588,KRX
20170309,-44500,5,-350,-0.78,315485,2832,3399,+567,+4498,63499,76216,+12717,+100025,KRX
20170308,-44850,5,-550,-1.21,440576,6694,2763,--3931,--4265,148246,60938,--87308,--94772,KRX
20170307,+45400,2,+1250,+2.83,494780,3409,3743,+334,+2965,75670,83134,+7464,+67081,KRX
20170306,+44150,2,+150,+0.34,311638,5383,2752,--2631,+4938,121935,62318,--59617,+111328,KRX
20170303,-44000,5,-950,-2.11,548544,10759,3190,--7569,--4992,243115,72170,--170945,--112373,KRX
20170302,+44950,2,+1050,+2.39,549015,7723,5146,--2577,--2864,174594,116022,--58572,--65091,KRX
20170228,-43900,5,-450,-1.01,469193,9012,9299,+287,+3039,205745,212264,+6519,+68556,KRX
20170227,-44350,5,-550,-1.22,326994,6317,3565,--2752,+265,142223,80186,--62037,+6098,KRX
20170224,+44900,2,+50,+0.11,515130,8521,5504,--3017,--2919,191827,123692,--68135,--65015,KRX
20170223,+44850,2,+850,+1.93,833621,6753,6655,--98,--8790,151730,148610,--3120,--203891,KRX
20170222,+44000,2,+2350,+5.64,1054394,3578,12270,+8692,+11231,82590,283361,+200771,+261590,KRX
20170221,+41650,2,+200,+0.48,402457,4854,2315,--2539,+3693,116098,55279,--60819,+87897,KRX
20170220,+41450,2,+300,+0.73,581260,8159,1927,--6232,--6238,194732,46016,--148716,--148757,KRX
20170217,+41150,2,+50,+0.12,296471,1967,1973,+6,+2716,47798,47839,+41,+65877,KRX
20170216,-41100,5,-700,-1.67,288213,4266,1556,--2710,--2381,103602,37766,--65836,--57860,KRX
20170215,+41800,2,+750,+1.83,377396,3970,3641,--329,--1163,94972,86996,--7976,--27995,KRX
20170214,+41050,2,+300,+0.74,474070,3769,4603,+834,--2826,91883,111902,+20019,--70430,KRX
20170213,+40750,2,+750,+1.88,513395,2141,5801,+3660,+6024,53250,143699,+90449,+148593,KRX
20170210,-40000,5,-1350,-3.26,760896,6341,3977,--2364,--1564,156522,98378,--58144,--38907,KRX
20170209,-41350,5,-350,-0.84,348659,3689,2889,--800,+1451,88820,69583,--19237,+34322,KRX
20170208,-41700,5,-1200,-2.80,316865,4116,1865,--2251,--2259,97939,44380,--53559,--53758,KRX
20170207,+42900,2,+650,+1.54,324006,3751,3759,+8,--3824,88436,88635,+199,--90649,KRX
20170206,+42250,2,+600,+1.44,329810,3007,6839,+3832,+6465,71317,162165,+90848,+153893,KRX
20170203,-41650,5,-1250,-2.91,536765,6333,3700,--2633,--897,151622,88577,--63045,--23026,KRX
20170202,-42900,5,-800,-1.83,346659,4965,3229,--1736,--4386,114987,74968,--40019,--101322,KRX
20170201,+43700,2,+2000,+4.80,548913,3915,6565,+2650,+3461,90127,151430,+61303,+80663,KRX
20170131,-41700,5,-200,-0.48,295705,4154,3343,--811,--2958,99167,79807,--19360,--70745,KRX
20170126,+41900,2,+200,+0.48,264416,1047,3194,+2147,+2874,25021,76406,+51385,+68724,KRX
20170125,-41700,5,-1400,-3.25,458905,2593,1866,--727,+1422,61505,44166,--17339,+32268,KRX
20170124,-43100,5,-950,-2.16,270301,3514,1365,--2149,--2407,81199,31592,--49607,--55546,KRX
20170123,+44050,2,+650,+1.50,192357,1631,1889,+258,+66,36979,42918,+5939,+1480,KRX
20170120,-43400,5,-700,-1.59,404126,3754,3946,+192,--890,86605,91064,+4459,--19867,KRX
20170119,-44100,5,-700,-1.56,310914,2892,3974,+1082,--494,65106,89432,+24326,--10796,KRX
20170118,+44800,2,+300,+0.67,284749,1288,2864,+1576,+1389,28769,63891,+35122,+30529,KRX
20170117,-44500,5,-1600,-3.47,772049,4644,4831,+187,--331,102839,107432,+4593,--6525,KRX
20170116,-46100,5,-1050,-2.23,262764,3255,3773,+518,+242,70168,81286,+11118,+5262,KRX
20170113,-47150,5,-350,-0.74,322657,3020,3296,+276,--116,64205,70061,+5856,--2409,KRX
20170112,47500,3,0,0.00,335679,2988,3380,+392,--2003,62425,70690,+8265,--42321,KRX
20170111,+47500,2,+1100,+2.37,317594,2467,4862,+2395,+809,52134,102720,+50586,+16445,KRX
20170110,-46400,5,-550,-1.17,370770,4278,5864,+1586,+2917,92504,126645,+34141,+61950,KRX
20170109,-46950,5,-1300,-2.69,393611,4856,3525,--1331,+791,102322,74513,--27809,+16515,KRX
20170106,+48250,2,+1050,+2.22,445549,4578,2456,--2122,--1907,95742,51418,--44324,--39723,KRX
20170105,+47200,2,+500,+1.07,343584,4290,4075,--215,+5776,91578,86977,--4601,+121886,KRX
20170104,-46700,5,-250,-0.53,797712,9518,3527,--5991,--8203,200936,74449,--126487,--173982,KRX
20170103,+46950,2,+2200,+4.92,977418,9311,11523,+2212,+3262,198604,246099,+47495,+71031,KRX
20170102,+44750,2,+1300,+2.99,333831,2123,1073,--1050,--667,47758,24222,--23536,--14670,KRX
20161229,+43450,2,+450,+1.05,198142,2066,1683,--383,+110,47704,38838,--8866,+2653,KRX
20161228,+43000,2,+50,+0.12,270629,2789,2296,--493,--915,64584,53065,--11519,--21291,KRX
20161227,+42950,2,+200,+0.47,283809,2695,3117,+422,+2331,63031,72803,+9772,+53674,KRX
20161226,-42750,5,-950,-2.17,354235,3109,1200,--1909,--3010,71630,27728,--43902,--69009,KRX
20161223,+43700,2,+350,+0.81,242211,2161,3262,+1101,+2662,49415,74522,+25107,+60460,KRX
20161222,-43350,5,-1550,-3.45,491255,3060,1499,--1561,--1096,69752,34399,--35353,--24973,KRX
20161221,+44900,2,+350,+0.79,249180,2828,2363,--465,--1397,63025,52645,--10380,--30539,KRX
20161220,+44550,2,+150,+0.34,526094,5572,6504,+932,+5295,123925,144084,+20159,+117893,KRX
20161219,-44400,5,-1100,-2.42,435056,4975,612,--4363,+2395,111496,13762,--97734,+50831,KRX
20161216,-45500,5,-200,-0.44,627086,10013,3255,--6758,--2198,219862,71297,--148565,--47809,KRX
20161215,+45700,2,+1000,+2.24,733743,8652,4092,--4560,+84,190275,89519,--100756,+3178,KRX
20161214,+44700,2,+950,+2.17,690546,7481,2837,--4644,+7714,167585,63651,--103934,+178071,KRX
20161213,-43750,5,-950,-2.13,712562,16518,4160,--12358,--5809,376876,94871,--282005,--132713,KRX
20161212,+44700,2,+2100,+4.93,888893,12711,6162,--6549,--3582,288527,139235,--149292,--79333,KRX
20161209,+42600,2,+250,+0.59,365561,5586,2619,--2967,+4164,131677,61718,--69959,+98039,KRX
20161208,-42350,5,-100,-0.24,652146,11036,3905,--7131,--2455,260236,92238,--167998,--57378,KRX
20161207,+42450,2,+50,+0.12,401379,7210,2534,--4676,--6137,170502,59882,--110620,--144752,KRX
20161206,+42400,2,+750,+1.80,835998,10098,11559,+1461,--2792,238036,272168,+34132,--67503,KRX
20161205,-41650,5,-1000,-2.34,1173860,9003,13256,+4253,+8340,214523,316158,+101635,+194113,KRX
20161202,-42650,5,-3400,-7.38,2013516,15723,11636,--4087,--1570,363226,270748,--92478,--37757,KRX
20161201,-46050,5,-1800,-3.76,963023,13304,10787,--2517,--6029,287926,233205,--54721,--129942,KRX
20161130,-47850,5,-2850,-5.62,4339688,136994,140506,+3512,+3148,2858394,2933615,+75221,+67873,KRX
20161129,-50700,5,-1400,-2.69,660058,11375,11739,+364,--2948,225119,232467,+7348,--55930,KRX
20161128,52100,3,0,0.00,448756,11077,14389,+3312,--4238,213443,276721,+63278,--82873,KRX
20161125,+52100,2,+1600,+3.17,519835,4644,12194,+7550,--790,89510,235661,+146151,--18789,KRX
20161124,-50500,5,-2500,-4.72,959877,7936,16276,+8340,+2872,156408,321348,+164940,+61483,KRX
20161123,-53000,5,-800,-1.49,457677,6777,12245,+5468,+1170,127963,231420,+103457,+23335,KRX
20161122,53800,3,0,0.00,500822,11012,15310,+4298,+4124,205955,286077,+80122,+77021,KRX
20161121,-53800,5,-1500,-2.71,369262,5991,6165,+174,--5325,109944,113045,+3101,--97398,KRX
20161118,-55300,5,-100,-0.18,696937,11325,16824,+5499,+6668,207794,308293,+100499,+121630,KRX
20161117,+55400,2,+200,+0.36,499550,7671,6502,--1169,--7225,138299,117168,--21131,--131094,KRX
20161116,+55200,2,+1600,+2.99,759344,12853,18909,+6056,+3001,233622,343585,+109963,+52060,KRX
20161115,-53600,5,-400,-0.74,1175763,20079,23134,+3055,+390,372025,429928,+57903,+8830,KRX
20161114,+54000,2,+2100,+4.05,949513,13452,16117,+2665,+5398,253044,302117,+49073,+102304,KRX
20161111,+51900,2,+1000,+1.96,976565,11128,8395,--2733,+628,217226,163995,--53231,+13187,KRX
20161110,+50900,2,+2400,+4.95,1741500,12412,9051,--3361,+8607,244601,178183,--66418,+169980,KRX
20161109,+48500,2,+1950,+4.19,5754038,38881,26913,--11968,--10664,776763,540365,--236398,--208589,KRX
20161108,-46550,5,-1500,-3.12,1078224,10730,9426,--1304,--3618,230067,202258,--27809,--75876,KRX
20161107,-48050,5,-150,-0.31,555126,5060,7374,+2314,+3769,104770,152837,+48067,+77641,KRX
20161104,-48200,5,-1600,-3.21,975945,8460,7005,--1455,--4817,173944,144370,--29574,--96308,KRX
20161103,+49800,2,+1300,+2.68,1092670,10495,13857,+3362,+9521,212972,279706,+66734,+197530,KRX
20161102,-48500,5,-1800,-3.58,3349890,34554,28395,--6159,+4445,723826,593030,--130796,+66905,KRX
20161101,-50300,5,-13500,-21.16,4064546,37684,27080,--10604,--11819,706381,508680,--197701,--216677,KRX
20161031,-63800,5,-300,-0.47,214695,5540,6755,+1215,--2995,86448,105424,+18976,--46264,KRX
20161028,+64100,2,+200,+0.31,230454,2413,6623,+4210,+1069,37432,102672,+65240,+16530,KRX
20161027,-63900,5,-1100,-1.69,305783,5136,8277,+3141,--3085,79965,128675,+48710,--47314,KRX
20161026,+65000,2,+400,+0.62,327774,4646,10872,+6226,--438,71607,167631,+96024,--7092,KRX
20161025,+64600,2,+100,+0.16,444031,3683,10347,+6664,+1381,56969,160085,+103116,+21758,KRX
20161024,-64500,5,-2700,-4.02,480686,4926,10209,+5283,+3974,75527,156885,+81358,+61870,KRX
20161021,-67200,5,-500,-0.74,155735,2369,3678,+1309,+411,35244,54732,+19488,+6259,KRX
20161020,+67700,2,+300,+0.45,203240,3974,4872,+898,+2493,58742,71971,+13229,+36975,KRX
20161019,+67400,2,+100,+0.15,310797,7492,5897,--1595,--13025,111058,87312,--23746,--195891,KRX
20161018,+67300,2,+1600,+2.44,460114,3727,15157,+11430,+1397,56378,228523,+172145,+18132,KRX
20161017,+65700,2,+100,+0.15,348807,5551,15584,+10033,+4609,85298,239311,+154013,+70684,KRX
20161014,+65600,2,+1700,+2.66,336471,5018,10442,+5424,+5483,77248,160577,+83329,+84059,KRX
20161013,-63900,5,-1800,-2.74,291334,5890,5831,--59,--1174,91318,90588,--730,--17657,KRX
20161012,+65700,2,+300,+0.46,265099,4234,5349,+1115,--109,64715,81642,+16927,--1765,KRX
20161011,65400,3,0,0.00,201040,4425,5649,+1224,--2903,67961,86653,+18692,--44517,KRX
20161010,+65400,2,+600,+0.93,203591,1585,5712,+4127,+2637,24282,87491,+63209,+40070,KRX
20161007,-64800,5,-800,-1.22,290419,3546,5036,+1490,--326,54864,78003,+23139,--4557,KRX
20161006,-65600,5,-100,-0.15,179363,2970,4786,+1816,+443,45393,73089,+27696,+6885,KRX
20161005,+65700,2,+300,+0.46,265928,6152,7525,+1373,+1935,94061,114872,+20811,+29896,KRX
20161004,+65400,2,+1800,+2.83,457293,6528,5966,--562,--190,102081,92996,--9085,--3164,KRX
20160930,+63600,2,+500,+0.79,245355,5231,4859,--372,+660,82509,76588,--5921,+10518,KRX
20160929,+63100,2,+100,+0.16,191206,4571,3539,--1032,+381,72699,56260,--16439,+5961,KRX
20160928,-63000,5,-500,-0.79,163221,4485,3072,--1413,--1001,71132,48732,--22400,--15834,KRX
20160927,+63500,2,+700,+1.11,292795,5678,5266,--412,+1755,90232,83666,--6566,+27866,KRX
20160926,-62800,5,-600,-0.95,205676,3710,1543,--2167,--4436,58937,24505,--34432,--70106,KRX
20160923,+63400,2,+1500,+2.42,532485,4809,7078,+2269,+1832,75682,111356,+35674,+28534,KRX
20160922,+61900,2,+400,+0.65,293185,4581,5018,+437,--16,74400,81540,+7140,--198,KRX
20160921,-61500,5,-100,-0.16,181767,3997,4450,+453,+4217,65369,72707,+7338,+69307,KRX
20160920,-61600,5,-200,-0.32,324449,8263,4499,--3764,--7530,135745,73776,--61969,--122466,KRX
20160919,+61800,2,+1400,+2.32,412626,5110,8876,+3766,+5788,82863,143360,+60497,+93950,KRX
20160913,+60400,2,+1100,+1.85,276561,6389,4367,--2022,--3353,105798,72345,--33453,--55691,KRX
20160912,-59300,5,-900,-1.50,193256,2023,3354,+1331,--210,33920,56158,+22238,--3428,KRX
20160909,-60200,5,-700,-1.15,399233,3961,5502,+1541,+1526,65847,91513,+25666,+25530,KRX
20160908,-60900,5,-300,-0.49,276598,4467,4482,+15,+2224,73289,73425,+136,+36103,KRX
20160907,-61200,5,-1600,-2.55,430534,7472,5263,--2209,--597,121969,86002,--35967,--10250,KRX
20160906,-62800,5,-900,-1.41,305844,5387,3775,--1612,+133,85743,60026,--25717,+1645,KRX
20160905,+63700,2,+900,+1.43,346916,5368,3623,--1745,--227,84222,56860,--27362,--3008,KRX
20160902,+62800,2,+1100,+1.78,394953,5402,3884,--1518,+2827,86566,62212,--24354,+46772,KRX
20160901,+61700,2,+100,+0.16,322279,6197,1852,--4345,+970,101272,30146,--71126,+15574,KRX
20160831,+61600,2,+500,+0.82,332202,6923,1608,--5315,--1252,112917,26217,--86700,--20111,KRX
20160830,+61100,2,+2000,+3.38,529534,9383,5320,--4063,--3134,154054,87465,--66589,--51107,KRX
20160829,+59100,2,+2400,+4.23,413749,5343,4414,--929,--2460,90904,75422,--15482,--42573,KRX
20160826,-56700,5,-1600,-2.74,494098,3665,5196,+1531,+765,64658,91749,+27091,+13970,KRX
20160825,-58300,5,-600,-1.02,154772,2343,3109,+766,+1150,40005,53126,+13121,+19622,KRX
20160824,-58900,5,-300,-0.51,259181,3602,3218,--384,+2111,61620,55119,--6501,+35668,KRX
20160823,-59200,5,-600,-1.00,251891,5774,3279,--2495,--6067,97590,55421,--42169,--102048,KRX
20160822,+59800,2,+1300,+2.22,309308,3440,7012,+3572,+2125,57756,117635,+59879,+35115,KRX
20160819,-58500,5,-1600,-2.66,442123,3906,5353,+1447,+3701,66352,91116,+24764,+62519,KRX
20160818,-60100,5,-100,-0.17,258749,5186,2932,--2254,--5052,86750,48995,--37755,--84954,KRX
20160817,+60200,2,+400,+0.67,287155,2569,5367,+2798,+1144,43333,90532,+47199,+19617,KRX
20160816,-59800,5,-1200,-1.97,320317,5044,6698,+1654,+1200,83902,111484,+27582,+20159,KRX
20160812,-61000,5,-300,-0.49,281928,5811,6265,+454,+492,95877,103300,+7423,+8060,KRX
20160811,+61300,2,+900,+1.49,316326,4641,4603,--38,--985,76531,75894,--637,--16373,KRX
20160810,-60400,5,-1200,-1.95,473710,6885,7832,+947,+3054,113402,129138,+15736,+50014,KRX
20160809,-61600,5,-700,-1.12,379792,6473,4366,--2107,+1078,105024,70746,--34278,+17540,KRX
20160808,+62300,2,+800,+1.30,502310,8077,4892,--3185,--8713,131144,79326,--51818,--142780,KRX
20160805,+61500,2,+2300,+3.89,648297,3123,8651,+5528,+6230,51089,142051,+90962,+102838,KRX
20160804,-59200,5,-200,-0.34,676901,6640,5938,--702,--493,112397,100521,--11876,--8499,KRX
20160803,+59400,2,+1300,+2.24,428177,5010,4801,--209,+4583,85143,81766,--3377,+79334,KRX
20160802,+58100,2,+100,+0.17,460841,8824,4032,--4792,--8356,152306,69595,--82711,--144007,KRX
20160801,+58000,2,+3900,+7.21,1072210,5286,8850,+3564,+5374,91607,152903,+61296,+95294,KRX
20160729,+54100,2,+300,+0.56,257463,4173,2363,--1810,--3065,78249,44251,--33998,--57283,KRX
20160728,+53800,2,+100,+0.19,273768,1683,2938,+1255,+1353,31062,54347,+23285,+25126,KRX
20160727,-53700,5,-300,-0.56,168135,2827,2729,--98,+1175,52702,50861,--1841,+21891,KRX
20160726,+54000,2,+500,+0.93,187332,3375,2102,--1273,--988,62943,39211,--23732,--18364,KRX
20160725,-53500,5,-300,-0.56,117188,2380,2095,--285,--953,44440,39072,--5368,--17820,KRX
20160722,-53800,5,-600,-1.10,222312,3382,4050,+668,+603,62927,75379,+12452,+11329,KRX
20160721,+54400,2,+100,+0.18,211346,3580,3645,+65,--178,65829,66952,+1123,--3540,KRX
20160720,+54300,2,+1500,+2.84,286911,2920,3163,+243,--42,54113,58776,+4663,--763,KRX
20160719,-52800,5,-100,-0.19,146654,2246,2531,+285,--759,42388,47814,+5426,--14292,KRX
20160718,-52900,5,-900,-1.67,330327,4335,5379,+1044,+1497,81808,101526,+19718,+28087,KRX
20160715,-53800,5,-1100,-2.00,262231,3729,3276,--453,--1903,68833,60464,--8369,--35037,KRX
20160714,+54900,2,+1100,+2.04,249952,1520,2970,+1450,+2188,27946,54614,+26668,+40056,KRX
20160713,-53800,5,-1100,-2.00,394820,5288,4550,--738,+737,97309,83921,--13388,+13658,KRX
20160712,+54900,2,+100,+0.18,418612,5140,3665,--1475,--2837,94619,67573,--27046,--51331,KRX
20160711,+54800,2,+2100,+3.98,711633,5386,6748,+1362,+2434,98490,122775,+24285,+44588,KRX
20160708,+52700,2,+200,+0.38,311405,3648,2576,--1072,--2094,69352,49049,--20303,--39768,KRX
20160707,+52500,2,+300,+0.57,398413,2969,3991,+1022,+1969,56347,75812,+19465,+37714,KRX
20160706,+52200,2,+900,+1.75,763973,6371,5424,--947,--7575,123341,105092,--18249,--148513,KRX
20160705,+51300,2,+2350,+4.80,1067068,4203,10831,+6628,+4191,83848,214112,+130264,+80253,KRX
20160704,+48950,2,+1300,+2.73,489709,4352,6789,+2437,+9965,89442,139453,+50011,+206629,KRX
20160701,-47650,5,-950,-1.95,437975,11191,3663,--7528,--7692,232658,76040,--156618,--160052,KRX
20160630,+48600,2,+600,+1.25,258018,2059,2223,+164,--4104,42567,46001,+3434,--84365,KRX
20160629,+48000,2,+600,+1.27,428887,2739,7007,+4268,+3832,56507,144306,+87799,+78625,KRX
20160628,+47400,2,+200,+0.42,274359,2645,3081,+436,--5242,56112,65286,+9174,--114700,KRX
20160627,+47200,2,+1350,+2.94,473740,2758,8436,+5678,+1718,58864,182738,+123874,+40260,KRX
20160624,-45850,5,-1700,-3.58,578908,5700,9660,+3960,+5520,122558,206172,+83614,+116436,KRX
20160623,-47550,5,-400,-0.83,211141,2943,1383,--1560,--2467,61919,29097,--32822,--51700,KRX
20160622,+47950,2,+200,+0.42,153193,1387,2294,+907,+316,28880,47758,+18878,+6570,KRX
20160621,-47750,5,-150,-0.31,270350,2547,3138,+591,--1290,52948,65256,+12308,--26995,KRX
20160620,+47900,2,+500,+1.05,146319,1042,2923,+1881,+4661,21751,61054,+39303,+98490,KRX
20160617,-47400,5,-300,-0.63,420370,6088,3308,--2780,--3512,129287,70100,--59187,--74334,KRX
20160616,+47700,2,+700,+1.49,383331,3554,4286,+732,+2577,74414,89561,+15147,+54241,KRX
20160615,-47000,5,-650,-1.36,270331,4660,2815,--1845,+1106,98471,59377,--39094,+22832,KRX
20160614,-47650,5,-1050,-2.16,370588,6478,3527,--2951,--9381,135713,73787,--61926,--194233,KRX
20160613,+48700,2,+1150,+2.42,478952,3451,9881,+6430,+7378,71045,203352,+132307,+152310,KRX
20160610,+47550,2,+200,+0.42,227913,2654,1706,--948,--787,56072,36069,--20003,--16412,KRX
20160609,-47350,5,-350,-0.73,364375,5474,5313,--161,--3015,115618,112027,--3591,--62950,KRX
20160608,+47700,2,+1650,+3.58,618898,4778,7632,+2854,+5747,99734,159093,+59359,+122508,KRX
20160607,-46050,5,-400,-0.86,352573,6734,3841,--2893,--6201,146612,83463,--63149,--135428,KRX
20160603,+46450,2,+2350,+5.33,459488,2467,5775,+3308,+4641,53361,125640,+72279,+102492,KRX
20160602,-44100,5,-450,-1.01,233524,3735,2402,--1333,--2303,84523,54310,--30213,--51941,KRX
20160601,+44550,2,+50,+0.11,441526,4243,5213,+970,+418,95248,116976,+21728,+9420,KRX
20160531,-44500,5,-50,-0.11,346677,3948,4500,+552,+1109,88821,101129,+12308,+24762,KRX
20160530,-44550,5,-1300,-2.84,359863,3629,3072,--557,+1967,81670,69216,--12454,+42234,KRX
20160527,-45850,5,-1150,-2.45,262114,4472,1948,--2524,--9826,97040,42352,--54688,--210405,KRX
20160526,+47000,2,+2300,+5.15,605603,3070,10372,+7302,+4371,65489,221206,+155717,+90455,KRX
20160525,44700,3,0,0.00,251922,2776,5707,+2931,--580,61958,127220,+65262,--13766,KRX
20160524,+44700,2,+200,+0.45,288838,3628,7139,+3511,+2984,81480,160508,+79028,+67131,KRX
20160523,-44500,5,-1000,-2.20,386808,3347,3874,+527,--2313,75836,87733,+11897,--51523,KRX
20160520,+45500,2,+900,+2.02,286515,3845,6685,+2840,+3989,85699,149119,+63420,+88975,KRX
20160519,-44600,5,-1700,-3.67,493486,4453,3304,--1149,--745,99303,73748,--25555,--16809,KRX
20160518,-46300,5,-300,-0.64,210130,2654,2250,--404,+1116,57613,48867,--8746,+24186,KRX
20160517,+46600,2,+200,+0.43,310762,4398,2878,--1520,+390,95517,62585,--32932,+8113,KRX
20160516,-46400,5,-800,-1.69,278851,4658,2748,--1910,--5562,100133,59088,--41045,--118930,KRX
20160513,+47200,2,+1600,+3.51,461135,1956,5608,+3652,+2425,41691,119576,+77885,+51026,KRX
20160512,-45600,5,-50,-0.11,262485,2347,3574,+1227,--585,51488,78347,+26859,--13518,KRX
20160511,+45650,2,+550,+1.22,342524,3023,4835,+1812,+2291,67128,107505,+40377,+50835,KRX
20160510,-45100,5,-1350,-2.91,436676,3925,3446,--479,--7045,86357,75899,--10458,--153564,KRX
20160509,+46450,2,+1850,+4.15,588373,3089,9655,+6566,+7194,67377,210483,+143106,+157183,KRX
20160504,-44600,5,-200,-0.45,380416,3593,2965,--628,--113,80309,66232,--14077,--2522,KRX
20160503,+44800,2,+1300,+2.99,616151,2772,2257,--515,--773,62525,50970,--11555,--17410,KRX
20160502,+43500,2,+1800,+4.32,499021,3258,3516,+258,+1015,75899,81754,+5855,+24198,KRX
20160429,-41700,5,-50,-0.12,182784,1938,1181,--757,+445,46911,28568,--18343,+10633,KRX
20160428,-41750,5,-750,-1.76,332409,3072,1870,--1202,+1538,74021,45045,--28976,+35228,KRX
20160427,-42500,5,-700,-1.62,203637,3425,685,--2740,--928,80298,16094,--64204,--22244,KRX
20160426,+43200,2,+1200,+2.86,356787,3884,2072,--1812,--2342,90085,48125,--41960,--54529,KRX
20160425,-42000,5,-50,-0.12,205365,1604,2134,+530,+43,38074,50643,+12569,+997,KRX
20160422,-42050,5,-650,-1.52,375635,1727,2214,+487,+3102,41071,52643,+11572,+72009,KRX
20160421,+42700,2,+500,+1.18,1040696,6316,3701,--2615,--3765,146432,85995,--60437,--87418,KRX
20160420,+42200,2,+750,+1.81,519337,2914,4064,+1150,+2564,68244,95225,+26981,+61062,KRX
20160419,+41450,2,+100,+0.24,191954,2825,1411,--1414,--812,68133,34052,--34081,--19625,KRX
20160418,-41350,5,-450,-1.08,300980,2901,2299,--602,--2566,69841,55385,--14456,--61209,KRX
20160415,+41800,2,+800,+1.95,596003,3919,5883,+1964,--365,93297,140050,+46753,--10268,KRX
20160414,+41000,2,+900,+2.24,486861,2198,4527,+2329,+1855,53802,110823,+57021,+44615,KRX
20160412,+40100,2,+1750,+4.56,336927,3161,3635,+474,+515,80123,92529,+12406,+13396,KRX
20160411,-38350,5,-800,-2.04,188575,1409,1368,--41,+2914,36579,35589,--990,+74920,KRX
20160408,-39150,5,-400,-1.01,224845,3660,705,--2955,--2768,93998,18088,--75910,--71097,KRX
20160407,+39550,2,+200,+0.51,217386,2270,2083,--187,+584,57582,52769,--4813,+14633,KRX
20160406,-39350,5,-850,-2.11,256315,3256,2485,--771,--333,82278,62832,--19446,--8562,KRX
20160405,+40200,2,+200,+0.50,508387,4267,3829,--438,+1418,105444,94560,--10884,+35537,KRX
20160404,+40000,2,+50,+0.13,408697,4187,2331,--1856,--666,104473,58052,--46421,--16666,KRX
20160401,-39950,5,-400,-0.99,640804,4477,3287,--1190,--2121,112160,82405,--29755,--53208,KRX
20160331,+40350,2,+2950,+7.89,977846,4403,5334,+931,+3834,112489,135942,+23453,+100499,KRX
20160330,+37400,2,+500,+1.36,650513,5669,2766,--2903,--751,150716,73670,--77046,--18733,KRX
20160329,36900,3,0,0.00,274969,4440,2288,--2152,+1017,120041,61728,--58313,+28139,KRX
20160328,+36900,2,+350,+0.96,271643,4282,1113,--3169,+23,116800,30348,--86452,+612,KRX
20160325,36550,3,0,0.00,214371,3780,588,--3192,--2594,103097,16033,--87064,--70734,KRX
20160324,-36550,5,-200,-0.54,194081,2596,1998,--598,+26,70701,54371,--16330,+629,KRX
20160323,-36750,5,-200,-0.54,407957,3982,3358,--624,--643,108651,91692,--16959,--17293,KRX
20160322,-36950,5,-50,-0.14,348501,3173,3192,+19,+909,85475,85809,+334,+24198,KRX
20160321,-37000,5,-750,-1.99,285148,4117,3227,--890,+1997,110546,86682,--23864,+52183,KRX
20160318,-37750,5,-700,-1.82,309197,7005,4118,--2887,--4526,184721,108674,--76047,--118159,KRX
20160317,+38450,2,+250,+0.65,354266,3721,5360,+1639,+2088,95758,137870,+42112,+53725,KRX
20160316,-38200,5,-1100,-2.80,283933,2552,2103,--449,--875,66300,54687,--11613,--22446,KRX
20160315,39300,3,0,0.00,182914,1891,2317,+426,+1394,48128,58961,+10833,+35448,KRX
20160314,-39300,5,-700,-1.75,250897,2771,1803,--968,+602,70445,45830,--24615,+14707,KRX
20160311,-40000,5,-650,-1.60,364293,4164,2594,--1570,--10182,103909,64587,--39322,--252880,KRX
20160310,+40650,2,+2350,+6.14,953341,1800,10412,+8612,+7829,44364,257922,+213558,+193068,KRX
20160309,-38300,5,-750,-1.92,208658,1797,2580,+783,--2077,46402,66892,+20490,--53690,KRX
20160308,-39050,5,-200,-0.51,291814,1113,3973,+2860,+1884,28856,103036,+74180,+49293,KRX
20160307,-39250,5,-450,-1.13,305326,1802,2778,+976,--5579,46107,70994,+24887,--140992,KRX
20160304,+39700,2,+750,+1.93,316271,722,7277,+6555,+3661,18273,184152,+165879,+91572,KRX
20160303,-38950,5,-950,-2.38,509285,2896,5790,+2894,--1394,74215,148522,+74307,--33554,KRX
20160302,+39900,2,+700,+1.79,383847,1440,5728,+4288,+3489,36155,144016,+107861,+87497,KRX
20160229,+39200,2,+50,+0.13,362632,3660,4459,+799,--5855,93511,113875,+20364,--151092,KRX
20160226,+39150,2,+1150,+3.03,494845,809,7463,+6654,+4578,20825,192281,+171456,+116928,KRX
20160225,-38000,5,-50,-0.13,347210,2970,5046,+2076,--2523,78119,132647,+54528,--67157,KRX
20160224,+38050,2,+750,+2.01,560342,3278,7877,+4599,+4351,86614,208299,+121685,+115038,KRX
20160223,+37300,2,+400,+1.08,540443,3444,3692,+248,--8970,92734,99381,+6647,--245834,KRX
20160222,+36900,2,+2950,+8.69,1079368,1381,10599,+9218,+8691,37821,290302,+252481,+236878,KRX
20160219,-33950,5,-50,-0.15,214773,1275,1802,+527,+221,37607,53210,+15603,+6595,KRX
20160218,+34000,2,+150,+0.44,195721,1685,1991,+306,--2134,49659,58667,+9008,--62849,KRX
20160217,+33850,2,+550,+1.65,295087,1469,3909,+2440,+2477,43590,115447,+71857,+73012,KRX
20160216,+33300,2,+100,+0.30,159663,1508,1471,--37,--577,45129,43974,--1155,--17518,KRX
20160215,+33200,2,+1000,+3.11,250641,1881,2421,+540,+644,57034,73397,+16363,+19774,KRX
20160212,+32200,2,+100,+0.31,288401,2880,2776,--104,+985,90595,87184,--3411,+30189,KRX
20160211,-32100,5,-1500,-4.46,223793,2498,1409,--1089,--1678,76745,43145,--33600,--51150,KRX
20160205,+33600,2,+750,+2.28,175626,1139,1728,+589,--628,33969,51519,+17550,--19331,KRX
20160204,+32850,2,+200,+0.61,140202,1080,2297,+1217,+2710,32838,69719,+36881,+82593,KRX
20160203,-32650,5,-850,-2.54,178437,2657,1164,--1493,--3162,81343,35631,--45712,--95498,KRX
20160202,-33500,5,-350,-1.03,128532,712,2381,+1669,--2055,21224,71010,+49786,--62022,KRX
20160201,+33850,2,+1550,+4.80,247432,321,4045,+3724,+4252,9568,121376,+111808,+127842,KRX
20160129,-32300,5,-700,-2.12,157274,1762,1234,--528,+20,54041,38007,--16034,+682,KRX
20160128,33000,3,0,0.00,135299,1620,1072,--548,--1087,49394,32678,--16716,--33086,KRX
20160127,+33000,2,+650,+2.01,137088,1178,1717,+539,+897,35846,52216,+16370,+27383,KRX
20160126,-32350,5,-300,-0.92,155217,1704,1346,--358,--1181,52234,41221,--11013,--36254,KRX
20160125,+32650,2,+1150,+3.65,171525,995,1818,+823,+1146,30668,55909,+25241,+35356,KRX
20160122,+31500,2,+300,+0.96,171459,1792,1469,--323,--738,56762,46647,--10115,--23490,KRX
20160121,+31200,2,+200,+0.65,198267,1282,1697,+415,--529,41047,54422,+13375,--17051,KRX
20160120,-31000,5,-800,-2.52,228439,1540,2484,+944,+1010,49348,79774,+30426,+32436,KRX
20160119,-31800,5,-850,-2.60,220646,1730,1664,--66,--683,53923,51913,--2010,--20907,KRX
20160118,-32650,5,-100,-0.31,143658,813,1430,+617,+835,24851,43748,+18897,+25281,KRX
20160115,-32750,5,-750,-2.24,223822,2538,2320,--218,+330,76686,70302,--6384,+10595,KRX
20160114,-33500,5,-150,-0.45,289502,3324,2776,--548,--660,101195,84216,--16979,--20414,KRX
20160113,+33650,2,+1200,+3.70,176911,872,984,+112,+805,26163,29598,+3435,+24699,KRX
20160112,-32450,5,-500,-1.52,166744,1753,1060,--693,--1322,53723,32459,--21264,--40264,KRX
20160111,-32950,5,-250,-0.75,192171,1363,1992,+629,--1495,41097,60097,+19000,--45018,KRX
20160108,+33200,2,+250,+0.76,379355,1079,3203,+2124,+2369,32476,96494,+64018,+71185,KRX
20160107,-32950,5,-850,-2.51,526932,3445,3200,--245,+8869,104051,96884,--7167,+257502,KRX
20160106,-33800,5,-1250,-3.57,1192279,12552,3438,--9114,--9342,364765,100096,--264669,--271094,KRX
20160105,-35050,5,-200,-0.57,226217,1845,2073,+228,+1925,52553,58978,+6425,+54271,KRX
20160104,-35250,5,-300,-0.84,227803,3221,1524,--1697,--418,90721,42875,--47846,--12075,KRX
20151230,+35550,2,+150,+0.42,188166,2157,878,--1279,--814,60263,24492,--35771,--22551,KRX
20151229,+35400,2,+250,+0.71,212189,1605,1140,--465,+25,45432,32212,--13220,+568,KRX
20151228,-35150,5,-400,-1.13,160738,1730,1240,--490,--1129,48961,35173,--13788,--31517,KRX
20151224,-35550,5,-250,-0.70,231407,1423,2062,+639,+892,39641,57370,+17729,+24935,KRX
20151223,-35800,5,-200,-0.56,262881,3073,2820,--253,+2556,86104,78898,--7206,+71902,KRX
20151222,+36000,2,+300,+0.84,388619,4635,1826,--2809,--1983,129922,50814,--79108,--55627,KRX
20151221,+35700,2,+700,+2.00,389829,3139,2313,--826,--2906,88972,65491,--23481,--83621,KRX
20151218,+35000,2,+1550,+4.63,312190,2679,4759,+2080,+3100,76927,137067,+60140,+90335,KRX
20151217,-33450,5,-800,-2.34,278596,2474,1454,--1020,--1574,73205,43010,--30195,--46233,KRX
20151216,+34250,2,+550,+1.63,155799,1649,2203,+554,+1363,48038,64076,+16038,+40288,KRX
20151215,-33700,5,-50,-0.15,141460,1817,1008,--809,--975,54252,30002,--24250,--29199,KRX
20151214,-33750,5,-250,-0.74,167192,1610,1776,+166,+2391,47911,52860,+4949,+69835,KRX
20151211,-34000,5,-800,-2.30,215628,3756,1531,--2225,--661,109604,44718,--64886,--20196,KRX
20151210,-34800,5,-950,-2.66,243668,3675,2111,--1564,--929,104968,60278,--44690,--27154,KRX
20151209,+35750,2,+1150,+3.32,380807,3014,2379,--635,--84,87170,69634,--17536,--1617,KRX
20151208,-34600,5,-850,-2.40,168780,1664,1113,--551,--816,47919,32000,--15919,--23323,KRX
20151207,+35450,2,+250,+0.71,133306,1225,1490,+265,+167,34503,41907,+7404,+4678,KRX
20151204,-35200,5,-500,-1.40,104340,888,986,+98,+540,25248,27974,+2726,+15031,KRX
20151203,-35700,5,-400,-1.11,211963,1684,1242,--442,+214,47075,34770,--12305,+5711,KRX
20151202,-36100,5,-150,-0.41,258448,1977,1321,--656,+714,54345,36329,--18016,+19906,KRX
20151201,+36250,2,+200,+0.55,404647,3571,2201,--1370,--238,98033,60111,--37922,--6483,KRX
20151130,36050,3,0,0.00,253587,4633,3501,--1132,+1309,128699,97260,--31439,+36344,KRX
20151127,-36050,5,-700,-1.90,304279,3008,567,--2441,--3604,83481,15698,--67783,--100303,KRX
20151126,+36750,2,+1600,+4.55,306967,868,2031,+1163,--1582,23938,56458,+32520,--46673,KRX
20151125,+35150,2,+150,+0.43,568739,2212,4957,+2745,+1358,64596,143789,+79193,+40014,KRX
20151124,-35000,5,-1250,-3.45,356160,2032,3419,+1387,+2170,57570,96749,+39179,+60759,KRX
20151123,-36250,5,-150,-0.41,234413,2578,1795,--783,--366,70976,49396,--21580,--10084,KRX
20151120,+36400,2,+200,+0.55,294923,3472,3055,--417,+616,95711,84215,--11496,+17328,KRX
20151119,+36200,2,+200,+0.56,354195,4135,3102,--1033,+2021,114704,85880,--28824,+56173,KRX
20151118,-36000,5,-300,-0.83,309472,5118,2064,--3054,--3840,142396,57399,--84997,--107367,KRX
20151117,+36300,2,+2050,+5.99,471963,4153,4939,+786,+1858,115547,137917,+22370,+53198,KRX
20151116,-34250,5,-750,-2.14,248979,3449,2377,--1072,--2447,99355,68527,--30828,--70244,KRX
20151113,+35000,2,+200,+0.57,242693,1275,2650,+1375,--384,36392,75808,+39416,--11014,KRX
20151112,-34800,5,-700,-1.97,360729,1737,3496,+1759,--545,49760,100190,+50430,--13847,KRX
20151111,35500,3,0,0.00,236369,1239,3543,+2304,--2233,34678,98955,+64277,--61894,KRX
20151110,-35500,5,-650,-1.80,373040,1050,5587,+4537,+2769,29240,155411,+126171,+77432,KRX
20151109,-36150,5,-1000,-2.69,297837,1238,3006,+1768,--1504,34012,82751,+48739,--39971,KRX
20151106,+37150,2,+400,+1.09,278520,1010,4282,+3272,--1897,27421,116131,+88710,--50576,KRX
20151105,-36750,5,-1350,-3.54,549516,672,5841,+5169,--3106,18030,157316,+139286,--77104,KRX
20151104,+38100,2,+200,+0.53,499381,1721,9996,+8275,+597,45007,261397,+216390,+14412,KRX
20151103,-37900,5,-450,-1.17,650264,3111,10789,+7678,--175,81951,283929,+201978,--4792,KRX
20151102,+38350,2,+1050,+2.82,728516,2376,10229,+7853,--10240,62507,269277,+206770,--280540,KRX
20151030,+37300,2,+1050,+2.90,1048189,2048,20141,+18093,+4428,55169,542479,+487310,+108132,KRX
20151029,+36250,2,+700,+1.97,815181,1126,14791,+13665,+6943,31206,410384,+379178,+189036,KRX
20151028,+35550,2,+900,+2.60,999292,2357,9079,+6722,+3953,66568,256710,+190142,+107060,KRX
20151027,+34650,2,+3300,+10.53,1557714,2710,5479,+2769,+2813,82493,165575,+83082,+84601,KRX
20151026,+31350,2,+200,+0.64,212966,1362,1318,--44,--2069,43623,42104,--1519,--67299,KRX
20151023,+31150,2,+1050,+3.49,252368,733,2758,+2025,+2497,23814,89594,+65780,+81526,KRX
20151022,-30100,5,-350,-1.15,252127,2023,1551,--472,--778,67067,51321,--15746,--25788,KRX
20151021,-30450,5,-900,-2.87,584562,1840,2146,+306,+1432,60394,70436,+10042,+45882,KRX
20151020,-31350,5,-400,-1.26,203216,1796,670,--1126,--2035,57113,21273,--35840,--64339,KRX
20151019,+31750,2,+350,+1.11,161734,473,1382,+909,+1285,14910,43409,+28499,+40736,KRX
20151016,-31400,5,-700,-2.18,278215,3411,3035,--376,--2667,108032,95795,--12237,--84179,KRX
20151015,+32100,2,+850,+2.72,218170,656,2947,+2291,+2446,20674,92616,+71942,+76846,KRX
20151014,31250,3,0,0.00,215734,1176,1021,--155,--142,37343,32439,--4904,--4515,KRX
20151013,-31250,5,-650,-2.04,239199,1875,1862,--13,--1978,59407,59018,--389,--62082,KRX
20151012,+31900,2,+400,+1.27,292769,1234,3199,+1965,--52,38667,100360,+61693,--3020,KRX
20151008,+31500,2,+850,+2.77,255420,1159,3176,+2017,+2876,37249,101962,+64713,+92642,KRX
20151007,-30650,5,-900,-2.85,416766,2512,1653,--859,--910,81359,53430,--27929,--29552,KRX
20151006,+31550,2,+400,+1.28,283307,1993,2044,+51,+1110,63280,64903,+1623,+35468,KRX
20151005,-31150,5,-300,-0.95,397126,3075,2016,--1059,+1964,98402,64557,--33845,+61068,KRX
20151002,+31450,2,+100,+0.32,486616,5125,2102,--3023,--1715,160963,66050,--94913,--53006,KRX
20151001,+31350,2,+450,+1.46,555458,5358,4050,--1308,--2674,170805,128898,--41907,--85354,KRX
20150930,-30900,5,-1150,-3.59,518092,3977,5343,+1366,+562,127524,170971,+43447,+18895,KRX
20150925,-32050,5,-1550,-4.61,912250,4463,5267,+804,+981,139247,163799,+24552,+30320,KRX
20150924,-33600,5,-1100,-3.17,559935,3462,3285,--177,--1680,103564,97796,--5768,--48346,KRX
20150923,-34700,5,-1700,-4.67,295876,913,2416,+1503,+2529,25673,68251,+42578,+70931,KRX
20150922,+36400,2,+1050,+2.97,426414,2994,1968,--1026,--1201,82462,54109,--28353,--33108,KRX
20150921,-35350,5,-500,-1.39,331797,2322,2497,+175,+1527,66203,70958,+4755,+42191,KRX
20150918,-35850,5,-50,-0.14,409339,4250,2898,--1352,--9365,117800,80364,--37436,--260379,KRX
20150917,+35900,2,+1950,+5.74,813689,1555,9568,+8013,+7707,43783,266726,+222943,+214077,KRX
20150916,+33950,2,+50,+0.15,334554,1810,2116,+306,+33,52857,61723,+8866,+832,KRX
20150915,+33900,2,+1200,+3.67,343521,1711,1984,+273,+704,50888,58922,+8034,+20878,KRX
20150914,-32700,5,-1150,-3.40,257648,1660,1229,--431,--2068,50024,37180,--12844,--61304,KRX
20150911,+33850,2,+200,+0.59,281132,1579,3216,+1637,+2868,46744,95204,+48460,+84977,KRX
20150910,+33650,2,+1050,+3.22,448243,3821,2590,--1231,--1012,113884,77367,--36517,--29660,KRX
20150909,+32600,2,+1200,+3.82,351326,1827,1608,--219,+60,56513,49656,--6857,+2040,KRX
20150908,+31400,2,+50,+0.16,219273,1301,1022,--279,--111,41529,32632,--8897,--3917,KRX
20150907,-31350,5,-150,-0.48,310556,2359,2191,--168,--162,74257,69277,--4980,--4189,KRX
20150904,+31500,2,+800,+2.61,694966,3742,3736,--6,+989,118922,118131,--791,+31356,KRX
20150903,+30700,2,+50,+0.16,260899,1990,995,--995,--258,64268,32121,--32147,--8024,KRX
20150902,-30650,5,-450,-1.45,327550,2127,1390,--737,--257,69564,45441,--24123,--8841,KRX
20150901,-31100,5,-200,-0.64,323302,2786,2306,--480,+3815,88821,73539,--15282,+121691,KRX
20150831,-31300,5,-700,-2.19,421852,5967,1672,--4295,--4186,190300,53327,--136973,--133134,KRX
20150828,+32000,2,+1250,+4.07,641012,4129,4020,--109,+756,131723,127884,--3839,+23772,KRX
20150827,-30750,5,-350,-1.13,552675,5523,4658,--865,--1676,177630,150019,--27611,--53014,KRX
20150826,+31100,2,+1100,+3.67,689405,5100,5911,+811,+4762,166705,192108,+25403,+156442,KRX
20150825,-30000,5,-250,-0.83,554656,5897,1946,--3951,--513,195637,64598,--131039,--15966,KRX
20150824,+30250,2,+350,+1.17,619167,5576,2138,--3438,+1652,186593,71520,--115073,+56241,KRX
20150821,-29900,5,-900,-2.92,1185442,9130,4040,--5090,--2290,306933,135619,--171314,--81449,KRX
20150820,-30800,5,-1200,-3.75,369871,3977,1177,--2800,--4304,127693,37828,--89865,--137960,KRX
20150819,+32000,2,+200,+0.63,510945,3680,5184,+1504,+1895,116805,164900,+48095,+59062,KRX
20150818,-31800,5,-2500,-7.29,693814,5632,5241,--391,+54,171722,160755,--10967,+1528,KRX
20150817,-34300,5,-600,-1.72,358875,3176,2731,--445,--948,91496,79001,--12495,--26969,KRX
20150813,+34900,2,+700,+2.05,489522,3980,4483,+503,+1602,114618,129092,+14474,+44943,KRX
20150812,-34200,5,-2300,-6.30,958090,6210,5111,--1099,--3752,178956,148487,--30469,--101960,KRX
20150811,+36500,2,+200,+0.55,457588,3772,6425,+2653,+4384,102010,173501,+71491,+118453,KRX
20150810,-36300,5,-2300,-5.96,624560,4119,2388,--1731,--2188,112152,65190,--46962,--58501,KRX
20150807,-38600,5,-550,-1.40,343074,2246,2703,+457,+1910,58221,69760,+11539,+48565,KRX
20150806,-39150,5,-450,-1.14,406082,4054,2601,--1453,--6115,103697,66671,--37026,--156535,KRX
20150805,+39600,2,+200,+0.51,827437,3631,8293,+4662,+4754,93089,212598,+119509,+122169,KRX
20150804,-39400,5,-300,-0.76,544924,5991,5899,--92,--281,151319,148659,--2660,--7120,KRX
20150803,+39700,2,+1600,+4.20,929993,7209,7398,+189,+4594,181037,185497,+4460,+118896,KRX
20150731,-38100,5,-600,-1.55,721356,11782,7377,--4405,--4994,305415,190979,--114436,--129037,KRX
20150730,+38700,2,+3000,+8.40,1048666,4252,4841,+589,+2369,112052,126653,+14601,+63451,KRX
20150729,+35700,2,+300,+0.85,526970,4038,2258,--1780,+237,111398,62548,--48850,+8394,KRX
20150728,+35400,2,+850,+2.46,586249,5846,3829,--2017,--2613,166285,109041,--57244,--74668,KRX
20150727,-34550,5,-600,-1.71,496294,5290,5886,+596,+2206,152763,170187,+17424,+62064,KRX
20150724,-35150,5,-2350,-6.27,1055142,8508,6898,--1610,+327,238495,193855,--44640,+6272,KRX
20150723,-37500,5,-1900,-4.82,551610,2756,819,--1937,+237,72500,21588,--50912,+3816,KRX
20150722,-39400,5,-100,-0.25,426795,3953,1779,--2174,--3595,99479,44751,--54728,--91376,KRX
20150721,+39500,2,+2000,+5.33,677994,3524,4945,+1421,+1260,89839,126487,+36648,+32463,KRX
20150720,-37500,5,-1600,-4.09,559782,2968,3129,+161,+772,78436,82621,+4185,+19648,KRX
20150717,-39100,5,-200,-0.51,383840,2550,1939,--611,--2356,64710,49247,--15463,--59788,KRX
20150716,-39300,5,-350,-0.88,458424,2485,4230,+1745,+2219,62826,107151,+44325,+55984,KRX
20150715,-39650,5,-500,-1.25,527911,4050,3576,--474,--8164,101673,90014,--11659,--204560,KRX
20150714,+40150,2,+1600,+4.15,1091787,5262,12952,+7690,+7860,132881,325782,+192901,+197529,KRX
20150713,+38550,2,+100,+0.26,467003,3707,3537,--170,--2196,96505,91877,--4628,--56168,KRX
20150710,+38450,2,+600,+1.59,877998,3625,5651,+2026,--779,93534,145074,+51540,--24445,KRX
20150709,-37850,5,-150,-0.39,843590,2775,5580,+2805,+1973,74758,150743,+75985,+54469,KRX
20150708,-38000,5,-600,-1.55,1037754,4056,4888,+832,+2316,104090,125606,+21516,+58485,KRX
20150707,-38600,5,-400,-1.03,1245285,9515,8031,--1484,--7548,244198,207229,--36969,--190571,KRX
20150706,+39000,2,+2900,+8.03,2633028,7995,14059,+6064,+4380,204843,358445,+153602,+107122,KRX
20150703,+36100,2,+400,+1.12,970455,4076,5760,+1684,--79,112912,159392,+46480,--2679,KRX
20150702,+35700,2,+400,+1.13,1936099,11492,13255,+1763,--5146,322698,371857,+49159,--153413,KRX
20150701,+35300,2,+6000,+20.48,2771218,3830,10739,+6909,+10057,111734,314306,+202572,+309412,KRX
20150630,+29300,2,+50,+0.17,612734,4852,1704,--3148,+924,164805,57965,--106840,+31016,KRX
20150629,-29250,5,-1300,-4.26,595272,4987,915,--4072,--4345,168772,30916,--137856,--146541,KRX
20150626,+30550,2,+500,+1.66,664279,3718,3991,+273,--1433,123761,132446,+8685,--47859,KRX
20150625,-30050,5,-1100,-3.53,939213,3461,5167,+1706,+9584,114560,171104,+56544,+304470,KRX
20150624,-31150,5,-1550,-4.74,782265,9630,1752,--7878,--9666,303340,55414,--247926,--304502,KRX
20150623,+32700,2,+1400,+4.47,526688,1662,3450,+1788,+2268,52012,108588,+56576,+71800,KRX
20150622,-31300,5,-650,-2.03,352426,2410,1930,--480,+164,76647,61423,--15224,+4905,KRX
20150619,-31950,5,-550,-1.69,529646,2951,2307,--644,--1633,92683,72554,--20129,--50242,KRX
20150618,+32500,2,+1300,+4.17,971389,4310,5299,+989,--4867,131764,161877,+30113,--154577,KRX
20150617,+31200,2,+1600,+5.41,1911721,2620,8476,+5856,+8517,83352,268042,+184690,+270294,KRX
20150616,-29600,5,-4650,-13.58,2620330,6959,4298,--2661,--2550,224225,138621,--85604,--82421,KRX
20150615,+34250,2,+100,+0.29,553071,3894,3783,--111,--399,113496,110313,--3183,--11797,KRX
20150612,+34150,2,+350,+1.04,662046,5417,5705,+288,+1470,159246,167860,+8614,+42429,KRX
20150611,+33800,2,+300,+0.90,1407468,9622,8440,--1182,--840,281877,248062,--33815,--24276,KRX
20150610,+33500,2,+1500,+4.69,817178,3641,3299,--342,+780,111416,101877,--9539,+24927,KRX
20150609,-32000,5,-800,-2.44,1066006,5097,3975,--1122,--6264,157947,123481,--34466,--194366,KRX
20150608,+32800,2,+2200,+7.19,1152023,3271,8413,+5142,+4335,101576,261476,+159900,+133117,KRX
20150605,+30600,2,+450,+1.49,748832,3180,3987,+807,+2692,103286,130069,+26783,+88102,KRX
20150604,-30150,5,-500,-1.63,865152,4794,2909,--1885,--5935,156466,95147,--61319,--192392,KRX
20150603,+30650,2,+1000,+3.37,1705697,3937,7987,+4050,+3399,127775,258848,+131073,+109634,KRX
20150602,+29650,2,+1200,+4.22,2566257,7499,8150,+651,--1661,251219,272658,+21439,--56898,KRX
20150601,+28450,2,+1600,+5.96,1761897,6523,8835,+2312,+1505,231250,309587,+78337,+48882,KRX
20150529,+26850,2,+1200,+4.68,770785,3401,4208,+807,+5898,128745,158200,+29455,+227370,KRX
20150528,-25650,5,-300,-1.16,533992,5814,723,--5091,--3693,226071,28156,--197915,--143545,KRX
20150527,+25950,2,+300,+1.17,447527,3466,2068,--1398,+258,135708,81338,--54370,+9886,KRX
20150526,-25650,5,-150,-0.58,297852,2569,913,--1656,--3062,99648,35392,--64256,--118835,KRX
20150522,+25800,2,+700,+2.79,415735,1595,3001,+1406,+1868,61793,116372,+54579,+72399,KRX
20150521,-25100,5,-1000,-3.83,774869,2675,2213,--462,+249,105042,87222,--17820,+9338,KRX
20150520,26100,3,0,0.00,404525,2094,1383,--711,--217,79986,52828,--27158,--8202,KRX
20150519,+26100,2,+100,+0.38,459828,1579,1085,--494,--10,60161,41205,--18956,--411,KRX
20150518,26000,3,0,0.00,422029,2847,2363,--484,+1677,109116,90571,--18545,+63857,KRX
20150515,-26000,5,-700,-2.62,683233,3228,1067,--2161,--568,123050,40648,--82402,--22859,KRX
20150514,+26700,2,+100,+0.38,404599,2909,1316,--1593,+23,108655,49112,--59543,+828,KRX
20150513,-26600,5,-50,-0.19,414033,2687,1071,--1616,+618,100506,40135,--60371,+23321,KRX
20150512,-26650,5,-350,-1.30,710174,4988,2754,--2234,--544,187211,103519,--83692,--22920,KRX
20150511,-27000,5,-700,-2.53,759830,3480,1790,--1690,--433,126258,65486,--60772,--16552,KRX
20150508,-27700,5,-400,-1.42,654385,3746,2489,--1257,+4172,132601,88381,--44220,+147821,KRX
20150507,-28100,5,-1200,-4.10,854698,7407,1978,--5429,--5422,261830,69789,--192041,--191605,KRX
20150506,+29300,2,+400,+1.38,1393672,4812,4805,--7,+1651,162780,162344,--436,+57425,KRX
20150504,+28900,2,+1200,+4.33,1008740,4887,3229,--1658,--952,170266,112405,--57861,--32596,KRX
20150430,-27700,5,-1050,-3.65,717483,3247,2541,--706,--6605,115767,90502,--25265,--233160,KRX
20150429,+28750,2,+2400,+9.11,2099445,4286,10185,+5899,+6776,151985,359880,+207895,+240425,KRX
20150428,-26350,5,-300,-1.13,402166,2211,1334,--877,--1080,82542,50012,--32530,--40193,KRX
20150427,+26650,2,+250,+0.95,386001,2041,2244,+203,+1316,76707,84370,+7663,+48862,KRX
20150424,-26400,5,-900,-3.30,550870,3161,2048,--1113,--655,118078,76879,--41199,--24315,KRX
20150423,+27300,2,+200,+0.74,532667,2884,2426,--458,--356,106230,89346,--16884,--13503,KRX
20150422,-27100,5,-950,-3.39,885913,2459,2357,--102,+406,89255,85874,--3381,+15022,KRX
20150421,+28050,2,+700,+2.56,848016,2641,2133,--508,--777,93982,75579,--18403,--28162,KRX
20150420,-27350,5,-100,-0.36,560984,1758,2027,+269,--63,64569,74328,+9759,--2540,KRX
20150417,-27450,5,-350,-1.26,765118,2731,3063,+332,+1654,100382,112681,+12299,+59560,KRX
20150416,-27800,5,-500,-1.77,542032,3223,1901,--1322,+480,115256,67995,--47261,+16789,KRX
20150415,+28300,2,+150,+0.53,830927,4689,2887,--1802,+2649,167245,103195,--64050,+93747,KRX
20150414,+28150,2,+850,+3.11,2250948,8087,3636,--4451,--5830,286692,128895,--157797,--210426,KRX
20150413,+27300,2,+2150,+8.55,1737270,3593,4972,+1379,+891,134762,187391,+52629,+33057,KRX
20150410,+25150,2,+250,+1.00,545334,2023,2511,+488,+2249,80935,100507,+19572,+90130,KRX
20150409,-24900,5,-250,-0.99,382997,2481,720,--1761,--1504,99437,28879,--70558,--60109,KRX
20150408,+25150,2,+250,+1.00,533320,2000,1743,--257,--119,80298,69849,--10449,--4953,KRX
20150407,+24900,2,+600,+2.47,628366,2138,2000,--138,+1294,85717,80221,--5496,+52624,KRX
20150406,-24300,5,-100,-0.41,733825,3457,2025,--1432,--2040,140008,81888,--58120,--82810,KRX
20150403,+24400,2,+1200,+5.17,708813,1010,1618,+608,+1812,42292,66982,+24690,+76796,KRX
20150402,+23200,2,+200,+0.87,300662,1780,576,--1204,--107,77055,24949,--52106,--4637,KRX
20150401,-23000,5,-700,-2.95,497035,1732,635,--1097,--31,74857,27388,--47469,--2656,KRX
20150331,+23700,2,+150,+0.64,390564,1814,748,--1066,--99,76200,31387,--44813,--4001,KRX
20150330,-23550,5,-300,-1.26,389675,1656,689,--967,--1694,69820,29008,--40812,--71173,KRX
20150327,-23850,5,-350,-1.45,350552,1029,1756,+727,+1787,42919,73280,+30361,+73862,KRX
20150326,-24200,5,-250,-1.02,385377,2197,1137,--1060,+995,90212,46711,--43501,+40606,KRX
20150325,+24450,2,+550,+2.30,605275,2788,733,--2055,--593,114001,29894,--84107,--22887,KRX
20150324,-23900,5,-250,-1.04,329139,2243,781,--1462,--2164,93876,32656,--61220,--90735,KRX
20150323,+24150,2,+1150,+5.00,721047,1617,2319,+702,+793,68089,97604,+29515,+33602,KRX
20150320,+23000,2,+150,+0.66,527817,2140,2049,--91,+3614,93496,89409,--4087,+156950,KRX
20150319,-22850,5,-350,-1.51,672763,5201,1496,--3705,--2636,225743,64706,--161037,--115264,KRX
20150318,23200,3,0,0.00,328229,2153,1084,--1069,+3378,92035,46262,--45773,+146193,KRX
20150317,+23200,2,+200,+0.87,666034,7811,3364,--4447,--2771,336876,144910,--191966,--119454,KRX
20150316,-23000,5,-850,-3.56,599422,2865,1189,--1676,+237,123956,51444,--72512,+7683,KRX
20150313,23850,3,0,0.00,469715,3343,1430,--1913,+1932,139888,59693,--80195,+78245,KRX
20150312,-23850,5,-750,-3.05,583405,5005,1160,--3845,--2218,206272,47832,--158440,--92763,KRX
20150311,-24600,5,-200,-0.81,316917,2547,920,--1627,+36,102947,37270,--65677,+799,KRX
20150310,-24800,5,-200,-0.80,307035,2032,369,--1663,--336,81245,14769,--66476,--13439,KRX
20150309,-25000,5,-400,-1.57,370892,2221,894,--1327,+25,88719,35682,--53037,--569,KRX
20150306,-25400,5,-500,-1.93,646164,2276,924,--1352,--459,88421,35953,--52468,--18273,KRX
20150305,-25900,5,-250,-0.96,261265,1164,271,--893,+1712,44586,10391,--34195,+65164,KRX
20150304,+26150,2,+350,+1.36,471232,3166,561,--2605,--328,120761,21402,--99359,--11080,KRX
20150303,25800,3,0,0.00,425227,2814,537,--2277,--2345,109132,20853,--88279,--90856,KRX
20150302,+25800,2,+900,+3.61,536570,2090,2158,+68,+3155,81709,84286,+2577,+125407,KRX
20150227,-24900,5,-750,-2.92,515271,4854,1767,--3087,--531,192984,70154,--122830,--23024,KRX
20150226,-25650,5,-550,-2.10,624814,4133,1577,--2556,--520,161226,61420,--99806,--22344,KRX
20150225,+26200,2,+300,+1.16,510128,3030,994,--2036,--634,115286,37824,--77462,--23217,KRX
20150224,+25900,2,+50,+0.19,374709,2392,990,--1402,--1972,92603,38358,--54245,--76347,KRX
20150223,+25850,2,+350,+1.37,556230,2580,3150,+570,--826,100401,122503,+22102,--33113,KRX
20150217,+25500,2,+950,+3.87,974254,996,2392,+1396,+1303,39233,94448,+55215,+51269,KRX
20150216,+24550,2,+250,+1.03,345981,1240,1333,+93,+957,50638,54584,+3946,+39678,KRX
20150213,+24300,2,+250,+1.04,443712,2153,1289,--864,+348,88851,53119,--35732,+14496,KRX
20150212,+24050,2,+200,+0.84,570286,2197,985,--1212,--3495,91108,40880,--50228,--147975,KRX
20150211,+23850,2,+1100,+4.84,507474,1305,3588,+2283,+1209,55842,153589,+97747,+51572,KRX
20150210,-22750,5,-800,-3.40,623368,1222,2296,+1074,+405,52637,98812,+46175,+18301,KRX
20150209,+23550,2,+50,+0.21,407106,1560,2229,+669,+1585,65760,93634,+27874,+67134,KRX
20150206,+23500,2,+200,+0.86,459359,1972,1056,--916,--414,84619,45359,--39260,--18070,KRX
20150205,-23300,5,-550,-2.31,478495,1699,1197,--502,+2223,72105,50915,--21190,+91856,KRX
20150204,-23850,5,-100,-0.42,654940,3872,1147,--2725,--201,160711,47665,--113046,--9371,KRX
20150203,+23950,2,+500,+2.13,1626840,5514,2990,--2524,+1016,226719,123044,--103675,+49331,KRX
20150202,+23450,2,+500,+2.18,688535,5491,1951,--3540,--1395,237520,84514,--153006,--58360,KRX
20150130,22950,3,0,0.00,666169,4066,1921,--2145,+2033,179436,84790,--94646,+85410,KRX
20150129,-22950,5,-900,-3.77,1053330,6921,2743,--4178,--2891,297992,117936,--180056,--125031,KRX
20150128,+23850,2,+1850,+8.41,1397599,2799,1512,--1287,--2035,120612,65587,--55025,--89402,KRX
20150127,+22000,2,+450,+2.09,395356,1997,2745,+748,+1257,91506,125883,+34377,+57942,KRX
20150126,-21550,5,-450,-2.05,389681,1406,897,--509,+136,65076,41511,--23565,+5372,KRX
20150123,-22000,5,-250,-1.12,392083,2012,1367,--645,--788,90203,61266,--28937,--35328,KRX
20150122,+22250,2,+500,+2.30,419826,2391,2534,+143,--1042,107531,113922,+6391,--47667,KRX
20150121,-21750,5,-700,-3.12,502292,1273,2458,+1185,+3974,57946,112004,+54058,+175002,KRX
20150120,-22450,5,-400,-1.75,640260,3692,903,--2789,--3445,160353,39409,--120944,--150106,KRX
20150119,+22850,2,+1300,+6.03,696691,1995,2651,+656,+1957,88101,117263,+29162,+88943,KRX
20150116,-21550,5,-1000,-4.43,466267,2364,1063,--1301,--2724,108636,48855,--59781,--123213,KRX
20150115,+22550,2,+200,+0.89,410770,1360,2783,+1423,+2600,60532,123964,+63432,+115746,KRX
20150114,-22350,5,-800,-3.46,496838,2578,1401,--1177,--2277,113981,61667,--52314,--99256,KRX
20150113,+23150,2,+350,+1.54,668574,3538,4638,+1100,+696,152115,199057,+46942,+29290,KRX
20150112,+22800,2,+100,+0.44,514764,2078,2482,+404,+709,90325,107977,+17652,+29401,KRX
20150109,+22700,2,+1400,+6.57,1559577,3965,3660,--305,--82,173785,162036,--11749,--1361,KRX
20150108,-21300,5,-100,-0.47,501716,2375,2152,--223,--1101,110533,100145,--10388,--51032,KRX
20150107,-21400,5,-50,-0.23,588158,3613,4491,+878,--2357,168296,208940,+40644,--109503,KRX
20150106,-21450,5,-700,-3.16,876308,3341,6576,+3235,+1150,155061,305208,+150147,+55556,KRX
20150105,-22150,5,-950,-4.11,919879,3139,5224,+2085,+1667,141259,235850,+94591,+76020,KRX
20150102,-23100,5,-750,-3.14,508406,2624,3042,+418,+410,112880,131451,+18571,+18487,KRX
20141230,+23850,2,+200,+0.85,456753,2441,2449,+8,--668,102560,102644,+84,--28626,KRX
20141229,-23650,5,-900,-3.67,489306,1232,1908,+676,+1784,51149,79859,+28710,+73066,KRX
20141226,-24550,5,-600,-2.39,357770,1912,804,--1108,--1854,76763,32407,--44356,--74022,KRX
20141224,+25150,2,+750,+3.07,531150,1659,2405,+746,+577,65870,95536,+29666,+22785,KRX
20141223,-24400,5,-250,-1.01,362758,1792,1961,+169,--2626,73561,80442,+6881,--106067,KRX
20141222,+24650,2,+300,+1.23,394799,1223,4018,+2795,+1621,49597,162545,+112948,+64689,KRX
20141219,-24350,5,-600,-2.40,715887,2519,3693,+1174,--2143,101965,150224,+48259,--83862,KRX
20141218,-24950,5,-300,-1.19,521753,1323,4640,+3317,--8,52731,184852,+132121,+268,KRX
20141217,+25250,2,+250,+1.00,528125,1318,4643,+3325,+1583,52284,184137,+131853,+63257,KRX
20141216,-25000,5,-400,-1.57,400629,2370,4112,+1742,+1188,93751,162347,+68596,+46925,KRX
20141215,+25400,2,+100,+0.40,395026,2612,3166,+554,--438,102548,124219,+21671,--17889,KRX
20141212,25300,3,0,0.00,554816,2255,3247,+992,--559,89128,128688,+39560,--20828,KRX
20141211,-25300,5,-500,-1.94,487186,2318,3869,+1551,+229,90148,150536,+60388,+8766,KRX
20141210,-25800,5,-1250,-4.62,967841,2790,4112,+1322,--238,106773,158395,+51622,--5080,KRX
20141209,-27050,5,-50,-0.18,532388,2801,4361,+1560,+1859,102792,159494,+56702,+67747,KRX
20141208,-27100,5,-400,-1.45,549043,3556,3257,--299,--1228,130475,119430,--11045,--45290,KRX
20141205,+27500,2,+800,+3.00,943955,2250,3179,+929,--766,81740,115985,+34245,--28472,KRX
20141204,+26700,2,+100,+0.38,706510,2663,4358,+1695,+4232,98997,161714,+62717,+156929,KRX
20141203,-26600,5,-250,-0.93,1276216,5926,3389,--2537,--3554,220435,126223,--94212,--132523,KRX
20141202,+26850,2,+700,+2.68,1765448,5500,6517,+1017,+2350,204716,243027,+38311,+86513,KRX
20141201,-26150,5,-2000,-7.10,2313047,7973,6640,--1333,+3472,298964,250762,--48202,+121615,KRX
20141128,-28150,5,-50,-0.18,1886791,9750,4945,--4805,+2188,344831,175014,--169817,+77288,KRX
20141127,-28200,5,-650,-2.25,5124440,14800,7807,--6993,--5372,523247,276142,--247105,--190782,KRX
20141126,-28850,4,-5050,-14.90,2726510,5190,3569,--1621,+26418,179734,123411,--56323,+765669,KRX
20141125,+33900,2,+650,+1.95,4721965,99379,71340,--28039,--27666,2919714,2097722,--821992,--809756,KRX
20141124,-33250,5,-1100,-3.20,1247473,9362,8989,--373,+791,282074,269838,--12236,+21028,KRX
20141121,-34350,5,-1000,-2.83,949018,8556,7392,--1164,+2567,246983,213719,--33264,+72618,KRX
20141120,-35350,5,-150,-0.42,547177,8550,4819,--3731,--2146,242210,136328,--105882,--61061,KRX
20141119,-35500,5,-950,-2.61,735611,7391,5806,--1585,--1777,208511,163690,--44821,--50311,KRX
20141118,-36450,5,-450,-1.22,393995,3537,3729,+192,+3018,96100,101590,+5490,+81243,KRX
20141117,-36900,5,-400,-1.07,525310,7652,4826,--2826,--10467,205149,129396,--75753,--278434,KRX
20141114,+37300,2,+300,+0.81,830082,4215,11856,+7641,+6388,112624,315305,+202681,+169147,KRX
20141113,+37000,2,+50,+0.14,886652,3175,4428,+1253,+434,84292,117826,+33534,+11965,KRX
20141112,+36950,2,+1200,+3.36,942878,5228,6047,+819,+213,140721,162290,+21569,+3949,KRX
20141111,+35750,2,+1250,+3.62,531793,2052,2658,+606,+2668,58410,76030,+17620,+77831,KRX
20141110,-34500,5,-400,-1.15,591157,5034,2972,--2062,--3240,146615,86404,--60211,--94094,KRX
20141107,+34900,2,+50,+0.14,560645,2660,3838,+1178,+22,76410,110293,+33883,+587,KRX
20141106,+34850,2,+250,+0.72,497945,3307,4463,+1156,+7185,95003,128299,+33296,+208705,KRX
20141105,+34600,2,+700,+2.06,1007374,8420,2391,--6029,+3339,245117,69708,--175409,+110828,KRX
20141104,+33900,2,+3150,+10.24,1332115,13089,3721,--9368,--5088,399175,112938,--286237,--149887,KRX
20141103,-30750,5,-2050,-6.25,560703,6187,1907,--4280,--1873,197356,61006,--136350,--62030,KRX
20141031,+32800,2,+1000,+3.14,737348,5146,2739,--2407,+2273,157979,83659,--74320,+71147,KRX
20141030,+31800,2,+50,+0.16,935776,8752,4072,--4680,--6682,272194,126727,--145467,--211425,KRX
20141029,+31750,2,+3050,+10.63,1280396,5023,7025,+2002,+4379,160239,226197,+65958,+148381,KRX
20141028,28700,3,0,0.00,353731,4465,2088,--2377,--683,154840,72417,--82423,--23711,KRX
20141027,+28700,2,+550,+1.95,397008,3907,2213,--1694,--92,135508,76796,--58712,--1895,KRX
20141024,-28150,5,-150,-0.53,414258,4009,2407,--1602,+1011,142155,85338,--56817,+35490,KRX
20141023,-28300,5,-500,-1.74,423953,4024,1411,--2613,+6,142069,49762,--92307,--1245,KRX
20141022,+28800,2,+750,+2.67,524890,4337,1718,--2619,--2602,150627,59565,--91062,--90963,KRX
20141021,-28050,5,-1150,-3.94,375597,2584,2567,--17,+1342,90812,90713,--99,+45902,KRX
20141020,+29200,2,+150,+0.52,261770,2583,1224,--1359,--1613,87668,41667,--46001,--54720,KRX
20141017,+29050,2,+350,+1.22,365785,4095,4349,+254,+1119,141831,150550,+8719,+38895,KRX
20141016,-28700,5,-1050,-3.53,420437,4271,3406,--865,+71,148484,118308,--30176,+601,KRX
20141015,-29750,5,-900,-2.94,351897,4036,3100,--936,+271,134244,103467,--30777,+8075,KRX
20141014,-30650,5,-450,-1.45,211391,2938,1731,--1207,--2317,94483,55631,--38852,--74442,KRX
20141013,-31100,5,-650,-2.05,249971,1449,2559,+1110,--547,46396,81986,+35590,--16285,KRX
20141010,-31750,5,-950,-2.91,233731,1669,3326,+1657,+2435,52350,104225,+51875,+75579,KRX
20141008,-32700,5,-700,-2.10,210009,2149,1371,--778,--489,65199,41495,--23704,--14991,KRX
20141007,+33400,2,+400,+1.21,205116,2210,1921,--289,+858,66184,57471,--8713,+25974,KRX
20141006,-33000,5,-350,-1.05,208104,2352,1205,--1147,--1716,70920,36233,--34687,--51573,KRX
20141002,+33350,2,+100,+0.30,293114,2691,3260,+569,+1401,80474,97360,+16886,+41407,KRX
20141001,-33250,5,-2050,-5.81,419040,3863,3031,--832,--2077,114410,89889,--24521,--60144,KRX
20140930,-35300,5,-400,-1.12,363224,2157,3402,+1245,+1336,61857,97480,+35623,+37987,KRX
20140929,-35700,5,-1900,-5.05,360767,2108,2017,--91,--1520,58533,56169,--2364,--40615,KRX
20140926,+37600,2,+200,+0.53,229536,1440,2869,+1429,--567,38235,76486,+38251,--14451,KRX
20140925,-37400,5,-1200,-3.11,404318,1803,3799,+1996,+2158,47605,100307,+52702,+56925,KRX
20140924,-38600,5,-1100,-2.77,306658,4113,3951,--162,+270,105472,101249,--4223,+6712,KRX
20140923,+39700,2,+50,+0.13,129574,1956,1524,--432,--1609,49352,38417,--10935,--40469,KRX
20140922,-39650,5,-50,-0.13,147826,1252,2429,+1177,+1679,31423,60957,+29534,+42173,KRX
20140919,-39700,5,-50,-0.13,171203,2978,2476,--502,--238,74958,62319,--12639,--5999,KRX
20140918,+39750,2,+650,+1.66,205795,2037,1773,--264,--1,51747,45107,--6640,+80,KRX
20140917,-39100,5,-150,-0.38,201976,1617,1354,--263,--871,41284,34564,--6720,--22360,KRX
20140916,-39250,5,-750,-1.88,351718,1621,2229,+608,+1595,41581,57221,+15640,+40309,KRX
20140915,40000,3,0,0.00,120887,1723,736,--987,--1263,43087,18418,--24669,--31614,KRX
20140912,+40000,2,+600,+1.52,154439,1665,1941,+276,+720,41959,48904,+6945,+18190,KRX
20140911,-39400,5,-550,-1.38,241182,2500,2056,--444,--356,62936,51691,--11245,--8958,KRX
20140905,+39950,2,+100,+0.25,244856,1454,1366,--88,--2240,36363,34076,--2287,--56892,KRX
20140904,+39850,2,+50,+0.13,444073,2208,4360,+2152,+1498,55700,110305,+54605,+37831,KRX
20140903,-39800,5,-2500,-5.91,880736,2420,3074,+654,+1759,59616,76390,+16774,+42783,KRX
20140902,-42300,5,-600,-1.40,186847,2340,1235,--1105,--509,55086,29077,--26009,--12126,KRX
20140901,+42900,2,+250,+0.59,106673,1053,457,--596,+643,24531,10648,--13883,+15173,KRX
20140829,+42650,2,+100,+0.24,185240,3139,1900,--1239,--836,73497,44441,--29056,--19631,KRX
20140828,-42550,5,-100,-0.23,191059,873,470,--403,--319,20438,11013,--9425,--7447,KRX
20140827,+42650,2,+50,+0.12,184602,1396,1312,--84,--79,32707,30729,--1978,--1721,KRX
20140826,-42600,5,-250,-0.58,207001,1427,1422,--5,--253,33499,33242,--257,--6050,KRX
20140825,-42850,5,-200,-0.46,117813,1029,1277,+248,+294,23998,29791,+5793,+6857,KRX
20140822,-43050,5,-200,-0.46,125440,1150,1104,--46,+1181,26569,25505,--1064,+27159,KRX
20140821,-43250,5,-1100,-2.48,236848,1925,698,--1227,--2468,44279,16056,--28223,--56494,KRX
20140820,-44350,5,-350,-0.78,255968,1476,2717,+1241,+1723,33421,61692,+28271,+39003,KRX
20140819,-44700,5,-300,-0.67,166862,1249,767,--482,--345,27856,17124,--10732,--7692,KRX
20140818,-45000,5,-200,-0.44,113755,716,579,--137,+891,15889,12849,--3040,+19667,KRX
20140814,-45200,5,-400,-0.88,114898,1667,639,--1028,--2660,36799,14092,--22707,--58685,KRX
20140813,+45600,2,+850,+1.90,170748,1589,3221,+1632,+1227,35001,70979,+35978,+26939,KRX
20140812,-44750,5,-400,-0.89,153651,1253,1658,+405,--617,27881,36920,+9039,--13840,KRX
20140811,-45150,5,-400,-0.88,261331,2312,3334,+1022,+442,51386,74265,+22879,+10114,KRX
20140808,-45550,5,-300,-0.65,143526,1940,2520,+580,--500,42495,55260,+12765,--10789,KRX
20140807,+45850,2,+150,+0.33,188066,1225,2305,+1080,+1462,26742,50296,+23554,+31913,KRX
20140806,-45700,5,-1450,-3.08,405710,1750,1368,--382,--1294,38192,29833,--8359,--27861,KRX
20140805,-47150,5,-850,-1.77,402963,1620,2532,+912,+799,34300,53802,+19502,+17168,KRX
20140804,-48000,5,-500,-1.03,315398,2010,2123,+113,--2494,41911,44245,+2334,--51498,KRX
20140801,-48500,5,-50,-0.10,182433,1440,4047,+2607,+3875,29753,83585,+53832,+79750,KRX
20140731,-48550,5,-700,-1.42,246121,4850,3582,--1268,--1807,99064,73146,--25918,--36758,KRX
20140730,+49250,2,+200,+0.41,262699,3688,4227,+539,+240,74765,85605,+10840,+4708,KRX
20140729,+49050,2,+1100,+2.29,251998,3091,3390,+299,+3397,63718,69850,+6132,+70506,KRX
20140728,-47950,5,-700,-1.44,318908,4071,973,--3098,--1962,84649,20275,--64374,--40972,KRX
20140725,+48650,2,+300,+0.62,119406,1866,730,--1136,+1350,38421,15019,--23402,+27758,KRX
20140724,-48350,5,-950,-1.93,433758,3980,1494,--2486,--1227,82006,30846,--51160,--25698,KRX
20140723,-49300,5,-700,-1.40,348192,2813,1554,--1259,--1059,56887,31425,--25462,--21449,KRX
20140722,+50000,2,+200,+0.40,106984,1472,1272,--200,+908,29496,25483,--4013,+18270,KRX
20140721,+49800,2,+250,+0.50,142342,2622,1514,--1108,+89,52716,30433,--22283,+1812,KRX
20140718,-49550,5,-450,-0.90,209068,2073,876,--1197,--2444,41742,17647,--24095,--48976,KRX
20140717,-50000,5,-100,-0.20,159738,666,1913,+1247,+880,13286,38167,+24881,+17543,KRX
20140716,+50100,2,+100,+0.20,85413,485,852,+367,--1102,9684,17022,+7338,--22005,KRX
20140715,+50000,2,+100,+0.20,141370,852,2321,+1469,--333,17042,46385,+29343,--6700,KRX
20140714,+49900,2,+650,+1.32,124039,789,2591,+1802,+1713,15781,51824,+36043,+34138,KRX
20140711,-49250,5,-1550,-3.05,458296,1389,1478,+89,+770,27911,29816,+1905,+15224,KRX
20140710,-50800,5,-700,-1.36,142497,1451,770,--681,--1939,28393,15074,--13319,--37819,KRX
20140709,-51500,5,-400,-0.77,168124,1196,2454,+1258,+60,23276,47776,+24500,+1317,KRX
20140708,+51900,2,+800,+1.57,132067,1102,2300,+1198,--519,21314,44497,+23183,--10324,KRX
20140707,-51100,5,-600,-1.16,184825,701,2418,+1717,--825,13688,47195,+33507,--15751,KRX
20140704,+51700,2,+200,+0.39,210492,830,3372,+2542,+1421,16088,65346,+49258,+27706,KRX
20140703,-51500,5,-300,-0.58,188086,1522,2643,+1121,--169,29484,51036,+21552,--3314,KRX
20140702,-51800,5,-300,-0.58,260118,1268,2558,+1290,+1883,24483,49349,+24866,+36130,KRX
20140701,-52100,5,-900,-1.70,145220,1192,599,--593,--968,22726,11462,--11264,--18334,KRX
20140630,+53000,2,+500,+0.95,122797,1194,1569,+375,--74,22563,29633,+7070,--1437,KRX
20140627,-52500,5,-500,-0.94,128643,2212,2661,+449,+84,42095,50602,+8507,+1569,KRX
20140626,+53000,2,+700,+1.34,137239,1846,2211,+365,+1943,35195,42133,+6938,+37166,KRX
20140625,+52300,2,+700,+1.36,128759,2041,463,--1578,--3171,39092,8864,--30228,--61181,KRX
20140624,+51600,2,+600,+1.18,114733,732,2325,+1593,+1591,14266,45219,+30953,+30917,KRX
20140623,-51000,5,-500,-0.97,128849,738,740,+2,+2710,14452,14488,+36,+52229,KRX
20140620,-51500,5,-1100,-2.09,165288,4075,1367,--2708,--4906,78661,26468,--52193,--93848,KRX
20140619,+52600,2,+400,+0.77,171309,276,2474,+2198,+940,5235,46890,+41655,+17591,KRX
20140618,-52200,5,-300,-0.57,126234,645,1903,+1258,+3231,12345,36409,+24064,+61782,KRX
20140617,-52500,5,-100,-0.19,170139,3341,1368,--1973,--156,63844,26126,--37718,--3474,KRX
20140616,-52600,5,-700,-1.31,140467,3122,1305,--1817,--1110,58847,24603,--34244,--20815,KRX
20140613,+53300,2,+200,+0.38,147603,2645,1938,--707,+367,50114,36685,--13429,+6931,KRX
20140612,-53100,5,-900,-1.67,265091,3915,2841,--1074,--1390,73868,53508,--20360,--26312,KRX
20140611,-54000,5,-800,-1.46,244491,1571,1887,+316,--1121,29038,34990,+5952,--20459,KRX
20140610,+54800,2,+600,+1.11,99167,786,2223,+1437,--1486,14481,40892,+26411,--27574,KRX
20140609,-54200,5,-1600,-2.87,347946,1040,3963,+2923,+2779,19080,73065,+53985,+51419,KRX
20140605,-55800,5,-600,-1.06,177756,2070,2214,+144,+945,37171,39737,+2566,+16962,KRX
20140603,+56400,2,+200,+0.36,207778,4197,3396,--801,--1675,75074,60678,--14396,--29825,KRX
20140602,-56200,5,-1000,-1.75,186994,2555,3429,+874,+1293,45280,60709,+15429,+22780,KRX
20140530,-57200,5,-1100,-1.89,162955,3995,3576,--419,--637,69460,62109,--7351,--11076,KRX
20140529,-58300,5,-100,-0.17,134866,1614,1832,+218,--787,27628,31353,+3725,--13488,KRX
20140528,+58400,2,+600,+1.04,126770,1304,2309,+1005,+1496,22414,39627,+17213,+25803,KRX
20140527,-57800,5,-100,-0.17,261682,1620,1129,--491,--1089,28195,19605,--8590,--18901,KRX
20140526,-57900,5,-200,-0.34,75002,970,1568,+598,+116,16756,27067,+10311,+2026,KRX
20140523,-58100,5,-300,-0.51,138492,2685,3167,+482,+104,46229,54514,+8285,+1866,KRX
20140522,-58400,5,-300,-0.51,137166,2450,2828,+378,--585,41771,48190,+6419,--9971,KRX
20140521,+58700,2,+100,+0.17,106728,1625,2588,+963,+2448,27685,44075,+16390,+41766,KRX
20140520,58600,3,0,0.00,172621,3585,2100,--1485,--3208,61194,35818,--25376,--54848,KRX
20140519,+58600,2,+600,+1.03,139154,1829,3552,+1723,+1227,31348,60820,+29472,+20925,KRX
20140516,-58000,5,-100,-0.17,96661,1864,2360,+496,--757,32284,40831,+8547,--13035,KRX
20140515,58100,3,0,0.00,99865,974,2227,+1253,--500,16786,38368,+21582,--8791,KRX
20140514,+58100,2,+700,+1.22,129809,1306,3059,+1753,--266,22632,53005,+30373,--4731,KRX
20140513,-57400,5,-400,-0.69,172644,793,2812,+2019,+1937,13765,48869,+35104,+33609,KRX
20140512,-57800,5,-1100,-1.87,212710,1723,1805,+82,+105,29823,31318,+1495,+1972,KRX
20140509,+58900,2,+400,+0.68,150437,2339,2316,--23,+738,39976,39499,--477,+12810,KRX
20140508,+58500,2,+1500,+2.63,262488,3539,2778,--761,+281,61790,48503,--13287,+4733,KRX
20140507,-57000,5,-1800,-3.06,145661,2959,1917,--1042,--1023,51365,33345,--18020,--17638,KRX
20140502,+58800,2,+900,+1.55,177498,3501,3482,--19,--2,59605,59223,--382,--80,KRX
20140430,+57900,2,+300,+0.52,146258,2414,2397,--17,--1852,41596,41294,--302,--32123,KRX
20140429,+57600,2,+500,+0.88,92495,804,2639,+1835,--56,13958,45779,+31821,--1017,KRX
20140428,-57100,5,-600,-1.04,124819,904,2795,+1891,+2906,15667,48505,+32838,+50303,KRX
20140425,-57700,5,-1700,-2.86,236561,2165,1150,--1015,--3047,37216,19751,--17465,--51581,KRX
20140424,+59400,2,+100,+0.17,194461,791,2823,+2032,+3335,13294,47410,+34116,+56135,KRX
20140423,-59300,5,-100,-0.17,233892,3772,2469,--1303,--3760,63569,41550,--22019,--63594,KRX
20140422,+59400,2,+2200,+3.85,653116,1909,4366,+2457,+2736,32451,74026,+41575,+46498,KRX
20140421,+57200,2,+100,+0.18,81975,1116,837,--279,--471,19665,14742,--4923,--8277,KRX
20140418,-57100,5,-300,-0.52,212637,1652,1844,+192,--1341,29056,32410,+3354,--23428,KRX
20140417,+57400,2,+400,+0.70,108356,771,2304,+1533,--385,13497,40279,+26782,--6875,KRX
20140416,+57000,2,+400,+0.71,147728,1241,3159,+1918,--236,21812,55469,+33657,--4336,KRX
20140415,-56600,5,-300,-0.53,225332,1166,3320,+2154,+159,20551,58544,+37993,+3012,KRX
20140414,-56900,5,-1100,-1.90,256883,1786,3781,+1995,+681,31245,66226,+34981,+12254,KRX
20140411,-58000,5,-400,-0.68,120565,814,2128,+1314,--422,14080,36807,+22727,--6907,KRX
20140410,+58400,2,+200,+0.34,230119,1784,3520,+1736,--478,30502,60136,+29634,--8573,KRX
20140409,+58200,2,+600,+1.04,211091,1312,3526,+2214,+585,22638,60845,+38207,+9994,KRX
20140408,-57600,5,-300,-0.52,139885,1164,2793,+1629,+393,20150,48363,+28213,+6835,KRX
20140407,+57900,2,+200,+0.35,125396,1029,2265,+1236,+734,17807,39185,+21378,+12675,KRX
20140404,-57700,5,-200,-0.35,210992,1565,2067,+502,--1989,27131,35834,+8703,--34081,KRX
20140403,+57900,2,+400,+0.70,274269,1334,3825,+2491,+825,22963,65747,+42784,+13787,KRX
20140402,+57500,2,+200,+0.35,179420,1984,3650,+1666,+1889,34523,63520,+28997,+32882,KRX
20140401,-57300,5,-600,-1.04,144835,2801,2578,--223,--4377,48733,44848,--3885,--75851,KRX
20140331,+57900,2,+1300,+2.30,272652,931,5085,+4154,+1466,16142,88108,+71966,+24650,KRX
20140328,+56600,2,+100,+0.18,146838,955,3643,+2688,+862,16855,64171,+47316,+15141,KRX
20140327,-56500,5,-400,-0.70,187129,1518,3344,+1826,+1543,26842,59017,+32175,+27232,KRX
20140326,-56900,5,-900,-1.56,194368,2527,2810,+283,--3545,44222,49165,+4943,--62048,KRX
20140325,+57800,2,+100,+0.17,192290,973,4801,+3828,+2929,16952,83943,+66991,+51464,KRX
20140324,+57700,2,+300,+0.52,203869,1614,2513,+899,--1190,27874,43401,+15527,--20966,KRX
20140321,+57400,2,+300,+0.53,195327,1717,3806,+2089,+2430,29946,66439,+36493,+42501,KRX
20140320,+57100,2,+100,+0.18,195582,1421,1080,--341,+689,24984,18976,--6008,+12020,KRX
20140319,-57000,5,-300,-0.52,210798,2631,1601,--1030,--3185,46034,28006,--18028,--56059,KRX
20140318,+57300,2,+2000,+3.62,479216,2257,4412,+2155,+3247,39721,77752,+38031,+57850,KRX
20140317,-55300,5,-200,-0.36,257030,2738,1646,--1092,+2430,49656,29837,--19819,+43360,KRX
20140314,+55500,2,+600,+1.09,536252,6867,3345,--3522,--1798,123465,60286,--63179,--31617,KRX
20140313,+54900,2,+1500,+2.81,338754,3004,1280,--1724,--41,55048,23486,--31562,--220,KRX
20140312,-53400,5,-1100,-2.02,200436,4293,2610,--1683,--1588,79934,48592,--31342,--29616,KRX
20140311,+54500,2,+700,+1.30,167964,1501,1406,--95,+1535,27710,25984,--1726,+28596,KRX
20140310,-53800,5,-600,-1.10,160543,2423,793,--1630,--1249,45051,14729,--30322,--23310,KRX
20140307,+54400,2,+100,+0.18,220897,2208,1827,--381,--1277,40524,33512,--7012,--23560,KRX
20140306,+54300,2,+900,+1.69,310427,1437,2333,+896,+1719,26639,43187,+16548,+31944,KRX
20140305,+53400,2,+700,+1.33,294833,1757,934,--823,+211,32849,17453,--15396,+4205,KRX
20140304,-52700,5,-100,-0.19,168355,2245,1211,--1034,--301,42478,22877,--19601,--5641,KRX
20140303,+52800,2,+100,+0.19,154616,2355,1622,--733,--2647,44635,30675,--13960,--50202,KRX
20140228,+52700,2,+500,+0.96,328724,2125,4039,+1914,+688,40295,76537,+36242,+12959,KRX
20140227,-52200,5,-100,-0.19,227662,1800,3026,+1226,--44,34430,57713,+23283,--979,KRX
20140226,+52300,2,+800,+1.55,283851,1832,3102,+1270,+716,35102,59364,+24262,+13540,KRX
20140225,+51500,2,+600,+1.18,213335,1374,1928,+554,+496,26750,37472,+10722,+9587,KRX
20140224,-50900,5,-400,-0.78,181862,1421,1479,+58,+164,27823,28958,+1135,+3192,KRX
20140221,+51300,2,+100,+0.20,128446,743,637,--106,+1109,14470,12413,--2057,+21632,KRX
20140220,-51200,5,-200,-0.39,123267,1672,457,--1215,--749,32593,8904,--23689,--14614,KRX
20140219,51400,3,0,0.00,76039,1267,801,--466,--1486,24677,15602,--9075,--28872,KRX
20140218,51400,3,0,0.00,95710,1015,2035,+1020,+735,19732,39529,+19797,+14316,KRX
20140217,-51400,5,-200,-0.39,111284,1077,1362,+285,+548,20898,26379,+5481,+10592,KRX
20140214,+51600,2,+500,+0.98,110067,1374,1111,--263,+1332,26682,21571,--5111,+26065,KRX
20140213,-51100,5,-200,-0.39,121118,2224,629,--1595,--552,43473,12297,--31176,--10872,KRX
20140212,-51300,5,-600,-1.16,224741,2645,1602,--1043,+1597,51536,31232,--20304,+30463,KRX
20140211,+51900,2,+500,+0.97,310848,3850,1210,--2640,--3033,73992,23225,--50767,--58453,KRX
20140210,+51400,2,+800,+1.58,155693,1059,1452,+393,+2512,20678,28364,+7686,+49440,KRX
20140207,-50600,5,-400,-0.78,176338,3565,1446,--2119,--1480,70252,28498,--41754,--29154,KRX
20140206,+51000,2,+100,+0.20,136883,2113,1474,--639,+2531,41553,28953,--12600,+49830,KRX
20140205,-50900,5,-100,-0.20,217352,5692,2522,--3170,+107,112003,49573,--62430,+1733,KRX
20140204,-51000,5,-1000,-1.92,304675,5348,2071,--3277,--290,104720,40557,--64163,--6829,KRX
20140203,-52000,5,-1000,-1.89,277454,4561,1574,--2987,--2128,87530,30196,--57334,--40892,KRX
20140129,-53000,5,-100,-0.19,224077,3390,2531,--859,+785,64349,47907,--16442,+14769,KRX
20140128,+53100,2,+200,+0.38,152782,3014,1370,--1644,--424,57180,25969,--31211,--8091,KRX
20140127,-52900,5,-1000,-1.86,211603,4112,2892,--1220,--2536,77801,54681,--23120,--47524,KRX
20140124,-53900,5,-300,-0.55,157962,2971,4287,+1316,+2567,55179,79583,+24404,+47495,KRX
20140123,-54200,5,-300,-0.55,189886,3060,1809,--1251,--1065,56401,33310,--23091,--19702,KRX
20140122,+54500,2,+600,+1.11,217494,1708,1522,--186,+648,31409,28020,--3389,+12118,KRX
20140121,+53900,2,+500,+0.94,261092,2361,1527,--834,--1023,43769,28262,--15507,--19022,KRX
20140120,+53400,2,+500,+0.95,157510,1301,1490,+189,+1236,24370,27885,+3515,+23293,KRX
20140117,-52900,5,-300,-0.56,102828,1359,312,--1047,--121,25675,5897,--19778,--2400,KRX
20140116,+53200,2,+700,+1.33,281230,1966,1040,--926,+1818,36935,19557,--17378,+34963,KRX
20140115,+52500,2,+100,+0.19,170813,3302,558,--2744,--1526,62957,10616,--52341,--29038,KRX
20140114,+52400,2,+100,+0.19,114038,2048,830,--1218,--916,39149,15846,--23303,--17543,KRX
20140113,+52300,2,+100,+0.19,72264,517,215,--302,+2087,9874,4114,--5760,+40016,KRX
20140110,-52200,5,-200,-0.38,211185,3302,913,--2389,+601,63258,17482,--45776,+11312,KRX
20140109,-52400,5,-200,-0.38,240050,4114,1124,--2990,--2909,78541,21453,--57088,--55536,KRX
20140108,-52600,5,-500,-0.94,305415,3133,3052,--81,--728,59487,57935,--1552,--13711,KRX
20140107,53100,3,0,0.00,114575,1393,2040,+647,+3930,26200,38359,+12159,+74061,KRX
20140106,-53100,5,-500,-0.93,186130,3639,356,--3283,--1112,68616,6714,--61902,--21409,KRX
20140103,53600,3,0,0.00,144233,2900,729,--2171,--1236,54065,13572,--40493,--23164,KRX
20140102,-53600,5,-800,-1.47,167212,2240,1305,--935,--94,41484,24155,--17329,--1589,KRX
20131230,+54400,2,+700,+1.30,195203,2477,1636,--841,+1158,46018,30278,--15740,+21492,KRX
20131227,-53700,5,-300,-0.56,149376,4155,2156,--1999,--3964,77316,40084,--37232,--73506,KRX
20131226,+54000,2,+400,+0.75,158919,1300,3265,+1965,+495,24030,60304,+36274,+8877,KRX
20131224,+53600,2,+400,+0.75,153945,1326,2796,+1470,+3459,24726,52123,+27397,+64713,KRX
20131223,-53200,5,-100,-0.19,151282,3578,1589,--1989,--1725,67136,29820,--37316,--32290,KRX
20131220,53300,3,0,0.00,133721,2487,2223,--264,+865,46728,41702,--5026,+16157,KRX
20131219,-53300,5,-300,-0.56,154111,2582,1453,--1129,+3311,48311,27128,--21183,+61770,KRX
20131218,-53600,5,-600,-1.11,238311,6136,1696,--4440,--3456,114618,31665,--82953,--64699,KRX
20131217,+54200,2,+100,+0.18,176000,3123,2139,--984,+865,57806,39552,--18254,+15858,KRX
20131216,-54100,5,-200,-0.37,107245,2311,462,--1849,+297,42638,8526,--34112,+5435,KRX
20131213,-54300,5,-300,-0.55,128258,3251,1105,--2146,+1038,59894,20347,--39547,+19005,KRX
20131212,-54600,5,-600,-1.09,256189,4183,999,--3184,--78,76885,18333,--58552,--2391,KRX
20131211,-55200,5,-200,-0.36,171263,4053,947,--3106,--2649,73275,17114,--56161,--47912,KRX
20131210,-55400,5,-300,-0.54,114757,1464,1007,--457,+403,26411,18162,--8249,+7300,KRX
20131209,+55700,2,+500,+0.91,129174,2104,1244,--860,--820,37984,22435,--15549,--14775,KRX
20131206,-55200,5,-300,-0.54,164956,3371,3331,--40,+1945,60757,59983,--774,+34950,KRX
20131205,-55500,5,-300,-0.54,215522,5485,3500,--1985,+584,98609,62885,--35724,+10288,KRX
20131204,+55800,2,+100,+0.18,262872,5917,3348,--2569,--379,105938,59926,--46012,--6650,KRX
20131203,-55700,5,-700,-1.24,229871,4208,2018,--2190,--188,75569,36207,--39362,--3797,KRX
20131202,-56400,5,-300,-0.53,168943,3189,1187,--2002,+1466,56649,21084,--35565,+25737,KRX
20131129,-56700,5,-200,-0.35,200917,4448,980,--3468,--3894,78593,17291,--61302,--69160,KRX
20131128,+56900,2,+2100,+3.83,658520,3546,3972,+426,+2733,62486,70344,+7858,+50022,KRX
20131127,+54800,2,+200,+0.37,165683,4057,1750,--2307,--1332,74155,31991,--42164,--24253,KRX
20131126,-54600,5,-100,-0.18,202204,4115,3140,--975,--1241,75436,57525,--17911,--22781,KRX
20131125,+54700,2,+700,+1.30,173413,1389,1655,+266,--549,25376,30246,+4870,--10267,KRX
20131122,+54000,2,+100,+0.19,157222,1418,2233,+815,+785,26302,41439,+15137,+14571,KRX
20131121,-53900,5,-300,-0.55,172987,2609,2639,+30,--2196,48391,48957,+566,--40583,KRX
20131120,-54200,5,-300,-0.55,185847,1036,3262,+2226,+692,19166,60315,+41149,+12914,KRX
20131119,+54500,2,+200,+0.37,270149,2695,4229,+1534,+1537,49690,77925,+28235,+28227,KRX
20131118,-54300,5,-500,-0.91,271829,3295,3292,--3,+1104,60321,60329,+8,+20198,KRX
20131115,-54800,5,-200,-0.36,228992,3555,2448,--1107,--27,64648,44458,--20190,--561,KRX
20131114,+55000,2,+400,+0.73,192326,3495,2415,--1080,--35,63508,43879,--19629,--537,KRX
20131113,-54600,5,-500,-0.91,234892,2503,1458,--1045,+981,45743,26651,--19092,+17475,KRX
20131112,-55100,5,-200,-0.36,185852,3307,1281,--2026,--1771,59675,23108,--36567,--31944,KRX
20131111,-55300,5,-200,-0.36,142113,1988,1733,--255,+863,35959,31336,--4623,+15553,KRX
20131108,-55500,5,-400,-0.72,246951,2475,1357,--1118,+267,44700,24524,--20176,+4531,KRX
20131107,-55900,5,-400,-0.71,155786,2112,727,--1385,+568,37681,12974,--24707,+10022,KRX
20131106,-56300,5,-400,-0.71,290110,3112,1159,--1953,+1783,55353,20624,--34729,+31102,KRX
20131105,-56700,5,-400,-0.70,185943,4586,850,--3736,--303,80745,14914,--65831,--5769,KRX
20131104,-57100,5,-100,-0.17,209737,5280,1847,--3433,+392,92367,32305,--60062,+6726,KRX
20131101,-57200,5,-700,-1.21,320045,7603,3778,--3825,+3833,132833,66045,--66788,+65039,KRX
20131031,-57900,5,-900,-1.53,350268,11743,4085,--7658,--340,202175,70348,--131827,--8035,KRX
20131030,-58800,5,-900,-1.51,477703,10220,2902,--7318,--5854,172875,49083,--123792,--99440,KRX
20131029,-59700,5,-400,-0.67,230301,3973,2509,--1464,--68,66123,41771,--24352,--1111,KRX
20131028,+60100,2,+200,+0.33,143021,2439,1043,--1396,--1069,40652,17411,--23241,--17789,KRX
20131025,-59900,5,-400,-0.66,147892,2636,2309,--327,+4636,44067,38615,--5452,+77194,KRX
20131024,-60300,5,-400,-0.66,208037,6218,1255,--4963,--4609,103482,20836,--82646,--76823,KRX
20131023,60700,3,0,0.00,254954,3831,3477,--354,+763,63152,57329,--5823,+12588,KRX
20131022,+60700,2,+600,+1.00,180051,3619,2502,--1117,--689,59654,41243,--18411,--11293,KRX
20131021,+60100,2,+200,+0.33,111620,1554,1126,--428,+687,25831,18713,--7118,+11425,KRX
20131018,+59900,2,+500,+0.84,192199,3261,2146,--1115,--672,54377,35834,--18543,--11211,KRX
20131017,-59400,5,-600,-1.00,224398,4121,3678,--443,--279,68953,61621,--7332,--4609,KRX
20131016,60000,3,0,0.00,247442,3343,3179,--164,+2402,55553,52830,--2723,+40165,KRX
20131015,+60000,2,+400,+0.67,196523,4404,1838,--2566,--770,73482,30594,--42888,--12812,KRX
20131014,-59600,5,-500,-0.83,243420,3729,1933,--1796,--709,62558,32482,--30076,--11996,KRX
20131011,-60100,5,-300,-0.50,324318,6051,4964,--1087,+3817,100056,81976,--18080,+62837,KRX
20131010,+60400,2,+400,+0.67,314191,9495,4591,--4904,--5082,156720,75803,--80917,--83828,KRX
20131008,60000,3,0,0.00,169551,2360,2538,+178,+2005,39528,42439,+2911,+33177,KRX
20131007,-60000,5,-900,-1.48,201356,3417,1590,--1827,--2406,56716,26450,--30266,--39758,KRX
20131004,+60900,2,+400,+0.66,272340,2537,3116,+579,+4421,41945,51437,+9492,+72927,KRX
20131002,-60500,5,-900,-1.47,448631,6734,2892,--3842,--5018,111231,47796,--63435,--82296,KRX
20131001,+61400,2,+400,+0.66,296205,3356,4532,+1176,+2492,54684,73545,+18861,+40239,KRX
20130930,-61000,5,-1500,-2.40,344230,4588,3272,--1316,--3262,74769,53391,--21378,--52103,KRX
20130927,62500,3,0,0.00,363480,4173,6119,+1946,+4127,66733,97458,+30725,+65541,KRX
20130926,-62500,5,-400,-0.64,229860,4956,2775,--2181,--869,79099,44283,--34816,--13748,KRX
20130925,-62900,5,-1100,-1.72,459701,8683,7371,--1312,+1693,138312,117244,--21068,+25806,KRX
20130924,-64000,5,-1100,-1.69,285537,5027,2022,--3005,--2255,78399,31525,--46874,--35253,KRX
20130923,+65100,2,+600,+0.93,236717,4303,3553,--750,--2133,66088,54467,--11621,--32981,KRX
20130917,-64500,5,-400,-0.62,207941,2267,3650,+1383,+201,35037,56397,+21360,+3223,KRX
20130916,-64900,5,-400,-0.61,213766,2562,3744,+1182,--1160,39419,57556,+18137,--17404,KRX
20130913,-65300,5,-500,-0.76,197689,2729,5071,+2342,--930,41548,77089,+35541,--13951,KRX
20130912,-65800,5,-1100,-1.64,348779,3228,6500,+3272,+5108,48723,98215,+49492,+76827,KRX
20130911,-66900,5,-800,-1.18,406965,6728,4892,--1836,--6811,100463,73128,--27335,--100942,KRX
20130910,+67700,2,+1100,+1.65,283874,1693,6668,+4975,+2229,25050,98657,+73607,+32454,KRX
20130909,-66600,5,-100,-0.15,209662,2450,5196,+2746,+3295,36729,77882,+41153,+49337,KRX
20130906,-66700,5,-500,-0.74,221541,4673,4124,--549,--1267,69863,61679,--8184,--18955,KRX
20130905,-67200,5,-1600,-2.33,459503,2263,2981,+718,+726,33449,44220,+10771,+10978,KRX
20130904,+68800,2,+700,+1.03,290257,2676,2668,--8,--2440,39014,38807,--207,--35911,KRX
20130903,+68100,2,+1300,+1.95,345105,1850,4282,+2432,+2324,27187,62891,+35704,+34045,KRX
20130902,+66800,2,+400,+0.60,264472,2457,2565,+108,--233,37116,38775,+1659,--3471,KRX
20130830,-66400,5,-200,-0.30,213520,3215,3556,+341,--2000,48424,53554,+5130,--29916,KRX
20130829,+66600,2,+100,+0.15,252178,2902,5243,+2341,+433,43613,78659,+35046,+6170,KRX
20130828,+66500,2,+500,+0.76,165366,754,2662,+1908,+2718,11422,40298,+28876,+41121,KRX
20130827,-66000,5,-800,-1.20,173593,2316,1506,--810,--84,34941,22696,--12245,--1351,KRX
20130826,+66800,2,+800,+1.21,143373,1740,1014,--726,+1975,26120,15226,--10894,+30148,KRX
20130823,+66000,2,+800,+1.23,172052,3945,1244,--2701,--962,59960,18918,--41042,--14389,KRX
20130822,-65200,5,-500,-0.76,159762,4019,2280,--1739,--2932,61566,34913,--26653,--45095,KRX
20130821,-65700,5,-500,-0.76,315566,4056,5249,+1193,+3981,62172,80614,+18442,+59988,KRX
20130820,-66200,5,-1500,-2.22,284462,5161,2373,--2788,--2555,77152,35606,--41546,--38071,KRX
20130819,-67700,5,-100,-0.15,80585,1527,1294,--233,--492,22624,19149,--3475,--7260,KRX
20130816,67800,3,0,0.00,135386,2672,2931,+259,+2268,39738,43523,+3785,+33528,KRX
20130814,-67800,5,-100,-0.15,182369,4201,2192,--2009,--814,62214,32471,--29743,--12042,KRX
20130813,+67900,2,+700,+1.04,149077,2778,1583,--1195,+595,41125,23424,--17701,+8803,KRX
20130812,-67200,5,-100,-0.15,114356,2756,966,--1790,+279,40807,14303,--26504,+4200,KRX
20130809,-67300,5,-600,-0.88,128546,3143,1074,--2069,--3294,46634,15930,--30704,--48791,KRX
20130808,67900,3,0,0.00,119415,1117,2342,+1225,--1708,16464,34551,+18087,--24761,KRX
20130807,-67900,5,-800,-1.16,210863,982,3915,+2933,+6007,14418,57266,+42848,+87356,KRX
20130806,-68700,5,-1300,-1.86,225043,4749,1675,--3074,--6144,68770,24262,--44508,--88632,KRX
20130805,+70000,2,+1000,+1.45,142015,366,3436,+3070,+3551,5257,49381,+44124,+50995,KRX
20130802,-69000,5,-1500,-2.13,231116,4659,4178,--481,--2725,66705,59834,--6871,--38678,KRX
20130801,+70500,2,+100,+0.14,234214,2857,5101,+2244,--4572,40628,72435,+31807,--65203,KRX
20130731,+70400,2,+1100,+1.59,579238,3768,10584,+6816,+3133,53798,150808,+97010,+43611,KRX
20130730,+69300,2,+1400,+2.06,339752,1812,5495,+3683,+3795,26281,79680,+53399,+55046,KRX
20130729,-67900,5,-500,-0.73,134295,2301,2189,--112,+1693,33917,32270,--1647,+24673,KRX
20130726,-68400,5,-900,-1.30,148767,3385,1580,--1805,--2966,49354,23034,--26320,--43059,KRX
20130725,+69300,2,+600,+0.87,205631,1497,2658,+1161,--391,21623,38362,+16739,--5885,KRX
20130724,+68700,2,+1300,+1.93,254905,1486,3038,+1552,--2224,21716,44340,+22624,--33329,KRX
20130723,-67400,5,-1100,-1.61,274281,2019,5795,+3776,--1228,29839,85792,+55953,--17657,KRX
20130722,+68500,2,+900,+1.33,309602,2040,7044,+5004,+1348,29918,103528,+73610,+19199,KRX
20130719,-67600,5,-500,-0.73,250675,1695,5351,+3656,+2207,25250,79661,+54411,+33127,KRX
20130718,-68100,5,-1200,-1.73,194513,5401,6850,+1449,--4734,79151,100435,+21284,--68190,KRX
20130717,+69300,2,+400,+0.58,216229,2136,8319,+6183,+2049,30899,120373,+89474,+29169,KRX
20130716,-68900,5,-200,-0.29,203619,2660,6794,+4134,--4309,38830,99135,+60305,--62285,KRX
20130715,+69100,2,+1100,+1.62,355812,4809,13252,+8443,+770,70251,192841,+122590,+9424,KRX
20130712,+68000,2,+900,+1.34,270342,2143,9816,+7673,+4444,31672,144838,+113166,+64983,KRX
20130711,+67100,2,+1200,+1.82,291657,3505,6734,+3229,+512,52383,100566,+48183,+6686,KRX
20130710,+65900,2,+1200,+1.85,229277,2377,5094,+2717,+2301,36463,77960,+41497,+35121,KRX
20130709,+64700,2,+200,+0.31,152401,1340,1756,+416,--1703,20691,27067,+6376,--26401,KRX
20130708,+64500,2,+600,+0.94,229721,1646,3765,+2119,+2652,25552,58329,+32777,+41191,KRX
20130705,-63900,5,-1500,-2.29,169239,2226,1693,--533,--287,34534,26120,--8414,--4575,KRX
20130704,+65400,2,+500,+0.77,142803,3290,3044,--246,--604,50677,46838,--3839,--9260,KRX
20130703,-64900,5,-200,-0.31,251227,4286,4644,+358,--3245,65444,70865,+5421,--49780,KRX
20130702,+65100,2,+1000,+1.56,236169,3081,6684,+3603,+5163,47247,102448,+55201,+79506,KRX
20130701,-64100,5,-1100,-1.69,130825,3792,2232,--1560,--2962,59060,34755,--24305,--45927,KRX
20130628,+65200,2,+1800,+2.84,243939,6761,8163,+1402,+2575,104709,126331,+21622,+40157,KRX
20130627,+63400,2,+1700,+2.76,231968,5775,4602,--1173,--160,91116,72581,--18535,--2034,KRX
20130626,+61700,2,+900,+1.48,160030,4869,3856,--1013,+513,79166,62665,--16501,+8514,KRX
20130625,-60800,5,-700,-1.14,244230,6377,4851,--1526,+3053,104877,79862,--25015,+49168,KRX
20130624,-61500,5,-1800,-2.84,238182,8193,3614,--4579,--8817,132873,58690,--74183,--141798,KRX
20130621,+63300,2,+1400,+2.26,390208,7625,11863,+4238,+8213,122805,190420,+67615,+131673,KRX
20130620,-61900,5,-2000,-3.13,283744,8256,4281,--3975,--2768,132939,68881,--64058,--45039,KRX
20130619,+63900,2,+200,+0.31,102874,4098,2891,--1207,--131,64413,45394,--19019,--1937,KRX
20130618,+63700,2,+300,+0.47,158314,4346,3270,--1076,+628,68978,51896,--17082,+9665,KRX
20130617,-63400,5,-1400,-2.16,103411,2968,1264,--1704,--2106,46515,19768,--26747,--32970,KRX
20130614,+64800,2,+1100,+1.73,99829,1835,2237,+402,+294,28410,34633,+6223,+4759,KRX
20130613,-63700,5,-700,-1.09,206535,6868,6976,+108,--244,106655,108119,+1464,--4028,KRX
20130612,-64400,5,-300,-0.46,92148,1313,1665,+352,--476,20421,25913,+5492,--7448,KRX
20130611,-64700,5,-800,-1.22,187198,2811,3639,+828,+1040,43609,56549,+12940,+16200,KRX
20130610,65500,3,0,0.00,126586,2374,2162,--212,--2034,36378,33118,--3260,--30903,KRX
20130607,-65500,5,-1500,-2.24,225528,3743,5565,+1822,+2572,56687,84330,+27643,+38827,KRX
20130605,-67000,5,-900,-1.33,155136,2632,1882,--750,+969,39257,28073,--11184,+14171,KRX
20130604,+67900,2,+100,+0.15,171339,3757,2038,--1719,+431,55340,29985,--25355,+6292,KRX
20130603,67800,3,0,0.00,231281,4760,2610,--2150,--1977,70010,38363,--31647,--28806,KRX
20130531,+67800,2,+800,+1.19,198790,3433,3260,--173,+479,51150,48309,--2841,+6854,KRX
20130530,-67000,5,-400,-0.59,170921,2365,1713,--652,--3143,35095,25400,--9695,--46531,KRX
20130529,+67400,2,+300,+0.45,175950,1587,4078,+2491,+2722,23545,60381,+36836,+40318,KRX
20130528,-67100,5,-600,-0.89,183129,1968,1737,--231,--1044,29303,25821,--3482,--15557,KRX
20130527,+67700,2,+200,+0.30,110430,1031,1844,+813,+359,15298,27373,+12075,+5452,KRX
20130524,-67500,5,-500,-0.74,150852,2190,2644,+454,+165,32371,38994,+6623,+2472,KRX
20130523,+68000,2,+400,+0.59,250223,3806,4095,+289,+1523,56007,60158,+4151,+22303,KRX
20130522,-67600,5,-500,-0.73,178849,3312,2078,--1234,--3309,48697,30545,--18152,--48936,KRX
20130521,+68100,2,+2000,+3.03,344878,1897,3972,+2075,+4385,28283,59067,+30784,+65405,KRX
20130520,-66100,5,-1300,-1.93,197960,4652,2342,--2310,--6077,69709,35088,--34621,--90659,KRX
20130516,+67400,2,+900,+1.35,157581,1176,4943,+3767,+3789,17518,73556,+56038,+56341,KRX
20130515,-66500,5,-100,-0.15,172505,2512,2490,--22,--3914,37813,37510,--303,--58684,KRX
20130514,+66600,2,+300,+0.45,152584,1922,5814,+3892,+2977,28828,87209,+58381,+44574,KRX
20130513,66300,3,0,0.00,75592,1711,2626,+915,+563,25813,39620,+13807,+8532,KRX
20130510,-66300,5,-1300,-1.92,142156,2370,2722,+352,--1119,35463,40738,+5275,--16497,KRX
20130509,+67600,2,+100,+0.15,158459,2400,3871,+1471,+2739,35541,57313,+21772,+40561,KRX
20130508,-67500,5,-700,-1.03,130229,3515,2247,--1268,--2174,52034,33245,--18789,--32113,KRX
20130507,+68200,2,+600,+0.89,103736,1558,2464,+906,--913,22913,36237,+13324,--13461,KRX
20130506,+67600,2,+300,+0.45,135057,1466,3285,+1819,--1634,21613,48398,+26785,--24454,KRX
20130503,-67300,5,-300,-0.44,177896,2687,6140,+3453,+633,39900,91139,+51239,+9665,KRX
20130502,-67600,5,-900,-1.31,171298,2012,4832,+2820,+90,29684,71258,+41574,+1688,KRX
20130430,+68500,2,+400,+0.59,214650,3546,6276,+2730,--1308,51842,91728,+39886,--19643,KRX
20130429,68100,3,0,0.00,179619,1964,6002,+4038,+596,28974,88503,+59529,+9233,KRX
20130426,-68100,5,-600,-0.87,207543,3088,6530,+3442,+1480,45218,95514,+50296,+21750,KRX
20130425,-68700,5,-100,-0.15,189610,3326,5288,+1962,--8238,48426,76972,+28546,--119358,KRX
20130424,+68800,2,+800,+1.18,341134,973,11173,+10200,+8832,14126,162030,+147904,+127714,KRX
20130423,+68000,2,+100,+0.15,267528,2144,3512,+1368,--826,31644,51834,+20190,--12173,KRX
20130422,+67900,2,+1800,+2.72,455630,2505,4699,+2194,--4128,37409,69772,+32363,--63997,KRX
20130419,+66100,2,+1800,+2.80,276960,1761,8083,+6322,+7072,26781,123141,+96360,+107917,KRX
20130418,-64300,5,-1500,-2.28,155071,3198,2448,--750,+486,49298,37741,--11557,+7165,KRX
20130417,+65800,2,+200,+0.30,224903,4813,3577,--1236,--7779,73117,54395,--18722,--118899,KRX
20130416,+65600,2,+700,+1.08,364649,2080,8623,+6543,+5264,31860,132037,+100177,+80533,KRX
20130415,-64900,5,-100,-0.15,161396,2181,3460,+1279,+739,33736,53380,+19644,+11418,KRX
20130412,-65000,5,-800,-1.22,227048,2871,3411,+540,--3515,43676,51902,+8226,--54081,KRX
20130411,+65800,2,+2000,+3.13,328644,1774,5829,+4055,+2092,27293,89600,+62307,+31366,KRX
20130410,-63800,5,-200,-0.31,193813,3635,5598,+1963,+1703,57205,88146,+30941,+26925,KRX
20130409,-64000,5,-300,-0.47,175888,4124,4384,+260,--168,64283,68299,+4016,--2659,KRX
20130408,+64300,2,+200,+0.31,143981,2072,2500,+428,+453,32354,39029,+6675,+7122,KRX
20130405,-64100,5,-700,-1.08,290852,3618,3593,--25,--3823,56529,56082,--447,--58796,KRX
20130404,-64800,5,-600,-0.92,227678,2160,5958,+3798,+2909,33264,91613,+58349,+44694,KRX
20130403,+65400,2,+800,+1.24,171249,2255,3144,+889,+4588,34686,48341,+13655,+70692,KRX
20130402,-64600,5,-800,-1.22,220248,7355,3656,--3699,--3497,113406,56369,--57037,--53956,KRX
20130401,-65400,5,-400,-0.61,116946,1916,1714,--202,--816,29330,26249,--3081,--12320,KRX
20130329,+65800,2,+100,+0.15,174350,1924,2538,+614,--868,29199,38438,+9239,--13383,KRX
20130328,+65700,2,+2000,+3.14,376068,2454,3936,+1482,--375,37627,60249,+22622,--6322,KRX
20130327,-63700,5,-100,-0.16,164900,2555,4412,+1857,+2470,39920,68864,+28944,+38502,KRX
20130326,-63800,5,-600,-0.93,205482,2647,2034,--613,+461,41232,31674,--9558,+7150,KRX
20130325,+64400,2,+700,+1.10,133518,2415,1341,--1074,+2629,37570,20862,--16708,+40735,KRX
20130322,-63700,5,-900,-1.39,177697,5817,2114,--3703,--2587,90414,32971,--57443,--40130,KRX
20130321,+64600,2,+100,+0.16,148648,3749,2633,--1116,+3532,58129,40816,--17313,+54632,KRX
20130320,-64500,5,-300,-0.46,276933,6056,1408,--4648,--7250,93689,21744,--71945,--112073,KRX
20130319,+64800,2,+1800,+2.86,243706,2451,5053,+2602,+986,37831,77959,+40128,+14467,KRX
20130318,-63000,5,-200,-0.32,204161,1486,3102,+1616,+1500,23529,49190,+25661,+23984,KRX
20130315,-63200,5,-500,-0.78,281361,7378,7494,+116,+38,116339,118016,+1677,+493,KRX
20130314,-63700,5,-400,-0.62,349600,2973,3051,+78,--2353,46809,47993,+1184,--36882,KRX
20130313,-64100,5,-900,-1.38,333647,2644,5075,+2431,--2245,41300,79366,+38066,--33588,KRX
20130312,+65000,2,+1000,+1.56,249977,2525,7201,+4676,+2937,38777,110431,+71654,+44635,KRX
20130311,-64000,5,-1400,-2.14,270948,2220,3959,+1739,+349,34309,61328,+27019,+5716,KRX
20130308,65400,3,0,0.00,146806,2471,3861,+1390,--703,37871,59174,+21303,--10978,KRX
20130307,-65400,5,-200,-0.30,255766,2800,4893,+2093,--866,43115,75396,+32281,--12908,KRX
20130306,+65600,2,+900,+1.39,208922,1444,4403,+2959,+2629,22064,67253,+45189,+40157,KRX
20130305,-64700,5,-500,-0.77,263981,2494,2824,+330,+440,38409,43441,+5032,+6704,KRX
20130304,65200,3,0,0.00,317806,3215,3105,--110,--2292,49141,47469,--1672,--35024,KRX
20130228,+65200,2,+1500,+2.35,708640,4735,6917,+2182,+3313,72633,105985,+33352,+51214,KRX
20130227,+63700,2,+900,+1.43,619311,4890,3759,--1131,+10,76795,58933,--17862,+267,KRX
20130226,-62800,5,-700,-1.10,364574,5234,4093,--1141,--2187,83112,64983,--18129,--34426,KRX
20130225,+63500,2,+2200,+3.59,959153,6298,7344,+1046,--3582,99979,116276,+16297,--61975,KRX
20130222,+61300,2,+3600,+6.24,893593,8583,13211,+4628,+6457,141856,220128,+78272,+109623,KRX
20130221,-57700,5,-1700,-2.86,502039,5795,3966,--1829,--236,99848,68497,--31351,--4497,KRX
20130220,+59400,2,+200,+0.34,316726,9191,7598,--1593,--1322,154786,127932,--26854,--22281,KRX
20130219,-59200,5,-100,-0.17,95105,2070,1799,--271,--603,34843,30270,--4573,--10172,KRX
20130218,59300,3,0,0.00,163338,2442,2774,+332,--81,41309,46908,+5599,--1357,KRX
20130215,-59300,5,-500,-0.84,141239,1401,1814,+413,+1228,23601,30557,+6956,+20648,KRX
20130214,-59800,5,-200,-0.33,162322,3295,2480,--815,--4789,55282,41590,--13692,--80367,KRX
20130213,+60000,2,+700,+1.18,201718,1350,5324,+3974,+3269,22625,89300,+66675,+54792,KRX
20130212,-59300,5,-900,-1.50,222125,2029,2734,+705,+1090,34150,46033,+11883,+18298,KRX
20130208,+60200,2,+400,+0.67,266288,2785,2400,--385,--3599,46327,39912,--6415,--60038,KRX
20130207,+59800,2,+300,+0.50,255534,2301,5515,+3214,+5332,38470,92093,+53623,+89106,KRX
20130206,59500,3,0,0.00,256770,3472,1354,--2118,+2263,58150,22667,--35483,+38177,KRX
20130205,+59500,2,+400,+0.68,481098,6432,2051,--4381,--864,108208,34548,--73660,--14481,KRX
20130204,+59100,2,+300,+0.51,384579,6799,3282,--3517,--2224,114356,55177,--59179,--36796,KRX
20130201,+58800,2,+1200,+2.08,409452,5423,4130,--1293,+1622,93181,70798,--22383,+28200,KRX
20130131,-57600,5,-1600,-2.70,351024,5270,2355,--2915,--2370,91349,40766,--50583,--41033,KRX
20130130,+59200,2,+1000,+1.72,357045,4051,3506,--545,+1965,69101,59551,--9550,+33573,KRX
20130129,+58200,2,+200,+0.34,227995,4189,1679,--2510,--575,72015,28892,--43123,--9608,KRX
20130128,+58000,2,+1200,+2.11,275250,3128,1193,--1935,+700,54166,20651,--33515,+12821,KRX
20130125,56800,3,0,0.00,234092,5112,2477,--2635,--2067,89867,43531,--46336,--36294,KRX
20130124,-56800,5,-200,-0.35,241270,3558,2990,--568,+879,62470,52428,--10042,+15255,KRX
20130123,-57000,5,-200,-0.35,151164,2831,1384,--1447,+1109,49499,24202,--25297,+19457,KRX
20130122,57200,3,0,0.00,175415,3441,885,--2556,--1609,60224,15470,--44754,--28134,KRX
20130121,+57200,2,+1400,+2.51,294331,2827,1880,--947,+1125,49742,33122,--16620,+20655,KRX
20130118,-55800,5,-100,-0.18,161912,2782,710,--2072,--20,50025,12750,--37275,--360,KRX
20130117,+55900,2,+700,+1.27,241501,3532,1480,--2052,--1180,63517,26602,--36915,--21170,KRX
20130116,-55200,5,-300,-0.54,246612,2967,2095,--872,+311,53621,37876,--15745,+5446,KRX
20130115,-55500,5,-700,-1.25,222785,2631,1448,--1183,--1351,47168,25977,--21191,--24178,KRX
20130114,-56200,5,-500,-0.88,166463,1529,1697,+168,+1946,27213,30200,+2987,+34378,KRX
20130111,+56700,2,+100,+0.18,277002,3047,1269,--1778,+2421,53781,22390,--31391,+43007,KRX
20130110,-56600,5,-300,-0.53,338859,5451,1252,--4199,--1047,96562,22164,--74398,--19296,KRX
20130109,-56900,5,-600,-1.04,212751,4065,913,--3152,--1443,71096,15994,--55102,--25297,KRX
20130108,-57500,5,-100,-0.17,204251,4305,2596,--1709,--852,74573,44768,--29805,--14943,KRX
20130107,-57600,5,-600,-1.03,258448,4388,3531,--857,--4982,76165,61303,--14862,--86291,KRX
20130104,-58200,5,-800,-1.36,445373,1757,5882,+4125,+4017,30508,101937,+71429,+69645,KRX
20130103,-59000,5,-1900,-3.12,607652,4472,4580,+108,--1287,75204,76988,+1784,--21441,KRX
20130102,+60900,2,+1200,+2.01,325081,2441,3836,+1395,+2779,40380,63605,+23225,+46469,KRX
20121228,-59700,5,-300,-0.50,180879,3068,1684,--1384,--2424,51499,28255,--23244,--40548,KRX
20121227,+60000,2,+200,+0.33,151401,1707,2747,+1040,--2328,28469,45773,+17304,--38915,KRX
20121226,-59800,5,-300,-0.50,228687,681,4049,+3368,+3998,11392,67611,+56219,+66677,KRX
20121224,-60100,5,-600,-0.99,176051,2929,2299,--630,--4273,48609,38151,--10458,--71097,KRX
20121221,+60700,2,+300,+0.50,255138,1776,5419,+3643,+1718,29541,90180,+60639,+28639,KRX
20121220,-60400,5,-500,-0.82,330913,2583,4508,+1925,+1850,42830,74830,+32000,+30823,KRX
20121218,+60900,2,+800,+1.33,250394,2969,3044,+75,--1228,48903,50080,+1177,--20395,KRX
20121217,-60100,5,-400,-0.66,244391,2016,3319,+1303,+2144,33432,55004,+21572,+35387,KRX
20121214,+60500,2,+900,+1.51,528323,3508,2667,--841,--4485,57840,44025,--13815,--75283,KRX
20121213,+59600,2,+1200,+2.05,378657,4479,8123,+3644,+2858,75289,136757,+61468,+48131,KRX
20121212,-58400,5,-800,-1.35,344624,2935,3721,+786,+1618,50310,63647,+13337,+27427,KRX
20121211,+59200,2,+400,+0.68,241999,4106,3274,--832,--1337,69486,55396,--14090,--22649,KRX
20121210,+58800,2,+900,+1.55,266310,1775,2280,+505,+434,30225,38784,+8559,+7370,KRX
20121207,-57900,5,-200,-0.34,256002,2798,2869,+71,--878,48222,49411,+1189,--15164,KRX
20121206,+58100,2,+100,+0.17,185072,1331,2280,+949,+4121,23005,39358,+16353,+71259,KRX
20121205,-58000,5,-1000,-1.69,374164,6557,3385,--3172,--2051,113450,58544,--54906,--35847,KRX
20121204,59000,3,0,0.00,161999,2920,1799,--1121,--653,49593,30534,--19059,--11069,KRX
20121203,+59000,2,+1000,+1.72,352035,2735,2267,--468,--616,46354,38364,--7990,--10509,KRX
20121130,58000,3,0,0.00,265199,3630,3778,+148,--1038,62793,65312,+2519,--18153,KRX
20121129,+58000,2,+700,+1.22,310646,1303,2489,+1186,+1756,22596,43268,+20672,+30616,KRX
20121128,-57300,5,-700,-1.21,195281,2130,1560,--570,--740,37128,27184,--9944,--12878,KRX
20121127,+58000,2,+1200,+2.11,292952,2134,2304,+170,--1452,36991,39925,+2934,--25609,KRX
20121126,+56800,2,+500,+0.89,187111,1391,3013,+1622,+1402,24554,53097,+28543,+24647,KRX
20121123,-56300,5,-1600,-2.76,499294,2109,2329,+220,--1433,37497,41393,+3896,--24437,KRX
20121122,+57900,2,+400,+0.70,321584,688,2341,+1653,+4148,11861,40194,+28333,+71356,KRX
20121121,57500,3,0,0.00,436321,4706,2211,--2495,--721,80900,37877,--43023,--12349,KRX
20121120,+57500,2,+100,+0.17,154889,2787,1013,--1774,--1940,48182,17508,--30674,--33745,KRX
20121119,+57400,2,+2300,+4.17,192800,1810,1976,+166,+2839,31762,34833,+3071,+51162,KRX
20121116,-55100,5,-800,-1.43,230610,4335,1662,--2673,--3556,78032,29941,--48091,--63744,KRX
20121115,-55900,5,-500,-0.89,261408,4531,5414,+883,+2169,81474,97127,+15653,+38219,KRX
20121114,-56400,5,-1600,-2.76,350501,5054,3768,--1286,--3914,89077,66511,--22566,--68024,KRX
20121113,-58000,5,-300,-0.51,189908,1365,3993,+2628,+3407,23580,69038,+45458,+58630,KRX
20121112,-58300,5,-1100,-1.85,178578,2532,1753,--779,+878,42950,29778,--13172,+14707,KRX
20121109,+59400,2,+200,+0.34,296118,5055,3398,--1657,+2102,85092,57213,--27879,+35624,KRX
20121108,-59200,5,-400,-0.67,262460,6260,2501,--3759,--2605,105760,42257,--63503,--43814,KRX
20121107,+59600,2,+1500,+2.58,333317,4507,3353,--1154,+746,76087,56398,--19689,+13479,KRX
20121106,+58100,2,+1600,+2.83,249670,4137,2237,--1900,--1910,72062,38894,--33168,--33387,KRX
20121105,+56500,2,+800,+1.44,201372,3340,3350,+10,+4013,59500,59719,+219,+71909,KRX
20121102,-55700,5,-100,-0.18,223287,6164,2161,--4003,--2104,110399,38709,--71690,--37723,KRX
20121101,-55800,5,-1300,-2.28,276485,4328,2429,--1899,--998,77453,43486,--33967,--18238,KRX
20121031,+57100,2,+100,+0.18,246100,3004,2103,--901,+2675,52455,36726,--15729,+46770,KRX
20121030,-57000,5,-100,-0.18,317121,5838,2262,--3576,--3554,101959,39460,--62499,--62157,KRX
20121029,+57100,2,+600,+1.06,256872,3164,3142,--22,+1620,55044,54702,--342,+28482,KRX
20121026,-56500,5,-400,-0.70,258889,3122,1480,--1642,--1901,54822,25998,--28824,--33375,KRX
20121025,56900,3,0,0.00,481396,2688,2947,+259,+1950,47723,52274,+4551,+34480,KRX
20121024,-56900,5,-1500,-2.57,557956,5946,4255,--1691,+2031,104596,74667,--29929,+32739,KRX
20121023,-58400,5,-3200,-5.19,706756,6972,3250,--3722,--2029,117565,54897,--62668,--34894,KRX
20121022,+61600,2,+100,+0.16,199100,4331,2638,--1693,+1583,70882,43108,--27774,+25149,KRX
20121019,-61500,5,-700,-1.13,214893,4903,1627,--3276,--827,79252,26329,--52923,--13638,KRX
20121018,+62200,2,+900,+1.47,257503,3887,1438,--2449,--10,62416,23131,--39285,+378,KRX
20121017,-61300,5,-100,-0.16,275921,4017,1578,--2439,+482,65386,25723,--39663,+7868,KRX
20121016,+61400,2,+400,+0.66,206395,3973,1052,--2921,--1328,64621,17090,--47531,--21534,KRX
20121015,-61000,5,-100,-0.16,207230,2938,1345,--1593,--3052,47984,21987,--25997,--49771,KRX
20121012,+61100,2,+600,+0.99,156654,1205,2664,+1459,+1622,19698,43472,+23774,+26495,KRX
20121011,-60500,5,-400,-0.66,293756,3636,3473,--163,+93,59749,57028,--2721,+1367,KRX
20121010,-60900,5,-1700,-2.72,320645,2229,1973,--256,--2411,36293,32205,--4088,--38548,KRX
20121009,+62600,2,+300,+0.48,215875,1131,3286,+2155,+1569,18100,52560,+34460,+24923,KRX
20121008,-62300,5,-1200,-1.89,385926,2291,2877,+586,--949,36561,46098,+9537,--14404,KRX
20121005,+63500,2,+300,+0.47,296896,1610,3145,+1535,--712,25242,49183,+23941,--11271,KRX
20121004,-63200,5,-1000,-1.56,317963,1869,4116,+2247,+2727,29310,64522,+35212,+42676,KRX
20121002,-64200,5,-100,-0.16,134994,1437,957,--480,+3462,22300,14836,--7464,+53396,KRX
20120928,-64300,5,-300,-0.46,353824,5236,1294,--3942,--3052,80911,20051,--60860,--47035,KRX
20120927,+64600,2,+400,+0.62,247703,3264,2374,--890,--1014,50727,36902,--13825,--15792,KRX
20120926,-64200,5,-1000,-1.53,366339,1844,1968,+124,+294,28576,30543,+1967,+4614,KRX
20120925,-65200,5,-800,-1.21,260561,3137,2967,--170,--718,48033,45386,--2647,--10859,KRX
20120924,-66000,5,-500,-0.75,277843,1702,2250,+548,+556,25776,33988,+8212,+8388,KRX
20120921,-66500,5,-200,-0.30,286818,3432,3424,--8,+2635,51538,51362,--176,+38859,KRX
20120920,-66700,5,-1500,-2.20,461284,5103,2460,--2643,--3445,75707,36672,--39035,--50822,KRX
20120919,+68200,2,+200,+0.29,355710,2775,3577,+802,+2034,40858,52645,+11787,+29878,KRX
20120918,+68000,2,+500,+0.74,356409,3464,2232,--1232,+942,50876,32785,--18091,+14225,KRX
20120917,-67500,5,-900,-1.32,556378,7217,5043,--2174,--12472,107261,74945,--32316,--183912,KRX
20120914,+68400,2,+2400,+3.64,804959,1880,12178,+10298,+5813,27648,179244,+151596,+84241,KRX
20120913,-66000,5,-1500,-2.22,818623,3098,7583,+4485,+2539,46646,114001,+67355,+38608,KRX
20120912,-67500,5,-300,-0.44,586697,4021,5967,+1946,--1660,59510,88257,+28747,--24272,KRX
20120911,+67800,2,+300,+0.44,495438,3480,7086,+3606,--2033,51246,104265,+53019,--29760,KRX
20120910,-67500,5,-2400,-3.43,1116977,3056,8695,+5639,+5674,44894,127673,+82779,+83363,KRX
20120907,-69900,5,-200,-0.29,662056,5012,4977,--35,--1863,71074,70490,--584,--26719,KRX
20120906,-70100,5,-400,-0.57,472632,4458,6286,+1828,+9011,64005,90140,+26135,+127159,KRX
20120905,-70500,5,-2200,-3.03,318870,8333,1150,--7183,--10106,117224,16200,--101024,--141796,KRX
20120904,+72700,2,+2000,+2.83,264796,1911,4834,+2923,+2543,26489,67261,+40772,+35501,KRX
20120903,-70700,5,-500,-0.70,227977,2730,3110,+380,--334,38544,43815,+5271,--4740,KRX
20120831,+71200,2,+600,+0.85,216152,2825,3539,+714,+1678,39624,49635,+10011,+23617,KRX
20120830,-70600,5,-1600,-2.22,300871,3616,2652,--964,+4204,50979,37373,--13606,+58075,KRX
20120829,+72200,2,+900,+1.26,324009,7306,2138,--5168,--3844,101341,29660,--71681,--53170,KRX
20120828,+71300,2,+300,+0.42,195256,3527,2203,--1324,--2636,49328,30817,--18511,--36868,KRX
20120827,-71000,5,-1500,-2.07,502942,4644,5956,+1312,+2291,65098,83455,+18357,+31830,KRX
20120824,-72500,5,-600,-0.82,206025,2741,1762,--979,--284,37684,24211,--13473,--3999,KRX
20120823,+73100,2,+300,+0.41,210216,3593,2898,--695,--3492,49135,39661,--9474,--47992,KRX
20120822,+72800,2,+300,+0.41,296189,5272,8069,+2797,--1663,72742,111260,+38518,--22727,KRX
20120821,+72500,2,+600,+0.83,397852,2147,6607,+4460,+2511,29536,90781,+61245,+34239,KRX
20120820,-71900,5,-2100,-2.84,957218,5970,7919,+1949,--2125,82476,109482,+27006,--28246,KRX
20120817,-74000,5,-2200,-2.89,673724,5918,9992,+4074,+4884,79077,134329,+55252,+66124,KRX
20120816,-76200,5,-300,-0.39,516423,4600,3790,--810,--2631,60386,49514,--10872,--35123,KRX
20120814,+76500,2,+2800,+3.80,542228,3633,5454,+1821,--439,47966,72217,+24251,--6311,KRX
20120813,-73700,5,-400,-0.54,180418,1152,3412,+2260,--258,15619,46181,+30562,--3594,KRX
20120810,-74100,5,-700,-0.94,312441,4296,6814,+2518,--3660,58258,92414,+34156,--48661,KRX
20120809,+74800,2,+500,+0.67,424344,6269,12447,+6178,+10209,84113,166930,+82817,+136960,KRX
20120808,-74300,5,-600,-0.80,435322,8208,4177,--4031,--3355,109840,55697,--54143,--45090,KRX
20120807,+74900,2,+1600,+2.18,427684,2093,1417,--676,--931,28124,19071,--9053,--12505,KRX
20120806,+73300,2,+1900,+2.66,372964,3116,3371,+255,--780,42562,46014,+3452,--10934,KRX
20120803,-71400,5,-900,-1.24,200047,2073,3108,+1035,+2328,28898,43284,+14386,+32055,KRX
20120802,-72300,5,-700,-0.96,308909,5020,3727,--1293,--2159,68673,51004,--17669,--29557,KRX
20120801,73000,3,0,0.00,258304,2916,3782,+866,--3945,40151,52039,+11888,--54300,KRX
20120731,+73000,2,+1100,+1.53,537665,4497,9308,+4811,+5066,62240,128428,+66188,+69698,KRX
20120730,-71900,5,-500,-0.69,325604,2275,2020,--255,--861,31630,28120,--3510,--11831,KRX
20120727,+72400,2,+900,+1.26,245122,2864,3470,+606,+4671,39737,48058,+8321,+65317,KRX
20120726,-71500,5,-200,-0.28,308596,7114,3049,--4065,--7841,99464,42468,--56996,--110427,KRX
20120725,+71700,2,+1400,+1.99,464740,2085,5861,+3776,+4735,29414,82845,+53431,+67056,KRX
20120724,+70300,2,+200,+0.29,285254,2880,1921,--959,+1961,40956,27331,--13625,+27991,KRX
20120723,-70100,5,-2400,-3.31,311571,6653,3733,--2920,--1149,94772,53156,--41616,--17215,KRX
20120720,-72500,5,-300,-0.41,183855,2862,1091,--1771,--3345,39413,15012,--24401,--46299,KRX
20120719,+72800,2,+2600,+3.70,338173,2364,3938,+1574,+1745,32810,54708,+21898,+24128,KRX
20120718,-70200,5,-1000,-1.40,332225,4599,4428,--171,+804,64451,62221,--2230,+11485,KRX
20120717,-71200,5,-2100,-2.86,553929,5534,4559,--975,+193,77474,63759,--13715,+2348,KRX
20120716,+73300,2,+500,+0.69,264930,4065,2897,--1168,--1603,55694,39631,--16063,--22404,KRX
20120713,+72800,2,+100,+0.14,467816,3817,4252,+435,+3393,52926,59267,+6341,+46583,KRX
20120712,-72700,5,-1800,-2.42,288355,7203,4245,--2958,--1128,97864,57622,--40242,--15536,KRX
20120711,+74500,2,+100,+0.13,203771,3650,1820,--1830,+185,49256,24550,--24706,+2654,KRX
20120710,+74400,2,+900,+1.22,302383,8269,6254,--2015,--3916,111319,83959,--27360,--53037,KRX
20120709,-73500,5,-700,-0.94,330593,2896,4797,+1901,+2966,39231,64908,+25677,+39711,KRX
20120706,-74200,5,-1400,-1.85,284028,3122,2057,--1065,--6098,41609,27575,--14034,--80634,KRX
20120705,+75600,2,+300,+0.40,272713,1489,6522,+5033,+5511,19716,86316,+66600,+73008,KRX
20120704,-75300,5,-800,-1.05,535739,4816,4338,--478,--1755,64067,57659,--6408,--23176,KRX
20120703,-76100,5,-300,-0.39,331292,2053,3330,+1277,+5205,26963,43731,+16768,+67578,KRX
20120702,-76400,5,-700,-0.91,328742,6807,2879,--3928,--4732,88237,37427,--50810,--61028,KRX
20120629,+77100,2,+1900,+2.53,383001,7273,8077,+804,+7438,95165,105383,+10218,+97604,KRX
20120628,-75200,5,-1900,-2.46,435583,8506,1872,--6634,--5251,112096,24710,--87386,--69374,KRX
20120627,+77100,2,+2800,+3.77,554280,7402,6019,--1383,--8,97138,79126,--18012,+484,KRX
20120626,-74300,5,-800,-1.07,407547,6078,4703,--1375,--261,81729,63233,--18496,--4079,KRX
20120625,-75100,5,-1800,-2.34,439333,6209,5095,--1114,--601,82359,67942,--14417,--7771,KRX
20120622,-76900,5,-300,-0.39,306304,4759,4246,--513,+108,61708,55062,--6646,+1477,KRX
20120621,-77200,5,-400,-0.52,272590,4181,3560,--621,--4459,54143,46020,--8123,--57802,KRX
20120620,-77600,5,-100,-0.13,447338,4323,8161,+3838,--1166,55956,105635,+49679,--15032,KRX
20120619,-77700,5,-700,-0.89,496169,2527,7531,+5004,+2711,32704,97415,+64711,+35475,KRX
20120618,-78400,5,-900,-1.13,531968,5258,7551,+2293,+2281,66343,95579,+29236,+29101,KRX
20120615,-79300,5,-600,-0.75,348737,3979,3991,+12,--5121,50136,50271,+135,--64246,KRX
20120614,+79900,2,+1400,+1.78,478707,6164,11297,+5133,+4920,77462,141843,+64381,+61714,KRX
20120613,+78500,2,+300,+0.38,249833,3959,4172,+213,+1139,50530,53197,+2667,+14521,KRX
20120612,+78200,2,+500,+0.64,321688,2376,1450,--926,+106,30401,18547,--11854,+1443,KRX
20120611,+77700,2,+300,+0.39,289193,2847,1815,--1032,--844,36717,23420,--13297,--10846,KRX
20120608,+77400,2,+1300,+1.71,299250,4034,3846,--188,+1962,52267,49816,--2451,+25410,KRX
20120607,-76100,5,-800,-1.04,550490,5952,3802,--2150,--1330,76995,49134,--27861,--17184,KRX
20120605,+76900,2,+3200,+4.34,678984,6402,5582,--820,--9083,83956,73279,--10677,--123139,KRX
20120604,-73700,5,-1500,-1.99,607184,5337,13600,+8263,+8786,72546,185008,+112462,+119525,KRX
20120601,+75200,2,+700,+0.94,369847,3948,3425,--523,--2147,52527,45464,--7063,--28920,KRX
20120531,74500,3,0,0.00,255397,4100,5724,+1624,+410,55387,77244,+21857,+5545,KRX
20120530,74500,3,0,0.00,396967,5962,7176,+1214,+1797,81166,97478,+16312,+24141,KRX
20120529,74500,3,0,0.00,346477,4407,3824,--583,+2676,59261,51432,--7829,+36033,KRX
20120525,+74500,2,+1900,+2.62,578454,7003,3744,--3259,--2593,94247,50385,--43862,--34659,KRX
20120524,72600,3,0,0.00,243419,4329,3663,--666,+2667,59598,50395,--9203,+36832,KRX
20120523,+72600,2,+700,+0.97,430593,6367,3034,--3333,+2474,87907,41872,--46035,+34881,KRX
20120522,+71900,2,+1800,+2.57,408331,8582,2775,--5807,--9447,119476,38560,--80916,--132980,KRX
20120521,+70100,2,+2400,+3.55,411774,4390,8030,+3640,+6773,62686,114750,+52064,+97410,KRX
20120518,-67700,5,-3600,-5.05,436592,8216,5083,--3133,--2279,119452,74106,--45346,--32661,KRX
20120517,+71300,2,+1600,+2.30,589413,11270,10416,--854,--31,160890,148205,--12685,--2578,KRX
20120516,-69700,5,-4000,-5.43,623683,6107,5284,--823,--3120,84766,74659,--10107,--42273,KRX
20120515,+73700,2,+1100,+1.52,622117,4670,6967,+2297,+6649,64039,96205,+32166,+92629,KRX
20120514,-72600,5,-300,-0.41,405772,8024,3672,--4352,--966,111383,50920,--60463,--14014,KRX
20120511,-72900,5,-1100,-1.49,481811,6529,3143,--3386,--3905,89537,43088,--46449,--53260,KRX
20120510,+74000,2,+2000,+2.78,856685,4362,4881,+519,--4110,59125,65936,+6811,--57141,KRX
20120509,+72000,2,+300,+0.42,609307,3537,8166,+4629,+1782,48954,112906,+63952,+24510,KRX
20120508,+71700,2,+2900,+4.22,720661,2847,5694,+2847,+2808,39866,79308,+39442,+38904,KRX
20120507,-68800,5,-1000,-1.43,208465,3500,3539,+39,--1490,50832,51370,+538,--21392,KRX
20120504,+69800,2,+700,+1.01,363071,2295,3824,+1529,--2505,32934,54864,+21930,--37165,KRX
20120503,69100,3,0,0.00,413155,1571,5605,+4034,+3201,22958,82053,+59095,+47015,KRX
20120502,-69100,5,-100,-0.14,292539,3694,4527,+833,--2870,53485,65565,+12080,--41335,KRX
20120430,+69200,2,+200,+0.29,430743,3234,6937,+3703,--673,46668,100083,+53415,--10790,KRX
20120427,+69000,2,+1500,+2.22,402590,2976,7352,+4376,+2573,43564,107769,+64205,+37406,KRX
20120426,+67500,2,+500,+0.75,386943,3134,4937,+1803,--124,46571,73370,+26799,--1822,KRX
20120425,+67000,2,+200,+0.30,389029,3350,5277,+1927,+4423,49791,78412,+28621,+66013,KRX
20120424,+66800,2,+1400,+2.14,632868,5024,2528,--2496,--296,75415,38023,--37392,--3626,KRX
20120423,+65400,2,+500,+0.77,352251,4728,2528,--2200,--3156,72453,38687,--33766,--48532,KRX
20120420,+64900,2,+500,+0.78,260955,3045,4001,+956,--8,47264,62030,+14766,--137,KRX
20120419,-64400,5,-500,-0.77,303708,1773,2737,+964,+234,27448,42351,+14903,+3568,KRX
20120418,+64900,2,+1300,+2.04,311725,2936,3666,+730,--558,45413,56748,+11335,--8930,KRX
20120417,+63600,2,+600,+0.95,218477,2128,3416,+1288,+15239,33490,53755,+20265,+242430,KRX
20120416,-63000,5,-1600,-2.48,459394,15976,2025,--13951,--16389,254377,32212,--222165,--260127,KRX
20120413,+64600,2,+1100,+1.73,267295,1575,4013,+2438,--156,24542,62504,+37962,--3545,KRX
20120412,-63500,5,-600,-0.94,411369,2642,5236,+2594,+3347,41945,83452,+41507,+52911,KRX
20120410,-64100,5,-1900,-2.88,371982,4288,3535,--753,+1408,66311,54907,--11404,+20936,KRX
20120409,-66000,5,-600,-0.90,349757,4247,2086,--2161,--2941,63808,31468,--32340,--43909,KRX
20120406,+66600,2,+400,+0.60,316601,2032,2812,+780,+2226,30482,42051,+11569,+33383,KRX
20120405,+66200,2,+1200,+1.85,403483,2995,1549,--1446,--599,45218,23404,--21814,--8876,KRX
20120404,65000,3,0,0.00,421590,5458,4611,--847,--2126,83504,70566,--12938,--32072,KRX
20120403,-65000,5,-800,-1.22,675102,7749,9028,+1279,--3769,118829,137963,+19134,--57167,KRX
20120402,-65800,5,-2200,-3.24,706269,4172,9220,+5048,+4512,63078,139379,+76301,+68459,KRX
20120330,-68000,5,-400,-0.58,218795,3609,4145,+536,--3425,52917,60759,+7842,--50186,KRX
20120329,+68400,2,+500,+0.74,376707,2806,6767,+3961,+5889,41100,99128,+58028,+85845,KRX
20120328,-67900,5,-3300,-4.63,635783,6230,4302,--1928,--1279,90126,62309,--27817,--18641,KRX
20120327,-71200,5,-400,-0.56,314676,2663,2014,--649,+5255,37380,28204,--9176,+72733,KRX
20120326,+71600,2,+500,+0.70,676501,9480,3576,--5904,--7094,132099,50190,--81909,--98872,KRX
20120323,-71100,5,-400,-0.56,415186,4587,5777,+1190,--485,64321,81284,+16963,--6594,KRX
20120322,+71500,2,+1700,+2.44,397925,4487,6162,+1675,--5686,63045,86602,+23557,--81448,KRX
20120321,+69800,2,+1400,+2.05,731235,7899,15260,+7361,+3627,112842,217847,+105005,+50359,KRX
20120320,-68400,5,-2500,-3.53,797302,3287,7021,+3734,+5668,47608,102254,+54646,+81959,KRX
20120319,-70900,5,-400,-0.56,324679,5266,3332,--1934,--365,74287,46974,--27313,--5387,KRX
20120316,+71300,2,+300,+0.42,474335,5570,4001,--1569,--8442,77956,56030,--21926,--120548,KRX
20120315,+71000,2,+2200,+3.20,759291,4019,10892,+6873,+4784,57453,156075,+98622,+68183,KRX
20120314,+68800,2,+100,+0.15,641249,7043,9132,+2089,--3279,102746,133185,+30439,--47771,KRX
20120313,+68700,2,+300,+0.44,491269,2630,7998,+5368,+5091,38334,116544,+78210,+74139,KRX
20120312,-68400,5,-200,-0.29,356930,2347,2624,+277,+52,34116,38187,+4071,+700,KRX
20120309,+68600,2,+600,+0.88,426859,5470,5695,+225,--4969,79761,83132,+3371,--71778,KRX
20120308,+68000,2,+1400,+2.10,1326908,8991,14185,+5194,+4114,130943,206092,+75149,+59077,KRX
20120307,-66600,5,-600,-0.89,770854,6576,7656,+1080,--7367,98492,114564,+16072,--111729,KRX
20120306,+67200,2,+2600,+4.02,1047551,4553,13000,+8447,+10909,68822,196623,+127801,+165534,KRX
20120305,-64600,5,-1400,-2.12,433776,4028,1566,--2462,--4297,61797,24064,--37733,--65261,KRX
20120302,+66000,2,+1900,+2.96,1199842,3720,5555,+1835,+994,56239,83767,+27528,+14436,KRX
20120229,-64100,5,-300,-0.47,636601,2952,3793,+841,+1992,46077,59169,+13092,+31173,KRX
20120228,+64400,2,+1300,+2.06,551354,2957,1806,--1151,+3143,46544,28463,--18081,+50008,KRX
20120227,-63100,5,-400,-0.63,610296,5940,1646,--4294,+54,94258,26169,--68089,+955,KRX
20120224,+63500,2,+1700,+2.75,1093674,6480,2132,--4348,--2619,102799,33755,--69044,--40720,KRX
20120223,+61800,2,+2500,+4.22,1035123,8037,6308,--1729,--767,131140,102816,--28324,--12197,KRX
20120222,-59300,5,-700,-1.17,347336,2519,1557,--962,--236,42319,26192,--16127,--4039,KRX
20120221,-60000,5,-100,-0.17,496951,2915,2189,--726,--1385,48520,36432,--12088,--23046,KRX
20120220,+60100,2,+1000,+1.69,506570,2748,3407,+659,+259,45776,56734,+10958,+4240,KRX
20120217,+59100,2,+1500,+2.60,519120,2058,2458,+400,+1235,34839,41557,+6718,+20968,KRX
20120216,-57600,5,-1500,-2.54,363960,3069,2234,--835,--1707,52807,38557,--14250,--29077,KRX
20120215,-59100,5,-100,-0.17,490782,1882,2754,+872,+3019,31892,46719,+14827,+50779,KRX
20120214,-59200,5,-1100,-1.82,432946,3745,1598,--2147,+1712,62848,26896,--35952,+28759,KRX
20120213,+60300,2,+700,+1.17,538971,5622,1763,--3859,+3133,94313,29602,--64711,+52451,KRX
20120210,-59600,5,-800,-1.32,752816,8679,1687,--6992,--4555,145444,28282,--117162,--75683,KRX
20120209,+60400,2,+1800,+3.07,981295,5054,2617,--2437,--898,85011,43532,--41479,--15098,KRX
20120208,+58600,2,+2300,+4.09,904508,3558,2019,--1539,--2832,60949,34568,--26381,--49459,KRX
20120207,+56300,2,+700,+1.26,509311,2492,3785,+1293,+9352,44320,67398,+23078,+166067,KRX
20120206,-55600,5,-2400,-4.14,974962,11979,3920,--8059,--1320,213019,70030,--142989,--27304,KRX
20120203,-58000,5,-100,-0.17,737367,9051,2312,--6739,--4361,155413,39728,--115685,--74483,KRX
20120202,+58100,2,+1000,+1.75,963865,8038,5660,--2378,+1594,138739,97537,--41202,+28495,KRX
20120201,+57100,2,+500,+0.88,1176548,9748,5776,--3972,--697,171182,101485,--69697,--11769,KRX
20120131,+56600,2,+2600,+4.81,1380598,10337,7062,--3275,+3469,183344,125416,--57928,+65728,KRX
20120130,+54000,2,+400,+0.75,844353,9263,2519,--6744,--5539,169924,46268,--123656,--101072,KRX
20120127,+53600,2,+600,+1.13,488437,3106,1901,--1205,+1780,58160,35576,--22584,+33928,KRX
20120126,-53000,5,-500,-0.93,610300,6079,3094,--2985,--4173,114899,58387,--56512,--78589,KRX
20120125,53500,3,0,0.00,467657,3234,4422,+1188,--6046,60420,82497,+22077,--113688,KRX
20120120,-53500,5,-900,-1.65,975331,1816,9050,+7234,+5877,34146,169911,+135765,+111066,KRX
20120119,+54400,2,+500,+0.93,829696,3222,4579,+1357,+712,58922,83621,+24699,+12745,KRX
20120118,+53900,2,+100,+0.19,321090,1552,2197,+645,--3048,28689,40643,+11954,--56440,KRX
20120117,+53800,2,+200,+0.37,318620,688,4381,+3693,+3366,12769,81163,+68394,+62286,KRX
20120116,-53600,5,-1000,-1.83,326594,1914,2241,+327,--1496,35937,42045,+6108,--27301,KRX
20120113,+54600,2,+700,+1.30,270557,1800,3623,+1823,+1902,33019,66428,+33409,+34920,KRX
20120112,+53900,2,+400,+0.75,240565,1935,1856,--79,--37,36090,34579,--1511,--721,KRX
20120111,+53500,2,+200,+0.38,241423,1828,1786,--42,--2686,34170,33380,--790,--50203,KRX
20120110,-53300,5,-400,-0.74,399001,1401,4045,+2644,+4033,26211,75624,+49413,+75174,KRX
20120109,-53700,5,-1000,-1.83,230272,3071,1682,--1389,+64,57071,31310,--25761,+863,KRX
20120106,-54700,5,-800,-1.44,245391,2664,1211,--1453,--388,48821,22197,--26624,--7391,KRX
20120105,-55500,5,-900,-1.60,383766,4146,3081,--1065,+1321,74849,55616,--19233,+22987,KRX
20120104,+56400,2,+1100,+1.99,659230,4885,2499,--2386,--4945,86400,44180,--42220,--88619,KRX
20120103,+55300,2,+700,+1.28,346611,1890,4449,+2559,+3700,34328,80727,+46399,+67488,KRX
20120102,+54600,2,+1400,+2.63,310567,2529,1388,--1141,--1855,46735,25646,--21089,--34520,KRX
20111229,53200,3,0,0.00,209691,2291,3005,+714,+1908,43164,56595,+13431,+35809,KRX
20111228,53200,3,0,0.00,240151,2634,1440,--1194,--1115,49475,27097,--22378,--20783,KRX
20111227,-53200,5,-900,-1.66,329329,1664,1585,--79,--2048,31142,29547,--1595,--37297,KRX
20111226,54100,3,0,0.00,410422,1336,3305,+1969,--1291,24367,60069,+35702,--24542,KRX
20111223,+54100,2,+300,+0.56,406364,1047,4307,+3260,+2085,19346,79590,+60244,+38276,KRX
20111222,+53800,2,+1600,+3.07,549620,1141,2316,+1175,--287,21431,43399,+21968,--5830,KRX
20111221,+52200,2,+900,+1.75,683562,1885,3347,+1462,+2811,35907,63705,+27798,+54137,KRX
20111220,-51300,5,-1000,-1.91,820916,2815,1466,--1349,+2458,54781,28442,--26339,+44236,KRX
20111219,-52300,5,-100,-0.19,3140594,7302,3495,--3807,--5509,136003,65428,--70575,--103167,KRX
20111216,+52400,2,+500,+0.96,231869,2341,4043,+1702,+1309,44889,77481,+32592,+25086,KRX
20111215,-51900,5,-2000,-3.71,347316,2367,2760,+393,--596,45131,52637,+7506,--10433,KRX
20111214,-53900,5,-700,-1.28,326969,2360,3349,+989,+1372,43508,61447,+17939,+24769,KRX
20111213,+54600,2,+400,+0.74,382640,2422,2039,--383,--1827,44558,37728,--6830,--33299,KRX
20111212,+54200,2,+900,+1.69,387211,1021,2465,+1444,+1769,18822,45291,+26469,+32591,KRX
20111209,-53300,5,-900,-1.66,241956,2041,1716,--325,--2945,38033,31911,--6122,--54365,KRX
20111208,-54200,5,-100,-0.18,344435,2468,5088,+2620,+1157,45604,93847,+48243,+21194,KRX
20111207,+54300,2,+200,+0.37,311864,3144,4607,+1463,--1138,58071,85120,+27049,--20968,KRX
20111206,-54100,5,-1600,-2.87,397298,940,3541,+2601,+820,17365,65382,+48017,+15859,KRX
20111205,-55700,5,-200,-0.36,214197,634,2415,+1781,--1530,11481,43639,+32158,--26983,KRX
20111202,55900,3,0,0.00,198137,844,4155,+3311,--94,15100,74241,+59141,--1498,KRX
20111201,+55900,2,+1500,+2.76,304427,2677,6082,+3405,+726,47748,108387,+60639,+11459,KRX
20111130,-54400,5,-200,-0.37,170286,908,3587,+2679,+1780,16685,65865,+49180,+32686,KRX
20111129,+54600,2,+1000,+1.87,201703,2730,3629,+899,--413,50416,66910,+16494,--8225,KRX
20111128,+53600,2,+1900,+3.68,136604,1014,2326,+1312,+1321,18980,43699,+24719,+24922,KRX
20111125,-51700,5,-1300,-2.45,181917,2230,2221,--9,--608,42922,42719,--203,--11601,KRX
20111124,+53000,2,+400,+0.76,127818,993,1592,+599,+3325,18814,30212,+11398,+62187,KRX
20111123,-52600,5,-2800,-5.05,229828,3817,1091,--2726,--2725,71280,20491,--50789,--50767,KRX
20111122,+55400,2,+800,+1.47,129384,1255,1254,--1,+933,22878,22856,--22,+17111,KRX
20111121,-54600,5,-200,-0.36,128490,2122,1188,--934,+418,38857,21724,--17133,+7813,KRX
20111118,-54800,5,-1000,-1.79,175880,3855,2503,--1352,--1271,70883,45937,--24946,--23386,KRX
20111117,+55800,2,+100,+0.18,251297,2344,2263,--81,+1373,42568,41008,--1560,+24349,KRX
20111116,-55700,5,-1400,-2.45,206241,2839,1385,--1454,--492,50425,24516,--25909,--8880,KRX
20111115,-57100,5,-1200,-2.06,192243,3219,2257,--962,--861,56457,39428,--17029,--15262,KRX
20111114,+58300,2,+1200,+2.10,228357,1821,1720,--101,+1463,31412,29645,--1767,+25836,KRX
20111111,+57100,2,+1500,+2.70,200412,3271,1707,--1564,--2045,57465,29862,--27603,--35511,KRX
20111110,-55600,5,-4500,-7.49,363082,5072,5553,+481,--571,90256,98164,+7908,--9391,KRX
20111109,-60100,5,-200,-0.33,136793,1237,2289,+1052,+644,20558,37857,+17299,+10545,KRX
20111108,+60300,2,+100,+0.17,178277,851,1259,+408,+1516,14046,20800,+6754,+25065,KRX
20111107,-60200,5,-400,-0.66,173215,1771,663,--1108,--2651,29298,10987,--18311,--43960,KRX
20111104,+60600,2,+2800,+4.84,220896,1194,2737,+1543,+2596,19799,45448,+25649,+43341,KRX
20111103,-57800,5,-1600,-2.69,227728,2184,1131,--1053,--1391,37122,19430,--17692,--23467,KRX
20111102,-59400,5,-1100,-1.82,264755,1860,2198,+338,--176,31530,37305,+5775,--2712,KRX
20111101,+60500,2,+200,+0.33,223725,2117,2631,+514,+901,34967,43454,+8487,+14630,KRX
20111031,-60300,5,-1800,-2.90,328167,2200,1813,--387,--3674,35886,29743,--6143,--59127,KRX
20111028,+62100,2,+1000,+1.64,630234,3152,6439,+3287,+2610,50807,103791,+52984,+41797,KRX
20111027,+61100,2,+300,+0.49,438423,1503,2180,+677,--2562,24689,35876,+11187,--42162,KRX
20111026,-60800,5,-1800,-2.88,740920,1530,4769,+3239,+2237,25206,78555,+53349,+37424,KRX
20111025,+62600,2,+600,+0.97,602981,1909,2911,+1002,--1873,30521,46446,+15925,--30548,KRX
20111024,+62000,2,+3400,+5.80,935171,1448,4323,+2875,+2367,23445,69918,+46473,+37752,KRX
20111021,+58600,2,+2600,+4.64,312177,1688,2196,+508,--14,29191,37912,+8721,--596,KRX
20111020,-56000,5,-2200,-3.78,685030,1227,1749,+522,--144,20888,30205,+9317,--2257,KRX
20111019,-58200,5,-100,-0.17,194354,833,1499,+666,--1422,14228,25802,+11574,--24142,KRX
20111018,-58300,5,-1400,-2.35,191397,1329,3417,+2088,+2495,22778,58494,+35716,+42660,KRX
20111017,+59700,2,+200,+0.34,254270,1752,1345,--407,--831,29515,22571,--6944,--14257,KRX
20111014,+59500,2,+900,+1.54,283974,1536,1960,+424,+1270,26132,33445,+7313,+21633,KRX
20111013,+58600,2,+200,+0.34,303384,3465,2619,--846,--1568,58808,44488,--14320,--26796,KRX
20111012,+58400,2,+700,+1.21,296890,1290,2012,+722,+1006,22235,34711,+12476,+17056,KRX
20111011,-57700,5,-1000,-1.70,554321,2693,2409,--284,+629,45963,41383,--4580,+10998,KRX
20111010,+58700,2,+2700,+4.82,600798,2141,1228,--913,--3040,36646,21068,--15578,--53735,KRX
20111007,+56000,2,+2500,+4.67,436425,1757,3884,+2127,--1021,31481,69638,+38157,--19404,KRX
20111006,+53500,2,+3000,+5.94,699999,1944,5092,+3148,--34,35837,93398,+57561,--3522,KRX
20111005,-50500,5,-2600,-4.90,350240,3303,6485,+3182,+2096,63801,124884,+61083,+40732,KRX
20111004,-53100,5,-1900,-3.45,407207,3186,4272,+1086,+401,62070,82421,+20351,+8317,KRX
20110930,+55000,2,+500,+0.92,516984,3654,4339,+685,--7,66565,78599,+12034,--1547,KRX
20110929,+54500,2,+2800,+5.42,475728,3472,4164,+692,+1660,64592,78173,+13581,+32037,KRX
20110928,+51700,2,+100,+0.19,326835,3926,2958,--968,--1143,74701,56245,--18456,--21829,KRX
20110927,+51600,2,+1800,+3.61,255767,2155,2330,+175,--6231,41820,45193,+3373,--124152,KRX
20110926,-49800,5,-2300,-4.41,423158,1581,7987,+6406,+7448,31118,158643,+127525,+147362,KRX
20110923,-52100,5,-4200,-7.46,396518,5309,4267,--1042,--1858,100074,80237,--19837,--34296,KRX
20110922,-56300,5,-2100,-3.60,298886,3541,4357,+816,--954,63151,77610,+14459,--15772,KRX
20110921,+58400,2,+200,+0.34,366755,1346,3116,+1770,+187,23153,53384,+30231,+1711,KRX
20110920,+58200,2,+4200,+7.78,558315,2292,3875,+1583,--301,40185,68705,+28520,--6275,KRX
20110919,-54000,5,-400,-0.74,199800,1528,3412,+1884,+412,28412,63207,+34795,+7642,KRX
20110916,+54400,2,+1500,+2.84,199423,2031,3503,+1472,--634,37371,64524,+27153,--12793,KRX
20110915,+52900,2,+700,+1.34,223229,1253,3359,+2106,+1886,23766,63712,+39946,+35644,KRX
20110914,-52200,5,-2100,-3.87,230195,2767,2987,+220,+1273,52356,56658,+4302,+23429,KRX
20110909,-54300,5,-2200,-3.89,283233,5088,4035,--1053,--1542,92238,73111,--19127,--28068,KRX
20110908,+56500,2,+2000,+3.67,614030,4833,5322,+489,--5827,86280,95221,+8941,--108856,KRX
20110907,+54500,2,+3800,+7.50,417861,2439,8755,+6316,+4824,45222,163019,+117797,+88369,KRX
20110906,-50700,5,-1900,-3.61,530725,3130,4622,+1492,+2505,61451,90879,+29428,+47641,KRX
20110905,-52600,5,-3900,-6.90,418578,3726,2713,--1013,--153,69224,51011,--18213,--2990,KRX
20110902,-56500,5,-900,-1.57,299986,3240,2380,--860,--2454,56886,41663,--15223,--41753,KRX
20110901,-57400,5,-1000,-1.71,574801,4428,6022,+1594,+3627,75258,101788,+26530,+62148,KRX
20110831,+58400,2,+500,+0.86,463544,5338,3305,--2033,--3143,92809,57191,--35618,--54905,KRX
20110830,+57900,2,+2600,+4.70,918328,4601,5711,+1110,+1966,81937,101224,+19287,+34848,KRX
20110829,+55300,2,+3000,+5.74,917688,3502,2646,--856,--3046,63886,48325,--15561,--57940,KRX
20110826,52300,3,0,0.00,535604,4740,6930,+2190,+1727,91399,133778,+42379,+33624,KRX
20110825,-52300,5,-600,-1.13,336791,2145,2608,+463,+1245,40167,48922,+8755,+22806,KRX
20110824,-52900,5,-1600,-2.94,344762,3868,3086,--782,--3018,71806,57755,--14051,--55595,KRX
20110823,+54500,2,+2000,+3.81,327934,2203,4439,+2236,+5,40727,82271,+41544,--291,KRX
20110822,-52500,5,-1900,-3.49,420482,3211,5442,+2231,--1848,60368,102203,+41835,--31944,KRX
20110819,-54400,5,-4900,-8.26,665051,2579,6658,+4079,+7747,46816,120595,+73779,+133796,KRX
20110818,-59300,5,-3000,-4.82,658197,6787,3119,--3668,--2857,112529,52512,--60017,--46897,KRX
20110817,+62300,2,+900,+1.47,489711,3344,2533,--811,--1981,54212,41092,--13120,--32152,KRX
20110816,+61400,2,+2400,+4.07,360321,2578,3748,+1170,+7904,42410,61442,+19032,+129326,KRX
20110812,-59000,5,-1500,-2.48,787388,10596,3862,--6734,--6687,174811,64517,--110294,--110406,KRX
20110811,+60500,2,+1900,+3.24,610078,6279,6232,--47,+9683,106622,106734,+112,+158992,KRX
20110810,-58600,5,-1300,-2.17,1030404,16779,7049,--9730,--7720,276560,117680,--158880,--125752,KRX
20110809,-59900,5,-3700,-5.82,1071752,12099,10089,--2010,--3576,205644,172516,--33128,--56877,KRX
20110808,-63600,5,-4100,-6.06,783452,8906,10472,+1566,--3766,140220,163969,+23749,--54112,KRX
20110805,-67700,5,-5200,-7.13,638858,4470,9802,+5332,+7167,65241,143102,+77861,+102420,KRX
20110804,-72900,5,-900,-1.22,342829,4574,2739,--1835,+9935,61702,37143,--24559,+135899,KRX
20110803,-73800,5,-3000,-3.91,767223,17564,5794,--11770,--5450,238803,78345,--160458,--78668,KRX
20110802,-76800,5,-2200,-2.78,617352,10026,3706,--6320,--12023,130027,48237,--81790,--154003,KRX
20110801,+79000,2,+1700,+2.20,502527,4611,10314,+5703,+3356,58544,130757,+72213,+42046,KRX
20110729,-77300,5,-700,-0.90,641257,4952,7299,+2347,+15312,63817,93984,+30167,+195835,KRX
20110728,-78000,5,-2700,-3.35,1142484,17863,4898,--12965,--11335,228198,62530,--165668,--145449,KRX
20110727,-80700,5,-700,-0.86,399843,3743,2113,--1630,--4841,46434,26215,--20219,--59714,KRX
20110726,+81400,2,+600,+0.74,712486,4557,7768,+3211,+6696,56318,95813,+39495,+81433,KRX
20110725,-80800,5,-6900,-7.87,2182751,8809,5324,--3485,--5966,107123,65185,--41938,--69897,KRX
20110722,-87700,5,-1100,-1.24,952422,6036,8517,+2481,--2163,68291,96250,+27959,--24444,KRX
20110721,-88800,5,-900,-1.00,357716,2170,6814,+4644,+2057,24578,76981,+52403,+23992,KRX
20110720,-89700,5,-1000,-1.10,495628,2863,5450,+2587,--4069,31727,60138,+28411,--45188,KRX
20110719,+90700,2,+2500,+2.83,428134,1661,8317,+6656,+6168,18386,91985,+73599,+68019,KRX
20110718,-88200,5,-1600,-1.78,386125,3341,3829,+488,--254,37691,43271,+5580,--2732,KRX
20110715,+89800,2,+400,+0.45,320687,2880,3622,+742,--830,32284,40596,+8312,--9291,KRX
20110714,+89400,2,+1000,+1.13,520414,6057,7629,+1572,--870,68808,86411,+17603,--10233,KRX
20110713,-88400,5,-3700,-4.02,927817,7118,9560,+2442,--535,80420,108256,+27836,--4744,KRX
20110712,-92100,5,-1800,-1.92,499382,3196,6173,+2977,--2777,34910,67490,+32580,--28760,KRX
20110711,+93900,2,+1000,+1.08,281827,1806,7560,+5754,--1235,19280,80620,+61340,--14024,KRX
20110708,-92900,5,-1200,-1.28,473635,2855,9844,+6989,--47,30786,106150,+75364,+1032,KRX
20110707,-94100,5,-1300,-1.36,472159,3147,10183,+7036,+6343,33302,107634,+74332,+67004,KRX
20110706,+95400,2,+100,+0.10,302923,3825,4518,+693,--2445,40319,47647,+7328,--25632,KRX
20110705,+95300,2,+1800,+1.93,604174,1974,5112,+3138,+500,20889,53849,+32960,+4633,KRX
20110704,+93500,2,+400,+0.43,342074,2337,4975,+2638,+715,25074,53401,+28327,+7703,KRX
20110701,+93100,2,+200,+0.22,406575,2472,4395,+1923,--5007,26523,47147,+20624,--55088,KRX
20110630,+92900,2,+3000,+3.34,588212,3029,9959,+6930,+2486,32833,108545,+75712,+26543,KRX
20110629,-89900,5,-1100,-1.21,391113,3351,7795,+4444,+3566,37199,86368,+49169,+39645,KRX
20110628,-91000,5,-1500,-1.62,281366,3952,4830,+878,+668,43140,52664,+9524,+7356,KRX
20110627,+92500,2,+100,+0.11,287877,4711,4921,+210,--4915,51420,53588,+2168,--54101,KRX
20110624,92400,3,0,0.00,758549,4253,9378,+5125,--2997,46747,103016,+56269,--31509,KRX
20110623,+92400,2,+1300,+1.43,359338,3259,11381,+8122,--7039,35362,123140,+87778,--76408,KRX
20110622,91100,3,0,0.00,762291,2411,17572,+15161,+13240,26268,190454,+164186,+143065,KRX
20110621,-91100,5,-100,-0.11,492777,4096,6017,+1921,--3136,45142,66263,+21121,--34164,KRX
20110620,+91200,2,+4200,+4.83,1237937,7250,12307,+5057,+5327,80105,135390,+55285,+58467,KRX
20110617,+87000,2,+500,+0.58,405690,5562,5292,--270,+2504,64151,60969,--3182,+28794,KRX
20110616,+86500,2,+1500,+1.76,795121,6482,3708,--2774,--2562,74890,42914,--31976,--29384,KRX
20110615,+85000,2,+1500,+1.80,663981,3307,3095,--212,+19,39080,36488,--2592,--101,KRX
20110614,+83500,2,+1800,+2.20,519894,3124,2893,--231,--1651,37562,35071,--2491,--19916,KRX
20110613,+81700,2,+100,+0.12,367779,2985,4405,+1420,+5835,36548,53973,+17425,+71371,KRX
20110610,-81600,5,-1500,-1.81,428803,6540,2125,--4415,--29,79937,25991,--53946,--920,KRX
20110609,+83100,2,+1300,+1.59,645751,9979,5593,--4386,--5274,120705,67679,--53026,--64625,KRX
20110608,+81800,2,+4100,+5.28,691305,6074,6962,+888,--1449,75076,86675,+11599,--18177,KRX
20110607,-77700,5,-800,-1.02,307762,2457,4794,+2337,+250,31485,61261,+29776,+3210,KRX
20110603,-78500,5,-400,-0.51,184649,1596,3683,+2087,+623,20328,46894,+26566,+7955,KRX
20110602,-78900,5,-1600,-1.99,308383,3329,4793,+1464,+1925,42347,60958,+18611,+24371,KRX
20110601,+80500,2,+500,+0.63,231676,3756,3295,--461,--1005,46914,41154,--5760,--12430,KRX
20110531,+80000,2,+100,+0.13,287477,5086,5630,+544,+3478,63464,70134,+6670,+43476,KRX
20110530,-79900,5,-400,-0.50,203191,4867,1933,--2934,--1336,61083,24277,--36806,--16847,KRX
20110527,+80300,2,+1500,+1.90,245413,4314,2716,--1598,+3995,54116,34157,--19959,+52346,KRX
20110526,+78800,2,+2400,+3.14,363323,8102,2509,--5593,--5243,104547,32242,--72305,--67810,KRX
20110525,-76400,5,-1500,-1.93,262705,5495,5145,--350,--1595,71353,66858,--4495,--20674,KRX
20110524,+77900,2,+900,+1.17,284984,3895,5140,+1245,+957,50212,66391,+16179,+12273,KRX
20110523,-77000,5,-3600,-4.47,463263,4820,5108,+288,--122,62129,66035,+3906,--1212,KRX
20110520,+80600,2,+900,+1.13,321582,3686,4096,+410,+8651,45834,50952,+5118,+106518,KRX
20110519,-79700,5,-3700,-4.44,716866,13171,4930,--8241,--2619,162592,61192,--101400,--34630,KRX
20110518,-83400,5,-1500,-1.77,363919,8412,2790,--5622,--814,99911,33141,--66770,--10396,KRX
20110517,+84900,2,+300,+0.35,262993,6959,2151,--4808,+1003,81692,25318,--56374,+11784,KRX
20110516,-84600,5,-1200,-1.40,230306,6751,940,--5811,--4482,79173,11015,--68158,--52373,KRX
20110513,+85800,2,+2600,+3.13,416051,8056,6727,--1329,+8773,94541,78756,--15785,+104358,KRX
20110512,-83200,5,-2000,-2.35,342055,13824,3722,--10102,--9501,164458,44315,--120143,--112915,KRX
20110511,+85200,2,+2700,+3.27,302017,5278,4677,--601,+1400,62291,55063,--7228,+16851,KRX
20110509,-82500,5,-500,-0.60,221949,3936,1935,--2001,--5805,47327,23248,--24079,--69739,KRX
20110506,-83000,5,-2900,-3.38,413114,1961,5765,+3804,+1134,23546,69206,+45660,+14951,KRX
20110504,-85900,5,-2100,-2.39,408146,2014,4684,+2670,+1856,23159,53868,+30709,+21430,KRX
20110503,-88000,5,-400,-0.45,215246,2029,2843,+814,+1910,23047,32326,+9279,+21646,KRX
20110502,+88400,2,+300,+0.34,426039,3749,2653,--1096,+26,42236,29869,--12367,+830,KRX
20110429,+88100,2,+2500,+2.92,695411,6433,5311,--1122,+4616,73797,60600,--13197,+52493,KRX
20110428,-85600,5,-2100,-2.39,653080,8217,2479,--5738,--12878,94211,28521,--65690,--148212,KRX
20110427,+87700,2,+3600,+4.28,752337,4587,11727,+7140,+5385,52915,135437,+82522,+61611,KRX
20110426,-84100,5,-2400,-2.77,496020,4022,5777,+1755,+5180,47581,68492,+20911,+60523,KRX
20110425,86500,3,0,0.00,388729,4676,1251,--3425,--2020,54068,14456,--39612,--23406,KRX
20110422,+86500,2,+1500,+1.76,596600,5687,4282,--1405,--3977,65605,49399,--16206,--46226,KRX
20110421,-85000,5,-1100,-1.28,642785,3487,6059,+2572,+936,40846,70866,+30020,+10729,KRX
20110420,+86100,2,+3500,+4.24,974973,6028,7664,+1636,+3051,70464,89755,+19291,+36473,KRX
20110419,+82600,2,+1300,+1.60,567888,4014,2599,--1415,--1291,48699,31517,--17182,--15694,KRX
20110418,-81300,5,-700,-0.85,383042,2462,2338,--124,+2050,30274,28786,--1488,+25012,KRX
20110415,-82000,5,-500,-0.61,306961,3678,1504,--2174,+3194,44805,18305,--26500,+39696,KRX
20110414,+82500,2,+100,+0.12,332180,9717,4349,--5368,--7028,119213,53017,--66196,--86631,KRX
20110413,+82400,2,+2900,+3.65,363591,3084,4744,+1660,+2733,38006,58441,+20435,+33708,KRX
20110412,-79500,5,-2500,-3.05,524071,4680,3607,--1073,+4006,58421,45148,--13273,+47796,KRX
20110411,-82000,5,-2000,-2.38,457641,7170,2091,--5079,--3971,86431,25362,--61069,--47730,KRX
20110408,+84000,2,+2600,+3.19,605928,4335,3227,--1108,--4222,52025,38686,--13339,--51825,KRX
20110407,+81400,2,+900,+1.12,632194,2216,5330,+3114,+1941,27325,65811,+38486,+23893,KRX
20110406,-80500,5,-2500,-3.01,907741,5623,6796,+1173,--1388,69659,84252,+14593,--16250,KRX
20110405,-83000,5,-2000,-2.35,826064,3048,5609,+2561,+8630,36860,67703,+30843,+102065,KRX
20110404,+85000,2,+1000,+1.19,878933,10105,4036,--6069,--12101,118703,47481,--71222,--144767,KRX
20110401,+84000,2,+4200,+5.26,1950701,9746,15778,+6032,+145,117445,190990,+73545,--1055,KRX
20110331,+79800,2,+3300,+4.31,687362,2631,8518,+5887,+346,33478,108078,+74600,+2258,KRX
20110330,+76500,2,+1200,+1.59,703205,913,6454,+5541,+3679,11903,84245,+72342,+47499,KRX
20110329,-75300,5,-700,-0.92,380103,1305,3167,+1862,+396,17217,42060,+24843,+5612,KRX
20110328,-76000,5,-1600,-2.06,366375,961,2427,+1466,+634,12455,31686,+19231,+8502,KRX
20110325,+77600,2,+400,+0.52,461657,4066,4898,+832,+5661,52248,62977,+10729,+73555,KRX
20110324,-77200,5,-600,-0.77,497875,9235,4406,--4829,--3968,120066,57240,--62826,--51395,KRX
20110323,+77800,2,+2900,+3.87,540955,3541,2680,--861,--2386,46730,35299,--11431,--31740,KRX
20110322,+74900,2,+200,+0.27,267263,2838,4363,+1525,+3563,37984,58293,+20309,+47568,KRX
20110321,+74700,2,+200,+0.27,465758,4758,2720,--2038,--2473,63368,36109,--27259,--33098,KRX
20110318,+74500,2,+3500,+4.93,540039,4063,4498,+435,--840,55334,61173,+5839,--12141,KRX
20110317,-71000,5,-700,-0.98,249460,3528,4803,+1275,--1717,49910,67890,+17980,--24125,KRX
20110316,+71700,2,+1300,+1.85,327731,2069,5061,+2992,+9146,29159,71264,+42105,+129190,KRX
20110315,-70400,5,-1000,-1.40,790252,12246,6092,--6154,--11919,173324,86239,--87085,--168556,KRX
20110314,-71400,5,-3500,-4.67,748657,2156,7921,+5765,+9980,29719,111190,+81471,+137778,KRX
20110311,-74900,5,-2000,-2.60,494357,5870,1655,--4215,--823,78331,22024,--56307,--11880,KRX
20110310,+76900,2,+800,+1.05,439990,8999,5607,--3392,--1451,117466,73039,--44427,--19214,KRX
20110309,-76100,5,-800,-1.04,532036,4444,2503,--1941,--2039,57885,32672,--25213,--26535,KRX
20110308,+76900,2,+800,+1.05,402775,3871,3969,+98,+1050,50855,52177,+1322,+13906,KRX
20110307,-76100,5,-300,-0.39,373370,2401,1449,--952,--4623,31583,18999,--12584,--61101,KRX
20110304,+76400,2,+500,+0.66,626207,2775,6446,+3671,+4188,36517,85034,+48517,+55284,KRX
20110303,+75900,2,+600,+0.80,384467,2429,1912,--517,+3909,32003,25236,--6767,+51631,KRX
20110302,-75300,5,-3900,-4.92,648343,7323,2897,--4426,--3115,96506,38108,--58398,--41948,KRX
20110228,-79200,5,-1100,-1.37,287656,5858,4547,--1311,+355,73817,57367,--16450,+4333,KRX
20110225,+80300,2,+2100,+2.69,448003,5392,3726,--1666,--982,67754,46971,--20783,--12075,KRX
20110224,+78200,2,+1100,+1.43,413969,3822,3138,--684,--4470,48788,40080,--8708,--57500,KRX
20110223,-77100,5,-600,-0.77,262882,1963,5749,+3786,+1731,25370,74162,+48792,+22238,KRX
20110222,-77700,5,-2300,-2.88,539966,3164,5219,+2055,+8852,40581,67135,+26554,+110923,KRX
20110221,-80000,5,-2200,-2.68,542588,7680,883,--6797,--3416,95346,10977,--84369,--43021,KRX
20110218,+82200,2,+2100,+2.62,320360,6205,2824,--3381,--6414,75898,34550,--41348,--79079,KRX
20110217,+80100,2,+1200,+1.52,768941,2548,5581,+3033,--3115,31754,69485,+37731,--39091,KRX
20110216,-78900,5,-3400,-4.13,810804,980,7128,+6148,+8219,12242,89064,+76822,+101451,KRX
20110215,-82300,5,-1300,-1.56,476902,5711,3640,--2071,--4009,68660,44031,--24629,--47954,KRX
20110214,-83600,5,-500,-0.59,325442,2263,4201,+1938,--826,27078,50403,+23325,--9449,KRX
20110211,-84100,5,-3300,-3.78,566538,4771,7535,+2764,+3481,56054,88828,+32774,+40958,KRX
20110210,-87400,5,-500,-0.57,328280,6599,5882,--717,--1310,75542,67358,--8184,--15218,KRX
20110209,-87900,5,-2800,-3.09,552770,3396,3989,+593,+2833,38122,45156,+7034,+31658,KRX
20110208,-90700,5,-800,-0.87,243437,4626,2386,--2240,--534,50888,26264,--24624,--6069,KRX
20110207,-91500,5,-500,-0.54,177792,3116,1410,--1706,+3937,33796,15241,--18555,+42278,KRX
20110201,-92000,5,-1700,-1.81,240791,6766,1123,--5643,--9186,72972,12139,--60833,--98228,KRX
20110131,+93700,2,+1700,+1.85,571346,3730,7273,+3543,+4882,40154,77549,+37395,+52016,KRX
20110128,-92000,5,-1300,-1.39,285318,3465,2126,--1339,+1579,37735,23114,--14621,+16718,KRX
20110127,+93300,2,+800,+0.86,238818,4329,1411,--2918,+1852,46510,15171,--31339,+20036,KRX
20110126,-92500,5,-900,-0.96,290063,6554,1784,--4770,--2989,70562,19187,--51375,--32431,KRX
20110125,-93400,5,-900,-0.95,346513,5313,3532,--1781,+2664,56557,37613,--18944,+28524,KRX
20110124,+94300,2,+1000,+1.07,457592,8068,3623,--4445,--1021,86188,38720,--47468,--10513,KRX
20110121,+93300,2,+2700,+2.98,594525,5932,2508,--3424,--31,64055,27100,--36955,+197,KRX
20110120,-90600,5,-1500,-1.63,394741,4631,1238,--3393,--1940,50770,13618,--37152,--21298,KRX
20110119,+92100,2,+1400,+1.54,451377,4023,2570,--1453,--2576,43879,28025,--15854,--28067,KRX
20110118,-90700,5,-1200,-1.31,1118806,4452,5575,+1123,--293,48940,61153,+12213,--3026,KRX
20110117,-91900,5,-2900,-3.06,976098,4292,5708,+1416,+8760,45827,61066,+15239,+92303,KRX
20110114,-94800,5,-2400,-2.47,978223,11679,4335,--7344,+3507,122620,45556,--77064,+35059,KRX
20110113,-97200,5,-1100,-1.12,788272,15829,4978,--10851,--3754,163195,51072,--112123,--39663,KRX
20110112,-98300,5,-1100,-1.11,1069228,9950,2853,--7097,+346,101503,29043,--72460,+2351,KRX
20110111,-99400,5,-2100,-2.07,529304,10136,2693,--7443,--10857,101849,27038,--74811,--108599,KRX
20110110,-101500,5,-500,-0.49,272682,2981,6395,+3414,--6573,29468,63256,+33788,--64397,KRX
20110107,+102000,2,+3200,+3.24,1058666,8520,18507,+9987,+6221,84135,182320,+98185,+60381,KRX
20110106,-98800,5,-1700,-1.69,923337,7606,11372,+3766,+4875,76564,114368,+37804,+48861,KRX
20110105,-100500,5,-4000,-3.83,961347,3450,2341,--1109,+1453,34279,23222,--11057,+13197,KRX
20110104,-104500,5,-2000,-1.88,437384,5920,3358,--2562,--9373,56272,32018,--24254,--88676,KRX
20110103,+106500,2,+3000,+2.90,565008,3058,9869,+6811,+3432,29123,93545,+64422,+31783,KRX
20101230,+103500,2,+1000,+0.98,215900,2560,5939,+3379,+4258,24829,57468,+32639,+41293,KRX
20101229,102500,3,0,0.00,167904,2457,1578,--879,--23,24076,15422,--8654,--196,KRX
20101228,+102500,2,+2000,+1.99,320345,6042,5186,--856,+162,59134,50676,--8458,+1757,KRX
20101227,+100500,2,+900,+0.90,379705,5167,4149,--1018,--1311,51710,41495,--10215,--13114,KRX
20101224,-99600,5,-900,-0.90,287385,2888,3181,+293,--1076,28908,31807,+2899,--10705,KRX
20101223,-100500,5,-1000,-0.99,451515,1963,3332,+1369,+991,19485,33089,+13604,+9891,KRX
20101222,-101500,5,-1000,-0.98,466387,2336,2714,+378,--2409,22890,26603,+3713,--23223,KRX
20101221,102500,3,0,0.00,386171,1896,4683,+2787,+81,18330,45266,+26936,+540,KRX
20101220,-102500,5,-1000,-0.97,490957,2931,5637,+2706,+2956,28668,55064,+26396,+28941,KRX
20101217,-103500,5,-1000,-0.96,451528,4701,4451,--250,+3329,45417,42872,--2545,+31597,KRX
20101216,-104500,5,-500,-0.48,213893,6147,2568,--3579,--2205,58561,24419,--34142,--21156,KRX
20101215,-105000,5,-2500,-2.33,615971,5442,4068,--1374,+347,51622,38636,--12986,+2972,KRX
20101214,-107500,5,-500,-0.46,417898,6860,5139,--1721,--898,63678,47720,--15958,--8274,KRX
20101213,+108000,2,+3500,+3.35,655657,3338,2515,--823,+1790,31091,23407,--7684,+17311,KRX
20101210,-104500,5,-2500,-2.34,491661,6526,3913,--2613,--5874,62398,37403,--24995,--55365,KRX
20101209,+107000,2,+4000,+3.88,758617,5748,9009,+3261,+8426,54015,84385,+30370,+80096,KRX
20101208,-103000,5,-2000,-1.90,296951,7316,2151,--5165,--8819,70473,20747,--49726,--84665,KRX
20101207,+105000,2,+2500,+2.44,313388,2470,6124,+3654,--1927,23719,58658,+34939,--19648,KRX
20101206,102500,3,0,0.00,510153,2549,8130,+5581,+5344,24909,79496,+54587,+52162,KRX
20101203,-102500,5,-3500,-3.30,803920,4563,4800,+237,+78,44170,46595,+2425,+895,KRX
20101202,-106000,5,-500,-0.47,259131,4024,4183,+159,+4523,37826,39356,+1530,+42450,KRX
20101201,-106500,5,-2000,-1.84,242788,5561,1197,--4364,--2761,52140,11220,--40920,--25664,KRX
20101130,+108500,2,+2000,+1.88,423552,7145,5542,--1603,--3805,66910,51654,--15256,--35757,KRX
20101129,+106500,2,+1000,+0.95,389091,1289,3491,+2202,--401,12134,32635,+20501,--4077,KRX
20101126,-105500,5,-1500,-1.40,230718,1492,4095,+2603,+4553,14089,38667,+24578,+42894,KRX
20101125,+107000,2,+500,+0.47,341289,4871,2921,--1950,--2400,45654,27338,--18316,--22456,KRX
20101124,-106500,5,-500,-0.47,433358,4754,5204,+450,--485,44820,48960,+4140,--4519,KRX
20101123,+107000,2,+500,+0.47,318695,3284,4219,+935,--3502,30948,39607,+8659,--32986,KRX
20101122,+106500,2,+1500,+1.43,401807,2292,6729,+4437,+6493,21561,63206,+41645,+61713,KRX
20101119,+105000,2,+2000,+1.94,366183,5885,3829,--2056,--548,56731,36663,--20068,--5186,KRX
20101118,+103000,2,+1500,+1.48,314973,4542,3034,--1508,--1688,44671,29789,--14882,--16470,KRX
20101117,+101500,2,+1000,+1.00,279389,5439,5619,+180,+5100,54110,55698,+1588,+50578,KRX
20101116,-100500,5,-1500,-1.47,309363,7375,2455,--4920,--4198,73334,24344,--48990,--41907,KRX
20101115,-102000,5,-1500,-1.45,256673,4432,3710,--722,--1871,43295,36212,--7083,--17745,KRX
20101112,103500,3,0,0.00,458464,5303,6452,+1149,+724,51675,62337,+10662,+7490,KRX
20101111,+103500,2,+500,+0.49,837497,20271,20696,+425,--3173,195278,198450,+3172,--31797,KRX
20101110,-103000,5,-500,-0.48,354815,1730,5328,+3598,+10822,16881,51850,+34969,+104531,KRX
20101109,-103500,5,-2000,-1.90,400432,9760,2536,--7224,--9156,93979,24417,--69562,--87768,KRX
20101108,+105500,2,+500,+0.48,240878,1735,3667,+1932,--1867,16417,34623,+18206,--17479,KRX
20101105,-105000,5,-500,-0.47,470921,2005,5804,+3799,+2059,18901,54586,+35685,+19328,KRX
20101104,-105500,5,-500,-0.47,246268,1511,3251,+1740,+329,14256,30613,+16357,+3265,KRX
20101103,-106000,5,-1000,-0.93,217855,1872,3283,+1411,+3652,17546,30638,+13092,+33805,KRX
20101102,-107000,5,-500,-0.47,311169,4657,2416,--2241,--6492,43101,22388,--20713,--60638,KRX
20101101,+107500,2,+2500,+2.38,347904,6096,10347,+4251,+10517,58062,97987,+39925,+99037,KRX
20101029,-105000,5,-3500,-3.23,345344,9838,3572,--6266,--4953,93018,33906,--59112,--47002,KRX
20101028,-108500,5,-1000,-0.91,240925,2467,1154,--1313,+2982,22749,10639,--12110,+27728,KRX
20101027,+109500,2,+500,+0.46,345695,6086,1791,--4295,--6506,56395,16557,--39838,--60117,KRX
20101026,-109000,5,-1000,-0.91,398399,3602,5813,+2211,--512,32733,53012,+20279,--4351,KRX
20101025,110000,3,0,0.00,415735,1910,4633,+2723,+2818,17293,41923,+24630,+25521,KRX
20101022,110000,3,0,0.00,251876,3406,3311,--95,+210,30962,30071,--891,+2176,KRX
20101021,+110000,2,+2000,+1.85,297166,6102,5797,--305,--1543,56073,53006,--3067,--14472,KRX
20101020,+108000,2,+2500,+2.37,406280,3381,4619,+1238,+1748,31272,42677,+11405,+16212,KRX
20101019,-105500,5,-500,-0.47,265390,5122,4612,--510,+1919,48297,43490,--4807,+17700,KRX
20101018,-106000,5,-2500,-2.30,226115,3990,1561,--2429,--3395,37031,14524,--22507,--31422,KRX
20101015,-108500,5,-1000,-0.91,225855,1775,2741,+966,+991,16408,25323,+8915,+9193,KRX
20101014,+109500,2,+1500,+1.39,496770,5831,5806,--25,--1229,53581,53303,--278,--11505,KRX
20101013,+108000,2,+4000,+3.85,662026,3738,4942,+1204,+1979,34965,46192,+11227,+18672,KRX
20101012,+104000,2,+1000,+0.97,301834,2638,1863,--775,--1319,25551,18106,--7445,--12778,KRX
20101011,-103000,5,-2500,-2.37,391406,4988,5532,+544,+1125,47798,53131,+5333,+10961,KRX
20101008,+105500,2,+1500,+1.44,324831,4052,3471,--581,--1799,38630,33002,--5628,--16771,KRX
20101007,+104000,2,+1500,+1.46,1478218,7816,9034,+1218,--3823,75499,86642,+11143,--38788,KRX
20101006,+102500,2,+1000,+0.99,1679872,4333,9374,+5041,--3240,42640,92571,+49931,--31307,KRX
20101005,-101500,5,-3500,-3.33,1077416,3030,11311,+8281,+7802,29588,110826,+81238,+76825,KRX
20101004,-105000,5,-3000,-2.78,1674155,5512,5991,+479,+1937,51991,56404,+4413,+17908,KRX
20101001,-108000,5,-5000,-4.42,600979,6286,4828,--1458,--531,57539,44044,--13495,--5262,KRX
20100930,113000,3,0,0.00,303950,6353,5426,--927,+2552,56372,48139,--8233,+23028,KRX
20100929,+113000,2,+2000,+1.80,341076,8407,4928,--3479,+648,75356,44095,--31261,+5522,KRX
20100928,-111000,5,-2000,-1.77,188903,5414,1287,--4127,--4686,48261,11478,--36783,--41693,KRX
20100927,+113000,2,+2000,+1.80,417936,3922,4481,+559,--2607,34869,39779,+4910,--23502,KRX
20100924,+111000,2,+3500,+3.26,453735,4433,7599,+3166,+3034,40712,69124,+28412,+27102,KRX
20100920,-107500,5,-2500,-2.27,342117,3612,3744,+132,--2653,33441,34751,+1310,--24068,KRX
20100917,+110000,2,+2000,+1.85,310782,3712,6497,+2785,+1770,33872,59250,+25378,+16038,KRX
20100916,-108000,5,-2500,-2.26,432967,5165,6180,+1015,--8533,47669,57009,+9340,--78598,KRX
20100915,+110500,2,+500,+0.45,615824,2313,11861,+9548,+6504,21213,109151,+87938,+60581,KRX
20100914,-110000,5,-2500,-2.22,399009,5113,8157,+3044,+2498,45829,73186,+27357,+22508,KRX
20100913,-112500,5,-2500,-2.17,622896,7026,7572,+546,+5118,62199,67048,+4849,+45175,KRX
20100910,-115000,5,-2500,-2.13,962369,9965,5393,--4572,--1913,87131,46805,--40326,--17332,KRX
20100909,+117500,2,+2500,+2.17,366235,8306,5647,--2659,--3305,71238,48244,--22994,--28549,KRX
20100908,+115000,2,+500,+0.44,204298,2649,3295,+646,+439,23247,28802,+5555,+3829,KRX
20100907,-114500,5,-500,-0.43,372830,3430,3637,+207,--22,29751,31477,+1726,--306,KRX
20100906,-115000,5,-1500,-1.29,352462,3133,3362,+229,+1117,27175,29207,+2032,+9615,KRX
20100903,-116500,5,-1000,-0.85,483160,4641,3753,--888,--5009,39647,32064,--7583,--43071,KRX
20100902,+117500,2,+6000,+5.38,626653,2696,6817,+4121,+3277,23262,58750,+35488,+28057,KRX
20100901,+111500,2,+1000,+0.90,333870,4952,5796,+844,+1617,44445,51876,+7431,+14300,KRX
20100831,-110500,5,-2000,-1.78,282782,3517,2744,--773,--175,31620,24751,--6869,--1503,KRX
20100830,+112500,2,+1500,+1.35,212847,2182,1584,--598,--821,19439,14073,--5366,--7390,KRX
20100827,+111000,2,+1500,+1.37,203577,3548,3771,+223,--170,32138,34162,+2024,--1547,KRX
20100826,-109500,5,-1000,-0.90,207959,3031,3424,+393,--1837,27380,30951,+3571,--16392,KRX
20100825,-110500,5,-3500,-3.07,184079,960,3190,+2230,+3754,8577,28540,+19963,+33325,KRX
20100824,-114000,5,-3000,-2.56,292106,4774,3250,--1524,--4095,41746,28384,--13362,--35378,KRX
20100823,+117000,2,+2000,+1.74,332352,2817,5388,+2571,+375,24189,46205,+22016,+2837,KRX
20100820,115000,3,0,0.00,216619,2339,4535,+2196,+258,20591,39770,+19179,+2325,KRX
20100819,+115000,2,+2000,+1.77,366490,1403,3341,+1938,+1680,12269,29123,+16854,+14635,KRX
20100818,+113000,2,+500,+0.44,257597,3242,3500,+258,--123,28711,30930,+2219,--1208,KRX
20100817,-112500,5,-1500,-1.32,236601,2986,3367,+381,+4625,26513,29940,+3427,+40845,KRX
20100816,+114000,2,+1000,+0.88,338006,6169,1925,--4244,--4263,54319,16901,--37418,--37097,KRX
20100813,+113000,2,+5500,+5.12,355962,4759,4778,+19,+2425,42678,42357,--321,+22015,KRX
20100812,-107500,5,-1000,-0.92,335494,5878,3472,--2406,--3252,54158,31822,--22336,--30125,KRX
20100811,-108500,5,-5000,-4.41,385446,3015,3861,+846,+1186,27511,35300,+7789,+10839,KRX
20100810,+113500,2,+3000,+2.71,269098,1551,1211,--340,--1715,13844,10794,--3050,--15513,KRX
20100809,-110500,5,-1000,-0.90,291141,2720,4095,+1375,--158,24700,37163,+12463,--1327,KRX
20100806,-111500,5,-4000,-3.46,543496,2632,4165,+1533,+1564,23675,37465,+13790,+14184,KRX
20100805,115500,3,0,0.00,489834,3810,3779,--31,+2382,33224,32830,--394,+20639,KRX
20100804,115500,3,0,0.00,405373,4561,2148,--2413,--2370,39766,18733,--21033,--20484,KRX
20100803,115500,3,0,0.00,313728,4677,4634,--43,--2709,40689,40140,--549,--23955,KRX
20100802,+115500,2,+5500,+5.00,428217,2746,5412,+2666,+396,24105,47511,+23406,+1941,KRX
20100730,+110000,2,+5000,+4.76,607829,3262,5532,+2270,--1880,29935,51400,+21465,--17186,KRX
20100729,-105000,5,-4500,-4.11,350757,2333,6483,+4150,+4005,21461,60112,+38651,+37371,KRX
20100728,-109500,5,-1500,-1.35,378850,3306,3451,+145,+2047,30372,31652,+1280,+18421,KRX
20100727,111000,3,0,0.00,219124,3695,1793,--1902,--4126,33337,16196,--17141,--37283,KRX
20100726,+111000,2,+4000,+3.74,310752,2494,4718,+2224,+3082,22552,42694,+20142,+27930,KRX
20100723,-107000,5,-2000,-1.83,559109,6066,5208,--858,--2900,56245,48457,--7788,--26461,KRX
20100722,-109000,5,-5500,-4.80,614728,2915,4957,+2042,+4979,25843,44516,+18673,+44447,KRX
20100721,+114500,2,+500,+0.44,392054,6394,3457,--2937,+711,56010,30236,--25774,+6734,KRX
20100720,+114000,2,+500,+0.44,536325,6119,2471,--3648,--5838,54448,21940,--32508,--51882,KRX
20100719,+113500,2,+2500,+2.25,514162,3365,5555,+2190,+2690,29724,49098,+19374,+23887,KRX
20100716,-111000,5,-1500,-1.33,366145,5366,4866,--500,+3100,48083,43570,--4513,+28208,KRX
20100715,+112500,2,+2000,+1.81,388423,6534,2934,--3600,--7013,59206,26485,--32721,--63712,KRX
20100714,+110500,2,+3000,+2.79,746351,4985,8398,+3413,+1115,45374,76365,+30991,+9518,KRX
20100713,+107500,2,+1000,+0.94,383612,1876,4174,+2298,+3522,17585,39058,+21473,+33002,KRX
20100712,+106500,2,+1000,+0.95,400035,3508,2284,--1224,--1957,32997,21468,--11529,--18537,KRX
20100709,+105500,2,+5500,+5.50,780938,2867,3600,+733,+1533,27407,34415,+7008,+14971,KRX
20100708,+100000,2,+100,+0.10,249925,3097,2297,--800,+2551,30784,22821,--7963,+25238,KRX
20100707,+99900,2,+300,+0.30,306296,4357,1006,--3351,--1383,43197,9996,--33201,--13053,KRX
20100706,+99600,2,+1700,+1.74,297048,5225,3257,--1968,--3051,53245,33097,--20148,--31219,KRX
20100705,-97900,5,-2100,-2.10,608979,3067,4150,+1083,+1803,31471,42542,+11071,+18099,KRX
20100702,-100000,5,-4500,-4.31,673298,2750,2030,--720,+1274,27059,20031,--7028,+12112,KRX
20100701,-104500,5,-1500,-1.42,264293,4992,2998,--1994,--6772,47708,28568,--19140,--65307,KRX
20100630,+106000,2,+2500,+2.42,424635,2918,7696,+4778,+1017,27752,73919,+46167,+10257,KRX
20100629,-103500,5,-4500,-4.17,357582,1311,5072,+3761,+3511,12353,48263,+35910,+33649,KRX
20100628,+108000,2,+1000,+0.93,360027,4845,5095,+250,+1086,45049,47310,+2261,+10283,KRX
20100625,-107000,5,-1000,-0.93,302121,5602,4766,--836,--3012,52613,44591,--8022,--28517,KRX
20100624,+108000,2,+1000,+0.93,380775,2635,4811,+2176,+58,24813,45308,+20495,+913,KRX
20100623,107000,3,0,0.00,472255,4469,6587,+2118,+5140,41747,61329,+19582,+48114,KRX
20100622,-107000,5,-1000,-0.93,432340,5962,2940,--3022,--2805,56270,27738,--28532,--26160,KRX
20100621,-108000,5,-500,-0.46,598545,7436,7219,--217,--2201,69911,67539,--2372,--20723,KRX
20100618,+108500,2,+3500,+3.33,707962,2347,4331,+1984,+2008,21717,40068,+18351,+18544,KRX
20100617,+105000,2,+1000,+0.96,642713,4448,4424,--24,--1345,42263,42070,--193,--13943,KRX
20100616,+104000,2,+4000,+4.00,929992,3605,4926,+1321,+2310,35598,49348,+13750,+23582,KRX
20100615,-100000,5,-1500,-1.48,370487,3193,2204,--989,--4825,31730,21898,--9832,--48119,KRX
20100614,+101500,2,+1700,+1.70,321947,2337,6173,+3836,--17,23280,61567,+38287,--242,KRX
20100611,-99800,5,-700,-0.70,471878,1182,5035,+3853,+3937,11826,50355,+38529,+39464,KRX
20100610,-100500,5,-1000,-0.99,301903,5571,5487,--84,+1419,55278,54343,--935,+13748,KRX
20100609,-101500,5,-1500,-1.46,336005,3729,2226,--1503,--3248,36600,21917,--14683,--31392,KRX
20100608,+103000,2,+500,+0.49,494599,3504,5249,+1745,--9,33805,50514,+16709,--823,KRX
20100607,-102500,5,-500,-0.49,496788,3428,5182,+1754,+1691,33737,51269,+17532,+17009,KRX
20100604,+103000,2,+500,+0.49,604950,2417,2480,+63,+661,23615,24138,+523,+6315,KRX
20100603,+102500,2,+1500,+1.49,519478,3818,3220,--598,+1743,37275,31483,--5792,+17314,KRX
20100601,-101000,5,-1000,-0.98,450456,3876,1535,--2341,--3889,38325,15219,--23106,--38193,KRX
20100531,+102000,2,+3000,+3.03,848741,2608,4156,+1548,+4555,25564,40651,+15087,+45845,KRX
20100528,+99000,2,+1900,+1.96,1076255,7191,4184,--3007,--45,73094,42336,--30758,--214,KRX
20100527,+97100,2,+1300,+1.36,644150,7201,4239,--2962,--308,73919,43375,--30544,--2844,KRX
20100526,+95800,2,+1700,+1.81,534876,6081,3427,--2654,--11867,63758,36058,--27700,--127137,KRX
20100525,-94100,5,-1800,-1.88,772703,5980,15193,+9213,+7185,63782,163219,+99437,+78456,KRX
20100524,-95900,5,-1500,-1.54,608614,2792,4820,+2028,+2930,28893,49874,+20981,+30041,KRX
20100520,-97400,5,-2400,-2.40,944462,5638,4736,--902,--1148,57285,48225,--9060,--11836,KRX
20100519,-99800,5,-1700,-1.67,1054752,7041,7287,+246,--1703,71309,74085,+2776,--16850,KRX
20100518,-101500,5,-5500,-5.14,1681224,4457,6406,+1949,+7848,43806,63432,+19626,+76702,KRX
20100517,+107000,2,+4000,+3.88,1514644,11737,5838,--5899,--2872,112864,55788,--57076,--26494,KRX
20100514,+103000,2,+8200,+8.65,1775494,7451,4424,--3027,--2731,74746,44164,--30582,--27518,KRX
20100513,+94800,2,+1500,+1.61,617065,2288,1992,--296,--1082,24307,21243,--3064,--11479,KRX
20100512,+93300,2,+1000,+1.08,822396,2612,3398,+786,+5450,28175,36590,+8415,+59365,KRX
20100511,+92300,2,+2600,+2.90,1443347,9389,4725,--4664,--5645,102393,51443,--50950,--62010,KRX
20100510,+89700,2,+5100,+6.03,1051279,4610,5591,+981,+4958,52361,63421,+11060,+58724,KRX
20100507,-84600,5,-100,-0.12,411902,8242,4265,--3977,--9088,98803,51139,--47664,--108533,KRX
20100506,+84700,2,+100,+0.12,346964,2427,7538,+5111,+6157,29019,89888,+60869,+72965,KRX
20100504,-84600,5,-2600,-2.98,458545,2864,1818,--1046,--1936,33456,21360,--12096,--22448,KRX
20100503,-87200,5,-1700,-1.91,490805,2889,3779,+890,--946,33210,43562,+10352,--10070,KRX
20100430,-88900,5,-200,-0.22,512252,2822,4658,+1836,+5049,31605,52027,+20422,+57080,KRX
20100429,+89100,2,+2500,+2.89,630661,4596,1383,--3213,+1076,52288,15630,--36658,+13587,KRX
20100428,-86600,5,-400,-0.46,437225,5429,1140,--4289,--3359,63573,13328,--50245,--39533,KRX
20100427,87000,3,0,0.00,306988,3201,2271,--930,--1576,37039,26327,--10712,--18195,KRX
20100426,+87000,2,+1000,+1.16,284054,2473,3119,+646,+542,28479,35962,+7483,+6288,KRX
20100423,+86000,2,+1600,+1.90,235957,1913,2017,+104,--695,22433,23628,+1195,--8369,KRX
20100422,-84400,5,-1800,-2.09,306178,3268,4067,+799,--1601,38570,48134,+9564,--18161,KRX
20100421,+86200,2,+600,+0.70,280031,1355,3755,+2400,+754,15677,43402,+27725,+8394,KRX
20100420,+85600,2,+2000,+2.39,308066,3002,4648,+1646,--776,35229,54560,+19331,--9510,KRX
20100419,-83600,5,-1600,-1.88,215538,987,3409,+2422,+2147,11762,40603,+28841,+25596,KRX
20100416,-85200,5,-2000,-2.29,313150,2282,2557,+275,--1130,26518,29763,+3245,--13102,KRX
20100415,-87200,5,-1800,-2.02,521881,2353,3758,+1405,--1734,26774,43121,+16347,--18653,KRX
20100414,-89000,5,-200,-0.22,290208,788,3927,+3139,+2615,8805,43805,+35000,+29009,KRX
20100413,+89200,2,+1200,+1.36,207973,1576,2100,+524,+296,17781,23772,+5991,+3411,KRX
20100412,-88000,5,-2500,-2.76,392299,2398,2626,+228,+1255,27139,29719,+2580,+13999,KRX
20100409,-90500,5,-400,-0.44,184765,2616,1589,--1027,--4790,29039,17620,--11419,--53230,KRX
20100408,+90900,2,+2100,+2.36,288405,1983,5746,+3763,--68,21939,63750,+41811,--1114,KRX
20100407,-88800,5,-1600,-1.77,341975,1809,5640,+3831,+3039,20256,63181,+42925,+34169,KRX
20100406,-90400,5,-900,-0.99,324699,1341,2133,+792,--2423,14826,23582,+8756,--26845,KRX
20100405,+91300,2,+900,+1.00,724520,6576,9791,+3215,+7139,72507,108108,+35601,+80022,KRX
20100402,+90400,2,+2400,+2.73,1287861,6069,2145,--3924,--4000,68475,24054,--44421,--45415,KRX
20100401,+88000,2,+3100,+3.65,736610,3306,3382,+76,+3855,38159,39153,+994,+46075,KRX
20100331,-84900,5,-100,-0.12,277298,5972,2193,--3779,--3339,71063,25982,--45081,--39870,KRX
20100330,+85000,2,+600,+0.71,231139,2617,2177,--440,+246,30849,25638,--5211,+2909,KRX
20100329,-84400,5,-900,-1.06,240053,1898,1212,--686,+1263,22453,14333,--8120,+14865,KRX
20100326,-85300,5,-100,-0.12,363004,2760,811,--1949,+247,32614,9629,--22985,+2940,KRX
20100325,+85400,2,+800,+0.95,268018,5238,3042,--2196,--1040,61818,35893,--25925,--12308,KRX
20100324,-84600,5,-500,-0.59,227832,2509,1353,--1156,--383,29572,15955,--13617,--4530,KRX
20100323,+85100,2,+1400,+1.67,442667,2356,1583,--773,+1417,27702,18615,--9087,+17519,KRX
20100322,+83700,2,+1700,+2.07,408827,3468,1278,--2190,--738,42030,15424,--26606,--8923,KRX
20100319,-82000,5,-900,-1.09,201666,2980,1528,--1452,--22,36278,18595,--17683,--363,KRX
20100318,+82900,2,+100,+0.12,210296,2900,1470,--1430,--4159,35120,17800,--17320,--50675,KRX
20100317,+82800,2,+1800,+2.22,304220,2335,5064,+2729,--2196,28395,61750,+33355,--27578,KRX
20100316,+81000,2,+1700,+2.14,238587,592,5517,+4925,+3697,7318,68251,+60933,+45607,KRX
20100315,-79300,5,-2200,-2.70,376054,3181,4409,+1228,--1139,39929,55255,+15326,--13707,KRX
20100312,-81500,5,-300,-0.37,147746,531,2898,+2367,+1652,6524,35557,+29033,+20252,KRX
20100311,-81800,5,-1200,-1.45,422043,4499,5214,+715,+2193,55026,63807,+8781,+26654,KRX
20100310,+83000,2,+800,+0.97,663366,6517,5039,--1478,--1612,79867,61994,--17873,--19523,KRX
20100309,-82200,5,-1300,-1.56,456583,2669,2803,+134,--114,32462,34112,+1650,--1303,KRX
20100308,+83500,2,+3700,+4.64,852829,3083,3331,+248,--671,37166,40119,+2953,--8612,KRX
20100305,+79800,2,+600,+0.76,375072,1692,2611,+919,+3158,21240,32805,+11565,+39821,KRX
20100304,+79200,2,+900,+1.15,403761,4282,2043,--2239,--3487,53996,25740,--28256,--44286,KRX
20100303,+78300,2,+3300,+4.40,613921,1352,2600,+1248,+103,17368,33398,+16030,+758,KRX
20100302,+75000,2,+400,+0.54,163496,916,2061,+1145,+4897,12200,27472,+15272,+65758,KRX
20100226,-74600,5,-1100,-1.45,428355,6734,2982,--3752,+517,90483,39997,--50486,+6278,KRX
20100225,+75700,2,+600,+0.80,424840,4948,679,--4269,--5243,65788,9024,--56764,--69762,KRX
20100224,+75100,2,+200,+0.27,183286,1584,2558,+974,+974,21135,34133,+12998,+13039,KRX
20100223,-74900,5,-100,-0.13,256272,2369,2369,0,--1730,31686,31645,--41,--23097,KRX
20100222,+75000,2,+2000,+2.74,438301,2282,4012,+1730,+4495,30547,53603,+23056,+60872,KRX
20100219,-73000,5,-900,-1.22,383733,3956,1191,--2765,--1534,54060,16244,--37816,--21157,KRX
20100218,+73900,2,+1400,+1.93,673215,1704,473,--1231,+1662,23058,6399,--16659,+23146,KRX
20100217,+72500,2,+1600,+2.26,532370,4832,1939,--2893,--1971,66579,26774,--39805,--26529,KRX
20100216,+70900,2,+900,+1.29,485940,3577,2655,--922,+4417,50793,37517,--13276,+63699,KRX
20100212,+70000,2,+1200,+1.74,467322,5695,356,--5339,--9356,82100,5125,--76975,--135443,KRX
20100211,+68800,2,+1900,+2.84,598205,1883,5900,+4017,+7687,27415,85883,+58468,+111360,KRX
20100210,-66900,5,-2800,-4.02,720076,4732,1062,--3670,+5049,68591,15699,--52892,+74022,KRX
20100209,+69700,2,+300,+0.43,438814,9504,785,--8719,--8978,138342,11428,--126914,--130726,KRX
20100208,-69400,5,-100,-0.14,427414,1920,2179,+259,+394,27367,31179,+3812,+5538,KRX
20100205,-69500,5,-1600,-2.25,449331,4846,4711,--135,+1982,70049,68323,--1726,+27790,KRX
20100204,+71100,2,+200,+0.28,642104,3390,1273,--2117,--1102,47145,17629,--29516,--15211,KRX
20100203,+70900,2,+900,+1.29,579198,3772,2757,--1015,+7162,53109,38804,--14305,+99928,KRX
20100202,-70000,5,-2700,-3.71,794241,12728,4551,--8177,--10330,178328,64095,--114233,--143934,KRX
20100201,-72700,5,-3300,-4.34,798290,2731,4884,+2153,--906,37607,67308,+29701,--10736,KRX
20100129,-76000,5,-200,-0.26,407709,1875,4934,+3059,+1530,24726,65163,+40437,+19905,KRX
20100128,+76200,2,+200,+0.26,705320,3137,4666,+1529,+178,41304,61836,+20532,+2972,KRX
20100127,-76000,5,-3000,-3.80,554431,1798,3149,+1351,+3916,23331,40891,+17560,+49211,KRX
20100126,-79000,5,-2700,-3.30,538322,5260,2695,--2565,--742,65497,33846,--31651,--9714,KRX
20100125,-81700,5,-2300,-2.74,461227,4224,2401,--1823,+5824,51145,29208,--21937,+69680,KRX
20100122,+84000,2,+1600,+1.94,1220642,11921,4274,--7647,--7105,142611,50994,--91617,--85031,KRX
20100121,+82400,2,+2900,+3.65,577195,2955,2413,--542,+3994,36189,29603,--6586,+49533,KRX
20100120,-79500,5,-1600,-1.97,618698,6417,1881,--4536,--3335,79335,23216,--56119,--41337,KRX
20100119,+81100,2,+1700,+2.14,648592,3003,1802,--1201,--3422,36990,22208,--14782,--42396,KRX
20100118,+79400,2,+1300,+1.66,847313,3029,5250,+2221,+1692,38182,65796,+27614,+20860,KRX
20100115,-78100,5,-4400,-5.33,1540692,2934,3463,+529,+8825,37071,43825,+6754,+107591,KRX
20100114,-82500,5,-3900,-4.51,1256191,12424,4128,--8296,--6620,150886,50049,--100837,--81394,KRX
20100113,+86400,2,+3200,+3.85,779805,2949,1273,--1676,--512,34457,15014,--19443,--5481,KRX
20100112,+83200,2,+100,+0.12,356558,3062,1898,--1164,--4566,36666,22704,--13962,--54079,KRX
20100111,-83100,5,-1900,-2.24,493951,1534,4936,+3402,+3036,18263,58380,+40117,+35775,KRX
20100108,-85000,5,-2200,-2.52,807044,1494,1860,+366,+342,17610,21952,+4342,+3964,KRX
20100107,-87200,5,-2200,-2.46,516030,3480,3504,+24,--455,39333,39711,+378,--4968,KRX
20100106,+89400,2,+200,+0.22,400789,1824,2303,+479,+3116,20380,25726,+5346,+34455,KRX
20100105,-89200,5,-1800,-1.98,492021,5374,2737,--2637,--2700,59650,30541,--29109,--29867,KRX
20100104,+91000,2,+200,+0.22,474494,2106,2169,+63,--1637,23221,23979,+758,--18096,KRX
20091230,+90800,2,+100,+0.11,394180,2403,4103,+1700,+2999,26588,45442,+18854,+33343,KRX
20091229,+90700,2,+200,+0.22,445451,2576,1277,--1299,+1648,28708,14219,--14489,+18395,KRX
20091228,-90500,5,-700,-0.77,503558,6119,3172,--2947,--9719,68100,35216,--32884,--107045,KRX
20091224,+91200,2,+2800,+3.17,1017419,3117,9889,+6772,+6935,34199,108360,+74161,+75992,KRX
20091223,-88400,5,-100,-0.11,445530,2509,2346,--163,+1953,28434,26603,--1831,+22243,KRX
20091222,-88500,5,-400,-0.45,489538,5285,3169,--2116,--3006,59911,35837,--24074,--34077,KRX
20091221,+88900,2,+900,+1.02,359033,2054,2944,+890,--148,23220,33223,+10003,--1853,KRX
20091218,+88000,2,+100,+0.11,806296,2967,4005,+1038,+1151,33710,45566,+11856,+13188,KRX
20091217,-87900,5,-2600,-2.87,1233946,3997,3884,--113,--14,45439,44107,--1332,--343,KRX
20091216,+90500,2,+700,+0.78,1452409,4585,4486,--99,+3858,51142,50153,--989,+42401,KRX
20091215,-89800,5,-4200,-4.47,3169046,7589,3632,--3957,--4983,83478,40088,--43390,--54200,KRX
20091214,-94000,5,-2200,-2.29,1132019,3492,4518,+1026,--3298,36950,47760,+10810,--33852,KRX
20091211,96200,3,0,0.00,566622,2884,7208,+4324,--2867,29923,74585,+44662,--30040,KRX
20091210,+96200,2,+1200,+1.26,834411,15127,22318,+7191,+11192,157875,232577,+74702,+117482,KRX
20091209,-95000,5,-700,-0.73,1184799,12245,8244,--4001,--3627,130500,87720,--42780,--38953,KRX
20091208,-95700,5,-2600,-2.64,968015,3473,3099,--374,--1885,36128,32301,--3827,--19182,KRX
20091207,-98300,5,-500,-0.51,356595,2596,4107,+1511,--4316,26390,41745,+15355,--44015,KRX
20091204,+98800,2,+1300,+1.33,616598,3605,9432,+5827,+3966,36602,95972,+59370,+40169,KRX
20091203,+97500,2,+800,+0.83,387271,2042,3903,+1861,+387,20980,40181,+19201,+4036,KRX
20091202,+96700,2,+2100,+2.22,596689,3866,5340,+1474,+3848,40283,55448,+15165,+40519,KRX
20091201,+94600,2,+300,+0.32,402934,6815,4441,--2374,--1380,72759,47405,--25354,--14614,KRX
20091130,+94300,2,+2900,+3.17,349724,7516,6522,--994,--16148,80285,69545,--10740,--174551,KRX
20091127,-91400,5,-2500,-2.66,459796,2610,17764,+15154,+12282,28277,192088,+163811,+133623,KRX
20091126,93900,3,0,0.00,306639,2260,5132,+2872,--361,23954,54142,+30188,--4321,KRX
20091125,-93900,5,-1000,-1.05,568331,2204,5437,+3233,+1480,23462,57971,+34509,+15899,KRX
20091124,-94900,5,-4000,-4.04,658753,3231,4984,+1753,+3462,33277,51887,+18610,+36161,KRX
20091123,+98900,2,+600,+0.61,364301,4084,2375,--1709,+1000,41763,24212,--17551,+10170,KRX
20091120,+98300,2,+400,+0.41,597282,8743,6034,--2709,--16321,89189,61468,--27721,--168297,KRX
20091119,+97900,2,+3700,+3.93,983363,6085,19697,+13612,+13004,62818,203394,+140576,+134354,KRX
20091118,+94200,2,+1400,+1.51,651895,4866,5474,+608,+820,52596,58818,+6222,+8476,KRX
20091117,-92800,5,-500,-0.54,355359,2225,2013,--212,+78,23999,21745,--2254,+954,KRX
20091116,-93300,5,-700,-0.74,420321,2676,2386,--290,--4692,28882,25674,--3208,--49621,KRX
20091113,-94000,5,-1000,-1.05,385056,5377,9779,+4402,--3700,56686,103099,+46413,--37883,KRX
20091112,-95000,5,-800,-0.84,443461,4313,12415,+8102,+6662,45217,129513,+84296,+69024,KRX
20091111,+95800,2,+2400,+2.57,397927,1530,2970,+1440,--496,16155,31427,+15272,--5259,KRX
20091110,-93400,5,-500,-0.53,621985,3468,5404,+1936,--10942,36906,57437,+20531,--116789,KRX
20091109,+93900,2,+2900,+3.19,737977,1630,14508,+12878,+2684,17376,154696,+137320,+25395,KRX
20091106,+91000,2,+1300,+1.45,335877,1795,11989,+10194,+7903,19701,131626,+111925,+86359,KRX
20091105,-89700,5,-2300,-2.50,412076,4233,6524,+2291,+2480,46979,72545,+25566,+27819,KRX
20091104,+92000,2,+800,+0.88,648377,4605,4416,--189,+3364,50797,48544,--2253,+36110,KRX
20091103,-91200,5,-700,-0.76,387583,4964,1411,--3553,--7664,53694,15331,--38363,--83563,KRX
20091102,91900,3,0,0.00,494351,2205,6316,+4111,+5842,24156,69356,+45200,+63403,KRX
20091030,-91900,5,-2300,-2.44,951867,6307,4576,--1731,--2196,66773,48570,--18203,--23255,KRX
20091029,-94200,5,-300,-0.32,636957,4770,5235,+465,+4765,50965,56017,+5052,+49875,KRX
20091028,-94500,5,-3700,-3.77,737889,7866,3566,--4300,--7122,82342,37519,--44823,--74009,KRX
20091027,+98200,2,+2000,+2.08,762612,5646,8468,+2822,+1619,58764,87950,+29186,+16691,KRX
20091026,+96200,2,+500,+0.52,498375,3706,4909,+1203,--815,38535,51030,+12495,--8879,KRX
20091023,+95700,2,+4800,+5.28,766584,4366,6384,+2018,+2661,46407,67781,+21374,+28507,KRX
20091022,+90900,2,+300,+0.33,230790,2481,1838,--643,--292,27469,20336,--7133,--3002,KRX
20091021,-90600,5,-900,-0.98,411047,4654,4303,--351,--1415,51658,47527,--4131,--15707,KRX
20091020,-91500,5,-1300,-1.40,383034,2555,3619,+1064,+224,27813,39389,+11576,+2662,KRX
20091019,+92800,2,+1200,+1.31,378632,3412,4252,+840,--130,37485,46399,+8914,--1459,KRX
20091016,-91600,5,-2800,-2.97,640423,3741,4711,+970,+2382,40966,51339,+10373,+24944,KRX
20091015,-94400,5,-2400,-2.48,673843,4572,3160,--1412,--1288,47863,33292,--14571,--13265,KRX
20091014,+96800,2,+200,+0.21,423861,4303,4179,--124,+2847,44577,43271,--1306,+29781,KRX
20091013,+96600,2,+800,+0.84,620389,6097,3126,--2971,--4209,63707,32620,--31087,--44321,KRX
20091012,+95800,2,+5600,+6.21,804113,3395,4633,+1238,+1881,36168,49402,+13234,+20446,KRX
20091009,-90200,5,-200,-0.22,533087,4887,4244,--643,--1236,54347,47135,--7212,--13628,KRX
20091008,+90400,2,+2400,+2.73,1091848,9132,9725,+593,+765,102482,108898,+6416,+7408,KRX
20091007,-88000,5,-5700,-6.08,864421,6927,6755,--172,--1342,74416,73424,--992,--13285,KRX
20091006,+93700,2,+2900,+3.19,666582,5548,6718,+1170,--1349,59325,71618,+12293,--15259,KRX
20091005,-90800,5,-2400,-2.58,480980,4569,7088,+2519,--4257,50156,77708,+27552,--45053,KRX
20091001,-93200,5,-200,-0.21,662613,5950,12726,+6776,+797,63519,136124,+72605,+10109,KRX
20090930,-93400,5,-4700,-4.79,716231,5948,11927,+5979,--2191,63160,125656,+62496,--21440,KRX
20090929,-98100,5,-3900,-3.82,1413802,2539,10709,+8170,+8611,25881,109817,+83936,+88023,KRX
20090928,-102000,5,-2500,-2.39,534177,4581,4140,--441,--17043,44439,40352,--4087,--167920,KRX
20090925,+104500,2,+3500,+3.47,885083,4343,20945,+16602,+16493,42850,206683,+163833,+162793,KRX
20090924,101000,3,0,0.00,791999,7937,8046,+109,--3476,80106,81146,+1040,--33233,KRX
20090923,+101000,2,+5700,+5.98,1565217,7767,11352,+3585,+4384,77827,112100,+34273,+42577,KRX
20090922,+95300,2,+2600,+2.80,540597,5941,5142,--799,+55,63240,54936,--8304,+964,KRX
20090921,+92700,2,+1500,+1.64,369209,4753,3899,--854,--1891,51452,42184,--9268,--20655,KRX
20090918,+91200,2,+300,+0.33,571062,16117,17154,+1037,--8402,177244,188631,+11387,--91013,KRX
20090917,+90900,2,+900,+1.00,690914,3637,13076,+9439,+3754,39666,142066,+102400,+40292,KRX
20090916,+90000,2,+1800,+2.04,614821,3824,9509,+5685,+3617,42303,104411,+62108,+39286,KRX
20090915,+88200,2,+200,+0.23,595048,3970,6038,+2068,+2290,44689,67511,+22822,+25315,KRX
20090914,-88000,5,-2300,-2.55,521428,6479,6257,--222,+796,73292,70799,--2493,+9254,KRX
20090911,+90300,2,+3800,+4.39,1106975,5420,4402,--1018,--3025,60549,48802,--11747,--34686,KRX
20090910,+86500,2,+500,+0.58,903813,8900,10907,+2007,+7220,102417,125356,+22939,+84306,KRX
20090909,+86000,2,+1000,+1.18,1017254,7309,2096,--5213,--11072,85875,24508,--61367,--130624,KRX
20090908,+85000,2,+4900,+6.12,1899330,3768,9627,+5859,+7967,44613,113870,+69257,+95793,KRX
20090907,+80100,2,+1400,+1.78,392508,3973,1865,--2108,--3058,50070,23534,--26536,--38465,KRX
20090904,-78700,5,-400,-0.51,751451,4445,5395,+950,--2066,56137,68066,+11929,--26632,KRX
20090903,+79100,2,+800,+1.02,660342,2879,5895,+3016,+1748,36827,75388,+38561,+22641,KRX
20090902,-78300,5,-2000,-2.49,976922,3823,5091,+1268,--415,48455,64375,+15920,--5964,KRX
20090901,+80300,2,+2500,+3.21,635223,3151,4834,+1683,+3896,39958,61842,+21884,+50568,KRX
20090831,-77800,5,-1400,-1.77,407470,4697,2484,--2213,--3982,60660,31976,--28684,--51377,KRX
20090828,+79200,2,+2000,+2.59,631756,2037,3806,+1769,+836,26108,48801,+22693,+10704,KRX
20090827,-77200,5,-3200,-3.98,586186,2127,3060,+933,--61,27310,39299,+11989,--227,KRX
20090826,-80400,5,-400,-0.50,555017,1778,2772,+994,+997,21859,34075,+12216,+12256,KRX
20090825,-80800,5,-900,-1.10,885813,4423,4420,--3,+2096,54366,54326,--40,+25740,KRX
20090824,+81700,2,+4700,+6.10,1274052,5794,3695,--2099,+997,72244,46464,--25780,+15172,KRX
20090821,+77000,2,+4200,+5.77,1156174,5364,2268,--3096,--6013,70930,29978,--40952,--81808,KRX
20090820,+72800,2,+1200,+1.68,386834,1601,4518,+2917,+6702,22197,63053,+40856,+92493,KRX
20090819,-71600,5,-1300,-1.78,559622,6120,2335,--3785,--6727,83854,32217,--51637,--92415,KRX
20090818,+72900,2,+900,+1.25,595342,2555,5497,+2942,+4868,35403,76181,+40778,+67126,KRX
20090817,-72000,5,-4000,-5.26,661468,4721,2795,--1926,+1557,64582,38234,--26348,+19742,KRX
20090814,-76000,5,-100,-0.13,668268,5872,2389,--3483,+2311,77415,31325,--46090,+30092,KRX
20090813,+76100,2,+2300,+3.12,1352987,8820,3026,--5794,--5168,115876,39694,--76182,--67100,KRX
20090812,+73800,2,+4800,+6.96,1284678,3761,3135,--626,--1235,53132,44050,--9082,--17959,KRX
20090811,+69000,2,+1000,+1.47,359889,2652,3261,+609,+9362,38419,47296,+8877,+136346,KRX
20090810,-68000,5,-1100,-1.59,357221,11045,2292,--8753,--6832,160908,33439,--127469,--99706,KRX
20090807,-69100,5,-200,-0.29,255081,3442,1521,--1921,--4152,49700,21937,--27763,--60743,KRX
20090806,+69300,2,+2200,+3.28,568034,2166,4397,+2231,+2881,31451,64431,+32980,+42526,KRX
20090805,-67100,5,-1100,-1.61,461421,3262,2612,--650,+641,48222,38676,--9546,+9333,KRX
20090804,-68200,5,-900,-1.30,1174182,4703,3412,--1291,+1748,68957,50078,--18879,+24611,KRX
20090803,-69100,5,-1300,-1.85,797599,4453,1414,--3039,--3425,63857,20367,--43490,--49099,KRX
20090731,-70400,5,-1000,-1.40,445170,4222,4608,+386,+1009,59732,65341,+5609,+14433,KRX
20090730,+71400,2,+800,+1.13,585466,3610,2987,--623,--985,50589,41765,--8824,--14020,KRX
20090729,+70600,2,+600,+0.86,453957,3132,3494,+362,--244,44743,49939,+5196,--3508,KRX
20090728,-70000,5,-800,-1.13,554436,2898,3504,+606,+1977,41177,49881,+8704,+28119,KRX
20090727,-70800,5,-1200,-1.67,601515,5119,3748,--1371,--2033,71968,52553,--19415,--28561,KRX
20090724,+72000,2,+500,+0.70,487441,2696,3358,+662,--5895,37482,46628,+9146,--82457,KRX
20090723,+71500,2,+1300,+1.85,677610,2714,9271,+6557,+1982,38158,129761,+91603,+26374,KRX
20090722,-70200,5,-1300,-1.82,938867,3704,8279,+4575,+10281,53072,118301,+65229,+144739,KRX
20090721,-71500,5,-3300,-4.41,983195,9316,3610,--5706,--12874,129662,50152,--79510,--175811,KRX
20090720,+74800,2,+500,+0.67,455981,3402,10570,+7168,--790,45784,142085,+96301,--12072,KRX
20090717,+74300,2,+2200,+3.05,639668,2778,10736,+7958,+3517,37792,146165,+108373,+46932,KRX
20090716,+72100,2,+3100,+4.49,790165,4234,8675,+4441,+3859,59007,120448,+61441,+52713,KRX
20090715,+69000,2,+2800,+4.23,393102,2135,2717,+582,+965,31193,39921,+8728,+14327,KRX
20090714,-66200,5,-1800,-2.65,379212,3716,3333,--383,+3121,54672,49073,--5599,+44386,KRX
20090713,-68000,5,-3500,-4.90,321329,4947,1443,--3504,--3029,70942,20957,--49985,--43310,KRX
20090710,+71500,2,+900,+1.27,369080,2272,1797,--475,+328,32038,25363,--6675,+4673,KRX
20090709,+70600,2,+600,+0.86,281544,4669,3866,--803,--2181,65969,54621,--11348,--30850,KRX
20090708,-70000,5,-800,-1.13,375846,2112,3490,+1378,--708,30247,49749,+19502,--10127,KRX
20090707,+70800,2,+2000,+2.91,395300,2030,4116,+2086,+1693,28914,58543,+29629,+23971,KRX
20090706,+68800,2,+800,+1.18,316277,2154,2547,+393,--1862,31519,37177,+5658,--27548,KRX
20090703,+68000,2,+500,+0.74,347216,782,3037,+2255,+2923,11530,44736,+33206,+43218,KRX
20090702,-67500,5,-500,-0.74,456706,3257,2589,--668,+8264,47967,37955,--10012,+120899,KRX
20090701,-68000,5,-4000,-5.56,881295,11902,2970,--8932,--11446,173878,42967,--130911,--166131,KRX
20090630,+72000,2,+900,+1.27,417388,3429,5943,+2514,+2578,48108,83328,+35220,+36159,KRX
20090629,-71100,5,-300,-0.42,276813,1692,1628,--64,--2056,23676,22737,--939,--28959,KRX
20090626,+71400,2,+2300,+3.33,432323,1842,3834,+1992,--3766,26048,54068,+28020,--54454,KRX
20090625,+69100,2,+2900,+4.38,495170,2627,8385,+5758,+4957,38093,120567,+82474,+70618,KRX
20090624,-66200,5,-2800,-4.06,949217,4326,5127,+801,+3636,65265,77121,+11856,+52219,KRX
20090623,-69000,5,-3900,-5.35,544455,4775,1940,--2835,+288,68212,27849,--40363,+2427,KRX
20090622,+72900,2,+300,+0.41,623940,4463,1340,--3123,--6924,61203,18413,--42790,--95851,KRX
20090619,+72600,2,+4300,+6.30,1461839,3007,6808,+3801,--977,41497,94558,+53061,--16389,KRX
20090618,+68300,2,+700,+1.04,345602,2756,7534,+4778,+5213,40373,109823,+69450,+75885,KRX
20090617,-67600,5,-500,-0.73,228982,2174,1739,--435,+840,31969,25534,--6435,+12085,KRX
20090616,-68100,5,-100,-0.15,325554,2640,1365,--1275,--1172,38463,19943,--18520,--17292,KRX
20090615,-68200,5,-1300,-1.87,502955,5594,5491,--103,+2165,82330,81102,--1228,+31668,KRX
20090612,+69500,2,+500,+0.72,318345,3594,1326,--2268,--4029,52060,19164,--32896,--57207,KRX
20090611,+69000,2,+300,+0.44,556016,8372,10133,+1761,+988,120798,145109,+24311,+12946,KRX
20090610,+68700,2,+1200,+1.78,427418,4398,5171,+773,+1045,64489,75854,+11365,+15725,KRX
20090609,-67500,5,-2300,-3.30,410851,3295,3023,--272,--93,48430,44070,--4360,--1786,KRX
20090608,-69800,5,-900,-1.27,429446,3401,3222,--179,+2849,49036,46462,--2574,+42164,KRX
20090605,+70700,2,+700,+1.00,995700,7371,4343,--3028,--1870,109245,64507,--44738,--28635,KRX
20090604,-70000,5,-4100,-5.53,718584,4001,2843,--1158,--1141,55875,39772,--16103,--15888,KRX
20090603,-74100,5,-1400,-1.85,469825,3875,3858,--17,--1297,51149,50934,--215,--16391,KRX
20090602,75500,3,0,0.00,831322,4445,5725,+1280,+2772,58174,74350,+16176,+35872,KRX
20090601,-75500,5,-800,-1.05,322638,3315,1823,--1492,+856,43590,23894,--19696,+11478,KRX
20090529,+76300,2,+600,+0.79,648833,6878,4530,--2348,--3888,90932,59758,--31174,--53087,KRX
20090528,+75700,2,+2200,+2.99,796910,3594,5134,+1540,+3832,49152,71065,+21913,+52074,KRX
20090527,-73500,5,-4000,-5.16,858646,5426,3134,--2292,+1503,71821,41660,--30161,+17700,KRX
20090526,-77500,5,-3200,-3.97,978822,7641,3846,--3795,+1835,96942,49081,--47861,+22998,KRX
20090525,+80700,2,+3400,+4.40,1658503,9981,4351,--5630,--5575,124736,53877,--70859,--70293,KRX
20090522,+77300,2,+4600,+6.33,1244604,4120,4065,--55,--2982,53640,53074,--566,--41623,KRX
20090521,+72700,2,+3100,+4.45,784700,2232,5159,+2927,--744,31478,72535,+41057,--11498,KRX
20090520,+69600,2,+3500,+5.30,1263841,3190,6861,+3671,+6294,45572,98127,+52555,+92864,KRX
20090519,+66100,2,+3100,+4.92,512785,3274,651,--2623,--483,50209,9900,--40309,--5869,KRX
20090518,+63000,2,+600,+0.96,203612,3136,996,--2140,--2876,50358,15918,--34440,--45734,KRX
20090515,+62400,2,+1600,+2.63,284544,2993,3729,+736,+5104,48229,59523,+11294,+82661,KRX
20090514,-60800,5,-1600,-2.56,334277,7520,3152,--4368,--2791,123017,51650,--71367,--45725,KRX
20090513,+62400,2,+700,+1.13,599709,5198,3621,--1577,--2345,83680,58038,--25642,--39114,KRX
20090512,+61700,2,+2500,+4.22,375657,2893,3661,+768,+3617,48342,61814,+13472,+61889,KRX
20090511,59200,3,0,0.00,229924,4026,1177,--2849,--4876,68391,19974,--48417,--82916,KRX
20090508,+59200,2,+2400,+4.23,498990,2001,4028,+2027,+2075,34087,68586,+34499,+35259,KRX
20090507,-56800,5,-2100,-3.57,280673,2935,2887,--48,+2483,50689,49929,--760,+41575,KRX
20090506,-58900,5,-1600,-2.64,288341,5608,3077,--2531,+432,93847,51512,--42335,+8204,KRX
20090504,+60500,2,+1000,+1.68,311021,4969,2006,--2963,--6301,83969,33430,--50539,--106640,KRX
20090430,+59500,2,+700,+1.19,495579,4584,7922,+3338,+2219,78226,134327,+56101,+36579,KRX
20090429,+58800,2,+2300,+4.07,410305,1335,2454,+1119,--4673,23339,42861,+19522,--82953,KRX
20090428,56500,3,0,0.00,311441,1402,7194,+5792,+6333,24875,127350,+102475,+112168,KRX
20090427,-56500,5,-200,-0.35,308802,2363,1822,--541,--1067,41810,32117,--9693,--18963,KRX
20090424,-56700,5,-2600,-4.38,280368,2492,3018,+526,+912,43086,52356,+9270,+15832,KRX
20090423,+59300,2,+600,+1.02,431603,4141,3755,--386,+2891,71469,64907,--6562,+49986,KRX
20090422,+58700,2,+2100,+3.71,513834,5207,1930,--3277,--7235,89471,32923,--56548,--129900,KRX
20090421,+56600,2,+3200,+5.99,602990,1659,5617,+3958,+3990,30749,104101,+73352,+73710,KRX
20090420,-53400,5,-1300,-2.38,510299,2713,2681,--32,+1187,49463,49105,--358,+22486,KRX
20090417,+54700,2,+700,+1.30,521461,3720,2501,--1219,+1975,69244,46400,--22844,+35822,KRX
20090416,-54000,5,-900,-1.64,392418,5541,2347,--3194,--1825,101193,42527,--58666,--34741,KRX
20090415,-54900,5,-100,-0.18,685616,4642,3273,--1369,+2281,82547,58622,--23925,+45138,KRX
20090414,+55000,2,+1800,+3.38,696898,7125,3475,--3650,--2047,133183,64120,--69063,--38642,KRX
20090413,+53200,2,+2200,+4.31,717124,3389,1786,--1603,+1144,64306,33885,--30421,+26519,KRX
20090410,+51000,2,+3300,+6.92,1100783,6195,3448,--2747,--5259,127080,70140,--56940,--109908,KRX
20090409,+47700,2,+3400,+7.67,1011285,3133,5645,+2512,+2402,66922,119890,+52968,+50488,KRX
20090408,-44300,5,-1000,-2.21,371969,1446,1556,+110,--1787,32590,35070,+2480,--39406,KRX
20090407,+45300,2,+100,+0.22,543857,1644,3541,+1897,+1311,36404,78290,+41886,+28986,KRX
20090406,-45200,5,-1150,-2.48,555958,1935,2521,+586,+1697,42330,55230,+12900,+36815,KRX
20090403,-46350,5,-1150,-2.42,653166,3642,2531,--1111,--1294,78535,54620,--23915,--27665,KRX
20090402,+47500,2,+750,+1.60,619836,3597,3780,+183,--21,76570,80320,+3750,+90,KRX
20090401,+46750,2,+1550,+3.43,658188,3005,3209,+204,+1150,65160,68820,+3660,+24043,KRX
20090331,+45200,2,+1700,+3.91,830279,5101,4155,--946,--2273,113433,93050,--20383,--51303,KRX
20090330,+43500,2,+1500,+3.57,615289,971,2298,+1327,+1520,22600,53520,+30920,+35222,KRX
20090327,-42000,5,-1300,-3.00,367601,2257,2064,--193,+203,52450,48148,--4302,+5267,KRX
20090326,+43300,2,+650,+1.52,483835,3532,3136,--396,--773,82969,73400,--9569,--18909,KRX
20090325,-42650,5,-550,-1.27,388100,1565,1942,+377,+2091,36600,45940,+9340,+48062,KRX
20090324,-43200,5,-900,-2.04,495356,3512,1798,--1714,--2805,80542,41820,--38722,--63322,KRX
20090323,44100,3,0,0.00,308485,1033,2124,+1091,+1012,23420,48020,+24600,+23080,KRX
20090320,+44100,2,+700,+1.61,444579,2423,2502,+79,--1677,55510,57030,+1520,--38920,KRX
20090319,+43400,2,+450,+1.05,373634,1507,3263,+1756,+735,35080,75520,+40440,+16400,KRX
20090318,+42950,2,+900,+2.14,469930,1783,2804,+1021,--6455,42260,66300,+24040,--151390,KRX
20090317,+42050,2,+1150,+2.81,693947,1126,8602,+7476,+6720,26680,202110,+175430,+158137,KRX
20090316,-40900,5,-50,-0.12,999141,2901,3657,+756,--1221,69257,86550,+17293,--31355,KRX
20090313,+40950,2,+200,+0.49,445300,1769,3746,+1977,--1488,43542,92190,+48648,--36491,KRX
20090312,+40750,2,+700,+1.75,778226,6942,10407,+3465,--1062,171031,256170,+85139,--27649,KRX
20090311,-40050,5,-100,-0.25,814989,1822,6349,+4527,+2929,45588,158376,+112788,+74358,KRX
20090310,-40150,5,-500,-1.23,1333229,2944,4542,+1598,+3603,71910,110340,+38430,+88400,KRX
20090309,+40650,2,+1800,+4.63,1367884,3842,1837,--2005,--2566,95350,45380,--49970,--66260,KRX
20090306,+38850,2,+3850,+11.00,1904851,2663,3224,+561,+1435,69360,85650,+16290,+41196,KRX
20090305,+35000,2,+200,+0.57,1096281,3222,2348,--874,--2268,89866,64960,--24906,--63938,KRX
20090304,+34800,2,+2100,+6.42,1132344,2789,4183,+1394,+3274,81920,120952,+39032,+97428,KRX
20090303,+32700,2,+100,+0.31,1242407,3399,1519,--1880,--456,105200,46804,--58396,--12624,KRX
20090302,+32600,2,+2150,+7.06,1106465,3200,1776,--1424,--1252,101742,55970,--45772,--40422,KRX
20090227,+30450,2,+50,+0.16,741682,2844,2672,--172,--229,92210,86860,--5350,--6110,KRX
20090226,-30400,5,-1550,-4.85,595989,1700,1757,+57,+244,54060,54820,+760,+6455,KRX
20090225,+31950,2,+1700,+5.62,881308,2293,2106,--187,--874,71225,65530,--5695,--27703,KRX
20090224,-30250,5,-2050,-6.35,970381,2408,3095,+687,+1222,78490,100498,+22008,+38568,KRX
20090223,-32300,5,-1700,-5.00,1485338,1839,1304,--535,--2004,56630,40070,--16560,--60011,KRX
20090220,+34000,2,+3750,+12.40,3899227,1401,2870,+1469,+1469,42110,85561,+43451,+43451,KRX
20090219,0,0,0,0.00,0,0,0,0,0,0,0,0,0,KRX
20090218,0,0,0,0.00,0,0,0,0,0,0,0,0,0,KRX
20090217,0,0,0,0.00,0,0,0,0,0,0,0,0,0,KRX
20090216,0,0,0,0.00,0,0,0,0,0,0,0,0,0,KRX
20090213,0,0,0,0.00,0,0,0,0,0,0,0,0,0,KRX
20090212,0,0,0,0.00,0,0,0,0,0,0,0,0,0,KRX
20090211,0,0,0,0.00,0,0,0,0,0,0,0,0,0,KRX
20090210,0,0,0,0.00,0,0,0,0,0,0,0,0,0,KRX
20090209,0,0,0,0.00,0,0,0,0,0,0,0,0,0,KRX
20090206,0,0,0,0.00,0,0,0,0,0,0,0,0,0,KRX
20090205,0,0,0,0.00,0,0,0,0,0,0,0,0,0,KRX
20090204,0,0,0,0.00,0,0,0,0,0,0,0,0,0,KRX
20090203,0,0,0,0.00,0,0,0,0,0,0,0,0,0,KRX
20090202,0,0,0,0.00,0,0,0,0,0,0,0,0,0,KRX
20090130,0,0,0,0.00,0,0,0,0,0,0,0,0,0,KRX
20090129,0,0,0,0.00,0,0,0,0,+11915,0,0,0,+419001,KRX
20090128,-28300,5,-500,-1.74,4389119,14922,3007,--11915,--12255,523301,104300,--419001,--430871,KRX
20090123,-28800,5,-850,-2.87,833792,2174,2514,+340,+1257,75550,87420,+11870,+41704,KRX
20090122,-29650,5,-250,-0.84,831445,3058,2141,--917,--1700,101324,71490,--29834,--56804,KRX
20090121,-29900,5,-100,-0.33,952952,1696,2479,+783,+1560,57670,84640,+26970,+52740,KRX
20090120,-30000,5,-2150,-6.69,2542808,3487,2710,--777,+1869,115320,89550,--25770,+53590,KRX
20090119,-32150,5,-1600,-4.74,2942023,5241,2595,--2646,--2930,156020,76660,--79360,--88468,KRX
20090116,+33750,2,+2800,+9.05,982529,3190,3474,+284,+3552,98492,107600,+9108,+109538,KRX
20090115,-30950,5,-2250,-6.78,768135,5552,2284,--3268,--3059,173490,73060,--100430,--93380,KRX
20090114,+33200,2,+800,+2.47,652558,2083,1874,--209,+876,64060,57010,--7050,+27270,KRX
20090113,+32400,2,+1500,+4.85,626393,2971,1886,--1085,--1937,93810,59490,--34320,--61414,KRX
20090112,-30900,5,-600,-1.90,620146,1902,2754,+852,+153,60626,87720,+27094,+5524,KRX
20090109,-31500,5,-800,-2.48,1119257,2397,3096,+699,+869,73360,94930,+21570,+27060,KRX
20090108,-32300,5,-900,-2.71,786167,4650,4480,--170,+261,143630,138140,--5490,+8320,KRX
20090107,+33200,2,+1500,+4.73,1131671,3456,3025,--431,--3557,105730,91920,--13810,--111274,KRX
20090106,+31700,2,+700,+2.26,1307125,1539,4665,+3126,+5749,48376,145840,+97464,+180054,KRX
20090105,+31000,2,+50,+0.16,1530640,4039,1416,--2623,--2895,127030,44440,--82590,--90010,KRX
20090102,+30950,2,+2450,+8.60,1696120,2245,2517,+272,--1219,76660,84080,+7420,--45200,KRX
20081230,+28500,2,+200,+0.71,587520,1232,2723,+1491,+1354,43580,96200,+52620,+48080,KRX
20081229,+28300,2,+500,+1.80,452571,1334,1471,+137,+635,48730,53270,+4540,+23079,KRX
20081226,+27800,2,+500,+1.83,617930,1740,1242,--498,+71,63610,45071,--18539,+3031,KRX
20081224,+27300,2,+250,+0.92,759027,2282,1713,--569,--1108,85110,63540,--21570,--41210,KRX
20081223,-27050,5,-1450,-5.09,1085705,1756,2295,+539,+1043,64220,83860,+19640,+37368,KRX
20081222,-28500,5,-100,-0.35,734984,1874,1370,--504,--2734,65552,47824,--17728,--95123,KRX
20081219,28600,3,0,0.00,922997,1157,3387,+2230,+522,40394,117789,+77395,+20375,KRX
20081218,-28600,5,-1350,-4.51,1229320,2229,3937,+1708,+3067,76220,133240,+57020,+101702,KRX
20081217,29950,3,0,0.00,1301160,4161,2802,--1359,--1293,138962,94280,--44682,--41929,KRX
20081216,-29950,5,-50,-0.17,1355722,3110,3044,--66,--373,104623,101870,--2753,--14848,KRX
20081215,+30000,2,+2500,+9.09,1308518,2998,3305,+307,+1805,101245,113340,+12095,+64765,KRX
20081212,-27500,5,-1900,-6.46,1594300,4870,3372,--1498,--3224,170670,118000,--52670,--110530,KRX
20081211,+29400,2,+2050,+7.50,2430131,6200,7926,+1726,+1011,213670,271530,+57860,+31940,KRX
20081210,+27350,2,+700,+2.63,1198330,3713,4428,+715,+817,136890,162810,+25920,+28680,KRX
20081209,-26650,5,-1350,-4.82,1515317,2729,2627,--102,--882,100500,97740,--2760,--31013,KRX
20081208,+28000,2,+1600,+6.06,1017544,4720,5500,+780,--1044,172577,200830,+28253,--39457,KRX
20081205,+26400,2,+100,+0.38,553667,1374,3198,+1824,+2047,51840,119550,+67710,+75490,KRX
20081204,-26300,5,-1700,-6.07,758935,2172,1949,--223,+1956,79520,71740,--7780,+66620,KRX
20081203,-28000,5,-950,-3.28,634994,4696,2517,--2179,--2323,162330,87930,--74400,--80091,KRX
20081202,+28950,2,+400,+1.40,690980,1920,2064,+144,--121,67510,73201,+5691,--3539,KRX
20081201,-28550,5,-1100,-3.71,688152,2265,2530,+265,--3269,77420,86650,+9230,--109800,KRX
20081128,+29650,2,+100,+0.34,871669,1788,5322,+3534,+3863,60410,179440,+119030,+130261,KRX
20081127,-29550,5,-150,-0.51,954875,2464,2135,--329,--995,82130,70899,--11231,--33041,KRX
20081126,+29700,2,+800,+2.77,1276773,3713,4379,+666,+121,124740,146550,+21810,+3410,KRX
20081125,28900,3,0,0.00,1005092,3596,4141,+545,+1294,121910,140310,+18400,+43865,KRX
20081124,-28900,5,-1100,-3.67,819694,3921,3172,--749,--1641,133335,107870,--25465,--56213,KRX
20081121,+30000,2,+1000,+3.45,1724370,2404,3296,+892,--241,81072,111820,+30748,--7612,KRX
20081120,-29000,5,-1950,-6.30,1032032,2737,3870,+1133,--778,92280,130640,+38360,--22081,KRX
20081119,+30950,2,+150,+0.49,1442197,3692,5603,+1911,+1774,117839,178280,+60441,+56111,KRX
20081118,+30800,2,+350,+1.15,1046611,3464,3601,+137,--1938,111960,116290,+4330,--62070,KRX
20081117,-30450,5,-1700,-5.29,1187005,2966,5041,+2075,+2277,96060,162460,+66400,+71912,KRX
20081114,+32150,2,+250,+0.78,1883500,6481,6279,--202,--153,198270,192758,--5512,--2272,KRX
20081113,+31900,2,+500,+1.59,1898588,3003,2954,--49,--1992,96860,93620,--3240,--69270,KRX
20081112,+31400,2,+2000,+6.80,1307576,3392,5335,+1943,--571,111840,177870,+66030,--18010,KRX
20081111,-29400,5,-1550,-5.01,1014693,2199,4713,+2514,+2673,74060,158100,+84040,+89410,KRX
20081110,-30950,5,-650,-2.06,1294696,3940,3781,--159,--109,125060,119690,--5370,--3870,KRX
20081107,+31600,2,+1200,+3.95,2184840,4333,4283,--50,--4195,142090,140590,--1500,--140980,KRX
20081106,-30400,5,-900,-2.88,2196748,2140,6285,+4145,+6092,72310,211790,+139480,+200770,KRX
20081105,+31300,2,+100,+0.32,2254987,6557,4610,--1947,--5212,207030,145740,--61290,--166860,KRX
20081104,+31200,2,+1200,+4.00,2484349,3718,6983,+3265,+1798,122500,228070,+105570,+52480,KRX
20081103,+30000,2,+3200,+11.94,3023262,4077,5544,+1467,--257,141420,194510,+53090,--11450,KRX
20081031,+26800,2,+2050,+8.28,2202906,4933,6657,+1724,+1359,188170,252710,+64540,+49650,KRX
20081030,+24750,1,+3200,+14.85,1401160,1777,2142,+365,+1508,74560,89450,+14890,+62980,KRX
20081029,-21550,5,-1250,-5.48,2063423,4854,3711,--1143,+1133,207530,159440,--48090,+56910,KRX
20081028,+22800,2,+2800,+14.00,1690950,4288,2012,--2276,+2,199420,94420,--105000,+6980,KRX
20081027,-20000,5,-350,-1.72,1262061,4763,2485,--2278,--3398,233550,121570,--111980,--164520,KRX
20081024,-20350,4,-3550,-14.85,1210440,2489,3609,+1120,+320,107950,160490,+52540,+19830,KRX
20081023,-23900,5,-600,-2.45,1217398,3019,3819,+800,--1883,126860,159570,+32710,--73900,KRX
20081022,24500,3,0,0.00,1638525,2591,5274,+2683,+3845,104850,211460,+106610,+152600,KRX
20081021,-24500,5,-300,-1.21,1259075,3074,1912,--1162,--2994,123160,77170,--45990,--122370,KRX
20081020,+24800,2,+2000,+8.77,1439996,2043,3875,+1832,+1871,84680,161060,+76380,+77320,KRX
20081017,+22800,2,+300,+1.33,1040138,3677,3638,--39,--5303,156500,155560,--940,--226400,KRX
20081016,-22500,5,-2300,-9.27,1268580,2479,7743,+5264,+4674,107630,333090,+225460,+201910,KRX
20081015,-24800,5,-950,-3.69,867678,1971,2561,+590,--6363,79020,102570,+23550,--257000,KRX
20081014,+25750,1,+3350,+14.96,1921660,3635,10588,+6953,+6725,147190,427740,+280550,+268680,KRX
20081013,+22400,2,+2250,+11.17,1376600,2969,3197,+228,+1991,135790,147660,+11870,+99660,KRX
20081010,-20150,5,-2000,-9.03,1299359,3632,1869,--1763,--1219,181020,93230,--87790,--63890,KRX
20081009,-22150,5,-800,-3.49,1300538,3008,2464,--544,--226,133110,109210,--23900,--10580,KRX
20081008,-22950,5,-2050,-8.20,1201692,3198,2880,--318,--2175,135240,121920,--13320,--89770,KRX
20081007,+25000,2,+500,+2.04,1093468,1575,3432,+1857,--852,63450,139900,+76450,--33260,KRX
20081006,-24500,5,-1400,-5.41,753098,1224,3933,+2709,--285,49300,159010,+109710,--4900,KRX
20081002,-25900,5,-400,-1.52,1086326,1432,4426,+2994,--2060,54870,169480,+114610,--71290,KRX
20081001,+26300,2,+400,+1.54,1924269,2528,7582,+5054,+5597,94470,280370,+185900,+205070,KRX
20080930,+25900,2,+750,+2.98,1712465,2942,2399,--543,--1468,116350,97180,--19170,--56270,KRX
20080929,-25150,5,-1750,-6.51,2396365,3710,4635,+925,--369,143970,181070,+37100,--11330,KRX
20080926,-26900,5,-1300,-4.61,2031283,1448,2742,+1294,+2361,53150,101580,+48430,+84560,KRX
20080925,-28200,5,-2400,-7.84,3451011,4467,3400,--1067,+1927,155610,119480,--36130,+63800,KRX
20080924,+30600,2,+650,+2.17,2494022,7392,4398,--2994,--4189,247740,147810,--99930,--143680,KRX
20080923,+29950,2,+2950,+10.93,2389465,2384,3579,+1195,+3001,80590,124340,+43750,+106260,KRX
20080922,-27000,5,-1000,-3.57,2119609,4732,2926,--1806,--4689,166540,104030,--62510,--165310,KRX
20080919,+28000,2,+2600,+10.24,2198381,3430,6313,+2883,+4108,124090,226890,+102800,+151960,KRX
20080918,-25400,5,-1150,-4.33,1317651,4321,3096,--1225,--3850,170540,121380,--49160,--147750,KRX
20080917,+26550,2,+1150,+4.53,1226286,2365,4990,+2625,--2671,89500,188090,+98590,--107720,KRX
20080916,-25400,5,-2750,-9.77,951443,907,6203,+5296,+6544,35360,241670,+206310,+249940,KRX
20080912,-28150,5,-50,-0.18,1157994,3693,2445,--1248,+4176,129650,86020,--43630,+146480,KRX
20080911,-28200,5,-800,-2.76,886719,9897,4473,--5424,--5398,348430,158320,--190110,--188800,KRX
20080910,+29000,2,+500,+1.75,901490,4148,4122,--26,+2471,146250,144940,--1310,+87170,KRX
20080909,+28500,2,+100,+0.35,1068955,4025,1528,--2497,+630,141960,53480,--88480,+23980,KRX
20080908,+28400,2,+2450,+9.44,1283217,4340,1213,--3127,--2920,155840,43380,--112460,--104940,KRX
20080905,-25950,5,-550,-2.08,926364,2544,2337,--207,+5817,97130,89610,--7520,+217450,KRX
20080904,-26500,5,-900,-3.28,1470744,8940,2916,--6024,--2233,334140,109170,--224970,--84170,KRX
20080903,+27400,2,+1100,+4.18,1096697,8146,4355,--3791,--7117,302630,161830,--140800,--258640,KRX
20080902,-26300,5,-1850,-6.57,913545,3946,7272,+3326,+340,143690,261530,+117840,+14550,KRX
20080901,-28150,5,-3250,-10.35,724900,2067,5053,+2986,+1455,70160,173450,+103290,+53820,KRX
20080829,+31400,2,+1000,+3.29,552064,1621,3152,+1531,+1055,52020,101490,+49470,+33700,KRX
20080828,-30400,5,-550,-1.78,484796,2055,2531,+476,--2028,66130,81900,+15770,--64900,KRX
20080827,-30950,5,-1750,-5.35,849349,2550,5054,+2504,+800,81910,162580,+80670,+28610,KRX
20080826,-32700,5,-500,-1.51,465779,1732,3436,+1704,--67,52840,104900,+52060,--1140,KRX
20080825,+33200,2,+500,+1.53,531733,1592,3363,+1771,--388,47890,101090,+53200,--12730,KRX
20080822,+32700,2,+200,+0.62,744458,2103,4262,+2159,+840,64410,130340,+65930,+24970,KRX
20080821,-32500,5,-2100,-6.07,1246638,1818,3137,+1319,+963,54380,95340,+40960,+29870,KRX
20080820,-34600,5,-1500,-4.16,1396439,4825,5181,+356,--74,138160,149250,+11090,--840,KRX
20080819,+36100,2,+50,+0.14,622248,1683,2113,+430,+3587,46600,58530,+11930,+96860,KRX
20080818,-36050,5,-3250,-8.27,1879596,8751,5594,--3157,--1775,239280,154350,--84930,--49010,KRX
20080814,+39300,2,+100,+0.26,709993,5369,3987,--1382,+643,137510,101590,--35920,+15430,KRX
20080813,-39200,5,-1100,-2.73,822587,4769,2744,--2025,--2608,120540,69190,--51350,--65920,KRX
20080812,+40300,2,+1600,+4.13,1651866,3511,4094,+583,+1929,87080,101650,+14570,+49580,KRX
20080811,+38700,2,+1500,+4.03,733053,4280,2934,--1346,--4451,111040,76030,--35010,--118160,KRX
20080808,-37200,5,-400,-1.06,616760,1862,4967,+3105,+7446,49950,133100,+83150,+197880,KRX
20080807,-37600,5,-1300,-3.34,966740,5742,1401,--4341,+1193,151840,37110,--114730,+28610,KRX
20080806,+38900,2,+750,+1.97,754366,6756,1222,--5534,--6129,174880,31540,--143340,--158580,KRX
20080805,+38150,2,+500,+1.33,798058,4787,5382,+595,+2470,126530,141770,+15240,+65850,KRX
20080804,+37650,2,+800,+2.17,844438,4561,2686,--1875,--767,122510,71900,--50610,--20530,KRX
20080801,+36850,2,+450,+1.24,884784,2801,1693,--1108,--2807,75840,45760,--30080,--76450,KRX
20080731,-36400,5,-50,-0.14,1061018,2642,4341,+1699,+3705,72680,119050,+46370,+97720,KRX
20080730,-36450,5,-1850,-4.83,1675642,5071,3065,--2006,+451,134520,83170,--51350,+16550,KRX
20080729,-38300,5,-550,-1.42,1472431,9188,6731,--2457,--735,247220,179320,--67900,--25330,KRX
20080728,-38850,5,-3200,-7.61,2527534,6056,4334,--1722,--4719,152720,110150,--42570,--113930,KRX
20080725,-42050,5,-950,-2.21,717974,732,3729,+2997,+1534,17430,88790,+71360,+37750,KRX
20080724,+43000,2,+750,+1.78,1110948,2782,4245,+1463,+4133,65810,99420,+33610,+97690,KRX
20080723,+42250,2,+50,+0.12,1492064,5484,2814,--2670,--1480,131020,66940,--64080,--35700,KRX
20080722,-42200,5,-750,-1.75,483340,3491,2301,--1190,--3478,82900,54520,--28380,--83620,KRX
20080721,+42950,2,+2450,+6.05,822320,3482,5770,+2288,+2814,81820,137060,+55240,+67890,KRX
20080718,-40500,5,-700,-1.70,740677,4028,3502,--526,+3483,98310,85660,--12650,+85220,KRX
20080717,+41200,2,+2000,+5.10,1252217,8773,4764,--4009,--8105,213890,116020,--97870,--207970,KRX
20080716,+39200,2,+1900,+5.09,1630481,3157,7253,+4096,--300,81970,192070,+110100,--7490,KRX
20080715,-37300,5,-2900,-7.21,1901457,3800,8196,+4396,+7973,100260,217850,+117590,+205100,KRX
20080714,-40200,5,-750,-1.83,964891,5196,1619,--3577,--223,127360,39850,--87510,--3970,KRX
20080711,+40950,2,+2800,+7.34,1962506,5592,2238,--3354,--6631,139420,55880,--83540,--169860,KRX
20080710,-38150,5,-1200,-3.05,1899317,6592,9869,+3277,+6901,173610,259930,+86320,+173580,KRX
20080709,-39350,5,-1650,-4.02,996319,6918,3294,--3624,--5613,169880,82620,--87260,--136510,KRX
20080708,-41000,5,-1550,-3.64,743887,3822,5811,+1989,--5389,92680,141930,+49250,--129040,KRX
20080707,+42550,2,+550,+1.31,1283412,4452,11830,+7378,+4232,106790,285080,+178290,+101620,KRX
20080704,-42000,5,-3600,-7.89,1245347,4377,7523,+3146,+294,100190,176860,+76670,+10640,KRX
20080703,+45600,2,+1050,+2.36,1016037,4985,7837,+2852,--874,110150,176180,+66030,--18350,KRX
20080702,-44550,5,-1800,-3.88,999807,4443,8169,+3726,+2151,99580,183960,+84380,+49530,KRX
20080701,46350,3,0,0.00,1245720,3297,4872,+1575,--5654,72160,107010,+34850,--119810,KRX
20080630,-46350,5,-1950,-4.04,1093867,1948,9177,+7229,+6557,41060,195720,+154660,+140170,KRX
20080627,-48300,5,-1400,-2.82,1136993,9390,10062,+672,--2352,193050,207540,+14490,--46664,KRX
20080626,-49700,5,-3800,-7.10,1752293,3685,6709,+3024,--1407,71670,132824,+61154,--21727,KRX
20080625,+53500,2,+400,+0.75,326847,926,5357,+4431,+2929,17334,100215,+82881,+54716,KRX
20080624,-53100,5,-1200,-2.21,459900,1765,3267,+1502,--3432,32668,60833,+28165,--63833,KRX
20080623,+54300,2,+200,+0.37,470031,784,5718,+4934,+4411,14594,106592,+91998,+82560,KRX
20080620,54100,3,0,0.00,667830,2113,2636,+523,--6316,38810,48248,+9438,--117391,KRX
20080619,-54100,5,-2800,-4.92,1739820,5061,11900,+6839,+6299,93224,220053,+126829,+117562,KRX
20080618,-56900,5,-2500,-4.21,2378138,4905,5445,+540,--3913,86681,95948,+9267,--65156,KRX
20080617,+59400,2,+100,+0.17,476958,2406,6859,+4453,+3568,40394,114817,+74423,+59703,KRX
20080616,+59300,2,+1600,+2.77,542333,4297,5182,+885,--191,72608,87328,+14720,--4341,KRX
20080613,+57700,2,+1100,+1.94,491744,4469,5545,+1076,+3291,78112,97173,+19061,+58089,KRX
20080612,-56600,5,-1500,-2.58,573343,10858,8643,--2215,--4575,191443,152415,--39028,--79620,KRX
20080611,+58100,2,+600,+1.04,573319,4298,6658,+2360,+3451,73996,114588,+40592,+58765,KRX
20080610,-57500,5,-2100,-3.52,565433,6075,4984,--1091,--1949,104033,85860,--18173,--32918,KRX
20080609,-59600,5,-500,-0.83,484732,3618,4476,+858,+2866,61105,75850,+14745,+48630,KRX
20080605,+60100,2,+600,+1.01,330758,5090,3082,--2008,--3577,85640,51755,--33885,--60192,KRX
20080604,-59500,5,-400,-0.67,414123,1374,2943,+1569,+2249,23145,49452,+26307,+37859,KRX
20080603,-59900,5,-800,-1.32,580296,3713,3033,--680,+919,62031,50479,--11552,+14897,KRX
20080602,-60700,5,-200,-0.33,411113,4285,2686,--1599,--5837,70409,43960,--26449,--96411,KRX
20080530,-60900,5,-200,-0.33,1027880,4007,8245,+4238,+87,66584,136546,+69962,+1903,KRX
20080529,+61100,2,+1300,+2.17,653330,2435,6586,+4151,+4996,39891,107950,+68059,+81988,KRX
20080528,-59800,5,-700,-1.16,419664,5576,4731,--845,--5522,92777,78848,--13929,--91532,KRX
20080527,+60500,2,+1000,+1.68,694774,4187,8864,+4677,+3991,70363,147966,+77603,+65096,KRX
20080526,-59500,5,-100,-0.17,838787,4054,4740,+686,+1870,69812,82319,+12507,+32030,KRX
20080523,-59600,5,-900,-1.49,509005,4117,2933,--1184,--6828,68492,48969,--19523,--113689,KRX
20080522,-60500,5,-1000,-1.63,2487918,4786,10430,+5644,+3138,78959,173125,+94166,+53088,KRX
20080521,+61500,2,+1200,+1.99,1275595,2777,5283,+2506,+2777,45281,86359,+41078,+45059,KRX
20080520,-60300,5,-3900,-6.07,1514649,4074,3803,--271,--7021,66320,62339,--3981,--111161,KRX
20080519,+64200,2,+200,+0.31,589352,2542,9292,+6750,+4825,40293,147473,+107180,+77007,KRX
20080516,64000,3,0,0.00,557846,3429,5354,+1925,--1899,53915,84088,+30173,--30724,KRX
20080515,+64000,2,+4800,+8.11,1504094,7755,11579,+3824,+3191,122945,183842,+60897,+50316,KRX
20080514,-59200,5,-300,-0.50,303350,3206,3839,+633,--1650,53917,64498,+10581,--27739,KRX
20080513,+59500,2,+500,+0.85,452836,1967,4250,+2283,+5790,33348,71668,+38320,+97389,KRX
20080509,-59000,5,-1500,-2.48,465965,6326,2819,--3507,--8607,106770,47701,--59069,--144802,KRX
20080508,-60500,5,-100,-0.17,604987,4238,9338,+5100,+313,70298,156031,+85733,+6572,KRX
20080507,-60600,5,-600,-0.98,597372,2155,6942,+4787,--1642,35728,114889,+79161,--26759,KRX
20080506,+61200,2,+1200,+2.00,616499,2442,8871,+6429,--1507,40150,146070,+105920,--26850,KRX
20080502,+60000,2,+700,+1.18,644404,3774,11710,+7936,+5120,63250,196020,+132770,+85248,KRX
20080430,59300,3,0,0.00,410499,2347,5163,+2816,+80,39665,87187,+47522,+863,KRX
20080429,+59300,2,+300,+0.51,503468,1810,4546,+2736,+3793,30697,77356,+46659,+64669,KRX
20080428,+59000,2,+100,+0.17,630009,3576,2519,--1057,--1020,60739,42729,--18010,--17470,KRX
20080425,+58900,2,+2900,+5.18,1651844,4692,4655,--37,+487,80438,79898,--540,+9352,KRX
20080424,+56000,2,+1900,+3.51,981594,4349,3825,--524,--2954,78601,68709,--9892,--54178,KRX
20080423,+54100,2,+500,+0.93,589592,1875,4305,+2430,+2527,34477,78763,+44286,+45859,KRX
20080422,-53600,5,-1000,-1.83,698949,4447,4350,--97,+3029,82036,80463,--1573,+55682,KRX
20080421,+54600,2,+600,+1.11,784942,4740,1614,--3126,--7022,86879,29624,--57255,--130135,KRX
20080418,+54000,2,+2200,+4.25,792014,1588,5484,+3896,+2926,29488,102368,+72880,+54506,KRX
20080417,-51800,5,-400,-0.77,583227,1034,2004,+970,--2377,19661,38035,+18374,--46213,KRX
20080416,+52200,2,+1700,+3.37,506976,1594,4941,+3347,+2076,30540,95127,+64587,+39444,KRX
20080415,-50500,5,-1000,-1.94,927371,2639,3910,+1271,+2018,52202,77345,+25143,+39312,KRX
20080414,-51500,5,-2000,-3.74,619304,3991,3244,--747,--2599,76772,62603,--14169,--48710,KRX
20080411,-53500,5,-100,-0.19,579277,1795,3647,+1852,--3897,33505,68046,+34541,--73841,KRX
20080410,+53600,2,+2100,+4.08,710802,3585,9334,+5749,+6705,67783,176165,+108382,+126914,KRX
20080408,-51500,5,-1000,-1.90,600173,3420,2464,--956,--6258,66097,47565,--18532,--119830,KRX
20080407,-52500,5,-200,-0.38,760046,1410,6712,+5302,+2586,26918,128216,+101298,+49748,KRX
20080404,-52700,5,-700,-1.31,791263,1772,4488,+2716,--1184,33552,85102,+51550,--20270,KRX
20080403,+53400,2,+200,+0.38,1107330,4768,8668,+3900,+6205,88569,160389,+71820,+114817,KRX
20080402,-53200,5,-300,-0.56,927537,4782,2477,--2305,--2996,89160,46163,--42997,--55761,KRX
20080401,-53500,5,-500,-0.93,784598,2282,2973,+691,+1513,42496,55260,+12764,+28066,KRX
20080331,-54000,5,-1100,-2.00,687991,4948,4126,--822,--2905,91568,76266,--15302,--52717,KRX
20080328,+55100,2,+1500,+2.80,1205339,2974,5057,+2083,--481,54193,91608,+37415,--10855,KRX
20080327,+53600,2,+1300,+2.49,725100,1837,4401,+2564,+4150,34522,82792,+48270,+78430,KRX
20080326,-52300,5,-500,-0.95,737929,2608,1022,--1586,+2211,49597,19437,--30160,+41809,KRX
20080325,-52800,5,-1500,-2.76,1184272,7266,3469,--3797,--924,137674,65705,--71969,--19518,KRX
20080324,-54300,5,-1300,-2.34,643036,4441,1568,--2873,--2773,81173,28722,--52451,--50224,KRX
20080321,+55600,2,+1300,+2.39,1126795,2422,2322,--100,--651,44115,41888,--2227,--12200,KRX
20080320,-54300,5,-300,-0.55,541500,2713,3264,+551,+1373,50486,60459,+9973,+25206,KRX
20080319,+54600,2,+300,+0.55,842585,3371,2549,--822,--351,62332,47099,--15233,--6325,KRX
20080318,-54300,5,-300,-0.55,908566,4294,3823,--471,--1510,80087,71179,--8908,--28166,KRX
20080317,+54600,2,+1500,+2.82,1336110,5914,6953,+1039,+1811,109326,128584,+19258,+33809,KRX
20080314,+53100,2,+200,+0.38,1213893,4265,3493,--772,--651,79664,65113,--14551,--11794,KRX
20080313,-52900,5,-1500,-2.76,939719,5474,5353,--121,+1978,103985,101228,--2757,+35989,KRX
20080312,+54400,2,+1300,+2.45,1240692,5158,3059,--2099,--4813,95127,56381,--38746,--90816,KRX
20080311,+53100,2,+2400,+4.73,1221438,4187,6901,+2714,--1839,79695,131765,+52070,--37508,KRX
20080310,+50700,2,+300,+0.60,847822,1416,5969,+4553,+4216,27896,117474,+89578,+83758,KRX
20080307,+50400,2,+1050,+2.13,1106222,4396,4733,+337,+38,88350,94170,+5820,+50,KRX
20080306,+49350,2,+1900,+4.00,580761,3329,3628,+299,--3916,68060,73830,+5770,--83460,KRX
20080305,+47450,2,+1250,+2.71,525381,1591,5806,+4215,+5235,33580,122810,+89230,+111380,KRX
20080304,-46200,5,-800,-1.70,474244,3294,2274,--1020,--54,71380,49230,--22150,--1560,KRX
20080303,-47000,5,-1950,-3.98,402247,4636,3670,--966,+2619,98920,78330,--20590,+53150,KRX
20080229,-48950,5,-800,-1.61,363957,5326,1741,--3585,--3292,109350,35610,--73740,--67800,KRX
20080228,+49750,2,+250,+0.51,297491,2466,2173,--293,--1154,49640,43700,--5940,--23600,KRX
20080227,+49500,2,+500,+1.02,395880,1040,1901,+861,+2888,21230,38890,+17660,+58581,KRX
20080226,-49000,5,-1400,-2.78,686075,3789,1762,--2027,--2122,76763,35842,--40921,--42961,KRX
20080225,+50400,2,+1200,+2.44,702842,2478,2573,+95,+1647,49540,51580,+2040,+33980,KRX
20080222,+49200,2,+1000,+2.07,418970,3128,1576,--1552,--4428,64410,32470,--31940,--91510,KRX
20080221,+48200,2,+450,+0.94,553884,1391,4267,+2876,+1603,28960,88530,+59570,+33340,KRX
20080220,+47750,2,+550,+1.17,1019047,4048,5321,+1273,+247,84470,110700,+26230,+4550,KRX
20080219,+47200,2,+550,+1.18,473768,1501,2527,+1026,+1084,31890,53570,+21680,+23170,KRX
20080218,+46650,2,+300,+0.65,398333,2048,1990,--58,--1328,44620,43130,--1490,--28870,KRX
20080215,-46350,5,-650,-1.38,449873,2154,3424,+1270,--3400,46790,74170,+27380,--71570,KRX
20080214,+47000,2,+400,+0.86,524101,1855,6525,+4670,+3885,39370,138320,+98950,+82110,KRX
20080213,-46600,5,-1350,-2.82,478016,2838,3623,+785,+791,60310,77150,+16840,+17120,KRX
20080212,+47950,2,+50,+0.10,416612,2339,2333,--6,+810,49240,48960,--280,+16910,KRX
20080211,-47900,5,-100,-0.21,540867,3148,2332,--816,--1797,66610,49420,--17190,--37720,KRX
20080205,+48000,2,+650,+1.37,642540,1432,2413,+981,+5228,29810,50340,+20530,+111100,KRX
20080204,+47350,2,+850,+1.83,937057,6843,2596,--4247,--3243,145910,55340,--90570,--68430,KRX
20080201,+46500,2,+850,+1.86,499762,5518,4514,--1004,--1250,120580,98440,--22140,--27280,KRX
20080131,-45650,5,-350,-0.76,686996,6692,6938,+246,--901,147230,152370,+5140,--20360,KRX
20080130,-46000,5,-900,-1.92,942046,4535,5682,+1147,+1515,98970,124470,+25500,+33270,KRX
20080129,+46900,2,+2100,+4.69,773125,4735,4367,--368,--162,102080,94310,--7770,--2900,KRX
20080128,-44800,5,-500,-1.10,692506,3257,3051,--206,--90,73320,68450,--4870,--2300,KRX
20080125,+45300,2,+1100,+2.49,860863,3407,3291,--116,+759,75700,73130,--2570,+17070,KRX
20080124,+44200,2,+1650,+3.88,1155022,6570,5695,--875,+380,150500,130860,--19640,+9580,KRX
20080123,+42550,2,+850,+2.04,1171430,5552,4297,--1255,--3983,128760,99540,--29220,--95820,KRX
20080122,+41700,2,+200,+0.48,798690,2930,5658,+2728,+2936,72300,138900,+66600,+71910,KRX
20080121,+41500,2,+150,+0.36,689980,2950,2742,--208,+1327,71220,65910,--5310,+31780,KRX
20080118,+41350,2,+600,+1.47,897844,4985,3450,--1535,--5080,120870,83780,--37090,--128590,KRX
20080117,+40750,2,+3550,+9.54,941199,3367,6912,+3545,+940,84300,175800,+91500,+22030,KRX
20080116,-37200,5,-200,-0.53,549925,1477,4082,+2605,+2768,39280,108750,+69470,+73650,KRX
20080115,-37400,5,-300,-0.80,510148,2488,2325,--163,--2412,65830,61650,--4180,--63490,KRX
20080114,-37700,5,-300,-0.79,451312,1202,3451,+2249,+2996,31850,91160,+59310,+77680,KRX
20080111,-38000,5,-1600,-4.04,867365,3161,2414,--747,+4969,81460,63090,--18370,+124940,KRX
20080110,-39600,5,-300,-0.75,570482,7075,1359,--5716,+135,177500,34190,--143310,+4180,KRX
20080109,-39900,5,-600,-1.48,768180,7985,2134,--5851,--6210,200940,53450,--147490,--156040,KRX
20080108,+40500,2,+1500,+3.85,451145,2048,2407,+359,--398,50960,59510,+8550,--10760,KRX
20080107,-39000,5,-900,-2.26,324735,1597,2354,+757,+2292,40980,60290,+19310,+58800,KRX
20080104,+39900,2,+650,+1.66,616898,4271,2736,--1535,--1689,107900,68410,--39490,--43350,KRX
20080103,-39250,5,-1050,-2.61,820998,1996,2150,+154,+2498,50770,54630,+3860,+61020,KRX
20080102,-40300,5,-1850,-4.39,1005606,4412,2068,--2344,--2441,108230,51070,--57160,--59420,KRX
20071228,-42150,5,-350,-0.82,374609,1263,1360,+97,--646,29950,32210,+2260,--15120,KRX
20071227,-42500,5,-500,-1.16,409267,439,1182,+743,+688,10280,27660,+17380,+16120,KRX
20071226,+43000,2,+450,+1.06,471011,1246,1301,+55,--586,28950,30210,+1260,--13930,KRX
20071224,+42550,2,+1550,+3.78,445321,2072,2713,+641,--1597,48920,64110,+15190,--39800,KRX
20071221,+41000,2,+400,+0.99,476763,1493,3731,+2238,+3728,36670,91660,+54990,+91080,KRX
20071220,-40600,5,-1200,-2.87,527306,3641,2151,--1490,--3086,88360,52270,--36090,--74560,KRX
20071218,+41800,2,+500,+1.21,609835,2232,3828,+1596,--2052,53570,92040,+38470,--48470,KRX
20071217,-41300,5,-2500,-5.71,1268640,1437,5085,+3648,+6572,34070,121010,+86940,+152360,KRX
20071214,-43800,5,-4700,-9.69,2719103,8034,5110,--2924,+1475,180260,114840,--65420,+23940,KRX
20071213,-48500,5,-750,-1.52,1264541,12564,8165,--4399,--7465,256750,167390,--89360,--153110,KRX
20071212,+49250,2,+1250,+2.60,757539,3160,6226,+3066,+2169,65350,129100,+63750,+45040,KRX
20071211,+48000,2,+1200,+2.56,604317,1583,2480,+897,--2128,33000,51710,+18710,--46130,KRX
20071210,-46800,5,-900,-1.89,432479,1237,4262,+3025,+2533,26540,91380,+64840,+54460,KRX
20071207,-47700,5,-1250,-2.55,656199,2078,2570,+492,--4128,43210,53590,+10380,--84180,KRX
20071206,+48950,2,+2550,+5.50,1602013,3713,8333,+4620,+5011,76620,171180,+94560,+103070,KRX
20071205,+46400,2,+2150,+4.86,1252660,2842,2451,--391,--1261,62100,53590,--8510,--28010,KRX
20071204,-44250,5,-850,-1.88,875946,1413,2283,+870,--121,31840,51340,+19500,--2590,KRX
20071203,-45100,5,-900,-1.96,741020,2261,3252,+991,+498,49490,71580,+22090,+11420,KRX
20071130,+46000,2,+800,+1.77,831546,3409,3902,+493,--1310,74180,84850,+10670,--27910,KRX
20071129,+45200,2,+1250,+2.84,1303282,4241,6044,+1803,+3153,92590,131170,+38580,+68420,KRX
20071128,+43950,2,+750,+1.74,2368017,3500,2150,--1350,--2189,76660,46820,--29840,--49740,KRX
20071127,-43200,5,-1300,-2.92,1360087,2767,3606,+839,+1961,65780,85680,+19900,+45700,KRX
20071126,+44500,2,+2200,+5.20,716257,3536,2414,--1122,+1624,80370,54570,--25800,+36220,KRX
20071123,-42300,5,-2900,-6.42,1172293,9731,6985,--2746,--5730,224010,161990,--62020,--128050,KRX
20071122,-45200,5,-200,-0.44,943893,2426,5410,+2984,+4920,53790,119820,+66030,+105900,KRX
20071121,-45400,5,-2100,-4.42,759285,7037,5101,--1936,--4905,149050,109180,--39870,--103650,KRX
20071120,-47500,5,-500,-1.04,1033086,3093,6062,+2969,+2878,68230,132010,+63780,+61820,KRX
20071119,-48000,5,-1500,-3.03,873509,3700,3791,+91,+5197,76140,78100,+1960,+104050,KRX
20071116,-49500,5,-400,-0.80,1330248,7964,2858,--5106,--5191,159230,57140,--102090,--105460,KRX
20071115,+49900,2,+1500,+3.10,4271010,7530,7615,+85,--421,146280,149650,+3370,--8610,KRX
20071114,+48400,1,+6300,+14.96,2969788,5305,5811,+506,+523,114830,126810,+11980,+12310,KRX
20071113,-42100,5,-2900,-6.44,2250503,3846,3829,--17,--2240,89730,89400,--330,--49590,KRX
20071112,-45000,5,-2050,-4.36,1001496,2038,4261,+2223,--1870,45130,94390,+49260,--37930,KRX
20071109,-47050,5,-1050,-2.18,1593473,3127,7220,+4093,+9392,66380,153570,+87190,+195325,KRX
20071108,-48100,5,-2000,-3.99,1178790,8434,3135,--5299,--5580,172984,64849,--108135,--113230,KRX
20071107,+50100,2,+100,+0.20,1194577,2805,3086,+281,--249,55419,60514,+5095,--5462,KRX
20071106,-50000,5,-300,-0.60,1009460,1424,1954,+530,+2089,28136,38693,+10557,+41622,KRX
20071105,-50300,5,-800,-1.57,1427054,3736,2177,--1559,+3966,74605,43540,--31065,+77135,KRX
20071102,-51100,5,-1400,-2.67,1153007,8002,2477,--5525,--2666,156655,48455,--108200,--55098,KRX
20071101,-52500,5,-2100,-3.85,1253628,5982,3123,--2859,--4964,111992,58890,--53102,--91551,KRX
20071031,+54600,2,+2100,+4.00,1574923,4230,6335,+2105,+123,77761,116210,+38449,+525,KRX
20071030,+52500,2,+800,+1.55,1528845,2200,4182,+1982,+1537,42286,80210,+37924,+28958,KRX
20071029,-51700,5,-1500,-2.82,1351540,2788,3233,+445,+1696,52469,61435,+8966,+32718,KRX
20071026,+53200,2,+1200,+2.31,1867551,7948,6697,--1251,--7549,152216,128464,--23752,--144755,KRX
20071025,-52000,5,-1300,-2.44,1586891,3523,9821,+6298,+15912,67486,188489,+121003,+289495,KRX
20071024,-53300,5,-3400,-6.00,1519459,14157,4543,--9614,--5890,251412,82920,--168492,--102458,KRX
20071023,+56700,2,+2500,+4.61,1002948,6605,2881,--3724,--4731,117101,51067,--66034,--84663,KRX
20071022,-54200,5,-2800,-4.91,1260908,3813,4820,+1007,+4933,70243,88872,+18629,+86031,KRX
20071019,57000,3,0,0.00,1410202,5141,1215,--3926,+1166,88370,20968,--67402,+19315,KRX
20071018,-57000,5,-2000,-3.39,2240301,11627,6535,--5092,--4938,200046,113329,--86717,--85687,KRX
20071017,-59000,5,-4300,-6.79,2640860,10897,10743,--154,+3910,181376,180346,--1030,+62351,KRX
20071016,-63300,5,-1200,-1.86,1905575,7176,3112,--4064,--2120,111282,47901,--63381,--33039,KRX
20071015,+64500,2,+400,+0.62,2279652,6724,4780,--1944,+2958,104454,74112,--30342,+41914,KRX
20071012,-64100,5,-6500,-9.21,3499754,10222,5320,--4902,--9966,153277,81021,--72256,--143465,KRX
20071011,+70600,2,+900,+1.29,868894,8942,14006,+5064,+2319,126092,197301,+71209,+32689,KRX
20071010,-69700,5,-1200,-1.69,901753,3425,6170,+2745,--328,48466,86986,+38520,--5367,KRX
20071009,+70900,2,+3200,+4.73,1095525,3218,6291,+3073,+2978,46400,90287,+43887,+42722,KRX
20071008,-67700,5,-500,-0.73,1524550,5519,5614,+95,--4710,81112,82277,+1165,--66915,KRX
20071005,-68200,5,-700,-1.02,1309979,2841,7646,+4805,+1609,40743,108823,+68080,+22013,KRX
20071004,-68900,5,-600,-0.86,675804,4846,8042,+3196,--2952,70146,116213,+46067,--42133,KRX
20071002,+69500,2,+900,+1.31,1092987,2916,9064,+6148,+5198,41940,130140,+88200,+74730,KRX
20071001,-68600,5,-1100,-1.58,789736,3515,4465,+950,+3823,51064,64534,+13470,+54470,KRX
20070928,-69700,5,-1400,-1.97,811088,8666,5793,--2873,--13566,123655,82655,--41000,--193513,KRX
20070927,+71100,2,+3600,+5.33,1012626,2836,13529,+10693,+8619,40169,192682,+152513,+121707,KRX
20070921,+67500,2,+100,+0.15,781948,1895,3969,+2074,--582,28152,58958,+30806,--8276,KRX
20070920,+67400,2,+600,+0.90,1306054,2828,5484,+2656,--11906,41379,80461,+39082,--179497,KRX
20070919,+66800,2,+2200,+3.41,849895,2836,17398,+14562,+14130,42597,261176,+218579,+212017,KRX
20070918,-64600,5,-1500,-2.27,592617,2390,2822,+432,--86,36785,43347,+6562,--1132,KRX
20070917,+66100,2,+300,+0.46,669992,1899,2417,+518,--4357,28797,36491,+7694,--66204,KRX
20070914,-65800,5,-200,-0.30,672627,1559,6434,+4875,+4562,23647,97545,+73898,+69936,KRX
20070913,+66000,2,+2500,+3.94,1032668,7940,8253,+313,+2013,122252,126214,+3962,+30189,KRX
20070912,-63500,5,-1700,-2.61,654488,3888,2188,--1700,--2495,59950,33723,--26227,--38440,KRX
20070911,-65200,5,-300,-0.46,692657,1583,2378,+795,+1666,24189,36402,+12213,+25281,KRX
20070910,-65500,5,-2700,-3.96,752126,4556,3685,--871,--3405,68631,55563,--13068,--50524,KRX
20070907,+68200,2,+1500,+2.25,1124694,3361,5895,+2534,+27,50116,87572,+37456,--604,KRX
20070906,+66700,2,+1700,+2.62,717978,4452,6959,+2507,+4622,68451,106511,+38060,+70771,KRX
20070905,-65000,5,-1600,-2.40,967688,5968,3853,--2115,--3856,91055,58344,--32711,--58597,KRX
20070904,-66600,5,-1100,-1.62,640224,1744,3485,+1741,+3719,26055,51941,+25886,+55105,KRX
20070903,-67700,5,-100,-0.15,582612,3335,1357,--1978,--13039,49427,20208,--29219,--192669,KRX
20070831,-67800,5,-100,-0.15,658092,2253,13314,+11061,+8351,33326,196776,+163450,+123670,KRX
20070830,+67900,2,+2900,+4.46,1196426,3050,5760,+2710,--1187,45277,85057,+39780,--23522,KRX
20070829,+65000,2,+3300,+5.35,1045195,3119,7016,+3897,--320,49503,112805,+63302,--5275,KRX
20070828,+61700,2,+1200,+1.98,470787,1319,5536,+4217,+4397,21494,90071,+68577,+71595,KRX
20070827,-60500,5,-600,-0.98,482001,2786,2606,--180,--457,45093,42075,--3018,--7534,KRX
20070824,-61100,5,-100,-0.16,377959,1988,2265,+277,--2809,32686,37202,+4516,--46071,KRX
20070823,+61200,2,+1300,+2.17,497260,2065,5151,+3086,--243,33859,84446,+50587,--5147,KRX
20070822,+59900,2,+1200,+2.04,439478,1801,5130,+3329,+1591,30164,85898,+55734,+26670,KRX
20070821,-58700,5,-300,-0.51,846625,2558,4296,+1738,+2718,43053,72117,+29064,+45764,KRX
20070820,+59000,2,+7000,+13.46,1187927,5523,4543,--980,--2845,96044,79344,--16700,--50810,KRX
20070817,-52000,5,-4000,-7.14,1500506,5682,7547,+1865,--14687,104279,138389,+34110,--259398,KRX
20070816,-56000,5,-6000,-9.68,1614450,2091,18643,+16552,+17682,37010,330518,+293508,+311276,KRX
20070814,-62000,5,-2800,-4.32,1120541,5235,4105,--1130,--5030,83824,66056,--17768,--80037,KRX
20070813,+64800,2,+3600,+5.88,898355,2210,6110,+3900,+4974,35092,97361,+62269,+80250,KRX
20070810,-61200,5,-1000,-1.61,852550,7135,6061,--1074,--342,117448,99467,--17981,--6340,KRX
20070809,-62200,5,-1400,-2.20,952507,7296,6564,--732,--8786,115920,104279,--11641,--139872,KRX
20070808,+63600,2,+200,+0.32,895339,1220,9274,+8054,+4353,19433,147664,+128231,+69439,KRX
20070807,+63400,2,+400,+0.63,784694,1943,5644,+3701,+3190,30786,89578,+58792,+50950,KRX
20070806,+63000,2,+1400,+2.27,926003,4637,5148,+511,+2491,75160,83002,+7842,+40160,KRX
20070803,+61600,2,+400,+0.65,1117340,7589,5609,--1980,--1384,123697,91379,--32318,--22456,KRX
20070802,+61200,2,+4400,+7.75,2547608,6249,5653,--596,+6179,104703,94841,--9862,+105736,KRX
20070801,-56800,5,-700,-1.22,3340228,11645,4870,--6775,--6307,198785,83187,--115598,--106569,KRX
20070731,+57500,2,+3000,+5.50,1541264,4599,4131,--468,--1903,81799,72770,--9029,--35674,KRX
20070730,+54500,2,+2000,+3.81,1038224,2743,4178,+1435,+2421,50983,77628,+26645,+44071,KRX
20070727,-52500,5,-2300,-4.20,1440749,4804,3818,--986,+1137,88499,71073,--17426,+21095,KRX
20070726,+54800,2,+1300,+2.43,1945864,6587,4464,--2123,--6745,118243,79722,--38521,--125170,KRX
20070725,+53500,2,+400,+0.75,869424,1076,5698,+4622,+2224,20141,106790,+86649,+41123,KRX
20070724,-53100,5,-900,-1.67,853025,1905,4303,+2398,+882,35807,81333,+45526,+17585,KRX
20070723,-54000,5,-1800,-3.23,1077948,2124,3640,+1516,--3662,38608,66549,+27941,--64850,KRX
20070720,+55800,2,+1600,+2.95,1326427,3556,8734,+5178,--1603,64126,156917,+92791,--33843,KRX
20070719,+54200,2,+1900,+3.63,1091289,3096,9877,+6781,+7667,58186,184820,+126634,+143558,KRX
20070718,-52300,5,-1200,-2.24,1781103,4266,3380,--886,--7223,80107,63183,--16924,--134636,KRX
20070716,+53500,2,+300,+0.56,1253721,2116,8453,+6337,+2715,39355,157067,+117712,+48795,KRX
20070713,+53200,2,+2900,+5.77,2020374,2756,6378,+3622,+2076,52964,121881,+68917,+38317,KRX
20070712,+50300,2,+750,+1.51,1797280,3168,4714,+1546,--296,63070,93670,+30600,--6197,KRX
20070711,-49550,5,-1550,-3.03,2133764,2429,4271,+1842,+5775,48658,85455,+36797,+114598,KRX
20070710,-51100,5,-1100,-2.11,1444225,7713,3780,--3933,--4212,151873,74072,--77801,--83442,KRX
20070709,-52200,5,-1100,-2.06,673281,3463,3742,+279,--890,64984,70625,+5641,--16457,KRX
20070706,+53300,2,+1100,+2.11,639632,1768,2937,+1169,--458,33462,55560,+22098,--8585,KRX
20070705,+52200,2,+100,+0.19,1108147,1623,3250,+1627,+3113,30444,61127,+30683,+58959,KRX
20070704,-52100,5,-200,-0.38,906318,3109,1623,--1486,+1711,59229,30953,--28276,+32744,KRX
20070703,+52300,2,+800,+1.55,1138961,4762,1565,--3197,--2050,90934,29914,--61020,--38290,KRX
20070702,+51500,2,+2800,+5.75,742347,2572,1425,--1147,--670,51300,28570,--22730,--12890,KRX
20070629,+48700,2,+850,+1.78,816257,3962,3485,--477,+164,80910,71070,--9840,+3630,KRX
20070628,+47850,2,+550,+1.16,590823,2242,1601,--641,+54,47080,33610,--13470,+920,KRX
20070627,-47300,5,-250,-0.53,754773,2959,2264,--695,--2949,62080,47690,--14390,--62000,KRX
20070626,-47550,5,-1500,-3.06,1301638,1812,4066,+2254,+597,37970,85580,+47610,+14457,KRX
20070625,-49050,5,-950,-1.90,698522,2285,3942,+1657,+2108,46441,79594,+33153,+41635,KRX
20070622,-50000,5,-900,-1.77,1313655,2210,1759,--451,--7049,42902,34420,--8482,--139422,KRX
20070621,+50900,2,+2200,+4.52,1377565,1276,7874,+6598,+3870,25300,156240,+130940,+75632,KRX
20070620,-48700,5,-1800,-3.56,1374760,2305,5033,+2728,+2690,45455,100763,+55308,+53605,KRX
20070619,-50500,5,-2300,-4.36,1691957,3315,3353,+38,--2111,63251,64954,+1703,--38916,KRX
20070618,52800,3,0,0.00,1092214,1082,3231,+2149,+2749,20392,61011,+40619,+51576,KRX
20070615,-52800,5,-2000,-3.65,1422997,2484,1884,--600,--1863,46179,35222,--10957,--33936,KRX
20070614,-54800,5,-100,-0.18,1451070,6560,7823,+1263,+4043,119984,142963,+22979,+74138,KRX
20070613,54900,3,0,0.00,787297,4699,1919,--2780,--2279,86346,35187,--51159,--41880,KRX
20070612,54900,3,0,0.00,566997,2399,1898,--501,+1676,44197,34918,--9279,+30798,KRX
20070611,+54900,2,+2200,+4.17,1338903,5734,3557,--2177,--4998,105885,65808,--40077,--93946,KRX
20070608,+52700,2,+200,+0.38,852757,2667,5488,+2821,+1898,50887,104756,+53869,+36253,KRX
20070607,+52500,2,+200,+0.38,1063770,3483,4406,+923,+57,65904,83520,+17616,+1088,KRX
20070605,-52300,5,-400,-0.76,987741,3066,3932,+866,+3617,58626,75154,+16528,+68124,KRX
20070604,-52700,5,-900,-1.68,1047540,4885,2134,--2751,--3291,91460,39864,--51596,--61732,KRX
20070601,+53600,2,+700,+1.32,1351881,3214,3754,+540,--968,60351,70487,+10136,--17703,KRX
20070531,+52900,2,+900,+1.73,861930,4586,6094,+1508,+3571,88286,116125,+27839,+67293,KRX
20070530,52000,3,0,0.00,975083,4725,2662,--2063,--769,90724,51270,--39454,--14394,KRX
20070529,+52000,2,+2500,+5.05,1066527,3136,1842,--1294,--408,61390,36330,--25060,--7460,KRX
20070528,-49500,5,-200,-0.40,701571,2037,1151,--886,--2276,40640,23040,--17600,--45750,KRX
20070525,+49700,2,+650,+1.33,949228,2803,4193,+1390,+4997,57140,85290,+28150,+103010,KRX
20070523,+49050,2,+50,+0.10,863640,6342,2735,--3607,+688,130960,56100,--74860,+13190,KRX
20070522,+49000,2,+1100,+2.30,893889,5413,1118,--4295,--5712,110890,22840,--88050,--117560,KRX
20070521,+47900,2,+400,+0.84,1051837,1584,3001,+1417,+2502,33300,62810,+29510,+52400,KRX
20070518,+47500,2,+1100,+2.37,1754353,3436,2351,--1085,+759,72900,50010,--22890,+17450,KRX
20070517,+46400,2,+2750,+6.30,1691757,2983,1139,--1844,+595,65010,24670,--40340,+15980,KRX
20070516,+43650,2,+1650,+3.93,1560412,5070,2631,--2439,--3044,116780,60460,--56320,--70890,KRX
20070515,-42000,5,-2500,-5.62,1404507,1695,2300,+605,+1461,38840,53410,+14570,+33860,KRX
20070514,+44500,2,+600,+1.37,1424499,3725,2869,--856,+1137,83600,64310,--19290,+26530,KRX
20070511,+43900,2,+2650,+6.42,1787150,3672,1679,--1993,--1152,84870,39050,--45820,--25440,KRX
20070510,+41250,2,+200,+0.49,1280213,4414,3573,--841,+1563,105990,85610,--20380,+38460,KRX
20070509,+41050,2,+1400,+3.53,1679010,4135,1731,--2404,--298,100920,42080,--58840,--5320,KRX
20070508,+39650,2,+400,+1.02,982885,3432,1326,--2106,--505,87150,33630,--53520,--12580,KRX
20070507,+39250,2,+450,+1.16,641244,2260,659,--1601,--870,57760,16820,--40940,--21780,KRX
20070504,+38800,2,+300,+0.78,555077,2151,1420,--731,+402,55960,36800,--19160,+10530,KRX
20070503,+38500,2,+1100,+2.94,603565,2019,886,--1133,--2328,52880,23190,--29690,--61880,KRX
20070502,+37400,2,+200,+0.54,583292,623,1818,+1195,--264,16750,48940,+32190,--7230,KRX
20070430,+37200,2,+950,+2.62,742280,1900,3359,+1459,+3194,51490,90910,+39420,+86240,KRX
20070427,-36250,5,-1500,-3.97,1142949,3312,1577,--1735,--371,89930,43110,--46820,--11830,KRX
20070426,-37750,5,-1200,-3.08,1110965,2773,1409,--1364,--2053,71920,36930,--34990,--52800,KRX
20070425,+38950,2,+150,+0.39,1245033,3845,4534,+689,+3240,98590,116400,+17810,+84260,KRX
20070424,-38800,5,-300,-0.77,1195739,3426,875,--2551,--1835,89120,22670,--66450,--48020,KRX
20070423,39100,3,0,0.00,926238,2221,1505,--716,--2193,56910,38480,--18430,--56560,KRX
20070420,+39100,2,+600,+1.56,539838,1189,2666,+1477,+2847,30710,68840,+38130,+73600,KRX
20070419,-38500,5,-1200,-3.02,696169,3602,2232,--1370,--481,92510,57040,--35470,--12820,KRX
20070418,+39700,2,+1100,+2.85,1052755,1753,864,--889,--94,44660,22010,--22650,--2930,KRX
20070417,-38600,5,-650,-1.66,1207280,2421,1626,--795,+1142,61870,42150,--19720,+29210,KRX
20070416,-39250,5,-450,-1.13,964292,2658,721,--1937,--975,67150,18220,--48930,--24110,KRX
20070413,+39700,2,+1700,+4.47,1636622,3734,2772,--962,--2627,95520,70700,--24820,--68630,KRX
20070412,+38000,2,+750,+2.01,786013,2898,4563,+1665,+2568,76450,120260,+43810,+67890,KRX
20070411,-37250,5,-50,-0.13,548597,1657,754,--903,+685,44240,20160,--24080,+18430,KRX
20070410,-37300,5,-200,-0.53,779682,6033,4445,--1588,--2458,161110,118600,--42510,--65940,KRX
20070409,+37500,2,+1100,+3.02,973940,1232,2102,+870,+2462,32940,56370,+23430,+66980,KRX
20070406,-36400,5,-300,-0.82,340432,1944,352,--1592,--1277,53160,9610,--43550,--35010,KRX
20070405,+36700,2,+200,+0.55,412632,1248,933,--315,+887,33910,25370,--8540,+24380,KRX
20070404,+36500,2,+150,+0.41,467508,1578,376,--1202,+857,43220,10300,--32920,+23550,KRX
20070403,-36350,5,-400,-1.09,444040,2579,520,--2059,--2256,70720,14250,--56470,--61890,KRX
20070402,+36750,2,+900,+2.51,385040,900,1097,+197,+1196,24860,30280,+5420,+33210,KRX
20070330,-35850,5,-450,-1.24,417270,2361,1362,--999,--1689,65660,37870,--27790,--46920,KRX
20070329,+36300,2,+400,+1.11,307039,642,1332,+690,+1170,17780,36910,+19130,+32470,KRX
20070328,-35900,5,-700,-1.91,472969,2191,1711,--480,--1500,60430,47090,--13340,--41060,KRX
20070327,-36600,5,-100,-0.27,375964,1079,2099,+1020,--31,29400,57120,+27720,--710,KRX
20070326,-36700,5,-600,-1.61,331802,451,1502,+1051,+14,12170,40600,+28430,+520,KRX
20070323,+37300,2,+400,+1.08,379386,897,1934,+1037,+1850,24180,52090,+27910,+49940,KRX
20070322,+36900,2,+200,+0.54,406248,2026,1213,--813,+83,54830,32800,--22030,+2430,KRX
20070321,-36700,5,-450,-1.21,425200,2154,1258,--896,--9023,58510,34050,--24460,--243780,KRX
20070320,+37150,2,+1450,+4.06,1065478,1737,9864,+8127,+4388,47030,266350,+219320,+113880,KRX
20070319,+35700,2,+500,+1.42,641683,374,4113,+3739,+4426,10520,115960,+105440,+125120,KRX
20070316,-35200,5,-150,-0.42,279683,1372,685,--687,--1647,39140,19460,--19680,--46800,KRX
20070315,+35350,2,+250,+0.71,364805,1667,2627,+960,+2492,47340,74460,+27120,+70720,KRX
20070314,-35100,5,-800,-2.23,381148,2779,1247,--1532,--1245,79080,35480,--43600,--35600,KRX
20070313,+35900,2,+400,+1.13,527725,2124,1837,--287,+1049,59210,51210,--8000,+29500,KRX
20070312,-35500,5,-200,-0.56,374086,1849,513,--1336,+873,51890,14390,--37500,+24610,KRX
20070309,+35700,2,+400,+1.13,406999,2548,339,--2209,--2903,71610,9500,--62110,--81360,KRX
20070308,+35300,2,+300,+0.86,447084,4052,4746,+694,--194,114860,134110,+19250,--6130,KRX
20070307,+35000,2,+300,+0.86,491156,2554,3442,+888,+636,73160,98540,+25380,+18090,KRX
20070306,+34700,2,+500,+1.46,359475,1498,1750,+252,+783,43320,50610,+7290,+22640,KRX
20070305,-34200,5,-1150,-3.25,560302,2289,1758,--531,+47,65960,50610,--15350,+1000,KRX
20070302,+35350,2,+550,+1.58,489295,2106,1528,--578,+439,59910,43560,--16350,+13990,KRX
20070228,-34800,5,-400,-1.14,771624,3956,2939,--1017,--433,115980,85640,--30340,--13810,KRX
20070227,-35200,5,-750,-2.09,402517,1693,1109,--584,--367,47900,31370,--16530,--10410,KRX
20070226,35950,3,0,0.00,366669,1023,806,--217,--1064,28680,22560,--6120,--29720,KRX
20070223,+35950,2,+1500,+4.35,1334760,1659,2506,+847,+1127,46360,69960,+23600,+31640,KRX
20070222,+34450,2,+350,+1.03,644805,1757,1477,--280,--48,50820,42780,--8040,--1130,KRX
20070221,+34100,2,+250,+0.74,366974,1766,1534,--232,+860,51930,45020,--6910,+25290,KRX
20070220,-33850,5,-500,-1.46,375442,1485,393,--1092,+312,43800,11600,--32200,+8650,KRX
20070216,+34350,2,+150,+0.44,671609,1887,483,--1404,--685,54930,14080,--40850,--19720,KRX
20070215,34200,3,0,0.00,483219,1204,485,--719,--444,35360,14230,--21130,--13120,KRX
20070214,+34200,2,+300,+0.88,572776,1345,1070,--275,+161,39250,31240,--8010,+4700,KRX
20070213,+33900,2,+1700,+5.28,891375,1551,1115,--436,--336,46190,33480,--12710,--9480,KRX
20070212,-32200,5,-400,-1.23,394078,1067,967,--100,--712,33420,30190,--3230,--22050,KRX
20070209,-32600,5,-500,-1.51,346009,508,1120,+612,+263,15630,34450,+18820,+8320,KRX
20070208,-33100,5,-50,-0.15,489068,1178,1527,+349,+912,35780,46280,+10500,+27720,KRX
20070207,+33150,2,+600,+1.84,781209,1294,731,--563,+227,39360,22140,--17220,+7170,KRX
20070206,+32550,2,+300,+0.93,687021,1541,751,--790,+10,47460,23070,--24390,+390,KRX
20070205,+32250,2,+750,+2.38,1002059,1387,587,--800,+1990,42910,18130,--24780,+63560,KRX
20070202,+31500,2,+2350,+8.06,1104605,4212,1422,--2790,--1823,134460,46120,--88340,--54550,KRX
20070201,+29150,2,+750,+2.64,872865,1946,979,--967,--179,67600,33810,--33790,--6540,KRX
20070131,-28400,5,-900,-3.07,732265,1576,788,--788,--1370,54810,27560,--27250,--46970,KRX
20070130,-29300,5,-550,-1.84,516310,523,1105,+582,+455,17770,37490,+19720,+15440,KRX
20070129,-29850,5,-150,-0.50,474941,724,851,+127,+1539,23880,28160,+4280,+51180,KRX
20070126,+30000,2,+50,+0.17,500713,2374,962,--1412,+2421,78950,32050,--46900,+80040,KRX
20070125,+29950,2,+150,+0.50,629628,4329,496,--3833,--2662,143340,16400,--126940,--87030,KRX
20070124,+29800,2,+650,+2.23,852568,2450,1279,--1171,--1479,83500,43590,--39910,--50560,KRX
20070123,-29150,5,-100,-0.34,718444,1027,1335,+308,--1499,35250,45900,+10650,--50590,KRX
20070122,-29250,5,-1050,-3.47,838280,667,2474,+1807,+1365,22590,83830,+61240,+46550,KRX
20070119,-30300,5,-1200,-3.81,625757,1108,1550,+442,+1566,36060,50750,+14690,+50220,KRX
20070118,-31500,5,-400,-1.25,499668,2931,1807,--1124,+3013,92690,57160,--35530,+94490,KRX
20070117,-31900,5,-600,-1.85,572463,5134,997,--4137,--4683,161250,31230,--130020,--146870,KRX
20070116,+32500,2,+450,+1.40,750324,442,988,+546,+693,13600,30450,+16850,+21420,KRX
20070115,+32050,2,+1650,+5.43,851741,1255,1108,--147,+1118,39580,35010,--4570,+36280,KRX
20070112,-30400,5,-700,-2.25,941390,1949,684,--1265,--903,63170,22320,--40850,--29140,KRX
20070111,+31100,2,+450,+1.47,500582,2106,1744,--362,+1319,67720,56010,--11710,+43260,KRX
20070110,-30650,5,-1450,-4.52,1194639,3248,1567,--1681,--626,106070,51100,--54970,--22790,KRX
20070109,-32100,5,-400,-1.23,526354,2326,1271,--1055,--566,71190,39010,--32180,--17000,KRX
20070108,+32500,2,+650,+2.04,540982,1559,1070,--489,--95,48360,33180,--15180,--2620,KRX
20070105,-31850,5,-550,-1.70,838811,2660,2266,--394,+1418,84030,71470,--12560,+43520,KRX
20070104,+32400,2,+250,+0.78,632512,2507,695,--1812,--143,77600,21520,--56080,--4440,KRX
20070103,-32150,5,-1100,-3.31,1308173,2811,1142,--1669,--1189,87000,35360,--51640,--37210,KRX
20070102,-33250,5,-700,-2.06,529573,1136,656,--480,--845,34100,19670,--14430,--25150,KRX
20061228,+33950,2,+150,+0.44,315359,787,1152,+365,--963,23170,33890,+10720,--28220,KRX
20061227,-33800,5,-550,-1.60,392551,709,2037,+1328,+279,20740,59680,+38940,+8690,KRX
20061226,-34350,5,-900,-2.55,518781,1371,2420,+1049,--603,39640,69890,+30250,--16410,KRX
20061222,-35250,5,-750,-2.08,1007822,765,2417,+1652,+483,21630,68290,+46660,+14230,KRX
20061221,+36000,2,+550,+1.55,975097,2268,3437,+1169,+800,64070,96500,+32430,+21880,KRX
20061220,+35450,2,+850,+2.46,565740,2368,2737,+369,+215,67200,77750,+10550,+6030,KRX
20061219,-34600,5,-100,-0.29,858322,792,946,+154,--3186,22540,27060,+4520,--90810,KRX
20061218,-34700,5,-900,-2.53,717949,703,4043,+3340,+5932,20040,115370,+95330,+168740,KRX
20061215,+35600,2,+600,+1.71,639290,3593,1001,--2592,--4935,101770,28360,--73410,--140280,KRX
20061214,+35000,2,+700,+2.04,856740,6685,9028,+2343,+787,191440,258310,+66870,+21220,KRX
20061213,+34300,2,+850,+2.54,563661,1967,3523,+1556,+2030,57750,103400,+45650,+59660,KRX
20061212,-33450,5,-250,-0.74,267859,1436,962,--474,--1146,42530,28520,--14010,--33900,KRX
20061211,+33700,2,+300,+0.90,455551,721,1393,+672,+1073,21390,41280,+19890,+32020,KRX
20061208,-33400,5,-400,-1.18,535018,1482,1081,--401,--760,44750,32620,--12130,--22570,KRX
20061207,-33800,5,-450,-1.31,420287,628,987,+359,+2803,18510,28950,+10440,+82280,KRX
20061206,-34250,5,-750,-2.14,926134,3827,1383,--2444,--3298,112390,40550,--71840,--96100,KRX
20061205,+35000,2,+150,+0.43,609333,273,1127,+854,+2112,7780,32040,+24260,+60230,KRX
20061204,-34850,5,-850,-2.38,687710,2373,1115,--1258,--364,67820,31850,--35970,--10830,KRX
20061201,-35700,5,-500,-1.38,722636,2056,1162,--894,--865,57400,32260,--25140,--24340,KRX
20061130,36200,3,0,0.00,495434,1441,1412,--29,--1233,39690,38890,--800,--33840,KRX
20061129,-36200,5,-300,-0.82,644078,2057,3261,+1204,+32,56520,89560,+33040,+1020,KRX
20061128,-36500,5,-600,-1.62,304104,644,1816,+1172,+266,17610,49630,+32020,+7600,KRX
20061127,+37100,2,+200,+0.54,286594,633,1539,+906,+170,17130,41550,+24420,+4480,KRX
20061124,+36900,2,+400,+1.10,463345,719,1455,+736,+772,19590,39530,+19940,+20910,KRX
20061123,-36500,5,-500,-1.35,499370,1427,1391,--36,--1181,39030,38060,--970,--31940,KRX
20061122,+37000,2,+900,+2.49,653364,585,1730,+1145,+824,15850,46820,+30970,+22120,KRX
20061121,-36100,5,-800,-2.17,1050169,1311,1632,+321,+938,36210,45060,+8850,+25510,KRX
20061120,-36900,5,-900,-2.38,509166,2638,2021,--617,--1493,71100,54440,--16660,--39890,KRX
20061117,+37800,2,+400,+1.07,453439,575,1451,+876,+859,15300,38530,+23230,+22830,KRX
20061116,+37400,2,+200,+0.54,555196,1163,1180,+17,+633,31240,31640,+400,+16840,KRX
20061115,-37200,5,-450,-1.20,559721,1272,656,--616,--2693,33960,17520,--16440,--71690,KRX
20061114,+37650,2,+550,+1.48,461775,851,2928,+2077,+1058,22680,77930,+55250,+27840,KRX
20061113,-37100,5,-400,-1.07,453631,451,1470,+1019,+590,12120,39530,+27410,+16000,KRX
20061110,-37500,5,-750,-1.96,367289,366,795,+429,--961,9710,21120,+11410,--25090,KRX
20061109,+38250,2,+1000,+2.68,906794,1221,2611,+1390,+912,32170,68670,+36500,+23730,KRX
20061108,-37250,5,-450,-1.19,658188,450,928,+478,--1935,12050,24820,+12770,--50710,KRX
20061107,-37700,5,-700,-1.82,564365,259,2672,+2413,+2204,6810,70290,+63480,+58060,KRX
20061106,-38400,5,-800,-2.04,379618,1005,1214,+209,--6890,26180,31600,+5420,--175280,KRX
20061103,+39200,2,+400,+1.03,758310,1357,8456,+7099,+5522,34660,215360,+180700,+139920,KRX
20061102,-38800,5,-150,-0.39,383273,406,1983,+1577,--1467,10510,51290,+40780,--38230,KRX
20061101,+38950,2,+1750,+4.70,785841,669,3713,+3044,+1056,17300,96310,+79010,+25600,KRX
20061031,+37200,2,+500,+1.36,305144,655,2643,+1988,+413,17610,71020,+53410,+10330,KRX
20061030,-36700,5,-250,-0.68,318479,274,1849,+1575,+504,7510,50590,+43080,+14400,KRX
20061027,-36950,5,-450,-1.20,324008,770,1841,+1071,--128,20660,49340,+28680,--3430,KRX
20061026,+37400,2,+350,+0.94,514003,562,1761,+1199,+923,15080,47190,+32110,+24630,KRX
20061025,-37050,5,-450,-1.20,834671,1191,1467,+276,+873,32290,39770,+7480,+23090,KRX
20061024,-37500,5,-550,-1.45,761616,2530,1933,--597,--1364,66580,50970,--15610,--35620,KRX
20061023,-38050,5,-350,-0.91,413445,908,1675,+767,--805,23770,43780,+20010,--20770,KRX
20061020,-38400,5,-100,-0.26,338413,150,1722,+1572,+959,3890,44670,+40780,+24930,KRX
20061019,-38500,5,-500,-1.28,382693,852,1465,+613,--2708,21900,37750,+15850,--69830,KRX
20061018,+39000,2,+450,+1.17,559407,223,3544,+3321,+2239,5760,91440,+85680,+57510,KRX
20061017,-38550,5,-650,-1.66,1022039,1069,2151,+1082,--230,27690,55860,+28170,--5310,KRX
20061016,+39200,2,+200,+0.51,440603,512,1824,+1312,--2367,13060,46540,+33480,--61310,KRX
20061013,+39000,2,+1500,+4.00,1079362,648,4327,+3679,+1403,16690,111480,+94790,+33720,KRX
20061012,+37500,2,+700,+1.90,455970,1519,3795,+2276,--1620,40620,101690,+61070,--45010,KRX
20061011,-36800,5,-50,-0.14,629412,546,4442,+3896,+1868,14910,120990,+106080,+51150,KRX
20061010,+36850,2,+200,+0.55,716960,2158,4186,+2028,+19,58240,113170,+54930,+900,KRX
20061009,-36650,5,-1300,-3.43,1471718,3011,5020,+2009,+2426,82430,136460,+54030,+65310,KRX
20061004,-37950,5,-750,-1.94,457010,2079,1662,--417,--2083,54570,43290,--11280,--54110,KRX
20061002,-38700,5,-100,-0.26,569958,1169,2835,+1666,+63,30120,72950,+42830,+960,KRX
20060929,+38800,2,+800,+2.11,682663,1426,3029,+1603,+802,37170,79040,+41870,+20870,KRX
20060928,-38000,5,-300,-0.78,710022,579,1380,+801,--1993,15290,36290,+21000,--52170,KRX
20060927,+38300,2,+1200,+3.23,714123,576,3370,+2794,+1415,15120,88290,+73170,+36060,KRX
20060926,+37100,2,+800,+2.20,697621,1729,3108,+1379,--4558,46730,83840,+37110,--123690,KRX
20060925,-36300,5,-700,-1.89,1247179,377,6314,+5937,+5543,10240,171040,+160800,+150150,KRX
20060922,-37000,5,-700,-1.86,1065736,1303,1697,+394,+2057,35620,46270,+10650,+54490,KRX
20060921,-37700,5,-1000,-2.58,1013257,3010,1347,--1663,--2396,79310,35470,--43840,--62790,KRX
20060920,-38700,5,-100,-0.26,799467,1185,1918,+733,+371,31140,50090,+18950,+9630,KRX
20060919,38800,3,0,0.00,790791,1584,1946,+362,--1349,40720,50040,+9320,--34320,KRX
20060918,-38800,5,-200,-0.51,1241626,1287,2998,+1711,+1498,32850,76490,+43640,+38460,KRX
20060915,+39000,2,+1900,+5.12,1575346,1286,1499,+213,--3003,33500,38680,+5180,--81360,KRX
20060914,+37100,2,+1150,+3.20,730688,6501,9717,+3216,+2256,176900,263440,+86540,+59840,KRX
20060913,-35950,5,-50,-0.14,519518,296,1256,+960,+732,8250,34950,+26700,+20760,KRX
20060912,-36000,5,-650,-1.77,737010,2183,2411,+228,+740,60450,66390,+5940,+19910,KRX
20060911,-36650,5,-50,-0.14,677991,1083,571,--512,--1325,29480,15510,--13970,--36360,KRX
20060908,+36700,2,+1050,+2.95,817686,553,1366,+813,+215,15150,37540,+22390,+5570,KRX
20060907,+35650,2,+500,+1.42,598492,1028,1626,+598,+837,28830,45650,+16820,+23560,KRX
20060906,+35150,2,+500,+1.44,1030322,1176,937,--239,+10,33220,26480,--6740,+570,KRX
20060905,+34650,2,+1050,+3.13,663552,645,396,--249,--848,18840,11530,--7310,--25030,KRX
20060904,-33600,5,-450,-1.32,357839,329,928,+599,+1001,9720,27440,+17720,+29300,KRX
20060901,+34050,2,+350,+1.04,455411,2271,1869,--402,--2264,66710,55130,--11580,--66590,KRX
20060831,+33700,2,+200,+0.60,550402,915,2777,+1862,+929,27110,82120,+55010,+26920,KRX
20060830,+33500,2,+600,+1.82,562269,541,1474,+933,--90,16270,44360,+28090,--3060,KRX
20060829,+32900,2,+400,+1.23,713598,520,1543,+1023,+1140,15830,46980,+31150,+34790,KRX
20060828,+32500,2,+800,+2.52,682722,978,861,--117,--2182,30150,26510,--3640,--68970,KRX
20060825,+31700,2,+550,+1.77,339541,741,2806,+2065,+3409,23460,88790,+65330,+108330,KRX
20060824,-31150,5,-650,-2.04,358258,1965,621,--1344,--665,62830,19830,--43000,--21750,KRX
20060823,-31800,5,-700,-2.15,302205,1012,333,--679,--3654,31660,10410,--21250,--112700,KRX
20060822,+32500,2,+300,+0.93,317766,579,3554,+2975,+2844,17810,109260,+91450,+87440,KRX
20060821,-32200,5,-50,-0.16,440887,1616,1747,+131,--931,50570,54580,+4010,--28700,KRX
20060818,+32250,2,+350,+1.10,857726,561,1623,+1062,--1663,17300,50010,+32710,--53660,KRX
20060817,+31900,2,+1100,+3.57,749150,561,3286,+2725,+185,17680,104050,+86370,+4120,KRX
20060816,30800,3,0,0.00,371669,551,3091,+2540,--384,17870,100120,+82250,--12910,KRX
20060814,+30800,2,+150,+0.49,458316,440,3364,+2924,+1904,14360,109520,+95160,+61690,KRX
20060811,+30650,2,+600,+2.00,757465,1969,2989,+1020,+1309,64210,97680,+33470,+43200,KRX
20060810,-30050,5,-150,-0.50,800056,2377,2088,--289,--1760,79140,69410,--9730,--58310,KRX
20060809,-30200,5,-300,-0.98,722156,876,2347,+1471,--2314,28950,77530,+48580,--75520,KRX
20060808,30500,3,0,0.00,773889,101,3886,+3785,+3858,3310,127410,+124100,+126720,KRX
20060807,-30500,5,-450,-1.45,455148,1214,1141,--73,--2248,39500,36880,--2620,--72760,KRX
20060804,-30950,5,-150,-0.48,607418,114,2289,+2175,+1776,3660,73800,+70140,+57400,KRX
20060803,-31100,5,-550,-1.74,608627,718,1117,+399,--1491,22990,35730,+12740,--47740,KRX
20060802,-31650,5,-50,-0.16,731987,349,2239,+1890,+768,11160,71640,+60480,+25630,KRX
20060801,-31700,5,-50,-0.16,704428,555,1677,+1122,--534,17330,52180,+34850,--17350,KRX
20060731,+31750,2,+950,+3.08,593001,934,2590,+1656,+641,29480,81680,+52200,+19210,KRX
20060728,+30800,2,+250,+0.82,364879,250,1265,+1015,--1203,8160,41150,+32990,--39660,KRX
20060727,+30550,2,+550,+1.83,571316,493,2711,+2218,+655,16260,88910,+72650,+21040,KRX
20060726,30000,3,0,0.00,505966,810,2373,+1563,--1592,26810,78420,+51610,--53550,KRX
20060725,+30000,2,+450,+1.52,626268,96,3251,+3155,+2958,3190,108350,+105160,+98760,KRX
20060724,+29550,2,+400,+1.37,485396,1338,1535,+197,--562,45780,52180,+6400,--19590,KRX
20060721,-29150,5,-250,-0.85,311764,413,1172,+759,--1909,14140,40130,+25990,--64380,KRX
20060720,+29400,2,+600,+2.08,793635,1603,4271,+2668,--818,54630,145000,+90370,--28270,KRX
20060719,+28800,2,+300,+1.05,723626,2203,5689,+3486,+1720,75280,193920,+118640,+58130,KRX
20060718,-28500,5,-1800,-5.94,765586,454,2220,+1766,+3492,15700,76210,+60510,+117440,KRX
20060714,30300,3,0,0.00,1125599,2802,1076,--1726,+98,92520,35590,--56930,+3740,KRX
20060713,+30300,2,+500,+1.68,1116067,3121,1297,--1824,--3183,103180,42510,--60670,--106390,KRX
20060712,+29800,2,+200,+0.68,676235,1059,2418,+1359,+762,35840,81560,+45720,+25570,KRX
20060711,+29600,2,+650,+2.25,769301,1021,1618,+597,--2047,34510,54660,+20150,--72230,KRX
20060710,+28950,2,+1550,+5.66,799702,220,2864,+2644,+2298,7810,100190,+92380,+79900,KRX
20060707,-27400,5,-100,-0.36,514996,481,827,+346,+800,17420,29900,+12480,+29050,KRX
20060706,+27500,2,+300,+1.10,662908,1158,704,--454,--568,42270,25700,--16570,--20560,KRX
20060705,+27200,2,+600,+2.26,1373318,594,708,+114,+389,21450,25440,+3990,+14350,KRX
20060704,+26600,2,+200,+0.76,506983,1093,818,--275,+904,41240,30880,--10360,+34440,KRX
20060703,+26400,2,+350,+1.34,432864,1642,463,--1179,--1871,62460,17660,--44800,--71470,KRX
20060630,+26050,2,+1000,+3.99,755733,1225,1917,+692,--851,47280,73950,+26670,--35120,KRX
20060629,+25050,2,+600,+2.45,409749,454,1997,+1543,+4313,18240,80030,+61790,+175050,KRX
20060628,-24450,5,-550,-2.20,597832,3175,405,--2770,--2133,129840,16580,--113260,--87330,KRX
20060627,+25000,2,+1050,+4.38,868794,1309,672,--637,--824,52980,27050,--25930,--33840,KRX
20060626,+23950,2,+1050,+4.59,652425,858,1045,+187,--1422,36920,44830,+7910,--62990,KRX
20060623,22900,3,0,0.00,560202,1562,3171,+1609,--1040,70070,140970,+70900,--43960,KRX
20060622,22900,3,0,0.00,817867,166,2815,+2649,+872,7220,122080,+114860,+36580,KRX
20060621,+22900,2,+600,+2.69,979974,152,1929,+1777,+1405,6670,84950,+78280,+62310,KRX
20060620,-22300,5,-1900,-7.85,1172370,506,878,+372,+721,22190,38160,+15970,+30540,KRX
20060619,-24200,5,-800,-3.20,719938,1097,748,--349,--1986,45410,30840,--14570,--79810,KRX
20060616,+25000,2,+300,+1.21,718320,474,2111,+1637,+5020,18810,84050,+65240,+201130,KRX
20060615,-24700,5,-300,-1.20,618100,3942,559,--3383,--5491,158310,22420,--135890,--220390,KRX
20060614,+25000,2,+700,+2.88,609721,671,2779,+2108,+1318,27250,111750,+84500,+52960,KRX
20060613,-24300,5,-1300,-5.08,545344,996,1786,+790,--565,40560,72100,+31540,--22100,KRX
20060612,+25600,2,+250,+0.99,949264,611,1966,+1355,--229,24190,77830,+53640,--10520,KRX
20060609,+25350,2,+1400,+5.85,1123669,784,2368,+1584,+2301,31630,95790,+64160,+94020,KRX
20060608,-23950,5,-1300,-5.15,1462884,3574,2857,--717,+122,147260,117400,--29860,+4300,KRX
20060607,-25250,5,-1400,-5.25,1555122,3614,2775,--839,--498,144580,110420,--34160,--21580,KRX
20060605,-26650,5,-900,-3.27,710117,1555,1214,--341,--2442,57110,44530,--12580,--88150,KRX
20060602,-27550,5,-2100,-7.08,2842005,640,2741,+2101,--2988,23250,98820,+75570,--92590,KRX
20060601,-29650,5,-350,-1.17,781764,2184,7273,+5089,--12633,72540,240700,+168160,--426360,KRX
20060530,+30000,2,+850,+2.92,1123406,2878,20600,+17722,+17738,96820,691340,+594520,+595030,KRX
20060529,+29150,2,+850,+3.00,852510,2431,2415,--16,--1897,83330,82820,--510,--67690,KRX
20060526,+28300,2,+1400,+5.20,859733,2067,3948,+1881,+2324,74730,141910,+67180,+83070,KRX
20060525,-26900,5,-900,-3.24,675624,2693,2250,--443,--1729,97470,81580,--15890,--62190,KRX
20060524,+27800,2,+250,+0.91,799696,715,2001,+1286,--2435,25920,72220,+46300,--88870,KRX
20060523,-27550,5,-850,-2.99,1304520,512,4233,+3721,+3793,18780,153950,+135170,+137720,KRX
20060522,-28400,5,-600,-2.07,918282,1769,1697,--72,--1683,61440,58890,--2550,--58690,KRX
20060519,-29000,5,-200,-0.68,1185537,793,2404,+1611,+1002,27460,83600,+56140,+35580,KRX
20060518,-29200,5,-1250,-4.11,921785,1578,2187,+609,--1438,53920,74480,+20560,--47400,KRX
20060517,+30450,2,+450,+1.50,868461,894,2941,+2047,--143,29630,97590,+67960,--3700,KRX
20060516,-30000,5,-950,-3.07,1035713,943,3133,+2190,+1555,31160,102820,+71660,+51320,KRX
20060515,-30950,5,-50,-0.16,1001317,1791,2426,+635,--113,58260,78600,+20340,--3850,KRX
20060512,+31000,2,+800,+2.65,1355004,2917,3665,+748,--206,94790,118980,+24190,--7450,KRX
20060511,+30200,2,+700,+2.37,1076703,1643,2597,+954,+409,54490,86130,+31640,+13610,KRX
20060510,-29500,5,-900,-2.96,1177338,1908,2453,+545,--140,63930,81960,+18030,--4670,KRX
20060509,+30400,2,+250,+0.83,2164810,1419,2104,+685,+359,47290,69990,+22700,+12070,KRX
20060508,-30150,5,-2050,-6.37,3843666,1232,1558,+326,--728,40540,51170,+10630,--21950,KRX
20060504,-32200,5,-1150,-3.45,1908620,1133,2187,+1054,+1031,35120,67700,+32580,+32050,KRX
20060503,-33350,5,-250,-0.74,949282,1522,1545,+23,--161,45430,45960,+530,--5110,KRX
20060502,+33600,2,+2100,+6.67,1109182,1493,1677,+184,+639,45770,51410,+5640,+19990,KRX
20060428,-31500,5,-750,-2.33,635490,1658,1203,--455,--1520,52110,37760,--14350,--47690,KRX
20060427,+32250,2,+1050,+3.37,867499,928,1993,+1065,--1540,29020,62360,+33340,--50570,KRX
20060426,+31200,2,+250,+0.81,666327,425,3030,+2605,--865,13700,97610,+83910,--27620,KRX
20060425,-30950,5,-500,-1.59,868855,1691,5161,+3470,+2041,54370,165900,+111530,+66570,KRX
20060424,-31450,5,-450,-1.41,832107,2572,4001,+1429,+158,81770,126730,+44960,+5140,KRX
20060421,31900,3,0,0.00,995331,975,2246,+1271,+3,30580,70400,+39820,+120,KRX
20060420,+31900,2,+200,+0.63,924392,1510,2778,+1268,+928,47490,87190,+39700,+29100,KRX
20060419,31700,3,0,0.00,946401,2937,3277,+340,--2145,92560,103160,+10600,--68470,KRX
20060418,+31700,2,+900,+2.92,1348099,1923,4408,+2485,+3268,61460,140530,+79070,+104530,KRX
20060417,+30800,2,+550,+1.82,983283,1553,770,--783,--2647,50470,25010,--25460,--85690,KRX
20060414,-30250,5,-850,-2.73,2125848,980,2844,+1864,+870,31480,91710,+60230,+28320,KRX
20060413,+31100,2,+600,+1.97,639835,1401,2395,+994,+1913,45350,77260,+31910,+61960,KRX
20060412,+30500,2,+100,+0.33,1226448,2307,1388,--919,--2174,74800,44750,--30050,--72040,KRX
20060411,+30400,2,+550,+1.84,1037320,429,1684,+1255,--2994,14510,56500,+41990,--100850,KRX
20060410,+29850,2,+150,+0.51,803799,617,4866,+4249,+3551,20670,163510,+142840,+119210,KRX
20060407,+29700,2,+1000,+3.48,1091463,830,1528,+698,--863,28420,52050,+23630,--30600,KRX
20060406,-28700,5,-250,-0.86,697436,608,2169,+1561,--116,21140,75370,+54230,--4120,KRX
20060405,+28950,2,+750,+2.66,1384072,841,2518,+1677,+3065,29250,87600,+58350,+108370,KRX
20060404,+28200,2,+1000,+3.68,1630620,1887,499,--1388,--2006,67940,17920,--50020,--72820,KRX
20060403,+27200,2,+250,+0.93,883073,802,1420,+618,--645,29680,52480,+22800,--24500,KRX
20060331,+26950,2,+300,+1.13,851593,613,1876,+1263,+886,22990,70290,+47300,+33260,KRX
20060330,26650,3,0,0.00,556992,425,802,+377,--1562,15930,29970,+14040,--59220,KRX
20060329,+26650,2,+500,+1.91,577136,479,2418,+1939,+548,18200,91460,+73260,+20340,KRX
20060328,-26150,5,-350,-1.32,499429,467,1858,+1391,+3572,17800,70720,+52920,+134860,KRX
20060327,+26500,2,+50,+0.19,728857,3757,1576,--2181,--3608,140850,58910,--81940,--136550,KRX
20060324,+26450,2,+250,+0.95,847314,771,2198,+1427,+6527,29990,84600,+54610,+247780,KRX
20060323,-26200,5,-500,-1.87,1093042,6760,1660,--5100,--5381,255720,62550,--193170,--203400,KRX
20060322,-26700,5,-850,-3.09,1041467,2028,2309,+281,+1038,75360,85590,+10230,+37840,KRX
20060321,+27550,2,+750,+2.80,749998,2113,1356,--757,+335,77310,49700,--27610,+13000,KRX
20060320,-26800,5,-400,-1.47,774480,2840,1748,--1092,--4538,104540,63930,--40610,--167430,KRX
20060317,+27200,2,+200,+0.74,648645,803,4249,+3446,+3731,29620,156440,+126820,+137390,KRX
20060316,+27000,2,+1050,+4.05,1662283,1584,1299,--285,--1880,58640,48070,--10570,--71550,KRX
20060315,+25950,2,+250,+0.97,468704,371,1966,+1595,+2827,14200,75180,+60980,+108630,KRX
20060314,-25700,5,-300,-1.15,630802,1800,568,--1232,--1393,69490,21840,--47650,--53740,KRX
20060313,26000,3,0,0.00,538303,919,1080,+161,+1230,35360,41450,+6090,+47330,KRX
20060310,+26000,2,+1000,+4.00,1004932,2513,1444,--1069,+710,97500,56260,--41240,+29870,KRX
20060309,+25000,2,+50,+0.20,1164830,4481,2702,--1779,--4222,178900,107790,--71110,--169690,KRX
20060308,+24950,2,+250,+1.01,1202980,817,3260,+2443,+5155,33060,131640,+98580,+208730,KRX
20060307,-24700,5,-500,-1.98,1475811,5115,2403,--2712,--159,206920,96770,--110150,--9070,KRX
20060306,-25200,5,-200,-0.79,1383551,6621,4068,--2553,--1727,261220,160140,--101080,--68220,KRX
20060303,-25400,5,-1150,-4.33,1315030,2406,1580,--826,--651,93970,61110,--32860,--26450,KRX
20060302,-26550,5,-350,-1.30,867953,794,619,--175,--113,29440,23030,--6410,--4080,KRX
20060228,+26900,2,+450,+1.70,567284,1003,941,--62,--521,37880,35550,--2330,--19780,KRX
20060227,+26450,2,+300,+1.15,881870,514,973,+459,--110,19530,36980,+17450,--4070,KRX
20060224,+26150,2,+350,+1.36,1547145,589,1158,+569,--760,22260,43780,+21520,--30050,KRX
20060223,+25800,2,+850,+3.41,855253,607,1936,+1329,+2153,23560,75130,+51570,+84860,KRX
20060222,-24950,5,-450,-1.77,801611,2053,1229,--824,--149,82440,49150,--33290,--6530,KRX
20060221,+25400,2,+200,+0.79,713048,1555,880,--675,--1722,61650,34890,--26760,--68670,KRX
20060220,+25200,2,+900,+3.70,1301946,839,1886,+1047,+788,33550,75460,+41910,+31650,KRX
20060217,+24300,2,+1300,+5.65,1140825,1039,1298,+259,--416,43910,54170,+10260,--18780,KRX
20060216,23000,3,0,0.00,1077156,792,1467,+675,+3138,34250,63290,+29040,+132870,KRX
20060215,-23000,5,-1050,-4.37,1259725,3185,722,--2463,--3819,134370,30540,--103830,--161560,KRX
20060214,+24050,2,+700,+3.00,1006469,281,1637,+1356,+2867,11830,69560,+57730,+122110,KRX
20060213,-23350,5,-400,-1.68,693101,1972,461,--1511,--714,83880,19500,--64380,--30800,KRX
20060210,+23750,2,+650,+2.81,1758287,2271,1474,--797,--593,95570,61990,--33580,--24550,KRX
20060209,+23100,2,+1550,+7.19,1504576,1844,1640,--204,--1998,81070,72040,--9030,--91000,KRX
20060208,+21550,2,+50,+0.23,1165420,1075,2869,+1794,+1631,49230,131200,+81970,+74710,KRX
20060207,21500,3,0,0.00,809558,1008,1171,+163,+1228,46230,53490,+7260,+56860,KRX
20060206,-21500,5,-450,-2.05,878330,2365,1300,--1065,--4702,109930,60330,--49600,--214470,KRX
20060203,-21950,5,-250,-1.13,1503009,1757,5394,+3637,+4337,79580,244450,+164870,+196990,KRX
20060202,+22200,2,+100,+0.45,1126267,1646,946,--700,--651,75030,42910,--32120,--30300,KRX
20060201,-22100,5,-900,-3.91,1221449,1526,1477,--49,+187,68740,66920,--1820,+8580,KRX
20060131,+23000,2,+350,+1.55,1012808,1005,769,--236,--244,43410,33010,--10400,--10710,KRX
20060127,+22650,2,+50,+0.22,765173,668,676,+8,+97,29320,29630,+310,+4480,KRX
20060126,+22600,2,+300,+1.35,941781,836,747,--89,+2668,37530,33360,--4170,+118270,KRX
20060125,+22300,2,+550,+2.53,1801301,3152,395,--2757,--2286,140150,17710,--122440,--100770,KRX
20060124,+21750,2,+1650,+8.21,2072167,2396,1925,--471,--3055,113360,91690,--21670,--147140,KRX
20060123,-20100,5,-900,-4.29,1927051,1534,4118,+2584,+1934,74750,200220,+125470,+95040,KRX
20060120,-21000,5,-1700,-7.49,1395783,1258,1908,+650,--273,57140,87570,+30430,--10140,KRX
20060119,-22700,5,-200,-0.87,1301761,1401,2324,+923,--890,61340,101910,+40570,--37830,KRX
20060118,-22900,5,-950,-3.98,2266766,1506,3319,+1813,+1225,64400,142800,+78400,+54640,KRX
20060117,+23850,2,+100,+0.42,1957278,1384,1972,+588,+928,56720,80480,+23760,+37880,KRX
20060116,+23750,2,+950,+4.17,1906983,1328,988,--340,--1142,56470,42350,--14120,--50390,KRX
20060113,+22800,2,+1000,+4.59,1489575,1086,1888,+802,+2769,48440,84710,+36270,+126430,KRX
20060112,+21800,2,+500,+2.35,1061976,2601,634,--1967,--4420,119240,29080,--90160,--205760,KRX
20060111,+21300,2,+700,+3.40,1393353,511,2964,+2453,+3555,24610,140210,+115600,+168030,KRX
20060110,-20600,5,-150,-0.72,1702742,1940,838,--1102,--1308,92100,39670,--52430,--62520,KRX
20060109,+20750,2,+850,+4.27,1651403,447,653,+206,--1389,21680,31770,+10090,--71060,KRX
20060106,+19900,2,+900,+4.74,1310885,591,2186,+1595,+784,30190,111340,+81150,+38860,KRX
20060105,-19000,5,-500,-2.56,1231791,1199,2010,+811,+906,63210,105500,+42290,+47050,KRX
20060104,-19500,5,-500,-2.50,1211018,1375,1280,--95,--839,69180,64420,--4760,--42320,KRX
20060103,+20000,2,+1150,+6.10,2761107,2101,2845,+744,+705,108670,146230,+37560,+35540,KRX
20060102,+18850,2,+800,+4.43,1247925,1574,1613,+39,+28,84940,86960,+2020,+1510,KRX
20051229,+18050,2,+150,+0.84,712709,751,762,+11,--463,41730,42240,+510,--26000,KRX
20051228,+17900,2,+400,+2.29,777153,484,958,+474,--257,27640,54150,+26510,--14600,KRX
20051227,-17500,5,-50,-0.28,1077251,350,1081,+731,+777,19790,60900,+41110,+43730,KRX
20051226,-17550,5,-600,-3.31,1064379,624,578,--46,+428,34990,32370,--2620,+23580,KRX
20051223,-18150,5,-200,-1.09,1151716,812,338,--474,+291,44940,18740,--26200,+14790,KRX
20051222,-18350,5,-550,-2.91,1251065,1867,1102,--765,--683,100790,59800,--40990,--36490,KRX
20051221,+18900,2,+600,+3.28,1019828,862,780,--82,+82,46030,41530,--4500,+4520,KRX
20051220,-18300,5,-50,-0.27,850140,748,584,--164,--1295,41010,31990,--9020,--70610,KRX
20051219,+18350,2,+50,+0.27,830343,305,1436,+1131,+2433,16650,78240,+61590,+133630,KRX
20051216,-18300,5,-250,-1.35,871525,2450,1148,--1302,--466,135210,63170,--72040,--26960,KRX
20051215,-18550,5,-250,-1.33,804068,1930,1094,--836,+996,104060,58980,--45080,+52750,KRX
20051214,-18800,5,-300,-1.57,1169935,2859,1027,--1832,--1741,152520,54690,--97830,--92960,KRX
20051213,+19100,2,+200,+1.06,720920,1083,992,--91,--1378,56850,51980,--4870,--72400,KRX
20051212,-18900,5,-50,-0.26,610356,360,1647,+1287,--621,18990,86520,+67530,--32960,KRX
20051209,+18950,2,+400,+2.16,1186239,404,2312,+1908,+386,21390,121880,+100490,+17540,KRX
20051208,+18550,2,+300,+1.64,824882,2588,4110,+1522,+1571,140330,223280,+82950,+85490,KRX
20051207,-18250,5,-450,-2.41,945984,1236,1187,--49,--503,66870,64330,--2540,--26990,KRX
20051206,+18700,2,+700,+3.89,1665807,915,1369,+454,--542,49710,74160,+24450,--31390,KRX
20051205,+18000,2,+550,+3.15,1304659,718,1714,+996,+357,40430,96270,+55840,+18900,KRX
20051202,-17450,5,-50,-0.29,1339188,1896,2535,+639,+1767,108040,144980,+36940,+101180,KRX
20051201,-17500,5,-350,-1.96,828119,2077,949,--1128,--2107,118360,54120,--64240,--119430,KRX
20051130,+17850,2,+450,+2.59,763690,487,1466,+979,--151,27450,82640,+55190,--9140,KRX
20051129,-17400,5,-300,-1.69,852397,961,2091,+1130,+498,55170,119500,+64330,+28870,KRX
20051128,-17700,5,-450,-2.48,699195,370,1002,+632,+689,20660,56120,+35460,+38890,KRX
20051125,+18150,2,+100,+0.55,788148,1086,1029,--57,--4,60230,56800,--3430,--330,KRX
20051124,+18050,2,+300,+1.69,1118979,854,801,--53,--1059,47090,43990,--3100,--60000,KRX
20051123,+17750,2,+850,+5.03,1250585,856,1862,+1006,+1231,48770,105670,+56900,+70160,KRX
20051122,-16900,5,-650,-3.70,977006,1081,856,--225,--1220,63210,49950,--13260,--69870,KRX
20051121,-17550,5,-150,-0.85,662062,533,1528,+995,+729,30370,86980,+56610,+41630,KRX
20051118,+17700,2,+100,+0.57,952400,392,658,+266,--887,22150,37130,+14980,--50910,KRX
20051117,+17600,2,+300,+1.73,1074107,456,1609,+1153,+264,26160,92050,+65890,+14360,KRX
20051116,+17300,2,+250,+1.47,1175935,394,1283,+889,+772,23070,74600,+51530,+44750,KRX
20051115,-17050,5,-150,-0.87,1017436,754,871,+117,+266,44460,51240,+6780,+15530,KRX
20051114,17200,3,0,0.00,1485654,1163,1014,--149,--2516,67620,58870,--8750,--147470,KRX
20051111,+17200,2,+500,+2.99,1677323,773,3140,+2367,+4033,45520,184240,+138720,+240370,KRX
20051110,+16700,2,+250,+1.52,1291170,3434,1768,--1666,--1151,208390,106740,--101650,--70450,KRX
20051109,-16450,5,-150,-0.90,842553,2100,1585,--515,--3462,127020,95820,--31200,--209700,KRX
20051108,+16600,2,+150,+0.91,1041710,476,3423,+2947,+1771,29090,207590,+178500,+107070,KRX
20051107,+16450,2,+300,+1.86,1409049,448,1624,+1176,--386,27450,98880,+71430,--25680,KRX
20051104,+16150,2,+550,+3.53,2004116,553,2115,+1562,+973,34580,131690,+97110,+59110,KRX
20051103,15600,3,0,0.00,957788,654,1243,+589,--344,41910,79910,+38000,--21860,KRX
20051102,+15600,2,+150,+0.97,1099280,418,1351,+933,+517,26800,86660,+59860,+33140,KRX
20051101,+15450,2,+300,+1.98,1274313,633,1049,+416,--157,41050,67770,+26720,--11230,KRX
20051031,+15150,2,+200,+1.34,1035690,252,825,+573,+1939,16720,54670,+37950,+127830,KRX
20051028,-14950,5,-750,-4.78,1628127,1893,527,--1366,+382,124490,34610,--89880,+21590,KRX
20051027,+15700,2,+150,+0.96,2364875,2750,1002,--1748,--1399,175030,63560,--111470,--88830,KRX
20051026,+15550,2,+50,+0.32,1527949,1241,892,--349,--507,80040,57400,--22640,--32340,KRX
20051025,-15500,5,-200,-1.27,2744164,754,912,+158,+665,48660,58360,+9700,+42840,KRX
20051024,+15700,2,+1100,+7.53,3150337,904,397,--507,--1080,59080,25940,--33140,--72910,KRX
20051021,+14600,2,+400,+2.82,1261542,1021,1594,+573,+213,70440,110210,+39770,+15110,KRX
20051020,-14200,5,-100,-0.70,1291184,541,901,+360,+1334,37430,62090,+24660,+92380,KRX
20051019,-14300,5,-700,-4.67,1924730,1300,326,--974,--253,90100,22380,--67720,--17680,KRX
20051018,+15000,2,+550,+3.81,2199652,1937,1216,--721,--1065,133150,83110,--50040,--73590,KRX
20051017,+14450,2,+50,+0.35,1451615,285,629,+344,+746,19730,43280,+23550,+51640,KRX
20051014,-14400,5,-650,-4.32,2528087,1132,730,--402,+1292,77750,49660,--28090,+85350,KRX
20051013,+15050,2,+450,+3.08,2786724,2213,519,--1694,+3162,148110,34670,--113440,+210840,KRX
20051012,-14600,5,-250,-1.68,3556853,5985,1129,--4856,--3839,399340,75060,--324280,--250390,KRX
20051011,+14850,2,+750,+5.32,2746961,3126,2109,--1017,+918,219050,145160,--73890,+64370,KRX
20051010,+14100,2,+150,+1.08,1613592,3479,1544,--1935,--2395,247690,109430,--138260,--170750,KRX
20051007,13950,3,0,0.00,1744644,397,857,+460,+1618,28350,60840,+32490,+115730,KRX
20051006,+13950,2,+100,+0.72,1935656,1536,378,--1158,--380,110340,27100,--83240,--26810,KRX
20051005,+13850,2,+50,+0.36,1810260,1198,420,--778,--1161,86650,30220,--56430,--84010,KRX
20051004,+13800,2,+250,+1.85,1629256,232,615,+383,+235,16700,44280,+27580,+16830,KRX
20050930,+13550,2,+150,+1.12,2242774,270,418,+148,+340,19910,30660,+10750,+25330,KRX
20050929,13400,3,0,0.00,1430195,408,216,--192,+475,30740,16160,--14580,+35190,KRX
20050928,+13400,2,+350,+2.68,2641977,1257,590,--667,--3605,93800,44030,--49770,--275190,KRX
20050927,+13050,2,+100,+0.77,1745677,465,3403,+2938,+1144,35840,261260,+225420,+85990,KRX
20050926,+12950,2,+450,+3.60,1757884,168,1962,+1794,+2008,13060,152490,+139430,+156320,KRX
20050923,-12500,5,-250,-1.96,1929273,387,173,--214,--267,30440,13550,--16890,--21110,KRX
20050922,12750,3,0,0.00,1377173,356,409,+53,--442,28130,32350,+4220,--34080,KRX
20050921,-12750,5,-300,-2.30,1689315,747,1242,+495,--1559,58180,96480,+38300,--118280,KRX
20050920,-13050,5,-100,-0.76,1808799,345,2399,+2054,+2014,26110,182690,+156580,+153580,KRX
20050916,+13150,2,+100,+0.77,1949028,169,209,+40,+331,12820,15820,+3000,+25450,KRX
20050915,+13050,2,+300,+2.35,4298147,488,197,--291,--678,37500,15050,--22450,--52810,KRX
20050914,+12750,2,+200,+1.59,2441076,72,459,+387,+531,5680,36040,+30360,+41910,KRX
20050913,+12550,2,+50,+0.40,4746770,473,329,--144,--315,37410,25860,--11550,--24920,KRX
20050912,-12500,5,-50,-0.40,3833481,419,590,+171,--53,33490,46860,+13370,--4760,KRX
20050909,+12550,2,+400,+3.29,4130042,202,426,+224,+7,16410,34540,+18130,+200,KRX
20050908,-12150,5,-550,-4.33,7315655,2445,2662,+217,+259,200290,218220,+17930,+21260,KRX
20050907,12700,3,0,0.00,7991677,464,422,--42,--1421,36320,32990,--3330,--101800,KRX
20050906,-12700,5,-1400,-9.93,9258393,181,1560,+1379,+1464,14030,112500,+98470,+104510,KRX
20050905,-14100,5,-150,-1.05,1168600,373,288,--85,--324,26250,20210,--6040,--22870,KRX
20050902,+14250,2,+50,+0.35,1171451,311,550,+239,+6,22060,38890,+16830,+120,KRX
20050901,+14200,2,+1050,+7.98,2880913,312,545,+233,+826,22280,38990,+16710,+61520,KRX
20050831,-13150,5,-200,-1.50,1097322,884,291,--593,+45,66780,21970,--44810,+3240,KRX
20050830,+13350,2,+200,+1.52,1102831,880,242,--638,--333,66170,18120,--48050,--25110,KRX
20050829,-13150,5,-650,-4.71,1975525,548,243,--305,--338,41450,18510,--22940,--25270,KRX
20050826,+13800,2,+250,+1.85,1779777,308,341,+33,+205,22290,24620,+2330,+15510,KRX
20050825,-13550,5,-100,-0.73,1375010,710,538,--172,+1535,52690,39510,--13180,+112910,KRX
20050824,+13650,2,+100,+0.74,1273752,1956,249,--1707,--1811,144440,18350,--126090,--133540,KRX
20050823,+13550,2,+250,+1.88,1800098,496,600,+104,--695,36530,43980,+7450,--52430,KRX
20050822,+13300,2,+450,+3.50,1598467,83,882,+799,+1034,6310,66190,+59880,+78190,KRX
20050819,+12850,2,+200,+1.58,1524115,594,359,--235,+724,46870,28560,--18310,+55180,KRX
20050818,-12650,5,-550,-4.17,1967468,1351,392,--959,--1069,103850,30360,--73490,--81880,KRX
20050817,-13200,5,-300,-2.22,1594615,202,312,+110,+292,15260,23650,+8390,+21860,KRX
20050816,13500,3,0,0.00,1764022,398,216,--182,--166,29430,15960,--13470,--12230,KRX
20050812,+13500,2,+300,+2.27,2130731,427,411,--16,--213,32060,30820,--1240,--16230,KRX
20050811,+13200,2,+50,+0.38,2197509,375,572,+197,+766,28250,43240,+14990,+59440,KRX
20050810,+13150,2,+400,+3.14,2401587,925,356,--569,--458,72420,27970,--44450,--35140,KRX
20050809,+12750,2,+1100,+9.44,3331703,293,182,--111,--239,23850,14540,--9310,--20370,KRX
20050808,+11650,2,+100,+0.87,1157762,94,222,+128,+202,8120,19180,+11060,+17620,KRX
20050805,-11550,5,-300,-2.53,1605613,785,711,--74,--493,68400,61840,--6560,--41320,KRX
20050804,+11850,2,+150,+1.28,3526340,966,1385,+419,--41,80770,115530,+34760,--4230,KRX
20050803,+11700,2,+500,+4.46,2947218,468,928,+460,+542,40120,79110,+38990,+45920,KRX
20050802,-11200,5,-400,-3.45,1177125,328,246,--82,+277,28570,21640,--6930,+24080,KRX
20050801,+11600,2,+50,+0.43,922219,469,110,--359,--49,40520,9510,--31010,--4350,KRX
20050729,-11550,5,-300,-2.53,1031268,448,138,--310,+228,38470,11810,--26660,+18470,KRX
20050728,+11850,2,+50,+0.42,1446752,603,65,--538,--204,50620,5490,--45130,--16490,KRX
20050727,11800,3,0,0.00,1119488,581,247,--334,--834,49840,21200,--28640,--71210,KRX
20050726,-11800,5,-50,-0.42,1170160,366,866,+500,+182,31000,73570,+42570,+15560,KRX
20050725,+11850,2,+700,+6.28,2100006,290,608,+318,+51,24640,51650,+27010,+2160,KRX
20050722,11150,3,0,0.00,1313026,297,564,+267,+124,27030,51880,+24850,+12160,KRX
20050721,-11150,5,-150,-1.33,1075995,168,311,+143,+118,14960,27650,+12690,+10660,KRX
20050720,+11300,2,+150,+1.35,1960211,312,337,+25,--12,27690,29720,+2030,--1430,KRX
20050719,+11150,2,+400,+3.72,1434725,276,313,+37,+81,24810,28270,+3460,+7600,KRX
20050718,10750,3,0,0.00,736774,254,210,--44,+72,23810,19670,--4140,+6630,KRX
20050715,-10750,5,-200,-1.83,687775,893,777,--116,--622,82020,71250,--10770,--56410,KRX
20050714,+10950,2,+50,+0.46,953870,513,1019,+506,+108,46690,92330,+45640,+9430,KRX
20050713,+10900,2,+50,+0.46,702300,266,664,+398,+524,24480,60690,+36210,+47180,KRX
20050712,-10850,5,-250,-2.25,1771350,632,506,--126,--229,57730,46760,--10970,--20220,KRX
20050711,+11100,2,+100,+0.91,947761,135,238,+103,--97,12160,21410,+9250,--8770,KRX
20050708,-11000,5,-250,-2.22,809270,383,583,+200,--1010,34630,52650,+18020,--90400,KRX
20050707,+11250,2,+300,+2.74,1388731,335,1545,+1210,+1244,29860,138280,+108420,+111540,KRX
20050706,+10950,2,+300,+2.82,1421400,131,97,--34,+48,12050,8930,--3120,+4530,KRX
20050705,-10650,5,-200,-1.84,986372,254,172,--82,+203,23750,16100,--7650,+18980,KRX
20050704,+10850,2,+450,+4.33,1676013,343,58,--285,--121,31970,5340,--26630,--10200,KRX
20050701,+10400,2,+400,+4.00,1641953,360,196,--164,--1002,35350,18920,--16430,--99940,KRX
20050630,+10000,2,+180,+1.83,1201943,48,886,+838,--367,4820,88330,+83510,--39210,KRX
20050629,+9820,2,+390,+4.14,1340558,126,1331,+1205,+706,12730,135450,+122720,+69350,KRX
20050628,+9430,2,+170,+1.84,507800,46,545,+499,+1060,4970,58340,+53370,+114060,KRX
20050627,-9260,5,-260,-2.73,593240,589,28,--561,--194,63680,2990,--60690,--22210,KRX
20050624,-9520,5,-260,-2.66,479971,436,69,--367,--198,45690,7210,--38480,--20810,KRX
20050623,+9780,2,+240,+2.52,701443,285,116,--169,--305,29700,12030,--17670,--31950,KRX
20050622,+9540,2,+40,+0.42,530899,319,455,+136,+37,33510,47790,+14280,+4010,KRX
20050621,-9500,5,-150,-1.55,435622,193,292,+99,+389,20260,30530,+10270,+40230,KRX
20050620,-9650,5,-220,-2.23,436000,348,58,--290,--286,35920,5960,--29960,--29590,KRX
20050617,9870,3,0,0.00,468542,168,164,--4,--318,17080,16710,--370,--31970,KRX
20050616,-9870,5,-30,-0.30,734689,93,407,+314,--815,9380,40980,+31600,--84400,KRX
20050615,+9900,2,+580,+6.22,1359354,164,1293,+1129,+648,16650,132650,+116000,+65090,KRX
20050614,-9320,5,-420,-4.31,1010233,50,531,+481,--438,5340,56250,+50910,--42480,KRX
20050613,-9740,5,-90,-0.92,562751,301,1220,+919,+134,30530,123920,+93390,+13320,KRX
20050610,+9830,2,+50,+0.51,607021,314,1099,+785,--953,32030,112100,+80070,--98760,KRX
20050609,+9780,2,+240,+2.52,687830,1303,3041,+1738,+756,133390,312220,+178830,+76440,KRX
20050608,+9540,2,+20,+0.21,580076,1318,2300,+982,+824,138140,240530,+102390,+85710,KRX
20050607,-9520,5,-20,-0.21,509170,366,524,+158,--486,38620,55300,+16680,--51220,KRX
20050603,+9540,2,+220,+2.36,808620,59,703,+644,--268,6180,74080,+67900,--29810,KRX
20050602,+9320,2,+110,+1.19,535400,146,1058,+912,+1046,15700,113410,+97710,+112220,KRX
20050601,-9210,5,-60,-0.65,401128,592,458,--134,--270,64150,49640,--14510,--29190,KRX
20050531,+9270,2,+40,+0.43,404153,70,206,+136,+116,7650,22330,+14680,+12470,KRX
20050530,-9230,5,-10,-0.11,476532,252,272,+20,--477,27200,29410,+2210,--51560,KRX
20050527,+9240,2,+140,+1.54,897663,70,567,+497,+391,7580,61350,+53770,+41960,KRX
20050526,+9100,2,+450,+5.20,1208090,120,226,+106,+274,13380,25190,+11810,+31040,KRX
20050525,-8650,5,-200,-2.26,493780,345,177,--168,--244,39470,20240,--19230,--27850,KRX
20050524,+8850,2,+200,+2.31,676010,74,150,+76,--1,8450,17070,+8620,--240,KRX
20050523,+8650,2,+70,+0.82,274397,40,117,+77,+104,4680,13540,+8860,+11970,KRX
20050520,+8580,2,+80,+0.94,375490,176,149,--27,--1034,20460,17350,--3110,--120750,KRX
20050519,+8500,2,+30,+0.35,526092,82,1089,+1007,+645,9540,127180,+117640,+74350,KRX
20050518,+8470,2,+250,+3.04,506518,194,556,+362,+224,23060,66350,+43290,+27010,KRX
20050517,+8220,2,+40,+0.49,351002,205,343,+138,--81,24950,41230,+16280,--10280,KRX
20050516,+8180,2,+80,+0.99,268677,102,321,+219,+66,12400,38960,+26560,+7720,KRX
20050513,+8100,2,+40,+0.50,270735,48,201,+153,+159,6000,24840,+18840,+19540,KRX
20050512,+8060,2,+10,+0.12,230120,185,179,--6,+173,22900,22200,--700,+21490,KRX
20050511,-8050,5,-190,-2.31,243208,232,53,--179,--351,28740,6550,--22190,--43100,KRX
20050510,+8240,2,+50,+0.61,267700,18,190,+172,+339,2180,23090,+20910,+41400,KRX
20050509,-8190,5,-90,-1.09,325740,306,139,--167,--171,37520,17030,--20490,--20930,KRX
20050506,+8280,2,+90,+1.10,419150,27,31,+4,--98,3320,3760,+440,--12100,KRX
20050504,+8190,2,+240,+3.02,536602,28,130,+102,+315,3510,16050,+12540,+39210,KRX
20050503,-7950,5,-110,-1.36,501824,231,18,--213,--238,28860,2190,--26670,--29680,KRX
20050502,+8060,2,+50,+0.62,470533,118,143,+25,--389,14710,17720,+3010,--48050,KRX
20050429,-8010,5,-280,-3.38,690580,95,509,+414,+346,11860,62920,+51060,+42970,KRX
20050428,-8290,5,-130,-1.54,331886,103,171,+68,+508,12320,20410,+8090,+60480,KRX
20050427,-8420,5,-200,-2.32,524080,507,67,--440,--370,60380,7990,--52390,--44410,KRX
20050426,-8620,5,-150,-1.71,344920,249,179,--70,--338,28460,20480,--7980,--38740,KRX
20050425,+8770,2,+30,+0.34,332460,147,415,+268,+526,16910,47670,+30760,+60150,KRX
20050422,-8740,5,-40,-0.46,503598,325,67,--258,--121,36950,7560,--29390,--13530,KRX
20050421,8780,3,0,0.00,355058,261,124,--137,+240,30180,14320,--15860,+27410,KRX
20050420,+8780,2,+180,+2.09,654030,542,165,--377,--129,62090,18820,--43270,--14660,KRX
20050419,+8600,2,+40,+0.47,589372,313,65,--248,--97,36150,7540,--28610,--11240,KRX
20050418,-8560,5,-400,-4.46,725696,252,101,--151,+197,29110,11740,--17370,+21470,KRX
20050415,-8960,5,-120,-1.32,661320,568,220,--348,+210,63440,24600,--38840,+23070,KRX
20050414,-9080,5,-160,-1.73,687930,1511,953,--558,--587,165800,103890,--61910,--65070,KRX
20050413,+9240,2,+10,+0.11,411532,52,81,+29,+208,5620,8780,+3160,+22470,KRX
20050412,-9230,5,-100,-1.07,570639,291,112,--179,+105,31450,12140,--19310,+10990,KRX
20050411,-9330,5,-160,-1.69,478532,301,17,--284,--269,32150,1850,--30300,--28770,KRX
20050408,-9490,5,-90,-0.94,752232,210,195,--15,+94,21900,20370,--1530,+9930,KRX
20050407,+9580,2,+180,+1.91,973191,243,134,--109,--234,25490,14030,--11460,--24590,KRX
20050406,9400,3,0,0.00,590754,268,393,+125,+471,28680,41810,+13130,+50070,KRX
20050404,9400,3,0,0.00,568995,509,163,--346,--503,54370,17430,--36940,--53830,KRX
20050401,+9400,2,+160,+1.73,632939,86,243,+157,+113,9180,26070,+16890,+12090,KRX
20050331,+9240,2,+90,+0.98,432082,193,237,+44,--150,20840,25640,+4800,--16510,KRX
20050330,-9150,5,-20,-0.22,421230,115,309,+194,+870,12600,33910,+21310,+94290,KRX
20050329,-9170,5,-230,-2.45,546259,748,72,--676,--862,80810,7830,--72980,--92760,KRX
20050328,+9400,2,+100,+1.08,579376,72,258,+186,--109,7690,27470,+19780,--12570,KRX
20050325,+9300,2,+240,+2.65,967897,112,407,+295,--34,12240,44590,+32350,--3710,KRX
20050324,-9060,5,-60,-0.66,702130,263,592,+329,+310,28960,65020,+36060,+33880,KRX
20050323,-9120,5,-200,-2.15,663396,394,413,+19,+8,42700,44880,+2180,+1030,KRX
20050322,-9320,5,-80,-0.85,485133,242,253,+11,--402,25860,27010,+1150,--42500,KRX
20050321,+9400,2,+200,+2.17,1221573,425,838,+413,--95,45190,88840,+43650,--11400,KRX
20050318,+9200,2,+140,+1.55,1479702,126,634,+508,+214,13560,68610,+55050,+23030,KRX
20050317,-9060,5,-510,-5.33,1433468,311,605,+294,+122,33510,65530,+32020,+13880,KRX
20050316,-9570,5,-210,-2.15,1256665,387,559,+172,+631,40400,58540,+18140,+64040,KRX
20050315,-9780,5,-520,-5.05,1417969,654,195,--459,--467,65430,19530,--45900,--46570,KRX
20050314,-10300,5,-50,-0.48,1095817,316,324,+8,--1096,30940,31610,+670,--105520,KRX
20050311,+10350,2,+200,+1.97,1057753,63,1167,+1104,+2130,6040,112230,+106190,+207410,KRX
20050310,-10150,5,-50,-0.49,857600,1782,756,--1026,--1542,175720,74500,--101220,--152860,KRX
20050309,+10200,2,+200,+2.00,1128009,87,603,+516,+484,8660,60300,+51640,+48170,KRX
20050308,-10000,5,-350,-3.38,1337958,351,383,+32,+216,34770,38240,+3470,+21360,KRX
20050307,-10350,5,-250,-2.36,1478852,356,172,--184,--174,34380,16490,--17890,--17070,KRX
20050304,+10600,2,+150,+1.44,1724062,234,224,--10,+52,22410,21590,--820,+5040,KRX
20050303,+10450,2,+560,+5.66,2344717,259,197,--62,+600,25340,19480,--5860,+60820,KRX
20050302,+9890,2,+190,+1.96,2103011,760,98,--662,+289,76610,9930,--66680,+31330,KRX
20050228,+9700,2,+250,+2.65,1995841,1063,112,--951,--921,109480,11470,--98010,--94950,KRX
20050225,9450,3,0,0.00,1803844,433,403,--30,--1628,45280,42220,--3060,--174340,KRX
20050224,+9450,2,+520,+5.82,2413352,550,2148,+1598,--116,58750,230030,+171280,--19840,KRX
20050223,+8930,2,+30,+0.34,1239173,148,1862,+1714,+1932,16430,207550,+191120,+214860,KRX
20050222,-8900,5,-390,-4.20,1133081,312,94,--218,+878,34140,10400,--23740,+93710,KRX
20050221,+9290,2,+40,+0.43,1475063,1155,59,--1096,--1063,123820,6370,--117450,--113730,KRX
20050218,+9250,2,+170,+1.87,1338528,248,215,--33,+350,27120,23400,--3720,+38960,KRX
20050217,+9080,2,+190,+2.14,1311525,567,184,--383,--152,63310,20630,--42680,--16610,KRX
20050216,+8890,2,+60,+0.68,1113075,397,166,--231,+213,44820,18750,--26070,+24250,KRX
20050215,+8830,2,+50,+0.57,1095938,518,74,--444,--739,58720,8400,--50320,--83770,KRX
20050214,+8780,2,+150,+1.74,1437598,172,467,+295,+839,19740,53190,+33450,+96600,KRX
20050211,-8630,5,-10,-0.12,797552,619,75,--544,--416,71850,8700,--63150,--48290,KRX
20050207,+8640,2,+70,+0.82,759148,711,583,--128,--3,82320,67460,--14860,--170,KRX
20050204,+8570,2,+150,+1.78,617151,296,171,--125,--152,34700,20010,--14690,--17880,KRX
20050203,-8420,5,-20,-0.24,511820,160,187,+27,+282,18940,22130,+3190,+33340,KRX
20050202,-8440,5,-70,-0.82,512080,304,49,--255,+100,35860,5710,--30150,+11350,KRX
20050201,-8510,5,-70,-0.82,565990,392,37,--355,--744,45830,4330,--41500,--86730,KRX
20050131,-8580,5,-20,-0.23,631516,132,521,+389,+574,15440,60670,+45230,+66730,KRX
20050128,-8600,5,-50,-0.58,474953,363,178,--185,--241,42170,20670,--21500,--27830,KRX
20050127,-8650,5,-70,-0.80,780622,293,349,+56,--193,33890,40220,+6330,--22190,KRX
20050126,+8720,2,+240,+2.83,1131258,237,486,+249,+431,27480,56000,+28520,+49940,KRX
20050125,-8480,5,-200,-2.30,870310,353,171,--182,+214,41430,20010,--21420,+24660,KRX
20050124,+8680,2,+150,+1.76,1348960,542,146,--396,--561,63160,17080,--46080,--65480,KRX
20050121,8530,3,0,0.00,746110,262,427,+165,+366,30700,50100,+19400,+42880,KRX
20050120,-8530,5,-140,-1.61,826210,319,118,--201,--97,37290,13810,--23480,--11670,KRX
20050119,-8670,5,-60,-0.69,1474950,389,285,--104,+312,44400,32590,--11810,+36630,KRX
20050118,+8730,2,+400,+4.80,2412568,640,224,--416,--505,74730,26290,--48440,--58750,KRX
20050117,+8330,2,+250,+3.09,2080196,297,386,+89,--443,35920,46230,+10310,--54560,KRX
20050114,-8080,5,-10,-0.12,1432435,458,990,+532,+428,56490,121360,+64870,+52150,KRX
20050113,+8090,2,+30,+0.37,529285,477,581,+104,+132,59130,71850,+12720,+16180,KRX
20050112,-8060,5,-20,-0.25,438570,190,162,--28,--226,23460,20000,--3460,--27890,KRX
20050111,+8080,2,+20,+0.25,652990,250,448,+198,+273,30900,55330,+24430,+33790,KRX
20050110,-8060,5,-80,-0.98,566680,258,183,--75,--303,31990,22630,--9360,--37170,KRX
20050107,-8140,5,-80,-0.97,792407,378,606,+228,+157,46110,73920,+27810,+19260,KRX
20050106,+8220,2,+70,+0.86,1080608,211,282,+71,+5,25750,34300,+8550,+390,KRX
20050105,+8150,2,+120,+1.49,691621,101,167,+66,--78,12570,20730,+8160,--9640,KRX
20050104,-8030,5,-110,-1.35,773459,82,226,+144,+131,10110,27910,+17800,+16150,KRX
20050103,+8140,2,+100,+1.24,921225,155,168,+13,--368,19120,20770,+1650,--45850,KRX
20041230,+8040,2,+260,+3.34,1469730,92,473,+381,--322,11510,59010,+47500,--43740,KRX
20041229,+7780,2,+240,+3.18,604356,95,798,+703,+479,12400,103640,+91240,+61900,KRX
20041228,-7540,5,-110,-1.44,562315,56,280,+224,+121,7450,36790,+29340,+15940,KRX
20041227,+7650,2,+10,+0.13,662488,79,182,+103,--99,10260,23660,+13400,--13020,KRX
20041224,-7640,5,-40,-0.52,533380,35,237,+202,+412,4560,30980,+26420,+53630,KRX
20041223,+7680,2,+210,+2.81,2258541,272,62,--210,--481,35280,8070,--27210,--63820,KRX
20041222,+7470,2,+160,+2.19,768111,52,323,+271,+317,7000,43610,+36610,+42960,KRX
20041221,-7310,5,-40,-0.54,472590,189,143,--46,+1,25740,19390,--6350,+100,KRX
20041220,+7350,2,+10,+0.14,576050,231,184,--47,--256,31440,24990,--6450,--34340,KRX
20041217,-7340,5,-220,-2.91,1934662,123,332,+209,+103,16570,44460,+27890,+13880,KRX
20041216,+7560,2,+40,+0.53,844794,132,238,+106,+157,17420,31430,+14010,+20870,KRX
20041215,+7520,2,+90,+1.21,650461,394,343,--51,+170,52330,45470,--6860,+22810,KRX
20041214,7430,3,0,0.00,421560,315,94,--221,--572,42300,12630,--29670,--76660,KRX
20041213,7430,3,0,0.00,379009,104,455,+351,+338,13940,60930,+46990,+45290,KRX
20041210,-7430,5,-230,-3.00,649271,81,94,+13,+910,10770,12470,+1700,+118810,KRX
20041209,7660,3,0,0.00,494369,1992,1095,--897,--1052,260070,142960,--117110,--137240,KRX
20041208,-7660,5,-80,-1.03,543946,108,263,+155,+321,14060,34190,+20130,+41620,KRX
20041207,-7740,5,-160,-2.03,699110,264,98,--166,+27,33870,12380,--21490,+2920,KRX
20041206,-7900,5,-10,-0.13,780407,387,194,--193,--862,48880,24470,--24410,--110060,KRX
20041203,+7910,2,+180,+2.33,759135,205,874,+669,+296,26180,111830,+85650,+38320,KRX
20041202,-7730,5,-30,-0.39,635758,161,534,+373,+642,20680,68010,+47330,+81910,KRX
20041201,+7760,2,+110,+1.44,537470,606,337,--269,--401,78170,43590,--34580,--51780,KRX
20041130,+7650,2,+50,+0.66,592993,420,552,+132,+147,54800,72000,+17200,+19250,KRX
20041129,-7600,5,-130,-1.68,537300,256,241,--15,+262,33520,31470,--2050,+34280,KRX
20041126,-7730,5,-220,-2.77,728660,748,471,--277,--348,95830,59500,--36330,--45270,KRX
20041125,7950,3,0,0.00,478843,285,356,+71,--312,35970,44910,+8940,--39100,KRX
20041124,-7950,5,-10,-0.13,460343,82,465,+383,+115,10380,58420,+48040,+14280,KRX
20041123,+7960,2,+190,+2.45,517316,72,340,+268,+703,9180,42940,+33760,+89310,KRX
20041122,-7770,5,-230,-2.88,837541,552,117,--435,--221,70460,14910,--55550,--28400,KRX
20041119,+8000,2,+70,+0.88,907736,480,266,--214,+459,60590,33440,--27150,+56740,KRX
20041118,-7930,5,-210,-2.58,1681724,951,278,--673,--1001,118720,34830,--83890,--125030,KRX
20041117,+8140,2,+480,+6.27,2306888,229,557,+328,+606,28660,69800,+41140,+77450,KRX
20041116,+7660,2,+30,+0.39,1525629,374,96,--278,--425,48900,12590,--36310,--55590,KRX
20041115,7630,3,0,0.00,1001465,206,353,+147,+288,27000,46280,+19280,+37930,KRX
20041112,+7630,2,+180,+2.42,1342432,1094,953,--141,--147,143650,125000,--18650,--19380,KRX
20041111,+7450,2,+60,+0.81,941019,674,680,+6,--260,90510,91240,+730,--35240,KRX
20041110,+7390,2,+70,+0.96,463414,323,589,+266,+319,43770,79740,+35970,+43350,KRX
20041109,+7320,2,+30,+0.41,455812,158,105,--53,+978,21640,14260,--7380,+132720,KRX
20041108,-7290,5,-260,-3.44,799427,1066,35,--1031,--1657,144890,4790,--140100,--222960,KRX
20041105,+7550,2,+40,+0.53,957190,26,652,+626,+722,3420,86280,+82860,+95490,KRX
20041104,-7510,5,-160,-2.09,709540,181,85,--96,+224,23910,11280,--12630,+29640,KRX
20041103,7670,3,0,0.00,1002150,581,261,--320,--880,76690,34420,--42270,--115940,KRX
20041102,+7670,2,+270,+3.65,1007770,21,581,+560,+567,2760,76430,+73670,+74540,KRX
20041101,+7400,2,+190,+2.64,977901,88,81,--7,+77,11860,10990,--870,+10800,KRX
20041029,+7210,2,+10,+0.14,773150,162,78,--84,--269,22530,10860,--11670,--37290,KRX
20041028,+7200,2,+60,+0.84,1262267,83,268,+185,+1162,11450,37070,+25620,+158750,KRX
20041027,-7140,5,-320,-4.29,1518031,1059,82,--977,--841,144410,11280,--133130,--114940,KRX
20041026,+7460,2,+30,+0.40,714597,232,96,--136,+736,31000,12810,--18190,+97670,KRX
20041025,-7430,5,-480,-6.07,1127621,970,98,--872,--900,128810,12950,--115860,--119330,KRX
20041022,+7910,2,+210,+2.73,1080417,146,174,+28,+521,18490,21960,+3470,+66080,KRX
20041021,-7700,5,-850,-9.94,3210972,778,285,--493,--372,98960,36350,--62610,--48640,KRX
20041020,-8550,5,-340,-3.82,1078130,452,331,--121,+322,52050,38080,--13970,+36020,KRX
20041019,+8890,2,+130,+1.48,676788,925,482,--443,--325,104150,54160,--49990,--36520,KRX
20041018,-8760,5,-80,-0.90,1170240,289,171,--118,+644,32880,19410,--13470,+72620,KRX
20041015,-8840,5,-130,-1.45,1169107,1089,327,--762,--206,122840,36750,--86090,--24240,KRX
20041014,-8970,5,-130,-1.43,908671,826,270,--556,+519,91970,30120,--61850,+55530,KRX
20041013,-9100,5,-200,-2.15,1646151,1189,114,--1075,--249,129680,12300,--117380,--30600,KRX
20041012,-9300,5,-550,-5.58,1832717,1213,387,--826,--278,127580,40800,--86780,--30720,KRX
20041011,+9850,2,+50,+0.51,1318738,1055,507,--548,--435,107900,51840,--56060,--44800,KRX
20041008,+9800,2,+200,+2.08,2693328,1238,1125,--113,--250,127080,115820,--11260,--25920,KRX
20041007,+9600,2,+220,+2.35,2762760,1368,1505,+137,--298,142480,157140,+14660,--32160,KRX
20041006,+9380,2,+30,+0.32,1903867,1306,1741,+435,+612,138430,185250,+46820,+65690,KRX
20041005,-9350,5,-50,-0.53,1298314,835,658,--177,--1301,89320,70450,--18870,--140390,KRX
20041004,+9400,2,+500,+5.62,2229542,725,1849,+1124,+983,78790,200310,+121520,+105780,KRX
20041001,+8900,2,+50,+0.56,743490,450,591,+141,--245,50650,66390,+15740,--28050,KRX
20040930,+8850,2,+110,+1.26,499724,366,752,+386,+717,41250,85040,+43790,+81740,KRX
20040924,-8740,5,-20,-0.23,672059,669,338,--331,--145,76470,38520,--37950,--16700,KRX
20040923,-8760,5,-130,-1.46,760015,478,292,--186,+332,54410,33160,--21250,+36340,KRX
20040922,-8890,5,-190,-2.09,1046245,732,214,--518,--519,81270,23680,--57590,--57720,KRX
20040921,+9080,2,+40,+0.44,828895,535,536,+1,--390,58820,58950,+130,--42810,KRX
20040920,+9040,2,+40,+0.44,1230298,1065,1456,+391,+548,117220,160160,+42940,+60330,KRX
20040917,-9000,5,-90,-0.99,1315901,1536,1379,--157,--1178,169990,152600,--17390,--128820,KRX
20040916,9090,3,0,0.00,1333554,401,1422,+1021,+956,43830,155260,+111430,+104320,KRX
20040915,-9090,5,-120,-1.30,1182755,361,426,+65,+138,39420,46530,+7110,+15020,KRX
20040914,-9210,5,-200,-2.13,1235496,409,336,--73,--308,44010,36100,--7910,--32730,KRX
20040913,+9410,2,+220,+2.39,1774490,513,748,+235,+446,54870,79690,+24820,+48230,KRX
20040910,+9190,2,+280,+3.14,1754460,654,443,--211,--211,71920,48510,--23410,--23410,KRX
20040909,8910,3,0,0.00,1599803,0,0,0,+72,0,0,0,+8250,KRX
20040908,-8910,5,-130,-1.44,1326149,491,419,--72,--673,54590,46340,--8250,--74240,KRX
20040907,-9040,5,-160,-1.74,1821849,498,1099,+601,+48,54750,120740,+65990,+6120,KRX
20040906,-9200,5,-60,-0.65,1001951,121,674,+553,+320,13150,73020,+59870,+35160,KRX
20040903,-9260,5,-280,-2.94,1165600,341,574,+233,+493,36570,61280,+24710,+51550,KRX
20040902,-9540,5,-210,-2.15,1216480,323,63,--260,--652,33410,6570,--26840,--67730,KRX
20040901,+9750,2,+350,+3.72,1151063,131,523,+392,--152,13530,54420,+40890,--17120,KRX
20040831,-9400,5,-90,-0.95,860894,51,595,+544,+746,5400,63410,+58010,+79080,KRX
20040830,-9490,5,-150,-1.56,944510,266,64,--202,--27,27790,6720,--21070,--2840,KRX
20040827,+9640,2,+350,+3.77,2014983,662,487,--175,--192,69530,51300,--18230,--20000,KRX
20040826,+9290,2,+20,+0.22,1366610,388,405,+17,--112,41840,43610,+1770,--12040,KRX
20040825,+9270,2,+40,+0.43,1018655,366,495,+129,--68,39620,53430,+13810,--7600,KRX
20040824,+9230,2,+30,+0.33,729400,278,475,+197,+117,30270,51680,+21410,+12970,KRX
20040823,-9200,5,-80,-0.86,578731,231,311,+80,--92,24900,33340,+8440,--10440,KRX
20040820,-9280,5,-40,-0.43,948980,238,410,+172,--1318,26030,44910,+18880,--139220,KRX
20040819,-9320,5,-130,-1.38,1009401,275,1765,+1490,+1237,29270,187370,+158100,+131040,KRX
20040818,+9450,2,+190,+2.05,828095,114,367,+253,+177,12120,39180,+27060,+18930,KRX
20040817,+9260,2,+130,+1.42,847376,262,338,+76,+351,28220,36350,+8130,+38350,KRX
20040816,-9130,5,-80,-0.87,580560,453,178,--275,--42,49780,19560,--30220,--4650,KRX
20040813,+9210,2,+60,+0.66,728420,645,412,--233,--906,70760,45190,--25570,--99630,KRX
20040812,+9150,2,+130,+1.44,810324,495,1168,+673,+865,54380,128440,+74060,+95130,KRX
20040811,-9020,5,-190,-2.06,600198,336,144,--192,--26,36840,15770,--21070,--2960,KRX
20040810,-9210,5,-90,-0.97,445514,414,248,--166,--826,45040,26930,--18110,--89240,KRX
20040809,+9300,2,+130,+1.42,637859,138,798,+660,+286,15000,86130,+71130,+30430,KRX
20040806,+9170,2,+70,+0.77,791470,79,453,+374,+181,8700,49400,+40700,+19360,KRX
20040805,+9100,2,+370,+4.24,1159909,142,335,+193,+605,15690,37030,+21340,+69570,KRX
20040804,+8730,2,+10,+0.11,516860,467,55,--412,--345,54590,6360,--48230,--40650,KRX
20040803,+8720,2,+200,+2.35,727220,282,215,--67,+638,32450,24870,--7580,+75500,KRX
20040802,-8520,5,-80,-0.93,552093,817,112,--705,--803,96220,13140,--83080,--94470,KRX
20040730,+8600,2,+240,+2.87,715833,189,287,+98,+224,22110,33500,+11390,+26190,KRX
20040729,-8360,5,-310,-3.58,595570,198,72,--126,--350,23330,8530,--14800,--40870,KRX
20040728,+8670,2,+380,+4.58,1266417,194,418,+224,+245,22750,48820,+26070,+28840,KRX
20040727,-8290,5,-30,-0.36,426806,311,290,--21,+48,38010,35240,--2770,+5680,KRX
20040726,-8320,5,-110,-1.30,297120,262,193,--69,+725,31700,23250,--8450,+85910,KRX
20040723,-8430,5,-130,-1.52,613650,865,71,--794,--268,102780,8420,--94360,--30720,KRX
20040722,+8560,2,+100,+1.18,594950,567,41,--526,--1115,68470,4830,--63640,--134300,KRX
20040721,+8460,2,+340,+4.19,949780,188,777,+589,+1169,22380,93040,+70660,+141580,KRX
20040720,-8120,5,-240,-2.87,390861,738,158,--580,--759,90260,19340,--70920,--92460,KRX
20040719,+8360,2,+60,+0.72,504381,125,304,+179,+348,15240,36780,+21540,+42520,KRX
20040716,+8300,2,+110,+1.34,385080,480,311,--169,--271,58930,37950,--20980,--33450,KRX
20040715,-8190,5,-60,-0.73,408381,270,372,+102,+497,33070,45540,+12470,+59440,KRX
20040714,-8250,5,-320,-3.73,404567,449,54,--395,--346,53370,6400,--46970,--41130,KRX
20040713,+8570,2,+140,+1.66,454462,284,235,--49,+35,33420,27580,--5840,+4230,KRX
20040712,+8430,2,+130,+1.57,788700,496,412,--84,--445,58380,48310,--10070,--53720,KRX
20040709,+8300,2,+190,+2.34,536135,174,535,+361,+1334,21120,64770,+43650,+163220,KRX
20040708,-8110,5,-180,-2.17,603790,1290,317,--973,--856,158450,38880,--119570,--104530,KRX
20040707,-8290,5,-10,-0.12,426349,516,399,--117,--350,63730,48690,--15040,--42810,KRX
20040706,-8300,5,-80,-0.95,375640,197,430,+233,+416,23530,51300,+27770,+49910,KRX
20040705,-8380,5,-10,-0.12,464393,353,170,--183,+726,42590,20450,--22140,+84930,KRX
20040702,-8390,5,-450,-5.09,600028,974,65,--909,--674,114740,7670,--107070,--79830,KRX
20040701,-8840,5,-170,-1.89,749550,718,483,--235,--342,81060,53820,--27240,--39690,KRX
20040630,+9010,2,+420,+4.89,1284802,367,474,+107,--428,41470,53920,+12450,--50510,KRX
20040629,+8590,2,+200,+2.38,577220,140,675,+535,+810,16600,79560,+62960,+95560,KRX
20040628,-8390,5,-160,-1.87,466806,514,239,--275,--826,60940,28340,--32600,--96920,KRX
20040625,+8550,2,+110,+1.30,773771,335,886,+551,+46,39700,104020,+64320,+2810,KRX
20040624,+8440,2,+470,+5.90,887543,392,897,+505,+812,47940,109450,+61510,+99420,KRX
20040623,-7970,5,-260,-3.16,536325,563,256,--307,--264,69070,31160,--37910,--32670,KRX
20040622,-8230,5,-160,-1.91,659578,417,374,--43,--384,51040,45800,--5240,--45150,KRX
20040621,-8390,5,-10,-0.12,507549,315,656,+341,+753,37420,77330,+39910,+89230,KRX
20040618,-8400,5,-150,-1.75,801720,1200,788,--412,--699,142040,92720,--49320,--83000,KRX
20040617,+8550,2,+60,+0.71,593827,446,733,+287,--66,52250,85930,+33680,--7370,KRX
20040616,+8490,2,+80,+0.95,1026921,445,798,+353,--4,51780,92830,+41050,--1930,KRX
20040615,+8410,2,+90,+1.08,935959,648,1005,+357,+79,77910,120890,+42980,+10750,KRX
20040614,-8320,5,-580,-6.52,1071185,547,825,+278,+1456,63980,96210,+32230,+161400,KRX
20040611,-8900,5,-560,-5.92,906229,1253,75,--1178,--1293,137450,8280,--129170,--141160,KRX
20040610,-9460,5,-100,-1.05,679019,1362,1477,+115,+180,144470,156460,+11990,+18970,KRX
20040609,-9560,5,-90,-0.93,723319,641,576,--65,--305,66660,59680,--6980,--31600,KRX
20040608,+9650,2,+60,+0.63,757003,438,678,+240,--617,45150,69770,+24620,--65390,KRX
20040607,+9590,2,+290,+3.12,859072,76,933,+857,+723,8020,98030,+90010,+75660,KRX
20040604,9300,3,0,0.00,750190,593,727,+134,+499,63610,77960,+14350,+53730,KRX
20040603,-9300,5,-680,-6.81,1301999,551,186,--365,+123,58200,18820,--39380,+9850,KRX
20040602,-9980,5,-120,-1.19,778396,665,177,--488,--741,66940,17710,--49230,--74630,KRX
20040601,+10100,2,+110,+1.10,861930,301,554,+253,+870,30150,55550,+25400,+87780,KRX
20040531,+9990,2,+210,+2.15,754272,686,69,--617,--432,69380,7000,--62380,--43320,KRX
20040528,+9780,2,+60,+0.62,791697,310,125,--185,--1073,31800,12740,--19060,--106600,KRX
20040527,-9720,5,-280,-2.80,1537411,255,1143,+888,+1508,25490,113030,+87540,+149810,KRX
20040525,-10000,5,-200,-1.96,908189,799,179,--620,--208,80230,17960,--62270,--21640,KRX
20040524,+10200,2,+230,+2.31,1609281,530,118,--412,--564,52120,11490,--40630,--55710,KRX
20040521,+9970,2,+320,+3.32,1554777,368,520,+152,+1089,37770,52850,+15080,+113080,KRX
20040520,+9650,2,+150,+1.58,2444679,1171,234,--937,--895,122380,24380,--98000,--92960,KRX
20040519,+9500,2,+700,+7.95,2064570,347,305,--42,+25,37420,32380,--5040,+2880,KRX
20040518,+8800,2,+230,+2.68,1508309,688,621,--67,--203,79780,71860,--7920,--23600,KRX
20040517,-8570,5,-290,-3.27,2377074,551,687,+136,+1323,63770,79450,+15680,+148280,KRX
20040514,-8860,5,-30,-0.34,1477007,1575,388,--1187,+382,175870,43270,--132600,+43070,KRX
20040513,-8890,5,-220,-2.41,1189680,2084,515,--1569,--1339,233160,57490,--175670,--149410,KRX
20040512,+9110,2,+660,+7.81,2860183,708,478,--230,+50,78610,52350,--26260,+6910,KRX
20040511,+8450,2,+200,+2.42,1847499,647,367,--280,+155,77350,44180,--33170,+19120,KRX
20040510,-8250,5,-1160,-12.33,1768616,651,216,--435,--277,76850,24560,--52290,--35370,KRX
20040507,-9410,5,-170,-1.77,1819613,618,460,--158,+333,66350,49430,--16920,+32050,KRX
20040506,-9580,5,-820,-7.88,1403342,1002,511,--491,--300,100570,51600,--48970,--30490,KRX
20040504,+10400,2,+50,+0.48,1435025,330,139,--191,--675,31870,13390,--18480,--64870,KRX
20040503,-10350,5,-250,-2.36,776336,132,616,+484,+50,12670,59060,+46390,+4830,KRX
20040430,+10600,2,+200,+1.92,973761,458,892,+434,--805,43750,85310,+41560,--73640,KRX
20040429,-10400,5,-650,-5.88,1289040,147,1386,+1239,+1852,13840,129040,+115200,+170120,KRX
20040428,-11050,5,-350,-3.07,1193763,747,134,--613,--842,67000,12080,--54920,--74860,KRX
20040427,-11400,5,-550,-4.60,1479419,188,417,+229,+618,16250,36190,+19940,+52190,KRX
20040426,-11950,5,-50,-0.42,1576551,545,156,--389,--747,45130,12880,--32250,--61560,KRX
20040423,-12000,5,-50,-0.41,1525389,523,881,+358,+1219,43150,72460,+29310,+100280,KRX
20040422,-12050,5,-150,-1.23,1278035,990,129,--861,--447,81610,10640,--70970,--37200,KRX
20040421,-12200,5,-100,-0.81,1547705,534,120,--414,--696,43550,9780,--33770,--56850,KRX
20040420,-12300,5,-100,-0.81,1824164,160,442,+282,+1038,13130,36210,+23080,+83930,KRX
20040419,-12400,5,-100,-0.80,2315184,1035,279,--756,+416,83460,22610,--60850,+33130,KRX
20040416,-12500,5,-150,-1.19,1360121,1257,85,--1172,--990,100860,6880,--93980,--79140,KRX
20040414,+12650,2,+300,+2.43,1614984,669,487,--182,+174,53390,38550,--14840,+13790,KRX
20040413,+12350,2,+150,+1.23,2865008,723,367,--356,--1639,58030,29400,--28630,--134030,KRX
20040412,+12200,2,+600,+5.17,2942190,329,1612,+1283,+1893,27150,132550,+105400,+159030,KRX
20040409,+11600,2,+50,+0.43,805550,859,249,--610,--680,75190,21560,--53630,--59780,KRX
20040408,-11550,5,-400,-3.35,1175743,981,1051,+70,+425,84590,90740,+6150,+35920,KRX
20040407,11950,3,0,0.00,998942,463,108,--355,+542,38820,9050,--29770,+45660,KRX
20040406,+11950,2,+300,+2.58,1778310,1092,195,--897,--738,91850,16420,--75430,--61770,KRX
20040402,-11650,5,-100,-0.85,741055,496,337,--159,+401,42550,28890,--13660,+34650,KRX
20040401,+11750,2,+200,+1.73,735750,616,56,--560,+142,53130,4820,--48310,+12740,KRX
20040331,11550,3,0,0.00,797367,860,158,--702,--1418,74740,13690,--61050,--123480,KRX
20040330,+11550,2,+500,+4.52,1311152,378,1094,+716,+233,33290,95720,+62430,+18930,KRX
20040329,+11050,2,+100,+0.91,417764,54,537,+483,--456,4930,48430,+43500,--41500,KRX
20040326,+10950,2,+50,+0.46,519454,61,1000,+939,+457,5480,90480,+85000,+41830,KRX
20040325,-10900,5,-400,-3.54,720493,230,712,+482,+992,20540,63710,+43170,+88210,KRX
20040324,+11300,2,+50,+0.44,976715,769,259,--510,--512,67730,22690,--45040,--44320,KRX
20040323,+11250,2,+250,+2.27,813865,468,470,+2,+857,42860,42140,--720,+75900,KRX
20040322,-11000,5,-300,-2.65,853391,954,99,--855,--1005,85410,8790,--76620,--89970,KRX
20040319,+11300,2,+300,+2.73,677727,175,325,+150,+649,15810,29160,+13350,+58270,KRX
20040318,-11000,5,-100,-0.90,659874,656,157,--499,--663,59000,14080,--44920,--59580,KRX
20040317,+11100,2,+400,+3.74,918185,209,373,+164,--200,18910,33570,+14660,--19330,KRX
20040316,-10700,5,-150,-1.38,643077,84,448,+364,+418,7910,41900,+33990,+38960,KRX
20040315,+10850,2,+300,+2.84,1081539,282,228,--54,+698,25980,21010,--4970,+65730,KRX
20040312,-10550,5,-550,-4.95,2261612,1437,685,--752,+752,136350,65650,--70700,+65810,KRX
20040311,+11100,2,+250,+2.30,1252169,3811,2307,--1504,--1118,344520,208010,--136510,--100840,KRX
20040310,+10850,2,+50,+0.46,920393,508,122,--386,--735,46970,11300,--35670,--67370,KRX
20040309,-10900,5,-400,-3.54,0,119,468,+349,+286,10890,42590,+31700,+26640,KRX
20040308,-11300,5,-600,-5.04,1907965,254,317,+63,+550,22030,27090,+5060,+45960,KRX
20040305,+11900,2,+150,+1.28,1719646,627,140,--487,--587,52630,11730,--40900,--49260,KRX
20040304,-11750,5,-50,-0.42,1398857,482,582,+100,+594,40630,48990,+8360,+50430,KRX
20040303,+11800,2,+100,+0.85,810547,668,174,--494,--164,56850,14780,--42070,--13960,KRX
20040302,+11700,2,+350,+3.08,1508196,522,192,--330,--716,44670,16560,--28110,--62160,KRX
20040227,-11150,5,-200,-1.76,96350,214,600,+386,+538,18940,52990,+34050,+46810,KRX
20040226,-11350,5,-500,-4.22,1051503,427,275,--152,--279,36790,24030,--12760,--23580,KRX
20040225,+11850,2,+50,+0.42,889200,248,375,+127,--303,20920,31740,+10820,--25190,KRX
20040224,-11800,5,-500,-4.07,979568,246,676,+430,+302,20650,56660,+36010,+25410,KRX
20040223,+12300,2,+50,+0.41,1169592,418,546,+128,+772,34520,45120,+10600,+62760,KRX
20040220,-12250,5,-150,-1.21,874259,725,81,--644,--849,58690,6530,--52160,--68510,KRX
20040219,-12400,5,-150,-1.20,1166304,339,544,+205,+407,27300,43650,+16350,+32480,KRX
20040218,+12550,2,+150,+1.21,1857130,480,278,--202,--164,38320,22190,--16130,--13010,KRX
20040217,+12400,2,+150,+1.22,984745,407,369,--38,+722,32950,29830,--3120,+58510,KRX
20040216,-12250,5,-300,-2.39,1158908,897,137,--760,--759,72750,11120,--61630,--61700,KRX
20040213,-12550,5,-200,-1.57,2477719,510,509,--1,--702,40850,40920,+70,--54380,KRX
20040212,-12750,5,-750,-5.56,5964426,1012,1713,+701,+129,78900,133350,+54450,+12020,KRX
20040211,-13500,5,-100,-0.74,4350415,1052,1624,+572,+727,78130,120560,+42430,+53890,KRX
20040210,13600,3,0,0.00,1080810,740,585,--155,+1047,54290,42830,--11460,+76720,KRX
20040209,-13600,5,-50,-0.37,1196219,1428,226,--1202,+331,104650,16470,--88180,+24450,KRX
20040206,+13650,2,+300,+2.25,1533930,1619,86,--1533,--2178,118970,6340,--112630,--162460,KRX
20040205,+13350,2,+450,+3.49,1401625,118,763,+645,+451,9010,58840,+49830,+34880,KRX
20040204,-12900,5,-250,-1.90,955411,261,455,+194,--2071,20160,35110,+14950,--158610,KRX
20040203,+13150,2,+250,+1.94,1705729,790,3055,+2265,+2252,60520,234080,+173560,+172700,KRX
20040202,-12900,5,-200,-1.53,1031098,322,335,+13,--23,24690,25550,+860,--1860,KRX
20040130,-13100,5,-200,-1.50,911058,406,442,+36,--96,30800,33520,+2720,--7310,KRX
20040129,-13300,5,-400,-2.92,1182142,284,416,+132,+857,21310,31340,+10030,+62400,KRX
20040128,-13700,5,-300,-2.14,1194987,863,138,--725,--57,62370,10000,--52370,--5030,KRX
20040127,-14000,5,-100,-0.71,1212197,990,322,--668,+1835,70230,22890,--47340,+130850,KRX
20040126,+14100,2,+50,+0.36,1356825,2679,176,--2503,--1228,190700,12510,--178190,--87340,KRX
20040120,-14050,5,-50,-0.35,977119,1569,294,--1275,--1133,111700,20850,--90850,--80640,KRX
20040119,+14100,2,+600,+4.44,1483910,663,521,--142,+580,47690,37480,--10210,+42710,KRX
20040116,-13500,5,-150,-1.10,1699064,1140,418,--722,+490,83630,30710,--52920,+33730,KRX
20040115,-13650,5,-850,-5.86,3445191,1530,318,--1212,--1937,109670,23020,--86650,--136240,KRX
20040114,+14500,2,+100,+0.69,2741835,447,1172,+725,+2074,30590,80180,+49590,+143330,KRX
20040113,-14400,5,-100,-0.69,751551,1532,183,--1349,--82,106420,12680,--93740,--6670,KRX
20040112,+14500,2,+50,+0.35,1715626,1570,303,--1267,--1445,107910,20840,--87070,--99660,KRX
20040109,+14450,2,+550,+3.96,2323395,914,1092,+178,+5004,63770,76360,+12590,+360560,KRX
20040108,-13900,5,-100,-0.71,2145840,5887,1061,--4826,--4511,424220,76250,--347970,--325390,KRX
20040107,-14000,5,-50,-0.36,891610,746,431,--315,+868,53440,30860,--22580,+60540,KRX
20040106,-14050,5,-300,-2.09,908504,1363,180,--1183,--520,95790,12670,--83120,--36240,KRX
20040105,+14350,2,+100,+0.70,1551285,1205,542,--663,--1249,84760,37880,--46880,--88120,KRX
20040102,+14250,2,+50,+0.35,807648,458,1044,+586,+599,32270,73510,+41240,+42150,KRX
20031230,+14200,2,+400,+2.90,1744945,348,335,--13,--290,24590,23680,--910,--22020,KRX
20031229,+13800,2,+950,+7.39,1104802,492,769,+277,+751,36660,57770,+21110,+57890,KRX
20031226,-12850,5,-250,-1.91,1005156,993,519,--474,--420,77030,40250,--36780,--32490,KRX
20031224,-13100,5,-450,-3.32,1160831,436,382,--54,--386,32640,28350,--4290,--29010,KRX
20031223,+13550,2,+500,+3.83,2073794,448,780,+332,+345,33500,58220,+24720,+25700,KRX
20031222,-13050,5,-150,-1.14,1497030,395,382,--13,+354,29700,28720,--980,+26540,KRX
20031219,-13200,5,-250,-1.86,1008797,668,301,--367,--552,49710,22190,--27520,--41280,KRX
20031218,-13450,5,-100,-0.74,1446636,561,746,+185,+1099,41670,55430,+13760,+79840,KRX
20031217,-13550,5,-450,-3.21,1409534,1118,204,--914,+382,80860,14780,--66080,+29100,KRX
20031216,+14000,2,+150,+1.08,1833017,1656,360,--1296,--2494,121290,26110,--95180,--181940,KRX
20031215,13850,3,0,0.00,1521698,297,1495,+1198,--214,21540,108300,+86760,--15450,KRX
20031212,+13850,2,+150,+1.09,1605036,204,1616,+1412,+2559,14830,117040,+102210,+186760,KRX
20031211,-13700,5,-100,-0.72,2283467,4865,3718,--1147,+545,354460,269910,--84550,+40630,KRX
20031210,+13800,2,+400,+2.99,1372982,1871,179,--1692,--2050,138260,13080,--125180,--152110,KRX
20031209,+13400,2,+450,+3.47,1617932,332,690,+358,+1066,25130,52060,+26930,+82620,KRX
20031208,+12950,2,+550,+4.44,2012276,1104,396,--708,+403,86410,30720,--55690,+31440,KRX
20031205,-12400,5,-850,-6.42,2240853,1478,367,--1111,--1327,115990,28860,--87130,--102920,KRX
20031204,-13250,5,-250,-1.85,1815016,676,892,+216,--317,50610,66400,+15790,--24520,KRX
20031203,+13500,2,+250,+1.89,2270307,584,1117,+533,+408,44110,84420,+40310,+30920,KRX
20031202,+13250,2,+350,+2.71,2958272,583,708,+125,--71,44140,53530,+9390,--5560,KRX
20031201,+12900,2,+500,+4.03,1936401,522,718,+196,--300,41060,56010,+14950,--23750,KRX
20031128,+12400,2,+50,+0.40,2807439,312,808,+496,+426,24870,63570,+38700,+33190,KRX
20031127,+12350,2,+50,+0.41,1804576,318,388,+70,--616,26080,31590,+5510,--50880,KRX
20031126,+12300,2,+1100,+9.82,5217866,243,929,+686,+554,20270,76660,+56390,+44430,KRX
20031125,+11200,2,+700,+6.67,1726811,473,605,+132,--592,42890,54850,+11960,--56710,KRX
20031124,-10500,5,-500,-4.55,1231162,381,1105,+724,+1824,35550,104220,+68670,+167770,KRX
20031121,-11000,5,-300,-2.65,1384520,1404,304,--1100,--1681,126420,27320,--99100,--151520,KRX
20031120,+11300,2,+400,+3.67,1532180,445,1026,+581,+1088,40160,92580,+52420,+96790,KRX
20031119,-10900,5,-800,-6.84,2053498,1444,937,--507,--663,127070,82700,--44370,--57710,KRX
20031118,11700,3,0,0.00,1534480,398,554,+156,+1488,34700,48040,+13340,+128440,KRX
20031117,+11700,2,+200,+1.74,2220889,1386,54,--1332,--822,119710,4610,--115100,--70710,KRX
20031114,+11500,2,+100,+0.88,3906029,1037,527,--510,--1007,89730,45340,--44390,--87190,KRX
20031113,+11400,2,+800,+7.55,3792290,1157,1654,+497,+619,103130,145930,+42800,+54380,KRX
20031112,+10600,2,+150,+1.44,1759561,342,220,--122,+9535,32340,20760,--11580,+919830,KRX
20031111,-10450,5,-500,-4.57,2987979,10017,360,--9657,--8251,965470,34060,--931410,--801960,KRX
20031110,+10950,2,+150,+1.39,2804901,1585,179,--1406,--1302,145860,16410,--129450,--119660,KRX
20031107,+10800,2,+800,+8.00,3754070,561,457,--104,--205,53270,43480,--9790,--20150,KRX
20031106,-10000,5,-300,-2.91,2673496,468,569,+101,+159,46230,56590,+10360,+16520,KRX
20031105,+10300,2,+930,+9.93,5331956,450,392,--58,+528,45420,39260,--6160,+57530,KRX
20031104,+9370,2,+410,+4.58,2315004,716,130,--586,--1242,77850,14160,--63690,--136300,KRX
20031103,-8960,5,-10,-0.11,1140714,336,992,+656,+945,37230,109840,+72610,+104810,KRX
20031031,-8970,5,-130,-1.43,612649,614,325,--289,--628,68290,36090,--32200,--70010,KRX
20031030,+9100,2,+100,+1.11,1187704,431,770,+339,+166,47820,85630,+37810,+18710,KRX
20031029,-9000,5,-180,-1.96,1877855,865,1038,+173,--660,93860,112960,+19100,--71190,KRX
20031028,+9180,2,+180,+2.00,1696592,532,1365,+833,+473,58000,148290,+90290,+50280,KRX
20031027,+9000,2,+70,+0.78,969777,636,996,+360,+290,70800,110810,+40010,+32230,KRX
20031024,-8930,5,-70,-0.78,563115,413,483,+70,+1101,46030,53810,+7780,+121330,KRX
20031023,-9000,5,-380,-4.05,1441821,1289,258,--1031,--1123,141840,28290,--113550,--123110,KRX
20031022,-9380,5,-320,-3.30,1356466,455,547,+92,+285,47900,57460,+9560,+29530,KRX
20031021,9700,3,0,0.00,973000,635,442,--193,--480,65490,45520,--19970,--49690,KRX
20031020,9700,3,0,0.00,1203257,339,626,+287,--801,35090,64810,+29720,--82280,KRX
20031017,+9700,2,+40,+0.41,2016231,594,1682,+1088,+863,60530,172530,+112000,+88760,KRX
20031016,+9660,2,+60,+0.63,2307490,1160,1385,+225,+140,121320,144560,+23240,+14340,KRX
20031015,+9600,2,+520,+5.73,2963703,753,838,+85,--268,80780,89680,+8900,--29670,KRX
20031014,+9080,2,+130,+1.45,2003877,994,1347,+353,+1074,108510,147080,+38570,+118840,KRX
20031013,-8950,5,-220,-2.40,1951781,2072,1351,--721,--683,230050,149780,--80270,--75310,KRX
20031010,+9170,2,+170,+1.89,1941100,1042,1004,--38,--933,115190,110230,--4960,--104590,KRX
20031009,+9000,2,+320,+3.69,1580220,1306,2201,+895,+1438,145590,245220,+99630,+160830,KRX
20031008,-8680,5,-370,-4.09,959144,604,61,--543,+194,68020,6820,--61200,+19470,KRX
20031007,+9050,2,+10,+0.11,849530,768,31,--737,--27,84080,3410,--80670,--1970,KRX
20031006,+9040,2,+120,+1.35,860722,819,109,--710,--363,90790,12090,--78700,--39830,KRX
20031002,+8920,2,+10,+0.11,1077974,864,517,--347,--389,96760,57890,--38870,--43460,KRX
20031001,+8910,2,+270,+3.13,792841,262,304,+42,+1002,30130,34720,+4590,+114790,KRX
20030930,+8640,2,+190,+2.25,1232777,1161,201,--960,--949,133160,22960,--110200,--109000,KRX
20030929,-8450,5,-180,-2.09,830750,632,621,--11,+420,74580,73380,--1200,+48390,KRX
20030926,-8630,5,-130,-1.48,833337,794,363,--431,--81,91150,41560,--49590,--8710,KRX
20030925,-8760,5,-220,-2.45,1146750,894,544,--350,+560,103400,62520,--40880,+60050,KRX
20030924,+8980,2,+30,+0.34,1111987,1278,368,--910,--1007,141660,40730,--100930,--112520,KRX
20030923,+8950,2,+150,+1.70,1642951,624,721,+97,--196,71960,83550,+11590,--20520,KRX
20030922,-8800,5,-600,-6.38,1290660,502,795,+293,+442,56690,88800,+32110,+48840,KRX
20030919,-9400,5,-360,-3.69,1375383,933,784,--149,--726,97710,80980,--16730,--75290,KRX
20030918,-9760,5,-290,-2.89,1014383,354,931,+577,+540,35990,94550,+58560,+54820,KRX
20030917,-10050,5,-150,-1.47,1261477,443,480,+37,--455,43690,47430,+3740,--45000,KRX
20030916,+10200,2,+150,+1.49,1149771,332,824,+492,--888,32980,81720,+48740,--87790,KRX
20030915,10050,3,0,0.00,1760750,239,1619,+1380,+1778,23860,160390,+136530,+177290,KRX
20030909,+10050,2,+580,+6.12,3295535,1890,1492,--398,--518,189480,148720,--40760,--53320,KRX
20030908,9470,3,0,0.00,1058322,321,441,+120,--56,33710,46270,+12560,--5870,KRX
20030905,+9470,2,+20,+0.21,1272711,551,727,+176,+610,57880,76310,+18430,+63060,KRX
20030904,-9450,5,-100,-1.05,2401124,618,184,--434,--102,64070,19440,--44630,--10270,KRX
20030903,-9550,5,-300,-3.05,3531939,875,543,--332,--1374,91080,56720,--34360,--140280,KRX
20030902,-9850,5,-500,-4.83,5644179,944,1986,+1042,+1148,95810,201730,+105920,+115550,KRX
20030901,-10350,5,-250,-2.36,1406760,530,424,--106,--256,50470,40840,--9630,--24220,KRX
20030829,+10600,2,+150,+1.44,1220957,399,549,+150,+235,37940,52530,+14590,+21880,KRX
20030828,-10450,5,-800,-7.11,2562896,461,376,--85,+96,42690,35400,--7290,+8800,KRX
20030827,+11250,2,+400,+3.69,2568635,458,277,--181,--360,40900,24810,--16090,--33150,KRX
20030826,+10850,2,+500,+4.83,1577383,383,562,+179,--2,36110,53170,+17060,--370,KRX
20030825,+10350,2,+150,+1.47,1041537,284,465,+181,+169,27430,44860,+17430,+15480,KRX
20030822,-10200,5,-400,-3.77,1959149,676,688,+12,+918,64760,66710,+1950,+89600,KRX
20030821,-10600,5,-100,-0.93,2291213,1819,913,--906,--538,173810,86160,--87650,--53670,KRX
20030820,10700,3,0,0.00,1524140,547,179,--368,+41,50470,16490,--33980,+3610,KRX
20030819,-10700,5,-200,-1.83,2065885,657,248,--409,--676,60560,22970,--37590,--62800,KRX
20030818,+10900,2,+910,+9.11,2722031,645,912,+267,+270,60760,85970,+25210,+25570,KRX
20030814,+9990,2,+10,+0.10,1486996,1027,1024,--3,+47,102780,102420,--360,+4830,KRX
20030813,+9980,2,+400,+4.18,2053285,361,311,--50,+1654,36540,31350,--5190,+172810,KRX
20030812,+9580,2,+180,+1.91,2750578,2167,463,--1704,--1727,226030,48030,--178000,--180290,KRX
20030811,+9400,2,+400,+4.44,1356051,266,289,+23,--667,29380,31670,+2290,--73010,KRX
20030808,9000,3,0,0.00,1547468,298,988,+690,+755,32850,108150,+75300,+82910,KRX
20030807,+9000,2,+380,+4.41,1651116,254,189,--65,--97,29070,21460,--7610,--11530,KRX
20030806,+8620,2,+80,+0.94,707483,177,209,+32,--57,20800,24720,+3920,--6350,KRX
20030805,-8540,5,-300,-3.39,1629148,219,308,+89,+196,25460,35730,+10270,+22250,KRX
20030804,-8840,5,-270,-2.96,921205,234,127,--107,+16,26060,14080,--11980,+1340,KRX
20030801,+9110,2,+80,+0.89,1081180,424,301,--123,--311,46480,33160,--13320,--34190,KRX
20030731,+9030,2,+100,+1.12,1143827,252,440,+188,--123,28000,48870,+20870,--14000,KRX
20030730,+8930,2,+70,+0.79,968292,390,701,+311,+61,43660,78530,+34870,+6700,KRX
20030729,+8860,2,+40,+0.45,794405,308,558,+250,--332,34850,63020,+28170,--37650,KRX
20030728,+8820,2,+240,+2.80,1137111,252,834,+582,+930,28610,94430,+65820,+106700,KRX
20030725,+8580,2,+80,+0.94,894253,558,210,--348,--455,65490,24610,--40880,--53370,KRX
20030724,+8500,2,+250,+3.03,1223550,253,360,+107,+31,30340,42830,+12490,+3150,KRX
20030723,8250,3,0,0.00,543042,222,298,+76,--161,27010,36350,+9340,--20510,KRX
20030722,+8250,2,+350,+4.43,828048,206,443,+237,+494,25460,55310,+29850,+60560,KRX
20030721,-7900,5,-500,-5.95,1033836,519,262,--257,--481,62720,32010,--30710,--57170,KRX
20030718,-8400,5,-270,-3.11,940669,186,410,+224,+307,21950,48410,+26460,+36190,KRX
20030716,+8670,2,+10,+0.12,912996,805,722,--83,+415,92610,82880,--9730,+44790,KRX
20030715,-8660,5,-500,-5.46,1155080,710,212,--498,--72,78390,23870,--54520,--7140,KRX
20030714,+9160,2,+350,+3.97,1643924,649,223,--426,+358,72380,25000,--47380,+41680,KRX
20030711,-8810,5,-90,-1.01,776930,913,129,--784,--153,103720,14660,--89060,--17980,KRX
20030710,+8900,2,+230,+2.65,1772928,1397,766,--631,--222,157260,86180,--71080,--24450,KRX
20030709,-8670,5,-290,-3.24,1338596,697,288,--409,+1460,79420,32790,--46630,+160280,KRX
20030708,-8960,5,-120,-1.32,1296535,2055,186,--1869,--2155,227590,20680,--206910,--238370,KRX
20030707,+9080,2,+150,+1.68,1495970,245,531,+286,+290,26890,58350,+31460,+31850,KRX
20030704,+8930,2,+160,+1.82,1185835,230,226,--4,+326,26100,25710,--390,+36800,KRX
20030703,+8770,2,+120,+1.39,3109977,875,545,--330,--557,98760,61570,--37190,--63560,KRX
20030702,+8650,2,+500,+6.13,4891012,269,496,+227,+65,31460,57830,+26370,+6240,KRX
20030701,+8150,2,+550,+7.24,1782280,233,395,+162,+398,30140,50270,+20130,+51290,KRX
20030630,-7600,5,-50,-0.65,689884,408,172,--236,--87,53800,22640,--31160,--11560,KRX
20030627,+7650,2,+70,+0.92,1067116,574,425,--149,--76,75400,55800,--19600,--9910,KRX
20030626,-7580,5,-130,-1.69,1029608,178,105,--73,--62,23590,13900,--9690,--8150,KRX
20030625,+7710,2,+40,+0.52,868557,276,265,--11,--472,36070,34530,--1540,--62490,KRX
20030624,-7670,5,-80,-1.03,1144127,194,655,+461,+229,25480,86430,+60950,+31060,KRX
20030623,-7750,5,-100,-1.27,1546340,506,738,+232,+393,64120,94010,+29890,+50430,KRX
20030620,+7850,2,+40,+0.51,1048610,498,337,--161,+1129,63430,42890,--20540,+143770,KRX
20030619,+7810,2,+150,+1.96,2540330,1439,149,--1290,--733,183180,18870,--164310,--90740,KRX
20030618,+7660,2,+210,+2.82,2153187,882,325,--557,+214,115780,42210,--73570,+28890,KRX
20030617,-7450,5,-20,-0.27,1570267,1645,874,--771,--32,218070,115610,--102460,--3160,KRX
20030616,-7470,5,-130,-1.71,759541,1025,286,--739,--379,137610,38310,--99300,--50300,KRX
20030613,+7600,2,+310,+4.25,1572881,664,304,--360,+1031,90120,41120,--49000,+141950,KRX
20030612,+7290,2,+80,+1.11,1852490,3709,2318,--1391,--1456,508460,317510,--190950,--199870,KRX
20030611,-7210,5,-110,-1.50,1277572,392,457,+65,+13,53800,62720,+8920,+2040,KRX
20030610,+7320,2,+220,+3.10,1238740,373,425,+52,+109,52020,58900,+6880,+15020,KRX
20030609,-7100,5,-80,-1.11,1300721,533,476,--57,+310,74550,66410,--8140,+43040,KRX
20030605,+7180,2,+200,+2.87,2692163,647,280,--367,--272,90240,39060,--51180,--36810,KRX
20030604,+6980,2,+370,+5.60,2802890,295,200,--95,+548,43290,28920,--14370,+82520,KRX
20030603,-6610,5,-160,-2.36,561260,798,155,--643,--877,120150,23260,--96890,--132060,KRX
20030602,+6770,2,+270,+4.15,1497929,198,432,+234,+653,29370,64540,+35170,+100440,KRX
20030530,+6500,2,+120,+1.88,991300,743,324,--419,--845,115480,50210,--65270,--131200,KRX
20030529,-6380,5,-110,-1.69,762874,201,627,+426,--568,31240,97170,+65930,--83940,KRX
20030528,-6490,5,-40,-0.61,1465165,191,1185,+994,+1384,29130,179000,+149870,+209830,KRX
20030527,-6530,5,-80,-1.21,860301,734,344,--390,--738,112610,52650,--59960,--113310,KRX
20030526,+6610,2,+180,+2.80,1230411,490,838,+348,+319,74700,128050,+53350,+48660,KRX
20030523,+6430,2,+150,+2.39,838280,663,692,+29,+160,103800,108490,+4690,+26070,KRX
20030522,-6280,5,-30,-0.48,867700,767,636,--131,+220,121990,100610,--21380,+33880,KRX
20030521,-6310,5,-110,-1.71,487460,623,272,--351,--230,98130,42870,--55260,--35780,KRX
20030520,+6420,2,+120,+1.90,548270,418,297,--121,+643,66200,46720,--19480,+100210,KRX
20030519,-6300,5,-350,-5.26,774571,946,182,--764,--373,148360,28670,--119690,--60340,KRX
20030516,-6650,5,-100,-1.48,926774,905,514,--391,--675,136980,77630,--59350,--101480,KRX
20030515,+6750,2,+300,+4.65,1152418,523,807,+284,+423,78860,120990,+42130,+63750,KRX
20030514,-6450,5,-80,-1.23,725649,600,461,--139,--50,92490,70870,--21620,--8060,KRX
20030513,-6530,5,-230,-3.40,1059128,666,577,--89,--958,100190,86630,--13560,--141090,KRX
20030512,+6760,2,+70,+1.05,1556692,347,1216,+869,+735,50980,178510,+127530,+106990,KRX
20030509,+6690,2,+290,+4.53,1622590,468,602,+134,--12,71520,92060,+20540,--2020,KRX
20030507,+6400,2,+80,+1.27,900506,825,971,+146,--2,129430,151990,+22560,--770,KRX
20030506,+6320,2,+50,+0.80,781572,379,527,+148,+399,59400,82730,+23330,+64980,KRX
20030502,-6270,5,-20,-0.32,822150,925,674,--251,--550,149590,107940,--41650,--88760,KRX
20030430,-6290,5,-130,-2.02,627715,195,494,+299,+67,30600,77710,+47110,+10750,KRX
20030429,+6420,2,+320,+5.25,979390,361,593,+232,+50,57380,93740,+36360,+6540,KRX
20030428,+6100,2,+50,+0.83,769207,113,295,+182,+592,18640,48460,+29820,+96700,KRX
20030425,-6050,5,-290,-4.57,1166997,547,137,--410,--556,89440,22560,--66880,--89610,KRX
20030424,-6340,5,-80,-1.25,1075304,175,321,+146,--217,27070,49800,+22730,--31840,KRX
20030423,-6420,5,-230,-3.46,1330172,152,515,+363,+495,22920,77490,+54570,+74480,KRX
20030422,-6650,5,-210,-3.06,893447,593,461,--132,--388,88670,68760,--19910,--57620,KRX
20030421,+6860,2,+10,+0.15,892907,214,470,+256,--240,31430,69140,+37710,--35520,KRX
20030418,+6850,2,+300,+4.58,2071171,162,658,+496,+548,23930,97160,+73230,+80960,KRX
20030417,-6550,5,-80,-1.21,1426464,281,229,--52,--337,42230,34500,--7730,--50480,KRX
20030416,6630,3,0,0.00,1606490,386,671,+285,+226,57780,100530,+42750,+33820,KRX
20030415,+6630,2,+200,+3.11,1262770,238,297,+59,--703,36460,45390,+8930,--108160,KRX
20030414,-6430,5,-40,-0.62,1214690,192,954,+762,+332,29470,146560,+117090,+52490,KRX
20030411,+6470,2,+110,+1.73,1437300,541,971,+430,--15,82800,147400,+64600,--4890,KRX
20030410,+6360,2,+170,+2.75,1455435,661,1106,+445,+234,103760,173250,+69490,+36150,KRX
20030409,-6190,5,-330,-5.06,751511,274,485,+211,+45,43070,76410,+33340,+8350,KRX
20030408,+6520,2,+10,+0.15,1306080,265,431,+166,--108,41020,66010,+24990,--16760,KRX
20030407,+6510,2,+90,+1.40,2016127,243,517,+274,+297,37170,78920,+41750,+46170,KRX
20030404,+6420,2,+360,+5.94,2232191,511,488,--23,--121,81990,77570,--4420,--20000,KRX
20030403,+6060,2,+30,+0.50,1499543,293,391,+98,+188,48140,63720,+15580,+31650,KRX
20030402,+6030,2,+140,+2.38,1464094,524,434,--90,+454,88050,71980,--16070,+79360,KRX
20030401,+5890,2,+310,+5.56,998240,614,70,--544,--689,107950,12520,--95430,--121030,KRX
20030331,-5580,5,-220,-3.79,569820,93,238,+145,+1265,16580,42180,+25600,+223350,KRX
20030328,+5800,2,+150,+2.65,790995,1233,113,--1120,--1025,217600,19850,--197750,--180910,KRX
20030327,-5650,5,-30,-0.53,745559,207,112,--95,--14,36550,19710,--16840,--2300,KRX
20030326,-5680,5,-60,-1.05,1154900,355,274,--81,--442,61770,47230,--14540,--77690,KRX
20030325,-5740,5,-200,-3.37,1039831,87,448,+361,+252,15240,78390,+63150,+44780,KRX
20030324,-5940,5,-160,-2.62,1633439,254,363,+109,+15,41680,60050,+18370,+3160,KRX
20030321,+6100,2,+50,+0.83,2314300,234,328,+94,+448,38170,53380,+15210,+75650,KRX
20030320,+6050,2,+380,+6.70,1904322,582,228,--354,--199,99670,39230,--60440,--32210,KRX
20030319,+5670,2,+320,+5.98,1298118,254,99,--155,--335,46160,17930,--28230,--62360,KRX
20030318,+5350,2,+400,+8.08,1179609,148,328,+180,+361,27970,62100,+34130,+70840,KRX
20030317,-4950,5,-400,-7.48,938230,409,228,--181,--190,81590,44880,--36710,--38680,KRX
20030314,+5350,2,+100,+1.90,1277500,112,121,+9,--31,20430,22400,+1970,--5010,KRX
20030313,-5250,5,-40,-0.76,768840,755,795,+40,--195,144650,151630,+6980,--39050,KRX
20030312,+5290,2,+190,+3.73,627810,149,384,+235,+106,28240,74270,+46030,+20640,KRX
20030311,+5100,2,+90,+1.80,1272240,47,176,+129,+111,9510,34900,+25390,+21840,KRX
20030310,-5010,5,-130,-2.53,478750,102,120,+18,--91,20020,23570,+3550,--17290,KRX
20030307,-5140,5,-160,-3.02,603480,126,235,+109,+84,24360,45200,+20840,+16260,KRX
20030306,-5300,5,-140,-2.57,574480,103,128,+25,+83,19250,23830,+4580,+15260,KRX
20030305,-5440,5,-220,-3.89,812660,120,62,--58,+170,22090,11410,--10680,+29190,KRX
20030304,-5660,5,-240,-4.07,666398,250,22,--228,--468,43760,3890,--39870,--81290,KRX
20030303,+5900,2,+190,+3.33,964720,48,288,+240,+280,8210,49630,+41420,+48280,KRX
20030228,-5710,5,-150,-2.56,478420,221,181,--40,+55,37710,30850,--6860,+9660,KRX
20030227,-5860,5,-100,-1.68,654845,357,262,--95,--40,61200,44680,--16520,--7430,KRX
20030226,-5960,5,-80,-1.32,793020,141,86,--55,+56,23230,14140,--9090,+8810,KRX
20030225,-6040,5,-280,-4.43,774260,267,156,--111,--1094,43370,25470,--17900,--171450,KRX
20030224,+6320,2,+80,+1.28,1187770,32,1015,+983,+1127,4990,158540,+153550,+176660,KRX
20030221,-6240,5,-20,-0.32,748850,175,31,--144,--332,28030,4920,--23110,--53900,KRX
20030220,+6260,2,+210,+3.47,916819,150,338,+188,+532,24380,55170,+30790,+87280,KRX
20030219,+6050,2,+10,+0.17,1091164,586,242,--344,--571,95530,39040,--56490,--93740,KRX
20030218,-6040,5,-80,-1.31,724140,158,385,+227,+155,26160,63410,+37250,+24880,KRX
20030217,+6120,2,+380,+6.62,1496527,205,277,+72,+149,33980,46350,+12370,+26230,KRX
20030214,+5740,2,+60,+1.06,1027200,178,101,--77,--107,31530,17670,--13860,--18560,KRX
20030213,-5680,5,-140,-2.41,805211,489,519,+30,+9,85920,90620,+4700,+1080,KRX
20030212,+5820,2,+50,+0.87,697159,27,48,+21,+89,4740,8360,+3620,+14500,KRX
20030211,-5770,5,-160,-2.70,1065272,283,215,--68,--285,48180,37300,--10880,--47400,KRX
20030210,-5930,5,-40,-0.67,483236,100,317,+217,+251,16800,53320,+36520,+42360,KRX
20030207,-5970,5,-100,-1.65,627700,161,127,--34,+12,27180,21340,--5840,+1590,KRX
20030206,-6070,5,-210,-3.34,888880,75,29,--46,--113,12120,4690,--7430,--17890,KRX
20030205,-6280,5,-150,-2.33,983486,111,178,+67,+235,17650,28110,+10460,+37520,KRX
20030204,+6430,2,+230,+3.71,1501627,242,74,--168,--163,38780,11720,--27060,--25920,KRX
20030203,+6200,2,+40,+0.65,853386,144,139,--5,--113,23480,22340,--1140,--18680,KRX
20030130,+6160,2,+180,+3.01,632850,75,183,+108,+665,12140,29680,+17540,+109870,KRX
20030129,-5980,5,-170,-2.76,960010,769,212,--557,--536,127780,35450,--92330,--88890,KRX
20030128,-6150,5,-150,-2.38,1111016,95,74,--21,+382,15270,11830,--3440,+60340,KRX
20030127,-6300,5,-280,-4.26,864860,557,154,--403,--442,88120,24340,--63780,--68990,KRX
20030124,-6580,5,-340,-4.91,953580,197,236,+39,--706,29290,34500,+5210,--105580,KRX
20030123,+6920,2,+300,+4.53,1455360,148,893,+745,+1005,21860,132650,+110790,+150280,KRX
20030122,-6620,5,-90,-1.34,640080,391,131,--260,+142,59120,19630,--39490,+21180,KRX
20030121,6710,3,0,0.00,758903,494,92,--402,--384,74370,13700,--60670,--58170,KRX
20030120,-6710,5,-170,-2.47,1195431,179,161,--18,+113,26650,24150,--2500,+16740,KRX
20030117,-6880,5,-170,-2.41,1608638,299,168,--131,--311,43140,23900,--19240,--45030,KRX
20030116,+7050,2,+310,+4.60,2318398,120,300,+180,+534,17590,43380,+25790,+78580,KRX
20030115,-6740,5,-120,-1.75,1023230,519,165,--354,--223,76810,24020,--52790,--33470,KRX
20030114,+6860,2,+10,+0.15,1031954,286,155,--131,--562,42030,22710,--19320,--83200,KRX
20030113,+6850,2,+160,+2.39,1649790,78,509,+431,+435,11470,75350,+63880,+65540,KRX
20030110,+6690,2,+220,+3.40,3470008,360,356,--4,+775,53890,52230,--1660,+119010,KRX
20030109,-6470,5,-130,-1.97,1258645,1001,222,--779,--707,154950,34280,--120670,--109460,KRX
20030108,+6600,2,+80,+1.23,1347280,239,167,--72,+288,36140,24930,--11210,+43810,KRX
20030107,-6520,5,-260,-3.83,2136611,553,193,--360,--131,83860,28840,--55020,--20070,KRX
20030106,+6780,2,+500,+7.96,3477860,319,90,--229,+487,48540,13590,--34950,+79880,KRX
20030103,+6280,2,+230,+3.80,1932199,802,86,--716,--53,128570,13740,--114830,--2090,KRX
20030102,+6050,2,+350,+6.14,911131,683,20,--663,--914,116080,3340,--112740,--155350,KRX
20021230,-5700,5,-280,-4.68,655400,191,442,+251,+183,33640,76250,+42610,+31630,KRX
20021227,-5980,5,-40,-0.66,956030,421,489,+68,--189,70030,81010,+10980,--31010,KRX
20021226,+6020,2,+20,+0.33,1302160,318,575,+257,+280,52370,94360,+41990,+45760,KRX
20021224,+6000,2,+230,+3.99,1563733,192,169,--23,--381,33010,29240,--3770,--65190,KRX
20021223,-5770,5,-340,-5.56,1148642,71,429,+358,+53,11820,73240,+61420,+11930,KRX
20021220,-6110,5,-120,-1.93,933020,124,429,+305,--149,20120,69610,+49490,--23410,KRX
20021218,-6230,5,-40,-0.64,1883302,162,616,+454,+259,25670,98570,+72900,+41690,KRX
20021217,+6270,2,+400,+6.81,2970837,32,227,+195,+663,5240,36450,+31210,+110090,KRX
20021216,+5870,2,+10,+0.17,1386017,537,69,--468,+231,90670,11790,--78880,+43410,KRX
20021213,+5860,2,+130,+2.27,2492114,838,139,--699,--1633,145970,23680,--122290,--286740,KRX
20021212,+5730,2,+320,+5.91,1858579,701,1635,+934,+1181,122480,286930,+164450,+209980,KRX
20021211,-5410,5,-80,-1.46,677610,253,6,--247,--496,46600,1070,--45530,--91110,KRX
20021210,+5490,2,+140,+2.62,1085606,48,297,+249,+530,8860,54440,+45580,+97760,KRX
20021209,+5350,2,+110,+2.10,1406530,491,210,--281,--60,91400,39220,--52180,--9720,KRX
20021206,5240,3,0,0.00,723690,316,95,--221,--603,60480,18020,--42460,--114480,KRX
20021205,5240,3,0,0.00,712652,204,586,+382,+336,38850,110870,+72020,+62890,KRX
20021204,-5240,5,-240,-4.38,616470,280,326,+46,--66,52620,61750,+9130,--11360,KRX
20021203,5480,3,0,0.00,1083660,85,197,+112,+242,15450,35940,+20490,+44260,KRX
20021202,-5480,5,-60,-1.08,588642,205,75,--130,--78,37350,13580,--23770,--14120,KRX
20021129,+5540,2,+60,+1.09,921320,2372,2320,--52,--120,428560,418910,--9650,--21940,KRX
20021128,-5480,5,-40,-0.72,1051786,180,248,+68,--46,32080,44370,+12290,--9100,KRX
20021127,+5520,2,+200,+3.76,785935,98,212,+114,+426,18010,39400,+21390,+80570,KRX
20021126,+5320,2,+30,+0.57,481752,372,60,--312,--645,70580,11400,--59180,--121700,KRX
20021125,+5290,2,+50,+0.95,533264,59,392,+333,+228,11220,73740,+62520,+43060,KRX
20021122,-5240,5,-10,-0.19,1170940,117,222,+105,--635,22000,41460,+19460,--122080,KRX
20021121,+5250,2,+170,+3.35,848210,31,771,+740,+321,5940,147480,+141540,+58990,KRX
20021120,+5080,2,+80,+1.60,394300,45,464,+419,+215,9000,91550,+82550,+41270,KRX
20021119,+5000,2,+100,+2.04,259630,45,249,+204,+209,8990,50270,+41280,+42660,KRX
20021118,-4900,5,-90,-1.80,304530,136,131,--5,+122,27790,26410,--1380,+24250,KRX
20021115,+4990,2,+220,+4.61,767860,225,98,--127,--235,45250,19620,--25630,--48090,KRX
20021114,4770,3,0,0.00,400100,212,320,+108,+536,44310,66770,+22460,+110810,KRX
20021113,-4770,5,-150,-3.05,452434,444,16,--428,--545,91640,3290,--88350,--112190,KRX
20021112,-4920,5,-70,-1.40,367794,72,189,+117,+328,14890,38730,+23840,+65940,KRX
20021111,-4990,5,-110,-2.16,257630,274,63,--211,+40,54700,12600,--42100,+7430,KRX
20021108,-5100,5,-100,-1.92,432420,280,29,--251,--38,55310,5780,--49530,--8570,KRX
20021107,-5200,5,-110,-2.07,611001,336,123,--213,--697,64390,23430,--40960,--133710,KRX
20021106,+5310,2,+110,+2.12,768644,61,545,+484,+790,11640,104390,+92750,+151880,KRX
20021105,-5200,5,-80,-1.52,634940,346,40,--306,--975,66920,7790,--59130,--187530,KRX
20021104,+5280,2,+330,+6.67,1661182,15,684,+669,+740,2920,131320,+128400,+142910,KRX
20021101,-4950,5,-5,-0.10,333690,175,104,--71,--127,35710,21200,--14510,--25470,KRX
20021031,+4955,2,+85,+1.75,604866,147,203,+56,+56,29660,40620,+10960,+11490,KRX
20021030,-4870,5,-110,-2.21,557910,137,137,0,--56,28180,27650,--530,--11460,KRX
20021029,-4980,5,-120,-2.35,719220,114,170,+56,+35,22590,33520,+10930,+6190,KRX
20021028,+5100,2,+520,+11.35,2065503,147,168,+21,--244,29810,34550,+4740,--53390,KRX
20021025,+4580,2,+10,+0.22,266550,73,338,+265,+706,16160,74290,+58130,+154080,KRX
20021024,-4570,5,-85,-1.83,470621,488,47,--441,--1130,106060,10110,--95950,--248010,KRX
20021023,+4655,2,+245,+5.56,562090,112,801,+689,+740,24760,176820,+152060,+163170,KRX
20021022,-4410,5,-150,-3.29,536330,115,64,--51,+6,25260,14150,--11110,+1260,KRX
20021021,-4560,5,-150,-3.18,494320,91,34,--57,--171,19800,7430,--12370,--37120,KRX
20021018,+4710,2,+240,+5.37,1062900,133,247,+114,+8,28290,53040,+24750,+740,KRX
20021017,+4470,2,+100,+2.29,765870,102,208,+106,+217,23070,47080,+24010,+48990,KRX
20021016,-4370,5,-35,-0.79,591505,223,112,--111,--14,50270,25290,--24980,--3000,KRX
20021015,+4405,2,+110,+2.56,810200,139,42,--97,--93,31550,9570,--21980,--20900,KRX
20021014,+4295,2,+165,+4.00,729300,114,110,--4,+181,26940,25860,--1080,+44350,KRX
20021011,-4130,5,-50,-1.20,787157,247,62,--185,--14,60290,14860,--45430,--3250,KRX
20021010,-4180,5,-195,-4.46,545380,512,341,--171,--107,122300,80120,--42180,--27770,KRX
20021009,-4375,5,-125,-2.78,481000,377,313,--64,--476,85410,71000,--14410,--106590,KRX
20021008,+4500,2,+10,+0.22,367550,22,434,+412,+698,4860,97040,+92180,+154640,KRX
20021007,-4490,5,-210,-4.47,459764,314,28,--286,--436,68660,6200,--62460,--94380,KRX
20021004,-4700,5,-40,-0.84,285140,91,241,+150,+112,19270,51190,+31920,+24060,KRX
20021002,-4740,5,-115,-2.37,401040,114,152,+38,--244,23260,31120,+7860,--50790,KRX
20021001,+4855,2,+15,+0.31,362795,39,321,+282,+349,8070,66720,+58650,+72730,KRX
20020930,+4840,2,+40,+0.83,746590,145,78,--67,--269,30810,16730,--14080,--55650,KRX
20020927,4800,3,0,0.00,330190,72,274,+202,+182,14940,56510,+41570,+37230,KRX
20020926,+4800,2,+50,+1.05,461171,135,155,+20,--119,27710,32050,+4340,--24850,KRX
20020925,-4750,5,-195,-3.94,377495,28,167,+139,+42,5800,34990,+29190,+9380,KRX
20020924,-4945,5,-25,-0.50,425060,82,179,+97,+233,16970,36780,+19810,+47130,KRX
20020923,-4970,5,-200,-3.87,443214,175,39,--136,--209,35030,7710,--27320,--40970,KRX
20020919,+5170,2,+20,+0.39,344460,174,247,+73,+1058,33760,47410,+13650,+205300,KRX
20020918,-5150,5,-220,-4.10,577140,1036,51,--985,--1525,201450,9800,--191650,--293370,KRX
20020917,+5370,2,+300,+5.92,664174,52,592,+540,+711,10000,111720,+101720,+134910,KRX
20020916,-5070,5,-110,-2.12,331710,208,37,--171,+189,40460,7270,--33190,+35830,KRX
20020913,-5180,5,-220,-4.07,386021,390,30,--360,--1033,74840,5820,--69020,--194520,KRX
20020912,+5400,2,+90,+1.69,650971,496,1169,+673,+470,92070,217570,+125500,+86930,KRX
20020911,+5310,2,+160,+3.11,563330,79,282,+203,+11,14910,53480,+38570,+1230,KRX
20020910,+5150,2,+90,+1.78,397920,51,243,+192,+112,9920,47260,+37340,+22120,KRX
20020909,-5060,5,-200,-3.80,548660,68,148,+80,+175,13260,28480,+15220,+32940,KRX
20020906,-5260,5,-220,-4.01,536597,178,83,--95,+8,33400,15680,--17720,+1140,KRX
20020905,-5480,5,-50,-0.90,577139,169,66,--103,+273,30730,11870,--18860,+50720,KRX
20020904,-5530,5,-70,-1.25,832301,407,31,--376,--269,75270,5690,--69580,--50430,KRX
20020903,-5600,5,-150,-2.61,1166310,240,133,--107,+63,42250,23100,--19150,+10910,KRX
20020902,+5750,2,+330,+6.09,1595117,249,79,--170,--186,44140,14080,--30060,--32900,KRX
20020830,+5420,2,+60,+1.12,499798,197,213,+16,+135,36860,39700,+2840,+25130,KRX
20020829,+5360,2,+30,+0.56,339420,200,81,--119,--428,37620,15330,--22290,--80230,KRX
20020828,+5330,2,+80,+1.52,928560,21,330,+309,+800,3930,61870,+57940,+152500,KRX
20020827,+5250,2,+70,+1.35,422150,538,47,--491,--682,103510,8950,--94560,--130900,KRX
20020826,-5180,5,-170,-3.18,386030,6,197,+191,--149,1180,37520,+36340,--26030,KRX
20020823,-5350,5,-130,-2.37,592380,68,408,+340,+227,12670,75040,+62370,+41940,KRX
20020822,+5480,2,+30,+0.55,976343,184,297,+113,--82,33540,53970,+20430,--15680,KRX
20020821,+5450,2,+100,+1.87,528230,104,299,+195,--409,19430,55540,+36110,--74470,KRX
20020820,-5350,5,-10,-0.19,872119,62,666,+604,+551,11430,122010,+110580,+100680,KRX
20020819,+5360,2,+150,+2.88,995220,246,299,+53,+37,46400,56300,+9900,+6650,KRX
20020816,+5210,2,+265,+5.36,1091951,171,187,+16,--152,33140,36390,+3250,--30830,KRX
20020814,-4945,5,-35,-0.70,345395,131,299,+168,+146,26660,60740,+34080,+29570,KRX
20020813,+4980,2,+140,+2.89,396920,46,68,+22,--32,9340,13850,+4510,--6490,KRX
20020812,+4840,2,+25,+0.52,353931,82,136,+54,+106,16970,27970,+11000,+21800,KRX
20020809,+4815,2,+105,+2.23,659130,156,104,--52,+507,32250,21450,--10800,+107510,KRX
20020808,4710,3,0,0.00,449961,587,28,--559,--466,124260,5950,--118310,--98740,KRX
20020807,+4710,2,+40,+0.86,498830,186,93,--93,--660,38850,19280,--19570,--140660,KRX
20020806,-4670,5,-70,-1.48,441090,27,594,+567,+614,5850,126940,+121090,+131010,KRX
20020805,-4740,5,-190,-3.85,427220,94,47,--47,--164,19620,9700,--9920,--33570,KRX
20020802,-4930,5,-50,-1.00,374940,116,233,+117,+310,23810,47460,+23650,+62210,KRX
20020801,-4980,5,-90,-1.78,466180,256,63,--193,+66,50950,12390,--38560,+11870,KRX
20020731,-5070,5,-60,-1.17,412890,302,43,--259,--416,58750,8320,--50430,--80160,KRX
20020730,+5130,2,+130,+2.60,819080,94,251,+157,+224,18180,47910,+29730,+43320,KRX
20020729,+5000,2,+15,+0.30,397190,173,106,--67,--23,34450,20860,--13590,--3840,KRX
20020726,-4985,5,-145,-2.83,629910,355,311,--44,--263,70860,61110,--9750,--51070,KRX
20020725,+5130,2,+20,+0.39,881840,67,286,+219,+463,12700,54020,+41320,+89520,KRX
20020724,-5110,5,-190,-3.58,672598,362,118,--244,--532,71460,23260,--48200,--104750,KRX
20020723,+5300,2,+325,+6.53,1068820,72,360,+288,+229,14380,70930,+56550,+44600,KRX
20020722,-4975,5,-405,-7.53,883258,116,175,+59,+813,23100,35050,+11950,+153580,KRX
20020719,-5380,5,-200,-3.58,938603,809,55,--754,--952,151930,10300,--141630,--176900,KRX
20020718,-5580,5,-20,-0.36,1187842,85,283,+198,+213,15180,50450,+35270,+38480,KRX
20020716,-5600,5,-70,-1.23,1082238,237,222,--15,--43,42340,39130,--3210,--6970,KRX
20020715,+5670,2,+10,+0.18,1646700,360,388,+28,--573,63210,66970,+3760,--104250,KRX
20020712,+5660,2,+260,+4.81,990836,39,640,+601,+1410,6960,114970,+108010,+257540,KRX
20020711,-5400,5,-190,-3.40,1014860,905,96,--809,--641,167330,17800,--149530,--119420,KRX
20020710,-5590,5,-80,-1.41,1117850,272,104,--168,--747,48670,18560,--30110,--134100,KRX
20020709,+5670,2,+250,+4.61,1309240,69,648,+579,+1291,12390,116380,+103990,+231100,KRX
20020708,-5420,5,-10,-0.18,1900858,742,30,--712,--1521,132510,5400,--127110,--272230,KRX
20020705,+5430,2,+160,+3.04,2719380,86,895,+809,+1197,15790,160910,+145120,+219920,KRX
20020704,+5270,2,+290,+5.82,2339649,412,24,--388,--441,79360,4560,--74800,--84930,KRX
20020703,-4980,5,-20,-0.40,1001088,153,206,+53,+319,31250,41380,+10130,+64500,KRX
20020702,+5000,2,+70,+1.42,1100050,300,34,--266,--56,61360,6990,--54370,--11020,KRX
20020628,+4930,2,+470,+10.54,1960230,301,91,--210,--111,61920,18570,--43350,--21020,KRX
20020627,+4460,2,+110,+2.53,974251,212,113,--99,--165,47330,25000,--22330,--38000,KRX
20020626,-4350,5,-600,-12.12,1265560,155,221,+66,--273,33840,49510,+15670,--48800,KRX
20020625,-4950,5,-370,-6.95,731195,83,422,+339,--6,15760,80230,+64470,+150,KRX
20020624,-5320,5,-200,-3.62,586400,101,446,+345,+534,19070,83390,+64320,+98200,KRX
20020621,+5520,2,+90,+1.66,1397350,525,336,--189,--376,94540,60660,--33880,--68330,KRX
20020620,+5430,2,+130,+2.45,727800,197,384,+187,+323,36710,71160,+34450,+60660,KRX
20020619,-5300,5,-430,-7.50,683792,275,139,--136,--410,51110,24900,--26210,--72730,KRX
20020618,5730,3,0,0.00,733280,97,371,+274,+469,16860,63380,+46520,+80850,KRX
20020617,-5730,5,-70,-1.21,437508,397,202,--195,--176,69110,34780,--34330,--30870,KRX
20020614,5800,3,0,0.00,825200,120,101,--19,--207,20620,17160,--3460,--35380,KRX
20020612,+5800,2,+130,+2.29,899670,967,1155,+188,+525,167400,199320,+31920,+92450,KRX
20020611,5670,3,0,0.00,491999,366,29,--337,--532,65690,5160,--60530,--96680,KRX
20020610,+5670,2,+470,+9.04,673650,88,283,+195,+749,16160,52310,+36150,+141720,KRX
20020607,-5200,5,-190,-3.53,509983,619,65,--554,--540,117920,12350,--105570,--103010,KRX
20020605,-5390,5,-40,-0.74,562420,113,99,--14,+112,20620,18060,--2560,+22060,KRX
20020604,+5430,2,+100,+1.88,614120,236,110,--126,--91,45370,20750,--24620,--17760,KRX
20020603,+5330,2,+170,+3.29,730231,177,142,--35,--90,33770,26910,--6860,--17210,KRX
20020531,+5160,2,+50,+0.98,955120,160,215,+55,--38,30760,41110,+10350,--7140,KRX
20020530,-5110,5,-440,-7.93,1070741,101,194,+93,+742,18920,36410,+17490,+135780,KRX
20020529,-5550,5,-130,-2.29,801478,732,83,--649,--956,133240,14950,--118290,--172270,KRX
20020528,-5680,5,-130,-2.24,1239159,76,383,+307,+347,13270,67250,+53980,+61960,KRX
20020527,-5810,5,-370,-5.99,761772,252,212,--40,--587,42640,34660,--7980,--96500,KRX
20020524,+6180,2,+70,+1.15,700473,30,577,+547,+1256,4770,93290,+88520,+201880,KRX
20020523,-6110,5,-230,-3.63,1056931,810,101,--709,--898,129380,16020,--113360,--143540,KRX
20020522,+6340,2,+150,+2.42,720760,138,327,+189,+436,22350,52530,+30180,+70170,KRX
20020521,-6190,5,-340,-5.21,1056575,377,130,--247,+394,60440,20450,--39990,+57410,KRX
20020520,-6530,5,-110,-1.66,622551,691,50,--641,--1212,104980,7580,--97400,--183410,KRX
20020517,+6640,2,+70,+1.07,799730,30,601,+571,+478,4490,90500,+86010,+71970,KRX
20020516,-6570,5,-150,-2.23,736230,53,146,+93,--283,8070,22110,+14040,--41090,KRX
20020515,+6720,2,+80,+1.20,1651647,44,420,+376,+62,6490,61620,+55130,+6940,KRX
20020514,+6640,2,+340,+5.40,1524831,109,423,+314,+294,16700,64890,+48190,+45040,KRX
20020513,-6300,5,-10,-0.16,680471,128,148,+20,+111,20480,23630,+3150,+17960,KRX
20020510,-6310,5,-290,-4.39,830252,321,230,--91,+889,50120,35310,--14810,+134740,KRX
20020509,+6600,2,+60,+0.92,1107291,1530,550,--980,--943,231580,82030,--149550,--143880,KRX
20020508,+6540,2,+150,+2.35,1022630,128,91,--37,--237,19440,13770,--5670,--37600,KRX
20020507,+6390,2,+30,+0.47,1065036,76,276,+200,+308,11970,43900,+31930,+48500,KRX
20020506,-6360,5,-360,-5.36,890292,167,59,--108,+261,25730,9160,--16570,+39070,KRX
20020503,-6720,5,-250,-3.59,1232144,633,264,--369,--50,94640,39000,--55640,--5600,KRX
20020502,+6970,2,+870,+14.26,2510681,337,18,--319,--258,52920,2880,--50040,--40230,KRX
20020430,-6100,5,-220,-3.48,1438481,174,113,--61,--56,28030,18220,--9810,--8690,KRX
20020429,-6320,5,-540,-7.87,1226150,218,213,--5,+36,33690,32570,--1120,+4810,KRX
20020426,-6860,5,-20,-0.29,965030,203,162,--41,--217,29580,23650,--5930,--30860,KRX
20020425,-6880,5,-520,-7.03,1479778,147,323,+176,+139,21080,46010,+24930,+19850,KRX
20020424,-7400,5,-190,-2.50,1520201,137,174,+37,+165,18330,23410,+5080,+21720,KRX
20020423,-7590,5,-230,-2.94,1175744,344,216,--128,--620,44990,28350,--16640,--77550,KRX
20020422,-7820,5,-230,-2.86,2509214,331,823,+492,+827,41810,102720,+60910,+102450,KRX
20020419,+8050,2,+100,+1.26,4011826,511,176,--335,--491,63420,21880,--41540,--61250,KRX
20020418,7950,3,0,0.00,2218754,207,363,+156,--692,25820,45530,+19710,--88340,KRX
20020417,+7950,2,+450,+6.00,2954210,115,963,+848,+713,14600,122650,+108050,+89990,KRX
20020416,7500,3,0,0.00,1096202,137,272,+135,+141,18320,36380,+18060,+18990,KRX
20020415,+7500,2,+200,+2.74,1633239,136,130,--6,+352,18500,17570,--930,+49190,KRX
20020412,+7300,2,+110,+1.53,1595340,495,137,--358,+534,68990,18870,--50120,+74270,KRX
20020411,+7190,2,+40,+0.56,1453300,1842,950,--892,--471,256530,132140,--124390,--65850,KRX
20020410,-7150,5,-360,-4.79,1750200,541,120,--421,--737,75240,16700,--58540,--99710,KRX
20020409,-7510,5,-340,-4.33,1571841,160,476,+316,+241,20710,61880,+41170,+32330,KRX
20020408,-7850,5,-290,-3.56,1519460,371,446,+75,--363,46890,55730,+8840,--45240,KRX
20020404,+8140,2,+40,+0.49,2059487,143,581,+438,+548,17860,71940,+54080,+67070,KRX
20020403,+8100,2,+80,+1.00,2424739,577,467,--110,--658,70540,57550,--12990,--81640,KRX
20020402,+8020,2,+260,+3.35,2269184,155,703,+548,+1621,19770,88420,+68650,+202480,KRX
20020401,-7760,5,-420,-5.13,2288130,1187,114,--1073,--1310,148110,14280,--133830,--162340,KRX
20020329,-8180,5,-70,-0.85,2670763,160,397,+237,+234,19500,48010,+28510,+28140,KRX
20020328,+8250,2,+270,+3.38,8155824,256,259,+3,--547,30180,30550,+370,--67920,KRX
20020327,+7980,2,+180,+2.31,4535247,86,636,+550,--176,10770,79060,+68290,--26870,KRX
20020326,+7800,2,+200,+2.63,2438088,41,767,+726,+676,5400,100560,+95160,+89700,KRX
20020325,-7600,5,-340,-4.28,4232017,364,414,+50,--348,46060,51520,+5460,--44920,KRX
20020322,+7940,2,+670,+9.22,5981692,357,755,+398,+32,46860,97240,+50380,+250,KRX
20020321,-7270,5,-80,-1.09,1953775,98,464,+366,+487,13410,63540,+50130,+66550,KRX
20020320,-7350,5,-240,-3.16,3646430,505,384,--121,--268,67670,51250,--16420,--35660,KRX
20020319,+7590,2,+90,+1.20,2634677,621,768,+147,+59,83320,102560,+19240,+8440,KRX
20020318,-7500,5,-50,-0.66,4857314,447,535,+88,+253,58270,69070,+10800,+34090,KRX
20020315,+7550,2,+300,+4.14,6004625,385,220,--165,--15,52330,29040,--23290,--300,KRX
20020314,-7250,5,-130,-1.76,2878453,1326,1176,--150,--318,185720,162730,--22990,--46150,KRX
20020313,+7380,2,+320,+4.53,4809291,372,540,+168,+287,50750,73910,+23160,+41220,KRX
20020312,+7060,2,+260,+3.82,2319355,422,303,--119,--60,61710,43650,--18060,--9330,KRX
20020311,-6800,5,-140,-2.02,1558980,344,285,--59,--429,50380,41650,--8730,--62640,KRX
20020308,+6940,2,+40,+0.58,1518431,148,518,+370,+162,21840,75750,+53910,+24130,KRX
20020307,-6900,5,-10,-0.14,2002097,111,319,+208,+158,15960,45740,+29780,+22620,KRX
20020306,-6910,5,-120,-1.71,2049161,251,301,+50,+449,35890,43050,+7160,+63200,KRX
20020305,-7030,5,-130,-1.82,3405090,601,202,--399,--988,84640,28600,--56040,--135250,KRX
20020304,-7160,5,-190,-2.59,3706263,150,739,+589,+512,20610,99820,+79210,+68710,KRX
20020228,+7350,2,+230,+3.23,3365510,230,307,+77,--695,31530,42030,+10500,--98480,KRX
20020227,+7120,2,+70,+0.99,2508919,59,831,+772,+22,8350,117330,+108980,+1610,KRX
20020226,+7050,2,+510,+7.80,5792169,42,792,+750,+364,6050,113420,+107370,+49710,KRX
20020225,-6540,5,-260,-3.82,1966560,88,474,+386,+408,13190,70850,+57660,+60750,KRX
20020222,-6800,5,-240,-3.41,2386080,385,363,--22,--221,56470,53380,--3090,--31510,KRX
20020221,-7040,5,-110,-1.54,2969817,257,456,+199,+243,36100,64520,+28420,+34830,KRX
20020220,+7150,2,+210,+3.03,3274016,135,91,--44,+464,19560,13150,--6410,+65440,KRX
20020219,-6940,5,-260,-3.61,3563600,585,77,--508,--206,82710,10860,--71850,--29270,KRX
20020218,+7200,2,+300,+4.35,3713038,576,274,--302,--779,81280,38700,--42580,--111270,KRX
20020215,+6900,2,+130,+1.92,8730527,181,658,+477,+685,25980,94670,+68690,+99750,KRX
20020214,+6770,1,+880,+14.94,3999327,243,35,--208,--73,36520,5460,--31060,--7490,KRX
20020208,+5890,2,+290,+5.18,2749790,163,28,--135,--77,28350,4780,--23570,--13150,KRX
20020207,+5600,2,+20,+0.36,4354457,174,116,--58,--163,30570,20150,--10420,--29350,KRX
20020206,-5580,5,-70,-1.24,1851520,84,189,+105,+247,15010,33940,+18930,+45280,KRX
20020205,+5650,2,+340,+6.40,2095450,211,69,--142,--23,39110,12760,--26350,--3970,KRX
20020204,+5310,2,+10,+0.19,1813541,181,62,--119,+423,34020,11640,--22380,+76840,KRX
20020201,-5300,5,-290,-5.19,2159990,611,69,--542,--165,111770,12550,--99220,--33250,KRX
20020131,-5590,5,-30,-0.53,3184395,469,92,--377,--279,82140,16170,--65970,--48660,KRX
20020130,-5620,5,-210,-3.60,2473980,162,64,--98,--345,28850,11540,--17310,--60100,KRX
20020129,-5830,5,-150,-2.51,3390440,78,325,+247,+301,13380,56170,+42790,+51600,KRX
20020128,+5980,2,+200,+3.46,6261208,216,162,--54,--381,35920,27110,--8810,--67100,KRX
20020125,+5780,1,+750,+14.91,7653407,120,447,+327,--113,22080,80370,+58290,--28960,KRX
20020124,+5030,2,+105,+2.13,2401590,167,607,+440,+251,33350,120600,+87250,+48660,KRX
20020123,+4925,2,+215,+4.56,1701563,87,276,+189,+287,18700,57290,+38590,+59000,KRX
20020122,-4710,5,-15,-0.32,1649947,183,85,--98,--256,38090,17680,--20410,--54970,KRX
20020121,+4725,2,+90,+1.94,1277835,82,240,+158,+307,17900,52460,+34560,+65350,KRX
20020118,-4635,5,-265,-5.41,1852165,243,94,--149,--413,50430,19640,--30790,--85250,KRX
20020117,-4900,5,-100,-2.00,3055928,40,304,+264,+250,8290,62750,+54460,+51480,KRX
20020116,+5000,2,+240,+5.04,4805740,85,99,+14,+391,16940,19920,+2980,+80810,KRX
20020115,-4760,5,-90,-1.86,2813371,429,52,--377,--341,88590,10760,--77830,--70050,KRX
20020114,+4850,2,+350,+7.78,2788240,102,66,--36,+75,21850,14070,--7780,+17230,KRX
20020111,-4500,5,-10,-0.22,1922230,210,99,--111,+558,46710,21700,--25010,+120780,KRX
20020110,-4510,5,-205,-4.35,2561310,786,117,--669,--191,171340,25550,--145790,--42160,KRX
20020109,+4715,2,+345,+7.89,4357164,544,66,--478,--367,118160,14530,--103630,--77780,KRX
20020108,+4370,2,+100,+2.34,2872490,162,51,--111,+121,37380,11530,--25850,+29810,KRX
20020107,+4270,2,+30,+0.71,1239990,441,209,--232,--384,105390,49730,--55660,--91320,KRX
20020104,+4240,2,+140,+3.41,1406030,156,308,+152,+91,37070,72730,+35660,+20690,KRX
20020103,-4100,5,-150,-3.53,1139870,247,308,+61,--148,59110,74080,+14970,--34710,KRX
20020102,+4250,2,+100,+2.41,1466150,180,389,+209,+209,42930,92610,+49680,+49680,KRX
