시장,종목코드,종목명,현재가,대비부호,전일대비,매수체결수량,매수체결금액,매도체결수량,매도체결금액,순매수금액,전체거래비중
KOSPI,005930,삼성전자,255000,3,0,15969,921598,12514,722205,199393,+14.53
KOSPI,000660,SK하이닉스,1842000,3,0,1396,247173,2122,376070,-128897,+5.51
KOSPI,402340,SK스퀘어,1212000,3,0,317,27793,413,36225,-8432,+0.57
KOSPI,009150,삼성전기,1277000,3,0,346,39450,247,28133,11317,+0.60
KOSPI,005380,현대차,425000,3,0,321,70401,318,69643,758,+1.24
KOSPI,373220,LG에너지솔루션,334000,3,0,222,93179,123,51675,41504,+1.28
KOSPI,032830,삼성생명,331000,3,0,177,18770,264,28014,-9244,+0.41
KOSPI,207940,삼성바이오로직스,1396000,3,0,63,60388,52,49354,11034,+0.97
KOSPI,105560,KB금융,181100,3,0,1137,111540,1851,181567,-70027,+2.59
KOSPI,000270,기아,149700,3,0,770,74930,831,80803,-5873,+1.38
KOSPI,028260,삼성물산,346000,3,0,380,47036,432,53466,-6430,+0.89
KOSPI,055550,신한지주,107900,3,0,1401,78827,1359,76407,2420,+1.37
KOSPI,329180,HD현대중공업,484000,3,0,89,21483,92,22103,-620,+0.39
KOSPI,012450,한화에어로스페이스,943000,3,0,239,85941,401,144385,-58444,+2.04
KOSPI,034020,두산에너빌리티,69700,3,0,1431,31797,1811,40189,-8392,+0.64
KOSPI,012330,현대모비스,482000,3,0,183,45263,246,60923,-15660,+0.94
KOSPI,034730,SK,580000,3,0,120,17311,88,12757,4554,+0.27
KOSPI,068270,셀트리온,175800,3,0,255,44981,310,54758,-9777,+0.88
KOSPI,086790,하나금융지주,136800,3,0,922,58087,1388,87406,-29319,+1.29
KOSPI,006400,삼성SDI,434500,3,0,282,78504,285,79197,-693,+1.39
KOSPI,000810,삼성화재,701000,3,0,140,52399,192,72066,-19667,+1.10
KOSPI,035420,NAVER,190000,3,0,1780,342858,1637,315401,27457,+5.82
KOSPI,066570,LG전자,179000,3,0,250,23633,425,40099,-16466,+0.56
KOSPI,267260,HD현대일렉트릭,797000,3,0,164,62108,116,43928,18180,+0.94
KOSPI,010120,LS ELECTRIC,190000,3,0,266,38260,190,27499,10761,+0.58
KOSPI,042660,한화오션,86700,3,0,1085,41817,1486,57275,-15458,+0.88
KOSPI,298040,효성중공업,2789000,3,0,70,27885,52,20739,7146,+0.43
KOSPI,009540,HD한국조선해양,354000,3,0,285,60453,142,30378,30075,+0.80
KOSPI,005490,POSCO홀딩스,311500,3,0,259,78176,358,108236,-30060,+1.65
KOSPI,042700,한미반도체,242500,3,0,177,14916,201,16952,-2036,+0.28
KOSPI,316140,우리금융지주,31500,3,0,1812,30535,2160,36386,-5851,+0.59
KOSPI,006800,미래에셋증권,40050,3,0,1028,8775,1726,14719,-5944,+0.21
KOSPI,015760,한국전력,34050,3,0,808,19237,696,16539,2698,+0.32
KOSPI,010130,고려아연,1029000,3,0,54,48589,60,54186,-5597,+0.91
KOSPI,096770,SK이노베이션,121400,3,0,233,28065,160,19132,8933,+0.42
KOSPI,138040,메리츠금융지주,118300,3,0,193,19925,322,33301,-13376,+0.47
KOSPI,010140,삼성중공업,22300,3,0,2620,31336,4805,57587,-26251,+0.79
KOSPI,000150,두산,1202000,3,0,41,8740,81,17463,-8723,+0.23
KOSPI,017670,SK텔레콤,89700,3,0,472,26800,575,32636,-5836,+0.53
KOSPI,011200,HMM,20050,3,0,1438,27131,745,14055,13076,+0.36
KOSPI,033780,KT&G,179900,3,0,403,47623,618,73147,-25524,+1.07
KOSPI,051910,LG화학,260500,3,0,109,33405,151,46503,-13098,+0.71
KOSPI,064350,현대로템,159000,3,0,5985,360074,5820,351030,9044,+6.29
KOSPI,024110,기업은행,21600,3,0,1110,16294,1549,22744,-6450,+0.35
KOSPI,079550,LIG디펜스앤에어로스페이스,749000,3,0,66,14612,69,15486,-874,+0.27
KOSPI,010950,S-Oil,144900,3,0,122,7162,161,9449,-2287,+0.15
KOSPI,267250,HD현대,204500,3,0,165,13306,172,13826,-520,+0.24
KOSPI,035720,카카오,35900,3,0,555,20056,573,20699,-643,+0.36
KOSPI,011070,LG이노텍,668000,3,0,87,14864,78,13364,1500,+0.25
KOSPI,018260,삼성에스디에스,199300,3,0,88,13117,122,18185,-5068,+0.28
KOSPI,003550,LG,98800,3,0,251,19269,245,18836,433,+0.34
KOSPI,278470,에이피알,393000,3,0,117,6273,74,3969,2304,+0.09
KOSPI,047810,한국항공우주,149200,3,0,335,20852,538,33593,-12741,+0.48
KOSPI,086280,현대글로비스,188600,3,0,129,15822,135,16611,-789,+0.29
KOSPI,030200,KT,52400,3,0,118,5290,171,7649,-2359,+0.11
KOSPI,003670,포스코퓨처엠,147600,3,0,114,21264,102,18987,2277,+0.36
KOSPI,071050,한국금융지주,229000,3,0,137,10035,186,13620,-3585,+0.21
KOSPI,272210,한화시스템,65500,3,0,950,24282,1351,34859,-10577,+0.52
KOSPI,005940,NH투자증권,31000,3,0,464,6206,681,9091,-2885,+0.14
KOSPI,259960,크래프톤,240500,3,0,62,19125,62,18918,207,+0.34
KOSPI,000720,현대건설,99000,3,0,6232,171934,7229,199840,-27906,+3.29
KOSPI,323410,카카오뱅크,23000,3,0,415,8976,345,7462,1514,+0.15
KOSPI,307950,현대오토에버,393000,3,0,11,1520,13,1805,-285,+0.03
KOSPI,005830,DB손해보험,163000,3,0,211,23104,199,21810,1294,+0.40
KOSPI,003490,대한항공,26500,3,0,613,14864,770,18659,-3795,+0.30
KOSPI,016360,삼성증권,107700,3,0,143,6613,173,7991,-1378,+0.13
KOSPI,161390,한국타이어앤테크놀로지,73600,3,0,309,11878,267,10226,1652,+0.20
KOSPI,443060,HD현대마린솔루션,201000,3,0,46,6812,21,3116,3696,+0.09
KOSPI,352820,하이브,208500,3,0,85,18218,61,13222,4996,+0.28
KOSPI,006260,LS,288000,3,0,80,7314,62,5619,1695,+0.11
KOSPI,047050,포스코인터내셔널,50900,3,0,277,14271,145,7519,6752,+0.19
KOSPI,039490,키움증권,322000,3,0,19,2419,22,2749,-330,+0.05
KOSPI,003230,삼양식품,1069000,3,0,7,3613,30,15822,-12209,+0.17
KOSPI,028050,삼성E&A,40850,3,0,875,16444,802,15079,1365,+0.28
KOSPI,078930,GS,82800,3,0,198,8329,234,9795,-1466,+0.16
KOSPI,180640,한진칼,113500,3,0,94,7294,101,7803,-509,+0.13
KOSPI,090430,아모레퍼시픽,124400,3,0,97,10630,141,15428,-4798,+0.23
KOSPI,021240,코웨이,96700,3,0,354,22423,379,24035,-1612,+0.41
KOSPI,353200,대덕전자,138000,3,0,121,1903,39,618,1285,+0.02
KOSPI,007660,이수페타시스,92000,3,0,298,6929,141,3281,3648,+0.09
KOSPI,000880,한화,93200,3,0,129,3704,129,3709,-5,+0.07
KOSPI,267270,HD건설기계,130300,3,0,44,2747,52,3273,-526,+0.05
KOSPI,047040,대우건설,15150,3,0,354,1305,128,472,833,+0.02
KOSPI,326030,SK바이오팜,79400,3,0,139,13819,156,15647,-1828,+0.26
KOSPI,032640,LG유플러스,14620,3,0,2032,22837,1595,17909,4928,+0.36
KOSPI,241560,두산밥캣,64300,3,0,338,12911,312,11918,993,+0.22
KOSPI,138930,BNK금융지주,18330,3,0,694,6911,554,5518,1393,+0.11
KOSPI,000100,유한양행,70800,3,0,625,73884,521,61819,12065,+1.20
KOSPI,004170,신세계,589000,3,0,16,2100,14,1834,266,+0.03
KOSPI,377300,카카오페이,40900,3,0,666,15646,568,13347,2299,+0.26
KOSPI,029780,삼성카드,47050,3,0,14,597,37,1553,-956,+0.02
KOSPI,001440,대한전선,27700,3,0,972,11440,484,5769,5671,+0.15
KOSPI,034220,LG디스플레이,10410,3,0,1000,9891,951,9399,492,+0.17
KOSPI,062040,산일전기,170000,3,0,145,8421,131,7575,846,+0.14
KOSPI,175330,JB금융지주,27400,3,0,200,3716,280,5180,-1464,+0.08
KOSPI,271560,오리온,128400,3,0,83,8331,133,13346,-5015,+0.19
KOSPI,128940,한미약품,386000,3,0,40,11216,39,10802,414,+0.19
KOSPI,088980,맥쿼리인프라,10190,3,0,212,2394,639,7222,-4828,+0.09
KOSPI,036570,NC,223000,3,0,65,14245,60,13175,1070,+0.24
KOSPI,000990,DB하이텍,109600,3,0,104,3472,89,2976,496,+0.06
KOSPI,009830,한화솔루션,27600,3,0,10620,180475,10565,179465,1010,+3.18
KOSPI,454910,두산로보틱스,67000,3,0,54,3701,32,2231,1470,+0.05
KOSPI,011790,SKC,85200,3,0,78,8864,153,17322,-8458,+0.23
KOSPI,023530,롯데쇼핑,140800,3,0,18,1025,38,2190,-1165,+0.03
KOSPI,001040,CJ,135700,3,0,39,3846,34,3315,531,+0.06
KOSPI,088350,한화생명,4540,3,0,235,647,429,1181,-534,+0.02
KOSPI,082740,한화엔진,46900,3,0,760,13368,720,12663,705,+0.23
KOSPI,111770,영원무역,86900,3,0,10,383,23,877,-494,+0.01
KOSPI,066970,엘앤에프,92000,3,0,204,22661,108,12096,10565,+0.31
KOSPI,051900,LG생활건강,246500,3,0,55,18171,41,13457,4714,+0.28
KOSPI,010060,OCI홀딩스,194300,3,0,28,1725,19,1128,597,+0.03
KOSPI,002380,KCC,420000,3,0,12,2917,18,4237,-1320,+0.06
KOSPI,018880,한온시스템,3490,3,0,530,2219,171,711,1508,+0.03
KOSPI,052690,한전기술,92700,3,0,35,2519,22,1558,961,+0.04
KOSPI,004020,현대제철,26550,3,0,6366,134470,7426,157231,-22761,+2.58
KOSPI,069960,현대백화점,157400,3,0,27,1154,29,1261,-107,+0.02
KOSPI,001450,현대해상,38300,3,0,242,6809,261,7350,-541,+0.13
KOSPI,000500,가온전선,196700,3,0,209,8914,246,10416,-1502,+0.17
KOSPI,011780,금호석유화학,123500,3,0,135,14472,128,13666,806,+0.25
KOSPI,035250,강원랜드,14410,3,0,155,2672,282,4879,-2207,+0.07
KOSPI,383220,F&F,79000,3,0,12,621,20,1013,-392,+0.01
KOSPI,036460,한국가스공사,32400,3,0,241,11436,195,9232,2204,+0.18
KOSPI,251270,넷마블,36300,3,0,103,5392,59,3078,2314,+0.07
KOSPI,336260,두산퓨얼셀,44550,3,0,413,6832,148,2481,4351,+0.08
KOSPI,139130,iM금융지주,18410,3,0,276,2360,168,1440,920,+0.03
KOSPI,103590,일진전기,59500,3,0,165,3638,203,4501,-863,+0.07
KOSPI,022100,포스코DX,18630,3,0,318,7198,141,3202,3996,+0.09
KOSPI,097950,CJ제일제당,184800,3,0,35,9409,44,11855,-2446,+0.19
KOSPI,302440,SK바이오사이언스,35450,3,0,89,4425,54,2701,1724,+0.06
KOSPI,028670,팬오션,5160,3,0,854,3097,806,2920,177,+0.05
KOSPI,009420,한올바이오파마,52800,3,0,176,6290,280,9972,-3682,+0.14
KOSPI,012750,에스원,72100,3,0,12,738,15,912,-174,+0.01
KOSPI,017800,현대엘리베이터,68900,3,0,49,2577,54,2811,-234,+0.05
KOSPI,014680,한솔케미칼,244500,3,0,21,2291,24,2600,-309,+0.04
KOSPI,011170,롯데케미칼,61000,3,0,130,8758,54,3608,5150,+0.11
KOSPI,450080,에코프로머티,36500,3,0,105,10005,120,11293,-1288,+0.19
KOSPI,005440,현대지에프홀딩스,13950,3,0,15,74,18,87,-13,+0.00
KOSPI,026960,동서,25500,3,0,47,1270,34,910,360,+0.02
KOSPI,161890,한국콜마,107600,3,0,36,1949,39,2133,-184,+0.04
KOSPI,005850,에스엘,54400,3,0,15,473,28,873,-400,+0.01
KOSPI,081660,미스토홀딩스,46950,3,0,58,2329,43,1701,628,+0.04
KOSPI,009970,영원무역홀딩스,191200,3,0,9,727,13,1095,-368,+0.02
KOSPI,001720,신영증권,149400,3,0,0,28,1,107,-79,+0.00
KOSPI,003690,코리안리,13660,3,0,89,703,68,534,169,+0.01
KOSPI,000240,한국앤컴퍼니,25250,3,0,25,427,18,309,118,+0.01
KOSPI,004800,효성,143100,3,0,15,683,17,755,-72,+0.01
KOSPI,007340,DN오토모티브,40800,3,0,15,269,44,794,-525,+0.01
KOSPI,006360,GS건설,27300,3,0,432,8236,130,2480,5756,+0.09
KOSPI,375500,DL이앤씨,60200,3,0,99,3205,43,1383,1822,+0.04
KOSPI,489790,한화비전,45800,3,0,208,8149,241,9414,-1265,+0.16
KOSPI,004990,롯데지주,22800,3,0,37,768,32,669,99,+0.01
KOSPI,085620,미래에셋생명,16760,3,0,3,14,10,55,-41,+0.00
KOSPI,008930,한미사이언스,32700,3,0,133,4467,52,1746,2721,+0.05
KOSPI,007070,GS리테일,26400,3,0,134,3063,61,1400,1663,+0.04
KOSPI,139480,이마트,79700,3,0,67,4259,28,1769,2490,+0.05
KOSPI,282330,BGF리테일,126400,3,0,10,1038,6,606,432,+0.01
KOSPI,030000,제일기획,18610,3,0,80,1453,84,1528,-75,+0.03
KOSPI,004370,농심,349500,3,0,6,1885,3,1056,829,+0.03
KOSPI,204320,HL만도,44800,3,0,127,5270,181,7472,-2202,+0.11
KOSPI,192820,코스맥스,181100,3,0,23,3060,22,2898,162,+0.05
KOSPI,018670,SK가스,222000,3,0,2,482,4,797,-315,+0.01
KOSPI,281820,케이씨텍,100800,3,0,40,1271,21,663,608,+0.02
KOSPI,051600,한전KPS,43550,3,0,62,2900,79,3692,-792,+0.06
KOSPI,071970,HD현대마린엔진,57600,3,0,334,6928,111,2303,4625,+0.08
KOSPI,002790,아모레퍼시픽홀딩스,25000,3,0,59,1331,52,1176,155,+0.02
KOSPI,462870,시프트업,32450,3,0,66,3455,20,1036,2419,+0.04
KOSPI,008770,호텔신라,47800,3,0,63,2497,25,1003,1494,+0.03
KOSPI,475150,SK이터닉스,52000,3,0,136,1904,39,551,1353,+0.02
KOSPI,457190,이수스페셜티케미컬,58500,3,0,36,1308,54,1977,-669,+0.03
KOSPI,103140,풍산,62100,3,0,65,3688,73,4151,-463,+0.07
KOSPI,395400,SK리츠,5650,3,0,183,874,26,123,751,+0.01
KOSPI,020150,롯데에너지머티리얼즈,32250,3,0,55,1480,29,777,703,+0.02
KOSPI,007810,코리아써키트,70300,3,0,35,285,3,27,258,+0.00
KOSPI,112610,씨에스윈드,39850,3,0,94,3857,89,3624,233,+0.07
KOSPI,073240,금호타이어,5850,3,0,226,1011,205,913,98,+0.02
KOSPI,000120,CJ대한통운,72500,3,0,18,1450,19,1517,-67,+0.03
KOSPI,120110,코오롱인더,53600,3,0,44,1276,33,970,306,+0.02
KOSPI,001740,SK네트웍스,7990,3,0,228,1015,395,1753,-738,+0.02
KOSPI,001800,오리온홀딩스,26050,3,0,28,448,41,667,-219,+0.01
KOSPI,011210,현대위아,57600,3,0,39,1657,24,1035,622,+0.02
KOSPI,023590,다우기술,35650,3,0,6,115,6,116,-1,+0.00
KOSPI,006040,동원산업,33350,3,0,5,166,1,28,138,+0.00
KOSPI,020560,아시아나항공,7080,3,0,62,659,25,269,390,+0.01
KOSPI,006280,녹십자,122800,3,0,12,1612,10,1372,240,+0.03
KOSPI,001120,LX인터내셔널,36800,3,0,59,1673,48,1357,316,+0.03
KOSPI,069620,대웅제약,121900,3,0,16,1976,11,1344,632,+0.03
KOSPI,097230,HJ중공업,15560,3,0,628,2697,500,2166,531,+0.04
KOSPI,089860,롯데렌탈,36750,3,0,8,225,21,603,-378,+0.01
KOSPI,229640,LS에코에너지,43050,3,0,103,2482,104,2530,-48,+0.04
KOSPI,192080,더블유게임즈,61600,3,0,7,338,13,625,-287,+0.01
KOSPI,007310,오뚜기,313000,3,0,1,516,1,413,103,+0.01
KOSPI,093370,후성,11690,3,0,121,688,65,368,320,+0.01
KOSPI,005070,코스모신소재,37500,3,0,1821,121292,2037,135575,-14283,+2.27
KOSPI,322000,HD현대에너지솔루션,110100,3,0,19,381,11,221,160,+0.01
KOSPI,003540,대신증권,25850,3,0,16,270,21,346,-76,+0.01
KOSPI,181710,NHN,37400,3,0,224,3678,290,4790,-1112,+0.07
KOSPI,012630,HDC,20400,3,0,20,234,26,307,-73,+0.00
KOSPI,017960,한국카본,23450,3,0,603,6880,930,10632,-3752,+0.15
KOSPI,298020,효성티앤씨,278000,3,0,42,8486,13,2581,5905,+0.10
KOSPI,082640,동양생명,7670,3,0,37,217,60,350,-133,+0.01
KOSPI,294870,IPARK현대산업개발,18030,3,0,178,3651,150,3078,573,+0.06
KOSPI,004000,롯데정밀화학,45650,3,0,34,1225,29,1029,196,+0.02
KOSPI,361610,SK아이이테크놀로지,14260,3,0,85,2380,66,1868,512,+0.04
KOSPI,001430,세아베스틸지주,32500,3,0,20,417,20,420,-3,+0.01
KOSPI,003570,SNT다이내믹스,34550,3,0,53,1174,36,809,365,+0.02
KOSPI,030610,교보증권,9740,3,0,2,13,4,24,-11,+0.00
KOSPI,000080,하이트진로,14910,3,0,20,423,35,731,-308,+0.01
KOSPI,300720,한일시멘트,13990,3,0,15,205,45,621,-416,+0.01
KOSPI,077970,STX엔진,25000,3,0,223,4849,151,3291,1558,+0.07
KOSPI,330590,롯데리츠,3435,3,0,293,962,238,778,184,+0.02
KOSPI,003090,대웅,16840,3,0,12,244,20,416,-172,+0.01
KOSPI,000210,DL,46450,3,0,23,819,20,717,102,+0.01
KOSPI,195870,해성디에스,56800,3,0,153,3444,211,4769,-1325,+0.07
KOSPI,003240,태광산업,866000,3,0,3,1779,6,3626,-1847,+0.05
KOSPI,003530,한화투자증권,4480,3,0,175,653,189,705,-52,+0.01
KOSPI,006340,대원전선,12230,3,0,831,2289,347,965,1324,+0.03
KOSPI,006120,SK디스커버리,54500,3,0,7,261,6,229,32,+0.00
KOSPI,034230,파라다이스,10190,3,0,50,490,23,230,260,+0.01
KOSPI,185750,종근당,68300,3,0,15,1423,9,812,611,+0.02
KOSPI,280360,롯데웰푸드,101000,3,0,6,625,7,797,-172,+0.01
KOSPI,005300,롯데칠성,99400,3,0,3,378,6,675,-297,+0.01
KOSPI,032350,롯데관광개발,11560,3,0,153,1336,59,525,811,+0.02
KOSPI,192400,쿠쿠홀딩스,25550,3,0,2,56,3,76,-20,+0.00
KOSPI,001820,삼화콘덴서,87000,3,0,7,181,4,101,80,+0.00
KOSPI,009450,경동나비엔,62000,3,0,57,4423,59,4635,-212,+0.08
KOSPI,003470,유안타증권,4505,3,0,24,66,23,65,1,+0.00
KOSPI,036530,SNT홀딩스,52000,3,0,3,58,1,26,32,+0.00
KOSPI,100090,SK오션플랜트,13340,3,0,147,1717,42,490,1227,+0.02
KOSPI,009240,한샘,35400,3,0,13,669,7,343,326,+0.01
KOSPI,451800,한화리츠,4625,3,0,22,81,8,30,51,+0.00
KOSPI,030190,NICE평가정보,13940,3,0,22,253,30,351,-98,+0.01
KOSPI,456040,OCI,89800,3,0,6,412,10,617,-205,+0.01
KOSPI,365550,ESR켄달스퀘어리츠,3185,3,0,41,201,36,177,24,+0.00
KOSPI,000400,롯데손해보험,2490,3,0,143,286,36,71,215,+0.00
KOSPI,004490,세방전지,55000,3,0,14,900,26,1731,-831,+0.02
KOSPI,137310,에스디바이오센서,6300,3,0,65,661,91,921,-260,+0.01
KOSPI,071320,지역난방공사,64800,3,0,15,793,4,200,593,+0.01
KOSPI,214320,이노션,18300,3,0,12,245,12,229,16,+0.00
KOSPI,079160,CJ CGV,4375,3,0,193,1037,94,510,527,+0.01
KOSPI,003850,보령,8300,3,0,20,206,16,157,49,+0.00
KOSPI,000370,한화손해보험,6090,3,0,28,126,96,437,-311,+0.00
KOSPI,248070,솔루엠,14810,3,0,59,1172,50,988,184,+0.02
KOSPI,075580,세진중공업,12170,3,0,329,2778,514,4338,-1560,+0.06
KOSPI,006650,대한유화,105400,3,0,7,623,9,780,-157,+0.01
KOSPI,064960,SNT모티브,25750,3,0,2,82,3,119,-37,+0.00
KOSPI,285130,SK케미칼,39250,3,0,7,282,11,465,-183,+0.01
KOSPI,298050,HS효성첨단소재,150500,3,0,33,5587,26,4421,1166,+0.09
KOSPI,000670,영풍,36400,3,0,8,3236,9,3684,-448,+0.06
KOSPI,005690,파미셀,11090,3,0,300,1496,412,2101,-605,+0.03
KOSPI,002350,넥센타이어,6750,3,0,17,108,28,175,-67,+0.00
KOSPI,002960,한국쉘석유,501000,3,0,0,23,1,270,-247,+0.00
KOSPI,093050,LF,22200,3,0,4,55,7,111,-56,+0.00
KOSPI,025540,한국단자,64100,3,0,3,235,7,461,-226,+0.01
KOSPI,108320,LX세미콘,39250,3,0,10,590,51,2961,-2371,+0.03
KOSPI,001570,금양,9900,3,0,3153,90738,3294,94948,-4210,+1.64
KOSPI,069260,TKG휴켐스,15450,3,0,12,227,11,197,30,+0.00
KOSPI,293940,신한알파리츠,5170,3,0,35,199,29,166,33,+0.00
KOSPI,003160,디아이,21250,3,0,158,2013,208,2665,-652,+0.04
KOSPI,005180,빙그레,64700,3,0,37,2485,114,7667,-5182,+0.09
KOSPI,005880,대한해운,1856,3,0,357,642,83,149,493,+0.01
KOSPI,453340,현대그린푸드,18430,3,0,16,211,12,154,57,+0.00
KOSPI,090460,비에이치,17740,3,0,108,1756,62,1012,744,+0.02
KOSPI,001680,대상,17260,3,0,14,292,30,615,-323,+0.01
KOSPI,017940,E1,87100,3,0,5,337,1,78,259,+0.00
KOSPI,002840,미원상사,123900,3,0,1,204,1,142,62,+0.00
KOSPI,383800,LX홀딩스,7670,3,0,576,3946,980,6717,-2771,+0.09
KOSPI,007700,F&F홀딩스,14800,3,0,1,9,0,5,4,+0.00
KOSPI,003620,KG모빌리티,2860,3,0,159,650,60,248,402,+0.01
KOSPI,114090,GKL,9330,3,0,214,2441,75,863,1578,+0.03
KOSPI,014820,동원시스템즈,19680,3,0,8,355,11,498,-143,+0.01
KOSPI,001060,JW중외제약,24250,3,0,37,906,23,547,359,+0.01
KOSPI,268280,미원에스씨,112200,3,0,0,8,0,1,7,+0.00
KOSPI,010780,아이에스동서,18510,3,0,14,290,22,467,-177,+0.01
KOSPI,001270,부국증권,53800,3,0,0,3,0,2,1,+0.00
KOSPI,178920,PI첨단소재,18990,3,0,22,386,24,414,-28,+0.01
KOSPI,005090,SGC에너지,38500,3,0,4,113,3,79,34,+0.00
KOSPI,000640,동아쏘시오홀딩스,81900,3,0,3,358,4,460,-102,+0.01
KOSPI,006110,삼아알미늄,35800,3,0,12,502,10,396,106,+0.01
KOSPI,033240,자화전자,24850,3,0,219,2846,306,3979,-1133,+0.06
KOSPI,001510,SK증권,2260,3,0,30,15,44,22,-7,+0.00
KOSPI,003300,한일홀딩스,16780,3,0,1,8,2,21,-13,+0.00
KOSPI,100840,SNT에너지,24750,3,0,97,1823,179,3351,-1528,+0.05
KOSPI,016380,KG스틸,5110,3,0,69,438,41,262,176,+0.01
KOSPI,336370,솔루스첨단소재,7200,3,0,60,570,33,310,260,+0.01
KOSPI,058650,세아홀딩스,118300,3,0,0,0,0,1,-1,+0.00
KOSPI,001500,현대차증권,8040,3,0,2,17,3,26,-9,+0.00
KOSPI,448730,삼성FN리츠,5330,3,0,20,91,26,121,-30,+0.00
KOSPI,005810,풍산홀딩스,33500,3,0,1,14,3,87,-73,+0.00
KOSPI,377740,바이오노트,4700,3,0,20,95,6,26,69,+0.00
KOSPI,284740,쿠쿠홈시스,21250,3,0,3,65,6,131,-66,+0.00
KOSPI,009410,태영건설,1602,3,0,1,2,4,12,-10,+0.00
KOSPI,039130,하나투어,30200,3,0,32,1850,32,1830,20,+0.03
KOSPI,079900,전진건설로봇,31950,3,0,339,10031,165,4863,5168,+0.13
KOSPI,145990,삼양사,45200,3,0,1,32,0,13,19,+0.00
KOSPI,020000,한섬,21650,3,0,5,72,7,99,-27,+0.00
KOSPI,002240,고려제강,17090,3,0,2,37,1,24,13,+0.00
KOSPI,008060,대덕,14620,3,0,3,22,3,20,2,+0.00
KOSPI,005250,녹십자홀딩스,9630,3,0,16,241,10,143,98,+0.00
KOSPI,249420,일동제약,14230,3,0,9,106,2,23,83,+0.00
KOSPI,161000,애경케미칼,9030,3,0,269,2292,319,2716,-424,+0.04
KOSPI,034310,NICE,11940,3,0,6,64,2,24,40,+0.00
KOSPI,000070,삼양홀딩스,56400,3,0,1,42,2,136,-94,+0.00
KOSPI,002020,코오롱,33850,3,0,1,9,1,15,-6,+0.00
KOSPI,003280,흥아해운,1783,3,0,559,1016,69,125,891,+0.01
KOSPI,460860,동국제강,8580,3,0,43,358,34,286,72,+0.01
KOSPI,014830,유니드,62600,3,0,66,4427,84,5630,-1203,+0.09
KOSPI,019170,신풍제약,8040,3,0,62,691,19,211,480,+0.01
KOSPI,004700,조광피혁,63000,3,0,0,2,0,2,0,+0.00
KOSPI,072710,농심홀딩스,89900,3,0,0,32,0,33,-1,+0.00
KOSPI,004690,삼천리,114400,3,0,8,696,1,109,587,+0.01
KOSPI,001200,유진투자증권,4280,3,0,326,999,111,341,658,+0.01
KOSPI,003030,세아제강지주,99600,3,0,1,221,4,620,-399,+0.01
KOSPI,031430,신세계인터내셔날,11700,3,0,193,2014,260,2719,-705,+0.04
KOSPI,029530,신도리코,41900,3,0,2,73,2,89,-16,+0.00
KOSPI,002990,금호건설,10900,3,0,25,75,37,108,-33,+0.00
KOSPI,417310,코람코더원리츠,9940,3,0,5,22,6,28,-6,+0.00
KOSPI,004710,한솔테크닉스,9720,3,0,3,12,1,3,9,+0.00
KOSPI,016610,DB증권,9240,3,0,7,33,18,89,-56,+0.00
KOSPI,002810,삼영무역,21050,3,0,1,12,1,16,-4,+0.00
KOSPI,015360,INVENI,14250,3,0,2,78,1,57,21,+0.00
KOSPI,357120,코람코라이프인프라리츠,3965,3,0,102,457,28,128,329,+0.01
KOSPI,452260,한화갤러리아,1990,3,0,43,51,17,20,31,+0.00
KOSPI,003000,부광약품,3905,3,0,32,147,3,15,132,+0.00
KOSPI,016590,신대양제지,9430,3,0,1,5,6,36,-31,+0.00
KOSPI,105630,한세실업,9500,3,0,19,273,24,343,-70,+0.01
KOSPI,002030,아세아,184300,3,0,0,26,0,23,3,+0.00
KOSPI,027410,BGF,3945,3,0,5,19,5,18,1,+0.00
KOSPI,403550,쏘카,9920,3,0,0,6,1,16,-10,+0.00
KOSPI,381970,케이카,7540,3,0,8,100,12,149,-49,+0.00
KOSPI,009900,명신산업,7000,3,0,96,1143,59,703,440,+0.02
KOSPI,006220,제주은행,9660,3,0,36,295,7,58,237,+0.00
KOSPI,092230,KPX홀딩스,86300,3,0,0,9,0,3,6,+0.00
KOSPI,271940,일진하이솔루스,10000,3,0,10,185,6,115,70,+0.00
KOSPI,344820,KCC글라스,22600,3,0,6,219,4,167,52,+0.00
KOSPI,005420,코스모화학,9380,3,0,71,1275,44,796,479,+0.02
KOSPI,306200,세아제강,126400,3,0,0,30,0,40,-10,+0.00
KOSPI,001940,KISCO홀딩스,25100,3,0,0,7,0,1,6,+0.00
KOSPI,007690,국도화학,38050,3,0,1,16,0,13,3,+0.00
KOSPI,170900,동아에스티,35950,3,0,13,791,4,232,559,+0.01
KOSPI,130660,한전산업,10700,3,0,36,441,22,266,175,+0.01
KOSPI,145720,덴티움,40250,3,0,32,1819,13,770,1049,+0.02
KOSPI,060980,HL홀딩스,37850,3,0,1,38,5,181,-143,+0.00
KOSPI,194370,제이에스코퍼레이션,11760,3,0,13,185,23,332,-147,+0.00
KOSPI,005950,이수화학,12930,3,0,28,193,6,38,155,+0.00
KOSPI,104700,한국철강,9290,3,0,5,47,2,21,26,+0.00
KOSPI,017810,풀무원,8880,3,0,22,252,18,205,47,+0.00
KOSPI,089590,제주항공,4195,3,0,57,526,17,155,371,+0.01
KOSPI,017900,광전자,5810,3,0,14,24,1,1,23,+0.00
KOSPI,008730,율촌화학,13480,3,0,9,214,9,224,-10,+0.00
KOSPI,037710,광주신세계,43350,3,0,0,14,0,2,12,+0.00
KOSPI,029460,케이씨,29950,3,0,6,107,3,43,64,+0.00
KOSPI,126560,현대퓨처넷,3000,3,0,111,442,30,118,324,+0.00
KOSPI,026890,스틱인베스트먼트,8430,3,0,13,104,12,96,8,+0.00
KOSPI,183190,아세아시멘트,9070,3,0,4,36,3,31,5,+0.00
KOSPI,005610,삼립,37250,3,0,1,56,1,41,15,+0.00
KOSPI,011930,신성이엔지,15800,3,0,359,443,66,82,361,+0.00
KOSPI,009160,SIMPAC,4870,3,0,21,86,6,25,61,+0.00
KOSPI,016800,퍼시스,27650,3,0,0,13,0,2,11,+0.00
KOSPI,005720,넥센,5950,3,0,1,6,0,2,4,+0.00
KOSPI,097520,엠씨넥스,17850,3,0,14,283,13,269,14,+0.00
KOSPI,012030,DB,1535,3,0,182,254,57,79,175,+0.00
KOSPI,018250,애경산업,11570,3,0,102,1417,145,2027,-610,+0.03
KOSPI,009290,광동제약,6100,3,0,5,26,21,115,-89,+0.00
KOSPI,011760,현대코퍼레이션,22850,3,0,23,458,6,109,349,+0.01
KOSPI,002310,아세아제지,7660,3,0,9,69,12,97,-28,+0.00
KOSPI,126720,수산인더스트리,20850,3,0,32,735,15,342,393,+0.01
KOSPI,200880,서연이화,10920,3,0,28,353,5,60,293,+0.00
KOSPI,024720,콜마홀딩스,8570,3,0,12,90,3,21,69,+0.00
KOSPI,025860,남해화학,5900,3,0,2,14,0,2,12,+0.00
KOSPI,096760,JW홀딩스,3905,3,0,8,24,1,2,22,+0.00
KOSPI,092790,넥스틸,11060,3,0,479,5630,640,7579,-1949,+0.12
KOSPI,010820,퍼스텍,5860,3,0,355,1184,129,427,757,+0.01
KOSPI,192650,드림텍,4330,3,0,34,301,35,317,-16,+0.01
KOSPI,034830,한국토지신탁,1129,3,0,45,47,25,26,21,+0.00
KOSPI,004430,송원산업,11800,3,0,19,210,6,62,148,+0.00
KOSPI,005680,삼영전자,14150,3,0,4,37,0,4,33,+0.00
KOSPI,108670,LX하우시스,31550,3,0,3,107,2,65,42,+0.00
KOSPI,010690,화신,8030,3,0,68,515,21,156,359,+0.01
KOSPI,033270,유나이티드제약,17580,3,0,3,63,4,80,-17,+0.00
KOSPI,015860,일진홀딩스,5640,3,0,12,46,10,40,6,+0.00
KOSPI,001390,KG케미칼,4130,3,0,50,211,22,93,118,+0.00
KOSPI,105840,우진,13700,3,0,22,178,28,234,-56,+0.00
KOSPI,058430,포스코스틸리온,4605,3,0,6,200,4,112,88,+0.00
KOSPI,017390,서울가스,55800,3,0,1,66,1,43,23,+0.00
KOSPI,123890,한국자산신탁,2225,3,0,17,49,23,69,-20,+0.00
KOSPI,005430,한국공항,85700,3,0,6,358,2,95,263,+0.00
KOSPI,003960,사조대림,29600,3,0,7,304,2,87,217,+0.00
KOSPI,003120,일성아이에스,20100,3,0,0,6,5,76,-70,+0.00
KOSPI,272450,진에어,5120,3,0,405,4387,466,5038,-651,+0.08
KOSPI,244920,에이플러스에셋,11710,3,0,12,54,3,14,40,+0.00
KOSPI,078520,에이블씨엔씨,10170,3,0,85,590,105,747,-157,+0.01
KOSPI,001230,동국홀딩스,1698,3,0,6,46,2,12,34,+0.00
KOSPI,002900,TYM,6350,3,0,295,1423,355,1716,-293,+0.03
KOSPI,084690,대상홀딩스,7250,3,0,204,1790,300,2672,-882,+0.04
KOSPI,286940,롯데이노베이트,17090,3,0,10,193,2,40,153,+0.00
KOSPI,003920,남양유업,42350,3,0,3,185,14,927,-742,+0.01
KOSPI,001750,한양증권,19770,3,0,15,186,2,26,160,+0.00
KOSPI,091810,트리니티항공,607,3,0,412,1217,296,874,343,+0.02
KOSPI,122900,아이마켓코리아,7450,3,0,2,14,1,10,4,+0.00
KOSPI,003650,미창석유,143100,3,0,0,4,0,2,2,+0.00
KOSPI,084010,대한제강,7220,3,0,3,45,9,131,-86,+0.00
KOSPI,004360,세방,12790,3,0,1,7,1,15,-8,+0.00
KOSPI,004310,현대약품,7600,3,0,45,162,7,27,135,+0.00
KOSPI,007160,사조산업,48150,3,0,10,363,1,27,336,+0.00
KOSPI,005500,삼진제약,17950,3,0,11,211,2,36,175,+0.00
KOSPI,002320,한진,15360,3,0,1,10,0,8,2,+0.00
KOSPI,298690,에어부산,1451,3,0,81,195,13,30,165,+0.00
KOSPI,001790,대한제당,2740,3,0,40,113,10,29,84,+0.00
KOSPI,002710,TCC스틸,9000,3,0,77,2765,52,1877,888,+0.04
KOSPI,136490,선진,9890,3,0,1,5,3,16,-11,+0.00
KOSPI,008490,서흥,20300,3,0,3,43,3,40,3,+0.00
KOSPI,334890,이지스밸류플러스리츠,3380,3,0,11,57,42,226,-169,+0.00
KOSPI,348950,제이알글로벌리츠,1182,3,0,44,129,114,337,-208,+0.00
KOSPI,001340,PKC,5170,3,0,34,278,15,121,157,+0.00
KOSPI,000050,경방,8480,3,0,0,3,0,2,1,+0.00
KOSPI,000480,CR홀딩스,4920,3,0,0,3,0,2,1,+0.00
KOSPI,000430,대원강업,3700,3,0,6,24,9,33,-9,+0.00
KOSPI,044450,KSS해운,9900,3,0,27,229,10,83,146,+0.00
KOSPI,432320,KB스타리츠,1513,3,0,5,21,2,7,14,+0.00
KOSPI,003070,코오롱글로벌,8970,3,0,113,1186,126,1323,-137,+0.02
KOSPI,000650,천일고속,157700,3,0,0,4,0,4,0,+0.00
KOSPI,000680,LS네트웍스,2850,3,0,318,1002,356,1155,-153,+0.02
KOSPI,134380,미원화학,10200,3,0,0,5,0,1,4,+0.00
KOSPI,003200,일신방직,9740,3,0,4,29,2,11,18,+0.00
KOSPI,003520,영진약품,1221,3,0,45,94,5,10,84,+0.00
KOSPI,025000,KPX케미칼,50700,3,0,0,3,0,14,-11,+0.00
KOSPI,404990,신한서부티엔디리츠,3600,3,0,5,19,10,34,-15,+0.00
KOSPI,034120,SBS,11900,3,0,0,1,0,2,-1,+0.00
KOSPI,298000,효성화학,58100,3,0,6,180,4,124,56,+0.00
KOSPI,226320,잇츠한불,9970,3,0,2,23,1,9,14,+0.00
KOSPI,000540,흥국화재,3340,3,0,2,6,1,3,3,+0.00
KOSPI,000320,노루홀딩스,16130,3,0,9,115,2,29,86,+0.00
KOSPI,475560,더본코리아,14400,3,0,22,869,23,906,-37,+0.02
KOSPI,017860,DS단석,12010,3,0,126,6963,125,6886,77,+0.12
KOSPI,033920,무학,7480,3,0,9,57,10,65,-8,+0.00
KOSPI,009680,모토닉,9780,3,0,0,2,1,12,-10,+0.00
KOSPI,025560,미래산업,41750,3,0,178,178,51,51,127,+0.00
KOSPI,001250,GS글로벌,2575,3,0,445,1470,305,1010,460,+0.02
KOSPI,030210,다올투자증권,3425,3,0,6,15,1,2,13,+0.00
KOSPI,037270,YG PLUS,3270,3,0,1475,7505,1747,8941,-1436,+0.15
KOSPI,004980,성신양회,8440,3,0,2,17,3,23,-6,+0.00
KOSPI,088260,이리츠코크렙,3260,3,0,4,18,14,62,-44,+0.00
KOSPI,005010,휴스틸,3670,3,0,31,129,13,52,77,+0.00
KOSPI,102460,이연제약,11080,3,0,8,121,4,60,61,+0.00
KOSPI,001460,BYC,32750,3,0,0,4,0,3,1,+0.00
KOSPI,003720,삼영,5900,3,0,18,71,17,64,7,+0.00
KOSPI,028100,동아지질,14950,3,0,13,174,7,101,73,+0.00
KOSPI,317400,자이에스앤디,5130,3,0,4,12,10,37,-25,+0.00
KOSPI,035150,백산,10050,3,0,9,113,13,170,-57,+0.00
KOSPI,001630,종근당홀딩스,39550,3,0,0,7,0,15,-8,+0.00
KOSPI,039570,HDC랩스,7610,3,0,1,8,0,2,6,+0.00
KOSPI,241590,화승엔터프라이즈,3260,3,0,67,596,65,578,18,+0.01
KOSPI,095570,AJ네트웍스,4330,3,0,25,115,2,10,105,+0.00
KOSPI,053210,스카이라이프,4110,3,0,2,8,4,17,-9,+0.00
KOSPI,100250,진양홀딩스,3035,3,0,2,5,2,6,-1,+0.00
KOSPI,013890,지누스,8800,3,0,37,715,16,310,405,+0.01
KOSPI,000490,대동,6690,3,0,153,1595,83,873,722,+0.02
KOSPI,000140,하이트진로홀딩스,8310,3,0,1,14,1,11,3,+0.00
KOSPI,117580,대성에너지,7010,3,0,85,796,10,92,704,+0.01
KOSPI,011500,한농화성,12210,3,0,58,895,25,377,518,+0.01
KOSPI,044820,코스맥스비티아이,19550,3,0,0,1,0,2,-1,+0.00
KOSPI,001130,대한제분,11050,3,0,0,26,0,32,-6,+0.00
KOSPI,016580,환인제약,10040,3,0,3,34,1,10,24,+0.00
KOSPI,128820,대성산업,4070,3,0,83,291,72,252,39,+0.00
KOSPI,339770,교촌에프앤비,3650,3,0,18,180,13,129,51,+0.00
KOSPI,010580,에스엠벡셀,1638,3,0,14,17,6,8,9,+0.00
KOSPI,234080,JW생명과학,11380,3,0,2,21,2,28,-7,+0.00
KOSPI,377190,디앤디플랫폼리츠,2025,3,0,64,184,6,16,168,+0.00
KOSPI,002100,경농,9150,3,0,2,14,2,14,0,+0.00
KOSPI,003350,한국화장품제조,7880,3,0,16,805,16,832,-27,+0.01
KOSPI,003220,대원제약,7960,3,0,4,52,5,67,-15,+0.00
KOSPI,007860,서연,7550,3,0,11,74,10,67,7,+0.00
KOSPI,033530,SJG세종,6350,3,0,2,10,2,9,1,+0.00
KOSPI,102260,동성케미컬,3480,3,0,14,58,13,53,5,+0.00
KOSPI,003460,유화증권,3100,3,0,1,1,0,1,0,+0.00
KOSPI,016450,한세예스24홀딩스,4370,3,0,7,32,7,30,2,+0.00
KOSPI,001080,만호제강,4210,3,0,0,7,1,43,-36,+0.00
KOSPI,000860,강남제비스코,13370,3,0,0,5,1,31,-26,+0.00
KOSPI,035510,신세계 I&C,12400,3,0,10,93,9,80,13,+0.00
KOSPI,053690,한미글로벌,15730,3,0,134,2618,152,2976,-358,+0.05
KOSPI,004560,현대비앤지스틸,11180,3,0,17,213,3,39,174,+0.00
KOSPI,002150,도화엔지니어링,4990,3,0,63,448,61,435,13,+0.01
KOSPI,002170,SYTS,56000,3,0,0,5,0,2,3,+0.00
KOSPI,016880,웅진,2095,3,0,32,28,28,25,3,+0.00
KOSPI,003610,방림,5180,3,0,7,23,33,116,-93,+0.00
KOSPI,462520,조선내화,14010,3,0,2,33,0,7,26,+0.00
KOSPI,013580,계룡건설,18560,3,0,2,24,4,58,-34,+0.00
KOSPI,000390,SP삼화,6050,3,0,7,45,1,7,38,+0.00
KOSPI,014710,사조씨푸드,9550,3,0,20,102,4,21,81,+0.00
KOSPI,213500,한솔제지,6890,3,0,0,4,7,64,-60,+0.00
KOSPI,400760,NH올원리츠,2985,3,0,11,37,27,90,-53,+0.00
KOSPI,487570,HS효성,43800,3,0,3,97,5,169,-72,+0.00
KOSPI,101530,해태제과식품,5550,3,0,291,1935,346,2322,-387,+0.04
KOSPI,092200,디아이씨,4145,3,0,35,140,13,53,87,+0.00
KOSPI,004380,삼익THK,7760,3,0,9,80,1,9,71,+0.00
KOSPI,000020,동화약품,5740,3,0,21,141,9,61,80,+0.00
KOSPI,015230,대창단조,5790,3,0,13,67,0,1,66,+0.00
KOSPI,001780,알루코,1621,3,0,101,220,2,5,215,+0.00
KOSPI,007570,일양약품,8180,3,0,10,116,2,20,96,+0.00
KOSPI,293480,하나제약,8780,3,0,4,45,2,20,25,+0.00
KOSPI,005960,동부건설,6790,3,0,1,3,0,2,1,+0.00
KOSPI,009470,삼화전기,23200,3,0,22,722,19,608,114,+0.01
KOSPI,271980,제일약품,10390,3,0,0,3,1,17,-14,+0.00
KOSPI,000700,유수홀딩스,5860,3,0,0,2,1,7,-5,+0.00
KOSPI,004970,신라교역,9480,3,0,6,56,7,68,-12,+0.00
KOSPI,031440,신세계푸드,39100,3,0,0,3,1,18,-15,+0.00
KOSPI,090350,노루페인트,7530,3,0,5,44,4,30,14,+0.00
KOSPI,000970,한국주철관,6560,3,0,2,14,0,1,13,+0.00
KOSPI,071840,롯데하이마트,6210,3,0,0,4,1,10,-6,+0.00
KOSPI,003830,대한화섬,109300,3,0,0,2,0,0,2,+0.00
KOSPI,008350,남선알미늄,1109,3,0,1011,1467,815,1193,274,+0.02
KOSPI,004090,한국석유,11230,3,0,81,1240,11,165,1075,+0.01
KOSPI,460850,동국씨엠,4760,3,0,3,19,3,20,-1,+0.00
KOSPI,094280,효성ITX,12030,3,0,1,9,1,14,-5,+0.00
KOSPI,015890,태경산업,4665,3,0,2,10,1,3,7,+0.00
KOSPI,006060,화승인더,2450,3,0,60,250,27,112,138,+0.00
KOSPI,003480,한진중공업홀딩스,4560,3,0,2,6,2,8,-2,+0.00
KOSPI,000520,삼일제약,6180,3,0,137,1741,90,1137,604,+0.03
KOSPI,020120,키다리스튜디오,3585,3,0,62,236,17,64,172,+0.00
KOSPI,272550,삼양패키징,8660,3,0,3,44,3,52,-8,+0.00
KOSPI,004080,신흥,14000,3,0,0,1,0,0,1,+0.00
KOSPI,025820,이구산업,3880,3,0,54,221,10,43,178,+0.00
KOSPI,214420,토니모리,5330,3,0,48,292,59,360,-68,+0.01
KOSPI,081000,일진다이아,8980,3,0,3,36,1,11,25,+0.00
KOSPI,024090,디씨엠,11070,3,0,0,5,0,4,1,+0.00
KOSPI,013520,화승코퍼레이션,2500,3,0,0,0,3,4,-4,+0.00
KOSPI,107590,미원홀딩스,53800,3,0,0,3,0,1,2,+0.00
KOSPI,004150,한솔홀딩스,3040,3,0,0,0,1,3,-3,+0.00
KOSPI,350520,이지스레지던스리츠,3375,3,0,0,0,1,3,-3,+0.00
KOSPI,007540,샘표,42850,3,0,0,4,0,9,-5,+0.00
KOSPI,001360,삼성제약,1302,3,0,93,141,14,21,120,+0.00
KOSPI,012610,경인양행,2920,3,0,4,12,5,15,-3,+0.00
KOSPI,037560,LG헬로비전,1565,3,0,12,31,2,5,26,+0.00
KOSPI,011280,태림포장,1702,3,0,3,5,1,2,3,+0.00
KOSPI,009270,신원,1049,3,0,160,190,37,44,146,+0.00
KOSPI,210540,디와이파워,10900,3,0,5,65,3,34,31,+0.00
KOSPI,077500,유니퀘스트,5570,3,0,55,294,52,280,14,+0.01
KOSPI,089470,HDC현대EP,3760,3,0,9,32,1,6,26,+0.00
KOSPI,005800,신영와코루,13130,3,0,0,0,0,0,0,+0.00
KOSPI,001520,동양,1100,3,0,219,186,35,30,156,+0.00
KOSPI,078000,텔코웨어,12710,3,0,0,0,0,1,-1,+0.00
KOSPI,012200,계양전기,4280,3,0,6,9,4,6,3,+0.00
KOSPI,018470,조일알미늄,920,3,0,210,321,37,57,264,+0.00
KOSPI,008040,사조동아원,822,3,0,16,16,17,17,-1,+0.00
KOSPI,004960,한신공영,10000,3,0,8,53,4,29,24,+0.00
KOSPI,009070,KCTC,3855,3,0,31,130,5,21,109,+0.00
KOSPI,002390,한독,8400,3,0,10,132,0,3,129,+0.00
KOSPI,079430,현대리바트,5740,3,0,12,99,6,46,53,+0.00
KOSPI,267290,경동도시가스,19580,3,0,1,10,1,15,-5,+0.00
KOSPI,011690,와이투솔루션,3140,3,0,62,146,19,46,100,+0.00
KOSPI,034590,인천도시가스,26250,3,0,0,2,0,2,0,+0.00
KOSPI,008970,KBI동양철관,1104,3,0,770,610,440,349,261,+0.01
KOSPI,014280,금강공업,3900,3,0,8,37,9,43,-6,+0.00
KOSPI,002220,한일철강,4200,3,0,0,1,0,1,0,+0.00
KOSPI,014580,태경비케이,4060,3,0,9,41,8,36,5,+0.00
KOSPI,002460,HS화성,11000,3,0,0,0,0,0,0,+0.00
KOSPI,014530,극동유화,3195,3,0,21,75,1,4,71,+0.00
KOSPI,002780,진흥기업,764,3,0,92,76,37,31,45,+0.00
KOSPI,006660,삼성공조,13580,3,0,18,169,1,14,155,+0.00
KOSPI,004250,NPC,3000,3,0,5,23,0,1,22,+0.00
KOSPI,011810,STX,3530,3,0,32,168,8,42,126,+0.00
KOSPI,016710,대성홀딩스,6800,3,0,1,4,0,3,1,+0.00
KOSPI,083420,그린케미칼,4550,3,0,32,158,3,13,145,+0.00
KOSPI,248170,샘표식품,23900,3,0,8,202,3,73,129,+0.00
KOSPI,092220,KEC,2710,3,0,278,231,33,28,203,+0.00
KOSPI,002620,제일파마홀딩스,6810,3,0,0,4,0,4,0,+0.00
KOSPI,227840,현대코퍼레이션홀딩스,11950,3,0,0,2,1,14,-12,+0.00
KOSPI,120030,조선선재,85600,3,0,0,10,0,8,2,+0.00
KOSPI,012320,경동인베스트,45500,3,0,4,251,2,120,131,+0.00
KOSPI,010100,한국무브넥스,3455,3,0,19,61,2,6,55,+0.00
KOSPI,210980,SK디앤디,5640,3,0,18,139,7,55,84,+0.00
KOSPI,267850,아시아나IDT,9410,3,0,36,723,34,691,32,+0.01
KOSPI,027970,한국제지,543,3,0,35,31,3,3,28,+0.00
KOSPI,017550,수산세보틱스,1653,3,0,54,103,30,56,47,+0.00
KOSPI,019180,티에이치엔,5720,3,0,28,91,47,153,-62,+0.00
KOSPI,016740,두올,3590,3,0,7,23,13,44,-21,+0.00
KOSPI,002450,삼익악기,1135,3,0,9,10,8,9,1,+0.00
KOSPI,009580,무림P&P,1645,3,0,7,19,11,29,-10,+0.00
KOSPI,036580,팜스코,2770,3,0,189,447,134,334,113,+0.01
KOSPI,264900,크라운제과,8120,3,0,40,329,49,412,-83,+0.01
KOSPI,070960,모나용평,2110,3,0,62,200,24,76,124,+0.00
KOSPI,012800,대창,1113,3,0,1952,2584,2025,2812,-228,+0.05
KOSPI,013570,디와이,3850,3,0,8,35,0,2,33,+0.00
KOSPI,119650,KC코트렐,918,3,0,104,49,18,9,40,+0.00
KOSPI,123690,한국화장품,6270,3,0,8,49,8,53,-4,+0.00
KOSPI,021820,세원정공,10050,3,0,0,0,0,1,-1,+0.00
KOSPI,023450,동남합성,28650,3,0,0,12,0,11,1,+0.00
KOSPI,015590,DKME,1876,3,0,59,30,526,265,-235,+0.00
KOSPI,007210,벽산,1524,3,0,4,7,7,12,-5,+0.00
KOSPI,025620,차AI헬스케어,5360,3,0,1,3,0,1,2,+0.00
KOSPI,035000,HS애드,5870,3,0,0,1,0,1,0,+0.00
KOSPI,067830,세이브존I&C,2310,3,0,5,10,2,5,5,+0.00
KOSPI,014790,HL D&I,2500,3,0,11,27,14,35,-8,+0.00
KOSPI,002210,동성제약,973,3,0,3,12,5,22,-10,+0.00
KOSPI,058850,KTcs,2260,3,0,140,394,6,17,377,+0.00
KOSPI,084680,이월드,656,3,0,54,87,6,10,77,+0.00
KOSPI,014440,영보화학,4530,3,0,1,3,0,0,3,+0.00
KOSPI,003680,한성기업,14520,3,0,6,27,6,29,-2,+0.00
KOSPI,058730,다스코,4515,3,0,52,186,25,90,96,+0.00
KOSPI,032560,황금에스티,5290,3,0,1,3,0,2,1,+0.00
KOSPI,058860,KTis,2550,3,0,53,138,4,12,126,+0.00
KOSPI,004100,태양금속,2395,3,0,419,1208,482,1408,-200,+0.02
KOSPI,004140,동방,1830,3,0,256,609,144,344,265,+0.01
KOSPI,023000,삼원강재,2195,3,0,1,2,1,2,0,+0.00
KOSPI,008260,NI스틸,3040,3,0,6,23,6,22,1,+0.00
KOSPI,004890,동일산업,35650,3,0,0,0,0,5,-5,+0.00
KOSPI,013700,까뮤이앤씨,1445,3,0,1,2,1,2,0,+0.00
KOSPI,008700,아남전자,1104,3,0,77,91,45,53,38,+0.00
KOSPI,005740,크라운해태홀딩스,5670,3,0,75,435,101,594,-159,+0.01
KOSPI,023800,인지컨트롤스,5300,3,0,0,3,4,21,-18,+0.00
KOSPI,002600,조흥,138500,3,0,0,0,0,1,-1,+0.00
KOSPI,009190,대양금속,1877,3,0,20,30,91,136,-106,+0.00
KOSPI,001290,상상인증권,762,3,0,1,0,0,0,0,+0.00
KOSPI,019680,대교,970,3,0,32,81,10,25,56,+0.00
KOSPI,004840,DRB동일,4245,3,0,13,59,1,6,53,+0.00
KOSPI,010960,삼호개발,3385,3,0,1,4,0,1,3,+0.00
KOSPI,007980,TP,1725,3,0,87,117,25,34,83,+0.00
KOSPI,069730,DSR제강,5590,3,0,1,2,0,1,1,+0.00
KOSPI,163560,동일고무벨트,5770,3,0,28,206,5,36,170,+0.00
KOSPI,006090,사조오양,8510,3,0,0,3,1,5,-2,+0.00
KOSPI,006840,AK홀딩스,6040,3,0,0,2,0,2,0,+0.00
KOSPI,001470,삼부토건,347,3,0,5293,6146,4209,4929,1217,+0.10
KOSPI,139990,아주스틸,2055,3,0,2,7,0,1,6,+0.00
KOSPI,012690,모나리자,2170,3,0,81,220,59,162,58,+0.00
KOSPI,002700,신일전자,1130,3,0,2,3,8,11,-8,+0.00
KOSPI,111380,동인기연,12830,3,0,1,24,1,10,14,+0.00
KOSPI,000590,CS홀딩스,67600,3,0,0,0,0,0,0,+0.00
KOSPI,009180,한솔로지스틱스,2765,3,0,8,16,2,5,11,+0.00
KOSPI,363280,티와이홀딩스,1706,3,0,0,1,2,5,-4,+0.00
KOSPI,017370,우신시스템,4230,3,0,33,220,10,65,155,+0.00
KOSPI,001260,남광토건,7870,3,0,31,263,32,269,-6,+0.00
KOSPI,004720,팜젠사이언스,3400,3,0,9,44,1,4,40,+0.00
KOSPI,007590,동방아그로,5600,3,0,0,2,0,2,0,+0.00
KOSPI,000850,화천기공,34450,3,0,1,37,0,1,36,+0.00
KOSPI,011700,한신기계,2325,3,0,58,213,26,97,116,+0.00
KOSPI,014160,대영포장,694,3,0,59,57,13,12,45,+0.00
KOSPI,002200,한국수출포장,2245,3,0,6,17,6,15,2,+0.00
KOSPI,011150,CJ씨푸드,2070,3,0,61,179,6,18,161,+0.00
KOSPI,013870,지엠비코리아,3880,3,0,1,3,0,1,2,+0.00
KOSPI,095720,웅진씽크빅,1301,3,0,43,72,2,4,68,+0.00
KOSPI,002720,국제약품,3490,3,0,46,264,26,151,113,+0.00
KOSPI,084670,동양고속,25400,3,0,0,0,0,0,0,+0.00
KOSPI,063160,종근당바이오,13400,3,0,3,60,0,9,51,+0.00
KOSPI,338100,NH프라임리츠,3860,3,0,28,129,0,1,128,+0.00
KOSPI,013360,일성건설,1332,3,0,1367,2298,1156,1968,330,+0.04
KOSPI,004540,깨끗한나라,1907,3,0,1,1,7,13,-12,+0.00
KOSPI,079980,휴비스,2055,3,0,5,13,1,1,12,+0.00
KOSPI,155660,DSR,4430,3,0,0,0,0,1,-1,+0.00
KOSPI,000230,일동홀딩스,6130,3,0,2,17,0,3,14,+0.00
KOSPI,005360,모나미,3730,3,0,12,25,2,4,21,+0.00
KOSPI,000180,성창기업지주,5010,3,0,0,0,0,0,0,+0.00
KOSPI,005750,대림바스,4140,3,0,6,21,5,17,4,+0.00
KOSPI,009770,삼정펄프,27450,3,0,1,18,1,15,3,+0.00
KOSPI,003580,HLB글로벌,1345,3,0,65,272,13,55,217,+0.00
KOSPI,006890,태경케미컬,5840,3,0,2,23,2,24,-1,+0.00
KOSPI,001020,페이퍼코리아,1900,3,0,2,1,7,6,-5,+0.00
KOSPI,007110,일신석재,867,3,0,10900,18115,6652,11087,7028,+0.26
KOSPI,016090,대현,1490,3,0,113,243,32,68,175,+0.00
KOSPI,396690,미래에셋글로벌리츠,1660,3,0,7,18,3,9,9,+0.00
KOSPI,001560,제일연마,8620,3,0,0,1,0,0,1,+0.00
KOSPI,004440,삼일씨엔에스,5070,3,0,0,1,1,3,-2,+0.00
KOSPI,018500,동원금속,1365,3,0,49,57,26,31,26,+0.00
KOSPI,006370,대구백화점,5870,3,0,1,4,1,8,-4,+0.00
KOSPI,005870,휴니드,4490,3,0,141,1152,93,754,398,+0.02
KOSPI,072130,유엔젤,4980,3,0,47,232,21,105,127,+0.00
KOSPI,100220,비상교육,4860,3,0,22,142,41,260,-118,+0.00
KOSPI,010040,한국내화,1526,3,0,0,0,0,0,0,+0.00
KOSPI,055490,테이팩스,13070,3,0,3,51,1,17,34,+0.00
KOSPI,068290,삼성출판사,6210,3,0,8,113,2,35,78,+0.00
KOSPI,031820,아이티센씨티에스,5070,3,0,10,5,2,1,4,+0.00
KOSPI,004770,써니전자,1709,3,0,94,153,22,35,118,+0.00
KOSPI,002760,보락,1012,3,0,230,262,28,32,230,+0.00
KOSPI,071090,하이스틸,2990,3,0,18,54,5,16,38,+0.00
KOSPI,111110,호전실업,6650,3,0,13,105,2,17,88,+0.00
KOSPI,003780,진양산업,4630,3,0,174,1044,202,1208,-164,+0.02
KOSPI,010660,화천기계,2735,3,0,376,1014,162,432,582,+0.01
KOSPI,009200,무림페이퍼,1432,3,0,23,46,4,8,38,+0.00
KOSPI,085310,엔케이,8020,3,0,21,16,10,8,8,+0.00
KOSPI,129260,인터지스,1959,3,0,12,25,11,23,2,+0.00
KOSPI,000220,유유제약,3695,3,0,4,19,1,4,15,+0.00
KOSPI,214330,금호에이치티,5550,3,0,12,7,63,35,-28,+0.00
KOSPI,024900,디와이덕양,1777,3,0,42,128,5,15,113,+0.00
KOSPI,006880,신송홀딩스,4870,3,0,97,720,75,560,160,+0.01
KOSPI,075180,새론오토모티브,2975,3,0,0,0,0,0,0,+0.00
KOSPI,001550,조비,10760,3,0,0,3,0,3,0,+0.00
KOSPI,010770,평화홀딩스,3810,3,0,0,1,0,0,1,+0.00
KOSPI,007280,한국특강,1940,3,0,1,2,1,2,0,+0.00
KOSPI,092440,기신정기,1900,3,0,1,1,0,0,1,+0.00
KOSPI,001210,금호전기,894,3,0,62,40,3,2,38,+0.00
KOSPI,004450,삼화왕관,25550,3,0,0,0,0,0,0,+0.00
KOSPI,378850,화승알앤에이,2880,3,0,7,22,5,17,5,+0.00
KOSPI,003010,혜인,4300,3,0,39,197,4,21,176,+0.00
KOSPI,004830,덕성,3470,3,0,106,675,21,136,539,+0.01
KOSPI,007460,에이프로젠,2300,3,0,901,1069,698,824,245,+0.02
KOSPI,002410,범양건영,1935,3,0,447,1454,436,1430,24,+0.03
KOSPI,025530,SJM홀딩스,3550,3,0,1,2,1,4,-2,+0.00
KOSPI,123700,SJM,3380,3,0,4,14,0,1,13,+0.00
KOSPI,011230,삼화전자,2750,3,0,13,37,3,9,28,+0.00
KOSPI,002630,오리엔트바이오,885,3,0,102,49,96,47,2,+0.00
KOSPI,020760,일진디스플,902,3,0,2,1,7,6,-5,+0.00
KOSPI,001620,케이비아이동국실업,2220,3,0,0,0,12,7,-7,+0.00
KOSPI,004060,SG세계물산,2440,3,0,71,24,9,3,21,+0.00
KOSPI,009320,아진전자부품,1000,3,0,2,2,2,2,0,+0.00
KOSPI,006980,우성,15890,3,0,0,4,0,2,2,+0.00
KOSPI,004920,씨아이테크,939,3,0,10,12,34,44,-32,+0.00
KOSPI,372910,한컴라이프케어,1762,3,0,14,50,84,305,-255,+0.00
KOSPI,021050,서원,1026,3,0,23,28,17,21,7,+0.00
KOSPI,023810,인팩,4860,3,0,4,20,1,6,14,+0.00
KOSPI,011000,진원생명과학,534,3,0,148,323,9,19,304,+0.00
KOSPI,090080,평화산업,873,3,0,1,1,0,0,1,+0.00
KOSPI,014910,성문전자,2140,3,0,3,4,1,1,3,+0.00
KOSPI,017180,명문제약,1372,3,0,51,97,9,17,80,+0.00
KOSPI,011300,우성머티리얼스,2765,3,0,2324,1151,2398,1228,-77,+0.02
KOSPI,357250,미래에셋맵스리츠,1855,3,0,2,5,9,24,-19,+0.00
KOSPI,069460,대호에이엘,2660,3,0,402,526,38,50,476,+0.01
KOSPI,023350,한국종합기술,4170,3,0,14,60,3,14,46,+0.00
KOSPI,002140,고려산업,1827,3,0,147,403,28,76,327,+0.00
KOSPI,041650,상신브레이크,2120,3,0,5,14,1,4,10,+0.00
KOSPI,000910,유니온,2905,3,0,53,258,42,204,54,+0.00
KOSPI,002920,유성기업,1746,3,0,0,0,0,0,0,+0.00
KOSPI,093240,형지엘리트,735,3,0,1419,1838,1866,2439,-601,+0.04
KOSPI,004910,조광페인트,3505,3,0,10,58,3,18,40,+0.00
KOSPI,074610,이엔플러스,5110,3,0,354,404,108,123,281,+0.00
KOSPI,000950,전방,26600,3,0,0,0,0,0,0,+0.00
KOSPI,003080,SB성보,2215,3,0,0,1,2,4,-3,+0.00
KOSPI,011390,부산산업,41600,3,0,3,188,1,76,112,+0.00
KOSPI,092780,DYP,3330,3,0,0,2,1,5,-3,+0.00
KOSPI,008420,문배철강,2120,3,0,14,36,2,6,30,+0.00
KOSPI,481850,신한글로벌액티브리츠,996,3,0,12,26,4,9,17,+0.00
KOSPI,047400,유니온머티리얼,1025,3,0,63,147,15,34,113,+0.00
KOSPI,084870,TBH글로벌,2080,3,0,2,2,3,3,-1,+0.00
KOSPI,019490,엑시큐어하이트론,541,3,0,85,303,227,805,-502,+0.01
KOSPI,026940,부국철강,2065,3,0,9,22,6,14,8,+0.00
KOSPI,012280,영화금속,832,3,0,5,4,5,4,0,+0.00
KOSPI,000890,보해양조,1486,3,0,1973,949,960,474,475,+0.01
KOSPI,017040,광명전기,932,3,0,146,227,23,36,191,+0.00
KOSPI,011420,갤럭시아에스엠,1464,3,0,537,1169,308,669,500,+0.02
KOSPI,008870,금비,40300,3,0,0,14,0,2,12,+0.00
KOSPI,002880,디와이에이,857,3,0,24,30,6,7,23,+0.00
KOSPI,133820,화인베스틸,1060,3,0,12,14,6,7,7,+0.00
KOSPI,004410,서울식품,996,3,0,1575,251,1359,217,34,+0.00
KOSPI,134790,시디즈,18910,3,0,3,70,1,16,54,+0.00
KOSPI,012160,영흥,2395,3,0,1,0,1,0,0,+0.00
KOSPI,023960,에쓰씨엔지니어링,978,3,0,22,35,26,40,-5,+0.00
KOSPI,145270,케이탑리츠,757,3,0,1,1,1,1,0,+0.00
KOSPI,013000,세우글로벌,1222,3,0,1,2,2,2,0,+0.00
KOSPI,011330,유니켐,3870,3,0,4,6,9,14,-8,+0.00
KOSPI,006490,프리티,1177,3,0,477,636,92,122,514,+0.01
KOSPI,446070,유니드비티플러스,3275,3,0,5,19,1,5,14,+0.00
KOSPI,014990,인디에프,2300,3,0,531,394,358,271,123,+0.01
KOSPI,071950,코아스,2760,3,0,1,8,2,18,-10,+0.00
KOSPI,049800,우진플라임,1713,3,0,19,40,13,28,12,+0.00
KOSPI,002870,신풍,971,3,0,49,47,46,44,3,+0.00
KOSPI,000760,이화산업,12120,3,0,0,0,0,0,0,+0.00
KOSPI,143210,핸즈코퍼레이션,1199,3,0,2,4,1,1,3,+0.00
KOSPI,051630,진양화학,1575,3,0,8,20,15,35,-15,+0.00
KOSPI,002070,비비안,13800,3,0,80,63,75,61,2,+0.00
KOSPI,009140,경인전자,21050,3,0,4,84,4,90,-6,+0.00
KOSPI,011090,에넥스,2755,3,0,9,4,4,2,2,+0.00
KOSPI,007120,미래아이앤지,1190,3,0,39,40,37,38,2,+0.00
KOSPI,001070,대한방직,6080,3,0,0,0,0,0,0,+0.00
KOSPI,027740,마니커,1010,3,0,5,4,2,2,2,+0.00
KOSPI,005820,원림,13840,3,0,0,2,0,0,2,+0.00
KOSPI,001380,SG글로벌,1413,3,0,2315,8170,2504,9262,-1092,+0.15
KOSPI,002690,동일제강,1556,3,0,0,0,0,0,0,+0.00
KOSPI,009460,한창제지,2635,3,0,9,6,8,6,0,+0.00
KOSPI,023150,MH에탄올,4245,3,0,2,8,1,4,4,+0.00
KOSPI,006570,대림통상,2055,3,0,0,0,0,0,0,+0.00
KOSPI,010640,진양폴리,1855,3,0,163,1020,199,1238,-218,+0.02
KOSPI,010400,우진아이엔에스,4035,3,0,0,1,0,0,1,+0.00
KOSPI,002420,세기상사,5130,3,0,1,5,0,1,4,+0.00
KOSPI,088790,진도,2450,3,0,1,2,2,3,-1,+0.00
KOSPI,008250,이건산업,2780,3,0,0,1,0,1,0,+0.00
KOSPI,308170,씨티알모빌리티,3490,3,0,0,2,1,5,-3,+0.00
KOSPI,003060,에이프로젠바이오로직스,2080,3,0,367,280,28,21,259,+0.00
KOSPI,009810,플레이그램,1968,3,0,1014,398,740,291,107,+0.01
KOSPI,025750,한솔홈데코,1850,3,0,31,21,48,32,-11,+0.00
KOSPI,090370,메타랩스,1090,3,0,1,2,0,0,2,+0.00
KOSPI,030720,동원수산,6380,3,0,0,2,1,7,-5,+0.00
KOSPI,014130,한익스프레스,2445,3,0,8,27,1,4,23,+0.00
KOSPI,118000,메타케어,1308,3,0,0,0,20,6,-6,+0.00
KOSPI,036420,콘텐트리중앙,1493,3,0,27,257,11,105,152,+0.00
KOSPI,002820,SUN&L,2270,3,0,0,0,1,2,-2,+0.00
KOSPI,024070,WISCOM,1857,3,0,4,8,7,14,-6,+0.00
KOSPI,005320,온타이드,827,3,0,2,1,9,4,-3,+0.00
KOSPI,004270,남성,7750,3,0,7,9,4,4,5,+0.00
KOSPI,004870,티웨이홀딩스,247,3,0,367,243,290,192,51,+0.00
KOSPI,024890,대원화성,3080,3,0,7,7,6,6,1,+0.00
KOSPI,025890,한국주강,2250,3,0,33,67,34,69,-2,+0.00
KOSPI,033250,체시스,3690,3,0,156,206,153,198,8,+0.00
KOSPI,009310,참엔지니어링,5330,3,0,4,1,4,1,0,+0.00
KOSPI,000040,KR모터스,267,3,0,9,4,11,5,-1,+0.00
KOSPI,465770,STX그린로지스,3185,3,0,27,248,8,77,171,+0.00
KOSPI,006200,한국전자홀딩스,2405,3,0,0,0,0,0,0,+0.00
KOSPI,069640,한세엠케이,1000,3,0,2,3,1,2,1,+0.00
KOSPI,001420,태원물산,2840,3,0,0,0,0,0,0,+0.00
KOSPI,002360,SH에너지화학,1940,3,0,261,144,56,31,113,+0.00
KOSPI,006740,블루산업개발,903,3,0,162,205,47,59,146,+0.00
KOSPI,015260,에이엔피,435,3,0,11,7,1,1,6,+0.00
KOSPI,015020,이스타코,928,3,0,295,208,378,268,-60,+0.00
KOSPI,357430,마스턴프리미어리츠,650,3,0,3,6,1,2,4,+0.00
KOSPI,008600,윌비스,2620,3,0,22,8,21,8,0,+0.00
KOSPI,009440,KC그린홀딩스,756,3,0,13,12,8,8,4,+0.00
KOSPI,012170,아센디오,736,3,0,273,113,69,29,84,+0.00
KOSPI,044380,주연테크,1040,3,0,4,1,5,2,-1,+0.00
KOSPI,145210,다이나믹디자인,224,3,0,162,317,118,235,82,+0.00
KOSPI,001770,SHD,6970,3,0,0,0,0,0,0,+0.00
KOSPI,012510,더존비즈온,0,3,0,60,3921,73,4801,-880,+0.08
KOSPI,057050,현대홈쇼핑,87300,3,0,45,1987,74,3244,-1257,+0.05
KOSDAQ,196170,알테오젠,276500,3,0,438,139856,416,132481,7375,+9.40
KOSDAQ,247540,에코프로비엠,112400,3,0,194,27265,142,19937,7328,+1.63
KOSDAQ,086520,에코프로,80000,3,0,802,64050,554,44021,20029,+3.73
KOSDAQ,036930,주성엔지니어링,187900,3,0,141,4255,123,3697,558,+0.27
KOSDAQ,277810,레인보우로보틱스,397000,3,0,18,2448,16,2172,276,+0.16
KOSDAQ,240810,원익IPS,140700,3,0,43,1042,45,1088,-46,+0.07
KOSDAQ,319660,피에스케이,195400,3,0,40,725,46,824,-99,+0.05
KOSDAQ,058470,리노공업,72300,3,0,35,5671,31,5113,558,+0.37
KOSDAQ,028300,HLB,35300,3,0,832,64790,466,36147,28643,+3.48
KOSDAQ,000250,삼천당제약,184100,3,0,72,7979,32,3554,4425,+0.40
KOSDAQ,039030,이오테크닉스,344000,3,0,24,3147,37,4798,-1651,+0.27
KOSDAQ,298380,에이비엘바이오,75600,3,0,225,6250,371,10283,-4033,+0.57
KOSDAQ,222800,심텍,107400,3,0,411,4922,512,6136,-1214,+0.38
KOSDAQ,141080,리가켐바이오,103700,3,0,134,13238,288,28496,-15258,+1.44
KOSDAQ,095610,테스,194300,3,0,19,287,9,139,148,+0.01
KOSDAQ,440110,파두,70400,3,0,202,3247,133,2149,1098,+0.19
KOSDAQ,403870,HPSP,42500,3,0,203,5800,124,3530,2270,+0.32
KOSDAQ,214450,파마리서치,336500,3,0,31,6052,24,4713,1339,+0.37
KOSDAQ,084370,유진테크,146800,3,0,62,2187,79,2805,-618,+0.17
KOSDAQ,214370,케어젠,61700,3,0,42,965,45,1042,-77,+0.07
KOSDAQ,347850,디앤디파마텍,68700,3,0,63,2243,35,1272,971,+0.12
KOSDAQ,131290,티에스이,282500,3,0,26,1033,18,705,328,+0.06
KOSDAQ,031980,피에스케이홀딩스,143400,3,0,61,2135,56,1957,178,+0.14
KOSDAQ,095340,ISC,145000,3,0,43,2338,45,2469,-131,+0.17
KOSDAQ,145020,휴젤,239500,3,0,37,9625,44,11614,-1989,+0.73
KOSDAQ,108490,로보티즈,199900,3,0,43,886,26,543,343,+0.05
KOSDAQ,214150,클래시스,44100,3,0,52,2519,65,3118,-599,+0.19
KOSDAQ,226950,올릭스,136600,3,0,112,2226,72,1438,788,+0.13
KOSDAQ,089970,브이엠,108300,3,0,27,186,6,40,146,+0.01
KOSDAQ,080220,제주반도체,81900,3,0,545,5141,859,8122,-2981,+0.46
KOSDAQ,087010,펩트론,119200,3,0,363,29615,348,28225,1390,+2.00
KOSDAQ,310210,보로노이,145600,3,0,87,7249,122,10218,-2969,+0.60
KOSDAQ,237690,에스티팜,124300,3,0,84,7173,56,4747,2426,+0.41
KOSDAQ,178320,서진시스템,39300,3,0,151,4216,56,1553,2663,+0.20
KOSDAQ,064760,티씨케이,215000,3,0,15,1068,24,1750,-682,+0.10
KOSDAQ,067310,하나마이크론,35750,3,0,127,1296,122,1248,48,+0.09
KOSDAQ,257720,실리콘투,36050,3,0,238,6229,163,4258,1971,+0.36
KOSDAQ,357780,솔브레인,291500,3,0,7,1402,8,1516,-114,+0.10
KOSDAQ,005290,동진쎄미켐,43600,3,0,92,2290,51,1258,1032,+0.12
KOSDAQ,263750,펄어비스,34150,3,0,88,3423,60,2357,1066,+0.20
KOSDAQ,319400,현대무벡스,19220,3,0,96,280,15,44,236,+0.01
KOSDAQ,420770,기가비스,162800,3,0,63,1646,83,2173,-527,+0.13
KOSDAQ,290650,엘앤씨바이오,71000,3,0,21,348,18,301,47,+0.02
KOSDAQ,089030,테크윙,49200,3,0,183,7071,325,12498,-5427,+0.68
KOSDAQ,140860,파크시스템스,258000,3,0,29,5864,16,3254,2610,+0.31
KOSDAQ,098460,고영,26400,3,0,96,821,142,1213,-392,+0.07
KOSDAQ,068760,셀트리온제약,39800,3,0,1467,77830,1677,89168,-11338,+5.76
KOSDAQ,032820,우리기술,9850,3,0,873,2081,1170,2787,-706,+0.17
KOSDAQ,131970,두산테스나,86900,3,0,167,4207,213,5359,-1152,+0.33
KOSDAQ,035900,JYP Ent.,46650,3,0,314,21353,239,16208,5145,+1.30
KOSDAQ,140410,메지온,52900,3,0,25,812,22,693,119,+0.05
KOSDAQ,007390,네이처셀,25000,3,0,1276,30781,952,23120,7661,+1.86
KOSDAQ,010170,대한광통신,10300,3,0,25,18,25,18,0,+0.00
KOSDAQ,041510,에스엠,69100,3,0,82,6870,53,4442,2428,+0.39
KOSDAQ,096530,씨젠,28550,3,0,78,1817,32,750,1067,+0.09
KOSDAQ,183300,코미코,71900,3,0,132,5118,143,5553,-435,+0.37
KOSDAQ,058610,에스피지,66000,3,0,229,4986,336,7309,-2323,+0.42
KOSDAQ,060370,LS마린솔루션,26800,3,0,371,5165,694,9834,-4669,+0.52
KOSDAQ,083650,비에이치아이,42650,3,0,615,11660,1265,24100,-12440,+1.23
KOSDAQ,082920,비츠로셀,28900,3,0,39,819,22,465,354,+0.04
KOSDAQ,030530,원익홀딩스,16790,3,0,223,621,206,576,45,+0.04
KOSDAQ,043260,성호전자,17830,3,0,114,138,33,39,99,+0.01
KOSDAQ,218410,RFHIC,46250,3,0,25,348,33,452,-104,+0.03
KOSDAQ,127120,제이에스링크,34750,3,0,41,150,15,55,95,+0.01
KOSDAQ,078600,대주전자재료,76300,3,0,47,4279,38,3445,834,+0.27
KOSDAQ,039200,오스코텍,30150,3,0,84,2060,49,1203,857,+0.11
KOSDAQ,458870,씨어스,30050,3,0,12,108,11,107,1,+0.01
KOSDAQ,323280,태성,36950,3,0,569,16039,519,14658,1381,+1.06
KOSDAQ,195940,HK이노엔,38800,3,0,45,1800,32,1267,533,+0.11
KOSDAQ,003380,하림지주,9760,3,0,67,398,34,204,194,+0.02
KOSDAQ,166090,하나머티리얼즈,54600,3,0,47,1135,16,397,738,+0.05
KOSDAQ,031330,에스에이엠티,10570,3,0,80,222,45,125,97,+0.01
KOSDAQ,347700,스피어,18890,3,0,32,99,58,178,-79,+0.01
KOSDAQ,101490,에스앤에스텍,43800,3,0,280,6366,351,7999,-1633,+0.50
KOSDAQ,036540,SFA반도체,5620,3,0,110,361,60,197,164,+0.02
KOSDAQ,437730,삼현,29000,3,0,69,485,20,139,346,+0.02
KOSDAQ,241710,코스메카코리아,84800,3,0,40,2122,23,1197,925,+0.11
KOSDAQ,204270,제이앤티씨,15500,3,0,72,1367,135,2553,-1186,+0.14
KOSDAQ,252990,샘씨엔에스,14570,3,0,196,884,326,1480,-596,+0.08
KOSDAQ,086450,동국제약,19290,3,0,18,322,33,574,-252,+0.03
KOSDAQ,019210,와이지-원,23100,3,0,9,47,5,24,23,+0.00
KOSDAQ,099320,쎄트렉아이,77900,3,0,19,878,18,842,36,+0.06
KOSDAQ,085660,차바이오텍,9120,3,0,60,898,13,202,696,+0.04
KOSDAQ,293490,카카오게임즈,7850,3,0,128,2168,54,918,1250,+0.11
KOSDAQ,083450,GST,44850,3,0,108,1636,59,899,737,+0.09
KOSDAQ,038500,삼표시멘트,7590,3,0,39,125,22,71,54,+0.01
KOSDAQ,232140,와이씨,9980,3,0,358,3780,386,4037,-257,+0.27
KOSDAQ,213420,덕산네오룩스,31750,3,0,35,922,40,1043,-121,+0.07
KOSDAQ,281740,레이크머티리얼즈,11900,3,0,101,1246,66,816,430,+0.07
KOSDAQ,417200,LS머트리얼즈,11510,3,0,234,2861,168,2065,796,+0.17
KOSDAQ,090710,휴림로봇,6390,3,0,996,1598,629,1008,590,+0.09
KOSDAQ,074600,원익QnC,29000,3,0,46,929,61,1222,-293,+0.07
KOSDAQ,065350,신성델타테크,27350,3,0,152,9277,142,8670,607,+0.62
KOSDAQ,122870,와이지엔터테인먼트,40200,3,0,141,6920,107,5321,1599,+0.42
KOSDAQ,100790,미래에셋벤처투자,14110,3,0,163,805,97,482,323,+0.04
KOSDAQ,328130,루닛,10040,3,0,776,48383,821,50786,-2403,+3.42
KOSDAQ,056190,SFA,20700,3,0,35,741,27,575,166,+0.05
KOSDAQ,041830,인바디,54200,3,0,7,150,7,161,-11,+0.01
KOSDAQ,388720,유일로보틱스,61200,3,0,15,449,3,98,351,+0.02
KOSDAQ,137400,피엔티,29900,3,0,39,1863,41,1941,-78,+0.13
KOSDAQ,445680,큐리옥스바이오시스템즈,41150,3,0,68,1248,37,677,571,+0.07
KOSDAQ,032190,다우데이타,18290,3,0,14,158,6,65,93,+0.01
KOSDAQ,014620,성광벤드,25900,3,0,677,14387,548,11868,2519,+0.91
KOSDAQ,033100,제룡전기,42800,3,0,160,7379,55,2531,4848,+0.34
KOSDAQ,189300,인텔리안테크,62900,3,0,29,1204,13,520,684,+0.06
KOSDAQ,115180,큐리언트,17850,3,0,21,94,14,61,33,+0.01
KOSDAQ,036830,솔브레인홀딩스,32100,3,0,22,883,22,887,-4,+0.06
KOSDAQ,093320,케이아이엔엑스,133400,3,0,8,503,3,169,334,+0.02
KOSDAQ,161580,필옵틱스,27700,3,0,97,1677,39,667,1010,+0.08
KOSDAQ,094170,동운아나텍,30750,3,0,35,640,45,812,-172,+0.05
KOSDAQ,035760,CJ ENM,29300,3,0,17,1021,19,1184,-163,+0.08
KOSDAQ,006730,서부T&D,9900,3,0,37,218,15,91,127,+0.01
KOSDAQ,032500,케이엠더블유,15080,3,0,42,357,13,111,246,+0.02
KOSDAQ,048410,현대바이오,6520,3,0,137,1979,51,743,1236,+0.09
KOSDAQ,122640,예스티,28750,3,0,44,394,34,309,85,+0.02
KOSDAQ,253450,스튜디오드래곤,20400,3,0,68,3160,32,1479,1681,+0.16
KOSDAQ,053610,프로텍,66600,3,0,16,408,9,232,176,+0.02
KOSDAQ,052400,코나아이,41150,3,0,31,469,44,672,-203,+0.04
KOSDAQ,090360,로보스타,61200,3,0,18,399,10,237,162,+0.02
KOSDAQ,466100,클로봇,23400,3,0,89,724,62,512,212,+0.04
KOSDAQ,397030,에이프릴바이오,25200,3,0,120,1913,100,1597,316,+0.12
KOSDAQ,399720,가온칩스,49750,3,0,169,5666,133,4456,1210,+0.35
KOSDAQ,023160,태광,22550,3,0,297,4975,357,5993,-1018,+0.38
KOSDAQ,053800,안랩,52400,3,0,121,7170,201,11985,-4815,+0.66
KOSDAQ,170920,엘티씨,55000,3,0,11,109,30,283,-174,+0.01
KOSDAQ,102710,이엔에프테크놀로지,40250,3,0,18,305,18,298,7,+0.02
KOSDAQ,050890,쏠리드,9440,3,0,59,288,13,64,224,+0.01
KOSDAQ,037460,삼지전자,35050,3,0,4,38,1,12,26,+0.00
KOSDAQ,112040,위메이드,16640,3,0,120,5218,145,6291,-1073,+0.40
KOSDAQ,222080,SFA넥셀,7260,3,0,235,2058,112,985,1073,+0.11
KOSDAQ,171090,선익시스템,55500,3,0,9,418,14,651,-233,+0.04
KOSDAQ,119850,지엔씨에너지,33950,3,0,135,1173,100,877,296,+0.07
KOSDAQ,225570,넥슨게임즈,8380,3,0,116,1603,58,802,801,+0.08
KOSDAQ,067160,SOOP,47300,3,0,18,1810,10,1032,778,+0.10
KOSDAQ,383310,에코프로에이치엔,25800,3,0,18,783,11,461,322,+0.04
KOSDAQ,045100,한양이엔지,30800,3,0,9,145,6,94,51,+0.01
KOSDAQ,041960,코미팜,7280,3,0,25,101,9,37,64,+0.00
KOSDAQ,121600,나노신소재,43850,3,0,58,4155,37,2650,1505,+0.23
KOSDAQ,044490,태웅,26550,3,0,46,503,37,410,93,+0.03
KOSDAQ,046890,서울반도체,9090,3,0,709,5244,1015,7542,-2298,+0.44
KOSDAQ,086900,메디톡스,71600,3,0,16,2032,24,3168,-1136,+0.18
KOSDAQ,251970,펌텍코리아,41950,3,0,30,997,20,648,349,+0.06
KOSDAQ,101160,월덱스,31300,3,0,7,118,9,149,-31,+0.01
KOSDAQ,348370,엔켐,23450,3,0,220,31701,168,24112,7589,+1.93
KOSDAQ,295310,에이치브이엠,41600,3,0,255,5673,224,4990,683,+0.37
KOSDAQ,064290,인텍플러스,38900,3,0,78,749,24,232,517,+0.03
KOSDAQ,059090,미코,14960,3,0,49,404,18,152,252,+0.02
KOSDAQ,060250,NHN KCP,12420,3,0,47,363,41,319,44,+0.02
KOSDAQ,052020,에스티큐브,7330,3,0,107,642,124,751,-109,+0.05
KOSDAQ,219130,타이거일렉,78400,3,0,9,137,12,174,-37,+0.01
KOSDAQ,211050,인카금융서비스,10040,3,0,49,307,55,342,-35,+0.02
KOSDAQ,475960,토모큐브,36750,3,0,27,327,27,329,-2,+0.02
KOSDAQ,033790,피노,5780,3,0,25,151,16,98,53,+0.01
KOSDAQ,033500,동성화인텍,16050,3,0,213,3039,321,4645,-1606,+0.27
KOSDAQ,376300,디어유,20050,3,0,222,8901,261,10454,-1553,+0.67
KOSDAQ,336570,원텍,5320,3,0,758,3306,1270,5549,-2243,+0.31
KOSDAQ,124500,아이티센글로벌,20400,3,0,57,340,35,209,131,+0.02
KOSDAQ,160190,하이젠알앤엠,15310,3,0,158,1640,79,825,815,+0.09
KOSDAQ,358570,지아이이노베이션,7320,3,0,132,1382,120,1264,118,+0.09
KOSDAQ,036810,에프에스티,21750,3,0,63,1108,47,823,285,+0.07
KOSDAQ,425420,티에프이,37750,3,0,18,263,15,214,49,+0.02
KOSDAQ,015750,성우하이텍,5810,3,0,662,3692,912,5108,-1416,+0.30
KOSDAQ,035890,서희건설,1998,3,0,52,74,23,33,41,+0.00
KOSDAQ,034950,한국기업평가,101100,3,0,0,0,0,35,-35,+0.00
KOSDAQ,056080,유진로봇,11980,3,0,71,475,60,405,70,+0.03
KOSDAQ,079940,가비아,33900,3,0,8,115,4,53,62,+0.01
KOSDAQ,033640,네패스,19730,3,0,35,234,19,125,109,+0.01
KOSDAQ,082270,젬백스,10150,3,0,644,9271,587,8427,844,+0.61
KOSDAQ,290550,디케이티,22400,3,0,63,502,47,383,119,+0.03
KOSDAQ,389470,인벤티지랩,33650,3,0,39,560,45,635,-75,+0.04
KOSDAQ,009520,포스코엠텍,10630,3,0,91,1323,34,491,832,+0.06
KOSDAQ,126340,비나텍,61600,3,0,23,615,7,180,435,+0.03
KOSDAQ,174900,앱클론,21950,3,0,17,240,4,56,184,+0.01
KOSDAQ,104830,원익머트리얼즈,34700,3,0,20,360,13,240,120,+0.02
KOSDAQ,330860,네패스아크,35800,3,0,17,175,5,57,118,+0.01
KOSDAQ,099190,아이센스,15020,3,0,44,827,17,329,498,+0.04
KOSDAQ,460930,현대힘스,12140,3,0,60,888,66,975,-87,+0.06
KOSDAQ,253590,네오셈,9760,3,0,176,1824,145,1502,322,+0.11
KOSDAQ,214430,아이쓰리시스템,58300,3,0,12,514,20,815,-301,+0.05
KOSDAQ,340570,티앤엘,52400,3,0,7,443,8,514,-71,+0.03
KOSDAQ,272290,이녹스첨단소재,21250,3,0,213,4693,320,7082,-2389,+0.41
KOSDAQ,102940,코오롱생명과학,32250,3,0,8,143,1,26,117,+0.01
KOSDAQ,077360,덕산하이메탈,9290,3,0,187,748,330,1360,-612,+0.07
KOSDAQ,278280,천보,34150,3,0,76,3239,100,4292,-1053,+0.26
KOSDAQ,365340,성일하이텍,32100,3,0,13,608,7,313,295,+0.03
KOSDAQ,348210,넥스틴,39500,3,0,8,450,10,546,-96,+0.03
KOSDAQ,327260,RF머트리얼즈,46000,3,0,4,23,1,6,17,+0.00
KOSDAQ,018290,브이티,11820,3,0,111,3297,86,2534,763,+0.20
KOSDAQ,027360,아주IB투자,3380,3,0,203,539,209,555,-16,+0.04
KOSDAQ,144960,뉴파워프라즈마,9350,3,0,3,15,10,47,-32,+0.00
KOSDAQ,160980,싸이맥스,37300,3,0,40,356,4,37,319,+0.01
KOSDAQ,030520,한글과컴퓨터,16560,3,0,141,3303,256,6018,-2715,+0.32
KOSDAQ,200710,에이디테크놀로지,29400,3,0,140,2016,117,1698,318,+0.13
KOSDAQ,215200,메가스터디교육,38150,3,0,128,5329,135,5638,-309,+0.38
KOSDAQ,089890,코세스,23750,3,0,13,95,7,53,42,+0.01
KOSDAQ,199800,툴젠,43550,3,0,13,558,9,396,162,+0.03
KOSDAQ,042000,카페24,16130,3,0,184,5814,164,5151,663,+0.38
KOSDAQ,368770,파이버프로,11820,3,0,77,339,38,169,170,+0.02
KOSDAQ,033160,엠케이전자,16030,3,0,20,145,1,10,135,+0.01
KOSDAQ,039440,에스티아이,24800,3,0,57,940,33,549,391,+0.05
KOSDAQ,095660,네오위즈,17730,3,0,22,435,16,322,113,+0.03
KOSDAQ,348340,뉴로메카,30400,3,0,28,598,7,148,450,+0.03
KOSDAQ,356860,티엘비,38300,3,0,43,566,17,230,336,+0.03
KOSDAQ,041190,우리기술투자,4470,3,0,458,4367,302,2886,1481,+0.25
KOSDAQ,025980,아난티,3810,3,0,1567,8183,1799,9338,-1155,+0.60
KOSDAQ,013030,하이록코리아,30950,3,0,17,460,31,830,-370,+0.04
KOSDAQ,101730,위메이드맥스,4345,3,0,134,1342,182,1812,-470,+0.11
KOSDAQ,078020,LS증권,6520,3,0,1,3,3,11,-8,+0.00
KOSDAQ,372320,큐로셀,23600,3,0,23,556,13,323,233,+0.03
KOSDAQ,003800,에이스침대,32200,3,0,0,13,0,3,10,+0.00
KOSDAQ,089010,켐트로닉스,21100,3,0,26,438,12,193,245,+0.02
KOSDAQ,025320,시노펙스,3810,3,0,265,1674,154,968,706,+0.09
KOSDAQ,069080,웹젠,11290,3,0,33,491,42,630,-139,+0.04
KOSDAQ,036620,감성코퍼레이션,3890,3,0,50,149,66,195,-46,+0.01
KOSDAQ,114810,한솔아이원스,12370,3,0,22,138,10,61,77,+0.01
KOSDAQ,084110,휴온스글로벌,27400,3,0,24,712,35,1066,-354,+0.06
KOSDAQ,078160,메디포스트,8760,3,0,47,385,46,378,7,+0.03
KOSDAQ,241770,메카로,32950,3,0,1,11,0,3,8,+0.00
KOSDAQ,236200,슈프리마,48050,3,0,11,255,5,106,149,+0.01
KOSDAQ,168360,펨트론,14950,3,0,44,332,145,1092,-760,+0.05
KOSDAQ,060280,큐렉소,8100,3,0,80,611,120,920,-309,+0.05
KOSDAQ,110990,디아이티,17480,3,0,16,173,7,71,102,+0.01
KOSDAQ,204620,글로벌텍스프리,4685,3,0,351,1435,78,318,1117,+0.06
KOSDAQ,024850,HLB이노베이션,10360,3,0,132,376,90,256,120,+0.02
KOSDAQ,042520,한스바이오메드,22900,3,0,5,35,7,57,-22,+0.00
KOSDAQ,006910,보성파워텍,6480,3,0,113,341,19,56,285,+0.01
KOSDAQ,078350,한양디지텍,20550,3,0,22,198,7,65,133,+0.01
KOSDAQ,243070,휴온스,26150,3,0,2,39,4,96,-57,+0.00
KOSDAQ,389650,넥스트바이오메디컬,37650,3,0,47,1790,76,2864,-1074,+0.16
KOSDAQ,356680,엑스게이트,10840,3,0,326,1756,266,1433,323,+0.11
KOSDAQ,064260,다날,4090,3,0,99,309,12,37,272,+0.01
KOSDAQ,078340,컴투스,25500,3,0,31,1404,33,1501,-97,+0.10
KOSDAQ,025770,한국정보통신,8210,3,0,4,31,0,3,28,+0.00
KOSDAQ,047920,HLB제약,9370,3,0,142,3374,158,3781,-407,+0.25
KOSDAQ,092730,네오팜,19150,3,0,30,352,27,314,38,+0.02
KOSDAQ,101930,인화정공,6700,3,0,15,420,12,333,87,+0.03
KOSDAQ,079370,제우스,9710,3,0,232,2709,58,674,2035,+0.12
KOSDAQ,036890,진성티이씨,13590,3,0,40,381,28,264,117,+0.02
KOSDAQ,265520,AP시스템,19790,3,0,18,305,12,198,107,+0.02
KOSDAQ,200670,휴메딕스,26150,3,0,10,322,13,412,-90,+0.03
KOSDAQ,228760,지노믹트리,11810,3,0,77,1065,79,1094,-29,+0.07
KOSDAQ,206650,유바이오로직스,7980,3,0,57,725,131,1681,-956,+0.08
KOSDAQ,069540,빛과전자,2590,3,0,88,126,98,141,-15,+0.01
KOSDAQ,067630,HLB생명과학,2380,3,0,325,3396,149,1545,1851,+0.17
KOSDAQ,376270,HEM파마,40050,3,0,8,92,4,53,39,+0.01
KOSDAQ,091700,파트론,5770,3,0,26,183,27,196,-13,+0.01
KOSDAQ,441270,파인엠텍,6860,3,0,22,115,91,473,-358,+0.02
KOSDAQ,025900,동화기업,5700,3,0,121,1151,72,694,457,+0.06
KOSDAQ,017890,한국알콜,13520,3,0,2,16,0,4,12,+0.00
KOSDAQ,215600,신라젠,2070,3,0,1216,3474,810,2342,1132,+0.20
KOSDAQ,049070,인탑스,17360,3,0,18,337,7,136,201,+0.02
KOSDAQ,035810,이지홀딩스,4430,3,0,25,74,9,25,49,+0.00
KOSDAQ,121440,골프존홀딩스,6670,3,0,4,13,5,18,-5,+0.00
KOSDAQ,065680,우주일렉트로,30900,3,0,10,137,5,72,65,+0.01
KOSDAQ,136480,하림,2680,3,0,68,197,17,50,147,+0.01
KOSDAQ,439090,마녀공장,17290,3,0,23,381,7,121,260,+0.02
KOSDAQ,419530,SAMG엔터,27600,3,0,27,362,9,122,240,+0.02
KOSDAQ,080580,오킨스전자,13260,3,0,27,131,10,49,82,+0.01
KOSDAQ,107640,한중엔시에스,30650,3,0,51,1241,30,719,522,+0.07
KOSDAQ,417840,저스템,12100,3,0,11,71,1,5,66,+0.00
KOSDAQ,393890,더블유씨피,8130,3,0,179,2328,77,1006,1322,+0.12
KOSDAQ,394280,오픈엣지테크놀로지,10430,3,0,50,530,20,208,322,+0.03
KOSDAQ,036800,나이스정보통신,29900,3,0,0,1,0,1,0,+0.00
KOSDAQ,332570,PS일렉트로닉스,5780,3,0,24,52,2,4,48,+0.00
KOSDAQ,051500,CJ프레시웨이,22700,3,0,4,66,4,67,-1,+0.00
KOSDAQ,054950,제이브이엠,22050,3,0,26,475,3,64,411,+0.02
KOSDAQ,092460,한라IMS,15570,3,0,59,446,52,394,52,+0.03
KOSDAQ,092190,서울바이오시스,5800,3,0,19,63,8,25,38,+0.00
KOSDAQ,023410,유진기업,3375,3,0,28,96,9,31,65,+0.00
KOSDAQ,036200,유니셈,8470,3,0,28,166,17,104,62,+0.01
KOSDAQ,151860,KG에코솔루션,5450,3,0,24,129,17,88,41,+0.01
KOSDAQ,267980,매일유업,33850,3,0,2,78,2,58,20,+0.00
KOSDAQ,043150,바텍,17460,3,0,6,127,2,43,84,+0.01
KOSDAQ,035600,KG이니시스,9410,3,0,17,160,13,116,44,+0.01
KOSDAQ,352480,씨앤씨인터내셔널,19000,3,0,160,7020,236,10335,-3315,+0.60
KOSDAQ,064820,케이프,8330,3,0,104,592,99,565,27,+0.04
KOSDAQ,455900,엔젤로보틱스,16470,3,0,38,921,7,172,749,+0.04
KOSDAQ,314930,바이오다인,8360,3,0,92,1526,67,1115,411,+0.09
KOSDAQ,117730,티로보틱스,11000,3,0,49,373,9,68,305,+0.02
KOSDAQ,052710,아모텍,16980,3,0,4,14,6,21,-7,+0.00
KOSDAQ,206640,바디텍메드,11290,3,0,15,233,42,643,-410,+0.03
KOSDAQ,200130,콜마비앤에이치,8380,3,0,13,167,7,91,76,+0.01
KOSDAQ,194700,노바렉스,13470,3,0,18,134,23,175,-41,+0.01
KOSDAQ,215000,골프존,39000,3,0,3,172,2,155,17,+0.01
KOSDAQ,290690,소룩스,4625,3,0,23,201,44,392,-191,+0.02
KOSDAQ,064850,에프앤가이드,21200,3,0,19,154,6,49,105,+0.01
KOSDAQ,234340,헥토파이낸셜,17290,3,0,13,203,3,53,150,+0.01
KOSDAQ,138080,오이솔루션,19450,3,0,3,27,0,2,25,+0.00
KOSDAQ,051360,토비스,16090,3,0,14,255,16,286,-31,+0.02
KOSDAQ,445090,에이직랜드,21850,3,0,43,1215,58,1646,-431,+0.10
KOSDAQ,389260,대명에너지,13320,3,0,13,142,2,26,116,+0.01
KOSDAQ,061970,LB세미콘,4070,3,0,23,80,15,51,29,+0.00
KOSDAQ,043370,피에이치에이,11230,3,0,4,34,6,56,-22,+0.00
KOSDAQ,099430,바이오플러스,3805,3,0,44,227,59,309,-82,+0.02
KOSDAQ,452430,사피엔반도체,28300,3,0,10,109,15,158,-49,+0.01
KOSDAQ,093520,매커스,19620,3,0,25,218,3,23,195,+0.01
KOSDAQ,304360,에스바이오메딕스,18700,3,0,40,885,56,1227,-342,+0.07
KOSDAQ,018000,유니슨,892,3,0,116,66,4,2,64,+0.00
KOSDAQ,378340,필에너지,10690,3,0,60,885,34,499,386,+0.05
KOSDAQ,272110,케이엔제이,28700,3,0,10,126,8,110,16,+0.01
KOSDAQ,187660,페니트리움바이오,4115,3,0,27,94,80,279,-185,+0.01
KOSDAQ,456010,아이씨티케이,15660,3,0,90,529,29,171,358,+0.02
KOSDAQ,254490,미래반도체,15700,3,0,15,190,6,79,111,+0.01
KOSDAQ,462350,이노스페이스,6710,3,0,30,591,14,279,312,+0.03
KOSDAQ,060720,KH바텍,9520,3,0,28,242,10,87,155,+0.01
KOSDAQ,094360,칩스앤미디어,10550,3,0,36,511,24,341,170,+0.03
KOSDAQ,071200,인피니트헬스케어,9230,3,0,18,82,3,14,68,+0.00
KOSDAQ,448280,에코아이,7580,3,0,8,121,1,22,99,+0.00
KOSDAQ,230240,에치에프알,16820,3,0,5,50,3,34,16,+0.00
KOSDAQ,095500,미래나노텍,7210,3,0,66,562,26,222,340,+0.03
KOSDAQ,023760,한국캐피탈,708,3,0,2,1,3,2,-1,+0.00
KOSDAQ,085910,네오티스,16130,3,0,0,0,0,1,-1,+0.00
KOSDAQ,011560,세보엠이씨,21950,3,0,41,422,69,725,-303,+0.04
KOSDAQ,053030,바이넥스,6740,3,0,312,5184,161,2660,2524,+0.27
KOSDAQ,052330,코텍,12360,3,0,0,2,1,11,-9,+0.00
KOSDAQ,089980,상아프론테크,13680,3,0,36,684,13,251,433,+0.03
KOSDAQ,036030,케이티알파,4455,3,0,12,47,1,6,41,+0.00
KOSDAQ,065710,서호전기,42350,3,0,18,403,3,71,332,+0.02
KOSDAQ,086390,유니테스트,10260,3,0,20,187,9,81,106,+0.01
KOSDAQ,114190,강원에너지,8280,3,0,47,508,14,157,351,+0.02
KOSDAQ,200470,에이팩트,5090,3,0,106,252,26,61,191,+0.01
KOSDAQ,180400,DXVX,2190,3,0,359,669,219,411,258,+0.04
KOSDAQ,092870,엑시콘,16470,3,0,50,511,19,198,313,+0.02
KOSDAQ,073490,LIG아큐버,28200,3,0,6,112,1,17,95,+0.00
KOSDAQ,472850,폰드그룹,3715,3,0,20,102,16,81,21,+0.01
KOSDAQ,217730,강스템바이오텍,2265,3,0,255,646,329,837,-191,+0.05
KOSDAQ,005710,대원산업,10610,3,0,1,5,1,3,2,+0.00
KOSDAQ,144510,지씨셀,13340,3,0,144,3635,188,4758,-1123,+0.29
KOSDAQ,203650,드림시큐리티,2065,3,0,72,232,13,41,191,+0.01
KOSDAQ,100120,뷰웍스,23400,3,0,2,42,1,11,31,+0.00
KOSDAQ,425040,티이엠씨,9530,3,0,20,160,16,125,35,+0.01
KOSDAQ,018310,삼목에스폼,14200,3,0,1,24,1,24,0,+0.00
KOSDAQ,389500,에스비비테크,31300,3,0,14,234,10,169,65,+0.01
KOSDAQ,042370,비츠로테크,7960,3,0,82,615,37,280,335,+0.03
KOSDAQ,067390,아스트,495,3,0,50,26,8,4,22,+0.00
KOSDAQ,461300,아이스크림미디어,15620,3,0,15,200,21,288,-88,+0.02
KOSDAQ,353810,이지바이오,6290,3,0,8,31,9,35,-4,+0.00
KOSDAQ,317330,덕산테코피아,10140,3,0,26,892,32,1086,-194,+0.07
KOSDAQ,241520,DSC인베스트먼트,7770,3,0,6,17,4,13,4,+0.00
KOSDAQ,380540,옵티코어,8450,3,0,93,126,79,107,19,+0.01
KOSDAQ,014940,오리엔탈정공,4490,3,0,1463,7950,1228,6709,1241,+0.51
KOSDAQ,039830,오로라,18930,3,0,0,1,0,2,-1,+0.00
KOSDAQ,298830,슈어소프트테크,3795,3,0,89,445,112,558,-113,+0.03
KOSDAQ,013120,동원개발,2230,3,0,3,6,8,18,-12,+0.00
KOSDAQ,068930,디지털대성,7300,3,0,4,33,1,10,23,+0.00
KOSDAQ,112290,와이씨켐,9990,3,0,52,708,15,211,497,+0.03
KOSDAQ,357550,석경에이티,37000,3,0,1,58,0,11,47,+0.00
KOSDAQ,034810,해성산업,6380,3,0,7,44,5,32,12,+0.00
KOSDAQ,159010,아스플로,15100,3,0,11,51,10,48,3,+0.00
KOSDAQ,123330,제닉,25200,3,0,22,403,51,922,-519,+0.05
KOSDAQ,019010,베뉴지,4150,3,0,37,86,86,202,-116,+0.01
KOSDAQ,446540,메가터치,6840,3,0,55,183,13,43,140,+0.01
KOSDAQ,452280,한선엔지니어링,10300,3,0,140,1368,165,1615,-247,+0.10
KOSDAQ,024840,KBI메탈,4590,3,0,244,542,175,393,149,+0.03
KOSDAQ,091580,상신이디피,14740,3,0,66,542,9,73,469,+0.02
KOSDAQ,365270,큐라클,8850,3,0,6,35,6,33,2,+0.00
KOSDAQ,036710,심텍홀딩스,3695,3,0,18,22,2,2,20,+0.00
KOSDAQ,046970,우리로,4440,3,0,89,114,54,69,45,+0.01
KOSDAQ,237880,클리오,10740,3,0,23,405,37,661,-256,+0.04
KOSDAQ,036190,금화피에스시,32100,3,0,1,22,0,4,18,+0.00
KOSDAQ,098120,마이크로컨텍솔,23150,3,0,1,5,2,9,-4,+0.00
KOSDAQ,084850,아이티엠반도체,8470,3,0,6,83,4,54,29,+0.00
KOSDAQ,094480,갤럭시아머니트리,4890,3,0,614,5311,421,3675,1636,+0.31
KOSDAQ,194480,데브시스터즈,15730,3,0,134,4005,175,5221,-1216,+0.32
KOSDAQ,394800,쓰리빌리언,5900,3,0,2802,12221,2664,11645,576,+0.82
KOSDAQ,067080,대화제약,9990,3,0,101,1280,111,1416,-136,+0.09
KOSDAQ,220100,퓨쳐켐,8280,3,0,125,1977,112,1769,208,+0.13
KOSDAQ,042420,네오위즈홀딩스,22650,3,0,4,78,2,29,49,+0.00
KOSDAQ,036560,KZ정밀,11680,3,0,33,486,9,140,346,+0.02
KOSDAQ,187870,디바이스,13350,3,0,1,11,0,2,9,+0.00
KOSDAQ,190510,나무가,13040,3,0,16,203,4,55,148,+0.01
KOSDAQ,065660,안트로젠,18310,3,0,6,98,3,43,55,+0.00
KOSDAQ,192440,슈피겐코리아,29350,3,0,3,58,0,2,56,+0.00
KOSDAQ,475400,씨메스로보틱스,15410,3,0,98,1615,39,634,981,+0.08
KOSDAQ,377450,리파인,10470,3,0,15,219,24,365,-146,+0.02
KOSDAQ,041920,메디아나,9750,3,0,0,2,2,7,-5,+0.00
KOSDAQ,354320,알멕,28250,3,0,9,245,4,95,150,+0.01
KOSDAQ,024060,흥구석유,12010,3,0,136,2124,19,300,1824,+0.08
KOSDAQ,126600,BGF에코머티리얼즈,2870,3,0,24,72,6,17,55,+0.00
KOSDAQ,045390,대아티아이,2555,3,0,210,583,70,196,387,+0.03
KOSDAQ,054210,이랜텍,7090,3,0,15,74,7,33,41,+0.00
KOSDAQ,066620,국보디자인,23900,3,0,1,16,0,2,14,+0.00
KOSDAQ,294570,쿠콘,17760,3,0,6,68,1,13,55,+0.00
KOSDAQ,099440,스맥,2605,3,0,126,405,57,185,220,+0.02
KOSDAQ,214180,헥토이노베이션,13550,3,0,7,85,0,2,83,+0.00
KOSDAQ,078150,HB테크놀러지,1891,3,0,637,1292,128,260,1032,+0.05
KOSDAQ,058970,엠로,14150,3,0,51,3400,40,2648,752,+0.21
KOSDAQ,108860,셀바스AI,6480,3,0,934,12033,759,9791,2242,+0.75
KOSDAQ,143240,사람인,16100,3,0,5,71,1,16,55,+0.00
KOSDAQ,049430,코메론,19040,3,0,123,1308,96,1040,268,+0.08
KOSDAQ,036170,에이치엠넥스,2795,3,0,4,3,2,1,2,+0.00
KOSDAQ,053300,한국정보인증,4220,3,0,53,216,2,8,208,+0.01
KOSDAQ,092130,이크레더블,14170,3,0,0,4,0,0,4,+0.00
KOSDAQ,308430,셀비온,13210,3,0,59,610,12,127,483,+0.03
KOSDAQ,416180,신성에스티,18740,3,0,13,346,7,172,174,+0.02
KOSDAQ,039840,디오,12620,3,0,5,75,13,208,-133,+0.01
KOSDAQ,138610,나이벡,14890,3,0,32,440,19,261,179,+0.02
KOSDAQ,322310,오로스테크놀로지,18050,3,0,8,116,5,71,45,+0.01
KOSDAQ,243840,신흥에스이씨,4330,3,0,18,110,15,88,22,+0.01
KOSDAQ,251370,와이엠티,9240,3,0,36,363,14,142,221,+0.02
KOSDAQ,122990,와이솔,6240,3,0,1,7,6,35,-28,+0.00
KOSDAQ,094820,일진파워,11020,3,0,25,257,14,148,109,+0.01
KOSDAQ,138360,앤로보틱스,1835,3,0,1,0,1,1,-1,+0.00
KOSDAQ,216080,제테마,4450,3,0,33,629,7,137,492,+0.03
KOSDAQ,038390,레드캡투어,9880,3,0,9,84,7,59,25,+0.00
KOSDAQ,204610,티쓰리,2975,3,0,93,132,29,41,91,+0.01
KOSDAQ,256840,한국비엔씨,2415,3,0,175,738,31,129,609,+0.03
KOSDAQ,143160,아이디스,15380,3,0,2,24,2,33,-9,+0.00
KOSDAQ,115450,HLB테라퓨틱스,1854,3,0,383,4275,314,3475,800,+0.27
KOSDAQ,314130,지놈앤컴퍼니,3625,3,0,28,81,11,30,51,+0.00
KOSDAQ,012860,모베이스전자,2230,3,0,43,69,1,1,68,+0.00
KOSDAQ,108380,대양전기공업,16990,3,0,86,1149,32,429,720,+0.05
KOSDAQ,068790,DMS,7190,3,0,18,92,14,68,24,+0.01
KOSDAQ,123860,아나패스,13360,3,0,9,186,7,134,52,+0.01
KOSDAQ,212560,네오오토,11980,3,0,9,65,2,18,47,+0.00
KOSDAQ,222040,코스맥스엔비티,7830,3,0,6,20,10,32,-12,+0.00
KOSDAQ,084990,헬릭스미스,3495,3,0,17,52,3,9,43,+0.00
KOSDAQ,037070,파세코,8030,3,0,15,81,2,9,72,+0.00
KOSDAQ,064550,바이오니아,6200,3,0,40,803,12,235,568,+0.04
KOSDAQ,083310,엘오티베큠,8860,3,0,34,287,16,139,148,+0.01
KOSDAQ,079960,동양이엔피,20050,3,0,1,19,3,59,-40,+0.00
KOSDAQ,255220,SG,1435,3,0,3376,11934,2464,8704,3230,+0.71
KOSDAQ,032580,피델릭스,4740,3,0,213,272,57,73,199,+0.01
KOSDAQ,307180,아이엘,4245,3,0,6,18,6,17,1,+0.00
KOSDAQ,080160,모두투어,8290,3,0,185,2064,233,2610,-546,+0.16
KOSDAQ,051370,인터플렉스,6700,3,0,13,120,9,82,38,+0.01
KOSDAQ,179290,엠아이텍,4820,3,0,20,150,19,142,8,+0.01
KOSDAQ,072870,메가스터디,13070,3,0,2,25,1,16,9,+0.00
KOSDAQ,024800,유성티엔에스,4205,3,0,0,0,0,1,-1,+0.00
KOSDAQ,046120,오르비텍,4585,3,0,100,242,24,59,183,+0.01
KOSDAQ,048550,SM C&C,1605,3,0,76,125,18,30,95,+0.01
KOSDAQ,338840,와이바이오로직스,10100,3,0,23,179,20,151,28,+0.01
KOSDAQ,093190,빅솔론,8050,3,0,0,0,0,2,-2,+0.00
KOSDAQ,007330,푸른저축은행,10230,3,0,1,11,0,3,8,+0.00
KOSDAQ,023910,대한약품,25650,3,0,3,83,1,35,48,+0.00
KOSDAQ,011040,경동제약,4990,3,0,3,17,2,10,7,+0.00
KOSDAQ,032620,GC메디아이,2935,3,0,56,199,19,70,129,+0.01
KOSDAQ,046440,KG파이낸셜,4030,3,0,4,17,9,39,-22,+0.00
KOSDAQ,086820,바이오솔루션,5900,3,0,6,99,6,97,2,+0.01
KOSDAQ,199820,제일일렉트릭,6860,3,0,123,1349,322,3540,-2191,+0.17
KOSDAQ,040350,크레오에스지,7800,3,0,237,131,72,40,91,+0.01
KOSDAQ,001540,안국약품,11660,3,0,0,2,0,2,0,+0.00
KOSDAQ,054450,텔레칩스,10020,3,0,25,306,8,93,213,+0.01
KOSDAQ,086670,비엠티,15260,3,0,2,14,1,10,4,+0.00
KOSDAQ,126640,화신정공,4300,3,0,0,0,1,1,-1,+0.00
KOSDAQ,083930,아바코,10210,3,0,5,73,7,97,-24,+0.01
KOSDAQ,357880,SKAI,2830,3,0,539,1264,545,1286,-22,+0.09
KOSDAQ,119830,아이텍,5600,3,0,64,324,3,13,311,+0.01
KOSDAQ,054800,아이디스홀딩스,14280,3,0,0,0,5,47,-47,+0.00
KOSDAQ,123410,코리아에프티,5300,3,0,54,287,63,332,-45,+0.02
KOSDAQ,260970,에스앤디,51000,3,0,6,166,3,79,87,+0.01
KOSDAQ,048870,시너지이노베이션,1666,3,0,65,164,13,34,130,+0.01
KOSDAQ,082800,비보존 제약,2410,3,0,137,832,60,364,468,+0.04
KOSDAQ,234690,녹십자웰빙,8090,3,0,15,132,12,108,24,+0.01
KOSDAQ,049960,쎌바이오텍,15400,3,0,0,6,1,16,-10,+0.00
KOSDAQ,060150,인선이엔티,3165,3,0,23,115,2,11,104,+0.00
KOSDAQ,092070,디엔에프,12460,3,0,7,71,4,37,34,+0.00
KOSDAQ,334970,프레스티지바이오로직스,1845,3,0,45,238,20,108,130,+0.01
KOSDAQ,355150,코스텍시스,18380,3,0,22,118,14,79,39,+0.01
KOSDAQ,389020,자람테크놀로지,20750,3,0,23,640,9,240,400,+0.03
KOSDAQ,114840,아이패밀리에스씨,8580,3,0,55,1082,89,1728,-646,+0.10
KOSDAQ,310200,애니플러스,2730,3,0,41,107,6,17,90,+0.00
KOSDAQ,464080,에스오에스랩,7870,3,0,278,2182,268,2131,51,+0.15
KOSDAQ,005990,매일홀딩스,10620,3,0,0,0,0,0,0,+0.00
KOSDAQ,382900,범한퓨얼셀,16120,3,0,39,536,18,254,282,+0.03
KOSDAQ,078070,유비쿼스홀딩스,8240,3,0,0,1,0,1,0,+0.00
KOSDAQ,264450,유비쿼스,9560,3,0,2,15,0,1,14,+0.00
KOSDAQ,049720,고려신용정보,9760,3,0,15,151,4,38,113,+0.01
KOSDAQ,069510,에스텍,12750,3,0,0,0,0,1,-1,+0.00
KOSDAQ,146320,비씨엔씨,10860,3,0,21,199,9,88,111,+0.01
KOSDAQ,049630,재영솔루텍,5940,3,0,5,3,17,11,-8,+0.00
KOSDAQ,104480,티케이케미칼,1524,3,0,31,41,3,4,37,+0.00
KOSDAQ,090850,현대이지웰,6150,3,0,15,94,31,196,-102,+0.01
KOSDAQ,304100,솔트룩스,10960,3,0,148,3503,199,4703,-1200,+0.28
KOSDAQ,126700,하이비젼시스템,9160,3,0,146,2403,76,1254,1149,+0.13
KOSDAQ,242040,나무기술,3955,3,0,33,51,6,10,41,+0.00
KOSDAQ,067280,멀티캠퍼스,23000,3,0,0,9,0,14,-5,+0.00
KOSDAQ,039860,나노엔텍,3555,3,0,89,301,25,85,216,+0.01
KOSDAQ,457550,우진엔텍,14510,3,0,27,565,60,1269,-704,+0.06
KOSDAQ,041020,폴라리스오피스,2720,3,0,501,2861,480,2746,115,+0.19
KOSDAQ,205500,넥써쓰,1659,3,0,4,4,0,0,4,+0.00
KOSDAQ,088800,에이스테크,1782,3,0,103,84,32,26,58,+0.00
KOSDAQ,274090,켄코아에어로스페이스,9690,3,0,51,540,29,310,230,+0.03
KOSDAQ,382800,지앤비에스 에코,4185,3,0,35,103,3,9,94,+0.00
KOSDAQ,445180,퓨릿,7710,3,0,6,33,2,11,22,+0.00
KOSDAQ,418550,제이오,4130,3,0,502,8690,485,8444,246,+0.59
KOSDAQ,023600,삼보판지,8250,3,0,0,4,0,4,0,+0.00
KOSDAQ,405100,큐알티,10700,3,0,30,383,11,142,241,+0.02
KOSDAQ,371950,풍원정밀,5800,3,0,6,55,3,27,28,+0.00
KOSDAQ,402030,코난테크놀로지,10490,3,0,48,1025,41,889,136,+0.07
KOSDAQ,035610,솔본,4795,3,0,1,4,3,12,-8,+0.00
KOSDAQ,270660,에브리봇,10290,3,0,34,569,9,145,424,+0.02
KOSDAQ,086980,쇼박스,2090,3,0,94,414,48,212,202,+0.02
KOSDAQ,118990,모트렉스,5310,3,0,39,440,27,303,137,+0.03
KOSDAQ,003100,선광,19670,3,0,0,1,1,8,-7,+0.00
KOSDAQ,086890,이수앱지스,3175,3,0,12,57,10,50,7,+0.00
KOSDAQ,094840,슈프리마에이치큐,13190,3,0,3,19,5,27,-8,+0.00
KOSDAQ,005160,동국산업,2380,3,0,36,199,28,154,45,+0.01
KOSDAQ,037350,성도이엔지,8400,3,0,10,44,2,9,35,+0.00
KOSDAQ,451760,컨텍,7730,3,0,37,396,19,199,197,+0.02
KOSDAQ,322510,제이엘케이,4960,3,0,144,1138,101,790,348,+0.07
KOSDAQ,473980,노머스,11530,3,0,23,424,28,509,-85,+0.03
KOSDAQ,102120,어보브반도체,7170,3,0,41,343,7,61,282,+0.01
KOSDAQ,361390,제노코,13080,3,0,37,618,34,572,46,+0.04
KOSDAQ,038290,마크로젠,11730,3,0,6,97,3,44,53,+0.00
KOSDAQ,136540,윈스테크넷,10310,3,0,6,82,8,117,-35,+0.01
KOSDAQ,453450,그리드위즈,15920,3,0,60,1048,16,271,777,+0.05
KOSDAQ,147830,제룡산업,6310,3,0,82,474,31,179,295,+0.02
KOSDAQ,388050,지투파워,6710,3,0,186,1735,164,1529,206,+0.11
KOSDAQ,372170,윤성에프앤씨,15720,3,0,8,364,5,214,150,+0.02
KOSDAQ,408920,메쎄이상,2900,3,0,0,0,1,1,-1,+0.00
KOSDAQ,058820,CMG제약,839,3,0,37,71,12,23,48,+0.00
KOSDAQ,388790,라이콤,4055,3,0,95,325,113,387,-62,+0.02
KOSDAQ,109740,디에스케이,4795,3,0,13,66,4,20,46,+0.00
KOSDAQ,458650,성우,8190,3,0,27,588,16,338,250,+0.03
KOSDAQ,101360,에코앤드림,6920,3,0,64,1841,56,1601,240,+0.12
KOSDAQ,339950,아이비김영,2735,3,0,253,546,224,482,64,+0.04
KOSDAQ,149950,아바텍,8980,3,0,2,19,7,58,-39,+0.00
KOSDAQ,095190,신화프리텍,1880,3,0,42,84,21,41,43,+0.00
KOSDAQ,293580,나우IB,1291,3,0,15,14,10,9,5,+0.00
KOSDAQ,413630,씨피시스템,3360,3,0,110,207,53,100,107,+0.01
KOSDAQ,297890,HB솔루션,1665,3,0,197,632,112,360,272,+0.03
KOSDAQ,264660,씨앤지하이테크,12520,3,0,6,62,3,26,36,+0.00
KOSDAQ,256940,킵스파마,6060,3,0,15,79,3,16,63,+0.00
KOSDAQ,402490,그린리소스,7120,3,0,31,413,7,91,322,+0.02
KOSDAQ,293780,압타바이오,4245,3,0,32,212,22,147,65,+0.01
KOSDAQ,051980,중앙첨단소재,1070,3,0,307,2825,208,1916,909,+0.16
KOSDAQ,126730,코칩,13550,3,0,14,132,3,29,103,+0.01
KOSDAQ,211270,AP위성,7870,3,0,67,933,64,892,41,+0.06
KOSDAQ,300080,플리토,7180,3,0,124,1625,56,750,875,+0.08
KOSDAQ,013990,아가방컴퍼니,3600,3,0,18,83,64,287,-204,+0.01
KOSDAQ,285490,노바텍,11190,3,0,6,72,1,10,62,+0.00
KOSDAQ,321550,티움바이오,3930,3,0,4,20,4,18,2,+0.00
KOSDAQ,122450,KX,2630,3,0,3,9,0,0,9,+0.00
KOSDAQ,027710,팜스토리,1055,3,0,62,74,11,13,61,+0.00
KOSDAQ,264850,이랜시스,3880,3,0,109,516,16,74,442,+0.02
KOSDAQ,307750,국전,2145,3,0,35,134,4,16,118,+0.01
KOSDAQ,089600,KT나스미디어,10010,3,0,35,506,23,338,168,+0.03
KOSDAQ,331920,셀레믹스,10350,3,0,16,53,1,4,49,+0.00
KOSDAQ,083500,에프엔에스테크,13900,3,0,2,17,3,31,-14,+0.00
KOSDAQ,282880,코윈테크,9870,3,0,24,350,11,159,191,+0.02
KOSDAQ,432720,퀄리타스반도체,8130,3,0,29,214,13,93,121,+0.01
KOSDAQ,067990,도이치모터스,3940,3,0,39,181,12,55,126,+0.01
KOSDAQ,259630,엠플러스,9400,3,0,23,179,18,139,40,+0.01
KOSDAQ,366030,나인앤컴퍼니,5050,3,0,12,47,4,16,31,+0.00
KOSDAQ,106190,하이텍팜,10750,3,0,20,286,55,780,-494,+0.04
KOSDAQ,142210,유니트론텍,5470,3,0,25,126,6,31,95,+0.01
KOSDAQ,049520,유아이엘,3675,3,0,13,56,5,21,35,+0.00
KOSDAQ,021320,KCC건설,5290,3,0,0,0,0,1,-1,+0.00
KOSDAQ,308080,바이젠셀,5510,3,0,3,9,2,6,3,+0.00
KOSDAQ,205100,엑셈,1594,3,0,164,297,40,73,224,+0.01
KOSDAQ,267320,나인테크,1960,3,0,44,90,3,7,83,+0.00
KOSDAQ,042600,새로닉스,9050,3,0,10,112,4,45,67,+0.01
KOSDAQ,051160,지어소프트,7250,3,0,11,100,5,41,59,+0.00
KOSDAQ,054050,NH농우바이오,6960,3,0,3,19,0,1,18,+0.00
KOSDAQ,232680,라온로보틱스,8410,3,0,11,78,1,10,68,+0.00
KOSDAQ,140670,알에스오토메이션,8660,3,0,31,345,30,333,12,+0.02
KOSDAQ,311320,지오엘리먼트,8800,3,0,1,10,0,3,7,+0.00
KOSDAQ,053080,케이엔솔,8500,3,0,25,355,4,57,298,+0.01
KOSDAQ,041440,현대에버다임,6190,3,0,197,1939,231,2275,-336,+0.15
KOSDAQ,067290,JW신약,1970,3,0,32,46,6,8,38,+0.00
KOSDAQ,073010,케이에스피,2745,3,0,168,752,133,594,158,+0.05
KOSDAQ,474170,루미르,6190,3,0,55,520,44,417,103,+0.03
KOSDAQ,038540,상상인,1993,3,0,3,5,3,5,0,+0.00
KOSDAQ,056090,시지메드텍,1065,3,0,94,108,33,38,70,+0.01
KOSDAQ,067900,와이엔텍,6040,3,0,2,15,0,2,13,+0.00
KOSDAQ,018120,진로발효,16540,3,0,0,1,0,0,1,+0.00
KOSDAQ,418420,라온텍,3555,3,0,38,115,2,5,110,+0.00
KOSDAQ,047310,파워로직스,2980,3,0,71,349,32,158,191,+0.02
KOSDAQ,263860,지니언스,12000,3,0,3,25,1,6,19,+0.00
KOSDAQ,290720,푸드나무,3070,3,0,87,277,36,115,162,+0.01
KOSDAQ,289080,SV인베스트먼트,1807,3,0,88,123,4,5,118,+0.00
KOSDAQ,063570,NICE인프라,3180,3,0,12,57,1,4,53,+0.00
KOSDAQ,108230,톱텍,2855,3,0,41,185,4,19,166,+0.01
KOSDAQ,032940,원익,5960,3,0,71,242,5,18,224,+0.01
KOSDAQ,199430,케이엔알시스템,9650,3,0,22,160,2,17,143,+0.01
KOSDAQ,041520,이엘씨,8850,3,0,1,6,1,7,-1,+0.00
KOSDAQ,080420,모다이노칩,1347,3,0,0,0,0,0,0,+0.00
KOSDAQ,035080,그래디언트,9390,3,0,12,168,15,202,-34,+0.01
KOSDAQ,047770,코데즈컴바인,2835,3,0,40,57,32,45,12,+0.00
KOSDAQ,220260,켐트로스,3345,3,0,13,49,2,9,40,+0.00
KOSDAQ,095700,제넥신,2350,3,0,54,312,31,181,131,+0.02
KOSDAQ,059210,메타바이오메드,3935,3,0,34,125,19,71,54,+0.01
KOSDAQ,053700,삼보모터스,4000,3,0,2,9,2,8,1,+0.00
KOSDAQ,217270,넵튠,2285,3,0,9,48,1,4,44,+0.00
KOSDAQ,073560,우리손에프앤지,1542,3,0,1,2,2,3,-1,+0.00
KOSDAQ,093640,케이알엠,3240,3,0,32,138,15,64,74,+0.01
KOSDAQ,009780,엠에스씨,6040,3,0,8,44,23,134,-90,+0.01
KOSDAQ,039340,한국경제TV,4800,3,0,0,0,0,2,-2,+0.00
KOSDAQ,148150,세경하이테크,2960,3,0,188,1217,97,624,593,+0.06
KOSDAQ,417500,제이아이테크,3195,3,0,83,249,45,136,113,+0.01
KOSDAQ,006620,동구바이오제약,3660,3,0,22,112,4,22,90,+0.00
KOSDAQ,052260,현대바이오랜드,3455,3,0,14,60,12,53,7,+0.00
KOSDAQ,338220,뷰노,7380,3,0,151,4024,69,1840,2184,+0.20
KOSDAQ,120240,대정화금,14350,3,0,1,13,0,5,8,+0.00
KOSDAQ,021080,에이티넘인베스트,2140,3,0,33,80,32,77,3,+0.01
KOSDAQ,297090,씨에스베어링,3760,3,0,31,128,9,39,89,+0.01
KOSDAQ,141000,비아트론,8440,3,0,0,3,1,4,-1,+0.00
KOSDAQ,289930,웨이비스,7740,3,0,70,545,19,149,396,+0.02
KOSDAQ,017510,세명전기,6620,3,0,91,446,21,103,343,+0.02
KOSDAQ,115310,인포바인,6800,3,0,0,8,0,4,4,+0.00
KOSDAQ,105330,케이엔더블유,6280,3,0,9,33,3,10,23,+0.00
KOSDAQ,100700,세운메디칼,2285,3,0,13,34,2,6,28,+0.00
KOSDAQ,246720,아스타,6070,3,0,1,5,3,13,-8,+0.00
KOSDAQ,163730,핑거,8260,3,0,991,10542,774,8238,2304,+0.65
KOSDAQ,246710,티앤알바이오팹,2080,3,0,53,321,47,286,35,+0.02
KOSDAQ,166480,코아스템켐온,1875,3,0,24,281,49,567,-286,+0.03
KOSDAQ,071280,로체시스템즈,6470,3,0,6,94,28,435,-341,+0.02
KOSDAQ,123040,엠에스오토텍,1580,3,0,31,84,9,26,58,+0.00
KOSDAQ,131030,옵투스제약,5580,3,0,13,74,3,19,55,+0.00
KOSDAQ,039560,다산네트웍스,2295,3,0,163,636,198,772,-136,+0.05
KOSDAQ,299030,하나기술,12310,3,0,19,419,6,126,293,+0.02
KOSDAQ,228850,레이언스,5930,3,0,0,2,0,0,2,+0.00
KOSDAQ,013310,아진산업,2530,3,0,28,71,14,36,35,+0.00
KOSDAQ,125210,아모그린텍,5930,3,0,22,149,6,43,106,+0.01
KOSDAQ,109610,에스와이,2000,3,0,218,984,278,1252,-268,+0.08
KOSDAQ,066590,스모트로닉,2525,3,0,6,17,7,21,-4,+0.00
KOSDAQ,156100,엘앤케이바이오,4355,3,0,9,62,3,17,45,+0.00
KOSDAQ,066790,씨씨에스,1493,3,0,783,1102,303,430,672,+0.05
KOSDAQ,068240,다원시스,2530,3,0,62,683,31,341,342,+0.04
KOSDAQ,475580,에이럭스,7080,3,0,10,73,21,154,-81,+0.01
KOSDAQ,323990,박셀바이오,4145,3,0,40,498,11,140,358,+0.02
KOSDAQ,040300,YTN,2020,3,0,43,132,7,22,110,+0.01
KOSDAQ,115500,케이씨에스,8020,3,0,150,1153,82,635,518,+0.06
KOSDAQ,336680,탑런토탈솔루션,2450,3,0,5,46,5,46,0,+0.00
KOSDAQ,049080,기가레인,11290,3,0,8,5,11,7,-2,+0.00
KOSDAQ,309960,LB인베스트먼트,4115,3,0,4,14,2,6,8,+0.00
KOSDAQ,352090,스톰테크,3545,3,0,9,28,1,2,26,+0.00
KOSDAQ,005860,한일사료,2410,3,0,64,249,15,58,191,+0.01
KOSDAQ,104460,디와이피엔에프,8990,3,0,100,1189,79,979,210,+0.07
KOSDAQ,348350,위드텍,9460,3,0,1,5,0,2,3,+0.00
KOSDAQ,362320,청담글로벌,4455,3,0,21,112,5,27,85,+0.00
KOSDAQ,158430,아톤,3810,3,0,436,2357,372,2026,331,+0.15
KOSDAQ,037030,파워넷,3650,3,0,2,4,4,9,-5,+0.00
KOSDAQ,023900,풍국주정,7390,3,0,1,5,0,4,1,+0.00
KOSDAQ,333430,일승,3025,3,0,455,1910,440,1852,58,+0.13
KOSDAQ,091440,한울소재과학,2775,3,0,11,54,8,40,14,+0.00
KOSDAQ,235980,메드팩토,2695,3,0,504,2726,616,3403,-677,+0.21
KOSDAQ,101170,우림피티에스,6840,3,0,44,239,4,24,215,+0.01
KOSDAQ,192410,오늘이엔엠,3665,3,0,57,120,7,15,105,+0.00
KOSDAQ,058630,엠게임,4800,3,0,244,1348,132,731,617,+0.07
KOSDAQ,025950,동신건설,10960,3,0,355,6268,351,6233,35,+0.43
KOSDAQ,226400,오스테오닉,4445,3,0,34,176,9,44,132,+0.01
KOSDAQ,047560,이스트소프트,7800,3,0,183,2920,177,2823,97,+0.20
KOSDAQ,265740,엔에프씨,5120,3,0,5,23,3,16,7,+0.00
KOSDAQ,255440,야스,7000,3,0,1,15,2,17,-2,+0.00
KOSDAQ,052900,KX하이텍,1192,3,0,18,16,13,12,4,+0.00
KOSDAQ,307930,컴퍼니케이,5850,3,0,43,220,13,64,156,+0.01
KOSDAQ,065450,빅텍,3080,3,0,266,1209,50,228,981,+0.05
KOSDAQ,040420,정상제이엘에스,5770,3,0,2,15,0,2,13,+0.00
KOSDAQ,042500,링네트,4050,3,0,23,97,3,12,85,+0.00
KOSDAQ,044340,위닉스,5050,3,0,2,9,0,1,8,+0.00
KOSDAQ,209640,와이제이링크,3165,3,0,276,3665,224,2978,687,+0.23
KOSDAQ,389030,지니너스,2275,3,0,7,10,5,7,3,+0.00
KOSDAQ,093920,서원인텍,4815,3,0,0,2,4,23,-21,+0.00
KOSDAQ,033290,로젠,1594,3,0,35,73,9,18,55,+0.00
KOSDAQ,065170,비엘팜텍,3205,3,0,206,43,75,16,27,+0.00
KOSDAQ,357230,에이치피오,2165,3,0,5,13,2,5,8,+0.00
KOSDAQ,337930,젝시믹스,3010,3,0,69,426,41,254,172,+0.02
KOSDAQ,417010,나노팀,4415,3,0,61,405,6,37,368,+0.02
KOSDAQ,066980,한성크린텍,1693,3,0,93,172,17,31,141,+0.01
KOSDAQ,298540,더네이쳐홀딩스,6140,3,0,22,233,17,178,55,+0.01
KOSDAQ,063170,서울옥션,4980,3,0,524,4015,473,3625,390,+0.26
KOSDAQ,052420,오성첨단소재,9060,3,0,433,624,97,139,485,+0.03
KOSDAQ,320000,한울반도체,13080,3,0,37,106,15,42,64,+0.01
KOSDAQ,263800,데이타솔루션,5410,3,0,52,243,16,78,165,+0.01
KOSDAQ,088130,동아엘텍,5010,3,0,12,54,3,12,42,+0.00
KOSDAQ,074430,아미노로직스,996,3,0,38,39,9,9,30,+0.00
KOSDAQ,078140,대봉엘에스,7890,3,0,40,601,23,347,254,+0.03
KOSDAQ,072020,중앙백신,9240,3,0,4,44,2,17,27,+0.00
KOSDAQ,049950,미래컴퍼니,9910,3,0,11,189,3,48,141,+0.01
KOSDAQ,217820,원익피앤이,1838,3,0,26,67,12,30,37,+0.00
KOSDAQ,019540,일지테크,6450,3,0,3,12,1,3,9,+0.00
KOSDAQ,000440,중앙에너비스,13950,3,0,26,480,8,159,321,+0.02
KOSDAQ,096240,크레버스,8470,3,0,4,60,0,5,55,+0.00
KOSDAQ,036220,오상헬스케어,6050,3,0,4,51,2,21,30,+0.00
KOSDAQ,086710,선진뷰티사이언스,7080,3,0,13,125,9,86,39,+0.01
KOSDAQ,053260,금강철강,4600,3,0,0,1,0,1,0,+0.00
KOSDAQ,054920,한컴위드,3040,3,0,63,170,38,102,68,+0.01
KOSDAQ,100130,동국S&C,1501,3,0,37,82,6,13,69,+0.00
KOSDAQ,474610,RF시스템즈,5900,3,0,78,381,81,396,-15,+0.03
KOSDAQ,004650,창해에탄올,9250,3,0,0,3,0,1,2,+0.00
KOSDAQ,302550,리메드,2750,3,0,47,179,27,103,76,+0.01
KOSDAQ,396470,워트,5270,3,0,67,484,21,155,329,+0.02
KOSDAQ,418470,KT밀리의서재,9910,3,0,15,194,13,168,26,+0.01
KOSDAQ,053280,예스24,3380,3,0,177,936,190,1014,-78,+0.07
KOSDAQ,330350,위더스제약,6400,3,0,7,44,3,18,26,+0.00
KOSDAQ,042510,라온시큐어,7600,3,0,67,126,12,23,103,+0.01
KOSDAQ,130580,나이스디앤비,5480,3,0,0,0,0,1,-1,+0.00
KOSDAQ,032300,한국파마,7720,3,0,106,1883,128,2325,-442,+0.15
KOSDAQ,263720,디앤씨미디어,6770,3,0,73,1447,21,407,1040,+0.06
KOSDAQ,049180,셀루메드,1009,3,0,193,446,76,175,271,+0.02
KOSDAQ,044990,에이치엔에스하이텍,10920,3,0,7,124,4,61,63,+0.01
KOSDAQ,002230,피에스텍,4550,3,0,0,0,0,0,0,+0.00
KOSDAQ,183490,엔지켐생명과학,990,3,0,21,27,33,43,-16,+0.00
KOSDAQ,419050,삼기에너지솔루션즈,1463,3,0,92,169,10,19,150,+0.01
KOSDAQ,306620,지아이에스,1742,3,0,147,306,37,77,229,+0.01
KOSDAQ,059120,아진엑스텍,4550,3,0,17,113,2,14,99,+0.00
KOSDAQ,029480,광무,1395,3,0,86,251,28,82,169,+0.01
KOSDAQ,182360,큐브엔터,5350,3,0,56,856,73,1104,-248,+0.07
KOSDAQ,053350,이니텍,3775,3,0,0,1,2,10,-9,+0.00
KOSDAQ,189330,씨이랩,8850,3,0,12,76,1,5,71,+0.00
KOSDAQ,322180,LS티라유텍,3860,3,0,65,364,8,43,321,+0.01
KOSDAQ,102370,케이옥션,3200,3,0,830,3456,819,3418,38,+0.24
KOSDAQ,036010,아비코전자,6220,3,0,11,51,1,5,46,+0.00
KOSDAQ,092040,아미코젠,1169,3,0,108,387,69,249,138,+0.02
KOSDAQ,452190,한빛레이저,3445,3,0,208,754,42,151,603,+0.03
KOSDAQ,099750,이지케어텍,6020,3,0,2,26,2,31,-5,+0.00
KOSDAQ,037760,쎄니트,2430,3,0,3,4,2,4,0,+0.00
KOSDAQ,054540,삼영엠텍,6300,3,0,66,305,68,315,-10,+0.02
KOSDAQ,079650,서산,4090,3,0,0,0,0,0,0,+0.00
KOSDAQ,067000,조이시티,1168,3,0,44,63,2,3,60,+0.00
KOSDAQ,214680,디알텍,977,3,0,179,473,37,96,377,+0.02
KOSDAQ,175250,아이큐어,2170,3,0,50,100,15,29,71,+0.00
KOSDAQ,011370,서한,807,3,0,2,2,4,3,-1,+0.00
KOSDAQ,330730,스톤브릿지벤처스,4465,3,0,12,45,4,14,31,+0.00
KOSDAQ,250060,모비스,2525,3,0,201,627,183,571,56,+0.04
KOSDAQ,412540,제일엠앤에스,3935,3,0,24,197,2,16,181,+0.01
KOSDAQ,198440,강동씨앤엘,1328,3,0,2,2,2,3,-1,+0.00
KOSDAQ,008830,대동기어,9000,3,0,162,1871,169,1950,-79,+0.13
KOSDAQ,214260,라파스,9060,3,0,25,398,25,399,-1,+0.03
KOSDAQ,282720,금양그린파워,6660,3,0,17,155,10,92,63,+0.01
KOSDAQ,038110,에코플라스틱,1960,3,0,43,109,8,20,89,+0.00
KOSDAQ,173130,오파스넷,6180,3,0,90,660,131,966,-306,+0.06
KOSDAQ,030960,양지사,5040,3,0,6,49,4,31,18,+0.00
KOSDAQ,053580,웹케시,6190,3,0,1,9,0,1,8,+0.00
KOSDAQ,043610,KT지니뮤직,1379,3,0,213,460,464,1010,-550,+0.05
KOSDAQ,054040,한국컴퓨터,4985,3,0,105,538,74,386,152,+0.03
KOSDAQ,317770,엑스페릭스,2185,3,0,53,148,58,163,-15,+0.01
KOSDAQ,017650,대림제지,9100,3,0,0,0,0,0,0,+0.00
KOSDAQ,009300,삼아제약,12520,3,0,8,134,11,186,-52,+0.01
KOSDAQ,054670,대한뉴팜,5540,3,0,4,30,7,49,-19,+0.00
KOSDAQ,131370,알서포트,1491,3,0,421,1272,545,1663,-391,+0.10
KOSDAQ,290740,액트로,7890,3,0,1,6,1,6,0,+0.00
KOSDAQ,066430,아이로보틱스,2025,3,0,3,1,8,4,-3,+0.00
KOSDAQ,086960,MDS테크,1862,3,0,323,313,103,100,213,+0.01
KOSDAQ,234300,에스트래픽,2905,3,0,19,78,21,85,-7,+0.01
KOSDAQ,396300,세아메카닉스,2975,3,0,29,73,6,16,57,+0.00
KOSDAQ,004590,한국가구,5240,3,0,1,5,2,7,-2,+0.00
KOSDAQ,221800,지구홀딩스,4810,3,0,320,989,348,1094,-105,+0.07
KOSDAQ,172670,에이엘티,8760,3,0,17,116,2,14,102,+0.00
KOSDAQ,036640,HRS,4780,3,0,6,30,4,20,10,+0.00
KOSDAQ,041910,폴라리스AI파마,5860,3,0,4,22,0,2,20,+0.00
KOSDAQ,019550,SBI인베스트먼트,960,3,0,70,50,38,27,23,+0.00
KOSDAQ,048530,인트론바이오,2510,3,0,6,33,6,32,1,+0.00
KOSDAQ,054620,APS,4200,3,0,5,31,9,51,-20,+0.00
KOSDAQ,012700,리드코프,2945,3,0,1,3,0,0,3,+0.00
KOSDAQ,065510,휴비츠,7090,3,0,9,67,0,3,64,+0.00
KOSDAQ,033130,디지틀조선,2075,3,0,52,89,32,55,34,+0.00
KOSDAQ,067570,엔브이에이치코리아,1826,3,0,38,88,21,48,40,+0.00
KOSDAQ,147760,피엠티,3850,3,0,38,124,20,65,59,+0.01
KOSDAQ,115440,우리넷,7130,3,0,35,240,40,281,-41,+0.02
KOSDAQ,045970,코아시아,2915,3,0,29,117,4,17,100,+0.00
KOSDAQ,052860,아이앤씨,4270,3,0,3,5,1,1,4,+0.00
KOSDAQ,024880,케이피에프,3780,3,0,12,44,14,52,-8,+0.00
KOSDAQ,094860,네오리진,1429,3,0,0,0,0,0,0,+0.00
KOSDAQ,331380,포커스에이아이,2075,3,0,74,177,14,34,143,+0.01
KOSDAQ,101330,모베이스,3270,3,0,3,9,4,11,-2,+0.00
KOSDAQ,085670,뉴프렉스,3085,3,0,94,447,22,106,341,+0.02
KOSDAQ,228670,레이,4830,3,0,63,387,7,45,342,+0.01
KOSDAQ,365330,에스와이스틸텍,1501,3,0,575,5137,958,8546,-3409,+0.47
KOSDAQ,067370,선바이오,6160,3,0,1,4,0,3,1,+0.00
KOSDAQ,265560,영화테크,7030,3,0,4,32,0,0,32,+0.00
KOSDAQ,396270,넥스트칩,2270,3,0,83,1114,42,572,542,+0.06
KOSDAQ,223250,드림씨아이에스,3030,3,0,85,268,44,140,128,+0.01
KOSDAQ,381620,제닉스로보틱스,5680,3,0,10,238,6,141,97,+0.01
KOSDAQ,451220,아이엠티,9420,3,0,22,171,3,24,147,+0.01
KOSDAQ,104040,디에스엠,2765,3,0,13,12,2,2,10,+0.00
KOSDAQ,107600,새빗켐,13120,3,0,11,201,3,47,154,+0.01
KOSDAQ,063080,컴투스홀딩스,11200,3,0,78,2515,67,2178,337,+0.16
KOSDAQ,020710,시공테크,3680,3,0,7,22,1,2,20,+0.00
KOSDAQ,208140,정다운,2255,3,0,41,113,78,218,-105,+0.01
KOSDAQ,215100,로보로보,3615,3,0,37,154,23,96,58,+0.01
KOSDAQ,124560,태웅로직스,1897,3,0,83,254,11,32,222,+0.01
KOSDAQ,122350,삼기,1915,3,0,10,13,15,21,-8,+0.00
KOSDAQ,171120,라이온켐텍,2045,3,0,32,81,19,47,34,+0.00
KOSDAQ,170030,현대공업,4780,3,0,1,5,5,23,-18,+0.00
KOSDAQ,024830,세원물산,8770,3,0,0,0,0,0,0,+0.00
KOSDAQ,040910,아이씨디,4025,3,0,7,34,2,7,27,+0.00
KOSDAQ,413390,엠오티,6310,3,0,36,268,25,184,84,+0.02
KOSDAQ,225530,HC보광산업,2010,3,0,3,10,3,9,1,+0.00
KOSDAQ,251120,바이오에프디엔씨,8370,3,0,1,7,6,77,-70,+0.00
KOSDAQ,061250,화일약품,8620,3,0,134,162,20,24,138,+0.01
KOSDAQ,017480,삼현철강,4685,3,0,0,0,0,1,-1,+0.00
KOSDAQ,066700,테라젠이텍스,1942,3,0,34,118,36,123,-5,+0.01
KOSDAQ,456070,이엔셀,6540,3,0,224,3243,152,2207,1036,+0.19
KOSDAQ,058400,KNN,544,3,0,0,0,0,0,0,+0.00
KOSDAQ,234920,자이글,5310,3,0,26,103,20,80,23,+0.01
KOSDAQ,080010,이상네트웍스,7300,3,0,0,0,0,1,-1,+0.00
KOSDAQ,091120,이엠텍,4190,3,0,41,1060,13,351,709,+0.05
KOSDAQ,451250,삐아,7000,3,0,33,300,9,81,219,+0.01
KOSDAQ,323350,다원넥스뷰,8900,3,0,0,1,0,2,-1,+0.00
KOSDAQ,111710,남화산업,3460,3,0,0,2,0,1,1,+0.00
KOSDAQ,412350,레이저쎌,4860,3,0,19,77,4,15,62,+0.00
KOSDAQ,321370,센서뷰,1373,3,0,143,247,34,59,188,+0.01
KOSDAQ,347890,엠엑스온,4165,3,0,4,20,2,9,11,+0.00
KOSDAQ,060590,씨티씨바이오,2930,3,0,19,128,17,120,8,+0.01
KOSDAQ,261780,아리바이오랩,2520,3,0,9,32,5,18,14,+0.00
KOSDAQ,067170,오텍,2570,3,0,1,2,2,7,-5,+0.00
KOSDAQ,217330,싸이토젠,3050,3,0,17,118,16,113,5,+0.01
KOSDAQ,084730,팅크웨어,6350,3,0,4,39,3,33,6,+0.00
KOSDAQ,238090,앤디포스,2310,3,0,7,26,5,18,8,+0.00
KOSDAQ,090470,제이스로보틱스,4025,3,0,21,108,9,48,60,+0.01
KOSDAQ,041930,SY동아,4625,3,0,9,53,1,7,46,+0.00
KOSDAQ,332370,아이디피,5290,3,0,1,5,1,2,3,+0.00
KOSDAQ,036630,세종텔레콤,7000,3,0,0,0,1,0,0,+0.00
KOSDAQ,091590,남화토건,5950,3,0,6,26,8,31,-5,+0.00
KOSDAQ,078890,가온그룹,3790,3,0,28,94,16,57,37,+0.01
KOSDAQ,033560,블루콤,4080,3,0,3,10,2,6,4,+0.00
KOSDAQ,294630,서남,2630,3,0,91,315,11,39,276,+0.01
KOSDAQ,040160,누리플렉스,5780,3,0,0,1,0,1,0,+0.00
KOSDAQ,149980,하이로닉,4045,3,0,27,171,16,104,67,+0.01
KOSDAQ,382840,원준,4535,3,0,40,451,11,127,324,+0.02
KOSDAQ,110790,크리스에프앤씨,2950,3,0,0,2,0,1,1,+0.00
KOSDAQ,024740,한일단조,2100,3,0,1436,4449,1419,4455,-6,+0.31
KOSDAQ,382480,지아이텍,1752,3,0,19,42,2,5,37,+0.00
KOSDAQ,153710,옵티팜,4700,3,0,0,1,0,1,0,+0.00
KOSDAQ,032540,TJ미디어,3280,3,0,1,5,0,2,3,+0.00
KOSDAQ,038460,바이오스마트,2700,3,0,31,99,6,18,81,+0.00
KOSDAQ,088390,이녹스,7270,3,0,3,25,3,27,-2,+0.00
KOSDAQ,389140,포바이포,4780,3,0,16,81,0,0,81,+0.00
KOSDAQ,011320,유니크,3525,3,0,44,173,10,39,134,+0.01
KOSDAQ,083790,CG인바이츠,884,3,0,15,38,19,49,-11,+0.00
KOSDAQ,128660,피제이메탈,2740,3,0,26,80,3,9,71,+0.00
KOSDAQ,357580,아모센스,5760,3,0,2,10,0,2,8,+0.00
KOSDAQ,038680,에스넷,3410,3,0,5,19,2,6,13,+0.00
KOSDAQ,217190,제너셈,5150,3,0,3,22,3,28,-6,+0.00
KOSDAQ,039010,현대에이치티,7850,3,0,4,26,2,11,15,+0.00
KOSDAQ,417970,모델솔루션,10580,3,0,0,3,1,9,-6,+0.00
KOSDAQ,360070,탑머티리얼,8260,3,0,16,496,3,103,393,+0.02
KOSDAQ,006140,피제이전자,4540,3,0,1,2,1,3,-1,+0.00
KOSDAQ,081150,티플랙스,2780,3,0,87,251,31,90,161,+0.01
KOSDAQ,253840,수젠텍,4015,3,0,22,126,5,31,95,+0.01
KOSDAQ,082210,옵트론텍,1921,3,0,13,24,3,6,18,+0.00
KOSDAQ,043650,국순당,3725,3,0,18,84,4,18,66,+0.00
KOSDAQ,105740,디케이락,6540,3,0,61,503,36,295,208,+0.03
KOSDAQ,066310,큐에스아이,7170,3,0,6,35,2,10,25,+0.00
KOSDAQ,109860,동일금속,7290,3,0,0,0,0,0,0,+0.00
KOSDAQ,062970,한국첨단소재,1162,3,0,42,67,58,91,-24,+0.01
KOSDAQ,032850,비트컴퓨터,3970,3,0,21,105,1,3,102,+0.00
KOSDAQ,347000,센코,1744,3,0,18,36,3,5,31,+0.00
KOSDAQ,142280,녹십자엠에스,2750,3,0,23,89,4,14,75,+0.00
KOSDAQ,048430,유라테크,5720,3,0,1,8,1,4,4,+0.00
KOSDAQ,041460,한국전자인증,3465,3,0,19,59,1,4,55,+0.00
KOSDAQ,201490,미투온,2010,3,0,18,33,5,9,24,+0.00
KOSDAQ,443670,에스피소프트,2735,3,0,1228,10010,1384,11321,-1311,+0.74
KOSDAQ,388870,파로스아이바이오,5070,3,0,13,106,7,58,48,+0.01
KOSDAQ,126880,제이엔케이글로벌,2820,3,0,11,35,2,7,28,+0.00
KOSDAQ,002800,신신제약,4305,3,0,23,127,8,44,83,+0.01
KOSDAQ,026150,특수건설,3715,3,0,31,194,6,36,158,+0.01
KOSDAQ,137950,제이씨케미칼,2920,3,0,20,83,4,16,67,+0.00
KOSDAQ,010240,흥국,5530,3,0,0,2,1,5,-3,+0.00
KOSDAQ,129920,대성하이텍,3980,3,0,28,102,4,14,88,+0.00
KOSDAQ,012790,신일제약,5390,3,0,3,17,4,23,-6,+0.00
KOSDAQ,185490,아이진,1491,3,0,5,15,1,3,12,+0.00
KOSDAQ,307870,비투엔,867,3,0,88,95,62,67,28,+0.01
KOSDAQ,443250,레뷰코퍼레이션,5930,3,0,19,227,11,136,91,+0.01
KOSDAQ,208370,셀바스헬스케어,2485,3,0,495,2332,432,2043,289,+0.15
KOSDAQ,036000,예림당,2775,3,0,146,330,67,150,180,+0.02
KOSDAQ,045660,에이텍,7730,3,0,229,3219,314,4297,-1078,+0.26
KOSDAQ,005670,푸드웰,6380,3,0,1,8,1,4,4,+0.00
KOSDAQ,070300,엑스큐어,1793,3,0,13,46,13,44,2,+0.00
KOSDAQ,432470,케이엔에스,7250,3,0,21,278,5,68,210,+0.01
KOSDAQ,348150,고바이오랩,3265,3,0,19,107,4,20,87,+0.00
KOSDAQ,204840,지엘팜텍,814,3,0,20,20,22,22,-2,+0.00
KOSDAQ,042110,에스씨디,1306,3,0,0,0,2,2,-2,+0.00
KOSDAQ,014970,삼륭물산,4245,3,0,0,0,0,0,0,+0.00
KOSDAQ,123420,위메이드플레이,6050,3,0,64,514,84,680,-166,+0.04
KOSDAQ,004780,대륙제관,3940,3,0,0,2,0,0,2,+0.00
KOSDAQ,001840,이화공영,2215,3,0,100,282,120,338,-56,+0.02
KOSDAQ,453860,에이에스텍,9690,3,0,8,158,4,76,82,+0.01
KOSDAQ,162300,신스틸,1504,3,0,53,132,9,23,109,+0.01
KOSDAQ,214270,FSN,1377,3,0,191,371,19,37,334,+0.01
KOSDAQ,294090,이오플로우,1490,3,0,0,0,2,12,-12,+0.00
KOSDAQ,060570,드림어스컴퍼니,839,3,0,158,256,275,442,-186,+0.02
KOSDAQ,277880,티에스아이,3125,3,0,8,42,3,17,25,+0.00
KOSDAQ,222110,팬젠,4565,3,0,16,98,8,51,47,+0.01
KOSDAQ,079810,APS이노베이션,2865,3,0,37,221,10,60,161,+0.01
KOSDAQ,140070,서플러스글로벌,1666,3,0,14,38,49,139,-101,+0.01
KOSDAQ,241690,유니테크노,2500,3,0,19,64,5,17,47,+0.00
KOSDAQ,061040,알에프텍,6750,3,0,19,63,6,21,42,+0.00
KOSDAQ,089230,THE E&M,1587,3,0,7,8,5,5,3,+0.00
KOSDAQ,203400,에이비온,675,3,0,7,52,6,48,4,+0.00
KOSDAQ,094850,참좋은여행,4335,3,0,368,2095,384,2199,-104,+0.15
KOSDAQ,270520,앱튼,3080,3,0,6560,10278,6746,10664,-386,+0.72
KOSDAQ,060310,3S,1140,3,0,102,207,6,12,195,+0.01
KOSDAQ,039420,케이엘넷,2630,3,0,1,3,2,6,-3,+0.00
KOSDAQ,303360,프로티아,4680,3,0,0,1,0,1,0,+0.00
KOSDAQ,010280,아이티센엔텍,4625,3,0,1,0,2,1,-1,+0.00
KOSDAQ,003310,대주산업,1700,3,0,19,25,1,2,23,+0.00
KOSDAQ,096350,대창솔루션,1631,3,0,45,16,10,4,12,+0.00
KOSDAQ,059270,해성에어로보틱스,5380,3,0,74,368,9,43,325,+0.01
KOSDAQ,347860,알체라,1415,3,0,33,66,6,13,53,+0.00
KOSDAQ,333620,엔시스,5390,3,0,6,51,7,62,-11,+0.00
KOSDAQ,089850,유비벨록스,4020,3,0,7,45,7,43,2,+0.00
KOSDAQ,179900,유티아이,2990,3,0,12,275,8,187,88,+0.02
KOSDAQ,460940,피앤에스로보틱스,4395,3,0,15,134,5,47,87,+0.01
KOSDAQ,411080,샌즈랩,3870,3,0,267,1863,227,1633,230,+0.12
KOSDAQ,377480,마음AI,8300,3,0,166,2374,225,3206,-832,+0.19
KOSDAQ,048910,대원미디어,4690,3,0,14,109,1,8,101,+0.00
KOSDAQ,072950,빛샘전자,7320,3,0,1,5,1,4,1,+0.00
KOSDAQ,049550,잉크테크,3000,3,0,5,19,2,9,10,+0.00
KOSDAQ,039980,폴라리스AI,4085,3,0,310,692,107,238,454,+0.03
KOSDAQ,076610,해성옵틱스,991,3,0,5,5,0,0,5,+0.00
KOSDAQ,216050,인크로스,4800,3,0,7,56,4,28,28,+0.00
KOSDAQ,014470,부방,975,3,0,186,304,107,170,134,+0.02
KOSDAQ,424960,스마트레이더시스템,3550,3,0,42,477,27,310,167,+0.03
KOSDAQ,417790,트루엔,5590,3,0,17,161,1,11,150,+0.01
KOSDAQ,215360,우리산업,6400,3,0,6,66,1,11,55,+0.00
KOSDAQ,446840,지슨,5300,3,0,0,0,0,0,0,+0.00
KOSDAQ,290660,다이나믹솔루션,1360,3,0,11,10,7,6,4,+0.00
KOSDAQ,016250,SGC E&C,11520,3,0,0,2,0,6,-4,+0.00
KOSDAQ,439580,블루엠텍,1714,3,0,127,1816,36,518,1298,+0.08
KOSDAQ,175140,아고스,2320,3,0,32,182,11,62,120,+0.01
KOSDAQ,036120,서울평가정보,1642,3,0,34,68,12,24,44,+0.00
KOSDAQ,291650,압타머사이언스,941,3,0,767,1641,810,1754,-113,+0.12
KOSDAQ,008370,원풍,4785,3,0,1,4,1,4,0,+0.00
KOSDAQ,228340,동양파일,2865,3,0,0,0,0,0,0,+0.00
KOSDAQ,010470,오리콤,4775,3,0,24,158,16,110,48,+0.01
KOSDAQ,049480,오픈베이스,1815,3,0,176,413,216,513,-100,+0.03
KOSDAQ,168330,내츄럴엔도텍,1794,3,0,4,5,1,2,3,+0.00
KOSDAQ,263690,디알젬,5030,3,0,22,143,26,169,-26,+0.01
KOSDAQ,302430,이노메트리,5790,3,0,0,4,1,11,-7,+0.00
KOSDAQ,036670,삼양케이씨아이,5280,3,0,0,1,1,9,-8,+0.00
KOSDAQ,039020,이건홀딩스,2510,3,0,34,121,34,124,-3,+0.01
KOSDAQ,246960,SCL사이언스,1660,3,0,0,2,0,2,0,+0.00
KOSDAQ,046940,우원개발,3120,3,0,17,42,4,10,32,+0.00
KOSDAQ,025550,한국선재,2210,3,0,38,115,33,102,13,+0.01
KOSDAQ,457370,한켐,6990,3,0,3,33,9,83,-50,+0.00
KOSDAQ,054300,팬스타엔터프라이즈,973,3,0,3,1,3,1,0,+0.00
KOSDAQ,100030,인지소프트,17070,3,0,1,14,1,18,-4,+0.00
KOSDAQ,053620,태양,6510,3,0,0,0,0,0,0,+0.00
KOSDAQ,088910,동우팜투테이블,2165,3,0,1,2,1,2,0,+0.00
KOSDAQ,057540,옴니시스템,938,3,0,20,14,13,9,5,+0.00
KOSDAQ,100590,머큐리,3250,3,0,37,143,14,55,88,+0.01
KOSDAQ,340930,성원에너텍,806,3,0,30,47,8,13,34,+0.00
KOSDAQ,318160,셀바이오휴먼텍,5940,3,0,8,26,1,2,24,+0.00
KOSDAQ,448710,코츠테크놀로지,10490,3,0,13,238,7,132,106,+0.01
KOSDAQ,045340,토탈소프트,6470,3,0,64,314,86,440,-126,+0.03
KOSDAQ,067920,이글루,5030,3,0,1,4,0,2,2,+0.00
KOSDAQ,137080,나래나노텍,5160,3,0,4,11,1,3,8,+0.00
KOSDAQ,036090,위지트,1298,3,0,292,221,150,114,107,+0.01
KOSDAQ,027050,코리아나,1380,3,0,217,536,123,303,233,+0.03
KOSDAQ,053050,지에스이,1840,3,0,196,719,90,331,388,+0.04
KOSDAQ,064800,포니링크,2155,3,0,350,520,505,748,-228,+0.04
KOSDAQ,039610,화성밸브,5290,3,0,748,9434,695,8854,580,+0.63
KOSDAQ,007370,진양제약,3895,3,0,31,181,7,41,140,+0.01
KOSDAQ,046210,HLB파나진,1207,3,0,40,120,18,53,67,+0.01
KOSDAQ,187420,HLB제넥스,1682,3,0,25,98,47,187,-89,+0.01
KOSDAQ,155650,와이엠씨,2890,3,0,33,120,14,52,68,+0.01
KOSDAQ,053160,프리엠스,9130,3,0,20,245,63,788,-543,+0.04
KOSDAQ,273640,와이엠텍,4995,3,0,7,83,3,32,51,+0.00
KOSDAQ,101670,하이드로리튬,962,3,0,148,438,234,699,-261,+0.04
KOSDAQ,459100,위츠,4055,3,0,429,6157,412,5959,198,+0.42
KOSDAQ,299170,더블유에스아이,1315,3,0,0,0,0,0,0,+0.00
KOSDAQ,286750,나노실리칸첨단소재,1704,3,0,29,39,41,57,-18,+0.00
KOSDAQ,370090,퓨런티어,6370,3,0,80,2238,59,1646,592,+0.13
KOSDAQ,043710,코스리거글로벌,3145,3,0,3,2,2,1,1,+0.00
KOSDAQ,205470,휴마시스,2195,3,0,1700,3210,1268,2397,813,+0.19
KOSDAQ,007820,엠엑스로보틱스,2700,3,0,14,59,2,9,50,+0.00
KOSDAQ,123010,알엔티엑스,1554,3,0,91,61,49,33,28,+0.00
KOSDAQ,097800,윈팩,1980,3,0,635,512,696,569,-57,+0.04
KOSDAQ,384470,코어라인소프트,3010,3,0,49,361,11,79,282,+0.02
KOSDAQ,039240,경남스틸,1997,3,0,66,195,28,84,111,+0.01
KOSDAQ,082850,우리바이오,1111,3,0,362,1152,362,1163,-11,+0.08
KOSDAQ,134580,탑코미디어,1091,3,0,18,29,7,11,18,+0.00
KOSDAQ,095270,웨이브일렉트로,3740,3,0,5,19,2,8,11,+0.00
KOSDAQ,104620,노랑풍선,3195,3,0,257,1355,313,1639,-284,+0.10
KOSDAQ,024910,경창산업,1499,3,0,18,37,7,14,23,+0.00
KOSDAQ,104540,코렌텍,4000,3,0,6,34,1,3,31,+0.00
KOSDAQ,251630,브이원텍,3355,3,0,4,19,6,27,-8,+0.00
KOSDAQ,027830,대성창투,989,3,0,54,79,4,6,73,+0.00
KOSDAQ,084650,랩지노믹스,719,3,0,424,1138,59,159,979,+0.04
KOSDAQ,317530,에피소드컴퍼니,3040,3,0,1,4,3,11,-7,+0.00
KOSDAQ,260930,씨티케이,2735,3,0,19,112,23,133,-21,+0.01
KOSDAQ,256630,포인트엔지니어링,4560,3,0,0,0,0,1,-1,+0.00
KOSDAQ,040610,SG&G,3100,3,0,4,6,4,5,1,+0.00
KOSDAQ,053450,세코닉스,3570,3,0,14,77,2,11,66,+0.00
KOSDAQ,179530,애드바이오텍,1959,3,0,5,15,2,6,9,+0.00
KOSDAQ,033310,엠투엔,1320,3,0,6,10,3,6,4,+0.00
KOSDAQ,033320,제이씨현시스템,2760,3,0,110,399,20,73,326,+0.02
KOSDAQ,050960,수산아이앤티,7790,3,0,12,114,16,148,-34,+0.01
KOSDAQ,136410,아셈스,4770,3,0,1,5,2,12,-7,+0.00
KOSDAQ,347740,피엔케이피부임상연구센타,1747,3,0,2,4,2,5,-1,+0.00
KOSDAQ,191420,테고사이언스,6450,3,0,2,36,1,17,19,+0.00
KOSDAQ,064240,홈캐스트,1487,3,0,5,14,5,14,0,+0.00
KOSDAQ,033230,인성정보,1021,3,0,267,514,42,80,434,+0.02
KOSDAQ,026910,광진실업,6500,3,0,0,1,1,2,-1,+0.00
KOSDAQ,065530,와이어블,1077,3,0,12,16,8,11,5,+0.00
KOSDAQ,038010,제일테크노스,5720,3,0,1,9,3,23,-14,+0.00
KOSDAQ,033340,좋은사람들,530,3,0,174,106,42,25,81,+0.00
KOSDAQ,037440,희림,3690,3,0,80,476,252,1514,-1038,+0.07
KOSDAQ,452400,이닉스,5650,3,0,17,176,2,25,151,+0.01
KOSDAQ,053270,구영테크,1865,3,0,12,24,2,5,19,+0.00
KOSDAQ,263600,덕우전자,3185,3,0,3,16,8,43,-27,+0.00
KOSDAQ,071670,에이테크솔루션,5060,3,0,5,27,2,13,14,+0.00
KOSDAQ,063440,SM Life Design,1113,3,0,13,18,2,3,15,+0.00
KOSDAQ,311690,CJ 바이오사이언스,3860,3,0,129,1926,117,1776,150,+0.13
KOSDAQ,192250,케이사인,7130,3,0,8,63,0,3,60,+0.00
KOSDAQ,072990,에이치시티,3465,3,0,1,7,2,21,-14,+0.00
KOSDAQ,145170,노브랜드,2965,3,0,93,1563,79,1320,243,+0.10
KOSDAQ,033540,파라텍,952,3,0,564,935,224,372,563,+0.05
KOSDAQ,037950,엘컴텍,2915,3,0,152,170,29,33,137,+0.01
KOSDAQ,314140,알피바이오,5670,3,0,1,7,2,10,-3,+0.00
KOSDAQ,317850,대모,5880,3,0,78,783,31,312,471,+0.04
KOSDAQ,170790,파이오링크,7630,3,0,0,1,0,1,0,+0.00
KOSDAQ,060560,HC홈센타,1920,3,0,70,52,20,15,37,+0.00
KOSDAQ,065130,탑엔지니어링,3030,3,0,11,56,7,33,23,+0.00
KOSDAQ,420570,제이투케이바이오,8290,3,0,15,144,4,40,104,+0.01
KOSDAQ,352910,오비고,3830,3,0,2,10,1,6,4,+0.00
KOSDAQ,056360,코위버,4940,3,0,1,3,2,10,-7,+0.00
KOSDAQ,122310,제노레이,3320,3,0,2,9,1,5,4,+0.00
KOSDAQ,015710,코콤,2750,3,0,65,284,25,112,172,+0.01
KOSDAQ,376290,씨유테크,2725,3,0,0,1,1,2,-1,+0.00
KOSDAQ,066670,디티씨,2550,3,0,5,15,1,4,11,+0.00
KOSDAQ,052460,아이크래프트,3260,3,0,1,2,1,2,0,+0.00
KOSDAQ,092300,현우산업,2360,3,0,4,10,2,4,6,+0.00
KOSDAQ,053980,오상자이엘,2505,3,0,57,207,2,8,199,+0.01
KOSDAQ,054930,유신,15850,3,0,5,127,3,66,61,+0.01
KOSDAQ,241790,티이엠씨씨엔에스,4750,3,0,14,71,15,75,-4,+0.01
KOSDAQ,088280,쏘닉스,2745,3,0,4,8,2,5,3,+0.00
KOSDAQ,321260,프로이천,1685,3,0,59,136,126,288,-152,+0.01
KOSDAQ,317830,에스피시스템스,4390,3,0,8,36,1,3,33,+0.00
KOSDAQ,023440,제이스코홀딩스,521,3,0,109,209,36,69,140,+0.01
KOSDAQ,198080,캐프,2180,3,0,53,147,9,24,123,+0.01
KOSDAQ,440290,HB인베스트먼트,1701,3,0,4,7,2,4,3,+0.00
KOSDAQ,019990,에너토크,4795,3,0,20,120,6,35,85,+0.01
KOSDAQ,163280,에어레인,3405,3,0,22,219,19,189,30,+0.01
KOSDAQ,007680,대원,3495,3,0,0,0,0,0,0,+0.00
KOSDAQ,052790,액토즈소프트,4220,3,0,110,797,113,845,-48,+0.06
KOSDAQ,189980,흥국에프엔비,1146,3,0,7,11,1,2,9,+0.00
KOSDAQ,109080,옵티시스,8160,3,0,0,0,0,1,-1,+0.00
KOSDAQ,294140,레몬,2050,3,0,30,99,4,13,86,+0.00
KOSDAQ,094970,제이엠티,2740,3,0,17,51,5,15,36,+0.00
KOSDAQ,461030,아이엠비디엑스,3185,3,0,58,615,28,303,312,+0.03
KOSDAQ,219550,디와이디,1180,3,0,2091,1146,1981,1073,73,+0.08
KOSDAQ,094940,푸른로보틱스,5440,3,0,13,79,4,23,56,+0.00
KOSDAQ,073110,엘엠에스,5110,3,0,0,1,0,1,0,+0.00
KOSDAQ,340360,다보링크,873,3,0,816,1765,676,1501,264,+0.11
KOSDAQ,413640,비아이매트릭스,6250,3,0,35,331,67,646,-315,+0.03
KOSDAQ,143540,영우디에스피,1005,3,0,1,1,5,3,-2,+0.00
KOSDAQ,099220,SDN,712,3,0,136,140,23,23,117,+0.01
KOSDAQ,225190,LK삼양,635,3,0,462,1293,820,2309,-1016,+0.12
KOSDAQ,189690,포시에스,1628,3,0,7,15,0,0,15,+0.00
KOSDAQ,317690,퀀타매트릭스,2200,3,0,84,514,29,179,335,+0.02
KOSDAQ,391710,코닉오토메이션,1039,3,0,85,137,7,11,126,+0.01
KOSDAQ,288330,파라택시스코리아,416,3,0,387,1299,301,1018,281,+0.08
KOSDAQ,127710,아시아경제,1000,3,0,3,4,2,3,1,+0.00
KOSDAQ,131400,이브이첨단소재,739,3,0,155,335,70,152,183,+0.02
KOSDAQ,276730,한울앤제주,19260,3,0,43,128,13,37,91,+0.01
KOSDAQ,048770,TPC로보틱스,2800,3,0,0,1,1,3,-2,+0.00
KOSDAQ,217500,러셀,1381,3,0,4,7,2,3,4,+0.00
KOSDAQ,086060,진바이오텍,5100,3,0,19,64,8,29,35,+0.00
KOSDAQ,072470,우리산업홀딩스,2325,3,0,1,4,1,1,3,+0.00
KOSDAQ,238120,얼라인드,3080,3,0,19,61,10,31,30,+0.00
KOSDAQ,072770,멤레이비티,1053,3,0,34,61,52,91,-30,+0.01
KOSDAQ,056700,신화인터텍,1500,3,0,5,7,4,6,1,+0.00
KOSDAQ,159580,제로투세븐,2175,3,0,10,43,12,49,-6,+0.00
KOSDAQ,052220,iMBC,1894,3,0,15,36,4,9,27,+0.00
KOSDAQ,051390,YW,3825,3,0,0,0,0,0,0,+0.00
KOSDAQ,025880,케이씨피드,2595,3,0,9,25,8,23,2,+0.00
KOSDAQ,066130,하츠,3380,3,0,6,29,4,18,11,+0.00
KOSDAQ,270870,뉴트리,4700,3,0,4,23,1,8,15,+0.00
KOSDAQ,024950,삼천리자전거,3480,3,0,4,14,0,1,13,+0.00
KOSDAQ,262260,에이프로,2855,3,0,7,44,4,25,19,+0.00
KOSDAQ,222420,쎄노텍,889,3,0,4,3,3,2,1,+0.00
KOSDAQ,263020,디케이앤디,3100,3,0,26,85,42,140,-55,+0.01
KOSDAQ,129890,앱코,939,3,0,5,5,13,14,-9,+0.00
KOSDAQ,277070,린드먼아시아,3120,3,0,2,5,1,5,0,+0.00
KOSDAQ,060850,영림원소프트랩,5250,3,0,0,0,0,0,0,+0.00
KOSDAQ,190650,코리아에셋투자증권,6650,3,0,0,0,0,1,-1,+0.00
KOSDAQ,068330,일신바이오,960,3,0,18,20,1,1,19,+0.00
KOSDAQ,460470,아이빔테크놀로지,2800,3,0,21,88,12,48,40,+0.00
KOSDAQ,089790,제이티,4090,3,0,16,60,2,6,54,+0.00
KOSDAQ,066900,디에이피,1850,3,0,1,3,1,3,0,+0.00
KOSDAQ,099410,동방선기,2990,3,0,36,114,22,71,43,+0.01
KOSDAQ,153460,네이블,6390,3,0,0,1,0,1,0,+0.00
KOSDAQ,014190,원익큐브,1176,3,0,37,56,23,35,21,+0.00
KOSDAQ,140520,대창스틸,1968,3,0,0,0,0,0,0,+0.00
KOSDAQ,355690,에이텀,4415,3,0,11,63,3,18,45,+0.00
KOSDAQ,037230,한국팩키지,1391,3,0,0,0,0,1,-1,+0.00
KOSDAQ,218150,미래생명자원,2030,3,0,63,261,7,31,230,+0.01
KOSDAQ,007530,와이엠,1856,3,0,8,16,3,6,10,+0.00
KOSDAQ,038070,서린바이오,4435,3,0,8,52,0,1,51,+0.00
KOSDAQ,042940,상지건설,6040,3,0,13,75,13,77,-2,+0.01
KOSDAQ,273060,와이즈버즈,816,3,0,22,18,1,1,17,+0.00
KOSDAQ,097870,효성오앤비,4830,3,0,2,10,0,3,7,+0.00
KOSDAQ,199550,레이저옵텍,2755,3,0,14,79,3,19,60,+0.00
KOSDAQ,114450,그린생명과학,2035,3,0,26,45,20,34,11,+0.00
KOSDAQ,002290,삼일기업공사,3280,3,0,6,19,3,9,10,+0.00
KOSDAQ,037330,인지디스플레,926,3,0,0,0,0,1,-1,+0.00
KOSDAQ,419080,엔젯,3730,3,0,6,61,2,19,42,+0.00
KOSDAQ,424980,마이크로투나노,6840,3,0,15,95,4,24,71,+0.00
KOSDAQ,315640,딥노이드,1374,3,0,446,3076,303,2089,987,+0.18
KOSDAQ,361570,알비더블유,1400,3,0,47,114,6,14,100,+0.00
KOSDAQ,261200,덴티스,2530,3,0,8,47,3,16,31,+0.00
KOSDAQ,224110,에이텍모빌리티,7870,3,0,90,1098,118,1410,-312,+0.09
KOSDAQ,299900,위지윅스튜디오,233,3,0,450,773,566,974,-201,+0.06
KOSDAQ,263810,상신전자,2500,3,0,8,22,4,11,11,+0.00
KOSDAQ,064090,인크레더블버즈,798,3,0,53,192,25,89,103,+0.01
KOSDAQ,290670,대보마그네틱,5050,3,0,10,139,3,37,102,+0.01
KOSDAQ,050120,ES큐브,2925,3,0,2,4,0,0,4,+0.00
KOSDAQ,227950,엔투텍,1149,3,0,1024,535,710,373,162,+0.03
KOSDAQ,234100,폴라리스세원,2705,3,0,25,28,2,2,26,+0.00
KOSDAQ,049830,승일,6430,3,0,1,8,1,8,0,+0.00
KOSDAQ,219420,링크제니시스,3430,3,0,38,176,6,28,148,+0.01
KOSDAQ,365590,하이딥,1068,3,0,3,2,4,3,-1,+0.00
KOSDAQ,215380,우정바이오,2335,3,0,60,107,27,47,60,+0.01
KOSDAQ,305090,마이크로디지탈,2110,3,0,72,953,72,952,1,+0.07
KOSDAQ,046310,백금T&A,2385,3,0,3,6,4,9,-3,+0.00
KOSDAQ,171010,램테크놀러지,2735,3,0,9,27,2,5,22,+0.00
KOSDAQ,189860,서전기전,4025,3,0,11,54,11,54,0,+0.00
KOSDAQ,466410,사이냅소프트,7750,3,0,7,108,7,108,0,+0.01
KOSDAQ,104200,NHN벅스,2630,3,0,7,23,1,3,20,+0.00
KOSDAQ,196300,HLB펩,4135,3,0,6,80,10,135,-55,+0.01
KOSDAQ,050860,아세아텍,1720,3,0,6,12,1,2,10,+0.00
KOSDAQ,352700,씨앤투스,1468,3,0,5,15,2,6,9,+0.00
KOSDAQ,226330,신테카바이오,1590,3,0,74,504,94,650,-146,+0.04
KOSDAQ,043340,에쎈테크,812,3,0,0,0,0,0,0,+0.00
KOSDAQ,360350,코셈,7090,3,0,22,165,6,47,118,+0.01
KOSDAQ,263700,케어랩스,1985,3,0,11,26,1,1,25,+0.00
KOSDAQ,044960,이글벳,3045,3,0,12,59,4,19,40,+0.00
KOSDAQ,127980,화인써키트,3240,3,0,0,2,0,1,1,+0.00
KOSDAQ,051490,나라엠앤디,2700,3,0,36,154,5,19,135,+0.01
KOSDAQ,207760,미스터블루,461,3,0,120,150,7,9,141,+0.01
KOSDAQ,221980,케이디켐,9490,3,0,0,1,0,1,0,+0.00
KOSDAQ,203450,유니온바이오메트릭스,2710,3,0,0,0,0,1,-1,+0.00
KOSDAQ,150900,파수AI,3255,3,0,3,14,2,10,4,+0.00
KOSDAQ,256150,한독크린텍,4530,3,0,0,2,0,3,-1,+0.00
KOSDAQ,196450,코아시아씨엠,837,3,0,1,1,1,1,0,+0.00
KOSDAQ,100660,서암기계공업,3010,3,0,48,192,3,12,180,+0.01
KOSDAQ,065440,이루온,1380,3,0,105,155,40,59,96,+0.01
KOSDAQ,307280,원바이오젠,5300,3,0,10,12,2,3,9,+0.00
KOSDAQ,237820,플레이디,2930,3,0,109,636,45,261,375,+0.03
KOSDAQ,014570,고려제약,3415,3,0,3,15,0,0,15,+0.00
KOSDAQ,263770,유에스티,1585,3,0,0,0,1,1,-1,+0.00
KOSDAQ,123570,이엠넷,1682,3,0,17,42,3,7,35,+0.00
KOSDAQ,122690,서진오토모티브,1623,3,0,3,5,2,4,1,+0.00
KOSDAQ,369370,블리츠웨이엔터테인먼트,750,3,0,0,0,0,0,0,+0.00
KOSDAQ,258610,케일럼,1023,3,0,1,2,2,2,0,+0.00
KOSDAQ,033170,시그네틱스,435,3,0,126,103,20,16,87,+0.00
KOSDAQ,045060,오공,2200,3,0,0,0,1,3,-3,+0.00
KOSDAQ,065500,오리엔트정공,1120,3,0,317,392,349,435,-43,+0.03
KOSDAQ,065950,웰크론,1318,3,0,23,49,5,10,39,+0.00
KOSDAQ,250000,보라티알,5500,3,0,4,41,7,66,-25,+0.00
KOSDAQ,290120,DH오토리드,2345,3,0,1,3,2,4,-1,+0.00
KOSDAQ,024120,KB오토시스,3220,3,0,1,2,0,1,1,+0.00
KOSDAQ,204020,그리티,1901,3,0,3,8,10,30,-22,+0.00
KOSDAQ,260660,알리코제약,2395,3,0,14,50,3,12,38,+0.00
KOSDAQ,019770,서연탑메탈,3150,3,0,2,7,2,8,-1,+0.00
KOSDAQ,278650,HLB바이오스텝,2100,3,0,121,263,34,74,189,+0.01
KOSDAQ,105760,포스뱅크,3590,3,0,14,86,0,2,84,+0.00
KOSDAQ,081580,성우전자,2345,3,0,8,33,6,25,8,+0.00
KOSDAQ,419120,산돌,2555,3,0,4,23,0,2,21,+0.00
KOSDAQ,083550,케이엠,2680,3,0,2,6,1,2,4,+0.00
KOSDAQ,297570,아틀라스링크,1049,3,0,20,20,1,1,19,+0.00
KOSDAQ,229000,젠큐릭스,1541,3,0,9,16,5,8,8,+0.00
KOSDAQ,284620,카이노스메드,1087,3,0,27,95,31,109,-14,+0.01
KOSDAQ,221840,하이즈항공,1913,3,0,0,0,0,0,0,+0.00
KOSDAQ,057030,YBM넷,2190,3,0,41,156,9,34,122,+0.01
KOSDAQ,376930,노을,696,3,0,944,2335,889,2236,99,+0.16
KOSDAQ,038060,루멘스,742,3,0,7,7,4,4,3,+0.00
KOSDAQ,348080,큐라티스,309,3,0,37,25,24,17,8,+0.00
KOSDAQ,246690,TS인베스트먼트,1499,3,0,0,0,1,1,-1,+0.00
KOSDAQ,184230,SGA솔루션즈,1881,3,0,30,15,9,5,10,+0.00
KOSDAQ,052600,한네트,3070,3,0,63,267,9,40,227,+0.01
KOSDAQ,450330,하스,4335,3,0,10,83,5,39,44,+0.00
KOSDAQ,465480,인스피언,3500,3,0,20,135,3,23,112,+0.01
KOSDAQ,021650,한국큐빅,2170,3,0,0,0,0,1,-1,+0.00
KOSDAQ,064520,테크엘,1585,3,0,0,0,1,2,-2,+0.00
KOSDAQ,059100,아이컴포넌트,5010,3,0,1,6,0,2,4,+0.00
KOSDAQ,016600,큐캐피탈,2535,3,0,4,1,25,7,-6,+0.00
KOSDAQ,263050,유틸렉스,959,3,0,53,108,37,75,33,+0.01
KOSDAQ,317870,엔바이오니아,3995,3,0,1,10,3,44,-34,+0.00
KOSDAQ,043910,자연과환경,3115,3,0,94,57,23,14,43,+0.00
KOSDAQ,263920,휴엠앤씨,3600,3,0,0,0,0,0,0,+0.00
KOSDAQ,373200,엑스플러스,1407,3,0,33,19,151,87,-68,+0.00
KOSDAQ,026040,제이에스티나,2130,3,0,2,4,2,4,0,+0.00
KOSDAQ,049470,비트플래닛,1492,3,0,42,12,43,13,-1,+0.00
KOSDAQ,186230,그린플러스,3205,3,0,3,24,13,116,-92,+0.00
KOSDAQ,032960,동일기연,1983,3,0,0,3,0,2,1,+0.00
KOSDAQ,128540,에코캡,1307,3,0,153,245,126,203,42,+0.02
KOSDAQ,025440,DH오토웨어,3560,3,0,5,4,6,5,-1,+0.00
KOSDAQ,239890,피엔에이치테크,3490,3,0,5,38,21,159,-121,+0.01
KOSDAQ,020180,대신정보통신,901,3,0,4,4,7,6,-2,+0.00
KOSDAQ,071850,캐스텍코리아,1421,3,0,5,10,6,12,-2,+0.00
KOSDAQ,090410,덕신이피씨,748,3,0,6,10,16,27,-17,+0.00
KOSDAQ,101240,씨큐브,3035,3,0,6,25,4,16,9,+0.00
KOSDAQ,200780,비씨월드제약,3220,3,0,0,1,0,1,0,+0.00
KOSDAQ,432430,와이랩,2070,3,0,42,196,1,4,192,+0.01
KOSDAQ,220180,핸디소프트,1422,3,0,1,4,1,3,1,+0.00
KOSDAQ,006920,모헨즈,3110,3,0,0,0,0,1,-1,+0.00
KOSDAQ,087600,픽셀플러스,4145,3,0,3,20,2,13,7,+0.00
KOSDAQ,148930,에이치와이티씨,3315,3,0,3,13,1,5,8,+0.00
KOSDAQ,318410,비비씨,6070,3,0,0,2,0,4,-2,+0.00
KOSDAQ,321820,아티스트컴퍼니,2155,3,0,15,257,12,203,54,+0.02
KOSDAQ,046390,삼화네트웍스,1941,3,0,93,137,75,111,26,+0.01
KOSDAQ,299660,셀리드,1136,3,0,231,1455,229,1446,9,+0.10
KOSDAQ,089140,넥스턴앤롤코리아,2185,3,0,68,227,47,157,70,+0.01
KOSDAQ,086040,바이오톡스텍,2085,3,0,13,42,3,10,32,+0.00
KOSDAQ,215790,이노인스트루먼트,821,3,0,3,1,3,2,-1,+0.00
KOSDAQ,080520,오디텍,2920,3,0,0,1,1,3,-2,+0.00
KOSDAQ,408900,스튜디오미르,1005,3,0,124,362,56,165,197,+0.02
KOSDAQ,066360,체리부로,685,3,0,2,2,2,2,0,+0.00
KOSDAQ,159910,에코글로우,3135,3,0,17,10,12,8,2,+0.00
KOSDAQ,079000,와토스코리아,4555,3,0,0,2,1,3,-1,+0.00
KOSDAQ,068050,팬엔터테인먼트,1183,3,0,10,21,5,10,11,+0.00
KOSDAQ,335810,프리시젼바이오,1486,3,0,6,17,0,1,16,+0.00
KOSDAQ,106240,파인테크닉스,1365,3,0,0,0,6,5,-5,+0.00
KOSDAQ,173940,에프엔씨엔터,2115,3,0,0,0,0,1,-1,+0.00
KOSDAQ,089150,케이씨티,1893,3,0,30,69,5,12,57,+0.00
KOSDAQ,091970,LSK아이로봇,4300,3,0,9,5,19,12,-7,+0.00
KOSDAQ,206400,베노티앤알,863,3,0,21,78,19,69,9,+0.01
KOSDAQ,393210,토마토시스템,2070,3,0,68,355,17,88,267,+0.02
KOSDAQ,103840,우양,1972,3,0,26,85,5,17,68,+0.00
KOSDAQ,464280,티디에스팜,5820,3,0,904,15525,847,14616,909,+1.04
KOSDAQ,452200,민테크,1320,3,0,77,410,9,49,361,+0.02
KOSDAQ,340810,시선AI,2340,3,0,24,72,7,21,51,+0.00
KOSDAQ,033830,티비씨,1671,3,0,1,0,1,0,0,+0.00
KOSDAQ,332290,누보,791,3,0,1,1,1,1,0,+0.00
KOSDAQ,064480,브리지텍,2635,3,0,45,242,11,60,182,+0.01
KOSDAQ,133750,메가엠디,1345,3,0,46,90,8,15,75,+0.00
KOSDAQ,452300,캡스톤파트너스,2210,3,0,28,69,2,6,63,+0.00
KOSDAQ,288980,모아데이타,860,3,0,123,184,21,33,151,+0.01
KOSDAQ,160550,NEW,1119,3,0,28,64,15,35,29,+0.00
KOSDAQ,311390,네오크레마,2460,3,0,1,5,0,2,3,+0.00
KOSDAQ,050110,캠시스,1064,3,0,29,28,20,19,9,+0.00
KOSDAQ,105550,엣지파운드리,397,3,0,297,1094,411,1515,-421,+0.09
KOSDAQ,075130,플랜티넷,1921,3,0,32,64,4,7,57,+0.00
KOSDAQ,452160,제이엔비,3215,3,0,11,54,2,9,45,+0.00
KOSDAQ,262840,아이퀘스트,2925,3,0,8,19,9,22,-3,+0.00
KOSDAQ,035460,기산텔레콤,2065,3,0,0,0,0,1,-1,+0.00
KOSDAQ,290090,트윔,4135,3,0,0,0,0,0,0,+0.00
KOSDAQ,038620,위즈코프,2025,3,0,4,3,1,1,2,+0.00
KOSDAQ,031510,오스템,1094,3,0,0,0,0,0,0,+0.00
KOSDAQ,148250,알엔투테크놀로지,2250,3,0,2,7,2,10,-3,+0.00
KOSDAQ,066910,손오공,2285,3,0,24,33,18,26,7,+0.00
KOSDAQ,075970,동국알앤에스,1660,3,0,39,98,3,9,89,+0.00
KOSDAQ,351330,이삭엔지니어링,3680,3,0,9,65,3,20,45,+0.00
KOSDAQ,407400,꿈비,2070,3,0,10,59,7,39,20,+0.00
KOSDAQ,044480,빌리언스,911,3,0,47,25,30,16,9,+0.00
KOSDAQ,123750,알톤,2190,3,0,0,0,0,0,0,+0.00
KOSDAQ,246250,에스엘에스바이오,1969,3,0,58,124,20,43,81,+0.01
KOSDAQ,310870,디와이씨,1372,3,0,0,0,2,3,-3,+0.00
KOSDAQ,039290,인포뱅크,3455,3,0,48,358,25,182,176,+0.02
KOSDAQ,289220,자이언트스텝,1340,3,0,44,266,33,202,64,+0.02
KOSDAQ,417860,오브젠,6350,3,0,2,17,1,8,9,+0.00
KOSDAQ,038870,에코심플렉스,2125,3,0,30,102,2,5,97,+0.00
KOSDAQ,058110,멕아이씨에스,1855,3,0,24,55,7,17,38,+0.00
KOSDAQ,131090,시큐브,3880,3,0,0,0,1,1,-1,+0.00
KOSDAQ,012620,원일특강,6750,3,0,0,0,0,0,0,+0.00
KOSDAQ,351320,넥사다이내믹스,999,3,0,0,0,1,1,-1,+0.00
KOSDAQ,038950,파인디지털,2905,3,0,0,0,0,0,0,+0.00
KOSDAQ,239610,에이치엘사이언스,5490,3,0,3,43,1,18,25,+0.00
KOSDAQ,057680,티사이언티픽,1870,3,0,218,278,200,254,24,+0.02
KOSDAQ,131220,대한과학,3960,3,0,3,15,0,1,14,+0.00
KOSDAQ,318010,팜스빌,3710,3,0,5,23,0,2,21,+0.00
KOSDAQ,119500,포메탈,2480,3,0,8,22,9,25,-3,+0.00
KOSDAQ,187270,신화콘텍,2890,3,0,10,32,2,7,25,+0.00
KOSDAQ,096630,에스코넥,1840,3,0,52,34,17,11,23,+0.00
KOSDAQ,038880,아이에이,3885,3,0,75,13,1,0,13,+0.00
KOSDAQ,069410,엔텔스,2840,3,0,4,14,1,5,9,+0.00
KOSDAQ,022220,티케이지애강,560,3,0,13,12,6,6,6,+0.00
KOSDAQ,363250,진시스템,3405,3,0,2,22,9,92,-70,+0.00
KOSDAQ,097780,에코볼트,1421,3,0,2,1,1,1,0,+0.00
KOSDAQ,053290,NE능률,1741,3,0,69,250,12,44,206,+0.01
KOSDAQ,095910,에스에너지,771,3,0,0,0,0,1,-1,+0.00
KOSDAQ,271830,팸텍,975,3,0,29,51,7,12,39,+0.00
KOSDAQ,188260,세니젠,2155,3,0,9,25,4,13,12,+0.00
KOSDAQ,406820,뷰티스킨,2015,3,0,2,23,1,8,15,+0.00
KOSDAQ,109820,진매트릭스,1394,3,0,56,158,7,19,139,+0.01
KOSDAQ,336060,웨이버스,590,3,0,220,304,110,154,150,+0.02
KOSDAQ,348030,모비릭스,2955,3,0,0,2,1,3,-1,+0.00
KOSDAQ,291230,엔피,641,3,0,96,200,8,17,183,+0.01
KOSDAQ,080530,코디,2550,3,0,3,3,1,1,2,+0.00
KOSDAQ,043220,티에스넥스젠,1710,3,0,224,91,227,91,0,+0.01
KOSDAQ,476080,M83,3490,3,0,117,1445,149,1877,-432,+0.11
KOSDAQ,288620,에스프리즘,4030,3,0,18,167,3,23,144,+0.01
KOSDAQ,114630,폴라리스우노,1631,3,0,14,7,51,26,-19,+0.00
KOSDAQ,008470,부스타,3340,3,0,0,1,0,1,0,+0.00
KOSDAQ,088340,유라클,6420,3,0,26,252,6,54,198,+0.01
KOSDAQ,060540,에스에이티,1070,3,0,85,127,69,104,23,+0.01
KOSDAQ,199480,뱅크웨어글로벌,2740,3,0,497,2901,444,2622,279,+0.19
KOSDAQ,068100,케이웨더,2340,3,0,9,27,6,18,9,+0.00
KOSDAQ,031310,아이즈비전,937,3,0,1,1,1,1,0,+0.00
KOSDAQ,115160,휴맥스,6430,3,0,38,52,6,8,44,+0.00
KOSDAQ,197140,디지캡,2125,3,0,0,0,0,0,0,+0.00
KOSDAQ,027040,서울전자통신,1980,3,0,5,1,6,2,-1,+0.00
KOSDAQ,434480,모니터랩,2230,3,0,111,395,63,229,166,+0.02
KOSDAQ,464580,닷밀,1485,3,0,16,105,14,90,15,+0.01
KOSDAQ,340440,세림B&G,963,3,0,0,0,0,0,0,+0.00
KOSDAQ,083640,인콘,1188,3,0,6,2,20,6,-4,+0.00
KOSDAQ,121890,에스디시스템,2050,3,0,4,4,1,1,3,+0.00
KOSDAQ,475660,에스켐,3430,3,0,268,2021,210,1591,430,+0.12
KOSDAQ,187220,디티앤씨,2355,3,0,19,58,1,3,55,+0.00
KOSDAQ,024940,PN풍년,2700,3,0,2339,21433,2552,23878,-2445,+1.56
KOSDAQ,169330,엠브레인,1474,3,0,1,2,1,2,0,+0.00
KOSDAQ,237750,피앤씨테크,4150,3,0,0,1,1,4,-3,+0.00
KOSDAQ,206560,덱스터,1059,3,0,157,1303,25,211,1092,+0.05
KOSDAQ,069140,누리플랜,1780,3,0,0,0,4,5,-5,+0.00
KOSDAQ,177830,파버나인,2365,3,0,17,52,12,35,17,+0.00
KOSDAQ,016920,카스,1011,3,0,98,121,96,118,3,+0.01
KOSDAQ,019660,글로본,1919,3,0,720,492,758,522,-30,+0.03
KOSDAQ,198940,한주라이트메탈,1340,3,0,7,6,13,11,-5,+0.00
KOSDAQ,032750,삼진,2940,3,0,2,6,0,1,5,+0.00
KOSDAQ,450520,인스웨이브,1800,3,0,11,31,3,10,21,+0.00
KOSDAQ,296640,이노에이엑스,5110,3,0,1,5,0,1,4,+0.00
KOSDAQ,035200,프럼파스트,2860,3,0,2,7,0,1,6,+0.00
KOSDAQ,013720,청보,431,3,0,24,22,13,12,10,+0.00
KOSDAQ,054940,엑사이엔씨,788,3,0,18,14,14,10,4,+0.00
KOSDAQ,017000,신원종합개발,2240,3,0,4,12,5,13,-1,+0.00
KOSDAQ,001810,무림SP,1180,3,0,8,12,5,9,3,+0.00
KOSDAQ,099390,브레인즈컴퍼니,3180,3,0,0,2,1,5,-3,+0.00
KOSDAQ,047080,한빛소프트,1051,3,0,18,23,2,2,21,+0.00
KOSDAQ,195500,마니커에프앤지,1631,3,0,20,57,3,8,49,+0.00
KOSDAQ,290560,파라택시스이더리움,1165,3,0,4,22,1,6,16,+0.00
KOSDAQ,225220,제놀루션,1357,3,0,22,51,10,22,29,+0.00
KOSDAQ,045300,성우테크론,2465,3,0,1,1,1,3,-2,+0.00
KOSDAQ,333050,이노테나,5270,3,0,3,4,2,3,1,+0.00
KOSDAQ,227610,아우딘퓨쳐스,1339,3,0,6,8,13,17,-9,+0.00
KOSDAQ,138070,신진에스엠,1480,3,0,565,1551,431,1262,289,+0.10
KOSDAQ,146060,율촌,1075,3,0,6,7,5,5,2,+0.00
KOSDAQ,267790,배럴,3355,3,0,0,1,0,0,1,+0.00
KOSDAQ,290270,휴네시온,2685,3,0,0,0,1,3,-3,+0.00
KOSDAQ,051380,피씨디렉트,1681,3,0,18,42,2,4,38,+0.00
KOSDAQ,021880,메이슨캐피탈,1215,3,0,112,32,6,2,30,+0.00
KOSDAQ,109960,앱토크롬,1699,3,0,171,87,34,17,70,+0.00
KOSDAQ,356890,싸이버원,2150,3,0,1,3,1,3,0,+0.00
KOSDAQ,013810,스페코,1752,3,0,1275,6035,664,3152,2883,+0.32
KOSDAQ,254120,자비스,833,3,0,20,30,9,14,16,+0.00
KOSDAQ,130500,GH신소재,1760,3,0,31,80,5,12,68,+0.00
KOSDAQ,093380,풍강,2590,3,0,1,3,1,3,0,+0.00
KOSDAQ,032860,더라미,633,3,0,21,28,5,6,22,+0.00
KOSDAQ,318000,KBG,2925,3,0,13,66,8,41,25,+0.00
KOSDAQ,464500,아이언디바이스,1825,3,0,65,234,31,110,124,+0.01
KOSDAQ,238490,힘스,2255,3,0,6,25,0,1,24,+0.00
KOSDAQ,053060,세동,1444,3,0,1,1,0,0,1,+0.00
KOSDAQ,016670,디모아,2500,3,0,2,9,1,3,6,+0.00
KOSDAQ,376180,피코그램,1373,3,0,38,100,6,17,83,+0.00
KOSDAQ,018680,서울제약,2185,3,0,3,9,1,3,6,+0.00
KOSDAQ,208710,포톤,1925,3,0,9,4,9,4,0,+0.00
KOSDAQ,007720,소노스퀘어,1258,3,0,257,206,158,127,79,+0.01
KOSDAQ,037370,EG,2940,3,0,5,31,1,4,27,+0.00
KOSDAQ,462510,라메디텍,2875,3,0,39,380,10,98,282,+0.02
KOSDAQ,054780,키이스트,1284,3,0,18,81,2,9,72,+0.00
KOSDAQ,376980,원티드랩,2580,3,0,3,12,1,5,7,+0.00
KOSDAQ,367000,플래티어,3000,3,0,0,1,1,6,-5,+0.00
KOSDAQ,355390,크라우드웍스,1582,3,0,25,295,15,184,111,+0.02
KOSDAQ,039740,한국정보공학,3125,3,0,1,2,0,0,2,+0.00
KOSDAQ,048470,대동스틸,2590,3,0,18,62,2,6,56,+0.00
KOSDAQ,091340,S&K폴리텍,2135,3,0,2,5,2,5,0,+0.00
KOSDAQ,033050,제이엠아이,784,3,0,0,0,0,0,0,+0.00
KOSDAQ,378800,샤페론,535,3,0,283,1167,324,1335,-168,+0.09
KOSDAQ,036480,대성미생물,6500,3,0,5,44,1,8,36,+0.00
KOSDAQ,079170,한창산업,4750,3,0,3,18,2,16,2,+0.00
KOSDAQ,052300,오션인더블유,1510,3,0,18,6,5,2,4,+0.00
KOSDAQ,083660,CSA 코스믹,230,3,0,2,2,3,3,-1,+0.00
KOSDAQ,430690,한싹,2250,3,0,80,354,31,137,217,+0.02
KOSDAQ,045510,정원엔시스,761,3,0,0,0,0,0,0,+0.00
KOSDAQ,033200,모아텍,2645,3,0,1,2,1,2,0,+0.00
KOSDAQ,085810,알티캐스트,1721,3,0,121,91,42,31,60,+0.00
KOSDAQ,300120,라온피플,490,3,0,24,94,6,22,72,+0.00
KOSDAQ,053950,경남제약,1551,3,0,222,163,119,88,75,+0.01
KOSDAQ,277410,인산가,6300,3,0,8,10,1,1,9,+0.00
KOSDAQ,070590,인티큐브,1740,3,0,6,6,4,4,2,+0.00
KOSDAQ,208350,지란지교시큐리티,2970,3,0,2,5,0,0,5,+0.00
KOSDAQ,063760,이엘피,2580,3,0,0,1,0,1,0,+0.00
KOSDAQ,073540,에프알텍,2110,3,0,0,0,0,1,-1,+0.00
KOSDAQ,222980,한국맥널티,2175,3,0,1,5,1,5,0,+0.00
KOSDAQ,224060,더코디,4640,3,0,1,5,1,4,1,+0.00
KOSDAQ,363260,모비데이즈,744,3,0,606,1195,810,1599,-404,+0.10
KOSDAQ,373170,엠아이큐브솔루션,1580,3,0,1,11,2,15,-4,+0.00
KOSDAQ,131100,티엔엔터테인먼트,740,3,0,3,4,4,6,-2,+0.00
KOSDAQ,060380,동양에스텍,1209,3,0,1,2,3,4,-2,+0.00
KOSDAQ,193250,링크드,1780,3,0,534,274,525,272,2,+0.02
KOSDAQ,032790,엠젠솔루션,926,3,0,8,9,21,25,-16,+0.00
KOSDAQ,257370,피엔티엠에스,1900,3,0,52,203,42,171,32,+0.01
KOSDAQ,318020,포인트모바일,1921,3,0,1,3,1,2,1,+0.00
KOSDAQ,043200,파루,565,3,0,2,1,1,0,1,+0.00
KOSDAQ,044780,에이치케이,1266,3,0,2,2,2,3,-1,+0.00
KOSDAQ,067010,이씨에스,2150,3,0,4,11,0,1,10,+0.00
KOSDAQ,054090,삼진엘앤디,937,3,0,5,4,1,1,3,+0.00
KOSDAQ,347770,핌스,1020,3,0,3,7,3,6,1,+0.00
KOSDAQ,001000,신라섬유,960,3,0,7,7,3,3,4,+0.00
KOSDAQ,290520,신도기연,1480,3,0,0,0,1,3,-3,+0.00
KOSDAQ,056730,CNT85,1567,3,0,0,0,0,0,0,+0.00
KOSDAQ,153490,우리이앤엘하루틴,450,3,0,9,6,9,7,-1,+0.00
KOSDAQ,298060,풍전약품,2615,3,0,104,224,83,179,45,+0.01
KOSDAQ,403490,우듬지팜,502,3,0,113,205,119,218,-13,+0.01
KOSDAQ,429270,시지트로닉스,3565,3,0,5,23,0,1,22,+0.00
KOSDAQ,405920,나라셀라,1784,3,0,3,9,3,8,1,+0.00
KOSDAQ,109670,씨싸이트,3935,3,0,12,102,2,14,88,+0.00
KOSDAQ,019570,플루토스,481,3,0,113,36,60,19,17,+0.00
KOSDAQ,232830,아이티센피엔에스,1380,3,0,4,7,2,3,4,+0.00
KOSDAQ,007770,한일화학,6500,3,0,0,1,0,3,-2,+0.00
KOSDAQ,134060,이퓨쳐,4770,3,0,0,1,0,0,1,+0.00
KOSDAQ,359090,씨엔알리서치,1974,3,0,47,54,37,43,11,+0.00
KOSDAQ,076080,웰크론한텍,1004,3,0,1,1,5,6,-5,+0.00
KOSDAQ,469750,아이비젼웍스,655,3,0,175,214,35,42,172,+0.01
KOSDAQ,058450,한주에이알티,4500,3,0,1,1,2,3,-2,+0.00
KOSDAQ,210120,캔버스엔,930,3,0,4,93,4,81,12,+0.01
KOSDAQ,353190,휴럼,2855,3,0,7,5,10,7,-2,+0.00
KOSDAQ,065650,하이퍼코퍼레이션,2050,3,0,12,14,15,17,-3,+0.00
KOSDAQ,415380,스튜디오삼익,1946,3,0,4,33,0,3,30,+0.00
KOSDAQ,241840,에이스토리,2330,3,0,4,28,1,7,21,+0.00
KOSDAQ,032080,아즈텍WB,1034,3,0,0,0,0,0,0,+0.00
KOSDAQ,130740,티피씨글로벌,1970,3,0,4,7,3,5,2,+0.00
KOSDAQ,131180,딜리,3775,3,0,1,1,4,3,-2,+0.00
KOSDAQ,016100,리더스코스메틱,1160,3,0,1,1,1,3,-2,+0.00
KOSDAQ,090150,아이윈,529,3,0,12,9,7,5,4,+0.00
KOSDAQ,023770,플레이위드,2450,3,0,32,118,3,10,108,+0.00
KOSDAQ,352940,인바이오,2015,3,0,0,1,1,1,0,+0.00
KOSDAQ,383930,디티앤씨알오,1709,3,0,22,132,66,385,-253,+0.02
KOSDAQ,115480,씨유메디칼,1780,3,0,3,2,5,3,-1,+0.00
KOSDAQ,080470,성창오토텍,2955,3,0,0,1,0,2,-1,+0.00
KOSDAQ,377030,비트맥스,1504,3,0,282,430,55,84,346,+0.02
KOSDAQ,067730,로지시스,2205,3,0,1,1,1,2,-1,+0.00
KOSDAQ,014100,메디앙스,1790,3,0,0,0,1,2,-2,+0.00
KOSDAQ,017250,인터엠,996,3,0,0,0,0,0,0,+0.00
KOSDAQ,362990,드림인사이트,1247,3,0,15,27,4,7,20,+0.00
KOSDAQ,096690,에이루트,5200,3,0,3,3,4,5,-2,+0.00
KOSDAQ,078590,휴림에이텍,2090,3,0,45,26,7,4,22,+0.00
KOSDAQ,258790,소프트캠프,4170,3,0,3,2,2,2,0,+0.00
KOSDAQ,049120,파인디앤씨,1959,3,0,2,2,1,1,1,+0.00
KOSDAQ,054410,케이피티유,3625,3,0,0,0,0,0,0,+0.00
KOSDAQ,139670,키네마스터,1470,3,0,2,5,1,4,1,+0.00
KOSDAQ,275630,에스에스알,3950,3,0,0,1,0,1,0,+0.00
KOSDAQ,065370,위세아이텍,2805,3,0,1,3,1,5,-2,+0.00
KOSDAQ,023790,동일스틸럭스,1583,3,0,1,1,1,1,0,+0.00
KOSDAQ,039310,세중,1140,3,0,2,3,1,2,1,+0.00
KOSDAQ,223310,사토시홀딩스,3945,3,0,51,101,44,92,9,+0.01
KOSDAQ,353590,오토앤,1594,3,0,26,106,11,45,61,+0.01
KOSDAQ,195990,루트K,630,3,0,135,64,28,13,51,+0.00
KOSDAQ,192390,윈하이텍,1860,3,0,350,1526,231,1061,465,+0.09
KOSDAQ,440320,오픈놀,2055,3,0,4,17,1,6,11,+0.00
KOSDAQ,098660,에스티오,1639,3,0,10,26,3,9,17,+0.00
KOSDAQ,373110,엑셀세라퓨틱스,1184,3,0,97,452,25,117,335,+0.02
KOSDAQ,065060,지엔코,3400,3,0,10,3,5,1,2,+0.00
KOSDAQ,419540,비스토스,3410,3,0,31,56,7,12,44,+0.00
KOSDAQ,101400,엔시트론,1728,3,0,100,38,81,31,7,+0.00
KOSDAQ,368970,오에스피,2310,3,0,2,5,1,2,3,+0.00
KOSDAQ,365900,브이씨,2760,3,0,0,0,0,1,-1,+0.00
KOSDAQ,317120,라닉스,1322,3,0,1,3,0,1,2,+0.00
KOSDAQ,115570,스타플렉스,2515,3,0,84,222,59,158,64,+0.01
KOSDAQ,322780,코퍼스코리아,2235,3,0,249,230,256,243,-13,+0.02
KOSDAQ,101680,한국정밀기계,2385,3,0,26,65,8,21,44,+0.00
KOSDAQ,331520,밸로프,1969,3,0,16,10,13,8,2,+0.00
KOSDAQ,048830,엔피케이,1068,3,0,0,0,0,0,0,+0.00
KOSDAQ,038530,케이바이오랩스,862,3,0,67,16,56,14,2,+0.00
KOSDAQ,021040,대호특수강,917,3,0,0,0,0,0,0,+0.00
KOSDAQ,424760,벨로크,1978,3,0,6,5,3,3,2,+0.00
KOSDAQ,096870,엘디티,2375,3,0,0,1,0,1,0,+0.00
KOSDAQ,361670,삼영에스앤씨,3495,3,0,4,20,1,3,17,+0.00
KOSDAQ,238200,비피도,2420,3,0,1,3,1,5,-2,+0.00
KOSDAQ,351870,차이커뮤니케이션,1768,3,0,76,730,51,488,242,+0.04
KOSDAQ,073570,리튬포어스,1635,3,0,106,198,87,162,36,+0.01
KOSDAQ,372800,아이티아이즈,2795,3,0,0,2,0,1,1,+0.00
KOSDAQ,252500,세화피앤씨,471,3,0,23,20,8,7,13,+0.00
KOSDAQ,377330,이지트로닉스,2395,3,0,2,8,0,1,7,+0.00
KOSDAQ,032280,삼일,1198,3,0,1,2,3,6,-4,+0.00
KOSDAQ,034940,조아제약,625,3,0,0,0,1,1,-1,+0.00
KOSDAQ,214610,롤링스톤,2290,3,0,2665,4355,2002,3298,1057,+0.26
KOSDAQ,200350,아티스트스튜디오,1917,3,0,83,1538,86,1607,-69,+0.11
KOSDAQ,285800,진영,1093,3,0,3,7,9,23,-16,+0.00
KOSDAQ,438700,버넥트,1703,3,0,35,102,19,57,45,+0.01
KOSDAQ,154030,아시아종묘,1569,3,0,1,1,1,1,0,+0.00
KOSDAQ,020400,대동금속,2965,3,0,7,52,3,20,32,+0.00
KOSDAQ,088290,이원컴포텍,2370,3,0,12,12,8,8,4,+0.00
KOSDAQ,043360,디지아이,2100,3,0,2,5,2,4,1,+0.00
KOSDAQ,054220,비츠로시스,1500,3,0,6,3,5,2,1,+0.00
KOSDAQ,006050,국영지앤엠,540,3,0,1682,3208,1832,3655,-447,+0.24
KOSDAQ,045520,크린앤사이언스,2895,3,0,5,22,0,1,21,+0.00
KOSDAQ,032800,판타지오,1510,3,0,45,28,8,5,23,+0.00
KOSDAQ,191410,육일씨엔에쓰,1677,3,0,0,1,1,1,0,+0.00
KOSDAQ,031860,디에이치엑스컴퍼니,693,3,0,5,4,2,2,2,+0.00
KOSDAQ,103230,에스앤더블류,2590,3,0,4,13,3,10,3,+0.00
KOSDAQ,196700,웹스,1290,3,0,0,1,2,3,-2,+0.00
KOSDAQ,060260,뉴보텍,1388,3,0,16,17,5,5,12,+0.00
KOSDAQ,037400,우리엔터프라이즈,706,3,0,1,1,2,2,-1,+0.00
KOSDAQ,303530,이노뎁,2520,3,0,5,37,0,3,34,+0.00
KOSDAQ,050760,에스폴리텍,1132,3,0,0,0,1,1,-1,+0.00
KOSDAQ,065770,CS,1905,3,0,80,85,76,81,4,+0.01
KOSDAQ,137940,넥스트아이,2165,3,0,23,8,10,3,5,+0.00
KOSDAQ,084440,유비온,963,3,0,1000,1124,1032,1167,-43,+0.08
KOSDAQ,431190,케이쓰리아이,2460,3,0,22,111,4,19,92,+0.00
KOSDAQ,304840,피플바이오,750,3,0,53,192,15,53,139,+0.01
KOSDAQ,069330,유아이디,1074,3,0,2,3,1,1,2,+0.00
KOSDAQ,215480,토박스코리아,2025,3,0,6,14,3,7,7,+0.00
KOSDAQ,274400,이노시뮬레이션,1993,3,0,9,41,0,1,40,+0.00
KOSDAQ,032680,소프트센,865,3,0,178,55,57,18,37,+0.00
KOSDAQ,140430,카티스,1670,3,0,56,142,10,25,117,+0.01
KOSDAQ,018620,우진비앤지,2510,3,0,0,0,2,2,-2,+0.00
KOSDAQ,236810,엔비티,1020,3,0,26,88,2,7,81,+0.00
KOSDAQ,225590,패션플랫폼,3375,3,0,2,2,2,2,0,+0.00
KOSDAQ,060900,에이전트AI,4310,3,0,8,9,7,7,2,+0.00
KOSDAQ,154040,다산솔루에타,795,3,0,6,7,9,10,-3,+0.00
KOSDAQ,301300,바이브컴퍼니,1306,3,0,4,17,4,15,2,+0.00
KOSDAQ,067770,세진티에스,2045,3,0,1,1,1,1,0,+0.00
KOSDAQ,306040,에스제이그룹,1736,3,0,3,17,1,6,11,+0.00
KOSDAQ,142760,모아라이프플러스,405,3,0,16,21,4,5,16,+0.00
KOSDAQ,291810,핀텔,1501,3,0,2,4,2,3,1,+0.00
KOSDAQ,328380,솔트웨어,2490,3,0,15,14,4,4,10,+0.00
KOSDAQ,239340,이스트에이드,630,3,0,0,0,0,1,-1,+0.00
KOSDAQ,027580,상보,1436,3,0,1358,1608,1474,1749,-141,+0.12
KOSDAQ,078860,아이오케이이엔엠,2745,3,0,7,53,3,22,31,+0.00
KOSDAQ,482680,미래에셋비전스팩7호,2055,3,0,4,9,1,2,7,+0.00
KOSDAQ,241820,피씨엘,6040,3,0,120,83,15,11,72,+0.00
KOSDAQ,309930,조이웍스앤코,870,3,0,39,100,4,11,89,+0.00
KOSDAQ,477380,미래에셋비전스팩4호,2060,3,0,5,10,0,0,10,+0.00
KOSDAQ,115610,이미지스,1385,3,0,35,74,57,120,-46,+0.01
KOSDAQ,335870,윙스풋,973,3,0,7,12,9,14,-2,+0.00
KOSDAQ,200230,텔콘RF제약,2250,3,0,30,17,28,16,1,+0.00
KOSDAQ,110020,전진바이오팜,1762,3,0,10,27,6,15,12,+0.00
KOSDAQ,344860,이노진,1323,3,0,0,0,0,0,0,+0.00
KOSDAQ,240600,유진테크놀로지,2285,3,0,12,62,1,4,58,+0.00
KOSDAQ,065690,파커스,1125,3,0,164,244,160,240,4,+0.02
KOSDAQ,043590,웰킵스하이텍,1163,3,0,8,4,5,3,1,+0.00
KOSDAQ,308100,형지글로벌,656,3,0,4,11,1,2,9,+0.00
KOSDAQ,002680,한탑,2430,3,0,3,2,7,5,-3,+0.00
KOSDAQ,469880,하나30호스팩,2115,3,0,0,0,0,0,0,+0.00
KOSDAQ,083470,이엠앤아이,719,3,0,1,1,2,2,-1,+0.00
KOSDAQ,477340,에이치엠씨제7호스팩,2040,3,0,0,0,0,0,0,+0.00
KOSDAQ,115530,씨엔플러스,1935,3,0,31,13,1,1,12,+0.00
KOSDAQ,101000,KS인더스트리,384,3,0,19,38,61,125,-87,+0.01
KOSDAQ,368600,아이씨에이치,590,3,0,35,114,3,11,103,+0.00
KOSDAQ,113810,디젠스,465,3,0,24,16,19,13,3,+0.00
KOSDAQ,060480,국일신동,1368,3,0,1,1,1,2,-1,+0.00
KOSDAQ,131760,파인텍,1740,3,0,7,5,8,6,-1,+0.00
KOSDAQ,354200,엔젠바이오,1668,3,0,42,111,23,61,50,+0.01
KOSDAQ,035620,바른손이앤에이,796,3,0,11,5,9,4,1,+0.00
KOSDAQ,303030,지니틱스,1610,3,0,23,23,4,4,19,+0.00
KOSDAQ,473050,유안타제15호스팩,2085,3,0,2,4,0,0,4,+0.00
KOSDAQ,028080,휴맥스홀딩스,5760,3,0,1,2,1,4,-2,+0.00
KOSDAQ,377220,프롬바이오,513,3,0,15,30,5,10,20,+0.00
KOSDAQ,148780,비큐AI,457,3,0,2,2,2,2,0,+0.00
KOSDAQ,478440,미래에셋비전스팩6호,2045,3,0,5,11,0,0,11,+0.00
KOSDAQ,418620,E8,712,3,0,62,635,25,255,380,+0.03
KOSDAQ,226340,본느,1679,3,0,118,162,18,24,138,+0.01
KOSDAQ,479880,한국제15호스팩,2045,3,0,1,2,0,1,1,+0.00
KOSDAQ,012340,뉴인텍,749,3,0,1,0,3,1,-1,+0.00
KOSDAQ,018700,졸스,1196,3,0,3,4,4,4,0,+0.00
KOSDAQ,389680,유디엠텍,1662,3,0,167,190,181,206,-16,+0.01
KOSDAQ,417180,핑거스토리,3920,3,0,46,102,8,19,83,+0.00
KOSDAQ,352770,셀레스트라,5250,3,0,183,108,104,63,45,+0.01
KOSDAQ,177350,베셀,681,3,0,931,195,295,64,131,+0.01
KOSDAQ,244460,올리패스,1651,3,0,5,22,2,11,11,+0.00
KOSDAQ,405000,플라즈맵,3485,3,0,74,103,76,107,-4,+0.01
KOSDAQ,481890,엔에이치스팩31호,2080,3,0,2,4,0,0,4,+0.00
KOSDAQ,060230,제이케이시냅스,1165,3,0,39,43,44,48,-5,+0.00
KOSDAQ,247660,나노씨엠에스,2995,3,0,8,54,2,14,40,+0.00
KOSDAQ,009730,이렘,1629,3,0,199,223,111,125,98,+0.01
KOSDAQ,289010,아이스크림에듀,919,3,0,5,12,1,3,9,+0.00
KOSDAQ,123840,뉴온,2000,3,0,382,72,416,81,-9,+0.01
KOSDAQ,478390,KB제29호스팩,2045,3,0,32,64,2,4,60,+0.00
KOSDAQ,471050,대신밸런스제17호스팩,2095,3,0,20,41,0,0,41,+0.00
KOSDAQ,054180,메디콕스,2295,3,0,223,81,144,52,29,+0.00
KOSDAQ,482520,교보16호스팩,2020,3,0,20,40,0,0,40,+0.00
KOSDAQ,011080,형지I&C,2865,3,0,253,149,274,163,-14,+0.01
KOSDAQ,065570,삼영이엔씨,764,3,0,56,111,32,64,47,+0.01
KOSDAQ,250930,예선테크,370,3,0,7,3,20,9,-6,+0.00
KOSDAQ,477760,DB금융스팩12호,2050,3,0,11,22,0,0,22,+0.00
KOSDAQ,092600,앤씨앤,2350,3,0,4,4,4,4,0,+0.00
KOSDAQ,469900,하나31호스팩,2080,3,0,6,12,0,0,12,+0.00
KOSDAQ,482690,대신밸런스제19호스팩,2060,3,0,50,100,0,0,100,+0.00
KOSDAQ,477470,미래에셋비전스팩5호,2090,3,0,8,17,0,1,16,+0.00
KOSDAQ,474660,신한제12호스팩,2055,3,0,1,3,0,0,3,+0.00
KOSDAQ,474490,유안타제16호스팩,2055,3,0,0,0,1,1,-1,+0.00
KOSDAQ,042040,케이피엠테크,4565,3,0,1,0,50,13,-13,+0.00
KOSDAQ,079950,인베니아,812,3,0,14,10,10,7,3,+0.00
KOSDAQ,079190,케스피온,571,3,0,12,7,7,4,3,+0.00
KOSDAQ,486630,KB제30호스팩,2030,3,0,32,65,0,1,64,+0.00
KOSDAQ,489210,교보17호스팩,2025,3,0,54,107,10,19,88,+0.00
KOSDAQ,043100,알파AI,520,3,0,10,21,0,1,20,+0.00
KOSDAQ,478110,이베스트스팩6호,2035,3,0,0,0,0,0,0,+0.00
KOSDAQ,208640,썸에이지,727,3,0,1294,461,927,338,123,+0.03
KOSDAQ,472220,신영스팩10호,2095,3,0,29,61,0,0,61,+0.00
KOSDAQ,084180,수성웹툰,539,3,0,84,44,64,34,10,+0.00
KOSDAQ,488060,유진스팩11호,2035,3,0,20,40,1,1,39,+0.00
KOSDAQ,106080,케이이엠텍,1650,3,0,111,512,177,811,-299,+0.05
KOSDAQ,484130,하나34호스팩,2030,3,0,28,57,0,0,57,+0.00
KOSDAQ,469480,IBKS제24호스팩,2130,3,0,1,1,0,0,1,+0.00
KOSDAQ,473950,에스케이증권제13호스팩,2030,3,0,0,0,0,0,0,+0.00
KOSDAQ,065420,에스아이리소스,125,3,0,35,8,135,30,-22,+0.00
KOSDAQ,467930,IBKS제23호스팩,2110,3,0,0,0,0,0,0,+0.00
KOSDAQ,050090,비케이홀딩스,379,3,0,2,1,5,3,-2,+0.00
KOSDAQ,465320,교보15호스팩,2335,3,0,4,8,0,1,7,+0.00
KOSDAQ,069920,엑시온그룹,949,3,0,429,452,436,471,-19,+0.03
KOSDAQ,468760,유진스팩10호,2080,3,0,21,44,0,1,43,+0.00
KOSDAQ,487830,신한제15호스팩,2020,3,0,20,40,0,0,40,+0.00
KOSDAQ,073190,듀오백,732,3,0,0,1,0,1,0,+0.00
KOSDAQ,472230,에스케이증권제11호스팩,2080,3,0,21,43,0,0,43,+0.00
KOSDAQ,225430,케이엠제약,1538,3,0,1,0,1,1,-1,+0.00
KOSDAQ,087260,모바일어플라이언스,249,3,0,52,118,31,70,48,+0.01
KOSDAQ,025870,신라에스지,1999,3,0,0,1,0,1,0,+0.00
KOSDAQ,199730,바이오인프라,1634,3,0,1,9,0,1,8,+0.00
KOSDAQ,312610,에이에프더블류,392,3,0,1,1,1,2,-1,+0.00
KOSDAQ,035290,골드앤에스,1641,3,0,5,2,2,1,1,+0.00
KOSDAQ,079970,투비소프트,596,3,0,306,340,302,342,-2,+0.02
KOSDAQ,475250,하나33호스팩,2065,3,0,3,6,0,0,6,+0.00
KOSDAQ,474930,신한제13호스팩,2085,3,0,0,0,0,0,0,+0.00
KOSDAQ,121850,코이즈,1474,3,0,182,159,194,178,-19,+0.01
KOSDAQ,276040,스코넥,327,3,0,13,36,3,8,28,+0.00
KOSDAQ,008290,원풍물산,338,3,0,1,1,2,1,0,+0.00
KOSDAQ,473000,에스케이증권제12호스팩,2050,3,0,30,63,0,0,63,+0.00
KOSDAQ,475240,하나32호스팩,2085,3,0,3,7,0,0,7,+0.00
KOSDAQ,044180,KD,205,3,0,209,100,223,107,-7,+0.01
KOSDAQ,313760,캐리,468,3,0,2,10,7,43,-33,+0.00
KOSDAQ,043090,더테크놀로지,1140,3,0,1240,366,1070,322,44,+0.02
KOSDAQ,052770,아이톡시,312,3,0,17,22,122,160,-138,+0.01
KOSDAQ,060240,스타코링크,194,3,0,67,28,32,13,15,+0.00
