일자,현재가,대비부호,전일대비,등락율,체결수량,프로그램매도금액,프로그램매수금액,프로그램순매수금액,프로그램순매수금액증감,프로그램매도수량,프로그램매수수량,프로그램순매수수량,프로그램순매수수량증감,거래소구분
20260720,190000,0,0,0.00,0,0,0,0,--29264,0,0,0,--155217,KRX
20260716,+190000,2,+400,+0.21,737459,43498,72762,+29264,+990,230590,385807,+155217,+6526,KRX
20260715,+189600,2,+6400,+3.49,674208,34602,62876,+28274,+17176,182329,331020,+148691,+88441,KRX
20260714,-183200,5,-4800,-2.55,946614,50197,61295,+11098,+1274,271590,331840,+60250,+8330,KRX
20260713,-188000,5,-3300,-1.73,757031,42774,52598,+9824,--29689,225846,277766,+51920,--153441,KRX
20260710,+191300,2,+6900,+3.74,725383,28804,68317,+39513,+40392,149989,355350,+205361,+208421,KRX
20260709,-184400,5,-8300,-4.31,1207585,79410,78531,--879,--7180,423591,420531,--3060,--35039,KRX
20260708,-192700,5,-4500,-2.28,1090495,79332,85633,+6301,--47009,410080,442059,+31979,--240122,KRX
20260707,+197200,2,+600,+0.31,1077802,38084,91394,+53310,+61814,194596,466697,+272101,+315646,KRX
20260706,+196600,2,+800,+0.41,686793,35103,26599,--8504,--4428,178688,135143,--43545,--21906,KRX
20260703,-195800,5,-4100,-2.05,1111357,73690,69614,--4076,--43566,378137,356498,--21639,--219053,KRX
20260702,+199900,2,+2500,+1.27,1162498,55494,94984,+39490,+29658,279222,476636,+197414,+147078,KRX
20260701,-197400,5,-1600,-0.80,1015743,54315,64147,+9832,+24552,274761,325097,+50336,+123843,KRX
20260630,-199000,5,-5000,-2.45,822445,81909,67189,--14720,--26425,409319,335812,--73507,--131107,KRX
20260629,+204000,2,+7600,+3.87,1093200,83234,94939,+11705,+14389,414244,471844,+57600,+71268,KRX
20260626,-196400,5,-3300,-1.65,1473699,84019,81335,--2684,--7382,429098,415430,--13668,--35769,KRX
20260625,+199700,2,+300,+0.15,1024898,71888,76586,+4698,+78964,355013,377114,+22101,+394211,KRX
20260624,-199400,5,-3100,-1.53,1455973,142811,68545,--74266,--53841,714688,342578,--372110,--276685,KRX
20260623,-202500,5,-19500,-8.78,1683494,141740,121315,--20425,--22524,681098,585673,--95425,--105328,KRX
20260622,-222000,5,-7500,-3.27,866623,59747,61846,+2099,--43103,265302,275205,+9903,--187275,KRX
20260619,-229500,5,-5500,-2.34,2109401,173313,218515,+45202,+40067,745720,942898,+197178,+175478,KRX
20260618,-235000,5,-8500,-3.49,1322859,98648,103783,+5135,--26162,417310,439010,+21700,--106425,KRX
20260617,+243500,2,+1500,+0.62,1156913,64217,95514,+31297,+43923,265061,393186,+128125,+185447,KRX
20260616,-242000,5,-6000,-2.42,2480043,173801,161175,--12626,+4914,701361,644039,--57322,+12726,KRX
20260615,+248000,2,+1000,+0.40,2001006,192885,175345,--17540,--316469,769415,699367,--70048,--1258562,KRX
20260612,+247000,2,+23000,+10.27,5215884,191356,490285,+298929,+330316,773038,1961552,+1188514,+1327926,KRX
20260611,-224000,5,-3000,-1.32,2218764,189855,158468,--31387,+3804,849367,709955,--139412,+11720,KRX
20260610,-227000,5,-30000,-11.67,3562725,251336,216145,--35191,+48387,1075305,924173,--151132,+165489,KRX
20260609,-257000,5,-22000,-7.89,6918079,486559,402981,--83578,--251822,1882385,1565764,--316621,--915654,KRX
20260608,+279000,2,+23500,+9.20,10148390,441741,609985,+168244,+202615,1601470,2200503,+599033,+731392,KRX
20260605,-255500,5,-12000,-4.49,3143220,204969,170598,--34371,+84293,804314,671955,--132359,+322347,KRX
20260604,-267500,5,-13000,-4.63,3324373,319981,201317,--118664,+124148,1214995,760289,--454706,+453632,KRX
20260602,+280500,2,+9000,+3.31,9275907,672565,429753,--242812,--43788,2522505,1614167,--908338,--175691,KRX
20260601,+271500,2,+37500,+16.03,14505895,1010361,811337,--199024,--250841,3704976,2972329,--732647,--986032,KRX
20260529,+234000,2,+29000,+14.15,7569228,456145,507962,+51817,+70276,1943558,2196943,+253385,+347484,KRX
20260528,+205000,2,+6200,+3.12,1978430,130776,112317,--18459,--31088,644962,550863,--94099,--157382,KRX
20260527,-198800,5,-1200,-0.60,912403,58204,70833,+12629,+34100,292729,356012,+63283,+169666,KRX
20260526,-200000,5,-3000,-1.48,580181,54442,32971,--21471,--16636,270112,163729,--106383,--82011,KRX
20260522,+203000,2,+3500,+1.75,751620,69442,64607,--4835,--28115,342107,317735,--24372,--141253,KRX
20260521,+199500,2,+8000,+4.18,869601,44229,67509,+23280,+25124,221893,338774,+116881,+126490,KRX
20260520,-191500,5,-6600,-3.33,992090,58413,56569,--1844,+40402,302861,293252,--9609,+203883,KRX
20260519,-198100,5,-1900,-0.95,950434,93057,50811,--42246,--15836,469156,255664,--213492,--80616,KRX
20260518,-200000,5,-3500,-1.72,890762,81617,55207,--26410,+1121,409380,276504,--132876,--99,KRX
20260515,-203500,5,-9500,-4.46,997805,83430,55899,--27531,--50017,400755,267978,--132777,--239208,KRX
20260514,+213000,2,+11500,+5.71,1601442,126067,148553,+22486,+36941,595602,702033,+106431,+178404,KRX
20260513,-201500,5,-2500,-1.23,904464,82315,67860,--14455,+3847,408903,336930,--71973,+15644,KRX
20260512,-204000,5,-7500,-3.55,991427,91261,72959,--18302,--11253,443734,356117,--87617,--54625,KRX
20260511,-211500,5,-3500,-1.63,780013,68679,61630,--7049,--54983,323750,290758,--32992,--256687,KRX
20260508,+215000,2,+7500,+3.61,1542717,92666,140600,+47934,+48218,431764,655459,+223695,+226412,KRX
20260507,-207500,5,-500,-0.24,1014658,89703,89419,--284,+19760,430893,428176,--2717,+93903,KRX
20260506,-208000,5,-1000,-0.48,839509,67033,46989,--20044,+15515,321195,224575,--96620,+73089,KRX
20260504,-209000,5,-2000,-0.95,875803,72838,37279,--35559,+91292,347620,177911,--169709,+422300,KRX
20260430,-211000,5,-9000,-4.09,1387029,168659,41808,--126851,--93063,789172,197163,--592009,--438398,KRX
20260429,+220000,2,+500,+0.23,673160,70821,37033,--33788,--44973,319753,166142,--153611,--204475,KRX
20260428,+219500,2,+4500,+2.09,758420,50316,61501,+11185,+22635,229245,280109,+50864,+104087,KRX
20260427,+215000,2,+1000,+0.47,458738,42410,30960,--11450,+17489,196530,143307,--53223,+82021,KRX
20260424,-214000,5,-3500,-1.61,476096,55867,26928,--28939,+6998,261151,125907,--135244,+29717,KRX
20260423,+217500,2,+3500,+1.64,800536,75287,39350,--35937,--36809,346781,181820,--164961,--169050,KRX
20260422,214000,3,0,0.00,364648,30703,31575,+872,+19743,143566,147655,+4089,+92535,KRX
20260421,+214000,2,+500,+0.23,545889,50517,31646,--18871,--14626,236709,148263,--88446,--68797,KRX
20260420,-213500,5,-3000,-1.39,457862,40798,36553,--4245,--8578,190215,170566,--19649,--39993,KRX
20260417,-216500,5,-2000,-0.92,1121630,43900,48233,+4333,+8822,202908,223252,+20344,+40950,KRX
20260416,+218500,2,+7500,+3.55,752603,68329,63840,--4489,--13156,313225,292619,--20606,--62803,KRX
20260415,+211000,2,+9500,+4.71,992297,64227,72894,+8667,+3552,304015,346212,+42197,+17415,KRX
20260414,+201500,2,+2500,+1.26,623470,50860,55975,+5115,+10336,250383,275165,+24782,+51473,KRX
20260413,-199000,5,-3000,-1.49,514728,46952,41731,--5221,--21863,236719,210028,--26691,--108616,KRX
20260410,+202000,2,+500,+0.25,525142,36839,53481,+16642,+57971,181716,263641,+81925,+286804,KRX
20260409,201500,3,0,0.00,1258361,121808,80479,--41329,--44237,605774,400895,--204879,--219059,KRX
20260408,+201500,2,+5600,+2.86,699966,51443,54351,+2908,+12626,255294,269474,+14180,+63824,KRX
20260407,-195900,5,-900,-0.46,668729,54547,44829,--9718,--14696,276449,226805,--49644,--74910,KRX
20260406,-196800,5,-700,-0.35,717180,43661,48639,+4978,--12103,222066,247332,+25266,--60936,KRX
20260403,+197500,2,+1700,+0.87,659137,41975,59056,+17081,+51507,212010,298212,+86202,+258504,KRX
20260402,-195800,5,-14200,-6.76,1464904,100695,66269,--34426,--32316,503327,331025,--172302,--162219,KRX
20260401,+210000,2,+8500,+4.22,575814,48562,46452,--2110,--12010,231953,221870,--10083,--59096,KRX
20260331,-201500,5,-5500,-2.66,890860,74659,84559,+9900,+10913,369674,418687,+49013,+54125,KRX
20260330,-207000,5,-5500,-2.59,379513,35080,34067,--1013,--5646,170062,164950,--5112,--27303,KRX
20260327,+212500,2,+1000,+0.47,439328,35937,40570,+4633,+1796,170661,192852,+22191,+9104,KRX
20260326,-211500,5,-4000,-1.86,414907,35965,38802,+2837,+7521,168672,181759,+13087,+34941,KRX
20260325,+215500,2,+2000,+0.94,465850,42249,37565,--4684,--7062,195703,173849,--21854,--32789,KRX
20260324,+213500,2,+4500,+2.15,468548,35714,38092,+2378,+22781,167801,178736,+10935,+107736,KRX
20260323,-209000,5,-12500,-5.64,692498,53014,32611,--20403,--4869,251429,154628,--96801,--26756,KRX
20260320,+221500,2,+1000,+0.45,673277,76709,61175,--15534,--6632,346057,276012,--70045,--29692,KRX
20260319,-220500,5,-6000,-2.65,474188,33413,24511,--8902,+15480,151320,110967,--40353,+67395,KRX
20260318,+226500,2,+2500,+1.12,687521,65496,41114,--24382,--47339,289245,181497,--107748,--210132,KRX
20260317,+224000,2,+6000,+2.75,614390,38536,61493,+22957,+51364,171855,274239,+102384,+232291,KRX
20260316,-218000,5,-5000,-2.24,531797,51529,23122,--28407,--48601,235756,105849,--129907,--220739,KRX
20260313,+223000,2,+1000,+0.45,706127,64282,84476,+20194,+47827,289306,380138,+90832,+215209,KRX
20260312,222000,3,0,0.00,700973,82451,54818,--27633,--20816,371090,246713,--124377,--94224,KRX
20260311,+222000,2,+1500,+0.68,757145,77702,70885,--6817,+54444,344045,313892,--30153,+246562,KRX
20260310,+220500,2,+2000,+0.92,935756,105815,44554,--61261,--100218,478539,201824,--276715,--459824,KRX
20260309,-218500,5,-4000,-1.80,940462,52473,91430,+38957,+27368,245476,428585,+183109,+130859,KRX
20260306,+222500,2,+2500,+1.14,1042652,72705,84294,+11589,+66507,328487,380737,+52250,+299533,KRX
20260305,+220000,2,+12000,+5.77,1671549,172306,117388,--54918,--84334,776892,529609,--247283,--385354,KRX
20260304,-208000,5,-28000,-11.86,2051989,148943,178359,+29416,+105858,685671,823742,+138071,+451016,KRX
20260303,-236000,5,-18500,-7.27,1507045,136745,60303,--76442,+3096,561913,248968,--312945,--3222,KRX
20260227,-254500,5,-6000,-2.30,1259511,167226,87688,--79538,--129069,652665,342942,--309723,--497943,KRX
20260226,+260500,2,+7500,+2.96,1890166,100183,149714,+49531,+83854,382658,570878,+188220,+323954,KRX
20260225,-253000,5,-2000,-0.78,937503,83436,49113,--34323,--6059,329591,193857,--135734,--24867,KRX
20260224,-255000,5,-500,-0.20,652490,73928,45664,--28264,--32918,289820,178953,--110867,--129034,KRX
20260223,+255500,2,+1000,+0.39,747019,51730,56384,+4654,+17893,201287,219454,+18167,+70412,KRX
20260220,+254500,2,+1500,+0.59,948594,87091,73852,--13239,+31402,339586,287341,--52245,+124160,KRX
20260219,+253000,2,+500,+0.20,806208,86507,41866,--44641,--28312,341794,165389,--176405,--111742,KRX
20260213,-252500,5,-3000,-1.17,820046,63538,47209,--16329,--5917,251433,186770,--64663,--25387,KRX
20260212,-255500,5,-2000,-0.78,1404228,106461,96049,--10412,+11943,413804,374528,--39276,+47899,KRX
20260211,+257500,2,+3500,+1.38,1133876,91049,68694,--22355,--7503,353890,266715,--87175,--28904,KRX
20260210,+254000,2,+4000,+1.60,1475536,100640,85788,--14852,+51778,394271,336000,--58271,+207882,KRX
20260209,+250000,2,+1000,+0.40,1426634,117225,50595,--66630,--6965,467442,201289,--266153,--24730,KRX
20260206,-249000,5,-8000,-3.11,1919017,149305,89640,--59665,--17648,603138,361715,--241423,--79378,KRX
20260205,-257000,5,-7500,-2.84,1551427,104023,62006,--42017,+9373,401360,239315,--162045,+33035,KRX
20260204,-264500,5,-4500,-1.67,1700411,106822,55432,--51390,+59320,404900,209820,--195080,+217751,KRX
20260203,+269000,2,+1000,+0.37,1894227,168541,57831,--110710,--198305,628415,215584,--412831,--737859,KRX
20260202,-268000,5,-7000,-2.55,1862631,81631,169226,+87595,+120085,300789,625817,+325028,+440475,KRX
20260130,-275000,5,-12000,-4.18,1819960,113482,80992,--32490,--108219,407588,292141,--115447,--382447,KRX
20260129,+287000,2,+9500,+3.42,2812259,115735,191464,+75729,+3153,408304,675304,+267000,+3843,KRX
20260128,-277500,5,-4000,-1.42,2822531,125825,198401,+72576,--51245,450171,713328,+263157,--173494,KRX
20260127,+281500,2,+9000,+3.30,4948006,159563,283384,+123821,+61575,562147,998798,+436651,+205274,KRX
20260126,+272500,2,+6500,+2.44,2706664,116775,179021,+62246,--142433,431111,662488,+231377,--549187,KRX
20260123,+266000,2,+20500,+8.35,5042292,125712,330391,+204679,+169902,480158,1260722,+780564,+638262,KRX
20260122,+245500,2,+7000,+2.94,1341056,68314,103091,+34777,+58470,278637,420939,+142302,+241319,KRX
20260121,-238500,5,-5500,-2.25,1022540,81633,57940,--23693,--44170,340972,241955,--99017,--183286,KRX
20260120,+244000,2,+6000,+2.52,1205903,49836,70313,+20477,+73879,205223,289492,+84269,+307804,KRX
20260119,-238000,5,-7500,-3.05,1689244,102395,48993,--53402,--30030,428267,204732,--223535,--128147,KRX
20260116,-245500,5,-2000,-0.81,1898586,123245,99873,--23372,--56039,502668,407280,--95388,--223080,KRX
20260115,-247500,5,-12000,-4.62,2397110,120464,153131,+32667,+75523,476951,604643,+127692,+293904,KRX
20260114,-259500,5,-5000,-1.89,1574617,124773,81917,--42856,--119582,480704,314492,--166212,--459169,KRX
20260113,+264500,2,+9000,+3.52,1671879,96886,173612,+76726,+59079,372486,665443,+292957,+224958,KRX
20260112,+255500,2,+1500,+0.59,1328415,62311,79958,+17647,--17965,246011,314010,+67999,--71945,KRX
20260109,+254000,2,+3000,+1.20,918991,47173,82785,+35612,+27741,185891,325835,+139944,+109387,KRX
20260108,-251000,5,-1500,-0.59,1311262,75996,83867,+7871,+55974,304074,334631,+30557,+222387,KRX
20260107,-252500,5,-7500,-2.88,1886634,145309,97206,--48103,--209690,577284,385454,--191830,--816321,KRX
20260106,+260000,2,+10500,+4.21,2462129,77400,238987,+161587,+134076,300916,925407,+624491,+514234,KRX
20260105,+249500,2,+2500,+1.01,1011640,65281,92792,+27511,--10768,261999,372256,+110257,--43500,KRX
20260102,+247000,2,+4500,+1.86,1362199,101883,140162,+38279,+10141,417105,570862,+153757,+37900,KRX
20251230,+242500,2,+500,+0.21,652269,37614,65752,+28138,--13322,155074,270931,+115857,--56413,KRX
20251229,+242000,2,+10500,+4.54,1067392,57418,98878,+41460,+34650,240448,412718,+172270,+142632,KRX
20251226,-231500,5,-5000,-2.11,738058,27950,34760,+6810,--21887,119711,149349,+29638,--91854,KRX
20251224,-236500,5,-500,-0.21,640875,34602,63299,+28697,+38352,146807,268299,+121492,+162408,KRX
20251223,-237000,5,-1000,-0.42,689469,64608,54953,--9655,--8327,273086,232170,--40916,--35332,KRX
20251222,+238000,2,+2500,+1.06,610805,53598,52270,--1328,--36721,225682,220098,--5584,--156185,KRX
20251219,+235500,2,+5000,+2.17,1487738,181518,216911,+35393,+16843,772677,923278,+150601,+70084,KRX
20251218,-230500,5,-500,-0.22,744015,40528,59078,+18550,+680,175833,256350,+80517,+3010,KRX
20251217,-231000,5,-500,-0.22,769339,45438,63308,+17870,--11930,196789,274296,+77507,--51613,KRX
20251216,-231500,5,-9000,-3.74,1520556,64952,94752,+29800,+29971,277697,406817,+129120,+130024,KRX
20251215,-240500,5,-4000,-1.64,522965,39643,39472,--171,--17395,164204,163300,--904,--71455,KRX
20251212,+244500,2,+1000,+0.41,485052,38444,55668,+17224,--5463,157826,228377,+70551,--22732,KRX
20251211,-243500,5,-1000,-0.41,1056918,88834,111521,+22687,+51932,364880,458163,+93283,+212390,KRX
20251210,-244500,5,-3500,-1.41,654772,58186,28941,--29245,--34185,237308,118201,--119107,--139042,KRX
20251209,-248000,5,-1000,-0.40,497708,44645,49585,+4940,+8509,180444,200379,+19935,+34379,KRX
20251208,-249000,5,-500,-0.20,466382,33816,30247,--3569,--18987,136139,121695,--14444,--76492,KRX
20251205,+249500,2,+2500,+1.01,575298,32980,48398,+15418,+6193,132903,194951,+62048,+24737,KRX
20251204,+247000,2,+500,+0.20,487370,34484,43709,+9225,+9553,140082,177393,+37311,+38779,KRX
20251203,+246500,2,+3500,+1.44,630018,41210,40882,--328,+19860,166944,165476,--1468,+81564,KRX
20251202,243000,3,0,0.00,618439,49029,28841,--20188,--3188,201695,118663,--83032,--13513,KRX
20251201,-243000,5,-1000,-0.41,666662,55313,38313,--17000,+73233,226542,157023,--69519,+296384,KRX
20251128,-244000,5,-7500,-2.98,1580887,150241,60008,--90233,--6510,610065,244162,--365903,--37313,KRX
20251127,-251500,5,-12000,-4.55,2028550,156594,72871,--83723,--114525,613886,285296,--328590,--447283,KRX
20251126,+263500,2,+10500,+4.15,944519,53284,84086,+30802,+64273,205958,324651,+118693,+248928,KRX
20251125,-253000,5,-8000,-3.07,1218659,97819,64348,--33471,+10446,383135,252900,--130235,+37809,KRX
20251124,-261000,5,-1500,-0.57,1673646,216439,172522,--43917,--60238,824257,656213,--168044,--231487,KRX
20251121,+262500,2,+5500,+2.14,1278706,90498,106819,+16321,+12193,347978,411421,+63443,+47896,KRX
20251120,+257000,2,+8500,+3.42,970537,96997,101125,+4128,--8013,374986,390533,+15547,--33583,KRX
20251119,-248500,5,-500,-0.20,570754,37883,50024,+12141,--15882,152828,201958,+49130,--61842,KRX
20251118,-249000,5,-6000,-2.35,959645,59868,87891,+28023,+22861,236753,347725,+110972,+90729,KRX
20251117,+255000,2,+1500,+0.59,507818,38815,43977,+5162,+21102,151972,172215,+20243,+82023,KRX
20251114,-253500,5,-12000,-4.52,923411,69814,53874,--15940,--4657,272039,210259,--61780,--18408,KRX
20251113,+265500,2,+2000,+0.76,724253,73946,62663,--11283,--266,280596,237224,--43372,--1584,KRX
20251112,+263500,2,+500,+0.19,600486,53161,42144,--11017,--39637,201579,159791,--41788,--148666,KRX
20251111,+263000,2,+3000,+1.15,1341337,54439,83059,+28620,+61276,205242,312120,+106878,+232134,KRX
20251110,260000,3,0,0.00,974635,66957,34301,--32656,--57095,256866,131610,--125256,--219858,KRX
20251107,-260000,5,-4000,-1.52,1648859,101159,125598,+24439,+134305,386227,480829,+94602,+502855,KRX
20251106,-264000,5,-14500,-5.21,2287056,214815,104949,--109866,--54105,797474,389221,--408253,--202066,KRX
20251105,+278500,2,+11500,+4.31,3470467,231336,175575,--55761,--8730,862309,656122,--206187,--30990,KRX
20251104,-267000,5,-7500,-2.73,1325780,96601,49570,--47031,+82394,359305,184108,--175197,+288738,KRX
20251103,+274500,2,+7000,+2.62,2760215,231075,101650,--129425,--198830,828750,364815,--463935,--722479,KRX
20251031,+267500,2,+12000,+4.70,2861914,172626,242031,+69405,+125644,647763,906307,+258544,+475633,KRX
20251030,-255500,5,-9500,-3.58,1393179,116052,59813,--56239,--116234,448889,231800,--217089,--442153,KRX
20251029,+265000,2,+12000,+4.74,2466385,110834,170829,+59995,+65168,421383,646447,+225064,+245778,KRX
20251028,+253000,2,+2000,+0.80,908952,66216,61043,--5173,--28925,262406,241692,--20714,--115654,KRX
20251027,+251000,2,+4000,+1.62,1317125,61088,84840,+23752,+24640,246115,341055,+94940,+98384,KRX
20251024,+247000,2,+4500,+1.86,1005395,61585,60697,--888,+102425,250382,246938,--3444,+415115,KRX
20251023,-242500,5,-13000,-5.09,2033710,141882,38569,--103313,--79673,575095,156536,--418559,--326260,KRX
20251022,+255500,2,+1000,+0.39,1076507,74483,50843,--23640,+56743,294390,202091,--92299,+220145,KRX
20251021,-254500,5,-3500,-1.36,1321294,129054,48671,--80383,--52895,502312,189868,--312444,--205094,KRX
20251020,+258000,2,+2500,+0.98,1527621,101319,73831,--27488,+43234,395272,287922,--107350,+168337,KRX
20251017,-255500,5,-5000,-1.92,1478832,126759,56037,--70722,+38027,494379,218692,--275687,+139686,KRX
20251016,+260500,2,+2000,+0.77,2154638,177410,68661,--108749,--24109,677071,261698,--415373,--87847,KRX
20251015,+258500,2,+500,+0.19,1438737,122049,37409,--84640,+10491,472250,144724,--327526,+34250,KRX
20251014,-258000,5,-4500,-1.71,2072061,190736,95605,--95131,--9257,726465,364689,--361776,--35136,KRX
20251013,-262500,5,-5000,-1.87,1454859,160282,74408,--85874,+94374,610421,283781,--326640,+352419,KRX
20251010,+267500,2,+14500,+5.73,3490894,322261,142013,--180248,--141382,1212826,533767,--679059,--527887,KRX
20251002,-253000,5,-1500,-0.59,2205648,177264,138398,--38866,--1635,696746,545574,--151172,--5234,KRX
20251001,-254500,5,-14000,-5.21,3385774,172753,135522,--37231,--9508,670561,524623,--145938,--45092,KRX
20250930,-268500,5,-6000,-2.19,2764865,200539,172816,--27723,--61350,739442,638596,--100846,--221670,KRX
20250929,+274500,2,+18000,+7.02,3486022,229501,263128,+33627,+46985,837899,958723,+120824,+173327,KRX
20250926,+256500,2,+2500,+0.98,4597910,340291,326933,--13358,--32395,1324869,1272366,--52503,--132576,KRX
20250925,+254000,2,+26000,+11.40,8314576,462646,481683,+19037,+16869,1868729,1948802,+80073,+70361,KRX
20250924,-228000,5,-3000,-1.30,982181,68979,71147,+2168,--11704,303054,312766,+9712,--50186,KRX
20250923,-231000,5,-1000,-0.43,735957,48416,62288,+13872,+17895,208526,268424,+59898,+77306,KRX
20250922,-232000,5,-2000,-0.85,1004689,98890,94867,--4023,+95026,426604,409196,--17408,+402368,KRX
20250919,-234000,5,-4500,-1.89,1585243,255657,156608,--99049,--132957,1085213,665437,--419776,--563230,KRX
20250918,+238500,2,+5000,+2.14,1004507,53404,87312,+33908,--10141,225954,369408,+143454,--45502,KRX
20250917,-233500,5,-1500,-0.64,2083776,28974,73023,+44049,+82114,124517,313473,+188956,+350158,KRX
20250916,+235000,2,+1000,+0.43,923864,78165,40100,--38065,--31797,330580,169378,--161202,--134474,KRX
20250915,-234000,5,-2000,-0.85,710904,52591,46323,--6268,--7248,225010,198282,--26728,--30784,KRX
20250912,+236000,2,+3000,+1.29,1191699,61468,62448,+980,+1073,260457,264513,+4056,+4709,KRX
20250911,-233000,5,-500,-0.21,808213,72144,72051,--93,+4174,309015,308362,--653,+18299,KRX
20250910,+233500,2,+2500,+1.08,915806,79454,75187,--4267,--17388,341759,322807,--18952,--75883,KRX
20250909,+231000,2,+3000,+1.32,929473,53783,66904,+13121,+12344,234403,291334,+56931,+53651,KRX
20250908,-228000,5,-1000,-0.44,716688,63165,63942,+777,+13210,277649,280929,+3280,+58029,KRX
20250905,+229000,2,+2000,+0.88,941824,62246,49813,--12433,--5401,272431,217682,--54749,--23429,KRX
20250904,+227000,2,+6000,+2.71,971838,66862,59830,--7032,+48763,295113,263793,--31320,+220488,KRX
20250903,-221000,5,-4000,-1.78,711207,88988,33193,--55795,--58029,401629,149821,--251808,--262499,KRX
20250902,+225000,2,+9500,+4.41,1790972,105636,107870,+2234,+18526,468393,479084,+10691,+86433,KRX
20250901,+215500,2,+1000,+0.47,634984,59886,43594,--16292,+2461,279206,203464,--75742,+11012,KRX
20250829,-214500,5,-3000,-1.38,750586,76539,57786,--18753,--12817,355732,268978,--86754,--58970,KRX
20250828,-217500,5,-500,-0.23,663919,69453,63517,--5936,+9619,320787,293003,--27784,+43099,KRX
20250827,-218000,5,-3000,-1.36,691579,59379,43824,--15555,+6998,271996,201113,--70883,+30909,KRX
20250826,-221000,5,-4500,-2.00,685341,80821,58268,--22553,--35099,364298,262506,--101792,--157546,KRX
20250825,+225500,2,+3500,+1.58,564999,24940,37486,+12546,+14970,111506,167260,+55754,+67209,KRX
20250822,-222000,5,-1000,-0.45,543978,27368,24944,--2424,--25989,122587,111132,--11455,--116495,KRX
20250821,+223000,2,+1500,+0.68,463923,21444,45009,+23565,+29740,95636,200676,+105040,+133196,KRX
20250820,-221500,5,-4000,-1.77,507825,34075,27900,--6175,--9106,154276,126120,--28156,--41208,KRX
20250819,-225500,5,-500,-0.22,419214,27043,29974,+2931,--717,119738,132790,+13052,--3070,KRX
20250818,+226000,2,+1500,+0.67,479724,40602,44250,+3648,+22959,179568,195690,+16122,+102369,KRX
20250814,-224500,5,-500,-0.22,1165222,74515,55204,--19311,--32829,329641,243394,--86247,--146339,KRX
20250813,+225000,2,+2000,+0.90,1017399,51036,64554,+13518,+21776,228091,288183,+60092,+97563,KRX
20250812,223000,3,0,0.00,743541,67109,58851,--8258,+90134,298923,261452,--37471,+400402,KRX
20250811,-223000,5,-6500,-2.83,1264837,147394,49002,--98392,+72294,656301,218428,--437873,+292671,KRX
20250808,-229500,5,-6000,-2.55,1638049,201035,30349,--170686,--117630,860863,130319,--730544,--501570,KRX
20250807,+235500,2,+7000,+3.06,1019496,119898,66842,--53056,+38845,516417,287443,--228974,+173625,KRX
20250806,-228500,5,-3500,-1.51,1076418,134677,42776,--91901,--76700,589902,187303,--402599,--337294,KRX
20250805,-232000,5,-500,-0.22,683813,69489,54288,--15201,+9309,299031,233726,--65305,+38952,KRX
20250804,+232500,2,+7500,+3.33,1276649,100713,76203,--24510,--24674,432104,327847,--104257,--105367,KRX
20250801,-225000,5,-10000,-4.26,827729,50100,50264,+164,+4063,220733,221843,+1110,+17784,KRX
20250731,+235000,2,+1000,+0.43,521064,37707,33808,--3899,--270,160955,144281,--16674,--1566,KRX
20250730,+234000,2,+1000,+0.43,768748,54478,50849,--3629,+15939,231023,215915,--15108,+68060,KRX
20250729,-233000,5,-2500,-1.06,928345,69906,50338,--19568,+6092,298294,215126,--83168,+26279,KRX
20250728,+235500,2,+1000,+0.43,600063,55818,30158,--25660,+18836,237752,128305,--109447,+80355,KRX
20250725,+234500,2,+7500,+3.30,1202489,109772,65276,--44496,--46538,474615,284813,--189802,--199331,KRX
20250724,-227000,5,-4500,-1.94,1177878,69188,71230,+2042,--15855,302196,311725,+9529,--67664,KRX
20250723,-231500,5,-3500,-1.49,719824,30059,47956,+17897,+5812,129415,206608,+77193,+25475,KRX
20250722,-235000,5,-5000,-2.08,930384,53561,65646,+12085,+7238,226021,277739,+51718,+31704,KRX
20250721,-240000,5,-2000,-0.83,674282,48596,53443,+4847,+6994,201300,221314,+20014,+28919,KRX
20250718,-242000,5,-1500,-0.62,703602,67520,65373,--2147,+51696,278952,270047,--8905,+207602,KRX
20250717,-243500,5,-6500,-2.60,1262077,99722,45879,--53843,--32631,403807,187300,--216507,--132009,KRX
20250716,+250000,2,+500,+0.20,785410,50242,29030,--21212,--1052,200075,115577,--84498,--3700,KRX
20250715,+249500,2,+500,+0.20,791762,74831,54671,--20160,+7321,299921,219123,--80798,+29518,KRX
20250714,-249000,5,-4000,-1.58,1205192,89002,61521,--27481,+43822,358243,247927,--110316,+167909,KRX
20250711,-253000,5,-6500,-2.50,1249355,108300,36997,--71303,--29890,423208,144983,--278225,--117471,KRX
20250710,+259500,2,+5500,+2.17,1754234,155833,114420,--41413,--11339,603351,442597,--160754,--42255,KRX
20250709,-254000,5,-4000,-1.55,952460,87238,57164,--30074,+3778,343780,225281,--118499,+12869,KRX
20250708,+258000,2,+2000,+0.78,903743,82939,49087,--33852,--23547,321905,190537,--131368,--91569,KRX
20250707,+256000,2,+7000,+2.81,1175356,74083,63778,--10305,--13527,288400,248601,--39799,--53114,KRX
20250704,-249000,5,-4000,-1.58,874760,53826,57048,+3222,+22535,214466,227781,+13315,+88051,KRX
20250703,+253000,2,+1000,+0.40,1207730,98732,79419,--19313,--45596,388383,313647,--74736,--181019,KRX
20250702,-252000,5,-10000,-3.82,1870730,131569,157852,+26283,+72810,517733,624016,+106283,+281663,KRX
20250701,-262000,5,-500,-0.19,1791173,177473,130946,--46527,--63089,671784,496404,--175380,--240499,KRX
20250630,+262500,2,+5000,+1.94,2219752,143018,159580,+16562,+67178,545942,611061,+65119,+259205,KRX
20250627,-257500,5,-3500,-1.34,2316733,243116,192500,--50616,--107219,943452,749366,--194086,--409360,KRX
20250626,-261000,5,-22500,-7.94,4314779,257753,314356,+56603,+118136,980952,1196226,+215274,+433689,KRX
20250625,-283500,5,-7000,-2.41,2862461,269645,208112,--61533,+175285,955872,737457,--218415,+607921,KRX
20250624,+290500,2,+500,+0.17,4326501,412092,175274,--236818,--82932,1436031,609695,--826336,--276128,KRX
20250623,+290000,2,+20500,+7.61,5050411,391635,237749,--153886,--240876,1389198,838990,--550208,--885335,KRX
20250620,+269500,2,+17500,+6.94,4889308,452262,539252,+86990,+62880,1713961,2049088,+335127,+236328,KRX
20250619,+252000,2,+8500,+3.49,3810468,260969,285079,+24110,--217819,1029079,1127878,+98799,--957376,KRX
20250618,+243500,2,+37000,+17.92,5706879,152117,394046,+241929,+249626,654247,1710422,+1056175,+1092922,KRX
20250617,-206500,5,-3000,-1.43,837169,63332,55635,--7697,+46442,303287,266540,--36747,+226543,KRX
20250616,+209500,2,+9000,+4.49,1159906,87717,33578,--54139,--14937,425042,161752,--263290,--66943,KRX
20250613,+200500,2,+1600,+0.80,1050533,78256,39054,--39202,--48464,390473,194126,--196347,--242648,KRX
20250612,-198900,5,-2100,-1.04,624703,55304,64566,+9262,+1111,277468,323769,+46301,+5765,KRX
20250611,+201000,2,+1000,+0.50,512085,31295,39446,+8151,--7385,155920,196456,+40536,--37206,KRX
20250610,+200000,2,+1500,+0.76,911907,44443,59979,+15536,+3052,222414,300156,+77742,+13981,KRX
20250609,+198500,2,+7300,+3.82,1407038,65851,78335,+12484,--44615,334046,397807,+63761,--236800,KRX
20250605,+191200,2,+5700,+3.07,911249,27392,84491,+57099,+69125,143896,444457,+300561,+365237,KRX
20250604,-185500,5,-1000,-0.54,817069,64539,52513,--12026,--8030,345895,281219,--64676,--43257,KRX
20250602,-186500,5,-1000,-0.53,408085,30172,26176,--3996,--4124,161452,140033,--21419,--21825,KRX
20250530,-187500,5,-1800,-0.95,989028,122242,122370,+128,+7200,652861,653267,+406,+37999,KRX
20250529,+189300,2,+1600,+0.85,649059,63021,55949,--7072,--30579,333507,295914,--37593,--162836,KRX
20250528,+187700,2,+3900,+2.12,727369,31697,55204,+23507,+58572,168780,294023,+125243,+316139,KRX
20250527,-183800,5,-4200,-2.23,668670,61898,26833,--35065,--44074,336826,145930,--190896,--239185,KRX
20250526,+188000,2,+4900,+2.68,472314,27896,36905,+9009,--3334,150468,198757,+48289,--18960,KRX
20250523,-183100,5,-100,-0.05,257074,12651,24994,+12343,--11383,68891,136140,+67249,--62532,KRX
20250522,-183200,5,-1600,-0.87,469433,16826,40552,+23726,+16339,91982,221763,+129781,+89896,KRX
20250521,-184800,5,-200,-0.11,382117,17455,24842,+7387,+13701,94253,134138,+39885,+74015,KRX
20250520,-185000,5,-400,-0.22,293512,27945,21631,--6314,--3405,151088,116958,--34130,--18448,KRX
20250519,-185400,5,-2400,-1.28,262018,20389,17480,--2909,+6874,109858,94176,--15682,+36371,KRX
20250516,-187800,5,-1400,-0.74,285272,27217,17434,--9783,--21904,144790,92737,--52053,--116015,KRX
20250515,-189200,5,-2000,-1.05,355097,25843,37964,+12121,--1935,136514,200476,+63962,--9758,KRX
20250514,+191200,2,+3000,+1.59,363846,18190,32246,+14056,+10596,95410,169130,+73720,+55477,KRX
20250513,-188200,5,-2000,-1.05,680047,51811,55271,+3460,+10853,274500,292743,+18243,+57266,KRX
20250512,-190200,5,-800,-0.42,437578,37538,30145,--7393,--25294,196363,157340,--39023,--132686,KRX
20250509,+191000,2,+2300,+1.22,558440,36455,54356,+17901,+47556,191184,284847,+93663,+249822,KRX
20250508,-188700,5,-10400,-5.22,1199556,92783,63128,--29655,--59416,489346,333187,--156159,--305174,KRX
20250507,+199100,2,+1700,+0.86,622014,43422,73183,+29761,+32563,217798,366813,+149015,+163175,KRX
20250502,-197400,5,-3100,-1.55,280801,26153,23351,--2802,--27430,131975,117815,--14160,--137660,KRX
20250430,+200500,2,+4000,+2.04,523186,35668,60296,+24628,+19504,178778,302278,+123500,+97486,KRX
20250429,+196500,2,+1000,+0.51,325432,26636,31760,+5124,--816,135671,161685,+26014,--4382,KRX
20250428,+195500,2,+2000,+1.03,313415,23182,29122,+5940,+1199,118706,149102,+30396,+5873,KRX
20250425,+193500,2,+2000,+1.04,391764,32179,36920,+4741,--2765,166317,190840,+24523,--14626,KRX
20250424,-191500,5,-1400,-0.73,417055,34808,42314,+7506,+23092,181818,220967,+39149,+119336,KRX
20250423,-192900,5,-800,-0.41,391879,42455,26869,--15586,--15393,218719,138532,--80187,--79250,KRX
20250422,+193700,2,+6200,+3.31,645159,48337,48144,--193,+9264,249770,248833,--937,+49265,KRX
20250421,187500,3,0,0.00,246628,19723,10266,--9457,--7344,104623,54421,--50202,--38741,KRX
20250418,+187500,2,+3900,+2.12,287707,15161,13048,--2113,+1743,81418,69957,--11461,+9545,KRX
20250417,-183600,5,-800,-0.43,237641,21979,18123,--3856,--15673,119725,98719,--21006,--84699,KRX
20250416,+184400,2,+500,+0.27,427131,36966,48783,+11817,+10170,199812,263505,+63693,+54899,KRX
20250415,+183900,2,+1200,+0.66,345595,20684,22331,+1647,+1768,112243,121037,+8794,+9500,KRX
20250414,-182700,5,-300,-0.16,391419,32109,31988,--121,--10653,175062,174356,--706,--58434,KRX
20250411,-183000,5,-900,-0.49,569473,45122,55654,+10532,--4635,247452,305180,+57728,--24871,KRX
20250410,+183900,2,+7000,+3.96,656557,44697,59864,+15167,--7434,244947,327546,+82599,--44404,KRX
20250409,-176900,5,-2700,-1.50,621304,39266,61867,+22601,+77346,220531,347534,+127003,+425370,KRX
20250408,-179600,5,-12200,-6.36,1366603,103652,48907,--54745,--50776,566372,268005,--298367,--277340,KRX
20250407,-191800,5,-6000,-3.03,597627,37070,33101,--3969,--980,193256,172229,--21027,--5933,KRX
20250404,-197800,5,-800,-0.40,672143,50645,47656,--2989,--9564,256123,241029,--15094,--48633,KRX
20250403,+198600,2,+3000,+1.53,577896,35087,41662,+6575,+9347,178081,211620,+33539,+47683,KRX
20250402,-195600,5,-1100,-0.56,461848,27951,25179,--2772,--16403,142835,128691,--14144,--83883,KRX
20250401,+196700,2,+5700,+2.98,485068,35137,48768,+13631,+8707,178976,248715,+69739,+43888,KRX
20250331,-191000,5,-3700,-1.90,668750,59779,64703,+4924,--3037,313349,339200,+25851,--15153,KRX
20250328,-194700,5,-3100,-1.57,700564,60512,68473,+7961,+9192,310335,351339,+41004,+46581,KRX
20250327,-197800,5,-6200,-3.04,1501086,110437,109206,--1231,+25303,557242,551665,--5577,+123384,KRX
20250326,-204000,5,-3500,-1.69,790441,80884,54350,--26534,--31465,394110,265149,--128961,--152629,KRX
20250325,+207500,2,+500,+0.24,365297,36436,41367,+4931,+12953,175452,199120,+23668,+62332,KRX
20250324,-207000,5,-2500,-1.19,354434,33494,25472,--8022,--29271,161146,122482,--38664,--140364,KRX
20250321,+209500,2,+1500,+0.72,685909,55042,76291,+21249,+2148,263399,365099,+101700,+10048,KRX
20250320,208000,3,0,0.00,593445,38477,57578,+19101,+21769,184667,276319,+91652,+104368,KRX
20250319,-208000,5,-1000,-0.48,710932,63588,60920,--2668,--26640,304637,291921,--12716,--126547,KRX
20250318,-209000,5,-2000,-0.95,669726,27573,51545,+23972,+18580,130915,244746,+113831,+88169,KRX
20250317,+211000,2,+3000,+1.44,481843,38667,44059,+5392,+30210,184032,209694,+25662,+143693,KRX
20250314,-208000,5,-8000,-3.70,519114,43132,18314,--24818,--17722,205225,87194,--118031,--85232,KRX
20250313,+216000,2,+2000,+0.93,622944,63390,56294,--7096,--9531,293866,261067,--32799,--44104,KRX
20250312,+214000,2,+1500,+0.71,409913,38902,41337,+2435,--10016,181935,193240,+11305,--48151,KRX
20250311,-212500,5,-2500,-1.16,586599,48089,60540,+12451,+11216,227986,287442,+59456,+53729,KRX
20250310,+215000,2,+2000,+0.94,542653,62162,63397,+1235,+17415,289552,295279,+5727,+80994,KRX
20250307,-213000,5,-6000,-2.74,630434,64963,48783,--16180,--51870,302602,227335,--75267,--239565,KRX
20250306,+219000,2,+11500,+5.54,998317,51731,87421,+35690,+17557,239222,403520,+164298,+78066,KRX
20250305,+207500,2,+2000,+0.97,761832,36881,55014,+18133,+8617,177318,263550,+86232,+39997,KRX
20250304,-205500,5,-1500,-0.72,673266,40191,49707,+9516,+5732,195002,241237,+46235,+28012,KRX
20250228,-207000,5,-12000,-5.48,1660981,134236,138020,+3784,+63686,642125,660348,+18223,+285565,KRX
20250227,-219000,5,-12500,-5.40,1125911,86563,26661,--59902,--72473,387504,120162,--267342,--322129,KRX
20250226,+231500,2,+3000,+1.31,708250,40833,53404,+12571,--4862,177227,232014,+54787,--21815,KRX
20250225,+228500,2,+500,+0.22,622624,40604,58037,+17433,+13363,178779,255381,+76602,+58710,KRX
20250224,+228000,2,+1500,+0.66,526842,26380,30450,+4070,--948,116367,134259,+17892,--4813,KRX
20250221,+226500,2,+5000,+2.26,821558,47750,52768,+5018,+4507,211474,234179,+22705,+20360,KRX
20250220,-221500,5,-500,-0.23,614258,41516,42027,+511,+12385,187636,189981,+2345,+55934,KRX
20250219,-222000,5,-500,-0.22,569222,35904,24030,--11874,--31320,161481,107892,--53589,--141518,KRX
20250218,+222500,2,+1500,+0.68,630070,32622,52068,+19446,+31992,147328,235257,+87929,+144863,KRX
20250217,221000,3,0,0.00,615576,38851,26305,--12546,--20378,175679,118745,--56934,--92324,KRX
20250214,+221000,2,+1000,+0.45,574538,30129,37961,+7832,+3509,135957,171347,+35390,+15366,KRX
20250213,-220000,5,-5000,-2.22,1028493,64345,68668,+4323,--11478,291597,311621,+20024,--50920,KRX
20250212,-225000,5,-3500,-1.53,945298,33764,49565,+15801,--5174,149916,220860,+70944,--20509,KRX
20250211,+228500,2,+1000,+0.44,808905,37826,58801,+20975,+37514,165577,257030,+91453,+164144,KRX
20250210,+227500,2,+2000,+0.89,1234703,70479,53940,--16539,--6956,307887,235196,--72691,--28412,KRX
20250207,-225500,5,-6500,-2.80,1908836,100648,91065,--9583,+69292,441229,396950,--44279,+303296,KRX
20250206,+232000,2,+3000,+1.31,1718369,155206,76331,--78875,--175055,682796,335221,--347575,--770788,KRX
20250205,+229000,2,+10500,+4.81,2336982,56630,152810,+96180,+58452,248228,671441,+423213,+252419,KRX
20250204,+218500,2,+1500,+0.69,1432688,54065,91793,+37728,+79971,245875,416669,+170794,+366221,KRX
20250203,+217000,2,+500,+0.23,1410072,95061,52818,--42243,--127981,439495,244068,--195427,--594880,KRX
20250131,+216500,2,+12500,+6.13,1964710,72855,158593,+85738,+87028,337580,737033,+399453,+406017,KRX
20250124,-204000,5,-500,-0.24,419464,26192,24902,--1290,--3004,127802,121238,--6564,--14683,KRX
20250123,+204500,2,+500,+0.25,487301,25813,27527,+1714,--3235,125614,133733,+8119,--14753,KRX
20250122,-204000,5,-500,-0.24,555170,30536,35485,+4949,+3944,148533,171405,+22872,+18134,KRX
20250121,-204500,5,-500,-0.24,357682,20712,21717,+1005,--1956,101197,105935,+4738,--9691,KRX
20250120,-205000,5,-4000,-1.91,398841,14706,17667,+2961,--14285,71402,85831,+14429,--68402,KRX
20250117,+209000,2,+2500,+1.21,701799,46544,63790,+17246,+14046,223824,306655,+82831,+67424,KRX
20250116,206500,3,0,0.00,642605,50934,54134,+3200,--25997,246466,261873,+15407,--126781,KRX
20250115,+206500,2,+4500,+2.23,678808,48412,77609,+29197,+4549,236424,378612,+142188,+20851,KRX
20250114,-202000,5,-2000,-0.98,499095,31731,56379,+24648,+24392,156309,277646,+121337,+119783,KRX
20250113,+204000,2,+2000,+0.99,543782,36785,37041,+256,--6495,181423,182977,+1554,--31670,KRX
20250110,-202000,5,-500,-0.25,441863,29430,36181,+6751,+4308,145307,178531,+33224,+21346,KRX
20250109,-202500,5,-4500,-2.17,777551,44183,46626,+2443,+1423,217594,229472,+11878,+6954,KRX
20250108,-207000,5,-1000,-0.48,523637,38040,39060,+1020,--6417,183390,188314,+4924,--30632,KRX
20250107,-208000,5,-500,-0.24,603701,34708,42145,+7437,--2695,166207,201763,+35556,--13224,KRX
20250106,+208500,2,+8000,+3.99,770359,39564,49696,+10132,+6176,191207,239987,+48780,+28184,KRX
20250103,+200500,2,+6700,+3.46,798480,46074,50030,+3956,+16881,230346,250942,+20596,+86612,KRX
20250102,-193800,5,-5100,-2.56,698458,37316,24391,--12925,--31901,191346,125330,--66016,--161014,KRX
20241230,+198900,2,+1200,+0.61,577293,32695,51671,+18976,--6929,164206,259204,+94998,--35688,KRX
20241227,-197700,5,-2200,-1.10,689235,22831,48736,+25905,+15778,115165,245851,+130686,+80036,KRX
20241226,-199900,5,-2600,-1.28,645976,19422,29549,+10127,+16320,96796,147446,+50650,+81371,KRX
20241224,+202500,2,+1500,+0.75,557658,21702,15509,--6193,--13034,107310,76589,--30721,--65490,KRX
20241223,-201000,5,-9000,-4.29,1169871,51131,57972,+6841,+9697,251776,286545,+34769,+48396,KRX
20241220,+210000,2,+500,+0.24,775746,63397,60541,--2856,+13599,301388,287761,--13627,+64795,KRX
20241219,-209500,5,-3000,-1.41,640399,48043,31588,--16455,--39896,229014,150592,--78422,--188487,KRX
20241218,+212500,2,+3000,+1.43,663879,33611,57052,+23441,+7917,157969,268034,+110065,+36492,KRX
20241217,-209500,5,-4500,-2.10,895923,55556,71080,+15524,+35952,262658,336231,+73573,+169135,KRX
20241216,+214000,2,+4000,+1.90,945545,59945,39517,--20428,--39410,279911,184349,--95562,--186307,KRX
20241213,+210000,2,+2000,+0.96,1102386,59869,78851,+18982,+72363,285744,376489,+90745,+343779,KRX
20241212,-208000,5,-10000,-4.59,2167932,139557,86176,--53381,--102841,663883,410849,--253034,--482668,KRX
20241211,+218000,2,+9000,+4.31,1547595,89806,139266,+49460,+23067,417156,646790,+229634,+102076,KRX
20241210,+209000,2,+7500,+3.72,905766,50887,77280,+26393,--17317,245228,372786,+127558,--88848,KRX
20241209,-201500,5,-3000,-1.47,1206493,71503,115213,+43710,--19466,353741,570147,+216406,--95827,KRX
20241206,+204500,2,+500,+0.25,1336764,53140,116316,+63176,+44292,261262,573495,+312233,+220655,KRX
20241205,+204000,2,+1500,+0.74,1438398,53931,72815,+18884,--13401,262767,354345,+91578,--67506,KRX
20241204,-202500,5,-6500,-3.11,1758995,50693,82978,+32285,+12336,248491,407575,+159084,+63557,KRX
20241203,+209000,2,+5500,+2.70,1101247,42011,61960,+19949,+7963,201610,297137,+95527,+37413,KRX
20241202,-203500,5,-3000,-1.45,1220401,50057,62043,+11986,+2491,241584,299698,+58114,+11322,KRX
20241129,+206500,2,+2000,+0.98,1243799,64851,74346,+9495,+22373,314845,361637,+46792,+108982,KRX
20241128,+204500,2,+1500,+0.74,1341153,61112,48234,--12878,--28477,298060,235870,--62190,--140142,KRX
20241127,+203000,2,+7400,+3.78,2305266,81879,97478,+15599,+7052,405872,483824,+77952,+34049,KRX
20241126,+195600,2,+2400,+1.24,995917,32928,41475,+8547,--18910,169158,213061,+43903,--99467,KRX
20241125,+193200,2,+3200,+1.68,2335917,315401,342858,+27457,+22994,1636580,1779950,+143370,+119992,KRX
20241122,+190000,2,+300,+0.16,759493,42910,47373,+4463,--2449,226426,249804,+23378,--12769,KRX
20241121,-189700,5,-3400,-1.76,887174,42971,49883,+6912,+15241,225960,262107,+36147,+79347,KRX
20241120,+193100,2,+100,+0.05,693589,45489,37160,--8329,--48968,235647,192447,--43200,--254021,KRX
20241119,+193000,2,+2200,+1.15,964416,50747,91386,+40639,+13026,263341,474162,+210821,+65709,KRX
20241118,+190800,2,+800,+0.42,760104,30890,58503,+27613,+361,162048,307160,+145112,+1775,KRX
20241115,+190000,2,+1500,+0.80,1153043,46736,73988,+27252,--43599,246274,389611,+143337,--232526,KRX
20241114,+188500,2,+6300,+3.46,2172828,68497,139348,+70851,+47179,364563,740426,+375863,+246243,KRX
20241113,+182200,2,+800,+0.44,1224589,54186,77858,+23672,--42486,297996,427616,+129620,--235735,KRX
20241112,+181400,2,+5400,+3.07,1708052,40697,106855,+66158,+48317,224870,590225,+365355,+263603,KRX
20241111,+176000,2,+1400,+0.80,654961,18106,35947,+17841,+43362,103557,205309,+101752,+245948,KRX
20241108,-174600,5,-5100,-2.84,1233287,59295,33774,--25521,--46473,334895,190699,--144196,--261781,KRX
20241107,+179700,2,+3400,+1.93,675120,24311,45263,+20952,+8960,136717,254302,+117585,+49407,KRX
20241106,-176300,5,-200,-0.11,432475,16616,28608,+11992,--913,94400,162578,+68178,--5066,KRX
20241105,+176500,2,+800,+0.46,346402,10806,23711,+12905,--40304,61523,134767,+73244,--231200,KRX
20241104,+175700,2,+6000,+3.54,697688,18642,71851,+53209,+51726,106650,411094,+304444,+295737,KRX
20241101,-169700,5,-300,-0.18,244187,16623,18106,+1483,+18163,97851,106558,+8707,+106277,KRX
20241031,-170000,5,-4400,-2.52,485411,50702,34022,--16680,--52365,296459,198889,--97570,--303068,KRX
20241030,+174400,2,+5200,+3.07,716996,20957,56642,+35685,+22487,120509,326007,+205498,+127548,KRX
20241029,-169200,5,-1200,-0.70,352478,9824,23022,+13198,--1305,58236,136186,+77950,--7436,KRX
20241028,+170400,2,+2600,+1.55,319943,12620,27123,+14503,+20953,74205,159591,+85386,+123377,KRX
20241025,-167800,5,-4300,-2.50,627017,23999,17549,--6450,--2747,142146,104155,--37991,--16481,KRX
20241024,-172100,5,-400,-0.23,384523,18481,14778,--3703,--10163,107414,85904,--21510,--58807,KRX
20241023,+172500,2,+1300,+0.76,589358,28742,35202,+6460,+23255,166423,203720,+37297,+134619,KRX
20241022,-171200,5,-5600,-3.17,765563,47246,30451,--16795,--27096,274246,176924,--97322,--155067,KRX
20241021,176800,3,0,0.00,537952,17151,27452,+10301,--5807,96582,154327,+57745,--33437,KRX
20241018,+176800,2,+1800,+1.03,570513,17952,34060,+16108,+28510,101629,192811,+91182,+161766,KRX
20241017,-175000,5,-2000,-1.13,571148,35897,23495,--12402,--34934,204174,133590,--70584,--198188,KRX
20241016,+177000,2,+1800,+1.03,864891,24623,47155,+22532,+4435,139644,267248,+127604,+24021,KRX
20241015,+175200,2,+3800,+2.22,1056877,42504,60601,+18097,+25340,243110,346693,+103583,+146136,KRX
20241014,-171400,5,-1900,-1.10,677634,25295,18052,--7243,--1155,147671,105118,--42553,--7083,KRX
20241011,+173300,2,+900,+0.52,576782,31639,25551,--6088,--61853,183405,147935,--35470,--361563,KRX
20241010,+172400,2,+6200,+3.73,1408359,37078,92843,+55765,+58900,215463,541556,+326093,+344990,KRX
20241008,+166200,2,+100,+0.06,893907,46478,43343,--3135,+45078,279399,260502,--18897,+268726,KRX
20241007,-166100,5,-4600,-2.69,1084682,68327,20114,--48213,--60973,407093,119470,--287623,--362319,KRX
20241004,+170700,2,+2500,+1.49,1171102,21767,34527,+12760,--5823,127800,202496,+74696,--34921,KRX
20241002,-168200,5,-1200,-0.71,940787,25236,43819,+18583,+24711,149190,258807,+109617,+147749,KRX
20240930,-169400,5,-1000,-0.59,1947054,85330,79202,--6128,+4263,496239,458107,--38132,+23178,KRX
20240927,-170400,5,-500,-0.29,844604,48587,38196,--10391,--24303,285506,224196,--61310,--143118,KRX
20240926,+170900,2,+4700,+2.83,700659,19422,33334,+13912,+13037,114871,196679,+81808,+77106,KRX
20240925,-166200,5,-1800,-1.07,676074,27583,28458,+875,+10034,164861,169563,+4702,+60244,KRX
20240924,+168000,2,+1300,+0.78,661159,28293,19134,--9159,--45735,170036,114494,--55542,--277217,KRX
20240923,+166700,2,+6800,+4.25,951074,16919,53495,+36576,+38686,102960,324635,+221675,+235752,KRX
20240920,-159900,5,-700,-0.44,780267,42184,40074,--2110,--6297,262518,248441,--14077,--40055,KRX
20240919,+160600,2,+500,+0.31,606948,27177,31364,+4187,+4733,169024,195002,+25978,+29376,KRX
20240913,+160100,2,+100,+0.06,352083,13634,13088,--546,--2368,85266,81868,--3398,--14274,KRX
20240912,+160000,2,+3600,+2.30,586471,38899,40721,+1822,+11273,244688,255564,+10876,+71177,KRX
20240911,-156400,5,-2600,-1.64,425569,25118,15667,--9451,--37452,159546,99245,--60301,--237399,KRX
20240910,+159000,2,+4000,+2.58,956903,24791,52792,+28001,+31590,156562,333660,+177098,+200527,KRX
20240909,-155000,5,-2200,-1.40,612322,20994,17405,--3589,--14929,136028,112599,--23429,--95076,KRX
20240906,-157200,5,-2600,-1.63,649137,16822,28162,+11340,--7643,106347,177994,+71647,--46870,KRX
20240905,+159800,2,+2300,+1.46,830603,12267,31250,+18983,+43397,76877,195394,+118517,+272387,KRX
20240904,-157500,5,-7800,-4.72,1217431,41323,16909,--24414,--13334,259958,106088,--153870,--87470,KRX
20240903,-165300,5,-1300,-0.78,536586,19179,8099,--11080,+9774,114833,48433,--66400,+58929,KRX
20240902,-166600,5,-2500,-1.48,505605,27801,6947,--20854,--2446,167039,41710,--125329,--16574,KRX
20240830,+169100,2,+4200,+2.55,950399,51025,32617,--18408,--19324,301687,192932,--108755,--114052,KRX
20240829,+164900,2,+1100,+0.67,448071,10409,11325,+916,+7396,63438,68735,+5297,+44870,KRX
20240828,-163800,5,-4100,-2.44,781672,24608,18128,--6480,+3112,149589,110016,--39573,+16943,KRX
20240827,-167900,5,-2800,-1.64,628385,19843,10251,--9592,--58141,117033,60517,--56516,--341382,KRX
20240826,+170700,2,+5800,+3.52,1277462,13752,62301,+48549,+53338,81000,365866,+284866,+313967,KRX
20240823,+164900,2,+200,+0.12,589333,27012,22223,--4789,--40444,164132,135031,--29101,--247959,KRX
20240822,+164700,2,+8300,+5.31,1616355,24663,60318,+35655,+34880,151345,370203,+218858,+213961,KRX
20240821,-156400,5,-200,-0.13,464862,11493,12268,+775,+9172,73498,78395,+4897,+58418,KRX
20240820,156600,3,0,0.00,541953,25567,17170,--8397,--3121,162745,109224,--53521,--20014,KRX
20240819,-156600,5,-900,-0.57,548046,23635,18359,--5276,+18624,150013,116506,--33507,+117733,KRX
20240816,+157500,2,+200,+0.13,825934,53080,29180,--23900,--8738,335646,184406,--151240,--53993,KRX
20240814,+157300,2,+900,+0.58,858853,49062,33900,--15162,+15833,313038,215791,--97247,+99325,KRX
20240813,-156400,5,-3900,-2.43,1035007,44448,13453,--30995,--15154,282272,85700,--196572,--98122,KRX
20240812,-160300,5,-3400,-2.08,811411,28046,12205,--15841,--10856,174353,75903,--98450,--68059,KRX
20240809,+163700,2,+1000,+0.61,1236721,37818,32833,--4985,--10149,228014,197623,--30391,--62169,KRX
20240808,162700,3,0,0.00,724039,34049,39213,+5164,--24881,210692,242470,+31778,--153598,KRX
20240807,+162700,2,+4300,+2.71,778054,21278,51323,+30045,+46762,132371,317747,+185376,+290852,KRX
20240806,+158400,2,+2300,+1.47,1115733,62431,45714,--16717,+2708,391175,285699,--105476,+13423,KRX
20240805,-156100,5,-15300,-8.93,1447269,57855,38430,--19425,--22537,360408,241509,--118899,--137015,KRX
20240802,-171400,5,-3600,-2.06,674484,22486,25598,+3112,+15787,131297,149413,+18116,+90434,KRX
20240801,+175000,2,+1000,+0.57,481980,28154,15479,--12675,--12218,160483,88165,--72318,--69543,KRX
20240731,+174000,2,+700,+0.40,425047,22852,22395,--457,+19683,131797,129022,--2775,+112966,KRX
20240730,-173300,5,-1700,-0.97,402895,30597,10457,--20140,--2682,175673,59932,--115741,--15842,KRX
20240729,+175000,2,+200,+0.11,429619,30564,13106,--17458,--7111,174770,74871,--99899,--40952,KRX
20240726,-174800,5,-3200,-1.80,880999,43724,33377,--10347,--27617,248868,189921,--58947,--156345,KRX
20240725,+178000,2,+6300,+3.67,1473198,39482,56752,+17270,+16610,224964,322362,+97398,+93669,KRX
20240724,+171700,2,+1100,+0.64,411210,12817,13477,+660,+21185,75037,78766,+3729,+123342,KRX
20240723,-170600,5,-2100,-1.22,599169,36380,15855,--20525,--26188,211334,91721,--119613,--152542,KRX
20240722,+172700,2,+500,+0.29,464293,15242,20905,+5663,+30908,88393,121322,+32929,+180716,KRX
20240719,-172200,5,-2700,-1.54,616972,45944,20699,--25245,--30734,268180,120393,--147787,--179386,KRX
20240718,+174900,2,+1500,+0.87,523719,21944,27433,+5489,+9850,126096,157695,+31599,+56828,KRX
20240717,+173400,2,+1800,+1.05,560011,25336,20975,--4361,+8811,146185,120956,--25229,+50888,KRX
20240716,-171600,5,-4700,-2.67,812128,32888,19716,--13172,--8043,190408,114291,--76117,--46549,KRX
20240715,+176300,2,+1500,+0.86,925722,31942,26813,--5129,--17013,179913,150345,--29568,--95822,KRX
20240712,-174800,5,-1300,-0.74,1393405,34353,46237,+11884,+12917,193955,260209,+66254,+72129,KRX
20240711,-176100,5,-1400,-0.79,791229,41306,40273,--1033,--78004,233651,227776,--5875,--443728,KRX
20240710,+177500,2,+6800,+3.98,1659106,30213,107184,+76971,+76806,172206,610059,+437853,+436957,KRX
20240709,+170700,2,+200,+0.12,661077,23919,24084,+165,--4683,139653,140549,+896,--26905,KRX
20240708,+170500,2,+2400,+1.43,1148160,36063,40911,+4848,--32643,213867,241668,+27801,--199728,KRX
20240705,+168100,2,+8300,+5.19,1306514,10317,47808,+37491,+36668,62282,289811,+227529,+222497,KRX
20240704,159800,3,0,0.00,505466,16927,17750,+823,+2891,105781,110813,+5032,+18358,KRX
20240703,-159800,5,-100,-0.06,608424,24050,21982,--2068,+14828,149953,136627,--13326,+91899,KRX
20240702,-159900,5,-3000,-1.84,932343,47865,30969,--16896,+30919,298498,193273,--105225,+187981,KRX
20240701,-162900,5,-4000,-2.40,1140154,75736,27921,--47815,--42589,464464,171258,--293206,--261583,KRX
20240628,+166900,2,+1500,+0.91,709968,42204,36978,--5226,+15064,252749,221126,--31623,+90114,KRX
20240627,-165400,5,-3000,-1.78,582846,35931,15641,--20290,--44388,215942,94205,--121737,--264902,KRX
20240626,+168400,2,+2000,+1.20,635128,17468,41566,+24098,+31623,104328,247493,+143165,+188360,KRX
20240625,-166400,5,-2500,-1.48,675119,28625,21100,--7525,--17871,171875,126680,--45195,--106348,KRX
20240624,+168900,2,+1300,+0.78,591088,19823,30169,+10346,+13637,117437,178590,+61153,+81085,KRX
20240621,+167600,2,+400,+0.24,872036,78699,75408,--3291,--3575,470633,450701,--19932,--21589,KRX
20240620,-167200,5,-700,-0.42,581688,16635,16919,+284,--9751,99394,101051,+1657,--58318,KRX
20240619,+167900,2,+1100,+0.66,773616,18868,28903,+10035,--1423,113154,173129,+59975,--8085,KRX
20240618,+166800,2,+700,+0.42,663328,15603,27061,+11458,+38257,93287,161347,+68060,+228692,KRX
20240617,-166100,5,-3800,-2.24,876593,40287,13488,--26799,--23014,241481,80849,--160632,--138229,KRX
20240614,169900,3,0,0.00,677657,37264,33479,--3785,--21154,219540,197137,--22403,--123317,KRX
20240613,+169900,2,+1500,+0.89,982883,43700,61069,+17369,+35828,256453,357367,+100914,+210081,KRX
20240612,-168400,5,-1800,-1.06,977784,33423,14964,--18459,--16405,197837,88670,--109167,--97042,KRX
20240611,-170200,5,-500,-0.29,606686,29446,27392,--2054,+25493,172687,160562,--12125,+148795,KRX
20240610,-170700,5,-4700,-2.68,744709,50457,22910,--27547,--1544,294509,133589,--160920,--12963,KRX
20240607,-175400,5,-1700,-0.96,638712,56588,30585,--26003,--16700,321833,173876,--147957,--95358,KRX
20240605,+177100,2,+300,+0.17,467925,29448,20145,--9303,--1055,166355,113756,--52599,--5720,KRX
20240604,+176800,2,+4100,+2.37,758259,42058,33810,--8248,--8418,239632,192753,--46879,--47559,KRX
20240603,+172700,2,+2500,+1.47,661878,25904,26074,+170,+25264,149510,150190,+680,+147996,KRX
20240531,-170200,5,-200,-0.12,1117529,111792,86698,--25094,--19946,656136,508820,--147316,--117441,KRX
20240530,-170400,5,-4900,-2.80,947416,24221,19073,--5148,+20713,141229,111354,--29875,+116681,KRX
20240529,-175300,5,-2100,-1.18,898094,69282,43421,--25861,--8124,391856,245300,--146556,--46768,KRX
20240528,-177400,5,-1600,-0.89,563865,30609,12872,--17737,--9175,172166,72378,--99788,--51947,KRX
20240527,179000,3,0,0.00,558709,19697,11135,--8562,+23076,110068,62227,--47841,+128349,KRX
20240524,-179000,5,-3100,-1.70,730052,47592,15954,--31638,--28363,264973,88783,--176190,--158084,KRX
20240523,-182100,5,-500,-0.27,406392,23630,20355,--3275,--498,129959,111853,--18106,--2905,KRX
20240522,-182600,5,-600,-0.33,316154,16015,13238,--2777,--4872,87672,72471,--15201,--26604,KRX
20240521,-183200,5,-800,-0.43,469119,21099,23194,+2095,+10552,115286,126689,+11403,+57299,KRX
20240520,-184000,5,-3300,-1.76,569690,25786,17329,--8457,--16402,139773,93877,--45896,--88153,KRX
20240517,-187300,5,-1200,-0.64,394214,19383,27328,+7945,--7460,103307,145564,+42257,--39203,KRX
20240516,+188500,2,+4100,+2.22,805720,37366,52771,+15405,--444,198259,279719,+81460,--3950,KRX
20240514,+184400,2,+100,+0.05,542815,14942,30791,+15849,+5235,80496,165906,+85410,+27704,KRX
20240513,-184300,5,-4300,-2.28,723861,23938,34552,+10614,--3766,129817,187523,+57706,--18710,KRX
20240510,+188600,2,+300,+0.16,691790,31215,45595,+14380,+14322,165870,242286,+76416,+75887,KRX
20240509,-188300,5,-2600,-1.36,1129421,51402,51460,+58,+25898,273875,274404,+529,+135941,KRX
20240508,-190900,5,-3900,-2.00,1000782,64908,39068,--25840,--53869,339515,204103,--135412,--277081,KRX
20240507,+194800,2,+200,+0.10,1272598,54484,82513,+28029,--30416,278309,419978,+141669,--157767,KRX
20240503,+194600,2,+5800,+3.07,2291415,68172,126617,+58445,+72249,351166,650602,+299436,+373592,KRX
20240502,+188800,2,+4400,+2.39,1046087,66801,52997,--13804,--16106,358183,284027,--74156,--86426,KRX
20240430,-184400,5,-300,-0.16,620050,38748,41050,+2302,--20595,209326,221596,+12270,--112167,KRX
20240429,+184700,2,+3200,+1.76,510519,15638,38535,+22897,+14146,85280,209717,+124437,+76366,KRX
20240426,-181500,5,-1200,-0.66,438747,14232,22983,+8751,+2507,78108,126179,+48071,+14146,KRX
20240425,-182700,5,-1000,-0.54,437455,22532,28776,+6244,--6867,123598,157523,+33925,--37640,KRX
20240424,+183700,2,+3600,+2.00,597721,20702,33813,+13111,+29644,113130,184695,+71565,+163093,KRX
20240423,-180100,5,-800,-0.44,468831,38685,22152,--16533,+9924,214023,122495,--91528,+54505,KRX
20240422,-180900,5,-1500,-0.82,492109,39830,13373,--26457,--33201,219465,73432,--146033,--182999,KRX
20240419,+182400,2,+1700,+0.94,759807,34222,40966,+6744,+11963,189107,226073,+36966,+65974,KRX
20240418,+180700,2,+1100,+0.61,599743,39841,34622,--5219,--7423,220738,191730,--29008,--41201,KRX
20240417,+179600,2,+100,+0.06,405813,23347,25551,+2204,+34410,129466,141659,+12193,+190908,KRX
20240416,-179500,5,-3300,-1.81,796179,50234,18028,--32206,+1282,278834,100119,--178715,+4182,KRX
20240415,-182800,5,-3100,-1.67,636607,43885,10397,--33488,--37500,239666,56769,--182897,--203961,KRX
20240412,+185900,2,+2300,+1.25,835729,58363,62375,+4012,+49991,312361,333425,+21064,+270991,KRX
20240411,-183600,5,-5400,-2.86,1192681,79388,33409,--45979,--42755,431156,181229,--249927,--232653,KRX
20240409,-189000,5,-900,-0.47,457312,20288,17064,--3224,+9972,107385,90111,--17274,+52204,KRX
20240408,-189900,5,-3200,-1.66,614052,31872,18676,--13196,--23253,167863,98385,--69478,--121640,KRX
20240405,-193100,5,-1200,-0.62,484403,18703,28760,+10057,+12241,97256,149418,+52162,+63332,KRX
20240404,+194300,2,+900,+0.47,682404,32925,30741,--2184,--16824,168912,157742,--11170,--86625,KRX
20240403,+193400,2,+1400,+0.73,1132978,45022,59662,+14640,+9914,231944,307399,+75455,+50911,KRX
20240402,-192000,5,-2300,-1.18,918137,43101,47827,+4726,--24341,224646,249190,+24544,--127064,KRX
20240401,+194300,2,+6900,+3.68,1393825,23289,52356,+29067,+26925,120655,272263,+151608,+140321,KRX
20240329,+187400,2,+300,+0.16,633233,17706,19848,+2142,+13441,94922,106209,+11287,+70999,KRX
20240328,-187100,5,-2200,-1.16,661837,28001,16702,--11299,+9070,148541,88829,--59712,+47791,KRX
20240327,+189300,2,+400,+0.21,590542,34284,13915,--20369,--15972,180875,73372,--107503,--84141,KRX
20240326,+188900,2,+900,+0.48,746583,34609,30212,--4397,+11308,183044,159682,--23362,+60371,KRX
20240325,-188000,5,-900,-0.48,654494,28330,12625,--15705,--11414,150996,67263,--83733,--61227,KRX
20240322,+188900,2,+4500,+2.44,1280053,37630,33339,--4291,+18690,199274,176768,--22506,+101623,KRX
20240321,+184400,2,+1300,+0.71,1047858,55686,32705,--22981,--3195,300602,176473,--124129,--16044,KRX
20240320,+183100,2,+500,+0.27,569076,39570,19784,--19786,--18629,216090,108005,--108085,--101762,KRX
20240319,-182600,5,-1500,-0.81,726483,33770,32613,--1157,+36259,184957,178634,--6323,+196681,KRX
20240318,-184100,5,-2000,-1.07,1054143,69110,31694,--37416,--24746,375038,172034,--203004,--134883,KRX
20240315,-186100,5,-700,-0.37,1015837,90639,77969,--12670,+24996,485665,417544,--68121,+132378,KRX
20240314,-186800,5,-1600,-0.85,1148654,81388,43722,--37666,+4086,433956,233457,--200499,+20388,KRX
20240313,-188400,5,-2100,-1.10,812716,68422,26670,--41752,--27512,361679,140792,--220887,--145874,KRX
20240312,+190500,2,+600,+0.32,708580,36002,21762,--14240,--18834,189449,114436,--75013,--99229,KRX
20240311,+189900,2,+1900,+1.01,653165,23881,28475,+4594,+43110,125683,149899,+24216,+228226,KRX
20240308,-188000,5,-1000,-0.53,750757,60872,22356,--38516,--12383,322021,118011,--204010,--65988,KRX
20240307,-189000,5,-800,-0.42,775759,48567,22434,--26133,+20189,256430,118408,--138022,+105503,KRX
20240306,+189800,2,+1100,+0.58,876283,74454,28132,--46322,--10493,391349,147824,--243525,--54789,KRX
20240305,-188700,5,-3300,-1.72,1096733,67872,32043,--35829,+4172,357427,168691,--188736,+17263,KRX
20240304,-192000,5,-3000,-1.54,1186323,68501,28500,--40001,+69042,352966,146967,--205999,+347970,KRX
20240229,-195000,5,-9000,-4.41,2016957,158022,48979,--109043,--88049,804341,250372,--553969,--449834,KRX
20240228,+204000,2,+4000,+2.00,597421,37443,16449,--20994,--17013,185908,81773,--104135,--84181,KRX
20240227,+200000,2,+100,+0.05,650795,45426,41445,--3981,--16389,227605,207651,--19954,--81738,KRX
20240226,-199900,5,-600,-0.30,630834,22146,34554,+12408,+24948,110740,172524,+61784,+124228,KRX
20240223,-200500,5,-1500,-0.74,731357,35083,22543,--12540,+19376,174696,112252,--62444,+95577,KRX
20240222,-202000,5,-500,-0.25,881700,57627,25711,--31916,--45171,285340,127319,--158021,--223423,KRX
20240221,202500,3,0,0.00,592041,32493,45748,+13255,+31617,160463,225865,+65402,+155667,KRX
20240220,-202500,5,-1000,-0.49,708867,46521,28159,--18362,+11084,228779,138514,--90265,+54143,KRX
20240219,-203500,5,-1500,-0.73,618150,47845,18399,--29446,--27282,234626,90218,--144408,--134101,KRX
20240216,+205000,2,+1500,+0.74,999143,51233,49069,--2164,+31003,248432,238125,--10307,+151375,KRX
20240215,+203500,2,+1000,+0.49,945641,61331,28164,--33167,--15528,298093,136411,--161682,--73898,KRX
20240214,-202500,5,-2500,-1.22,627951,48182,30543,--17639,+24286,239127,151343,--87784,+115851,KRX
20240213,-205000,5,-1000,-0.49,860778,75629,33704,--41925,--30807,367071,163436,--203635,--149457,KRX
20240208,+206000,2,+1500,+0.73,628984,54831,43713,--11118,--10858,265986,211808,--54178,--52784,KRX
20240207,-204500,5,-1000,-0.49,706209,34820,34560,--260,+11877,168364,166970,--1394,+57730,KRX
20240206,-205500,5,-2500,-1.20,896400,60926,48789,--12137,+112967,296714,237590,--59124,+534930,KRX
20240205,-208000,5,-13500,-6.09,1721981,149943,24839,--125104,--183333,711631,117577,--594054,--862626,KRX
20240202,+221500,2,+19000,+9.38,1841501,51902,110131,+58229,+46101,240261,508833,+268572,+208164,KRX
20240201,+202500,2,+2000,+1.00,818613,40533,52661,+12128,+10186,201301,261709,+60408,+50618,KRX
20240131,-200500,5,-9000,-4.30,1318605,63478,65420,+1942,+5287,313760,323550,+9790,+25351,KRX
20240130,-209500,5,-2500,-1.18,614246,34662,31317,--3345,+8880,165014,149453,--15561,+41454,KRX
20240129,-212000,5,-4500,-2.08,616505,39104,26879,--12225,--40725,182629,125614,--57015,--188544,KRX
20240126,+216500,2,+3000,+1.41,406869,14173,42673,+28500,+25863,65459,196988,+131529,+119002,KRX
20240125,-213500,5,-4500,-2.06,582265,23687,26324,+2637,--8701,110489,123016,+12527,--39620,KRX
20240124,218000,3,0,0.00,380731,27215,38553,+11338,+19744,124977,177124,+52147,+90776,KRX
20240123,+218000,2,+1000,+0.46,388908,29421,21015,--8406,--2060,135110,96481,--38629,--9465,KRX
20240122,+217000,2,+1500,+0.70,533513,25948,19602,--6346,+35275,118688,89524,--29164,+163306,KRX
20240119,-215500,5,-1000,-0.46,916193,107315,65694,--41621,--25045,496111,303641,--192470,--116191,KRX
20240118,-216500,5,-2500,-1.14,730722,64479,47903,--16576,--16221,297322,221043,--76279,--74837,KRX
20240117,-219000,5,-11000,-4.78,961856,70267,69912,--355,--20058,316260,314818,--1442,--86436,KRX
20240116,+230000,2,+500,+0.22,695734,30311,50014,+19703,+12379,131237,216231,+84994,+52815,KRX
20240115,-229500,5,-1000,-0.43,536029,20846,28170,+7324,+16574,91480,123659,+32179,+72291,KRX
20240112,-230500,5,-1000,-0.43,516678,26412,17162,--9250,--8636,114663,74551,--40112,--37310,KRX
20240111,+231500,2,+500,+0.22,879647,55439,54825,--614,--7799,238898,236096,--2802,--33655,KRX
20240110,+231000,2,+1500,+0.65,702562,26312,33497,+7185,--22227,114204,145057,+30853,--96600,KRX
20240109,+229500,2,+3000,+1.32,835945,27024,56436,+29412,+5170,117434,244887,+127453,+21147,KRX
20240108,+226500,2,+6000,+2.72,1054917,32257,56499,+24242,+28894,141980,248286,+106306,+127335,KRX
20240105,-220500,5,-2500,-1.12,387884,24296,19644,--4652,--13341,109723,88694,--21029,--59867,KRX
20240104,+223000,2,+1000,+0.45,538911,34689,43378,+8689,+29067,155372,194210,+38838,+130600,KRX
20240103,-222000,5,-5500,-2.42,690960,50634,30256,--20378,--28355,227875,136113,--91762,--126753,KRX
20240102,+227500,2,+3500,+1.56,716469,36079,44056,+7977,+5001,159653,194644,+34991,+21880,KRX
20231228,+224000,2,+1000,+0.45,525435,44809,47785,+2976,--11281,201059,214170,+13111,--51394,KRX
20231227,+223000,2,+7500,+3.48,609910,15212,29469,+14257,--9801,69255,133760,+64505,--46850,KRX
20231226,+215500,2,+500,+0.23,458545,17575,41633,+24058,+9840,81355,192710,+111355,+45707,KRX
20231222,-215000,5,-1500,-0.69,571741,18401,32619,+14218,--20459,84933,150581,+65648,--94019,KRX
20231221,-216500,5,-4000,-1.81,844340,15053,49730,+34677,+33017,69505,229172,+159667,+152336,KRX
20231220,-220500,5,-2000,-0.90,874344,59406,61066,+1660,--2888,267822,275153,+7331,--13128,KRX
20231219,-222500,5,-500,-0.22,497403,22029,26577,+4548,+8401,99006,119465,+20459,+37659,KRX
20231218,-223000,5,-3000,-1.33,555176,20130,16277,--3853,--30345,90155,72955,--17200,--134633,KRX
20231215,+226000,2,+3000,+1.35,899325,71851,98343,+26492,--30277,318716,436149,+117433,--137953,KRX
20231214,+223000,2,+9500,+4.45,1761941,94020,150789,+56769,+49596,423066,678452,+255386,+222095,KRX
20231213,213500,3,0,0.00,435945,17798,24971,+7173,+2519,83351,116642,+33291,+11854,KRX
20231212,-213500,5,-4000,-1.84,710270,38780,43434,+4654,+4483,180377,201814,+21437,+20814,KRX
20231211,217500,3,0,0.00,513760,30873,31044,+171,--23977,142222,142845,+623,--110334,KRX
20231208,+217500,2,+5000,+2.35,685720,23165,47313,+24148,+10028,106605,217562,+110957,+44503,KRX
20231207,-212500,5,-1000,-0.47,521170,21306,35426,+14120,+16205,100065,166519,+66454,+76278,KRX
20231206,+213500,2,+500,+0.23,494143,33858,31773,--2085,--27074,158379,148555,--9824,--127026,KRX
20231205,+213000,2,+2500,+1.19,890514,29874,54863,+24989,+19058,140175,257377,+117202,+88881,KRX
20231204,+210500,2,+4500,+2.18,706500,33949,39880,+5931,+17193,161168,189489,+28321,+83059,KRX
20231201,-206000,5,-2000,-0.96,542598,34874,23612,--11262,--28879,168634,113896,--54738,--139350,KRX
20231130,+208000,2,+500,+0.24,642304,66104,83721,+17617,+82,317785,402397,+84612,+133,KRX
20231129,207500,3,0,0.00,496563,23312,40847,+17535,+10070,112386,196865,+84479,+48814,KRX
20231128,+207500,2,+1500,+0.73,550801,32453,39918,+7465,+7217,156828,192493,+35665,+34666,KRX
20231127,+206000,2,+500,+0.24,538210,23817,24065,+248,--11074,115039,116038,+999,--54080,KRX
20231124,205500,3,0,0.00,335280,15118,26440,+11322,+12185,73614,128693,+55079,+59199,KRX
20231123,-205500,5,-2000,-0.96,345224,14367,13504,--863,--17392,69641,65521,--4120,--84305,KRX
20231122,+207500,2,+3000,+1.47,357391,13894,30423,+16529,+2087,67977,148162,+80185,+9865,KRX
20231121,+204500,2,+2000,+0.99,463033,22280,36722,+14442,+5819,108523,178843,+70320,+27796,KRX
20231120,+202500,2,+500,+0.25,272327,10308,18931,+8623,+1578,50929,93453,+42524,+7817,KRX
20231117,-202000,5,-1000,-0.49,406874,22923,29968,+7045,+496,113412,148119,+34707,+2433,KRX
20231116,-203000,5,-2500,-1.22,425403,20635,27184,+6549,--42161,102023,134297,+32274,--205835,KRX
20231115,+205500,2,+6900,+3.47,846436,24061,72771,+48710,+47755,117742,355851,+238109,+233115,KRX
20231114,+198600,2,+6000,+3.12,478385,25345,26300,+955,--4020,128477,133471,+4994,--20306,KRX
20231113,-192600,5,-2100,-1.08,499910,29805,34780,+4975,+473,153165,178465,+25300,+2178,KRX
20231110,-194700,5,-3500,-1.77,674585,55008,59510,+4502,--11484,281868,304990,+23122,--57394,KRX
20231109,+198200,2,+800,+0.41,592942,31176,47162,+15986,+12697,157200,237716,+80516,+63905,KRX
20231108,-197400,5,-3100,-1.55,586525,30784,34073,+3289,--16808,154631,171242,+16611,--83571,KRX
20231107,-200500,5,-5000,-2.43,782666,40173,60270,+20097,+16420,200436,300618,+100182,+82283,KRX
20231106,+205500,2,+5000,+2.49,1000560,36388,40065,+3677,--43151,179443,197342,+17899,--217737,KRX
20231103,+200500,2,+9700,+5.08,1272388,21594,68422,+46828,+47042,109053,344689,+235636,+236853,KRX
20231102,+190800,2,+3100,+1.65,633508,31118,30904,--214,+17582,162728,161511,--1217,+93317,KRX
20231101,+187700,2,+300,+0.16,511161,34453,16657,--17796,--3570,182793,88259,--94534,--18907,KRX
20231031,+187400,2,+1300,+0.70,823369,53056,38830,--14226,--5478,281548,205921,--75627,--28500,KRX
20231030,+186100,2,+700,+0.38,392043,24525,15777,--8748,+4882,132154,85027,--47127,+26595,KRX
20231027,+185400,2,+3500,+1.92,520566,29965,16335,--13630,+537,162164,88442,--73722,+3856,KRX
20231026,-181900,5,-7200,-3.81,757629,58562,44395,--14167,+9349,320011,242433,--77578,+47859,KRX
20231025,+189100,2,+2100,+1.12,802846,50650,27134,--23516,--26149,269877,144440,--125437,--139912,KRX
20231024,+187000,2,+8700,+4.88,802790,28364,30997,+2633,+12316,154308,168783,+14475,+68729,KRX
20231023,-178300,5,-1900,-1.05,446010,23468,13785,--9683,--2717,130870,76616,--54254,--15486,KRX
20231020,-180200,5,-1200,-0.66,579075,30129,23163,--6966,--19995,167610,128842,--38768,--110415,KRX
20231019,-181400,5,-4900,-2.63,789241,23125,36154,+13029,+1770,127088,198735,+71647,+11643,KRX
20231018,-186300,5,-2200,-1.17,531306,15712,26971,+11259,+15750,83998,144002,+60004,+83613,KRX
20231017,-188500,5,-1200,-0.63,512662,25227,20736,--4491,--11663,133003,109394,--23609,--61486,KRX
20231016,-189700,5,-2100,-1.09,568781,31589,38761,+7172,+9065,166648,204525,+37877,+47785,KRX
20231013,-191800,5,-1800,-0.93,368249,21890,19997,--1893,+6276,113842,103934,--9908,+32546,KRX
20231012,+193600,2,+600,+0.31,570782,42817,34648,--8169,+9834,221607,179153,--42454,+50596,KRX
20231011,+193000,2,+1800,+0.94,603727,44139,26136,--18003,--14092,227837,134787,--93050,--72797,KRX
20231010,+191200,2,+300,+0.16,627779,37113,33202,--3911,--191,192339,172086,--20253,--719,KRX
20231006,+190900,2,+1500,+0.79,403501,21143,17423,--3720,+1829,110915,91381,--19534,+9235,KRX
20231005,-189400,5,-1800,-0.94,622759,39006,33457,--5549,--50579,204054,175285,--28769,--260495,KRX
20231004,-191200,5,-10300,-5.11,1163452,49878,94908,+45030,+36528,256261,487987,+231726,+189456,KRX
20230927,+201500,2,+500,+0.25,419270,19882,28384,+8502,+1095,99475,141745,+42270,+5284,KRX
20230926,-201000,5,-5500,-2.66,660374,28623,36030,+7407,+5300,141337,178323,+36986,+27046,KRX
20230925,-206500,5,-1500,-0.72,490044,28076,30183,+2107,+15087,135111,145051,+9940,+72074,KRX
20230922,-208000,5,-2000,-0.95,485769,33964,20984,--12980,--6673,163077,100943,--62134,--32127,KRX
20230921,-210000,5,-7500,-3.45,685787,34199,27892,--6307,+4328,161036,131029,--30007,+18742,KRX
20230920,-217500,5,-2000,-0.91,374274,26486,15851,--10635,--13899,121313,72564,--48749,--63578,KRX
20230919,-219500,5,-2000,-0.90,448589,27552,30816,+3264,+4965,124966,139795,+14829,+23055,KRX
20230918,-221500,5,-8000,-3.49,720909,55306,53605,--1701,--10164,245846,237620,--8226,--44879,KRX
20230915,+229500,2,+4000,+1.77,1162871,82385,90848,+8463,--8200,361164,397817,+36653,--37323,KRX
20230914,+225500,2,+3500,+1.58,990793,79815,96478,+16663,+54377,356123,430099,+73976,+246220,KRX
20230913,+222000,2,+2500,+1.14,923349,74971,37257,--37714,--76661,341910,169666,--172244,--351200,KRX
20230912,+219500,2,+8000,+3.78,1284472,39672,78619,+38947,+42224,181872,360828,+178956,+194523,KRX
20230911,-211500,5,-3500,-1.63,724040,42202,38925,--3277,+17917,199320,183753,--15567,+83087,KRX
20230908,-215000,5,-1500,-0.69,595117,38165,16971,--21194,--40684,177785,79131,--98654,--187907,KRX
20230907,+216500,2,+2500,+1.17,1234068,39317,58807,+19490,+26183,180900,270153,+89253,+120623,KRX
20230906,+214000,2,+2000,+0.94,808331,42192,35499,--6693,--3512,199653,168283,--31370,--16348,KRX
20230905,+212000,2,+500,+0.24,390882,18929,15748,--3181,+4625,89575,74553,--15022,+21922,KRX
20230904,-211500,5,-3000,-1.40,660388,32201,24395,--7806,--5830,152860,115916,--36944,--28015,KRX
20230901,214500,3,0,0.00,569772,26520,24544,--1976,+964,123829,114900,--8929,+4781,KRX
20230831,-214500,5,-3000,-1.38,808546,74397,71457,--2940,--11221,346833,333123,--13710,--51811,KRX
20230830,-217500,5,-500,-0.23,600149,17947,26228,+8281,--14931,81994,120095,+38101,--69249,KRX
20230829,+218000,2,+4500,+2.11,805948,21156,44368,+23212,+27497,97761,205111,+107350,+127568,KRX
20230828,+213500,2,+2500,+1.18,695518,26172,21887,--4285,+106852,123323,103105,--20218,+495375,KRX
20230825,-211000,5,-18000,-7.86,2072800,151646,40509,--111137,--165223,704045,188452,--515593,--749277,KRX
20230824,+229000,2,+13500,+6.26,3013711,92248,146334,+54086,+93750,407473,641157,+233684,+416382,KRX
20230823,-215500,5,-5500,-2.49,868139,82505,42841,--39664,--19584,380172,197474,--182698,--92009,KRX
20230822,+221000,2,+6500,+3.03,1005692,65919,45839,--20080,--14940,298489,207800,--90689,--66923,KRX
20230821,+214500,2,+2000,+0.94,691652,31429,26289,--5140,+563,145814,122048,--23766,+2968,KRX
20230818,-212500,5,-5500,-2.52,886686,69371,63668,--5703,+23252,325679,298945,--26734,+105914,KRX
20230817,-218000,5,-4500,-2.02,880587,63232,34277,--28955,--37343,289642,156994,--132648,--170466,KRX
20230816,+222500,2,+1500,+0.68,943493,60362,68750,+8388,+12281,271516,309334,+37818,+55466,KRX
20230814,-221000,5,-1000,-0.45,572079,25968,22075,--3893,+22013,117063,99415,--17648,+97776,KRX
20230811,-222000,5,-3000,-1.33,939248,70850,44944,--25906,--17714,314791,199367,--115424,--78634,KRX
20230810,-225000,5,-2500,-1.10,928409,47125,38933,--8192,--45979,211344,174554,--36790,--201929,KRX
20230809,+227500,2,+4500,+2.02,1277473,62150,99937,+37787,+101681,272604,437743,+165139,+439775,KRX
20230808,-223000,5,-11500,-4.90,1933999,124092,60198,--63894,--58064,537649,263013,--274636,--251404,KRX
20230807,+234500,2,+11000,+4.92,3055268,157078,151248,--5830,+27741,665938,642706,--23232,+126074,KRX
20230804,+223500,2,+500,+0.22,2561625,147133,113562,--33571,+4903,650117,500811,--149306,+23242,KRX
20230803,-223000,5,-4500,-1.98,1430439,100700,62226,--38474,--25623,452240,279692,--172548,--118522,KRX
20230802,-227500,5,-5500,-2.36,1388773,69814,56963,--12851,+27846,302708,248682,--54026,+116932,KRX
20230801,+233000,2,+6000,+2.64,3102468,182404,141707,--40697,--59359,773271,602313,--170958,--254070,KRX
20230731,+227000,2,+16000,+7.58,2725703,106321,124983,+18662,+31697,477035,560147,+83112,+145320,KRX
20230728,-211000,5,-500,-0.24,952122,57578,44543,--13035,--29987,274585,212377,--62208,--144731,KRX
20230727,+211500,2,+13800,+6.98,1442727,55530,72482,+16952,+8937,268746,351269,+82523,+42158,KRX
20230726,-197700,5,-3300,-1.64,1068784,43278,51293,+8015,--10253,218396,258761,+40365,--50593,KRX
20230725,-201000,5,-2000,-0.99,661241,32308,50576,+18268,+4905,161114,252072,+90958,+25307,KRX
20230724,-203000,5,-3000,-1.46,662414,28648,42011,+13363,+6528,140918,206569,+65651,+31853,KRX
20230721,+206000,2,+1500,+0.73,629745,37879,44714,+6835,--9124,185419,219217,+33798,--44048,KRX
20230720,204500,3,0,0.00,578731,20696,36655,+15959,+19307,100821,178667,+77846,+93762,KRX
20230719,-204500,5,-4500,-2.15,687227,42664,39316,--3348,+5829,206761,190845,--15916,+28294,KRX
20230718,+209000,2,+2500,+1.21,803341,47069,37892,--9177,+11263,226682,182472,--44210,+55221,KRX
20230717,+206500,2,+2000,+0.98,705819,50036,29596,--20440,--30256,243188,143757,--99431,--147959,KRX
20230714,+204500,2,+4800,+2.40,739825,35210,45026,+9816,+32985,173312,221840,+48528,+163367,KRX
20230713,-199700,5,-2300,-1.14,941626,63881,40712,--23169,--22964,317267,202428,--114839,--113181,KRX
20230712,+202000,2,+4600,+2.33,865666,46981,46776,--205,+5660,236352,234694,--1658,+28589,KRX
20230711,+197400,2,+4200,+2.17,524208,30681,24816,--5865,--5241,156428,126181,--30247,--27092,KRX
20230710,-193200,5,-1800,-0.92,509523,26053,25429,--624,+12927,134144,130989,--3155,+66112,KRX
20230707,-195000,5,-500,-0.26,832803,56616,43065,--13551,--43844,289935,220668,--69267,--226550,KRX
20230706,+195500,2,+9000,+4.83,1503767,61382,91675,+30293,+8443,317035,474318,+157283,+41432,KRX
20230705,-186500,5,-2200,-1.17,686759,19950,41800,+21850,+24962,106267,222118,+115851,+132320,KRX
20230704,-188700,5,-600,-0.32,491576,24526,21414,--3112,--11880,130081,113612,--16469,--64130,KRX
20230703,+189300,2,+6500,+3.56,869777,30544,39312,+8768,+19515,161723,209384,+47661,+106756,KRX
20230630,-182800,5,-600,-0.33,683584,41338,30591,--10747,--10476,226893,167798,--59095,--57725,KRX
20230629,-183400,5,-1400,-0.76,578195,23632,23361,--271,+11926,128030,126660,--1370,+65110,KRX
20230628,-184800,5,-1100,-0.59,717140,41358,29161,--12197,+7939,224215,157735,--66480,+41467,KRX
20230627,-185900,5,-3000,-1.59,877288,51911,31775,--20136,--13356,278933,170986,--107947,--72152,KRX
20230626,188900,3,0,0.00,489487,36131,29351,--6780,+15640,190810,155015,--35795,+82275,KRX
20230623,-188900,5,-2400,-1.25,689964,55470,33050,--22420,--22518,292080,174010,--118070,--118431,KRX
20230622,+191300,2,+1400,+0.74,580244,23496,23594,+98,+60676,122874,123235,+361,+316072,KRX
20230621,-189900,5,-8600,-4.33,1358963,75863,15285,--60578,--57085,395553,79842,--315711,--297995,KRX
20230620,-198500,5,-100,-0.05,437974,29422,25929,--3493,+45042,147916,130200,--17716,+225578,KRX
20230619,-198600,5,-3900,-1.93,669785,59284,10749,--48535,--52400,297029,53735,--243294,--262383,KRX
20230616,+202500,2,+2000,+1.00,751013,41837,45702,+3865,--6097,206193,225282,+19089,--30380,KRX
20230615,+200500,2,+1300,+0.65,557684,24665,34627,+9962,+19992,122557,172026,+49469,+99929,KRX
20230614,-199200,5,-1800,-0.90,666340,35896,25866,--10030,--17908,179905,129445,--50460,--89491,KRX
20230613,+201000,2,+500,+0.25,565013,31057,38935,+7878,+20920,154629,193660,+39031,+104099,KRX
20230612,200500,3,0,0.00,417698,29751,16709,--13042,--9808,148018,82950,--65068,--48859,KRX
20230609,200500,3,0,0.00,546093,25513,22279,--3234,+15588,126749,110540,--16209,+77442,KRX
20230608,-200500,5,-4500,-2.20,717690,62814,43992,--18822,--7376,312593,218942,--93651,--37785,KRX
20230607,+205000,2,+500,+0.24,553505,42695,31249,--11446,--8208,207935,152069,--55866,--40036,KRX
20230605,204500,3,0,0.00,428762,27820,24582,--3238,--2931,135707,119877,--15830,--14264,KRX
20230602,+204500,2,+500,+0.25,405330,27291,26984,--307,--27769,133713,132147,--1566,--136950,KRX
20230601,+204000,2,+4500,+2.26,547388,20678,48140,+27462,+48903,101909,237293,+135384,+242712,KRX
20230531,-199500,5,-2000,-0.99,993582,126899,105458,--21441,--30186,634900,527572,--107328,--150653,KRX
20230530,-201500,5,-1000,-0.49,609318,35347,44092,+8745,+22565,174694,218019,+43325,+111479,KRX
20230526,-202500,5,-3500,-1.70,505880,33388,19568,--13820,--42423,163915,95761,--68154,--207448,KRX
20230525,+206000,2,+3000,+1.48,791642,34971,63574,+28603,+40918,170673,309967,+139294,+198924,KRX
20230524,-203000,5,-9000,-4.25,1210194,46490,34175,--12315,--6486,226412,166782,--59630,--32233,KRX
20230523,-212000,5,-3000,-1.40,550247,30314,24485,--5829,+16615,142461,115064,--27397,+76492,KRX
20230522,-215000,5,-1500,-0.69,534887,41847,19403,--22444,--17961,193792,89903,--103889,--82975,KRX
20230519,+216500,2,+4000,+1.88,870698,39948,35465,--4483,--1562,185518,164604,--20914,--7221,KRX
20230518,-212500,5,-500,-0.23,378470,23155,20234,--2921,--23391,109137,95444,--13693,--110307,KRX
20230517,+213000,2,+5500,+2.65,538104,15259,35729,+20470,+24171,72141,168755,+96614,+114147,KRX
20230516,-207500,5,-4500,-2.12,528940,36343,32642,--3701,--4381,173701,156168,--17533,--21128,KRX
20230515,-212000,5,-1500,-0.70,584184,35198,35878,+680,--10696,166555,170150,+3595,--49903,KRX
20230512,+213500,2,+2500,+1.18,666880,22958,34334,+11376,+2397,107808,161306,+53498,+11037,KRX
20230511,+211000,2,+1000,+0.48,825757,45186,54165,+8979,--23518,212955,255416,+42461,--112418,KRX
20230510,-210000,5,-1000,-0.47,763447,28119,60616,+32497,+12580,133847,288726,+154879,+61159,KRX
20230509,+211000,2,+4000,+1.93,1855368,80678,100595,+19917,--62003,381287,475007,+93720,--309050,KRX
20230508,+207000,2,+10900,+5.56,2034862,33333,115253,+81920,+90716,163733,566503,+402770,+448094,KRX
20230504,+196100,2,+3500,+1.82,900385,42795,33999,--8796,--23558,221265,175941,--45324,--121950,KRX
20230503,-192600,5,-600,-0.31,448203,16872,31634,+14762,+8518,87651,164277,+76626,+44296,KRX
20230502,+193200,2,+900,+0.47,491178,23319,29563,+6244,--41185,121207,153537,+32330,--214455,KRX
20230428,+192300,2,+4100,+2.18,902999,32736,80165,+47429,+35726,170623,417408,+246785,+184431,KRX
20230427,+188200,2,+100,+0.05,470891,14317,26020,+11703,--4917,76270,138624,+62354,--26063,KRX
20230426,+188100,2,+2000,+1.07,671910,29514,46134,+16620,+1674,156667,245084,+88417,+8384,KRX
20230425,-186100,5,-3900,-2.05,778485,29046,43992,+14946,+13094,154349,234382,+80033,+70463,KRX
20230424,-190000,5,-300,-0.16,469050,20373,22225,+1852,+17621,107405,116975,+9570,+92368,KRX
20230421,-190300,5,-1300,-0.68,479007,31821,16052,--15769,--16348,167018,84220,--82798,--85742,KRX
20230420,+191600,2,+200,+0.10,581315,37469,38048,+579,+22025,195745,198689,+2944,+114838,KRX
20230419,-191400,5,-1400,-0.73,612192,39071,17625,--21446,+22385,203818,91924,--111894,+115365,KRX
20230418,-192800,5,-4200,-2.13,1022386,69943,26112,--43831,--33840,362506,135247,--227259,--176552,KRX
20230417,-197000,5,-2000,-1.01,556371,36320,26329,--9991,--17390,184264,133557,--50707,--87586,KRX
20230414,+199000,2,+2600,+1.32,964852,62180,69579,+7399,+13902,312479,349358,+36879,+69853,KRX
20230413,-196400,5,-1600,-0.81,727674,45681,39178,--6503,+11596,232410,199436,--32974,+58706,KRX
20230412,-198000,5,-1900,-0.95,700638,46482,28383,--18099,--21327,234990,143310,--91680,--107880,KRX
20230411,+199900,2,+6900,+3.58,1137837,51327,54555,+3228,--6409,259833,276033,+16200,--33749,KRX
20230410,-193000,5,-400,-0.21,783772,31051,40688,+9637,+874,161313,211262,+49949,+4872,KRX
20230407,+193400,2,+1500,+0.78,531141,15152,23915,+8763,+51469,78160,123237,+45077,+264472,KRX
20230406,-191900,5,-7300,-3.66,1409355,74795,32089,--42706,--34789,385489,166094,--219395,--179692,KRX
20230405,-199200,5,-1800,-0.90,485125,28414,20497,--7917,--31844,141920,102217,--39703,--159427,KRX
20230404,+201000,2,+2800,+1.41,575220,18185,42112,+23927,+33935,90860,210584,+119724,+170466,KRX
20230403,-198200,5,-3800,-1.88,794745,38942,28934,--10008,--11710,195015,144273,--50742,--58496,KRX
20230331,+202000,2,+1000,+0.50,937726,52897,54599,+1702,+12670,263050,270804,+7754,+62894,KRX
20230330,+201000,2,+1900,+0.95,788108,41273,30305,--10968,--21952,206898,151758,--55140,--110347,KRX
20230329,-199100,5,-400,-0.20,442034,18563,29547,+10984,--344,93276,148483,+55207,--1627,KRX
20230328,+199500,2,+200,+0.10,586388,18593,29921,+11328,+11664,93330,150164,+56834,+58379,KRX
20230327,-199300,5,-3200,-1.58,611569,25863,25527,--336,--5191,129513,127968,--1545,--25790,KRX
20230324,-202500,5,-1500,-0.74,599102,24917,29772,+4855,+8654,123070,147315,+24245,+42996,KRX
20230323,-204000,5,-3000,-1.45,607503,24537,20738,--3799,--23911,120553,101802,--18751,--117019,KRX
20230322,+207000,2,+6500,+3.24,655503,22993,43105,+20112,+7103,112126,210394,+98268,+33577,KRX
20230321,-200500,5,-1000,-0.50,403322,15195,28204,+13009,--5436,75604,140295,+64691,--26509,KRX
20230320,+201500,2,+3500,+1.77,602589,14602,33047,+18445,+12159,72589,163789,+91200,+59796,KRX
20230317,+198000,2,+900,+0.46,778496,32298,38584,+6286,--18722,162745,194149,+31404,--95924,KRX
20230316,+197100,2,+700,+0.36,708127,22911,47919,+25008,+49868,116795,244123,+127328,+253860,KRX
20230315,+196400,2,+400,+0.20,838555,51054,26194,--24860,--6084,259080,132548,--126532,--31332,KRX
20230314,-196000,5,-6500,-3.21,776395,53262,34486,--18776,--9691,269214,174014,--95200,--49184,KRX
20230313,+202500,2,+2700,+1.35,1035513,44844,35759,--9085,--21249,224944,178928,--46016,--106924,KRX
20230310,-199800,5,-2200,-1.09,854741,38671,50835,+12164,+7227,194075,254983,+60908,+36723,KRX
20230309,-202000,5,-500,-0.25,760330,43458,48395,+4937,+44199,214354,238539,+24185,+216741,KRX
20230308,-202500,5,-8500,-4.03,1027023,65103,25841,--39262,--23345,319027,126471,--192556,--117433,KRX
20230307,-211000,5,-3500,-1.63,640146,42771,26854,--15917,--17168,201727,126604,--75123,--81473,KRX
20230306,+214500,2,+9000,+4.38,1052243,58627,59878,+1251,+15491,275929,282279,+6350,+75421,KRX
20230303,-205500,5,-500,-0.24,729689,45082,30842,--14240,--24136,217037,147966,--69071,--116682,KRX
20230302,-206000,5,-2500,-1.20,817689,49255,59151,+9896,+8644,237825,285436,+47611,+41639,KRX
20230228,+208500,2,+500,+0.24,848323,68525,69777,+1252,--13734,327924,333896,+5972,--66851,KRX
20230227,208000,3,0,0.00,930467,34716,49702,+14986,+13683,168028,240851,+72823,+65905,KRX
20230224,-208000,5,-5500,-2.58,851405,33086,34389,+1303,+7437,157746,164664,+6918,+35858,KRX
20230223,+213500,2,+2000,+0.95,563669,30113,23979,--6134,--27729,141455,112515,--28940,--130842,KRX
20230222,-211500,5,-4000,-1.86,820639,23365,44960,+21595,+50609,110269,212171,+101902,+235918,KRX
20230221,-215500,5,-3500,-1.60,646501,43555,14541,--29014,--25579,201171,67155,--134016,--118525,KRX
20230220,+219000,2,+3500,+1.62,571053,30545,27110,--3435,--9922,140034,124543,--15491,--45249,KRX
20230217,-215500,5,-5000,-2.27,904481,42625,49112,+6487,+9840,197326,227084,+29758,+44806,KRX
20230216,+220500,2,+5000,+2.32,959443,62667,59314,--3353,+9213,283773,268725,--15048,+41719,KRX
20230215,-215500,5,-8500,-3.79,1424562,92720,80154,--12566,+213,425318,368551,--56767,0,KRX
20230214,+224000,2,+1000,+0.45,745937,47327,34548,--12779,+34622,210354,153587,--56767,+153678,KRX
20230213,-223000,5,-7000,-3.04,1308899,80864,33463,--47401,--31003,359675,149230,--210445,--138217,KRX
20230210,230000,3,0,0.00,1412939,76325,59927,--16398,+58680,336737,264509,--72228,+258556,KRX
20230209,-230000,5,-500,-0.22,1575905,122246,47168,--75078,--55359,537556,206772,--330784,--243764,KRX
20230208,+230500,2,+11000,+5.01,1777709,85129,65410,--19719,+8571,372415,285395,--87020,+42522,KRX
20230207,+219500,2,+4000,+1.86,1041746,68918,40628,--28290,+58151,315690,186148,--129542,+263674,KRX
20230206,-215500,5,-8000,-3.58,1390741,124805,38364,--86441,--75586,568298,175082,--393216,--341009,KRX
20230203,+223500,2,+12000,+5.67,3065767,128808,117953,--10855,--6399,583807,531600,--52207,--31194,KRX
20230202,+211500,2,+6000,+2.92,1245591,56821,52365,--4456,--11333,268006,246993,--21013,--54347,KRX
20230201,+205500,2,+3000,+1.48,860204,46585,53462,+6877,+32685,227216,260550,+33334,+159593,KRX
20230131,-202500,5,-4500,-2.17,1076468,80451,54643,--25808,+22894,394175,267916,--126259,+106470,KRX
20230130,-207000,5,-4500,-2.13,1204050,99850,51148,--48702,--67545,477707,244978,--232729,--322223,KRX
20230127,+211500,2,+7500,+3.68,1212987,56611,75454,+18843,+27901,271493,360987,+89494,+134542,KRX
20230126,+204000,2,+2000,+0.99,873219,47795,38737,--9058,--1072,236628,191580,--45048,--5428,KRX
20230125,+202000,2,+6000,+3.06,988822,53870,45884,--7986,--3388,267090,227470,--39620,--15733,KRX
20230120,196000,3,0,0.00,787881,50814,46216,--4598,--15553,257585,233698,--23887,--79943,KRX
20230119,+196000,2,+500,+0.26,475600,21120,32075,+10955,+3111,108545,164601,+56056,+15994,KRX
20230118,+195500,2,+2000,+1.03,518929,29021,36865,+7844,+53840,149280,189342,+40062,+273391,KRX
20230117,-193500,5,-7000,-3.49,976576,71166,25170,--45996,--62498,361893,128564,--233329,--315887,KRX
20230116,+200500,2,+5500,+2.82,846276,24751,41253,+16502,+10080,124314,206872,+82558,+50113,KRX
20230113,+195000,2,+1000,+0.52,869459,45388,51810,+6422,+12251,230015,262460,+32445,+62120,KRX
20230112,-194000,5,-1000,-0.51,797343,53037,47208,--5829,+8415,271956,242281,--29675,+43225,KRX
20230111,+195000,2,+2000,+1.04,1030650,55008,40764,--14244,+15138,280687,207787,--72900,+79395,KRX
20230110,-193000,5,-3500,-1.78,839225,57787,28405,--29382,--67060,299106,146811,--152295,--348506,KRX
20230109,+196500,2,+11500,+6.22,1115201,21847,59525,+37678,+52036,112771,308982,+196211,+273963,KRX
20230106,-185000,5,-1000,-0.54,741129,47150,32792,--14358,--17292,255070,177318,--77752,--92988,KRX
20230105,+186000,2,+3500,+1.92,1107483,48562,51496,+2934,--20674,259716,274952,+15236,--114498,KRX
20230104,+182500,2,+4000,+2.24,792920,26602,50210,+23608,+19991,146612,276346,+129734,+109639,KRX
20230103,-178500,5,-1000,-0.56,573137,27531,31148,+3617,+6473,156021,176116,+20095,+36200,KRX
20230102,+179500,2,+2000,+1.13,438162,20533,17677,--2856,+8312,115251,99146,--16105,+46853,KRX
20221229,-177500,5,-2500,-1.39,656658,39648,28480,--11168,--16279,220937,157979,--62958,--91132,KRX
20221228,-180000,5,-1000,-0.55,580495,28628,33739,+5111,+11625,158444,186618,+28174,+64446,KRX
20221227,+181000,2,+2500,+1.40,492232,29960,23446,--6514,--7516,166188,129916,--36272,--41746,KRX
20221226,+178500,2,+500,+0.28,350843,13002,14004,+1002,+28207,72812,78286,+5474,+157175,KRX
20221223,-178000,5,-6500,-3.52,613209,44787,17582,--27205,--26685,249708,98007,--151701,--148713,KRX
20221222,+184500,2,+4500,+2.50,466951,23242,22722,--520,+8211,127159,124171,--2988,+45212,KRX
20221221,-180000,5,-500,-0.28,302976,17847,9116,--8731,--13717,98522,50322,--48200,--75650,KRX
20221220,-180500,5,-3000,-1.63,625022,27720,32706,+4986,--4181,153000,180450,+27450,--22588,KRX
20221219,+183500,2,+3000,+1.66,574398,17787,26954,+9167,--1317,97778,147816,+50038,--8507,KRX
20221216,-180500,5,-2000,-1.10,913806,48772,59256,+10484,+47348,270488,329033,+58545,+256083,KRX
20221215,-182500,5,-11000,-5.68,1270685,59539,22675,--36864,--42062,320236,122698,--197538,--224255,KRX
20221214,+193500,2,+500,+0.26,708760,25707,30905,+5198,+17268,133062,159779,+26717,+89058,KRX
20221213,193000,3,0,0.00,692706,45507,33437,--12070,+2108,235339,172998,--62341,+11081,KRX
20221212,-193000,5,-2000,-1.03,652814,34866,20688,--14178,--34695,180519,107097,--73422,--180011,KRX
20221209,+195000,2,+9500,+5.12,1081470,36904,57421,+20517,+16312,191641,298230,+106589,+84106,KRX
20221208,+185500,2,+2000,+1.09,709428,52024,56229,+4205,--307,280942,303425,+22483,--1937,KRX
20221207,-183500,5,-2000,-1.08,646753,29495,34007,+4512,+33478,159610,184030,+24420,+179421,KRX
20221206,-185500,5,-6000,-3.13,877534,54372,25406,--28966,--97280,291297,136296,--155001,--509859,KRX
20221205,+191500,2,+6000,+3.23,1224361,38682,106996,+68314,+53866,200440,555298,+354858,+277745,KRX
20221202,-185500,5,-2000,-1.07,796841,38491,52939,+14448,+36413,205328,282441,+77113,+193663,KRX
20221201,+187500,2,+500,+0.27,1218297,65773,43808,--21965,--39752,345499,228949,--116550,--212327,KRX
20221130,+187000,2,+4500,+2.47,880333,84081,101868,+17787,+9888,451968,547745,+95777,+52109,KRX
20221129,+182500,2,+2000,+1.11,481120,26877,34776,+7899,+774,147771,191439,+43668,+4393,KRX
20221128,-180500,5,-4500,-2.43,550985,25239,32364,+7125,+20018,139040,178315,+39275,+108238,KRX
20221125,-185000,5,-3000,-1.60,440351,26331,13438,--12893,+37,141063,72100,--68963,+806,KRX
20221124,+188000,2,+6500,+3.58,969322,59610,46680,--12930,+16374,320788,251019,--69769,+90405,KRX
20221123,+181500,2,+1000,+0.55,780342,69612,40308,--29304,--33535,380472,220298,--160174,--183721,KRX
20221122,-180500,5,-2000,-1.10,631550,34110,38341,+4231,--2528,187743,211290,+23547,--13414,KRX
20221121,-182500,5,-3000,-1.62,614738,28893,35652,+6759,+13135,157545,194506,+36961,+70768,KRX
20221118,-185500,5,-2500,-1.33,784241,50822,44446,--6376,+4007,271370,237563,--33807,+21076,KRX
20221117,-188000,5,-1500,-0.79,825254,77195,66812,--10383,+15106,410031,355148,--54883,+79278,KRX
20221116,-189500,5,-2500,-1.30,1156594,94284,68795,--25489,--46631,497094,362933,--134161,--244837,KRX
20221115,+192000,2,+3500,+1.86,889734,32456,53598,+21142,+78367,170368,281044,+110676,+410750,KRX
20221114,-188500,5,-5000,-2.58,1776156,154456,97231,--57225,--70554,808656,508582,--300074,--371832,KRX
20221111,+193500,2,+17500,+9.94,3312709,154626,167955,+13329,+50962,806956,878714,+71758,+284626,KRX
20221110,-176000,5,-4000,-2.22,975484,83844,46211,--37633,--358,473746,260878,--212868,--6517,KRX
20221109,+180000,2,+2500,+1.41,1596245,83287,46012,--37275,--73276,461153,254802,--206351,--409855,KRX
20221108,+177500,2,+8500,+5.03,2549625,146796,182797,+36001,+114545,834164,1037668,+203504,+661862,KRX
20221107,-169000,5,-5000,-2.87,2128304,161004,82460,--78544,--83824,937249,478891,--458358,--490038,KRX
20221104,+174000,2,+5000,+2.96,1248339,76661,81941,+5280,+19894,442873,474553,+31680,+118980,KRX
20221103,-169000,5,-5000,-2.87,1017930,47869,33255,--14614,--34190,284506,197206,--87300,--200049,KRX
20221102,+174000,2,+3500,+2.05,1585072,36995,56571,+19576,+26554,212729,325478,+112749,+154009,KRX
20221101,+170500,2,+1000,+0.59,768757,38362,31384,--6978,--36750,227079,185819,--41260,--221460,KRX
20221031,+169500,2,+9500,+5.94,1585289,82222,111994,+29772,+33457,490022,670222,+180200,+203788,KRX
20221028,-160000,5,-1000,-0.62,777329,49073,45388,--3685,--25430,307920,284332,--23588,--159048,KRX
20221027,+161000,2,+1500,+0.94,1058992,39677,61422,+21745,+5259,248500,383960,+135460,+33190,KRX
20221026,-159500,5,-6000,-3.63,1352211,47254,63740,+16486,+10631,292023,394293,+102270,+67034,KRX
20221025,+165500,2,+1500,+0.91,547041,25420,31275,+5855,+29682,153705,188941,+35236,+177382,KRX
20221024,-164000,5,-2000,-1.20,888373,43512,19685,--23827,--22875,260749,118603,--142146,--136346,KRX
20221021,-166000,5,-2500,-1.48,749769,36935,35983,--952,--28365,222534,216734,--5800,--170562,KRX
20221020,168500,3,0,0.00,1098598,55422,82835,+27413,+45515,332898,497660,+164762,+270348,KRX
20221019,-168500,5,-4000,-2.32,1172766,65715,47613,--18102,+3744,385293,279707,--105586,+21831,KRX
20221018,+172500,2,+5500,+3.29,1414552,76289,54443,--21846,--37258,444875,317458,--127417,--220531,KRX
20221017,+167000,2,+1500,+0.91,1436527,41969,57381,+15412,+71094,254763,347877,+93114,+428870,KRX
20221014,+165500,2,+7000,+4.42,1568930,93627,37945,--55682,--54829,564288,228532,--335756,--331246,KRX
20221013,-158500,5,-3500,-2.16,1487183,57048,56195,--853,--11559,360517,356007,--4510,--71145,KRX
20221012,+162000,2,+3500,+2.21,1515631,65103,75809,+10706,+21549,402550,469185,+66635,+135761,KRX
20221011,-158500,5,-1500,-0.94,1835014,133686,122843,--10843,--27894,848818,779692,--69126,--174717,KRX
20221007,-160000,5,-7000,-4.19,2596863,88163,105214,+17051,+7101,543207,648798,+105591,+50985,KRX
20221006,+167000,2,+3000,+1.83,3477299,166392,176342,+9950,+167796,1000970,1055576,+54606,+994325,KRX
20221005,-164000,5,-12500,-7.08,6634375,424342,266496,--157846,--53069,2525110,1585391,--939719,--360776,KRX
20221004,-176500,5,-17000,-8.79,3753785,209028,104251,--104777,--130350,1149003,570060,--578943,--709658,KRX
20220930,-193500,5,-3000,-1.53,924294,45259,70832,+25573,+37176,233886,364601,+130715,+188118,KRX
20220929,-196500,5,-4000,-2.00,612278,52892,41289,--11603,--15892,263222,205819,--57403,--78781,KRX
20220928,-200500,5,-4000,-1.96,579635,33570,37859,+4289,+32591,167907,189285,+21378,+161343,KRX
20220927,204500,3,0,0.00,641394,59967,31665,--28302,--17494,296205,156240,--139965,--87337,KRX
20220926,-204500,5,-6000,-2.85,513342,37136,26328,--10808,--15610,180836,128208,--52628,--75374,KRX
20220923,+210500,2,+4000,+1.94,655441,29132,33934,+4802,--6744,138785,161531,+22746,--33141,KRX
20220922,-206500,5,-6500,-3.05,693460,33491,45037,+11546,+30712,161917,217804,+55887,+145636,KRX
20220921,-213000,5,-5000,-2.29,493972,45202,26036,--19166,--17739,211637,121888,--89749,--83121,KRX
20220920,218000,3,0,0.00,240498,20095,18668,--1427,--29140,91790,85162,--6628,--133673,KRX
20220919,-218000,5,-2000,-0.91,502182,28611,56324,+27713,+5755,130932,257977,+127045,+28052,KRX
20220916,-220000,5,-5500,-2.44,777712,40514,62472,+21958,+46005,183716,282709,+98993,+204872,KRX
20220915,-225500,5,-4500,-1.96,525459,45695,21648,--24047,+766,201094,95215,--105879,+3395,KRX
20220914,-230000,5,-8500,-3.56,552863,51785,26972,--24813,--11125,226895,117621,--109274,--51554,KRX
20220913,+238500,2,+7000,+3.02,510894,47440,33752,--13688,+4660,199464,141744,--57720,+21572,KRX
20220908,231500,3,0,0.00,542651,77679,59331,--18348,+560,335447,256155,--79292,+2984,KRX
20220907,-231500,5,-3500,-1.49,480805,42099,23191,--18908,--17552,182802,100526,--82276,--76471,KRX
20220906,-235000,5,-1000,-0.42,240015,21131,19775,--1356,--12322,89874,84069,--5805,--52272,KRX
20220905,+236000,2,+2000,+0.85,327916,11082,22048,+10966,+23319,47050,93517,+46467,+99400,KRX
20220902,-234000,5,-2000,-0.85,374672,38524,26171,--12353,--5858,163889,110956,--52933,--24986,KRX
20220901,-236000,5,-4000,-1.67,410984,48801,42306,--6495,--18658,207757,179810,--27947,--78798,KRX
20220831,+240000,2,+2000,+0.84,424718,43038,55201,+12163,--3211,180512,231363,+50851,--13799,KRX
20220830,+238000,2,+4000,+1.71,306143,17879,33253,+15374,+13035,75394,140044,+64650,+54684,KRX
20220829,-234000,5,-8000,-3.31,610295,32354,34693,+2339,+10493,138687,148653,+9966,+43412,KRX
20220826,-242000,5,-2500,-1.02,306637,30525,22371,--8154,--10284,125297,91851,--33446,--42149,KRX
20220825,+244500,2,+3000,+1.24,347778,26406,28536,+2130,+205,107603,116306,+8703,+779,KRX
20220824,+241500,2,+500,+0.21,344838,28875,30800,+1925,+5517,119606,127530,+7924,+22493,KRX
20220823,-241000,5,-4500,-1.83,400035,30319,26727,--3592,--13455,125039,110470,--14569,--54791,KRX
20220822,-245500,5,-2500,-1.01,340467,20175,30038,+9863,+6356,82367,122589,+40222,+26110,KRX
20220819,-248000,5,-2000,-0.80,382703,27387,30894,+3507,--7815,110286,124398,+14112,--30815,KRX
20220818,-250000,5,-8000,-3.10,788467,38492,49814,+11322,+3103,153507,198434,+44927,+13279,KRX
20220817,-258000,5,-1500,-0.58,433453,28734,36953,+8219,+61429,111668,143316,+31648,+235207,KRX
20220816,-259500,5,-6000,-2.26,864710,87498,34288,--53210,--58735,334676,131117,--203559,--224244,KRX
20220812,-265500,5,-2000,-0.75,402713,47142,52667,+5525,+6810,177255,197940,+20685,+25756,KRX
20220811,+267500,2,+5500,+2.10,517715,52310,51025,--1285,--8556,195512,190441,--5071,--32708,KRX
20220810,-262000,5,-3000,-1.13,317975,26404,33675,+7271,--25226,100677,128314,+27637,--96030,KRX
20220809,+265000,2,+6500,+2.51,529474,22441,54938,+32497,+65720,85170,208837,+123667,+252042,KRX
20220808,-258500,5,-8500,-3.18,940226,94513,61290,--33223,--11135,364932,236557,--128375,--46430,KRX
20220805,-267000,5,-6500,-2.38,949836,91887,69799,--22088,--930,339824,257879,--81945,--4697,KRX
20220804,+273500,2,+4500,+1.67,960547,77651,56493,--21158,--16460,283475,206227,--77248,--59464,KRX
20220803,+269000,2,+10000,+3.86,831121,62586,57888,--4698,+3341,234950,217166,--17784,+13866,KRX
20220802,259000,3,0,0.00,551218,47725,39686,--8039,+11607,185414,153764,--31650,+44028,KRX
20220801,259000,3,0,0.00,532517,54255,34609,--19646,--66110,209325,133647,--75678,--256279,KRX
20220729,+259000,2,+12000,+4.86,1105156,81193,127657,+46464,+61401,313405,494006,+180601,+241364,KRX
20220728,+247000,2,+1000,+0.41,564324,52269,37332,--14937,+1259,210214,149451,--60763,+5862,KRX
20220727,+246000,2,+1000,+0.41,576997,56784,40588,--16196,--10131,232268,165643,--66625,--41334,KRX
20220726,-245000,5,-3000,-1.21,432397,35636,29571,--6065,+61,146754,121463,--25291,--298,KRX
20220725,-248000,5,-2000,-0.80,380368,30978,24852,--6126,--1976,125618,100625,--24993,--8441,KRX
20220722,-250000,5,-500,-0.20,465586,44472,40322,--4150,--15448,177773,161221,--16552,--61023,KRX
20220721,+250500,2,+4500,+1.83,567875,32523,43821,+11298,+25507,129296,173767,+44471,+101800,KRX
20220720,+246000,2,+2500,+1.03,635582,52280,38071,--14209,--6935,209971,152642,--57329,--27278,KRX
20220719,-243500,5,-3000,-1.22,350932,32095,24821,--7274,--49935,132377,102326,--30051,--206121,KRX
20220718,+246500,2,+15500,+6.71,986963,48631,91292,+42661,--2401,200776,376846,+176070,--19258,KRX
20220715,-231000,5,-2500,-1.07,826920,36501,81563,+45062,+35707,158218,353546,+195328,+155452,KRX
20220714,-233500,5,-4000,-1.68,611226,56902,66257,+9355,+9223,243974,283850,+39876,+39346,KRX
20220713,+237500,2,+4000,+1.71,451619,50770,50902,+132,--8327,214597,215127,+530,--36073,KRX
20220712,-233500,5,-7000,-2.91,601679,40981,49440,+8459,+10128,175930,212533,+36603,+43801,KRX
20220711,-240500,5,-8500,-3.41,554603,48666,46997,--1669,--14648,200664,193466,--7198,--59092,KRX
20220708,+249000,2,+4000,+1.63,652395,45522,58501,+12979,--977,183048,234942,+51894,--4879,KRX
20220707,+245000,2,+1500,+0.62,547620,35614,49570,+13956,--15359,145293,202066,+56773,--63480,KRX
20220706,+243500,2,+500,+0.21,875386,40469,69784,+29315,+15065,165136,285389,+120253,+61975,KRX
20220705,+243000,2,+8000,+3.40,654854,36022,50272,+14250,+8300,148346,206624,+58278,+33039,KRX
20220704,-235000,5,-2000,-0.84,512776,33788,39738,+5950,+10696,143763,169002,+25239,+44827,KRX
20220701,-237000,5,-3000,-1.25,527033,50738,45992,--4746,--6170,213880,194292,--19588,--25438,KRX
20220630,-240000,5,-6500,-2.64,764891,56408,57832,+1424,--13536,234376,240226,+5850,--54867,KRX
20220629,-246500,5,-6000,-2.38,464699,32320,47280,+14960,+22913,131071,191788,+60717,+92539,KRX
20220628,+252500,2,+3500,+1.41,460119,40894,32941,--7953,--63,163177,131355,--31822,--552,KRX
20220627,+249000,2,+1500,+0.61,634239,51676,43786,--7890,+8426,206725,175455,--31270,+35743,KRX
20220624,+247500,2,+13500,+5.77,990710,92200,75884,--16316,--20947,377959,310946,--67013,--86554,KRX
20220623,+234000,2,+5000,+2.18,894526,82201,86832,+4631,+19916,351280,370821,+19541,+85544,KRX
20220622,-229000,5,-10500,-4.38,894578,77316,62031,--15285,--28028,335223,269220,--66003,--119078,KRX
20220621,+239500,2,+5500,+2.35,526317,36731,49474,+12743,+27419,153981,207056,+53075,+115702,KRX
20220620,-234000,5,-3500,-1.47,719666,64855,50179,--14676,+1763,277924,215297,--62627,+6498,KRX
20220617,-237500,5,-2500,-1.04,990192,143038,126599,--16439,--6148,601840,532715,--69125,--27263,KRX
20220616,-240000,5,-4500,-1.84,737844,64911,54620,--10291,+5619,266041,224179,--41862,+22874,KRX
20220615,-244500,5,-8500,-3.36,751618,63726,47816,--15910,--8916,260098,195362,--64736,--36392,KRX
20220614,-253000,5,-1000,-0.39,731127,71910,64916,--6994,+12751,287717,259373,--28344,+48424,KRX
20220613,-254000,5,-16000,-5.93,928643,88719,68974,--19745,--21475,344865,268097,--76768,--83038,KRX
20220610,-270000,5,-3000,-1.10,497525,61867,63597,+1730,--30155,228544,234814,+6270,--110292,KRX
20220609,-273000,5,-5000,-1.80,753205,79435,111320,+31885,+39721,291336,407898,+116562,+144811,KRX
20220608,278000,3,0,0.00,400681,57565,49729,--7836,--29556,207265,179016,--28249,--106240,KRX
20220607,-278000,5,-9500,-3.30,660801,41660,63380,+21720,+32114,149276,227267,+77991,+114291,KRX
20220603,-287500,5,-2500,-0.86,470483,54600,44206,--10394,--34400,188359,152059,--36300,--119651,KRX
20220602,+290000,2,+2000,+0.69,608586,64812,88818,+24006,--33694,224872,308223,+83351,--117387,KRX
20220531,+288000,2,+7000,+2.49,1515701,255391,313091,+57700,+17769,889204,1089942,+200738,+57790,KRX
20220530,+281000,2,+11000,+4.07,751170,31791,71722,+39931,+24003,113692,256640,+142948,+84201,KRX
20220527,+270000,2,+4000,+1.50,481191,36338,52266,+15928,--38392,134497,193244,+58747,--143169,KRX
20220526,266000,3,0,0.00,541194,20770,75090,+54320,+66116,77365,279281,+201916,+246175,KRX
20220525,266000,3,0,0.00,533307,57508,45712,--11796,+22228,215986,171727,--44259,+82443,KRX
20220524,-266000,5,-11500,-4.14,574617,61633,27609,--34024,--45489,229284,102582,--126702,--168136,KRX
20220523,+277500,2,+2500,+0.91,317519,24285,35750,+11465,--4789,87913,129347,+41434,--17628,KRX
20220520,+275000,2,+3500,+1.29,468832,33098,49352,+16254,+20824,120950,180012,+59062,+76246,KRX
20220519,-271500,5,-5000,-1.81,625683,54928,50358,--4570,--4869,203486,186302,--17184,--18187,KRX
20220518,+276500,2,+1000,+0.36,536493,46405,46704,+299,+576,167340,168343,+1003,+2044,KRX
20220517,+275500,2,+2000,+0.73,430794,42531,42254,--277,+12389,154756,153715,--1041,+45187,KRX
20220516,-273500,5,-1000,-0.36,385763,42860,30194,--12666,--12921,155950,109722,--46228,--46897,KRX
20220513,+274500,2,+4500,+1.67,474153,42994,43249,+255,+2361,157825,158494,+669,+8370,KRX
20220512,-270000,5,-9000,-3.23,611860,59381,57275,--2106,--7433,218357,210656,--7701,--26860,KRX
20220511,+279000,2,+3000,+1.09,473201,55172,60499,+5327,--133,199261,218420,+19159,--893,KRX
20220510,+276000,2,+1000,+0.36,732705,70044,75504,+5460,--6879,255481,275533,+20052,--24916,KRX
20220509,+275000,2,+3000,+1.10,538607,33314,45653,+12339,+32752,121545,166513,+44968,+120234,KRX
20220506,-272000,5,-10000,-3.55,787063,69903,49490,--20413,--6962,257747,182481,--75266,--27584,KRX
20220504,282000,3,0,0.00,394212,37836,24385,--13451,--17498,134130,86448,--47682,--61890,KRX
20220503,+282000,2,+1000,+0.36,419535,36123,40170,+4047,+12810,128100,142308,+14208,+45438,KRX
20220502,-281000,5,-5500,-1.92,509250,48556,39793,--8763,--10117,173262,142032,--31230,--35866,KRX
20220429,+286500,2,+6000,+2.14,540274,53496,54850,+1354,+10172,187759,192395,+4636,+36176,KRX
20220428,280500,3,0,0.00,547958,55983,47165,--8818,--27205,199204,167664,--31540,--97338,KRX
20220427,-280500,5,-6500,-2.26,875090,52793,71180,+18387,+80626,188902,254700,+65798,+281785,KRX
20220426,-287000,5,-1500,-0.52,804555,127391,65152,--62239,--11360,442563,226576,--215987,--40637,KRX
20220425,-288500,5,-11500,-3.83,823308,91012,40133,--50879,--11253,313565,138215,--175350,--43603,KRX
20220422,-300000,5,-9500,-3.07,1166406,97025,57399,--39626,+48364,322821,191074,--131747,+153191,KRX
20220421,-309500,5,-6000,-1.90,803990,108459,20469,--87990,--54430,351146,66208,--284938,--178177,KRX
20220420,+315500,2,+3500,+1.12,496286,61546,27986,--33560,--21883,195640,88879,--106761,--69428,KRX
20220419,+312000,2,+5500,+1.79,371024,36234,24557,--11677,--11080,116388,79055,--37333,--35381,KRX
20220418,-306500,5,-2000,-0.65,209787,12002,11405,--597,+1537,39161,37209,--1952,+5057,KRX
20220415,-308500,5,-4500,-1.44,369642,17759,15625,--2134,+1331,57547,50538,--7009,+4103,KRX
20220414,+313000,2,+2500,+0.81,459979,35402,31937,--3465,+33800,113260,102148,--11112,+110395,KRX
20220413,+310500,2,+2000,+0.65,519629,56365,19100,--37265,--12477,183460,61953,--121507,--40481,KRX
20220412,-308500,5,-4500,-1.44,467984,58378,33590,--24788,--1210,190244,109218,--81026,--4693,KRX
20220411,-313000,5,-3500,-1.11,507362,57357,33779,--23578,--1334,185085,108752,--76333,--5646,KRX
20220408,-316500,5,-4500,-1.40,626173,61183,38939,--22244,--13821,193875,123188,--70687,--44501,KRX
20220407,-321000,5,-9000,-2.73,493204,63246,54823,--8423,--1503,196020,169834,--26186,--5651,KRX
20220406,-330000,5,-12500,-3.65,647201,54959,48039,--6920,--32548,164780,144245,--20535,--95657,KRX
20220405,+342500,2,+4500,+1.33,389951,30715,56343,+25628,+15509,90281,165403,+75122,+44938,KRX
20220404,+338000,2,+2500,+0.75,283687,26651,36770,+10119,--8983,79234,109418,+30184,--26450,KRX
20220401,-335500,5,-5000,-1.47,446987,42781,61883,+19102,+47534,127063,183697,+56634,+140239,KRX
20220331,+340500,2,+1500,+0.44,427064,64659,36227,--28432,--18540,189929,106324,--83605,--54371,KRX
20220330,+339000,2,+5000,+1.50,454373,49437,39545,--9892,--8143,145663,116429,--29234,--23925,KRX
20220329,+334000,2,+2500,+0.75,323767,34288,32539,--1749,--6432,102456,97147,--5309,--19380,KRX
20220328,-331500,5,-1500,-0.45,356589,32090,36773,+4683,+20872,97498,111569,+14071,+62529,KRX
20220325,-333000,5,-7000,-2.06,559026,75464,59275,--16189,--6996,225622,177164,--48458,--20853,KRX
20220324,-340000,5,-5500,-1.59,528012,68115,58922,--9193,--15382,201805,174200,--27605,--45590,KRX
20220323,+345500,2,+6000,+1.77,504911,42041,48230,+6189,+15099,122177,140162,+17985,+44289,KRX
20220322,+339500,2,+500,+0.15,301259,41383,32473,--8910,+11674,122029,95725,--26304,+34352,KRX
20220321,-339000,5,-5500,-1.60,398441,56197,35613,--20584,--65460,165477,104821,--60656,--190766,KRX
20220318,344500,3,0,0.00,722326,87890,132766,+44876,--31714,255182,385292,+130110,--92664,KRX
20220317,+344500,2,+14000,+4.24,1070200,89064,165654,+76590,+97773,258279,481053,+222774,+287511,KRX
20220316,+330500,2,+3000,+0.92,584708,77977,56794,--21183,+49058,237117,172380,--64737,+148108,KRX
20220315,-327500,5,-1500,-0.46,627012,112920,42679,--70241,--19964,342370,129525,--212845,--60566,KRX
20220314,329000,3,0,0.00,679812,89446,39169,--50277,--10108,270775,118496,--152279,--29094,KRX
20220311,-329000,5,-1500,-0.45,737003,98406,58237,--40169,--131224,300975,177790,--123185,--398406,KRX
20220310,+330500,2,+26000,+8.54,1521280,146163,237218,+91055,+98252,443448,718669,+275221,+298623,KRX
20220308,-304500,5,-2500,-0.81,559921,78367,71170,--7197,+56444,256490,233088,--23402,+183965,KRX
20220307,-307000,5,-10500,-3.31,535033,97691,34050,--63641,--59841,318196,110829,--207367,--195275,KRX
20220304,-317500,5,-8000,-2.46,445607,34453,30653,--3800,--42300,107942,95850,--12092,--130497,KRX
20220303,+325500,2,+8500,+2.68,580888,38056,76556,+38500,+57650,117294,235699,+118405,+179003,KRX
20220302,-317000,5,-1000,-0.31,546099,73326,54176,--19150,--34784,231470,170872,--60598,--109991,KRX
20220228,+318000,2,+3500,+1.11,542469,72249,87883,+15634,--24748,228193,277586,+49393,--79918,KRX
20220225,+314500,2,+12000,+3.97,857872,60380,100762,+40382,+28070,193383,322694,+129311,+88497,KRX
20220224,-302500,5,-6500,-2.10,666538,46149,58461,+12312,+29387,152435,193249,+40814,+95945,KRX
20220223,-309000,5,-4000,-1.28,443348,60255,43180,--17075,--15738,194261,139130,--55131,--50541,KRX
20220222,-313000,5,-5000,-1.57,484404,40812,39475,--1337,--46213,131551,126961,--4590,--147386,KRX
20220221,318000,3,0,0.00,550016,20809,65685,+44876,+52603,66436,209232,+142796,+167086,KRX
20220218,-318000,5,-6500,-2.00,549382,56134,48407,--7727,+4879,176683,152393,--24290,+14404,KRX
20220217,324500,3,0,0.00,481773,66625,54019,--12606,--44414,204780,166086,--38694,--137058,KRX
20220216,+324500,2,+6000,+1.88,447832,23490,55298,+31808,+53226,72684,171048,+98364,+165508,KRX
20220215,-318500,5,-3500,-1.09,335584,52211,30793,--21418,--27183,163241,96097,--67144,--84909,KRX
20220214,-322000,5,-5500,-1.68,424845,41488,47253,+5765,+10296,128742,146507,+17765,+31593,KRX
20220211,-327500,5,-4000,-1.21,450896,51069,46538,--4531,--3954,156015,142187,--13828,--11761,KRX
20220210,+331500,2,+5500,+1.69,701866,76042,75465,--577,+15803,228842,226775,--2067,+48453,KRX
20220209,+326000,2,+4000,+1.24,377538,67484,51104,--16380,+17409,208039,157519,--50520,+53778,KRX
20220208,-322000,5,-5000,-1.53,427530,77352,43563,--33789,--11801,238624,134326,--104298,--36603,KRX
20220207,-327000,5,-500,-0.15,492656,66534,44546,--21988,--5008,204674,136979,--67695,--15650,KRX
20220204,+327500,2,+7000,+2.18,548945,72557,55577,--16980,--6280,222128,170083,--52045,--18966,KRX
20220203,+320500,2,+10500,+3.39,884438,122793,112093,--10700,+34397,379537,346458,--33079,+115215,KRX
20220128,+310000,2,+7000,+2.31,974351,120623,75526,--45097,+5947,395814,247520,--148294,+17876,KRX
20220127,-303000,5,-10000,-3.19,949565,128526,77482,--51044,--34614,417930,251760,--166170,--114361,KRX
20220126,-313000,5,-9000,-2.80,811297,84991,68561,--16430,+31935,269908,218099,--51809,+98269,KRX
20220125,-322000,5,-6500,-1.98,799996,108842,60477,--48365,--11913,337724,187646,--150078,--39567,KRX
20220124,-328500,5,-4500,-1.35,494977,70390,33938,--36452,--33435,213394,102883,--110511,--101130,KRX
20220121,-333000,5,-2000,-0.60,580928,65651,62634,--3017,+12911,197102,187721,--9381,+39187,KRX
20220120,+335000,2,+2500,+0.75,695553,95196,79268,--15928,+21127,287979,239411,--48568,+63839,KRX
20220119,-332500,5,-5500,-1.63,749338,88225,51170,--37055,--15292,267028,154621,--112407,--48281,KRX
20220118,-338000,5,-5500,-1.60,441573,65615,43852,--21763,--21339,193065,128939,--64126,--62948,KRX
20220117,+343500,2,+1500,+0.44,418789,46166,45742,--424,+49158,134631,133453,--1178,+145026,KRX
20220114,-342000,5,-6000,-1.72,504907,81901,32319,--49582,--3419,241245,95041,--146204,--13960,KRX
20220113,+348000,2,+2500,+0.72,677226,99296,53133,--46163,+10553,284595,152351,--132244,+31046,KRX
20220112,+345500,2,+10500,+3.13,1047713,137350,80634,--56716,--7142,395769,232479,--163290,--16297,KRX
20220111,335000,3,0,0.00,805084,104136,54562,--49574,--52668,308290,161297,--146993,--156381,KRX
20220110,-335000,5,-3000,-0.89,828611,67437,70531,+3094,+70182,201962,211350,+9388,+206945,KRX
20220107,-338000,5,-500,-0.15,787839,115967,48879,--67088,--59994,341484,143927,--197557,--177354,KRX
20220106,-338500,5,-16500,-4.65,1280916,88002,80908,--7094,--9963,256677,236474,--20203,--28481,KRX
20220105,-355000,5,-10500,-2.87,1151703,114041,116910,+2869,+88621,320600,328878,+8278,+241075,KRX
20220104,-365500,5,-10500,-2.79,803676,112690,26938,--85752,--45408,305917,73120,--232797,--125814,KRX
20220103,-376000,5,-2500,-0.66,378920,65338,24994,--40344,--40037,173203,66220,--106983,--106165,KRX
20211230,-378500,5,-3500,-0.92,369314,26925,26618,--307,--4745,71196,70378,--818,--12579,KRX
20211229,-382000,5,-2500,-0.65,352409,28804,33242,+4438,--11237,74981,86742,+11761,--29293,KRX
20211228,+384500,2,+4000,+1.05,551228,44502,60177,+15675,+24344,116519,157573,+41054,+63778,KRX
20211227,-380500,5,-3500,-0.91,226757,21579,12910,--8669,--11277,56606,33882,--22724,--29544,KRX
20211224,+384000,2,+6000,+1.59,412695,22205,24813,+2608,+9328,57705,64525,+6820,+24701,KRX
20211223,-378000,5,-500,-0.13,354342,35396,28676,--6720,--4649,93944,76063,--17881,--12333,KRX
20211222,+378500,2,+3500,+0.93,263513,28220,26149,--2071,+12342,74717,69169,--5548,+32946,KRX
20211221,+375000,2,+2000,+0.54,480367,68064,53651,--14413,+10039,181453,142959,--38494,+26711,KRX
20211220,-373000,5,-11500,-2.99,630690,61513,37061,--24452,+9289,163890,98685,--65205,+22509,KRX
20211217,-384500,5,-3000,-0.77,505284,102436,68695,--33741,--35729,266161,178447,--87714,--92268,KRX
20211216,387500,3,0,0.00,543865,56353,58341,+1988,--13500,145302,149856,+4554,--35333,KRX
20211215,-387500,5,-4500,-1.15,290339,27865,43353,+15488,--2059,71801,111688,+39887,--4932,KRX
20211214,+392000,2,+1500,+0.38,322068,38631,56178,+17547,+53515,98958,143777,+44819,+136440,KRX
20211213,-390500,5,-4500,-1.14,346330,65147,29179,--35968,--29111,165877,74256,--91621,--74206,KRX
20211210,-395000,5,-4500,-1.13,224452,42572,35715,--6857,--17151,107845,90430,--17415,--43439,KRX
20211209,+399500,2,+4500,+1.14,748143,182348,192642,+10294,--22121,457435,483459,+26024,--55743,KRX
20211208,+395000,2,+4000,+1.02,534080,52034,84449,+32415,+43977,131350,213117,+81767,+111443,KRX
20211207,-391000,5,-1000,-0.26,384366,59379,47817,--11562,+21193,152137,122461,--29676,+54044,KRX
20211206,-392000,5,-10000,-2.49,456773,70179,37424,--32755,--68693,178965,95245,--83720,--173544,KRX
20211203,+402000,2,+3500,+0.88,501099,56177,92115,+35938,--21666,140519,230343,+89824,--55577,KRX
20211202,+398500,2,+8500,+2.18,613006,70288,127892,+57604,+25640,177926,323327,+145401,+63117,KRX
20211201,+390000,2,+9000,+2.36,548840,62311,94275,+31964,+108727,160454,242738,+82284,+282585,KRX
20211130,-381000,5,-5500,-1.42,1103481,265161,188398,--76763,--55628,693096,492795,--200301,--145895,KRX
20211129,-386500,5,-3000,-0.77,457264,64131,42996,--21135,+29334,165440,111034,--54406,+74835,KRX
20211126,-389500,5,-7500,-1.89,473540,77388,26919,--50469,--49042,198180,68939,--129241,--125362,KRX
20211125,+397000,2,+2000,+0.51,323058,40282,38855,--1427,+34985,101440,97561,--3879,+88082,KRX
20211124,-395000,5,-5000,-1.25,554151,69393,32981,--36412,+45206,175365,83404,--91961,+111491,KRX
20211123,-400000,5,-10000,-2.44,682033,135291,53673,--81618,--84036,337305,133853,--203452,--209075,KRX
20211122,+410000,2,+6000,+1.49,555854,55620,58038,+2418,+16368,137130,142753,+5623,+40112,KRX
20211119,-404000,5,-3000,-0.74,415847,60088,46138,--13950,--83777,148080,113591,--34489,--205230,KRX
20211118,+407000,2,+6000,+1.50,729079,59606,129433,+69827,+41519,146222,316963,+170741,+100148,KRX
20211117,-401000,5,-4500,-1.11,540444,32893,61201,+28308,+15443,81952,152545,+70593,+38952,KRX
20211116,-405500,5,-5500,-1.34,490783,55303,68168,+12865,+819,135710,167351,+31641,+2356,KRX
20211115,+411000,2,+2000,+0.49,331770,27546,39592,+12046,+8877,67107,96392,+29285,+21924,KRX
20211112,+409000,2,+2000,+0.49,412100,53169,56338,+3169,+10022,130323,137684,+7361,+24155,KRX
20211111,-407000,5,-7500,-1.81,566739,89394,82541,--6853,--22945,219289,202495,--16794,--55564,KRX
20211110,-414500,5,-3000,-0.72,414599,42937,59029,+16092,+8187,103623,142393,+38770,+19872,KRX
20211109,+417500,2,+9500,+2.33,542759,49960,57865,+7905,+7044,120519,139417,+18898,+16843,KRX
20211108,-408000,5,-2500,-0.61,365376,34274,35135,+861,+4408,83805,85860,+2055,+10823,KRX
20211105,-410500,5,-1000,-0.24,309468,37083,33536,--3547,--29746,90707,81939,--8768,--72401,KRX
20211104,+411500,2,+9000,+2.24,537599,43875,70074,+26199,+31595,106549,170182,+63633,+77061,KRX
20211103,-402500,5,-7500,-1.83,366530,49108,43712,--5396,--10186,121717,108289,--13428,--25045,KRX
20211102,+410000,2,+1500,+0.37,352579,35837,40627,+4790,+7990,87310,98927,+11617,+19471,KRX
20211101,+408500,2,+1500,+0.37,337049,47887,44687,--3200,+3953,117295,109441,--7854,+9710,KRX
20211029,-407000,5,-6000,-1.45,472080,76612,69459,--7153,+7255,187679,170115,--17564,+17456,KRX
20211028,-413000,5,-1500,-0.36,494766,69342,54934,--14408,--15758,167156,132136,--35020,--38188,KRX
20211027,+414500,2,+2000,+0.48,497113,48174,49524,+1350,--14554,116226,119394,+3168,--35624,KRX
20211026,+412500,2,+10000,+2.48,471083,34273,50177,+15904,+29444,83485,122277,+38792,+72474,KRX
20211025,-402500,5,-5000,-1.23,461889,59606,46066,--13540,+23535,147477,113795,--33682,+57831,KRX
20211022,-407500,5,-3000,-0.73,395564,63395,26320,--37075,--22742,156370,64857,--91513,--56313,KRX
20211021,+410500,2,+3000,+0.74,482389,67760,53427,--14333,--12957,166114,130914,--35200,--31707,KRX
20211020,407500,3,0,0.00,591636,70475,69099,--1376,--29728,171340,167847,--3493,--73539,KRX
20211019,+407500,2,+11000,+2.77,560257,45210,73562,+28352,+23536,111872,181918,+70046,+57735,KRX
20211018,+396500,2,+3000,+0.76,448726,45628,50444,+4816,+3454,115031,127342,+12311,+8772,KRX
20211015,-393500,5,-1500,-0.38,444506,48104,49466,+1362,+35425,121589,125128,+3539,+89631,KRX
20211014,+395000,2,+13000,+3.40,689827,114969,80906,--34063,--46140,291486,205394,--86092,--117678,KRX
20211013,+382000,2,+10000,+2.69,612239,59558,71635,+12077,+24192,157066,188652,+31586,+63699,KRX
20211012,-372000,5,-16500,-4.25,817135,103523,91408,--12115,+11344,275114,243001,--32113,+27905,KRX
20211008,-388500,5,-5000,-1.27,542514,80234,56775,--23459,--14235,205361,145343,--60018,--36706,KRX
20211007,+393500,2,+20500,+5.50,832068,82908,73684,--9224,--11544,212210,188898,--23312,--29294,KRX
20211006,+373000,2,+2500,+0.67,826716,83707,86027,+2320,--13941,223179,229161,+5982,--37574,KRX
20211005,-370500,5,-11500,-3.01,828794,82603,98864,+16261,+15951,221242,264798,+43556,+42754,KRX
20211001,-382000,5,-6000,-1.55,402239,31448,31758,+310,+29225,81762,82564,+802,+75748,KRX
20210930,+388000,2,+1000,+0.26,611128,109388,80473,--28915,--36521,283029,208083,--74946,--94693,KRX
20210929,-387000,5,-5500,-1.40,664216,69307,76913,+7606,+36793,180136,199883,+19747,+93603,KRX
20210928,-392500,5,-10500,-2.61,857556,99490,70303,--29187,--17408,252542,178686,--73856,--44757,KRX
20210927,-403000,5,-2500,-0.62,455667,57081,45302,--11779,--34043,141230,112131,--29099,--83982,KRX
20210924,+405500,2,+5500,+1.38,574341,55854,78118,+22264,+41554,138704,193587,+54883,+103284,KRX
20210923,-400000,5,-3000,-0.74,615295,85924,66634,--19290,--13176,215207,166806,--48401,--33209,KRX
20210917,+403000,2,+1000,+0.25,558566,68089,61975,--6114,--23771,169125,153933,--15192,--58446,KRX
20210916,+402000,2,+1500,+0.37,614987,50235,67892,+17657,+35455,124502,167756,+43254,+87417,KRX
20210915,-400500,5,-2000,-0.50,730616,78274,60476,--17798,+27757,194317,150154,--44163,+70706,KRX
20210914,-402500,5,-5500,-1.35,1636660,124028,78473,--45555,--22770,311668,196799,--114869,--59065,KRX
20210913,-408000,5,-2000,-0.49,771749,82067,59282,--22785,+36588,201466,145662,--55804,+89110,KRX
20210910,+410000,2,+11000,+2.76,1326870,143679,84306,--59373,+25786,351104,206190,--144914,+67267,KRX
20210909,-399000,5,-10500,-2.56,1972500,259356,174197,--85159,+45614,647871,435690,--212181,+101653,KRX
20210908,-409500,5,-35000,-7.87,2470864,255281,124508,--130773,--115278,612793,298959,--313834,--279169,KRX
20210907,-444500,5,-9500,-2.09,356293,39000,23505,--15495,+569,87189,52524,--34665,+1233,KRX
20210906,+454000,2,+1500,+0.33,368743,45274,29210,--16064,--34261,100624,64726,--35898,--76194,KRX
20210903,+452500,2,+10000,+2.26,646199,51282,69479,+18197,+7130,114193,154489,+40296,+15410,KRX
20210902,-442500,5,-2500,-0.56,431529,62499,73566,+11067,--42122,140932,165818,+24886,--94822,KRX
20210901,+445000,2,+6000,+1.37,655075,48543,101732,+53189,--36980,109602,229310,+119708,--87578,KRX
20210831,+439000,2,+11000,+2.57,768823,98025,188194,+90169,+76611,224635,431921,+207286,+175510,KRX
20210830,+428000,2,+8000,+1.90,399336,29513,43071,+13558,+57140,69283,101059,+31776,+135586,KRX
20210827,-420000,5,-3500,-0.83,567004,110815,67233,--43582,--32137,263777,159967,--103810,--76834,KRX
20210826,-423500,5,-7000,-1.63,645901,85369,73924,--11445,+41432,201357,174381,--26976,+95844,KRX
20210825,-430500,5,-7000,-1.60,677224,100443,47566,--52877,--60127,233008,110188,--122820,--139482,KRX
20210824,+437500,2,+8000,+1.86,546884,51781,59031,+7250,--22699,118950,135612,+16662,--53142,KRX
20210823,+429500,2,+7000,+1.66,515679,45728,75677,+29949,+24625,106407,176211,+69804,+57493,KRX
20210820,-422500,5,-2000,-0.47,587940,54465,59789,+5324,--13392,128358,140669,+12311,--31335,KRX
20210819,-424500,5,-4500,-1.05,504352,32704,51420,+18716,--6269,76447,120093,+43646,--14484,KRX
20210818,+429000,2,+500,+0.12,496576,32169,57154,+24985,+43323,75137,133267,+58130,+100980,KRX
20210817,-428500,5,-8000,-1.83,763564,99524,81186,--18338,--35164,232946,190096,--42850,--81291,KRX
20210813,-436500,5,-4000,-0.91,515855,32750,49576,+16826,+17413,74835,113276,+38441,+39647,KRX
20210812,-440500,5,-4500,-1.01,671083,87817,87230,--587,--13610,198650,197444,--1206,--30342,KRX
20210811,-445000,5,-1500,-0.34,446275,44699,57722,+13023,+21192,100428,129564,+29136,+47425,KRX
20210810,-446500,5,-1000,-0.22,461940,35859,27690,--8169,--6005,80380,62091,--18289,--13241,KRX
20210809,+447500,2,+3000,+0.67,528032,39308,37144,--2164,+17634,88464,83416,--5048,+39553,KRX
20210806,+444500,2,+2000,+0.45,416829,50565,30767,--19798,--12870,113786,69185,--44601,--28905,KRX
20210805,+442500,2,+9500,+2.19,744924,91276,84348,--6928,--6201,205732,190036,--15696,--14310,KRX
20210804,+433000,2,+5000,+1.17,545873,48679,47952,--727,--11198,112968,111582,--1386,--25537,KRX
20210803,-428000,5,-5500,-1.27,830841,65731,76202,+10471,+9421,153874,178025,+24151,+21700,KRX
20210802,433500,3,0,0.00,551937,45472,46522,+1050,--26482,105235,107686,+2451,--60665,KRX
20210730,-433500,5,-6000,-1.37,628812,61602,89134,+27532,+7907,141654,204770,+63116,+18695,KRX
20210729,-439500,5,-2500,-0.57,556532,50449,70074,+19625,+29202,114461,158882,+44421,+65962,KRX
20210728,-442000,5,-10000,-2.21,913055,66947,57370,--9577,+32598,151108,129567,--21541,+71224,KRX
20210727,452000,3,0,0.00,757638,110616,68441,--42175,--11588,242738,149973,--92765,--25478,KRX
20210726,452000,3,0,0.00,855277,86517,55930,--30587,--51084,190395,123108,--67287,--112751,KRX
20210723,+452000,2,+12000,+2.73,1094026,52292,72789,+20497,+25821,116167,161631,+45464,+57441,KRX
20210722,+440000,2,+12000,+2.80,1035882,72476,67152,--5324,+14418,165508,153531,--11977,+33753,KRX
20210721,-428000,5,-11000,-2.51,885519,65917,46175,--19742,--3957,152473,106743,--45730,--9498,KRX
20210720,-439000,5,-4000,-0.90,789090,59996,44211,--15785,--50860,137282,101050,--36232,--115286,KRX
20210719,-443000,5,-4000,-0.89,704307,36517,71592,+35075,+35116,82351,161405,+79054,+79257,KRX
20210716,-447000,5,-2000,-0.45,1246425,49191,49150,--41,+46834,109299,109096,--203,+105085,KRX
20210715,+449000,2,+5000,+1.13,950460,96909,50034,--46875,--4876,217820,112532,--105288,--10038,KRX
20210714,+444000,2,+3000,+0.68,931990,93661,51662,--41999,--111756,212372,117122,--95250,--257426,KRX
20210713,+441000,2,+22500,+5.38,1498546,53863,123620,+69757,+64965,123816,285992,+162176,+150762,KRX
20210712,+418500,2,+3000,+0.72,475697,30253,35045,+4792,+120993,72590,84004,+11414,+293118,KRX
20210709,-415500,5,-6500,-1.54,1090218,167195,50994,--116201,--137884,404262,122558,--281704,--333244,KRX
20210708,+422000,2,+4500,+1.08,1142267,80540,102223,+21683,+13396,189932,241472,+51540,+31883,KRX
20210707,+417500,2,+8000,+1.95,663260,48789,57076,+8287,+4475,117667,137324,+19657,+10419,KRX
20210706,-409500,5,-500,-0.12,342771,26883,30695,+3812,+14386,65614,74852,+9238,+35185,KRX
20210705,-410000,5,-4000,-0.97,492899,39627,29053,--10574,--26270,96199,70252,--25947,--63749,KRX
20210702,+414000,2,+1000,+0.24,517934,45077,60773,+15696,+33535,109045,146847,+37802,+81067,KRX
20210701,-413000,5,-4500,-1.08,592869,63282,45443,--17839,--1768,152610,109345,--43265,--5173,KRX
20210630,+417500,2,+6000,+1.46,955297,95926,79855,--16071,--24015,229164,191072,--38092,--57377,KRX
20210629,+411500,2,+3500,+0.86,572319,51612,59556,+7944,--8231,126231,145516,+19285,--20456,KRX
20210628,-408000,5,-2000,-0.49,623480,39053,55228,+16175,+6266,95895,135636,+39741,+15647,KRX
20210625,-410000,5,-9500,-2.26,1382051,69451,79360,+9909,+124070,169291,193385,+24094,+292674,KRX
20210624,-419500,5,-4000,-0.94,2143286,204283,90122,--114161,--282027,481594,213014,--268580,--672804,KRX
20210623,+423500,2,+32500,+8.31,2721355,85851,253717,+167866,+213266,204578,608802,+404224,+519490,KRX
20210622,-391000,5,-6000,-1.51,702840,80856,35456,--45400,--52043,205180,89914,--115266,--131846,KRX
20210621,-397000,5,-1000,-0.25,809114,42239,48882,+6643,--24201,106414,122994,+16580,--60825,KRX
20210618,+398000,2,+8500,+2.18,1268656,106895,137739,+30844,+47781,268501,345906,+77405,+120941,KRX
20210617,-389500,5,-1500,-0.38,670522,52924,35987,--16937,--20525,135896,92360,--43536,--52688,KRX
20210616,+391000,2,+4000,+1.03,836281,44831,48419,+3588,+41202,115598,124750,+9152,+106673,KRX
20210615,387000,3,0,0.00,625594,67212,29598,--37614,--75873,174254,76733,--97521,--197313,KRX
20210614,+387000,2,+14500,+3.89,1208589,43427,81686,+38259,+85791,112686,212478,+99792,+227380,KRX
20210611,-372500,5,-1000,-0.27,658403,77372,29840,--47532,--142662,207462,79874,--127588,--384472,KRX
20210610,+373500,2,+15000,+4.18,1502316,111431,206561,+95130,+120046,298330,555214,+256884,+326090,KRX
20210609,-358500,5,-4000,-1.10,361808,53617,28701,--24916,--15481,148793,79587,--69206,--43173,KRX
20210608,362500,3,0,0.00,370929,45580,36145,--9435,--44101,125479,99446,--26033,--122046,KRX
20210607,+362500,2,+5500,+1.54,393697,20823,55489,+34666,+38049,57675,153688,+96013,+105355,KRX
20210604,-357000,5,-5000,-1.38,433146,35707,32324,--3383,+3983,100100,90758,--9342,+10923,KRX
20210603,-362000,5,-1000,-0.28,292257,30639,23273,--7366,+3336,84349,64084,--20265,+9329,KRX
20210602,-363000,5,-4000,-1.09,397044,47818,37116,--10702,--22836,131232,101638,--29594,--62707,KRX
20210601,+367000,2,+4500,+1.24,404110,27087,39221,+12134,--16483,73825,106938,+33113,--45947,KRX
20210531,+362500,2,+4500,+1.26,397118,25613,54230,+28617,+46195,70834,149894,+79060,+128125,KRX
20210528,358000,3,0,0.00,439112,54032,36454,--17578,+27352,150654,101589,--49065,+76513,KRX
20210527,-358000,5,-5000,-1.38,963669,169131,124201,--44930,--67857,472598,347020,--125578,--188531,KRX
20210526,+363000,2,+5000,+1.40,543316,28159,51086,+22927,+21991,77363,140316,+62953,+60333,KRX
20210525,+358000,2,+2500,+0.70,433413,31049,31985,+936,+20831,87228,89848,+2620,+58668,KRX
20210524,-355500,5,-4500,-1.25,361765,46876,26981,--19895,--25785,131955,75907,--56048,--72450,KRX
20210521,+360000,2,+9000,+2.56,618431,57815,63705,+5890,+38838,161456,177858,+16402,+110087,KRX
20210520,+351000,2,+1500,+0.43,561151,68908,35960,--32948,+15249,195996,102311,--93685,+45018,KRX
20210518,+349500,2,+5500,+1.60,445015,77627,29430,--48197,--5107,223192,84489,--138703,--13518,KRX
20210517,+344000,2,+1500,+0.44,453316,66705,23615,--43090,--17588,193853,68668,--125185,--50620,KRX
20210514,+342500,2,+5000,+1.48,460390,53498,27996,--25502,--21971,156479,81914,--74565,--64167,KRX
20210513,-337500,5,-5500,-1.60,992326,81814,78283,--3531,--16942,242330,231932,--10398,--50258,KRX
20210512,-343000,5,-6000,-1.72,1120816,114612,128023,+13411,+40696,333355,373215,+39860,+117050,KRX
20210511,-349000,5,-13000,-3.59,2373361,95802,68517,--27285,--22959,273377,196187,--77190,--65227,KRX
20210510,+362000,2,+1000,+0.28,572111,56887,52561,--4326,--15998,157217,145254,--11963,--44211,KRX
20210507,-361000,5,-500,-0.14,446152,37069,48741,+11672,+44086,102609,134857,+32248,+122122,KRX
20210506,-361500,5,-3000,-0.82,632873,92735,60321,--32414,--29580,256877,167003,--89874,--82034,KRX
20210504,+364500,2,+1500,+0.41,398383,45391,42557,--2834,+4759,124725,116885,--7840,+13114,KRX
20210503,+363000,2,+3500,+0.97,507361,57473,49880,--7593,--4702,157631,136677,--20954,--13529,KRX
20210430,-359500,5,-7000,-1.91,1028215,91356,88465,--2891,+25596,254565,247140,--7425,+69863,KRX
20210429,-366500,5,-7000,-1.87,743106,63921,35434,--28487,--30873,172721,95433,--77288,--83606,KRX
20210428,-373500,5,-6500,-1.71,485971,42441,44827,+2386,+19200,113239,119557,+6318,+50842,KRX
20210427,+380000,2,+2500,+0.66,392509,42692,25878,--16814,--20272,112887,68363,--44524,--53668,KRX
20210426,-377500,5,-500,-0.13,484369,32736,36194,+3458,+11967,87012,96156,+9144,+31773,KRX
20210423,-378000,5,-2500,-0.66,505140,44726,36217,--8509,+20577,118488,95859,--22629,+53665,KRX
20210422,380500,3,0,0.00,394350,59169,30083,--29086,+62819,155193,78899,--76294,+164065,KRX
20210421,-380500,5,-10500,-2.69,835828,112773,20868,--91905,--92832,294769,54410,--240359,--242694,KRX
20210420,+391000,2,+1000,+0.26,417892,45994,46921,+927,+28070,117962,120297,+2335,+71929,KRX
20210419,-390000,5,-1500,-0.38,449064,48408,21265,--27143,--26313,124044,54450,--69594,--67385,KRX
20210416,+391500,2,+500,+0.13,423962,50935,50105,--830,+35904,129886,127677,--2209,+91913,KRX
20210415,-391000,5,-500,-0.13,889538,96117,59383,--36734,--25995,245137,151015,--94122,--66458,KRX
20210414,+391500,2,+3000,+0.77,757969,73122,62383,--10739,--26512,186219,158555,--27664,--67695,KRX
20210413,+388500,2,+3000,+0.78,586643,72374,88147,+15773,+29548,187951,227982,+40031,+76194,KRX
20210412,+385500,2,+2000,+0.52,680329,60599,46824,--13775,+1856,157285,121122,--36163,+4735,KRX
20210409,+383500,2,+2000,+0.52,469100,54308,38677,--15631,+5236,141954,101056,--40898,+13647,KRX
20210408,-381500,5,-3000,-0.78,626575,60274,39407,--20867,+29256,157444,102899,--54545,+76082,KRX
20210407,-384500,5,-4000,-1.03,578490,89883,39760,--50123,--101944,234061,103434,--130627,--264039,KRX
20210406,+388500,2,+11500,+3.05,997518,36891,88712,+51821,+75417,95555,228967,+133412,+196164,KRX
20210405,-377000,5,-2500,-0.66,421508,37186,13590,--23596,--4398,98831,36079,--62752,--12107,KRX
20210402,+379500,2,+1000,+0.26,476668,43776,24578,--19198,+19660,115423,64778,--50645,+52878,KRX
20210401,+378500,2,+1500,+0.40,547402,72514,33656,--38858,--25603,192888,89365,--103523,--68223,KRX
20210331,+377000,2,+500,+0.13,568103,75282,62027,--13255,--6300,198996,163696,--35300,--16703,KRX
20210330,+376500,2,+4500,+1.21,623997,73171,66216,--6955,+2001,194216,175619,--18597,+5110,KRX
20210329,-372000,5,-11000,-2.87,878014,84266,75310,--8956,--51552,224303,200596,--23707,--135509,KRX
20210326,+383000,2,+3000,+0.79,691786,42118,84714,+42596,+81841,110583,222385,+111802,+215169,KRX
20210325,-380000,5,-7000,-1.81,672585,78962,39717,--39245,--22233,207822,104455,--103367,--58262,KRX
20210324,+387000,2,+1000,+0.26,763754,88118,71106,--17012,+16733,230946,185841,--45105,+42105,KRX
20210323,-386000,5,-10500,-2.65,1167110,96297,62552,--33745,+55626,247181,159971,--87210,+137995,KRX
20210322,-396500,5,-5500,-1.37,911358,119863,30492,--89371,--93504,301806,76601,--225205,--234887,KRX
20210319,-402000,5,-1500,-0.37,1258199,129754,133887,+4133,--108447,323050,332732,+9682,--270808,KRX
20210318,+403500,2,+20000,+5.22,1818409,86674,199254,+112580,+98082,216600,497090,+280490,+243231,KRX
20210317,-383500,5,-2000,-0.52,1200355,45627,60125,+14498,+13279,118419,155678,+37259,+34187,KRX
20210316,+385500,2,+2500,+0.65,574082,66370,67589,+1219,+25200,172147,175219,+3072,+66146,KRX
20210315,+383000,2,+2500,+0.66,609496,65607,41626,--23981,+23778,172070,108996,--63074,+61754,KRX
20210312,+380500,2,+7000,+1.87,969276,94289,46530,--47759,--32204,245668,120840,--124828,--83390,KRX
20210311,+373500,2,+1500,+0.40,1024741,121282,105727,--15555,--29450,324919,283481,--41438,--78794,KRX
20210310,+372000,2,+10500,+2.90,946917,66846,80741,+13895,+4966,179783,217139,+37356,+13443,KRX
20210309,-361500,5,-7000,-1.90,1313900,145833,154762,+8929,+16213,407544,431457,+23913,+44994,KRX
20210308,-368500,5,-9000,-2.38,1031748,91079,83795,--7284,--33879,243131,222050,--21081,--91152,KRX
20210305,-377500,5,-14000,-3.58,1594386,109101,135696,+26595,--29979,290492,360563,+70071,--72273,KRX
20210304,-391500,5,-8000,-2.00,1585134,111239,167813,+56574,--32511,283017,425361,+142344,--84540,KRX
20210303,+399500,2,+22000,+5.83,1287551,65480,154565,+89085,+117240,168437,395321,+226884,+301954,KRX
20210302,+377500,2,+2500,+0.67,1240322,167425,139270,--28155,--2455,438333,363263,--75070,--6136,KRX
20210226,-375000,5,-8000,-2.09,1170208,148411,122711,--25700,--26319,397578,328644,--68934,--70206,KRX
20210225,+383000,2,+9000,+2.41,757476,68433,69052,+619,--2019,180023,181295,+1272,--5379,KRX
20210224,-374000,5,-16500,-4.23,1078485,66570,69208,+2638,+15209,173811,180462,+6651,+39078,KRX
20210223,+390500,2,+4000,+1.03,1017577,72836,60265,--12571,+42544,188207,155780,--32427,+108126,KRX
20210222,-386500,5,-11500,-2.89,1289395,125452,70337,--55115,--116751,318257,177704,--140553,--298084,KRX
20210219,+398000,2,+10000,+2.58,1047043,69992,131628,+61636,+81386,178254,335785,+157531,+208633,KRX
20210218,-388000,5,-4000,-1.02,1020222,82662,62912,--19750,+55080,211537,160435,--51102,+140316,KRX
20210217,-392000,5,-2000,-0.51,1161595,146859,72029,--74830,--20180,375442,184024,--191418,--53800,KRX
20210216,+394000,2,+8500,+2.20,1567108,135767,81117,--54650,--22028,341621,204003,--137618,--52000,KRX
20210215,+385500,2,+19000,+5.18,1172475,118941,86319,--32622,--93233,310822,225204,--85618,--250903,KRX
20210210,+366500,2,+8000,+2.23,1147417,70183,130794,+60611,+58653,192133,357418,+165285,+160004,KRX
20210209,+358500,2,+1000,+0.28,667655,68754,70712,+1958,+9531,191761,197042,+5281,+26229,KRX
20210208,-357500,5,-5000,-1.38,712484,48606,41033,--7573,--18930,134884,113936,--20948,--51313,KRX
20210205,+362500,2,+4500,+1.26,982325,52671,64028,+11357,+71959,145236,175601,+30365,+198672,KRX
20210204,-358000,5,-12500,-3.37,1160116,108385,47783,--60602,--77064,300769,132462,--168307,--213032,KRX
20210203,+370500,2,+8000,+2.21,1197680,92522,108984,+16462,--25154,252389,297114,+44725,--68101,KRX
20210202,+362500,2,+14500,+4.17,1951062,122345,163961,+41616,+46766,335635,448461,+112826,+127746,KRX
20210201,+348000,2,+5000,+1.46,988630,80421,75271,--5150,+93536,231405,216485,--14920,+267258,KRX
20210129,-343000,5,-12000,-3.38,1607894,201664,102978,--98686,--132105,577996,295818,--282178,--376458,KRX
20210128,+355000,2,+13500,+3.95,2285696,95374,128793,+33419,+74510,271090,365370,+94280,+213410,KRX
20210127,-341500,5,-500,-0.15,1149246,106092,65001,--41091,--14581,307478,188348,--119130,--41258,KRX
20210126,-342000,5,-7000,-2.01,1247284,147901,121391,--26510,+5243,432175,354303,--77872,+13746,KRX
20210125,+349000,2,+5500,+1.60,1593848,162986,131233,--31753,--92153,468549,376931,--91618,--266442,KRX
20210122,+343500,2,+21000,+6.51,3303950,155640,216040,+60400,+10920,457641,632465,+174824,+21253,KRX
20210121,+322500,2,+14500,+4.71,1941446,67071,116551,+49480,+62156,209027,362598,+153571,+194701,KRX
20210120,308000,3,0,0.00,885472,64025,51349,--12676,+8342,208419,167289,--41130,+27919,KRX
20210119,+308000,2,+7500,+2.50,880238,74871,53853,--21018,--15512,245282,176233,--69049,--50668,KRX
20210118,-300500,5,-5500,-1.80,864969,58298,52792,--5506,+7813,192690,174309,--18381,+24504,KRX
20210115,-306000,5,-12000,-3.77,1106810,76921,63602,--13319,+18557,247595,204710,--42885,+57388,KRX
20210114,+318000,2,+4000,+1.27,1548585,133632,101756,--31876,--43924,419069,318796,--100273,--138438,KRX
20210113,+314000,2,+10000,+3.29,1894304,98911,110959,+12048,+63221,316559,354724,+38165,+208677,KRX
20210112,-304000,5,-5000,-1.62,1573299,132847,81674,--51173,+2629,442454,271942,--170512,+1066,KRX
20210111,-309000,5,-3000,-0.96,2765169,190115,136313,--53802,--188179,609753,438175,--171578,--614095,KRX
20210108,+312000,2,+22500,+7.77,3175396,87996,222373,+134377,+183684,288864,731381,+442517,+613045,KRX
20210107,-289500,5,-500,-0.17,1155734,98066,48759,--49307,--27221,339014,168486,--170528,--93072,KRX
20210106,-290000,5,-2500,-0.85,1375856,108410,86324,--22086,--10753,369783,292327,--77456,--37624,KRX
20210105,-292500,5,-500,-0.17,912657,88512,77179,--11333,+10077,306484,266652,--39832,+34545,KRX
20210104,+293000,2,+500,+0.17,947178,72717,51307,--21410,--117364,250904,176527,--74377,--404889,KRX
20201230,+292500,2,+9500,+3.36,1190327,42411,138365,+95954,+94651,145777,476289,+330512,+325940,KRX
20201229,+283000,2,+2000,+0.71,506090,34325,35628,+1303,--855,121598,126170,+4572,--3021,KRX
20201228,-281000,5,-1000,-0.35,537848,30662,32820,+2158,+25526,109176,116769,+7593,+90634,KRX
20201224,-282000,5,-2000,-0.70,453095,41875,18507,--23368,--6607,148547,65506,--83041,--23946,KRX
20201223,284000,3,0,0.00,508019,36944,20183,--16761,--32589,129874,70779,--59095,--112763,KRX
20201222,284000,3,0,0.00,750095,34787,50615,+15828,+20253,121314,174982,+53668,+69518,KRX
20201221,+284000,2,+1500,+0.53,473545,31831,27406,--4425,+22388,112619,96769,--15850,+79061,KRX
20201218,-282500,5,-2500,-0.88,487305,71286,44473,--26813,--12087,252100,157189,--94911,--42768,KRX
20201217,-285000,5,-500,-0.18,522344,58116,43390,--14726,--12178,204670,152527,--52143,--43048,KRX
20201216,+285500,2,+2500,+0.88,381896,40406,37858,--2548,+10657,141852,132757,--9095,+37545,KRX
20201215,-283000,5,-3000,-1.05,491995,56370,43165,--13205,--4598,198512,151872,--46640,--16226,KRX
20201214,-286000,5,-4000,-1.38,555272,47818,39211,--8607,--22945,166194,135780,--30414,--79774,KRX
20201211,+290000,2,+4000,+1.40,503588,30737,45075,+14338,+6132,106137,155497,+49360,+20953,KRX
20201210,-286000,5,-2000,-0.69,959427,111247,119453,+8206,+5923,388146,416553,+28407,+20613,KRX
20201209,+288000,2,+3000,+1.05,533304,47378,49661,+2283,+20146,165366,173160,+7794,+69996,KRX
20201208,-285000,5,-4500,-1.55,566981,46350,28487,--17863,+29722,161577,99375,--62202,+101336,KRX
20201207,-289500,5,-4500,-1.53,821860,90817,43232,--47585,--53398,311655,148117,--163538,--183085,KRX
20201204,+294000,2,+7000,+2.44,1174932,70149,75962,+5813,--15895,239627,259174,+19547,--56317,KRX
20201203,+287000,2,+3500,+1.23,740985,64447,86155,+21708,+32371,225517,301381,+75864,+113663,KRX
20201202,-283500,5,-2000,-0.70,601596,47795,37132,--10663,--37880,168811,131012,--37799,--133605,KRX
20201201,+285500,2,+8000,+2.88,709278,33165,60382,+27217,+137018,116792,212598,+95806,+489459,KRX
20201130,-277500,5,-7000,-2.46,1176272,216982,107181,--109801,--89054,778542,384889,--393653,--320668,KRX
20201127,-284500,5,-1000,-0.35,417510,40003,19256,--20747,--52816,140541,67556,--72985,--185974,KRX
20201126,+285500,2,+7000,+2.51,797094,50422,82491,+32069,+75353,177916,290905,+112989,+267286,KRX
20201125,-278500,5,-4000,-1.42,909937,98790,55506,--43284,--38502,351310,197013,--154297,--137144,KRX
20201124,+282500,2,+1000,+0.36,809745,55753,50971,--4782,--6039,197172,180019,--17153,--21534,KRX
20201123,+281500,2,+500,+0.18,565213,32564,33821,+1257,+11895,115809,120190,+4381,+42464,KRX
20201120,+281000,2,+500,+0.18,439077,36629,25991,--10638,--1431,130553,92470,--38083,--5013,KRX
20201119,-280500,5,-500,-0.18,520114,34761,25554,--9207,--13500,123781,90711,--33070,--48355,KRX
20201118,+281000,2,+6000,+2.18,912899,54332,58625,+4293,+7732,193667,208952,+15285,+27733,KRX
20201117,-275000,5,-3000,-1.08,816320,53376,49937,--3439,+10157,193672,181224,--12448,+36353,KRX
20201116,-278000,5,-3000,-1.07,887878,61213,47617,--13596,--14650,219612,170811,--48801,--52480,KRX
20201113,+281000,2,+2000,+0.72,710865,38521,39575,+1054,+19579,137557,141236,+3679,+69922,KRX
20201112,-279000,5,-1000,-0.36,1016673,73016,54491,--18525,+30930,260136,193893,--66243,+110107,KRX
20201111,-280000,5,-3000,-1.06,1183499,89237,39782,--49455,+3572,318176,141826,--176350,+10526,KRX
20201110,-283000,5,-15000,-5.03,1728995,115209,62182,--53027,--36530,405258,218382,--186876,--131726,KRX
20201109,-298000,5,-3000,-1.00,678531,46699,30202,--16497,+4418,155849,100699,--55150,+14342,KRX
20201106,+301000,2,+2000,+0.67,968971,69971,49056,--20915,--1873,231650,162158,--69492,--3904,KRX
20201105,+299000,2,+500,+0.17,1082388,70514,51472,--19042,--119312,238845,173257,--65588,--406522,KRX
20201104,+298500,2,+15500,+5.48,1623712,33537,133807,+100270,+105796,115992,456926,+340934,+360340,KRX
20201103,-283000,5,-2500,-0.88,1066923,40546,35020,--5526,--2394,143347,123941,--19406,--8293,KRX
20201102,-285500,5,-4500,-1.55,503831,39683,36551,--3132,+52495,138212,127099,--11113,+178741,KRX
20201030,-290000,5,-8500,-2.85,939833,115956,60329,--55627,--35259,395933,206079,--189854,--121286,KRX
20201029,298500,3,0,0.00,785050,47503,27135,--20368,--19633,159480,90912,--68568,--66139,KRX
20201028,+298500,2,+15000,+5.29,698195,35615,34880,--735,--8323,121651,119222,--2429,--28928,KRX
20201027,+283500,2,+2000,+0.71,2071432,28576,36164,+7588,+22635,100454,126953,+26499,+79882,KRX
20201026,-281500,5,-5000,-1.75,349163,28771,13724,--15047,--5149,101671,48288,--53383,--18937,KRX
20201023,-286500,5,-6500,-2.22,451654,29173,19275,--9898,--11165,101166,66720,--34446,--38635,KRX
20201022,-293000,5,-4500,-1.51,416425,33102,34369,+1267,+10837,112728,116917,+4189,+36593,KRX
20201021,+297500,2,+7500,+2.59,640501,54439,44869,--9570,--44431,183729,151325,--32404,--154519,KRX
20201020,+290000,2,+4000,+1.40,535870,26682,61543,+34861,+50614,93196,215311,+122115,+176522,KRX
20201019,-286000,5,-7500,-2.56,434420,48903,33150,--15753,--24573,168333,113926,--54407,--84268,KRX
20201016,+293500,2,+1000,+0.34,446832,44791,53611,+8820,+17611,152411,182272,+29861,+59414,KRX
20201015,-292500,5,-6000,-2.01,624097,49674,40883,--8791,--52028,168781,139228,--29553,--174145,KRX
20201014,+298500,2,+3500,+1.19,759464,39290,82527,+43237,+7125,131663,276255,+144592,+22279,KRX
20201013,+295000,2,+3000,+1.03,636487,27133,63245,+36112,+28130,92060,214373,+122313,+95364,KRX
20201012,-292000,5,-9000,-2.99,914860,37537,45519,+7982,+20263,126610,153559,+26949,+67424,KRX
20201008,-301000,5,-4000,-1.31,756735,78468,66187,--12281,--43074,259613,219138,--40475,--142296,KRX
20201007,305000,3,0,0.00,534644,18715,49508,+30793,+23647,61782,163603,+101821,+79798,KRX
20201006,+305000,2,+6500,+2.18,868540,65058,72204,+7146,+33265,216441,238464,+22023,+111213,KRX
20201005,+298500,2,+2000,+0.67,906516,91688,65569,--26119,--12467,311069,221879,--89190,--43572,KRX
20200929,-296500,5,-2000,-0.67,765489,53682,40030,--13652,+15476,180607,134989,--45618,+51942,KRX
20200928,+298500,2,+3500,+1.19,724465,61538,32410,--29128,--10285,205913,108353,--97560,--33479,KRX
20200925,+295000,2,+1000,+0.34,648182,72445,53602,--18843,--359,246707,182626,--64081,--1262,KRX
20200924,-294000,5,-2500,-0.84,848971,85887,67403,--18484,--34,294620,231801,--62819,--250,KRX
20200923,+296500,2,+12000,+4.22,984136,59382,40932,--18450,--40580,202774,140205,--62569,--139889,KRX
20200922,-284500,5,-7500,-2.57,864846,35614,57744,+22130,+13766,124475,201795,+77320,+49389,KRX
20200921,-292000,5,-6000,-2.01,656024,39219,47583,+8364,+18298,132139,160070,+27931,+61286,KRX
20200918,-298000,5,-2500,-0.83,750488,75498,65564,--9934,+12630,252946,219591,--33355,+41707,KRX
20200917,-300500,5,-6500,-2.12,823516,51080,28516,--22564,+37747,169758,94696,--75062,+120992,KRX
20200916,-307000,5,-5000,-1.60,696219,76196,15885,--60311,--60253,247713,51659,--196054,--196213,KRX
20200915,+312000,2,+9000,+2.97,797985,46483,46425,--58,+12105,149960,150119,+159,+40582,KRX
20200914,-303000,5,-3000,-0.98,608816,35114,22951,--12163,+7062,116216,75793,--40423,+22883,KRX
20200911,-306000,5,-1500,-0.49,517023,47828,28603,--19225,+23810,157616,94310,--63306,+76597,KRX
20200910,+307500,2,+3000,+0.99,834946,96893,53858,--43035,--57498,315061,175158,--139903,--187147,KRX
20200909,-304500,5,-6500,-2.09,925825,56373,70836,+14463,+38455,184965,232209,+47244,+124077,KRX
20200908,-311000,5,-3500,-1.11,989171,78540,54548,--23992,+55091,252218,175385,--76833,+172628,KRX
20200907,-314500,5,-14000,-4.26,1308247,108316,29233,--79083,--34433,341695,92234,--249461,--113627,KRX
20200904,-328500,5,-10500,-3.10,1174337,83505,38855,--44650,--34794,254002,118168,--135834,--106592,KRX
20200903,+339000,2,+6500,+1.95,776547,52438,42582,--9856,--15776,156161,126919,--29242,--46768,KRX
20200902,+332500,2,+8000,+2.47,808064,40538,46458,+5920,+7494,122724,140250,+17526,+22480,KRX
20200901,+324500,2,+2000,+0.62,691864,47290,45716,--1574,+130782,145669,140715,--4954,+398593,KRX
20200831,-322500,5,-10500,-3.15,1528978,236270,103914,--132356,--118976,723059,319512,--403547,--363072,KRX
20200828,-333000,5,-4000,-1.19,969408,77000,63620,--13380,--13510,231313,190838,--40475,--40708,KRX
20200827,+337000,2,+3000,+0.90,1232239,74549,74679,+130,+7577,219191,219424,+233,+23037,KRX
20200826,+334000,2,+9000,+2.77,1155853,71691,64244,--7447,--3784,215796,192992,--22804,--10706,KRX
20200825,+325000,2,+5000,+1.56,897649,58763,55100,--3663,--18524,183380,171282,--12098,--58757,KRX
20200824,+320000,2,+7500,+2.40,783392,49930,64791,+14861,+12381,157596,204255,+46659,+38711,KRX
20200821,+312500,2,+7000,+2.29,781961,45883,48363,+2480,+355,147082,155030,+7948,+1988,KRX
20200820,-305500,5,-9500,-3.02,1186809,59846,61971,+2125,+19098,192822,198782,+5960,+60299,KRX
20200819,+315000,2,+7500,+2.44,941038,66901,49928,--16973,--10392,214215,159876,--54339,--32957,KRX
20200818,+307500,2,+2500,+0.82,1494966,78516,71935,--6581,--14003,252354,230972,--21382,--45658,KRX
20200814,-305000,5,-2000,-0.65,608156,29998,37420,+7422,+58912,98490,122766,+24276,+192441,KRX
20200813,+307000,2,+2000,+0.66,1406370,157894,106404,--51490,--44991,514510,346345,--168165,--146871,KRX
20200812,-305000,5,-6500,-2.09,856711,48343,41844,--6499,+12711,158126,136832,--21294,+40379,KRX
20200811,-311500,5,-2000,-0.64,665863,50067,30857,--19210,+11587,160632,98959,--61673,+38282,KRX
20200810,-313500,5,-500,-0.16,968592,66848,36051,--30797,--2724,216314,116359,--99955,--11105,KRX
20200807,-314000,5,-8000,-2.48,1063254,71358,43285,--28073,--23649,225244,136394,--88850,--74744,KRX
20200806,+322000,2,+8500,+2.71,1032045,56274,51850,--4424,--23587,177388,163282,--14106,--75454,KRX
20200805,+313500,2,+2500,+0.80,809939,50140,69303,+19163,+89706,160786,222134,+61348,+287399,KRX
20200804,-311000,5,-3500,-1.11,1330818,103888,33345,--70543,--71285,332704,106653,--226051,--228171,KRX
20200803,+314500,2,+13500,+4.49,1341104,65630,66372,+742,--51,212792,214912,+2120,--193,KRX
20200731,+301000,2,+7000,+2.38,1567503,81597,82390,+793,+20781,271963,274276,+2313,+70814,KRX
20200730,+294000,2,+2000,+0.68,1150474,65296,45308,--19988,--11182,222661,154160,--68501,--38475,KRX
20200729,+292000,2,+4000,+1.39,964066,54315,45509,--8806,--29415,187958,157932,--30026,--101332,KRX
20200728,+288000,2,+3500,+1.23,978238,54117,74726,+20609,+26544,187809,259115,+71306,+92317,KRX
20200727,+284500,2,+3500,+1.25,691075,33426,27491,--5935,+13477,117901,96890,--21011,+47280,KRX
20200724,-281000,5,-3000,-1.06,1233584,59677,40265,--19412,--41066,210570,142279,--68291,--145732,KRX
20200723,+284000,2,+14000,+5.19,1396607,54507,76161,+21654,+17937,193593,271034,+77441,+63733,KRX
20200722,270000,3,0,0.00,905784,35225,38942,+3717,--17025,131767,145475,+13708,--62410,KRX
20200721,+270000,2,+7000,+2.66,1179638,42667,63409,+20742,+55984,157797,233915,+76118,+209421,KRX
20200720,-263000,5,-13000,-4.71,1556415,93803,58561,--35242,--65456,353771,220468,--133303,--243306,KRX
20200717,+276000,2,+3000,+1.10,926932,23165,53379,+30214,+33209,84187,194190,+110003,+120439,KRX
20200716,-273000,5,-13500,-4.71,1338814,64490,61495,--2995,--13877,233376,222940,--10436,--48621,KRX
20200715,-286500,5,-500,-0.17,1276196,64451,75333,+10882,+72876,224706,262891,+38185,+253742,KRX
20200714,-287000,5,-10000,-3.37,1360849,92209,30215,--61994,--19063,320660,105103,--215557,--70492,KRX
20200713,-297000,5,-2000,-0.67,1254800,81640,38709,--42931,+21781,275741,130676,--145065,+72958,KRX
20200710,+299000,2,+11500,+4.00,2120904,121547,56835,--64712,--30679,407147,189124,--218023,--99851,KRX
20200709,+287500,2,+5000,+1.77,2006662,106373,72340,--34033,--53790,368675,250503,--118172,--188042,KRX
20200708,+282500,2,+3000,+1.07,1353345,60915,80672,+19757,+3136,217778,287648,+69870,+11395,KRX
20200707,-279500,5,-2000,-0.71,1365047,69766,86387,+16621,+22929,246466,304941,+58475,+80637,KRX
20200706,+281500,2,+4000,+1.44,1211636,87033,80725,--6308,--3251,307262,285100,--22162,--11132,KRX
20200703,+277500,2,+500,+0.18,971940,29852,26795,--3057,--10492,107461,96431,--11030,--38152,KRX
20200702,+277000,2,+8000,+2.97,1015829,44764,52199,+7435,+19316,162511,189633,+27122,+71134,KRX
20200701,+269000,2,+2000,+0.75,655711,37043,25162,--11881,--9860,136974,92962,--44012,--36042,KRX
20200630,+267000,2,+3000,+1.14,862860,61860,59839,--2021,--18507,231696,223726,--7970,--70099,KRX
20200629,-264000,5,-5000,-1.86,814814,32345,48831,+16486,+10987,121614,183743,+62129,+41458,KRX
20200626,-269000,5,-500,-0.19,937593,49823,55322,+5499,+82697,184759,205430,+20671,+303995,KRX
20200625,-269500,5,-9500,-3.41,1196267,112525,35327,--77198,--50584,413313,129989,--283324,--186381,KRX
20200624,+279000,2,+3000,+1.09,995065,70969,44355,--26614,--28331,256951,160008,--96943,--102976,KRX
20200623,+276000,2,+6000,+2.22,2104075,142959,144676,+1717,--22982,512087,518120,+6033,--88637,KRX
20200622,+270000,2,+20500,+8.22,1841479,74562,99261,+24699,+29526,282444,377114,+94670,+114479,KRX
20200619,+249500,2,+2000,+0.81,919945,78702,73875,--4827,+24899,317558,297749,--19809,+99734,KRX
20200618,-247500,5,-3500,-1.39,744330,57745,28019,--29726,--37862,232049,112506,--119543,--152111,KRX
20200617,+251000,2,+7500,+3.08,1357900,59140,67276,+8136,--9875,237370,269938,+32568,--42097,KRX
20200616,+243500,2,+12000,+5.18,1155474,46742,64753,+18011,+68324,193816,268481,+74665,+287148,KRX
20200615,-231500,5,-10500,-4.34,1311773,88276,37963,--50313,--26515,371964,159481,--212483,--112640,KRX
20200612,+242000,2,+1500,+0.62,1318334,76683,52885,--23798,--35633,322463,222620,--99843,--149219,KRX
20200611,-240500,5,-3500,-1.43,1423978,74781,86616,+11835,+13875,307617,356993,+49376,+57913,KRX
20200610,+244000,2,+6500,+2.74,1431071,70897,68857,--2040,+31053,290679,282142,--8537,+130420,KRX
20200609,-237500,5,-3000,-1.25,934440,62795,29702,--33093,--33217,263652,124695,--138957,--139839,KRX
20200608,+240500,2,+9500,+4.11,1624752,58269,58393,+124,+12745,244521,245403,+882,+56395,KRX
20200605,-231000,5,-1500,-0.65,1061922,58170,45549,--12621,--38052,254853,199340,--55513,--165311,KRX
20200604,+232500,2,+7000,+3.10,1052789,63756,89187,+25431,+55706,275418,385216,+109798,+242422,KRX
20200603,-225500,5,-8500,-3.63,1476614,82009,51734,--30275,--9456,360274,227650,--132624,--43414,KRX
20200602,-234000,5,-3000,-1.27,689584,59100,38281,--20819,--26914,252911,163701,--89210,--115570,KRX
20200601,+237000,2,+11000,+4.87,1140644,59463,65558,+6095,+142919,253526,279886,+26360,+624279,KRX
20200529,-226000,5,-14500,-6.03,3114298,487140,350316,--136824,--162113,2138080,1540161,--597919,--709076,KRX
20200528,+240500,2,+12000,+5.25,1625154,66391,91680,+25289,+43818,285037,396194,+111157,+191407,KRX
20200527,-228500,5,-10500,-4.39,1351505,65385,46856,--18529,+30256,284650,204400,--80250,+125453,KRX
20200526,-239000,5,-2000,-0.83,1568016,86529,37744,--48785,--59907,363905,158202,--205703,--252470,KRX
20200525,+241000,2,+10500,+4.56,1015069,35190,46312,+11122,+6693,147950,194717,+46767,+27501,KRX
20200522,+230500,2,+5500,+2.44,1108281,70688,75117,+4429,+22219,308755,328021,+19266,+97623,KRX
20200521,+225000,2,+3000,+1.35,1004395,73058,55268,--17790,--25332,321490,243133,--78357,--112494,KRX
20200520,+222000,2,+8500,+3.98,977544,42533,50075,+7542,--7105,193055,227192,+34137,--35104,KRX
20200519,-213500,5,-1500,-0.70,917603,48133,62780,+14647,+3287,225460,294701,+69241,+16532,KRX
20200518,+215000,2,+2000,+0.94,638906,43358,54718,+11360,+24036,201089,253798,+52709,+111254,KRX
20200515,-213000,5,-6000,-2.74,1050469,68558,55882,--12676,--5479,319933,261388,--58545,--26176,KRX
20200514,+219000,2,+500,+0.23,866427,68559,61362,--7197,+11630,313142,280773,--32369,+54321,KRX
20200513,-218500,5,-1000,-0.46,1014692,77711,58884,--18827,+19753,358140,271450,--86690,+88021,KRX
20200512,+219500,2,+5000,+2.33,1056584,92052,53472,--38580,--13040,417656,242945,--174711,--56646,KRX
20200511,+214500,2,+500,+0.23,599328,58024,32484,--25540,--16233,267941,149876,--118065,--74863,KRX
20200508,-214000,5,-1500,-0.70,732394,41632,32325,--9307,--1222,193233,150031,--43202,--5615,KRX
20200507,+215500,2,+3500,+1.65,984024,60833,52748,--8085,--10947,283121,245534,--37587,--51235,KRX
20200506,+212000,2,+13000,+6.53,992225,50740,53602,+2862,+53,244903,258551,+13648,--319,KRX
20200504,+199000,2,+1500,+0.76,1104027,65625,68434,+2809,--18718,331078,345045,+13967,--94272,KRX
20200429,-197500,5,-500,-0.25,676743,34549,56076,+21527,+14185,174495,282734,+108239,+70967,KRX
20200428,+198000,2,+500,+0.25,433549,23402,30744,+7342,+3208,118974,156246,+37272,+16968,KRX
20200427,+197500,2,+5000,+2.60,927347,39151,43285,+4134,--1957,198596,218900,+20304,--11407,KRX
20200424,+192500,2,+2500,+1.32,928695,38577,44668,+6091,--12720,200009,231720,+31711,--66555,KRX
20200423,+190000,2,+8000,+4.40,1521478,40828,59639,+18811,+15112,214439,312705,+98266,+78126,KRX
20200422,+182000,2,+3500,+1.96,611589,41508,45207,+3699,--13934,233369,253509,+20140,--79103,KRX
20200421,-178500,5,-1500,-0.83,759150,41697,59330,+17633,+32152,233760,333003,+99243,+179802,KRX
20200420,+180000,2,+1000,+0.56,663723,46200,31681,--14519,--11997,255998,175439,--80559,--67170,KRX
20200417,+179000,2,+8500,+4.99,900031,37729,35207,--2522,+21991,211753,198364,--13389,+130399,KRX
20200416,+170500,2,+2000,+1.19,841066,67567,43054,--24513,--18203,396085,252297,--143788,--106433,KRX
20200414,+168500,2,+2500,+1.51,520725,30392,24082,--6310,--2573,180173,142818,--37355,--14890,KRX
20200413,-166000,5,-500,-0.30,413768,26216,22479,--3737,+10955,157961,135496,--22465,+66516,KRX
20200410,-166500,5,-1000,-0.60,483720,33672,18980,--14692,+3308,203699,114718,--88981,+18760,KRX
20200409,+167500,2,+1000,+0.60,682921,47324,29324,--18000,--16221,283165,175424,--107741,--97188,KRX
20200408,-166500,5,-3000,-1.77,588577,33234,31455,--1779,+5381,198215,187662,--10553,+30663,KRX
20200407,-169500,5,-3500,-2.02,873091,39982,32822,--7160,--3146,234974,193758,--41216,--18168,KRX
20200406,+173000,2,+1000,+0.58,655547,29031,25017,--4014,+19932,167840,144792,--23048,+117728,KRX
20200403,-172000,5,-1500,-0.86,663454,55563,31617,--23946,--64391,326293,185517,--140776,--377543,KRX
20200402,+173500,2,+10500,+6.44,1086863,41666,82111,+40445,+69631,243537,480304,+236767,+412344,KRX
20200401,-163000,5,-7000,-4.12,720283,57092,27906,--29186,--56472,343319,167742,--175577,--337951,KRX
20200331,+170000,2,+7500,+4.62,858165,53795,81081,+27286,+24706,319375,481749,+162374,+146598,KRX
20200330,-162500,5,-1500,-0.91,630830,46408,48988,+2580,--37207,286450,302226,+15776,--231047,KRX
20200327,+164000,2,+11500,+7.54,1217815,65419,105206,+39787,+33044,405690,652513,+246823,+204595,KRX
20200326,-152500,5,-3500,-2.24,988725,69269,76012,+6743,+16313,451410,493638,+42228,+103014,KRX
20200325,156000,3,0,0.00,1039579,56984,47414,--9570,+4443,364697,303911,--60786,+30273,KRX
20200324,+156000,2,+13000,+9.09,960786,67331,53318,--14013,--6054,438699,347640,--91059,--34704,KRX
20200323,-143000,5,-11000,-7.14,1033851,46602,38643,--7959,+4460,323417,267062,--56355,+24426,KRX
20200320,+154000,2,+10000,+6.94,997895,57488,45069,--12419,--12757,376539,295758,--80781,--80783,KRX
20200319,-144000,5,-2000,-1.37,1154230,75773,76111,+338,+17719,525903,525905,+2,+114291,KRX
20200318,-146000,5,-5000,-3.31,666723,51138,33757,--17381,--8010,337508,223219,--114289,--51537,KRX
20200317,-151000,5,-4000,-2.58,979243,53987,44616,--9371,+17432,359938,297186,--62752,+105147,KRX
20200316,-155000,5,-11000,-6.63,812823,58189,31386,--26803,--10371,365215,197316,--167899,--64556,KRX
20200313,-166000,5,-500,-0.30,1242510,72373,55941,--16432,+17888,458553,355210,--103343,+104656,KRX
20200312,-166500,5,-3500,-2.06,980814,85601,51281,--34320,--35971,517178,309179,--207999,--217296,KRX
20200311,-170000,5,-2000,-1.16,483822,37865,39516,+1651,--10240,222061,231358,+9297,--60258,KRX
20200310,+172000,2,+4000,+2.38,666532,46034,57925,+11891,+32552,268552,338107,+69555,+191139,KRX
20200309,-168000,5,-11500,-6.41,668089,50310,29649,--20661,--35307,296178,174594,--121584,--203417,KRX
20200306,-179500,5,-1500,-0.83,293897,20609,35255,+14646,--1418,115072,196905,+81833,--7412,KRX
20200305,+181000,2,+2500,+1.40,483840,30628,46692,+16064,--8848,170054,259299,+89245,--50549,KRX
20200304,+178500,2,+3500,+2.00,450252,24892,49804,+24912,+30164,139890,279684,+139794,+169499,KRX
20200303,175000,3,0,0.00,544379,47228,41976,--5252,+4384,267627,237922,--29705,+25425,KRX
20200302,+175000,2,+1000,+0.57,659376,59287,49651,--9636,--15931,339142,284012,--55130,--91667,KRX
20200228,-174000,5,-8000,-4.40,830654,66236,72531,+6295,+4043,378252,414789,+36537,+24042,KRX
20200227,-182000,5,-5000,-2.67,535696,33032,35284,+2252,+17764,181121,193616,+12495,+95301,KRX
20200226,-187000,5,-3500,-1.84,494066,58519,43007,--15512,--38194,311842,229036,--82806,--203061,KRX
20200225,+190500,2,+6500,+3.53,704859,36572,59254,+22682,+24432,194156,314411,+120255,+129498,KRX
20200224,-184000,5,-5500,-2.90,567036,57272,55522,--1750,--206,309453,300210,--9243,--1035,KRX
20200221,-189500,5,-500,-0.26,434019,29891,28347,--1544,--111,158184,149976,--8208,--864,KRX
20200220,+190000,2,+500,+0.26,427402,29887,28454,--1433,+6201,157613,150269,--7344,+33163,KRX
20200219,+189500,2,+3000,+1.61,560743,30962,23328,--7634,+2810,164235,123728,--40507,+15598,KRX
20200218,-186500,5,-2000,-1.06,345642,26525,16081,--10444,--12842,142215,86110,--56105,--69167,KRX
20200217,+188500,2,+2000,+1.07,312407,17554,19952,+2398,--13353,93966,107028,+13062,--71672,KRX
20200214,+186500,2,+2000,+1.08,659429,25665,41416,+15751,+6936,138305,223039,+84734,+36882,KRX
20200213,-184500,5,-500,-0.27,555923,42141,50956,+8815,+5606,228682,276534,+47852,+30387,KRX
20200212,+185000,2,+500,+0.27,351892,23050,26259,+3209,+327,125409,142874,+17465,+1909,KRX
20200211,+184500,2,+1000,+0.54,400386,22269,25151,+2882,+3473,120848,136404,+15556,+18988,KRX
20200210,-183500,5,-1500,-0.81,433051,21476,20885,--591,--26808,117552,114120,--3432,--145153,KRX
20200207,+185000,2,+3500,+1.93,728633,42517,68734,+26217,+15387,229846,371567,+141721,+82155,KRX
20200206,181500,3,0,0.00,659850,22161,32991,+10830,+9096,121973,181539,+59566,+49899,KRX
20200205,+181500,2,+1000,+0.55,653809,39868,41602,+1734,--5693,219959,229626,+9667,--31370,KRX
20200204,+180500,2,+3000,+1.69,563463,30565,37992,+7427,--789,171446,212483,+41037,--4980,KRX
20200203,-177500,5,-2000,-1.11,485913,32662,40878,+8216,+13253,183505,229522,+46017,+74062,KRX
20200131,-179500,5,-500,-0.28,537062,51237,46200,--5037,+18896,285415,257370,--28045,+105393,KRX
20200130,180000,3,0,0.00,772160,63225,39292,--23933,--6763,351671,218233,--133438,--38568,KRX
20200129,+180000,2,+1500,+0.84,434897,36615,19445,--17170,--4245,202397,107527,--94870,--22795,KRX
20200128,-178500,5,-4500,-2.46,476253,47927,35002,--12925,--17974,265791,193716,--72075,--99533,KRX
20200123,-183000,5,-3000,-1.61,375929,21248,26297,+5049,--4168,115796,143254,+27458,--21385,KRX
20200122,+186000,2,+4000,+2.20,429852,25722,34939,+9217,--17430,137846,186689,+48843,--95688,KRX
20200121,-182000,5,-5500,-2.93,547678,13378,40025,+26647,+26675,72761,217292,+144531,+144856,KRX
20200120,-187500,5,-3500,-1.83,454733,27679,27651,--28,+9336,147068,146743,--325,+48814,KRX
20200117,-191000,5,-500,-0.26,286019,27598,18234,--9364,--9424,144634,95495,--49139,--49582,KRX
20200116,191500,3,0,0.00,245107,23002,23062,+60,--2708,120312,120755,+443,--14184,KRX
20200115,+191500,2,+1000,+0.52,323778,24602,27370,+2768,--7172,129193,143820,+14627,--37715,KRX
20200114,+190500,2,+2500,+1.33,501286,30113,40053,+9940,+3357,158041,210383,+52342,+17269,KRX
20200113,188000,3,0,0.00,337749,20685,27268,+6583,+4235,110340,145413,+35073,+22658,KRX
20200110,+188000,2,+2000,+1.08,398739,28482,30830,+2348,--15479,152970,165385,+12415,--83649,KRX
20200109,+186000,2,+3000,+1.64,531355,40291,58118,+17827,+7785,217552,313616,+96064,+40595,KRX
20200108,-183000,5,-4000,-2.14,820867,50573,60615,+10042,+1341,278418,333887,+55469,+8321,KRX
20200107,+187000,2,+6500,+3.60,328624,19872,28573,+8701,+4159,107035,154183,+47148,+22017,KRX
20200106,-180500,5,-1000,-0.55,287970,18723,23265,+4542,--7167,104063,129194,+25131,--38923,KRX
20200103,-181500,5,-1000,-0.55,454492,26000,37709,+11709,+12164,142521,206575,+64054,+66341,KRX
20200102,-182500,5,-4000,-2.14,300640,23703,23248,--455,+9231,128729,126442,--2287,+49787,KRX
20191230,+186500,2,+3000,+1.63,376541,31435,21749,--9686,--11204,168157,116083,--52074,--60578,KRX
20191227,+183500,2,+3000,+1.66,323473,23088,24606,+1518,+154,126633,135137,+8504,+956,KRX
20191226,-180500,5,-1500,-0.82,173426,10116,11480,+1364,+8717,55833,63381,+7548,+48000,KRX
20191224,-182000,5,-2000,-1.09,193440,15524,8171,--7353,--5447,85463,45011,--40452,--30080,KRX
20191223,+184000,2,+500,+0.27,250256,17761,15855,--1906,--12549,96700,86328,--10372,--68383,KRX
20191220,+183500,2,+4500,+2.51,560761,45837,56480,+10643,+2245,249946,307957,+58011,+11008,KRX
20191219,+179000,2,+500,+0.28,296857,19779,28177,+8398,+9795,111380,158383,+47003,+55082,KRX
20191218,-178500,5,-2000,-1.11,310567,32524,31127,--1397,--18370,182405,174326,--8079,--102185,KRX
20191217,+180500,2,+1000,+0.56,370752,25378,42351,+16973,+9984,140903,235009,+94106,+54909,KRX
20191216,+179500,2,+4000,+2.28,335819,18986,25975,+6989,+312,106555,145752,+39197,+1369,KRX
20191213,175500,3,0,0.00,317833,18354,25031,+6677,--8899,104916,142744,+37828,--50783,KRX
20191212,+175500,2,+1500,+0.86,609714,47578,63154,+15576,+13871,271256,359867,+88611,+78880,KRX
20191211,-174000,5,-500,-0.29,200711,18175,19880,+1705,+8536,104268,113999,+9731,+48886,KRX
20191210,-174500,5,-500,-0.29,215711,20264,13433,--6831,--3564,116063,76908,--39155,--20309,KRX
20191209,+175000,2,+1000,+0.57,271990,17276,14009,--3267,--11308,99070,80224,--18846,--65155,KRX
20191206,+174000,2,+3500,+2.05,208849,10993,19034,+8041,+10103,63464,109773,+46309,+58360,KRX
20191205,-170500,5,-4000,-2.29,271499,19232,17170,--2062,--7776,112301,100250,--12051,--44887,KRX
20191204,+174500,2,+2500,+1.45,228851,17450,23164,+5714,+3074,100425,133261,+32836,+17521,KRX
20191203,+172000,2,+500,+0.29,245675,15089,17729,+2640,+2915,88115,103430,+15315,+17068,KRX
20191202,-171500,5,-500,-0.29,275601,19206,18931,--275,+13911,111450,109697,--1753,+81499,KRX
20191129,-172000,5,-1000,-0.58,349615,35527,21341,--14186,--12547,208009,124757,--83252,--73743,KRX
20191128,+173000,2,+500,+0.29,252885,17610,15971,--1639,+6554,102021,92512,--9509,+37719,KRX
20191127,-172500,5,-500,-0.29,299949,29006,20813,--8193,--6375,167074,119846,--47228,--36473,KRX
20191126,-173000,5,-1000,-0.57,774461,83569,81751,--1818,+890,482540,471785,--10755,+5209,KRX
20191125,+174000,2,+6500,+3.88,490795,32200,29492,--2708,--9482,187611,171647,--15964,--56287,KRX
20191122,-167500,5,-2500,-1.47,481529,23364,30138,+6774,+5102,139604,179927,+40323,+30686,KRX
20191121,+170000,2,+500,+0.29,543754,31887,33559,+1672,+21323,187412,197049,+9637,+125162,KRX
20191120,-169500,5,-1000,-0.59,602206,54588,34937,--19651,+2191,320660,205135,--115525,+11199,KRX
20191119,-170500,5,-8000,-4.48,1055749,72186,50344,--21842,--10965,417207,290483,--126724,--65092,KRX
20191118,+178500,2,+5000,+2.88,876975,51527,40650,--10877,+37849,291026,229394,--61632,+217357,KRX
20191115,-173500,5,-6500,-3.61,886846,88115,39389,--48726,--66299,504323,225334,--278989,--378824,KRX
20191114,+180000,2,+22000,+13.92,2042648,62430,80003,+17573,+11600,357766,457601,+99835,+61932,KRX
20191113,-158000,5,-4000,-2.47,500221,23755,29728,+5973,+6675,150670,188573,+37903,+42307,KRX
20191112,-162000,5,-1000,-0.61,236652,17687,16985,--702,+2393,109405,105001,--4404,+14507,KRX
20191111,-163000,5,-500,-0.31,231149,23382,20287,--3095,+4960,142835,123924,--18911,+30412,KRX
20191108,-163500,5,-2000,-1.21,306968,31644,23589,--8055,--13938,193530,144207,--49323,--85234,KRX
20191107,+165500,2,+4000,+2.48,390866,23265,29148,+5883,+3381,142269,178180,+35911,+20508,KRX
20191106,161500,3,0,0.00,332755,25917,28419,+2502,--6715,160028,175431,+15403,--41395,KRX
20191105,-161500,5,-3000,-1.82,662116,24510,33727,+9217,+4187,150756,207554,+56798,+26153,KRX
20191104,-164500,5,-2500,-1.50,455199,16010,21040,+5030,+1022,97437,128082,+30645,+6521,KRX
20191101,+167000,2,+3000,+1.83,720358,26407,30415,+4008,--42240,158497,182621,+24124,--261638,KRX
20191031,+164000,2,+9500,+6.15,1409619,36988,83236,+46248,+38611,226260,512022,+285762,+236205,KRX
20191030,+154500,2,+1500,+0.98,290658,13017,20654,+7637,+25714,84813,134370,+49557,+167374,KRX
20191029,-153000,5,-4000,-2.55,321007,32465,14388,--18077,--25839,211439,93622,--117817,--167528,KRX
20191028,+157000,2,+4500,+2.95,335238,14714,22476,+7762,+6595,94827,144538,+49711,+42117,KRX
20191025,-152500,5,-500,-0.33,162510,9488,10655,+1167,--2988,62324,69918,+7594,--19680,KRX
20191024,+153000,2,+500,+0.33,224666,11210,15365,+4155,+4730,73742,101016,+27274,+31095,KRX
20191023,-152500,5,-1500,-0.97,226744,13932,13357,--575,+9378,91358,87537,--3821,+61424,KRX
20191022,+154000,2,+2000,+1.32,360102,27208,17255,--9953,--9814,178078,112833,--65245,--64350,KRX
20191021,+152000,2,+1500,+1.00,245735,16962,16823,--139,+887,111705,110810,--895,+5979,KRX
20191018,-150500,5,-2500,-1.63,245740,14703,13677,--1026,--896,97009,90135,--6874,--5842,KRX
20191017,-153000,5,-1500,-0.97,280276,21840,21710,--130,--9610,142058,141026,--1032,--62589,KRX
20191016,+154500,2,+3000,+1.98,280882,15417,24897,+9480,+11875,100230,161787,+61557,+77083,KRX
20191015,-151500,5,-4500,-2.88,297569,25345,22950,--2395,--110,166096,150570,--15526,--792,KRX
20191014,156000,3,0,0.00,246407,19149,16864,--2285,--11728,123310,108576,--14734,--75256,KRX
20191011,+156000,2,+2500,+1.63,216730,11053,20496,+9443,--1462,70975,131497,+60522,--10543,KRX
20191010,153500,3,0,0.00,404228,29504,40409,+10905,+6547,192502,263567,+71065,+42530,KRX
20191008,+153500,2,+500,+0.33,250805,19576,23934,+4358,--12498,128033,156568,+28535,--82467,KRX
20191007,+153000,2,+2500,+1.66,387749,15809,32665,+16856,--6291,103938,214940,+111002,--41224,KRX
20191004,-150500,5,-6500,-4.14,602642,26309,49456,+23147,+24525,170639,322865,+152226,+160822,KRX
20191002,-157000,5,-3000,-1.88,203708,18253,16875,--1378,--12749,115298,106702,--8596,--79860,KRX
20191001,+160000,2,+3000,+1.91,260668,11123,22494,+11371,--4199,70022,141286,+71264,--28328,KRX
20190930,+157000,2,+1000,+0.64,313910,20565,36135,+15570,+7884,131747,231339,+99592,+50259,KRX
20190927,-156000,5,-2000,-1.27,241249,14120,21806,+7686,--3308,90519,139852,+49333,--20046,KRX
20190926,158000,3,0,0.00,313084,12103,23097,+10994,+11133,76605,145984,+69379,+70294,KRX
20190925,158000,3,0,0.00,274586,16312,16173,--139,--1621,103345,102430,--915,--10290,KRX
20190924,+158000,2,+1000,+0.64,195994,12715,14197,+1482,--247,80705,90080,+9375,--1713,KRX
20190923,157000,3,0,0.00,204570,10538,12267,+1729,--5852,67258,78346,+11088,--37166,KRX
20190920,-157000,5,-500,-0.32,390181,18630,26211,+7581,+2713,118753,167007,+48254,+17332,KRX
20190919,-157500,5,-1500,-0.94,377446,24232,29100,+4868,+6040,154198,185120,+30922,+38341,KRX
20190918,+159000,2,+4000,+2.58,465208,20765,19593,--1172,--10899,131332,123913,--7419,--70321,KRX
20190917,+155000,2,+500,+0.32,304106,13516,23243,+9727,--746,87361,150263,+62902,--4073,KRX
20190916,+154500,2,+1000,+0.65,449618,27082,37555,+10473,+11188,174827,241802,+66975,+71648,KRX
20190911,+153500,2,+3000,+1.99,738431,48086,47371,--715,+1193,314558,309885,--4673,+7875,KRX
20190910,-150500,5,-2500,-1.63,297053,24792,22884,--1908,--5099,163785,151237,--12548,--33362,KRX
20190909,+153000,2,+3500,+2.34,464232,16277,19468,+3191,--8630,107186,128000,+20814,--58620,KRX
20190906,+149500,2,+2500,+1.70,223250,10262,22083,+11821,+5303,69056,148490,+79434,+34688,KRX
20190905,-147000,5,-4000,-2.65,548033,25495,32013,+6518,+7473,173440,218186,+44746,+51115,KRX
20190904,+151000,2,+500,+0.33,351494,21983,21028,--955,--11832,146077,139708,--6369,--78722,KRX
20190903,+150500,2,+500,+0.33,308863,16593,27470,+10877,+2341,110448,182801,+72353,+15178,KRX
20190902,+150000,2,+3500,+2.39,371788,14305,22841,+8536,+617,95107,152282,+57175,+3155,KRX
20190830,+146500,2,+1500,+1.03,424498,21859,29778,+7919,--7259,149212,203232,+54020,--50873,KRX
20190829,-145000,5,-1500,-1.02,408164,12306,27484,+15178,+3639,84938,189831,+104893,+25923,KRX
20190828,146500,3,0,0.00,309159,10213,21752,+11539,+20240,69917,148887,+78970,+138676,KRX
20190827,+146500,2,+3000,+2.09,904199,72639,63938,--8701,--22899,497719,438013,--59706,--158044,KRX
20190826,-143500,5,-5000,-3.37,423695,12425,26623,+14198,+9857,85782,184120,+98338,+68846,KRX
20190823,+148500,2,+500,+0.34,491690,11585,15926,+4341,+11962,78540,108032,+29492,+80842,KRX
20190822,+148000,2,+500,+0.34,499537,34036,26415,--7621,--15948,228339,176989,--51350,--108430,KRX
20190821,+147500,2,+2000,+1.37,514109,18182,26509,+8327,--19282,123615,180695,+57080,--136512,KRX
20190820,+145500,2,+6500,+4.68,556246,17229,44838,+27609,+12667,120143,313735,+193592,+86632,KRX
20190819,-139000,5,-500,-0.36,487500,14015,28957,+14942,+15940,100647,207607,+106960,+114198,KRX
20190816,+139500,2,+500,+0.36,351686,22086,21088,--998,+4848,158847,151609,--7238,+34364,KRX
20190814,-139000,5,-3500,-2.46,433070,26645,20799,--5846,--16278,190486,148884,--41602,--114914,KRX
20190813,+142500,2,+2000,+1.42,352863,13661,24093,+10432,+9880,95710,169022,+73312,+69372,KRX
20190812,-140500,5,-2000,-1.40,217292,8832,9384,+552,+1402,62225,66165,+3940,+9861,KRX
20190809,+142500,2,+2500,+1.79,368133,17765,16915,--850,+690,124288,118367,--5921,+4923,KRX
20190808,+140000,2,+2500,+1.82,496443,30276,28736,--1540,+299,216649,205805,--10844,+2420,KRX
20190807,-137500,5,-1000,-0.72,336416,22239,20400,--1839,+4499,161016,147752,--13264,+32924,KRX
20190806,+138500,2,+500,+0.36,610095,37736,31398,--6338,--10015,274871,228683,--46188,--73055,KRX
20190805,-138000,5,-4000,-2.82,733982,30478,34155,+3677,+5780,221740,248607,+26867,+41486,KRX
20190802,+142000,2,+1500,+1.07,484009,25101,22998,--2103,--4418,177401,162782,--14619,--31119,KRX
20190801,+140500,2,+2500,+1.81,460049,20828,23143,+2315,+1819,148734,165234,+16500,+12906,KRX
20190731,-138000,5,-500,-0.36,361525,21854,22350,+496,--7018,158335,161929,+3594,--50451,KRX
20190730,138500,3,0,0.00,364674,16017,23531,+7514,+10599,115229,169274,+54045,+76117,KRX
20190729,-138500,5,-2500,-1.77,583629,24841,21756,--3085,--17611,179152,157080,--22072,--125695,KRX
20190726,+141000,2,+7000,+5.22,1440686,39460,53986,+14526,+3609,282669,386292,+103623,+19778,KRX
20190725,+134000,2,+10500,+8.50,1635774,52024,62941,+10917,+1258,398074,481919,+83845,+5874,KRX
20190724,+123500,2,+1000,+0.82,606769,22109,31768,+9659,+14498,178731,256702,+77971,+117505,KRX
20190723,+122500,2,+1500,+1.24,358255,18101,13262,--4839,--19822,147804,108270,--39534,--162732,KRX
20190722,-121000,5,-1500,-1.22,346897,15974,30957,+14983,+16344,131439,254637,+123198,+134257,KRX
20190719,+122500,2,+2000,+1.66,445122,20132,18771,--1361,+1118,164744,153685,--11059,+9534,KRX
20190718,+120500,2,+1500,+1.26,267715,11997,9518,--2479,--2037,99631,79038,--20593,--16895,KRX
20190717,-119000,5,-1000,-0.83,205316,8891,8449,--442,+2669,74670,70972,--3698,+22334,KRX
20190716,+120000,2,+2000,+1.69,391260,17632,14521,--3111,--5966,147760,121728,--26032,--50083,KRX
20190715,+118000,2,+1000,+0.85,263893,8537,11392,+2855,+2198,72135,96186,+24051,+18581,KRX
20190712,117000,3,0,0.00,160685,9185,9842,+657,+2903,78267,83737,+5470,+24687,KRX
20190711,+117000,2,+1500,+1.30,293389,17105,14859,--2246,--8981,146093,126876,--19217,--76734,KRX
20190710,115500,3,0,0.00,267438,12443,19178,+6735,+2674,107047,164564,+57517,+22959,KRX
20190709,-115500,5,-3000,-2.53,460058,16176,20237,+4061,+2099,138592,173150,+34558,+18162,KRX
20190708,-118500,5,-2500,-2.07,306897,16175,18137,+1962,+3122,135724,152120,+16396,+25871,KRX
20190705,+121000,2,+3000,+2.54,409700,10676,9516,--1160,--7659,88508,79033,--9475,--64269,KRX
20190704,+118000,2,+500,+0.43,355658,16322,22821,+6499,--5984,138261,193055,+54794,--52321,KRX
20190703,+117500,2,+2500,+2.17,408701,10382,22865,+12483,+7897,88991,196106,+107115,+67038,KRX
20190702,+115000,2,+500,+0.44,273980,11746,16332,+4586,--3979,102930,143007,+40077,--34368,KRX
20190701,+114500,2,+500,+0.44,306736,11371,19936,+8565,+8163,99106,173551,+74445,+70956,KRX
20190628,-114000,5,-1000,-0.87,267404,10180,10582,+402,+3424,89423,92912,+3489,+30214,KRX
20190627,-115000,5,-500,-0.43,375582,22348,19326,--3022,--3665,195084,168359,--26725,--32284,KRX
20190626,+115500,2,+1000,+0.87,300077,12626,13269,+643,--5575,109299,114858,+5559,--48498,KRX
20190625,+114500,2,+1000,+0.88,473961,14354,20572,+6218,+3462,125404,179461,+54057,+29639,KRX
20190624,+113500,2,+500,+0.44,254210,13374,16130,+2756,+4014,118659,143077,+24418,+35839,KRX
20190621,+113000,2,+1500,+1.35,555965,26190,24932,--1258,--3959,231605,220184,--11421,--35690,KRX
20190620,+111500,2,+1500,+1.36,282163,9198,11899,+2701,--2171,83143,107412,+24269,--20216,KRX
20190619,+110000,2,+1000,+0.92,483689,15733,20605,+4872,+13487,144371,188856,+44485,+124130,KRX
20190618,-109000,5,-1500,-1.36,791946,35017,26402,--8615,--627,322905,243260,--79645,--7372,KRX
20190617,-110500,5,-1000,-0.90,475346,25221,17233,--7988,+1316,228163,155890,--72273,+11156,KRX
20190614,-111500,5,-1500,-1.33,553083,24656,15352,--9304,--6895,220936,137507,--83429,--62110,KRX
20190613,-113000,5,-1000,-0.88,551067,29607,27198,--2409,--6568,261921,240602,--21319,--57965,KRX
20190612,+114000,2,+1000,+0.88,354664,11576,15735,+4159,+1843,101997,138643,+36646,+16028,KRX
20190611,-113000,5,-1000,-0.88,423258,18792,21108,+2316,--5321,165939,186557,+20618,--47003,KRX
20190610,+114000,2,+3000,+2.70,464590,21524,29161,+7637,+8166,189375,256996,+67621,+72444,KRX
20190607,+111000,2,+500,+0.45,386800,14770,14241,--529,--370,133125,128302,--4823,--3384,KRX
20190605,-110500,5,-500,-0.45,471689,16189,16030,--159,+13713,146511,145072,--1439,+123076,KRX
20190604,-111000,5,-4000,-3.48,531826,28367,14495,--13872,--23658,254348,129833,--124515,--210112,KRX
20190603,+115000,2,+3500,+3.14,391824,13143,22929,+9786,+7213,115089,200686,+85597,+62611,KRX
20190531,-111500,5,-500,-0.45,310649,14702,17275,+2573,+3691,131883,154869,+22986,+32755,KRX
20190530,+112000,2,+2500,+2.28,378379,17127,16009,--1118,+6674,152368,142599,--9769,+61393,KRX
20190529,+109500,2,+1000,+0.92,515196,22254,14462,--7792,+25859,202859,131697,--71162,+237239,KRX
20190528,-108500,5,-2000,-1.81,1490526,140893,107242,--33651,--25488,1295147,986746,--308401,--234860,KRX
20190527,-110500,5,-3000,-2.64,369902,20224,12061,--8163,--1253,182273,108732,--73541,--12356,KRX
20190524,+113500,2,+500,+0.44,408081,29588,22678,--6910,--23523,260568,199383,--61185,--209139,KRX
20190523,113000,3,0,0.00,545497,14556,31169,+16613,+30395,130035,277989,+147954,+269948,KRX
20190522,-113000,5,-1500,-1.31,567069,31660,17878,--13782,--15974,280179,158185,--121994,--140577,KRX
20190521,-114500,5,-4000,-3.38,603105,25939,28131,+2192,+12635,223862,242445,+18583,+106528,KRX
20190520,-118500,5,-2500,-2.07,449916,20473,10030,--10443,--12838,172219,84274,--87945,--107273,KRX
20190517,+121000,2,+2000,+1.68,439545,16058,18453,+2395,+5712,132916,152244,+19328,+47520,KRX
20190516,-119000,5,-1000,-0.83,484468,28498,25181,--3317,+1165,238754,210562,--28192,+9351,KRX
20190515,-120000,5,-2000,-1.64,460936,20430,15948,--4482,--522,169191,131648,--37543,--4610,KRX
20190514,-122000,5,-500,-0.41,532037,23839,19879,--3960,+14165,196111,163178,--32933,+115193,KRX
20190513,122500,3,0,0.00,343827,24783,6658,--18125,--18196,202527,54401,--148126,--148534,KRX
20190510,+122500,2,+3500,+2.94,474352,28602,28673,+71,+22207,235068,235476,+408,+184512,KRX
20190509,-119000,5,-4500,-3.64,799208,37996,15860,--22136,--22864,316081,131977,--184104,--189937,KRX
20190508,-123500,5,-500,-0.40,317483,12910,13638,+728,+10460,104743,110576,+5833,+84029,KRX
20190507,124000,3,0,0.00,696627,39072,29340,--9732,--8080,314626,236430,--78196,--65428,KRX
20190503,+124000,2,+2000,+1.64,705503,26424,24772,--1652,+8696,213825,201057,--12768,+71682,KRX
20190502,+122000,2,+2500,+2.09,691901,30222,19874,--10348,--8366,248270,163820,--84450,--67872,KRX
20190430,-119500,5,-500,-0.42,569162,23732,21750,--1982,+12659,199152,182574,--16578,+106675,KRX
20190429,+120000,2,+2000,+1.69,429353,27862,13221,--14641,--12984,234369,111116,--123253,--109365,KRX
20190426,-118000,5,-2500,-2.07,544042,17636,15979,--1657,+3254,148373,134485,--13888,+26811,KRX
20190425,-120500,5,-500,-0.41,720472,24841,19930,--4911,+8279,205185,164486,--40699,+67977,KRX
20190424,+121000,2,+500,+0.41,906235,40746,27556,--13190,+11853,335955,227279,--108676,+99625,KRX
20190423,+120500,2,+2500,+2.12,815629,54400,29357,--25043,--9666,452455,244154,--208301,--78927,KRX
20190422,118000,3,0,0.00,531346,25296,9919,--15377,--6833,212911,83537,--129374,--57144,KRX
20190419,118000,3,0,0.00,247009,13560,5016,--8544,--7695,114542,42312,--72230,--65437,KRX
20190418,-118000,5,-1500,-1.26,776721,20584,19735,--849,--2197,173686,166893,--6793,--18095,KRX
20190417,119500,3,0,0.00,639441,18959,20307,+1348,+4639,158583,169885,+11302,+38835,KRX
20190416,119500,3,0,0.00,973625,22081,18790,--3291,+1633,184474,156941,--27533,+13444,KRX
20190415,119500,3,0,0.00,596131,34526,29602,--4924,+4739,288632,247655,--40977,+39436,KRX
20190412,-119500,5,-2000,-1.65,953216,26976,17313,--9663,--9234,224384,143971,--80413,--76815,KRX
20190411,-121500,5,-500,-0.41,615217,25969,25540,--429,+8923,213319,209721,--3598,+73104,KRX
20190410,+122000,2,+500,+0.41,459206,29863,20511,--9352,+3666,244832,168130,--76702,+30498,KRX
20190409,121500,3,0,0.00,423498,31972,18954,--13018,--1920,263029,155829,--107200,--16032,KRX
20190408,-121500,5,-1500,-1.22,393376,23653,12555,--11098,--2427,194405,103237,--91168,--20594,KRX
20190405,+123000,2,+500,+0.41,365838,14049,5378,--8671,--19015,114349,43775,--70574,--154968,KRX
20190404,+122500,2,+500,+0.41,361821,6662,17006,+10344,+27052,54458,138852,+84394,+221162,KRX
20190403,-122000,5,-2500,-2.01,958364,33062,16354,--16708,--11667,270660,133892,--136768,--96306,KRX
20190402,+124500,2,+500,+0.40,471744,23828,18787,--5041,+1437,191088,150626,--40462,+11373,KRX
20190401,124000,3,0,0.00,367014,25346,18868,--6478,--15955,203316,151481,--51835,--128285,KRX
20190329,+124000,2,+2000,+1.64,421477,20700,30177,+9477,+2206,167216,243666,+76450,+16976,KRX
20190328,-122000,5,-1000,-0.81,449545,15513,22784,+7271,+14353,126927,186401,+59474,+116772,KRX
20190327,-123000,5,-3500,-2.77,429156,19814,12732,--7082,--17031,160397,103099,--57298,--136097,KRX
20190326,+126500,2,+500,+0.40,452377,7103,17052,+9949,+11277,56391,135190,+78799,+89347,KRX
20190325,-126000,5,-1000,-0.79,279179,13781,12453,--1328,--4047,109241,98693,--10548,--31868,KRX
20190322,-127000,5,-1000,-0.78,379311,11574,14293,+2719,+1312,90924,112244,+21320,+10436,KRX
20190321,-128000,5,-500,-0.39,399492,16704,18111,+1407,--7579,129906,140790,+10884,--59079,KRX
20190320,-128500,5,-2000,-1.53,371499,11768,20754,+8986,+8738,91775,161738,+69963,+68071,KRX
20190319,-130500,5,-1500,-1.14,200830,10982,11230,+248,--801,83739,85631,+1892,--6009,KRX
20190318,+132000,2,+1500,+1.15,248810,13868,14917,+1049,+4768,104994,112895,+7901,+36317,KRX
20190315,-130500,5,-500,-0.38,907507,35035,31316,--3719,--6822,268154,239738,--28416,--51844,KRX
20190314,+131000,2,+500,+0.38,554454,30266,33369,+3103,--765,231355,254783,+23428,--6240,KRX
20190313,130500,3,0,0.00,268047,11024,14892,+3868,--6268,84672,114340,+29668,--47290,KRX
20190312,-130500,5,-3000,-2.25,367651,14234,24370,+10136,+7121,108576,185534,+76958,+54291,KRX
20190311,+133500,2,+500,+0.38,151479,9905,12920,+3015,+2508,74488,97155,+22667,+18590,KRX
20190308,-133000,5,-5500,-3.97,304114,16760,17267,+507,+1427,125486,129563,+4077,+10861,KRX
20190307,+138500,2,+1000,+0.73,254573,16154,15234,--920,--6480,117205,110421,--6784,--47567,KRX
20190306,+137500,2,+2000,+1.48,403724,14788,20348,+5560,+10341,107901,148684,+40783,+75826,KRX
20190305,-135500,5,-2500,-1.81,387063,21814,17033,--4781,--8977,159617,124574,--35043,--65811,KRX
20190304,+138000,2,+5000,+3.76,743644,39648,43844,+4196,--2163,290060,320828,+30768,--16888,KRX
20190228,+133000,2,+3500,+2.70,584183,30235,36594,+6359,+10956,226854,274510,+47656,+83445,KRX
20190227,-129500,5,-2000,-1.52,322664,20965,16368,--4597,--29027,160392,124603,--35789,--221770,KRX
20190226,+131500,2,+5500,+4.37,591643,16924,41354,+24430,+25688,129454,315435,+185981,+196032,KRX
20190225,-126000,5,-1000,-0.79,338113,16686,15428,--1258,--5961,132015,121964,--10051,--47215,KRX
20190222,-127000,5,-2000,-1.55,301395,13655,18358,+4703,--7202,107804,144968,+37164,--55305,KRX
20190221,+129000,2,+2000,+1.57,347083,15847,27752,+11905,+6974,123501,215970,+92469,+53686,KRX
20190220,+127000,2,+500,+0.40,231753,11138,16069,+4931,+9484,87897,126680,+38783,+74799,KRX
20190219,-126500,5,-500,-0.39,218351,13592,9039,--4553,+7939,107347,71331,--36016,+62055,KRX
20190218,-127000,5,-500,-0.39,533191,24634,12142,--12492,--11870,193129,95058,--98071,--93267,KRX
20190215,127500,3,0,0.00,420100,18174,17552,--622,--7407,141116,136312,--4804,--57350,KRX
20190214,+127500,2,+2500,+2.00,700427,36494,43279,+6785,+14616,285803,338349,+52546,+114929,KRX
20190213,+125000,2,+1500,+1.21,373571,24532,16701,--7831,--6063,195781,133398,--62383,--47692,KRX
20190212,-123500,5,-2000,-1.59,1160217,35392,33624,--1768,--2090,288237,273546,--14691,--17371,KRX
20190211,-125500,5,-500,-0.40,801465,17461,17783,+322,--22151,138034,140714,+2680,--175665,KRX
20190208,-126000,5,-3000,-2.33,704393,11974,34447,+22473,+1384,95093,273438,+178345,+17109,KRX
20190207,-129000,5,-4500,-3.37,737938,16126,37215,+21089,+15169,123097,284333,+161236,+118475,KRX
20190201,-133500,5,-2500,-1.84,530284,21446,27366,+5920,+9332,157859,200620,+42761,+69125,KRX
20190131,136000,3,0,0.00,1054276,44431,41019,--3412,+1768,320302,293938,--26364,+12142,KRX
20190130,136000,3,0,0.00,462280,31653,26473,--5180,--17649,233354,194848,--38506,--131687,KRX
20190129,+136000,2,+4000,+3.03,411369,21138,33607,+12469,+9029,157654,250835,+93181,+67399,KRX
20190128,+132000,2,+2000,+1.54,283360,18497,21937,+3440,--8551,141369,167151,+25782,--66421,KRX
20190125,+130000,2,+500,+0.39,281650,9516,21507,+11991,+19274,73353,165556,+92203,+149525,KRX
20190124,-129500,5,-3000,-2.26,562335,38173,30890,--7283,--6800,294719,237397,--57322,--53639,KRX
20190123,+132500,2,+2500,+1.92,259375,15221,14738,--483,+4740,114984,111301,--3683,+37359,KRX
20190122,-130000,5,-1000,-0.76,502285,31348,26125,--5223,--4209,243869,202827,--41042,--33860,KRX
20190121,-131000,5,-6500,-4.73,457161,26857,25843,--1014,--3527,202325,195143,--7182,--25352,KRX
20190118,+137500,2,+1500,+1.10,328761,20321,22834,+2513,--9292,148206,166376,+18170,--68638,KRX
20190117,+136000,2,+3500,+2.64,407099,18431,30236,+11805,+5247,135480,222288,+86808,+37425,KRX
20190116,132500,3,0,0.00,272719,13025,19583,+6558,+3776,97953,147336,+49383,+28289,KRX
20190115,+132500,2,+5500,+4.33,335999,16056,18838,+2782,+6898,123039,144133,+21094,+53706,KRX
20190114,-127000,5,-4000,-3.05,525411,28812,24696,--4116,--7635,227785,195173,--32612,--59060,KRX
20190111,131000,3,0,0.00,322925,16515,20034,+3519,+1961,125039,151487,+26448,+14568,KRX
20190110,-131000,5,-2000,-1.50,293112,13888,15446,+1558,--2333,105572,117452,+11880,--17318,KRX
20190109,+133000,2,+3000,+2.31,381372,22170,26061,+3891,+3557,166883,196081,+29198,+26608,KRX
20190108,-130000,5,-1500,-1.14,376127,21749,22083,+334,+4063,166645,169235,+2590,+30498,KRX
20190107,+131500,2,+6000,+4.78,502619,22656,18927,--3729,--8091,172454,144546,--27908,--62859,KRX
20190104,+125500,2,+3500,+2.87,520785,16110,20472,+4362,--16931,129176,164127,+34951,--138889,KRX
20190103,+122000,2,+4000,+3.39,525020,14712,36005,+21293,+5207,119670,293510,+173840,+38178,KRX
20190102,-118000,5,-4000,-3.28,356120,14594,30680,+16086,+975,122997,258659,+135662,+11693,KRX
20181228,-122000,5,-500,-0.41,322665,12609,27720,+15111,+3867,103387,227356,+123969,+31615,KRX
20181227,+122500,2,+3500,+2.94,371637,14732,25976,+11244,+6130,121354,213708,+92354,+49648,KRX
20181226,-119000,5,-4000,-3.25,275517,11854,16968,+5114,--3812,99222,141928,+42706,--29977,KRX
20181224,+123000,2,+1500,+1.23,278884,6653,15579,+8926,+21595,54134,126817,+72683,+176113,KRX
20181221,-121500,5,-5500,-4.33,507653,43776,31107,--12669,--8424,357635,254205,--103430,--69760,KRX
20181220,-127000,5,-500,-0.39,364624,29398,25153,--4245,--101,233197,199527,--33670,--1452,KRX
20181219,+127500,2,+5500,+4.51,385472,20688,16544,--4144,+11065,163195,130977,--32218,+93012,KRX
20181218,122000,3,0,0.00,342972,31455,16246,--15209,--11023,258698,133468,--125230,--91032,KRX
20181217,-122000,5,-1500,-1.21,294847,19389,15203,--4186,--6778,158601,124403,--34198,--55422,KRX
20181214,-123500,5,-500,-0.40,259268,17554,20146,+2592,--1022,142929,164153,+21224,--8140,KRX
20181213,-124000,5,-500,-0.40,972556,48829,52443,+3614,+21272,392993,422357,+29364,+171493,KRX
20181212,+124500,2,+1500,+1.22,490812,42936,25278,--17658,+558,345648,203519,--142129,+8001,KRX
20181211,+123000,2,+4000,+3.36,506349,39570,21354,--18216,--10320,327922,177792,--150130,--83476,KRX
20181210,-119000,5,-2000,-1.65,376421,21759,13863,--7896,--6190,183468,116814,--66654,--52787,KRX
20181207,+121000,2,+1000,+0.83,565663,31324,29618,--1706,+4564,258452,244585,--13867,+37843,KRX
20181206,-120000,5,-5000,-4.00,445309,26980,20710,--6270,--6545,223294,171584,--51710,--53942,KRX
20181205,+125000,2,+1500,+1.21,308805,13955,14230,+275,--4056,111518,113750,+2232,--32976,KRX
20181204,-123500,5,-2500,-1.98,512742,35704,40035,+4331,--366,287340,322548,+35208,--1720,KRX
20181203,-126000,5,-500,-0.40,486166,26248,30945,+4697,--2850,207438,244366,+36928,--22501,KRX
20181130,-126500,5,-4000,-3.07,801837,50835,58382,+7547,+9521,401290,460719,+59429,+74054,KRX
20181129,+130500,2,+1500,+1.16,559552,26843,24869,--1974,+11695,203545,188920,--14625,+91587,KRX
20181128,+129000,2,+4000,+3.20,645902,33484,19815,--13669,--995,260024,153812,--106212,--5734,KRX
20181127,+125000,2,+1000,+0.81,637199,33192,20518,--12674,--2064,264547,164069,--100478,--15238,KRX
20181126,+124000,2,+10000,+8.77,805023,26120,15510,--10610,--14068,212746,127506,--85240,--115606,KRX
20181123,+114000,2,+4500,+4.11,691736,22213,25671,+3458,+2391,194324,224690,+30366,+20428,KRX
20181122,+109500,2,+3000,+2.82,504744,11705,12772,+1067,--10391,106918,116856,+9938,--98206,KRX
20181121,-106500,5,-1500,-1.39,525328,10268,21726,+11458,+15918,96776,204920,+108144,+149268,KRX
20181120,-108000,5,-3500,-3.14,693868,32019,27559,--4460,+8477,294823,253699,--41124,+74354,KRX
20181119,-111500,5,-1000,-0.89,697289,36216,23279,--12937,--16257,323723,208245,--115478,--145093,KRX
20181116,112500,3,0,0.00,872059,23112,26432,+3320,+17389,205350,234965,+29615,+154554,KRX
20181115,-112500,5,-3000,-2.60,576671,28805,14736,--14069,--15858,255700,130761,--124939,--140441,KRX
20181114,-115500,5,-500,-0.43,335405,12363,14152,+1789,+8327,107119,122621,+15502,+71956,KRX
20181113,+116000,2,+1000,+0.87,435937,32438,25900,--6538,--3511,279733,223279,--56454,--30198,KRX
20181112,115000,3,0,0.00,260849,12770,9743,--3027,+1505,110652,84396,--26256,+12972,KRX
20181109,-115000,5,-1500,-1.29,295733,18230,13698,--4532,--2983,157640,118412,--39228,--26081,KRX
20181108,+116500,2,+1000,+0.87,404191,24955,23406,--1549,+2821,212562,199415,--13147,+23973,KRX
20181107,-115500,5,-1500,-1.28,385827,21486,17116,--4370,+702,183857,146737,--37120,+6805,KRX
20181106,+117000,2,+3500,+3.08,453810,23257,18185,--5072,--10361,200760,156835,--43925,--90784,KRX
20181105,-113500,5,-3000,-2.58,442640,15932,21221,+5289,--9309,140988,187847,+46859,--79136,KRX
20181102,+116500,2,+5000,+4.48,1320415,18907,33505,+14598,+22175,164357,290352,+125995,+191612,KRX
20181101,-111500,5,-3000,-2.62,805655,31167,23590,--7577,--21673,274245,208628,--65617,--189986,KRX
20181031,+114500,2,+4000,+3.62,1016429,36887,50983,+14096,+9122,329246,453615,+124369,+79735,KRX
20181030,+110500,2,+1000,+0.91,939865,40867,45841,+4974,+4947,377394,422028,+44634,+44058,KRX
20181029,-109500,5,-3500,-3.10,649910,18551,18578,+27,+5858,167622,168198,+576,+54408,KRX
20181026,-113000,5,-6000,-5.04,1544405,32697,26866,--5831,+5436,292112,238280,--53832,+43221,KRX
20181025,-119000,5,-8000,-6.30,1529110,34407,23140,--11267,--5411,292873,195820,--97053,--51189,KRX
20181024,+127000,2,+1500,+1.20,679196,21468,15612,--5856,--14787,168952,123088,--45864,--117036,KRX
20181023,-125500,5,-3500,-2.71,822259,23579,32510,+8931,+2268,188063,259235,+71172,+19262,KRX
20181022,+129000,2,+1500,+1.18,324730,12337,19000,+6663,+4771,96210,148120,+51910,+36792,KRX
20181019,+127500,2,+2500,+2.00,1114452,16418,18310,+1892,+10807,129884,145002,+15118,+86305,KRX
20181018,-125000,5,-5000,-3.85,880738,44439,35524,--8915,--7234,354866,283679,--71187,--59641,KRX
20181017,-130000,5,-3500,-2.62,5304519,25622,23941,--1681,--2785,193292,181746,--11546,--19244,KRX
20181016,-133500,5,-2500,-1.84,575704,21499,22603,+1104,+24840,161882,169580,+7698,+182288,KRX
20181015,-136000,5,-6000,-4.23,642772,37122,13386,--23736,--26457,272990,98400,--174590,--194747,KRX
20181012,+142000,2,+1000,+0.71,654013,22710,25431,+2721,+2721,165572,185729,+20157,+20157,KRX
20181011,0,0,0,0.00,0,0,0,0,0,0,0,0,0,KRX
20181010,0,0,0,0.00,0,0,0,0,0,0,0,0,0,KRX
20181008,0,0,0,0.00,0,0,0,0,--114,0,0,0,--86,KRX
20181005,+704000,2,+9000,+1.29,85596,20908,21022,+114,--6881,29773,29859,+86,--9971,KRX
20181004,+695000,2,+6000,+0.87,70697,21769,28764,+6995,+19945,31425,41482,+10057,+28649,KRX
20181002,-689000,5,-24000,-3.37,148984,28720,15770,--12950,--10408,41266,22674,--18592,--15028,KRX
20181001,-713000,5,-3000,-0.42,42217,12985,10443,--2542,--4203,18164,14600,--3564,--5876,KRX
20180928,+716000,2,+3000,+0.42,97465,15827,17488,+1661,--2919,22125,24437,+2312,--4034,KRX
20180927,-713000,5,-12000,-1.66,78015,20461,25041,+4580,+9828,28481,34827,+6346,+13556,KRX
20180921,-725000,5,-6000,-0.82,75131,34122,28874,--5248,--4093,46854,39644,--7210,--5642,KRX
20180920,731000,3,0,0.00,57439,12747,11592,--1155,+8213,17441,15873,--1568,+11294,KRX
20180919,+731000,2,+6000,+0.83,55286,20101,10733,--9368,--140,27565,14703,--12862,--119,KRX
20180918,-725000,5,-3000,-0.41,55452,25648,16420,--9228,--7099,35406,22663,--12743,--9818,KRX
20180917,-728000,5,-2000,-0.27,53951,13842,11713,--2129,--996,19020,16095,--2925,--1362,KRX
20180914,+730000,2,+7000,+0.97,73168,16528,15395,--1133,--3879,22675,21112,--1563,--5321,KRX
20180913,-723000,5,-7000,-0.96,102811,18785,21531,+2746,+4750,25933,29691,+3758,+6511,KRX
20180912,+730000,2,+4000,+0.55,58216,13441,11437,--2004,--4580,18423,15670,--2753,--6303,KRX
20180911,+726000,2,+1000,+0.14,58594,13923,16499,+2576,--1625,19184,22734,+3550,--2239,KRX
20180910,-725000,5,-7000,-0.96,71966,12382,16583,+4201,+5774,17075,22864,+5789,+7955,KRX
20180907,+732000,2,+2000,+0.27,64573,14083,12510,--1573,+2298,19307,17141,--2166,+3125,KRX
20180906,-730000,5,-6000,-0.82,70491,13779,9908,--3871,+8116,18824,13533,--5291,+11069,KRX
20180905,-736000,5,-19000,-2.52,118285,31900,19913,--11987,--16464,43402,27042,--16360,--22300,KRX
20180904,+755000,2,+1000,+0.13,37456,8721,13198,+4477,+3916,11589,17529,+5940,+5203,KRX
20180903,+754000,2,+2000,+0.27,31207,9288,9849,+561,--2462,12379,13116,+737,--3268,KRX
20180831,+752000,2,+6000,+0.80,57953,21294,24317,+3023,--3675,28352,32357,+4005,--4945,KRX
20180830,-746000,5,-2000,-0.27,47795,9145,15843,+6698,+3014,12208,21158,+8950,+4044,KRX
20180829,-748000,5,-8000,-1.06,54950,17869,21553,+3684,+6461,23789,28695,+4906,+8570,KRX
20180828,-756000,5,-13000,-1.69,46667,15532,12755,--2777,--7390,20515,16851,--3664,--9672,KRX
20180827,+769000,2,+11000,+1.45,44748,8746,13359,+4613,--2557,11368,17376,+6008,--3371,KRX
20180824,-758000,5,-14000,-1.81,54260,9509,16679,+7170,--2178,12472,21851,+9379,--2782,KRX
20180823,+772000,2,+25000,+3.35,99084,22133,31481,+9348,+3471,28896,41057,+12161,+4274,KRX
20180822,747000,3,0,0.00,47935,6238,12115,+5877,--2800,8385,16272,+7887,--3670,KRX
20180821,-747000,5,-8000,-1.06,48321,11337,20014,+8677,+5789,15062,26619,+11557,+7776,KRX
20180820,755000,3,0,0.00,38936,14033,16921,+2888,+1318,18535,22316,+3781,+1699,KRX
20180817,+755000,2,+5000,+0.67,38780,10863,12433,+1570,--7858,14370,16452,+2082,--10446,KRX
20180816,-750000,5,-7000,-0.92,114099,24363,33791,+9428,+5941,32501,45029,+12528,+7944,KRX
20180814,+757000,2,+2000,+0.26,61603,24220,27707,+3487,+13108,31914,36498,+4584,+17308,KRX
20180813,-755000,5,-16000,-2.08,83668,34612,24991,--9621,--23286,45827,33103,--12724,--30319,KRX
20180810,-771000,5,-8000,-1.03,69084,11925,25590,+13665,--9537,15382,32977,+17595,--12568,KRX
20180809,+779000,2,+29000,+3.87,133034,15063,38265,+23202,+17631,19511,49674,+30163,+22714,KRX
20180808,+750000,2,+6000,+0.81,62482,9395,14966,+5571,--597,12543,19992,+7449,--807,KRX
20180807,+744000,2,+9000,+1.22,64837,17187,23355,+6168,+4886,23131,31387,+8256,+6580,KRX
20180806,+735000,2,+4000,+0.55,60607,15692,16974,+1282,+10307,21265,22941,+1676,+14139,KRX
20180803,+731000,2,+3000,+0.41,106877,19792,10767,--9025,--11268,27290,14827,--12463,--15541,KRX
20180802,728000,3,0,0.00,80977,8755,10998,+2243,--4413,12032,15110,+3078,--6167,KRX
20180801,+728000,2,+12000,+1.68,102959,15256,21912,+6656,--11483,21040,30285,+9245,--16046,KRX
20180731,-716000,5,-14000,-1.92,123684,10710,28849,+18139,+22707,14948,40239,+25291,+31534,KRX
20180730,-730000,5,-21000,-2.80,108666,21349,16781,--4568,--10162,29197,22954,--6243,--13752,KRX
20180727,751000,3,0,0.00,113819,13215,18809,+5594,+18874,17749,25258,+7509,+25561,KRX
20180726,+751000,2,+5000,+0.67,224252,49259,35979,--13280,--18294,66109,48057,--18052,--24741,KRX
20180725,+746000,2,+1000,+0.13,94581,20405,25419,+5014,+6946,27324,34013,+6689,+9269,KRX
20180724,-745000,5,-29000,-3.75,84503,18241,16309,--1932,--4523,24193,21613,--2580,--5935,KRX
20180723,+774000,2,+4000,+0.52,81430,20409,23000,+2591,+1118,26447,29802,+3355,+1426,KRX
20180720,+770000,2,+5000,+0.65,50449,12743,14216,+1473,--2865,16664,18593,+1929,--3679,KRX
20180719,+765000,2,+1000,+0.13,50422,11418,15756,+4338,--4652,14855,20463,+5608,--6150,KRX
20180718,+764000,2,+5000,+0.66,31762,5362,14352,+8990,+10697,7021,18779,+11758,+14006,KRX
20180717,-759000,5,-12000,-1.56,52977,15200,13493,--1707,+11066,20015,17767,--2248,+14337,KRX
20180716,771000,3,0,0.00,57725,24096,11323,--12773,--4801,31290,14705,--16585,--6269,KRX
20180713,-771000,5,-11000,-1.41,75970,22368,14396,--7972,--7084,28980,18664,--10316,--9213,KRX
20180712,+782000,2,+13000,+1.69,95967,21799,20911,--888,+733,28019,26916,--1103,+1038,KRX
20180711,+769000,2,+9000,+1.18,86885,17236,15615,--1621,+10216,22509,20368,--2141,+13404,KRX
20180710,+760000,2,+5000,+0.66,75129,27033,15196,--11837,--7725,35509,19964,--15545,--10149,KRX
20180709,+755000,2,+6000,+0.80,94376,34710,30598,--4112,--15355,45856,40460,--5396,--20390,KRX
20180706,-749000,5,-16000,-2.09,81867,20913,32156,+11243,+9881,27885,42879,+14994,+13211,KRX
20180705,-765000,5,-3000,-0.39,57319,20449,21811,+1362,--20186,26856,28639,+1783,--26161,KRX
20180704,+768000,2,+21000,+2.81,179939,27451,48999,+21548,+14921,35678,63622,+27944,+19100,KRX
20180703,-747000,5,-4000,-0.53,86305,23021,29648,+6627,--5442,30770,39614,+8844,--7216,KRX
20180702,-751000,5,-12000,-1.57,107918,25128,37197,+12069,--1064,33448,49508,+16060,--1227,KRX
20180629,+763000,2,+16000,+2.14,155915,42957,56090,+13133,+40243,56821,74108,+17287,+53792,KRX
20180628,+747000,2,+8000,+1.08,136537,55348,28238,--27110,--29011,74498,37993,--36505,--39074,KRX
20180627,+739000,2,+4000,+0.54,87276,28235,30136,+1901,--9251,38020,40589,+2569,--12540,KRX
20180626,-735000,5,-13000,-1.74,107528,24712,35864,+11152,+22054,33569,48678,+15109,+29743,KRX
20180625,+748000,2,+25000,+3.46,255266,65886,54984,--10902,+8992,88806,74172,--14634,+13226,KRX
20180622,+723000,2,+24000,+3.43,160314,44862,24968,--19894,--8216,62832,34972,--27860,--11107,KRX
20180621,+699000,2,+10000,+1.45,117882,43062,31384,--11678,+21679,61957,45204,--16753,+31608,KRX
20180620,+689000,2,+1000,+0.15,106479,45842,12485,--33357,--5477,66467,18106,--48361,--7967,KRX
20180619,-688000,5,-6000,-0.86,110322,47106,19226,--27880,--12853,68238,27844,--40394,--18686,KRX
20180618,+694000,2,+4000,+0.58,105859,31924,16897,--15027,--13334,46132,24424,--21708,--19238,KRX
20180615,-690000,5,-17000,-2.40,140302,35893,34200,--1693,+5849,52023,49553,--2470,+8096,KRX
20180614,-707000,5,-10000,-1.39,158911,43306,35764,--7542,--7811,60832,50266,--10566,--10947,KRX
20180612,+717000,2,+6000,+0.84,124267,20867,21136,+269,+4053,29292,29673,+381,+5712,KRX
20180611,+711000,2,+10000,+1.43,137850,25957,22173,--3784,--34098,36683,31352,--5331,--48562,KRX
20180608,+701000,2,+21000,+3.09,188291,19976,50290,+30314,+23452,28639,71870,+43231,+33123,KRX
20180607,+680000,2,+6000,+0.89,78181,19852,26714,+6862,+10353,29230,39338,+10108,+15304,KRX
20180605,+674000,2,+1000,+0.15,67152,20091,16600,--3491,--5934,29794,24598,--5196,--8762,KRX
20180604,-673000,5,-7000,-1.03,81871,21772,24215,+2443,+606,32050,35616,+3566,+867,KRX
20180601,+680000,2,+11000,+1.64,91461,20868,22705,+1837,+16605,30721,33420,+2699,+24744,KRX
20180531,+669000,2,+17000,+2.61,210193,81949,67181,--14768,--16656,122620,100575,--22045,--24901,KRX
20180530,-652000,5,-16000,-2.40,133965,28505,30393,+1888,+2804,43593,46449,+2856,+4209,KRX
20180529,-668000,5,-12000,-1.76,93537,17296,16380,--916,+6956,25771,24418,--1353,+10208,KRX
20180528,-680000,5,-5000,-0.73,54086,15305,7433,--7872,--5572,22474,10913,--11561,--8183,KRX
20180525,+685000,2,+5000,+0.74,75755,18893,16593,--2300,--538,27560,24182,--3378,--788,KRX
20180524,-680000,5,-4000,-0.58,44487,11552,9790,--1762,--4486,16974,14384,--2590,--6552,KRX
20180523,+684000,2,+2000,+0.29,86056,16660,19384,+2724,--16710,24395,28357,+3962,--24584,KRX
20180521,-682000,5,-6000,-0.87,101118,10183,29617,+19434,+7154,14924,43470,+28546,+10710,KRX
20180518,-688000,5,-9000,-1.29,113041,12483,24763,+12280,+1730,18130,35966,+17836,+2760,KRX
20180517,-697000,5,-3000,-0.43,92363,19693,30243,+10550,+3666,28178,43254,+15076,+5312,KRX
20180516,-700000,5,-11000,-1.55,124013,20203,27087,+6884,+9251,28729,38493,+9764,+13089,KRX
20180515,-711000,5,-6000,-0.84,79945,21547,19180,--2367,--2297,30221,26896,--3325,--3235,KRX
20180514,717000,3,0,0.00,57749,13292,13222,--70,+7352,18535,18445,--90,+10208,KRX
20180511,-717000,5,-3000,-0.42,109545,32651,25229,--7422,+4438,45369,35071,--10298,+6037,KRX
20180510,-720000,5,-7000,-0.96,83361,26129,14269,--11860,--10699,36042,19707,--16335,--14653,KRX
20180509,-727000,5,-4000,-0.55,95131,31272,30111,--1161,+7261,42808,41126,--1682,+9802,KRX
20180508,+731000,2,+14000,+1.95,97455,28196,19774,--8422,--3209,38549,27065,--11484,--4300,KRX
20180504,-717000,5,-10000,-1.38,102357,29705,24492,--5213,+8133,40944,33760,--7184,+10955,KRX
20180503,-727000,5,-11000,-1.49,63328,27168,13822,--13346,--11469,36917,18778,--18139,--15640,KRX
20180502,+738000,2,+22000,+3.07,101865,29167,27290,--1877,--3767,39817,37318,--2499,--5141,KRX
20180430,716000,3,0,0.00,79731,9653,11543,+1890,--27754,13486,16128,+2642,--38711,KRX
20180427,-716000,5,-9000,-1.24,209837,41511,71155,+29644,+24616,57905,99258,+41353,+34466,KRX
20180426,-725000,5,-18000,-2.42,214225,59395,64423,+5028,+1488,81316,88203,+6887,+2127,KRX
20180425,+743000,2,+18000,+2.48,123783,29983,33523,+3540,+5695,40484,45244,+4760,+7704,KRX
20180424,-725000,5,-10000,-1.36,99598,22834,20679,--2155,--6938,31468,28524,--2944,--9455,KRX
20180423,+735000,2,+7000,+0.96,62432,12221,17004,+4783,--5131,16669,23180,+6511,--7053,KRX
20180420,-728000,5,-10000,-1.36,95897,12019,21933,+9914,+26706,16428,29992,+13564,+36352,KRX
20180419,-738000,5,-14000,-1.86,124519,41474,24682,--16792,--17786,56258,33470,--22788,--24103,KRX
20180418,+752000,2,+4000,+0.53,83269,25218,26212,+994,--13418,33491,34806,+1315,--17971,KRX
20180417,-748000,5,-3000,-0.40,88425,17641,32053,+14412,+19217,23565,42851,+19286,+25650,KRX
20180416,-751000,5,-13000,-1.70,78420,16661,11856,--4805,--9749,22093,15729,--6364,--12847,KRX
20180413,+764000,2,+7000,+0.92,68271,14610,19554,+4944,+11819,19226,25709,+6483,+15541,KRX
20180412,-757000,5,-14000,-1.82,111805,21764,14889,--6875,--3685,28681,19623,--9058,--4898,KRX
20180411,-771000,5,-4000,-0.52,61650,17439,14249,--3190,--12634,22563,18403,--4160,--16280,KRX
20180410,+775000,2,+1000,+0.13,79128,17646,27090,+9444,+8604,22763,34883,+12120,+11017,KRX
20180409,+774000,2,+4000,+0.52,58079,11106,11946,+840,--6152,14424,15527,+1103,--7902,KRX
20180406,-770000,5,-9000,-1.16,76814,14204,21196,+6992,--7587,18409,27414,+9005,--9871,KRX
20180405,+779000,2,+25000,+3.32,94462,14830,29409,+14579,+28051,19136,38012,+18876,+36640,KRX
20180404,-754000,5,-31000,-3.95,165929,31214,17742,--13472,--11258,40981,23217,--17764,--14808,KRX
20180403,785000,3,0,0.00,68203,21181,18967,--2214,+6923,26997,24041,--2956,+8677,KRX
20180402,-785000,5,-7000,-0.88,79620,17831,8694,--9137,--6479,22707,11074,--11633,--8254,KRX
20180330,+792000,2,+6000,+0.76,57761,13639,10981,--2658,--2922,17254,13875,--3379,--3725,KRX
20180329,+786000,2,+2000,+0.26,67560,15177,15441,+264,+301,19397,19743,+346,+384,KRX
20180328,-784000,5,-5000,-0.63,52460,11055,11018,--37,+8210,14122,14084,--38,+10399,KRX
20180327,789000,3,0,0.00,56632,15695,7448,--8247,--4333,19859,9422,--10437,--5461,KRX
20180326,+789000,2,+6000,+0.77,55239,16706,12792,--3914,+9747,21269,16293,--4976,+12426,KRX
20180323,-783000,5,-20000,-2.49,97868,29283,15622,--13661,--12938,37311,19909,--17402,--16489,KRX
20180322,+803000,2,+9000,+1.13,67346,15447,14724,--723,--7612,19267,18354,--913,--9569,KRX
20180321,-794000,5,-1000,-0.13,84913,12918,19807,+6889,+2183,16247,24903,+8656,+2693,KRX
20180320,+795000,2,+10000,+1.27,88391,18116,22822,+4706,+12368,22998,28961,+5963,+15708,KRX
20180319,-785000,5,-16000,-2.00,120014,22744,15082,--7662,--6467,28919,19174,--9745,--8292,KRX
20180316,-801000,5,-19000,-2.32,143598,34215,33020,--1195,+4386,42690,41237,--1453,+5374,KRX
20180315,+820000,2,+11000,+1.36,68305,18491,12910,--5581,--255,22585,15758,--6827,--213,KRX
20180314,-809000,5,-11000,-1.34,75328,25755,20429,--5326,+5198,31896,25282,--6614,+6258,KRX
20180313,+820000,2,+14000,+1.74,121223,31896,21372,--10524,--4905,38898,26026,--12872,--5925,KRX
20180312,+806000,2,+4000,+0.50,69011,24322,18703,--5619,+8579,30072,23125,--6947,+10750,KRX
20180309,+802000,2,+3000,+0.38,85805,31852,17654,--14198,+2957,39679,21982,--17697,+3856,KRX
20180308,+799000,2,+4000,+0.50,79218,42436,25281,--17155,+338,53241,31688,--21553,+388,KRX
20180307,-795000,5,-1000,-0.13,72110,29762,12269,--17493,--19063,37323,15382,--21941,--23934,KRX
20180306,+796000,2,+17000,+2.18,78012,17124,18694,+1570,+5495,21625,23618,+1993,+6991,KRX
20180305,-779000,5,-7000,-0.89,79122,29603,25678,--3925,+16027,37840,32842,--4998,+20464,KRX
20180302,-786000,5,-17000,-2.12,217305,70528,50576,--19952,--7317,89875,64413,--25462,--9807,KRX
20180228,-803000,5,-1000,-0.12,390265,101375,88740,--12635,--6260,125534,109879,--15655,--7717,KRX
20180227,-804000,5,-6000,-0.74,142978,35217,28842,--6375,--7319,43751,35813,--7938,--9162,KRX
20180226,-810000,5,-19000,-2.29,127128,22672,23616,+944,--64,27863,29087,+1224,+46,KRX
20180223,+829000,2,+2000,+0.24,70864,22345,23353,+1008,+5399,26987,28165,+1178,+6487,KRX
20180222,-827000,5,-6000,-0.72,72242,25918,21527,--4391,--23464,31316,26007,--5309,--28331,KRX
20180221,+833000,2,+26000,+3.22,141568,22152,41225,+19073,+15407,26742,49764,+23022,+18463,KRX
20180220,-807000,5,-13000,-1.59,67201,13790,17456,+3666,--1841,17049,21608,+4559,--2142,KRX
20180219,+820000,2,+9000,+1.11,83337,20100,25607,+5507,+2819,24511,31212,+6701,+3394,KRX
20180214,+811000,2,+6000,+0.75,74164,15921,18609,+2688,--25498,19628,22935,+3307,--31310,KRX
20180213,+805000,2,+5000,+0.63,137025,24331,52517,+28186,+33536,29970,64587,+34617,+41334,KRX
20180212,-800000,5,-8000,-0.99,190743,44144,38794,--5350,--11325,55041,48324,--6717,--14052,KRX
20180209,-808000,5,-35000,-4.15,158070,30944,36919,+5975,+19135,38127,45462,+7335,+22926,KRX
20180208,843000,3,0,0.00,102950,39663,26503,--13160,--20013,46733,31142,--15591,--23524,KRX
20180207,-843000,5,-8000,-0.94,95763,28985,35838,+6853,+10266,33870,41803,+7933,+12203,KRX
20180206,-851000,5,-28000,-3.19,154539,45014,41601,--3413,--942,52956,48686,--4270,--1421,KRX
20180205,-879000,5,-26000,-2.87,96967,27299,24828,--2471,+2122,30803,27954,--2849,+2241,KRX
20180202,-905000,5,-18000,-1.95,82151,31316,26723,--4593,+9723,34239,29149,--5090,+10338,KRX
20180201,+923000,2,+13000,+1.43,80607,31347,17031,--14316,--16534,33857,18429,--15428,--17827,KRX
20180131,-910000,5,-21000,-2.26,125184,33593,35811,+2218,+10205,36631,39030,+2399,+10864,KRX
20180130,-931000,5,-1000,-0.11,102118,33493,25506,--7987,+5564,35732,27267,--8465,+5994,KRX
20180129,+932000,2,+5000,+0.54,102916,36469,22918,--13551,--5953,38900,24441,--14459,--6210,KRX
20180126,+927000,2,+14000,+1.53,111369,29756,22158,--7598,+5441,32250,24001,--8249,+6279,KRX
20180125,+913000,2,+35000,+3.99,169190,49422,36383,--13039,--14965,54753,40225,--14528,--16727,KRX
20180124,-878000,5,-11000,-1.24,118121,26285,28211,+1926,+11018,29950,32149,+2199,+12415,KRX
20180123,-889000,5,-4000,-0.45,80475,31210,22118,--9092,--9737,35078,24862,--10216,--10948,KRX
20180122,+893000,2,+12000,+1.36,75543,30022,30667,+645,--7153,33747,34479,+732,--8076,KRX
20180119,-881000,5,-22000,-2.44,100565,16069,23867,+7798,+20300,18067,26875,+8808,+22690,KRX
20180118,+903000,2,+15000,+1.69,90308,41625,29123,--12502,--16413,46250,32368,--13882,--18285,KRX
20180117,-888000,5,-15000,-1.66,107026,37311,41222,+3911,+2163,41813,46216,+4403,+2432,KRX
20180116,-903000,5,-18000,-1.95,95302,28283,30031,+1748,+9127,31325,33296,+1971,+9987,KRX
20180115,+921000,2,+12000,+1.32,59200,23723,16344,--7379,--2716,25786,17770,--8016,--2944,KRX
20180112,-909000,5,-8000,-0.87,89414,35355,30692,--4663,--11820,38805,33733,--5072,--12850,KRX
20180111,-917000,5,-11000,-1.19,93854,27607,34764,+7157,+16278,30048,37826,+7778,+17341,KRX
20180110,-928000,5,-16000,-1.69,120097,31860,22739,--9121,--7398,33847,24284,--9563,--7726,KRX
20180109,-944000,5,-6000,-0.63,78027,21865,20142,--1723,+17539,23156,21319,--1837,+18555,KRX
20180108,+950000,2,+42000,+4.63,196338,52781,33519,--19262,--8398,55864,35472,--20392,--8314,KRX
20180105,+908000,2,+15000,+1.68,136811,31316,20452,--10864,--14945,34856,22778,--12078,--16642,KRX
20180104,+893000,2,+22000,+2.53,130112,28426,32507,+4081,+3421,32178,36742,+4564,+3824,KRX
20180103,-871000,5,-14000,-1.58,84790,23992,24652,+660,--5347,27550,28290,+740,--6058,KRX
20180102,+885000,2,+15000,+1.72,93587,14859,20866,+6007,--12096,16877,23675,+6798,--14058,KRX
20171228,-870000,5,-7000,-0.80,65370,11533,29636,+18103,+28846,13284,34140,+20856,+33174,KRX
20171227,+877000,2,+3000,+0.34,57356,19966,9223,--10743,--29832,22871,10553,--12318,--34142,KRX
20171226,+874000,2,+12000,+1.39,103805,14297,33386,+19089,+15141,16386,38210,+21824,+17205,KRX
20171222,+862000,2,+20000,+2.38,87458,22733,26681,+3948,+586,26518,31137,+4619,+635,KRX
20171221,-842000,5,-7000,-0.82,82697,18411,21773,+3362,+6148,21836,25820,+3984,+7273,KRX
20171220,-849000,5,-6000,-0.70,68341,24645,21859,--2786,+3809,28886,25597,--3289,+4506,KRX
20171219,-855000,5,-5000,-0.58,79667,27622,21027,--6595,--5057,32300,24505,--7795,--6014,KRX
20171218,+860000,2,+16000,+1.90,118097,19586,18048,--1538,--17497,22811,21030,--1781,--20754,KRX
20171215,+844000,2,+9000,+1.08,91136,38180,54139,+15959,+23999,45274,64247,+18973,+28766,KRX
20171214,-835000,5,-6000,-0.71,143097,56415,48375,--8040,--25316,67380,57587,--9793,--30439,KRX
20171213,+841000,2,+13000,+1.57,71600,11477,28753,+17276,+15061,13697,34343,+20646,+18057,KRX
20171212,+828000,2,+2000,+0.24,73019,25489,27704,+2215,--10436,30758,33347,+2589,--12774,KRX
20171211,-826000,5,-4000,-0.48,57600,14086,26737,+12651,+11280,17083,32446,+15363,+13690,KRX
20171208,-830000,5,-7000,-0.84,58893,19946,21317,+1371,+1366,24076,25749,+1673,+1687,KRX
20171207,+837000,2,+11000,+1.33,155000,29472,29477,+5,--10090,35212,35198,--14,--12229,KRX
20171206,-826000,5,-7000,-0.84,69199,16370,26465,+10095,+4279,19789,32004,+12215,+5248,KRX
20171205,-833000,5,-6000,-0.72,64004,19214,25030,+5816,+28287,23033,30000,+6967,+33855,KRX
20171204,+839000,2,+8000,+0.96,136027,42060,19589,--22471,--6556,50287,23399,--26888,--7577,KRX
20171201,+831000,2,+31000,+3.88,153285,33162,17247,--15915,--1602,40194,20883,--19311,--1505,KRX
20171130,-800000,5,-12000,-1.48,157332,80121,65808,--14313,--20654,99841,82035,--17806,--25658,KRX
20171129,+812000,2,+5000,+0.62,91818,19454,25795,+6341,+3468,24062,31914,+7852,+4281,KRX
20171128,+807000,2,+12000,+1.51,95372,19715,22588,+2873,+21667,24463,28034,+3571,+27203,KRX
20171127,-795000,5,-15000,-1.85,117386,45415,26621,--18794,--26362,57097,33465,--23632,--33010,KRX
20171124,+810000,2,+9000,+1.12,68255,12782,20350,+7568,+12166,15876,25254,+9378,+15133,KRX
20171123,801000,3,0,0.00,67619,17087,12489,--4598,+8423,21373,15618,--5755,+10409,KRX
20171122,-801000,5,-7000,-0.87,95432,31623,18602,--13021,--9940,39365,23201,--16164,--12312,KRX
20171121,+808000,2,+7000,+0.87,79682,21753,18672,--3081,--7669,27024,23172,--3852,--9570,KRX
20171120,-801000,5,-4000,-0.50,85893,18923,23511,+4588,+36349,23574,29292,+5718,+44975,KRX
20171117,+805000,2,+3000,+0.37,145275,58725,26964,--31761,--30874,72612,33355,--39257,--38155,KRX
20171116,-802000,5,-3000,-0.37,86510,22087,21200,--887,--7850,27492,26390,--1102,--9778,KRX
20171115,805000,3,0,0.00,91183,14120,21083,+6963,+1083,17586,26262,+8676,+1424,KRX
20171114,-805000,5,-14000,-1.71,118432,24283,30163,+5880,+16282,30014,37266,+7252,+19970,KRX
20171113,+819000,2,+5000,+0.61,94173,25943,15541,--10402,--27870,31754,19036,--12718,--34270,KRX
20171110,-814000,5,-11000,-1.33,157249,39203,56671,+17468,--2638,48213,69765,+21552,--2659,KRX
20171109,-825000,5,-24000,-2.83,176602,37004,57110,+20106,+15323,44551,68762,+24211,+18542,KRX
20171108,-849000,5,-11000,-1.28,102691,24495,29278,+4783,--7590,28874,34543,+5669,--8680,KRX
20171107,-860000,5,-1000,-0.12,84428,18654,31027,+12373,+8399,21697,36046,+14349,+9727,KRX
20171106,-861000,5,-2000,-0.23,64415,14510,18484,+3974,--3217,16852,21474,+4622,--3716,KRX
20171103,+863000,2,+7000,+0.82,62974,12126,19317,+7191,--5125,14105,22443,+8338,--5915,KRX
20171102,-856000,5,-4000,-0.47,70554,15552,27868,+12316,+13297,18106,32359,+14253,+15343,KRX
20171101,-860000,5,-34000,-3.80,232078,33397,32416,--981,+3009,38655,37565,--1090,+3275,KRX
20171031,+894000,2,+18000,+2.05,131019,39153,35163,--3990,+1914,44239,39874,--4365,+2381,KRX
20171030,-876000,5,-3000,-0.34,105718,30077,24173,--5904,--16793,34209,27463,--6746,--19194,KRX
20171027,+879000,2,+39000,+4.64,236645,46366,57255,+10889,--25558,53108,65556,+12448,--30798,KRX
20171026,+840000,2,+36000,+4.48,342341,36744,73191,+36447,+42475,43573,86819,+43246,+50729,KRX
20171025,+804000,2,+3000,+0.37,93258,21147,15119,--6028,--4959,26317,18834,--7483,--6142,KRX
20171024,+801000,2,+2000,+0.25,55457,14496,13427,--1069,+10589,18075,16734,--1341,+13275,KRX
20171023,-799000,5,-2000,-0.25,64870,19528,7870,--11658,--4136,24471,9855,--14616,--5188,KRX
20171020,-801000,5,-10000,-1.23,103091,23043,15521,--7522,+21717,28721,19293,--9428,+26423,KRX
20171019,-811000,5,-4000,-0.49,179233,43429,14190,--29239,--32157,53224,17373,--35851,--39627,KRX
20171018,+815000,2,+47000,+6.12,219631,22546,25464,+2918,+18024,27972,31748,+3776,+23448,KRX
20171017,+768000,2,+6000,+0.79,92894,25554,10448,--15106,--6791,33284,13612,--19672,--8777,KRX
20171016,762000,3,0,0.00,65306,23867,15552,--8315,--12011,31288,20393,--10895,--15761,KRX
20171013,-762000,5,-6000,-0.78,73043,16469,20165,+3696,+2956,21641,26507,+4866,+3862,KRX
20171012,+768000,2,+17000,+2.26,114527,26999,27739,+740,+2062,35252,36256,+1004,+2765,KRX
20171011,-751000,5,-5000,-0.66,59229,20756,19434,--1322,--2385,27662,25901,--1761,--3088,KRX
20171010,+756000,2,+11000,+1.48,164559,46627,47690,+1063,--12759,61712,63039,+1327,--17249,KRX
20170929,+745000,2,+12000,+1.64,52799,9866,23688,+13822,--4704,13260,31836,+18576,--6572,KRX
20170928,-733000,5,-1000,-0.14,108761,12006,30532,+18526,+11485,16348,41496,+25148,+15658,KRX
20170927,-734000,5,-19000,-2.52,92054,16927,23968,+7041,--8453,22901,32391,+9490,--11137,KRX
20170926,-753000,5,-1000,-0.13,75843,10142,25636,+15494,+260,13557,34184,+20627,+424,KRX
20170925,-754000,5,-10000,-1.31,73864,19037,34271,+15234,+13092,25235,45438,+20203,+17396,KRX
20170922,+764000,2,+1000,+0.13,64961,15582,17724,+2142,+16188,20409,23216,+2807,+21120,KRX
20170921,-763000,5,-20000,-2.55,67757,21823,7777,--14046,--14819,28485,10172,--18313,--19314,KRX
20170920,+783000,2,+13000,+1.69,86367,19244,20017,+773,+11508,24633,25634,+1001,+14965,KRX
20170919,-770000,5,-11000,-1.41,73974,20894,10159,--10735,+650,27172,13208,--13964,+655,KRX
20170918,+781000,2,+21000,+2.76,122896,35981,24596,--11385,+8053,46189,31570,--14619,+11025,KRX
20170915,-760000,5,-5000,-0.65,99262,37578,18140,--19438,--16403,49545,23901,--25644,--21749,KRX
20170914,+765000,2,+36000,+4.94,226589,54650,51615,--3035,+1339,71986,68091,--3895,+2119,KRX
20170913,-729000,5,-6000,-0.82,74276,15801,11427,--4374,+4749,21686,15672,--6014,+6468,KRX
20170912,+735000,2,+15000,+2.08,83031,19841,10718,--9123,--11290,27115,14633,--12482,--15501,KRX
20170911,-720000,5,-7000,-0.96,75517,13899,16066,+2167,+2254,19307,22326,+3019,+3134,KRX
20170908,-727000,5,-3000,-0.41,70880,12727,12640,--87,--737,17503,17388,--115,--999,KRX
20170907,-730000,5,-7000,-0.95,68175,18458,19108,+650,--3234,25212,26096,+884,--4404,KRX
20170906,+737000,2,+1000,+0.14,80239,21968,25852,+3884,--2702,29908,35196,+5288,--3677,KRX
20170905,+736000,2,+10000,+1.38,97577,10376,16962,+6586,--11603,14111,23076,+8965,--16035,KRX
20170904,-726000,5,-20000,-2.68,140477,18818,37007,+18189,+26153,25906,50906,+25000,+35631,KRX
20170901,-746000,5,-9000,-1.19,146540,33467,25503,--7964,--3533,44604,33973,--10631,--4797,KRX
20170831,-755000,5,-19000,-2.45,198250,33097,28666,--4431,--6545,43789,37955,--5834,--8527,KRX
20170830,-774000,5,-4000,-0.51,112999,20864,22978,+2114,+10399,26945,29638,+2693,+13478,KRX
20170829,-778000,5,-5000,-0.64,105691,36905,28620,--8285,--17241,47741,36956,--10785,--22210,KRX
20170828,+783000,2,+3000,+0.38,109037,13796,22752,+8956,+10132,17582,29007,+11425,+12970,KRX
20170825,+780000,2,+9000,+1.17,82607,24102,22926,--1176,--10084,30956,29411,--1545,--13104,KRX
20170824,-771000,5,-2000,-0.26,116996,14831,23739,+8908,+7550,19238,30797,+11559,+9854,KRX
20170823,+773000,2,+6000,+0.78,97015,22900,24258,+1358,+30191,29607,31312,+1705,+39159,KRX
20170822,-767000,5,-14000,-1.79,229898,47172,18339,--28833,--21635,61288,23834,--37454,--28196,KRX
20170821,-781000,5,-3000,-0.38,40484,13488,6290,--7198,--4854,17346,8088,--9258,--6255,KRX
20170818,+784000,2,+7000,+0.90,52621,12369,10025,--2344,+10262,15852,12849,--3003,+13204,KRX
20170817,-777000,5,-10000,-1.27,73408,24721,12115,--12606,--8361,31762,15555,--16207,--10805,KRX
20170816,+787000,2,+8000,+1.03,69817,23809,19564,--4245,+4120,30307,24905,--5402,+5236,KRX
20170814,-779000,5,-16000,-2.01,79397,18866,10501,--8365,--8736,24041,13403,--10638,--11085,KRX
20170811,+795000,2,+1000,+0.13,53942,19908,20279,+371,+10696,25189,25636,+447,+13432,KRX
20170810,-794000,5,-4000,-0.50,73502,28932,18607,--10325,+5766,36370,23385,--12985,+7143,KRX
20170809,-798000,5,-12000,-1.48,51973,26900,10809,--16091,+3586,33646,13518,--20128,+4136,KRX
20170808,+810000,2,+14000,+1.76,104049,43304,23627,--19677,+5996,53432,29168,--24264,+8108,KRX
20170807,+796000,2,+20000,+2.58,148923,39714,14041,--25673,--12483,50231,17859,--32372,--15472,KRX
20170804,-776000,5,-2000,-0.26,67353,26604,13414,--13190,--13144,34114,17214,--16900,--16890,KRX
20170803,-778000,5,-17000,-2.14,134930,31069,31023,--46,+6812,39747,39737,--10,+8642,KRX
20170802,-795000,5,-1000,-0.13,83691,31050,24192,--6858,+12123,39067,30415,--8652,+15171,KRX
20170801,-796000,5,-7000,-0.87,82928,39952,20971,--18981,--1270,50151,26328,--23823,--1712,KRX
20170731,+803000,2,+4000,+0.50,87685,42678,24967,--17711,--13633,53290,31179,--22111,--17116,KRX
20170728,-799000,5,-26000,-3.15,125875,35278,31200,--4078,--6500,43742,38747,--4995,--7931,KRX
20170727,825000,3,0,0.00,70479,22088,24510,+2422,+22636,26787,29723,+2936,+27423,KRX
20170726,-825000,5,-12000,-1.43,82343,37430,17216,--20214,--5540,45304,20817,--24487,--6874,KRX
20170725,+837000,2,+4000,+0.48,65990,28811,14137,--14674,--4385,34578,16965,--17613,--5193,KRX
20170724,-833000,5,-6000,-0.72,68561,22797,12508,--10289,--3022,27480,15060,--12420,--3729,KRX
20170721,+839000,2,+4000,+0.48,60799,18461,11194,--7267,--9373,22066,13375,--8691,--11210,KRX
20170720,835000,3,0,0.00,63638,10516,12622,+2106,--4339,12622,15141,+2519,--5199,KRX
20170719,+835000,2,+5000,+0.60,69438,13234,19679,+6445,+10457,15838,23556,+7718,+12508,KRX
20170718,-830000,5,-9000,-1.07,63292,13814,9802,--4012,--1820,16534,11744,--4790,--2154,KRX
20170717,839000,3,0,0.00,84952,18631,16439,--2192,--3200,22196,19560,--2636,--3823,KRX
20170714,+839000,2,+9000,+1.08,98662,20012,21020,+1008,+2845,23958,25145,+1187,+3377,KRX
20170713,+830000,2,+9000,+1.10,91884,20118,18281,--1837,+12161,24222,22032,--2190,+14793,KRX
20170712,-821000,5,-9000,-1.08,70912,25865,11867,--13998,--22813,31406,14423,--16983,--27632,KRX
20170711,+830000,2,+17000,+2.09,82714,13154,21969,+8815,+13951,15901,26550,+10649,+16914,KRX
20170710,-813000,5,-25000,-2.98,94323,17779,12643,--5136,--10022,21723,15458,--6265,--12104,KRX
20170707,+838000,2,+13000,+1.58,93149,16591,21477,+4886,+12248,19890,25729,+5839,+14773,KRX
20170706,-825000,5,-10000,-1.20,108236,27204,19842,--7362,--8157,33035,24101,--8934,--9881,KRX
20170705,-835000,5,-5000,-0.60,65120,14805,15600,+795,+722,17739,18686,+947,+862,KRX
20170704,-840000,5,-4000,-0.47,44926,11377,11450,+73,+3655,13538,13623,+85,+4374,KRX
20170703,+844000,2,+6000,+0.72,64145,22262,18680,--3582,--13949,26497,22208,--4289,--16643,KRX
20170630,-838000,5,-15000,-1.76,111979,18662,29029,+10367,+15148,22244,34598,+12354,+17888,KRX
20170629,-853000,5,-8000,-0.93,72186,16844,12063,--4781,--9391,19618,14084,--5534,--10901,KRX
20170628,-861000,5,-8000,-0.92,101311,13579,18189,+4610,+12483,15827,21194,+5367,+14345,KRX
20170627,-869000,5,-19000,-2.14,686346,18919,11046,--7873,--5013,21635,12657,--8978,--5752,KRX
20170626,+888000,2,+1000,+0.11,58948,12919,10059,--2860,--4176,14510,11284,--3226,--4690,KRX
20170623,+887000,2,+7000,+0.80,61621,14725,16041,+1316,+6307,16632,18096,+1464,+7143,KRX
20170622,880000,3,0,0.00,59325,19106,14115,--4991,+1469,21730,16051,--5679,+1881,KRX
20170621,+880000,2,+14000,+1.62,97753,30935,24475,--6460,--2133,35789,28229,--7560,--2666,KRX
20170620,-866000,5,-12000,-1.37,83933,19248,14921,--4327,+11271,22029,17135,--4894,+12763,KRX
20170619,-878000,5,-14000,-1.57,63532,25056,9458,--15598,--343,28360,10703,--17657,--279,KRX
20170616,+892000,2,+7000,+0.79,96765,39600,24345,--15255,--6861,44831,27453,--17378,--7845,KRX
20170615,+885000,2,+2000,+0.23,76874,29007,20613,--8394,+4097,32797,23264,--9533,+4507,KRX
20170614,-883000,5,-12000,-1.34,133198,42517,30026,--12491,--20020,47923,33883,--14040,--22347,KRX
20170613,895000,3,0,0.00,112622,24132,31661,+7529,+52988,26854,35161,+8307,+58287,KRX
20170612,-895000,5,-65000,-6.77,198383,70763,25304,--45459,--36999,77925,27945,--49980,--40842,KRX
20170609,+960000,2,+70000,+7.87,183462,53868,45408,--8460,--5916,57217,48079,--9138,--6278,KRX
20170608,+890000,2,+14000,+1.60,105056,37446,34902,--2544,--3813,42148,39288,--2860,--4302,KRX
20170607,876000,3,0,0.00,84108,27017,28286,+1269,--5086,30739,32181,+1442,--5804,KRX
20170605,+876000,2,+12000,+1.39,104348,15580,21935,+6355,+16107,17748,24994,+7246,+18613,KRX
20170602,+864000,2,+22000,+2.61,68640,30568,20816,--9752,--14159,35577,24210,--11367,--16537,KRX
20170601,-842000,5,-3000,-0.36,55107,21952,26359,+4407,+6889,25855,31025,+5170,+8132,KRX
20170531,-845000,5,-7000,-0.82,95528,55230,52748,--2482,--1071,64995,62033,--2962,--1303,KRX
20170530,-852000,5,-4000,-0.47,67161,13957,12546,--1411,--4071,16403,14744,--1659,--4754,KRX
20170529,+856000,2,+1000,+0.12,45405,12039,14699,+2660,+12701,14044,17139,+3095,+14797,KRX
20170526,+855000,2,+3000,+0.35,61658,28651,18610,--10041,--8145,33386,21684,--11702,--9475,KRX
20170525,852000,3,0,0.00,66807,18311,16415,--1896,+6497,21435,19208,--2227,+7622,KRX
20170524,+852000,2,+10000,+1.19,91609,37658,29265,--8393,--3600,44238,34389,--9849,--4147,KRX
20170523,-842000,5,-5000,-0.59,74596,20822,16029,--4793,--2743,24691,18989,--5702,--3217,KRX
20170522,+847000,2,+15000,+1.80,70139,27870,25820,--2050,--5607,33139,30654,--2485,--6766,KRX
20170519,+832000,2,+8000,+0.97,125157,11924,15481,+3557,+2930,14377,18658,+4281,+3546,KRX
20170518,-824000,5,-8000,-0.96,58999,18132,18759,+627,--3609,21998,22733,+735,--4346,KRX
20170517,-832000,5,-7000,-0.83,73344,16263,20499,+4236,+5063,19550,24631,+5081,+6080,KRX
20170516,839000,3,0,0.00,54957,23738,22911,--827,+5843,28357,27358,--999,+6922,KRX
20170515,-839000,5,-9000,-1.06,47526,22144,15474,--6670,+3954,26303,18382,--7921,+4561,KRX
20170512,-848000,5,-18000,-2.08,76597,28841,18217,--10624,--26542,33898,21416,--12482,--31047,KRX
20170511,+866000,2,+42000,+5.10,174898,40038,55956,+15918,+28805,46814,65379,+18565,+33815,KRX
20170510,-824000,5,-21000,-2.49,141076,47520,34633,--12887,--4541,56405,41155,--15250,--5092,KRX
20170508,+845000,2,+22000,+2.67,133891,41867,33521,--8346,--23376,50350,40192,--10158,--28612,KRX
20170504,+823000,2,+22000,+2.75,88182,28788,43818,+15030,+15462,35449,53903,+18454,+18992,KRX
20170502,+801000,2,+1000,+0.13,108742,35243,34811,--432,--11593,43978,43440,--538,--14513,KRX
20170428,+800000,2,+9000,+1.14,112573,38609,49770,+11161,+33693,48370,62345,+13975,+42494,KRX
20170427,-791000,5,-16000,-1.98,169134,42004,19472,--22532,--9174,53186,24667,--28519,--12006,KRX
20170426,-807000,5,-8000,-0.98,161105,29400,16042,--13358,--3117,36316,19803,--16513,--3826,KRX
20170425,+815000,2,+5000,+0.62,151351,31251,21010,--10241,+5979,38609,25922,--12687,+7402,KRX
20170424,-810000,5,-3000,-0.37,86866,23199,6979,--16220,--4422,28718,8629,--20089,--5467,KRX
20170421,+813000,2,+17000,+2.14,85913,25778,13980,--11798,--15075,31901,17279,--14622,--18793,KRX
20170420,+796000,2,+19000,+2.45,98297,16191,19468,+3277,+4026,20435,24606,+4171,+5136,KRX
20170419,-777000,5,-1000,-0.13,82834,14862,14113,--749,--1111,19065,18100,--965,--1436,KRX
20170418,-778000,5,-7000,-0.89,54222,10880,11242,+362,--609,13954,14425,+471,--777,KRX
20170417,-785000,5,-2000,-0.25,55583,7184,8155,+971,+5061,9149,10397,+1248,+6372,KRX
20170414,-787000,5,-15000,-1.87,59789,11808,7718,--4090,--8017,14884,9760,--5124,--10128,KRX
20170413,+802000,2,+34000,+4.43,173040,20567,24494,+3927,--2288,25855,30859,+5004,--3182,KRX
20170412,-768000,5,-2000,-0.26,205449,45739,51954,+6215,+30661,59866,68052,+8186,+39482,KRX
20170411,-770000,5,-48000,-5.87,263066,70143,45697,--24446,--22637,90329,59033,--31296,--29099,KRX
20170410,-818000,5,-10000,-1.21,71406,22828,21019,--1809,+445,27931,25734,--2197,+528,KRX
20170407,-828000,5,-12000,-1.43,57671,19918,17664,--2254,--5753,23987,21262,--2725,--6893,KRX
20170406,-840000,5,-3000,-0.36,72103,21603,25102,+3499,--885,25908,30076,+4168,--1109,KRX
20170405,-843000,5,-7000,-0.82,99674,22679,27063,+4384,+4445,26833,32110,+5277,+5320,KRX
20170404,-850000,5,-23000,-2.63,59594,14227,14166,--61,--6563,16574,16531,--43,--7491,KRX
20170403,+873000,2,+18000,+2.11,54884,12607,19109,+6502,+6041,14463,21911,+7448,+6942,KRX
20170331,-855000,5,-6000,-0.70,50026,19923,20384,+461,--5222,23240,23746,+506,--6069,KRX
20170330,-861000,5,-3000,-0.35,57075,14892,20575,+5683,+282,17234,23809,+6575,+287,KRX
20170329,+864000,2,+11000,+1.29,58716,14114,19515,+5401,+2960,16418,22706,+6288,+3430,KRX
20170328,-853000,5,-32000,-3.62,82475,21193,23634,+2441,+4897,24609,27467,+2858,+5666,KRX
20170327,+885000,2,+13000,+1.49,60459,23046,20590,--2456,+1034,26169,23361,--2808,+1202,KRX
20170324,+872000,2,+8000,+0.93,55786,20427,16937,--3490,+9197,23437,19427,--4010,+10665,KRX
20170323,+864000,2,+15000,+1.77,80062,23838,11151,--12687,--5805,27578,12903,--14675,--6604,KRX
20170322,-849000,5,-22000,-2.53,79212,26883,20001,--6882,--22305,31545,23474,--8071,--26109,KRX
20170321,+871000,2,+53000,+6.48,150195,20224,35647,+15423,+25049,23507,41545,+18038,+29833,KRX
20170320,-818000,5,-9000,-1.09,59293,15742,6116,--9626,--18593,19292,7497,--11795,--22658,KRX
20170317,+827000,2,+8000,+0.98,59069,23919,32886,+8967,+2799,28981,39844,+10863,+3387,KRX
20170316,-819000,5,-1000,-0.12,53315,12062,18230,+6168,+4598,14639,22115,+7476,+5579,KRX
20170315,+820000,2,+5000,+0.61,40787,15004,16574,+1570,+20650,18373,20270,+1897,+25225,KRX
20170314,-815000,5,-11000,-1.33,94487,37975,18895,--19080,--18383,46387,23059,--23328,--22463,KRX
20170313,+826000,2,+26000,+3.25,83464,11930,11233,--697,--254,14523,13658,--865,--287,KRX
20170310,+800000,2,+11000,+1.39,48907,14760,14317,--443,+1135,18596,18018,--578,+1447,KRX
20170309,-789000,5,-11000,-1.38,75785,21828,20250,--1578,--3506,27584,25559,--2025,--4416,KRX
20170308,+800000,2,+1000,+0.13,56378,13025,14953,+1928,+10669,16337,18728,+2391,+13335,KRX
20170307,-799000,5,-1000,-0.13,48316,22167,13426,--8741,--10867,27741,16797,--10944,--13598,KRX
20170306,-800000,5,-9000,-1.11,57995,14464,16590,+2126,+11817,18062,20716,+2654,+14668,KRX
20170303,-809000,5,-6000,-0.74,98302,26960,17269,--9691,--33249,33350,21336,--12014,--41271,KRX
20170302,+815000,2,+39000,+5.03,150962,23319,46877,+23558,+23740,28885,58142,+29257,+29494,KRX
20170228,-776000,5,-20000,-2.51,97398,38079,37897,--182,+7661,48792,48555,--237,+9581,KRX
20170227,-796000,5,-7000,-0.87,33895,17316,9473,--7843,--6383,21678,11860,--9818,--8013,KRX
20170224,-803000,5,-5000,-0.62,77173,22232,20772,--1460,--20017,27797,25992,--1805,--24770,KRX
20170223,+808000,2,+11000,+1.38,96955,20991,39548,+18557,--93,25991,48956,+22965,--414,KRX
20170222,+797000,2,+7000,+0.89,107372,18969,37619,+18650,+11469,23801,47180,+23379,+14233,KRX
20170221,+790000,2,+9000,+1.15,115574,10372,17553,+7181,+6481,13173,22319,+9146,+8256,KRX
20170220,+781000,2,+1000,+0.13,75042,16053,16753,+700,--9838,20613,21503,+890,--12633,KRX
20170217,+780000,2,+3000,+0.39,104341,23683,34221,+10538,+15032,30412,43935,+13523,+19330,KRX
20170216,+777000,2,+4000,+0.52,73821,30696,26202,--4494,+1113,39668,33861,--5807,+1452,KRX
20170215,+773000,2,+3000,+0.39,66435,23591,17984,--5607,--24936,30519,23260,--7259,--32341,KRX
20170214,-770000,5,-25000,-3.14,119907,27709,47038,+19329,+6774,35901,60983,+25082,+9265,KRX
20170213,795000,3,0,0.00,59380,12822,25377,+12555,+10968,16145,31962,+15817,+13813,KRX
20170210,+795000,2,+8000,+1.02,67489,20150,21737,+1587,+7730,25422,27426,+2004,+9817,KRX
20170209,-787000,5,-8000,-1.01,102023,47448,41305,--6143,--12943,60230,52417,--7813,--16407,KRX
20170208,-795000,5,-5000,-0.63,77643,34131,40931,+6800,+605,42933,51527,+8594,+702,KRX
20170207,+800000,2,+21000,+2.70,135111,22887,29082,+6195,--1130,28820,36712,+7892,--1534,KRX
20170206,+779000,2,+5000,+0.65,127029,21225,28550,+7325,+11265,27299,36725,+9426,+14529,KRX
20170203,+774000,2,+2000,+0.26,142414,27164,23224,--3940,--27944,35155,30052,--5103,--36194,KRX
20170202,+772000,2,+1000,+0.13,121050,29533,53537,+24004,+28421,38226,69317,+31091,+36805,KRX
20170201,+771000,2,+13000,+1.72,92541,28753,24336,--4417,+3517,37316,31602,--5714,+4774,KRX
20170131,+758000,2,+5000,+0.66,127610,37316,29382,--7934,--24055,49251,38763,--10488,--31968,KRX
20170126,-753000,5,-10000,-1.31,274419,32986,49107,+16121,--2575,43947,65427,+21480,--3036,KRX
20170125,+763000,2,+2000,+0.26,119005,20861,39557,+18696,+43486,27352,51868,+24516,+56998,KRX
20170124,-761000,5,-10000,-1.30,106880,39072,14282,--24790,--21958,51197,18715,--32482,--28803,KRX
20170123,-771000,5,-14000,-1.78,90668,15328,12496,--2832,+12469,19889,16210,--3679,+15684,KRX
20170120,-785000,5,-16000,-2.00,73435,23077,7776,--15301,--1573,29224,9861,--19363,--2202,KRX
20170119,+801000,2,+13000,+1.65,67811,23413,9685,--13728,+3213,29263,12102,--17161,+4239,KRX
20170118,-788000,5,-7000,-0.88,55176,22325,5384,--16941,--11074,28196,6796,--21400,--13996,KRX
20170117,+795000,2,+1000,+0.13,50942,14918,9051,--5867,--4095,18817,11413,--7404,--5142,KRX
20170116,+794000,2,+4000,+0.51,55042,13321,11549,--1772,--3722,16841,14579,--2262,--4688,KRX
20170113,-790000,5,-12000,-1.50,68231,18160,20110,+1950,+603,22968,25394,+2426,+776,KRX
20170112,+802000,2,+6000,+0.75,56389,14219,15566,+1347,+2410,17751,19401,+1650,+3000,KRX
20170111,+796000,2,+4000,+0.51,48742,13034,11971,--1063,--2471,16382,15032,--1350,--3123,KRX
20170110,+792000,2,+13000,+1.67,47372,10750,12158,+1408,+2942,13641,15414,+1773,+3765,KRX
20170109,-779000,5,-20000,-2.50,76688,11137,9603,--1534,+948,14232,12240,--1992,+1131,KRX
20170106,+799000,2,+8000,+1.01,50269,17416,14934,--2482,+5617,21846,18723,--3123,+7054,KRX
20170105,-791000,5,-19000,-2.35,68724,25896,17797,--8099,+2619,32519,22342,--10177,+3303,KRX
20170104,+810000,2,+43000,+5.61,120359,31986,21268,--10718,+3247,40172,26692,--13480,+4673,KRX
20170103,-767000,5,-10000,-1.29,51766,19436,5471,--13965,--15711,25279,7126,--18153,--20382,KRX
20170102,+777000,2,+2000,+0.26,30777,5450,7196,+1746,--9222,6977,9206,+2229,--11940,KRX
20161229,+775000,2,+12000,+1.57,56324,6639,17607,+10968,+23595,8648,22817,+14169,+30570,KRX
20161228,-763000,5,-9000,-1.17,57737,21642,9015,--12627,--12348,28098,11697,--16401,--16047,KRX
20161227,+772000,2,+7000,+0.92,31962,6827,6548,--279,--124,8892,8538,--354,--149,KRX
20161226,-765000,5,-3000,-0.39,20665,6697,6542,--155,+5690,8726,8521,--205,+7379,KRX
20161223,-768000,5,-5000,-0.65,53375,16504,10659,--5845,+1632,21449,13865,--7584,+2094,KRX
20161222,-773000,5,-6000,-0.77,78677,15836,8359,--7477,+1777,20506,10828,--9678,+2104,KRX
20161221,-779000,5,-8000,-1.02,44194,19179,9925,--9254,+1439,24452,12670,--11782,+1780,KRX
20161220,-787000,5,-13000,-1.63,65614,18092,7399,--10693,--4927,22950,9388,--13562,--6350,KRX
20161219,-800000,5,-6000,-0.74,47789,21847,16081,--5766,+3924,27317,20105,--7212,+4912,KRX
20161216,+806000,2,+20000,+2.54,100221,33988,24298,--9690,+6545,42364,30240,--12124,+8507,KRX
20161215,+786000,2,+1000,+0.13,83964,31613,15378,--16235,--8888,40157,19526,--20631,--11283,KRX
20161214,-785000,5,-1000,-0.13,52767,22066,14719,--7347,--364,28048,18700,--9348,--474,KRX
20161213,-786000,5,-6000,-0.76,60797,22990,16007,--6983,--2576,29221,20347,--8874,--3303,KRX
20161212,-792000,5,-8000,-1.00,60521,14141,9734,--4407,+16171,17838,12267,--5571,+20013,KRX
20161209,-800000,5,-4000,-0.50,82302,34144,13566,--20578,--8153,42494,16910,--25584,--9567,KRX
20161208,+804000,2,+54000,+7.20,134987,43240,30815,--12425,--5737,54806,38789,--16017,--7142,KRX
20161207,-750000,5,-6000,-0.79,52901,15141,8453,--6688,--14167,20106,11231,--8875,--18714,KRX
20161206,-756000,5,-8000,-1.05,98542,17897,25376,+7479,+7531,23519,33358,+9839,+9884,KRX
20161205,+764000,2,+9000,+1.19,82134,21285,21233,--52,--6,27975,27930,--45,+34,KRX
20161202,-755000,5,-9000,-1.18,79960,24426,24380,--46,+6838,32186,32107,--79,+8739,KRX
20161201,-764000,5,-34000,-4.26,103862,32997,26113,--6884,--9073,42370,33552,--8818,--11454,KRX
20161130,-798000,5,-3000,-0.37,168587,81148,83337,+2189,+7501,101766,104402,+2636,+9233,KRX
20161129,-801000,5,-7000,-0.87,56621,28703,23391,--5312,--15325,35582,28985,--6597,--18952,KRX
20161128,+808000,2,+3000,+0.37,76152,19379,29392,+10013,+16322,23990,36345,+12355,+20120,KRX
20161125,+805000,2,+3000,+0.37,124784,22654,16345,--6309,+9958,27906,20141,--7765,+12707,KRX
20161124,+802000,2,+7000,+0.88,70341,31578,15311,--16267,+7616,39702,19230,--20472,+9419,KRX
20161123,-795000,5,-15000,-1.85,75510,33703,9820,--23883,--21374,42181,12290,--29891,--26724,KRX
20161122,+810000,2,+24000,+3.05,105354,38920,36411,--2509,+9049,48402,45235,--3167,+11667,KRX
20161121,+786000,2,+15000,+1.95,147242,64477,52919,--11558,--18528,82124,67290,--14834,--24087,KRX
20161118,+771000,2,+26000,+3.49,144474,28789,35759,+6970,+1765,37560,46813,+9253,+2275,KRX
20161117,-745000,5,-6000,-0.80,99389,9927,15132,+5205,--2652,13300,20278,+6978,--3516,KRX
20161116,+751000,2,+7000,+0.94,154996,24652,32509,+7857,+10456,32869,43363,+10494,+13968,KRX
20161115,-744000,5,-2000,-0.27,133064,35923,33324,--2599,+998,47978,44504,--3474,+1346,KRX
20161114,-746000,5,-14000,-1.84,139465,39994,36397,--3597,+2027,52873,48053,--4820,+2493,KRX
20161111,-760000,5,-46000,-5.71,214331,50022,44398,--5624,--10537,65478,58165,--7313,--13407,KRX
20161110,+806000,2,+1000,+0.12,82529,16635,21548,+4913,--5789,20628,26722,+6094,--7256,KRX
20161109,-805000,5,-10000,-1.23,124375,20530,31232,+10702,+11648,25614,38964,+13350,+14530,KRX
20161108,-815000,5,-5000,-0.61,62904,9800,8854,--946,--15414,11969,10789,--1180,--19003,KRX
20161107,+820000,2,+31000,+3.93,99899,12964,27432,+14468,+1604,15871,33694,+17823,+1562,KRX
20161104,-789000,5,-23000,-2.83,102475,16202,29066,+12864,+9090,20503,36764,+16261,+11675,KRX
20161103,-812000,5,-14000,-1.69,68345,15933,19707,+3774,+3606,19518,24104,+4586,+4379,KRX
20161102,-826000,5,-21000,-2.48,85366,13713,13881,+168,+11040,16437,16644,+207,+13106,KRX
20161101,-847000,5,-10000,-1.17,224653,21823,10951,--10872,--14877,25850,12951,--12899,--17549,KRX
20161031,-857000,5,-3000,-0.35,66212,20465,24470,+4005,--860,23834,28484,+4650,--962,KRX
20161028,+860000,2,+1000,+0.12,80422,11030,15895,+4865,--13578,12765,18377,+5612,--15927,KRX
20161027,+859000,2,+11000,+1.30,178398,40566,59009,+18443,+10616,47183,68722,+21539,+12235,KRX
20161026,+848000,2,+11000,+1.31,71085,16396,24223,+7827,--20951,19421,28725,+9304,--25132,KRX
20161025,+837000,2,+4000,+0.48,86741,10267,39045,+28778,+21498,12279,46715,+34436,+25681,KRX
20161024,+833000,2,+2000,+0.24,135275,10654,17934,+7280,--14770,12832,21587,+8755,--17738,KRX
20161021,-831000,5,-13000,-1.54,60552,12120,34170,+22050,+21516,14561,41054,+26493,+25854,KRX
20161020,+844000,2,+15000,+1.81,116179,16786,17320,+534,--4986,20078,20717,+639,--6014,KRX
20161019,-829000,5,-17000,-2.01,85601,20444,25964,+5520,--4013,24575,31228,+6653,--4639,KRX
20161018,-846000,5,-5000,-0.59,81061,34083,43616,+9533,--6751,40336,51628,+11292,--7865,KRX
20161017,+851000,2,+7000,+0.83,77721,22374,38658,+16284,+10874,26402,45559,+19157,+12690,KRX
20161014,+844000,2,+17000,+2.06,56239,17071,22481,+5410,--6336,20295,26762,+6467,--7579,KRX
20161013,-827000,5,-37000,-4.28,96099,20314,32060,+11746,+8865,24214,38260,+14046,+10730,KRX
20161012,+864000,2,+2000,+0.23,64084,20715,23596,+2881,+10648,23857,27173,+3316,+12254,KRX
20161011,-862000,5,-10000,-1.15,70122,31966,24199,--7767,--14543,36799,27861,--8938,--16757,KRX
20161010,+872000,2,+29000,+3.44,69249,10717,17493,+6776,+8781,12283,20102,+7819,+10202,KRX
20161007,-843000,5,-18000,-2.09,75928,23760,21755,--2005,--10396,28195,25812,--2383,--12056,KRX
20161006,-861000,5,-6000,-0.69,54843,20210,28601,+8391,--5740,23469,33142,+9673,--6658,KRX
20161005,+867000,2,+9000,+1.05,66523,18278,32409,+14131,--11269,21111,37442,+16331,--13071,KRX
20161004,-858000,5,-25000,-2.83,109200,19898,45298,+25400,+36981,23064,52466,+29402,+42776,KRX
20160930,-883000,5,-17000,-1.89,172513,56198,44617,--11581,--9877,64496,51122,--13374,--11462,KRX
20160929,+900000,2,+13000,+1.47,77187,20407,18703,--1704,+6122,22762,20850,--1912,+6898,KRX
20160928,+887000,2,+3000,+0.34,54783,20604,12778,--7826,--4127,23202,14392,--8810,--4565,KRX
20160927,+884000,2,+8000,+0.91,80703,23150,19451,--3699,+198,26313,22068,--4245,+208,KRX
20160926,-876000,5,-2000,-0.23,42051,11705,7808,--3897,+1596,13368,8915,--4453,+1865,KRX
20160923,+878000,2,+5000,+0.57,74094,24903,19410,--5493,--12571,28527,22209,--6318,--14506,KRX
20160922,+873000,2,+18000,+2.11,112398,22395,29473,+7078,--18058,25777,33965,+8188,--21207,KRX
20160921,+855000,2,+19000,+2.27,108756,15029,40165,+25136,+20149,17589,46984,+29395,+23542,KRX
20160920,-836000,5,-20000,-2.34,109454,30141,35128,+4987,--24492,35773,41626,+5853,--28452,KRX
20160919,+856000,2,+15000,+1.78,117354,18596,48075,+29479,+12084,21740,56045,+34305,+13601,KRX
20160913,+841000,2,+1000,+0.12,69669,20549,37944,+17395,+698,24481,45185,+20704,+782,KRX
20160912,-840000,5,-7000,-0.83,69512,16889,33586,+16697,+1412,20166,40088,+19922,+1903,KRX
20160909,-847000,5,-22000,-2.53,83335,11180,26465,+15285,+16333,13174,31193,+18019,+19317,KRX
20160908,-869000,5,-3000,-0.34,78393,27006,25958,--1048,--30589,31346,30048,--1298,--35737,KRX
20160907,+872000,2,+29000,+3.44,87219,12251,41792,+29541,+26698,14235,48674,+34439,+31128,KRX
20160906,-843000,5,-7000,-0.82,120907,34887,37730,+2843,+994,41211,44522,+3311,+1131,KRX
20160905,+850000,2,+19000,+2.29,51800,7561,9410,+1849,--1213,8905,11085,+2180,--1513,KRX
20160902,+831000,2,+2000,+0.24,65593,14194,17256,+3062,+4241,17095,20788,+3693,+5086,KRX
20160901,-829000,5,-16000,-1.89,90304,13978,12799,--1179,--3821,16826,15433,--1393,--4446,KRX
20160831,+845000,2,+24000,+2.92,158267,42896,45538,+2642,+2611,50986,54039,+3053,+3026,KRX
20160830,+821000,2,+11000,+1.36,70624,11107,11138,+31,--11888,13635,13662,+27,--14679,KRX
20160829,+810000,2,+5000,+0.62,84039,14829,26748,+11919,+10,18370,33076,+14706,--105,KRX
20160826,+805000,2,+1000,+0.12,75008,10129,22038,+11909,--3059,12600,27411,+14811,--3779,KRX
20160825,-804000,5,-8000,-0.99,96952,16686,31654,+14968,+9209,20729,39319,+18590,+11493,KRX
20160824,+812000,2,+6000,+0.74,71904,16692,22451,+5759,+1070,20650,27747,+7097,+1242,KRX
20160823,+806000,2,+11000,+1.38,69435,15497,20186,+4689,--8605,19300,25155,+5855,--10844,KRX
20160822,-795000,5,-10000,-1.24,80005,16843,30137,+13294,+2382,21145,37844,+16699,+3020,KRX
20160819,+805000,2,+4000,+0.50,137384,24965,35877,+10912,--14674,31131,44810,+13679,--18358,KRX
20160818,+801000,2,+11000,+1.39,92495,16296,41882,+25586,+16714,20414,52451,+32037,+20791,KRX
20160817,790000,3,0,0.00,69851,15485,24357,+8872,+19166,19673,30919,+11246,+24262,KRX
20160816,+790000,2,+8000,+1.02,112935,29624,19330,--10294,--15333,37485,24469,--13016,--19481,KRX
20160812,+782000,2,+4000,+0.51,51184,8880,13919,+5039,--6163,11390,17855,+6465,--7973,KRX
20160811,+778000,2,+3000,+0.39,76227,17129,28331,+11202,--8134,22091,36529,+14438,--10614,KRX
20160810,+775000,2,+20000,+2.65,160412,19929,39265,+19336,+16227,25857,50909,+25052,+20920,KRX
20160809,+755000,2,+6000,+0.80,168810,39320,42429,+3109,--8433,52077,56209,+4132,--11370,KRX
20160808,+749000,2,+26000,+3.60,116945,18079,29621,+11542,+2620,24297,39799,+15502,+3018,KRX
20160805,+723000,2,+16000,+2.26,55159,10568,19490,+8922,+1225,14740,27224,+12484,+1579,KRX
20160804,+707000,2,+2000,+0.28,51248,10263,17960,+7697,--2660,14516,25421,+10905,--3714,KRX
20160803,-705000,5,-8000,-1.12,49681,12488,22845,+10357,+3071,17648,32267,+14619,+4298,KRX
20160802,+713000,2,+12000,+1.71,48938,7840,15126,+7286,+16966,11073,21394,+10321,+24274,KRX
20160801,-701000,5,-9000,-1.27,145886,24268,14588,--9680,--2307,34845,20892,--13953,--3559,KRX
20160729,710000,3,0,0.00,106351,28436,21063,--7373,--11731,40014,29620,--10394,--16486,KRX
20160728,-710000,5,-2000,-0.28,98214,31732,36090,+4358,+3144,44586,50678,+6092,+4405,KRX
20160727,+712000,2,+2000,+0.28,58607,11231,12445,+1214,--3894,15759,17446,+1687,--5471,KRX
20160726,710000,3,0,0.00,57867,14494,19602,+5108,+13131,20401,27559,+7158,+18453,KRX
20160725,+710000,2,+5000,+0.71,51417,20223,12200,--8023,--3716,28460,17165,--11295,--5211,KRX
20160722,+705000,2,+1000,+0.14,90330,26193,21886,--4307,--21689,36969,30885,--6084,--30874,KRX
20160721,+704000,2,+9000,+1.29,108311,16825,34207,+17382,--910,23974,48764,+24790,--1637,KRX
20160720,-695000,5,-23000,-3.20,201850,15569,33861,+18292,+21322,22107,48534,+26427,+30667,KRX
20160719,+718000,2,+6000,+0.84,110798,25894,22864,--3030,--14428,36143,31903,--4240,--20271,KRX
20160718,-712000,5,-4000,-0.56,150928,27929,39327,+11398,--5027,39305,55336,+16031,--6334,KRX
20160715,-716000,5,-18000,-2.45,306084,55292,71717,+16425,+5832,77028,99393,+22365,+8078,KRX
20160714,-734000,5,-24000,-3.17,165410,31735,42328,+10593,+8537,42849,57136,+14287,+11607,KRX
20160713,+758000,2,+3000,+0.40,155150,30706,32762,+2056,--3711,40717,43397,+2680,--4946,KRX
20160712,+755000,2,+1000,+0.13,127011,21076,26843,+5767,--12089,27959,35585,+7626,--16138,KRX
20160711,+754000,2,+4000,+0.53,108205,20459,38315,+17856,+27608,27187,50951,+23764,+36754,KRX
20160708,-750000,5,-3000,-0.40,73753,29797,20045,--9752,--10224,39660,26670,--12990,--13552,KRX
20160707,+753000,2,+8000,+1.07,68516,19476,19948,+472,+12489,25866,26428,+562,+16875,KRX
20160706,-745000,5,-5000,-0.67,122446,59578,47561,--12017,--13635,80548,64235,--16313,--18473,KRX
20160705,+750000,2,+23000,+3.16,127066,31694,33312,+1618,+6869,42320,44480,+2160,+9490,KRX
20160704,+727000,2,+14000,+1.96,117837,22650,17399,--5251,--14510,31502,24172,--7330,--20245,KRX
20160701,+713000,2,+3000,+0.42,76569,20811,30070,+9259,--147,29092,42007,+12915,--279,KRX
20160630,-710000,5,-3000,-0.42,153533,25014,34420,+9406,+8193,35157,48351,+13194,+11496,KRX
20160629,-713000,5,-6000,-0.83,148394,24790,26003,+1213,--6490,34629,36327,+1698,--9113,KRX
20160628,+719000,2,+9000,+1.27,154017,31716,39419,+7703,+10716,44646,55457,+10811,+15118,KRX
20160627,-710000,5,-29000,-3.92,234896,52597,49584,--3013,+4164,73786,69479,--4307,+5805,KRX
20160624,-739000,5,-8000,-1.07,173581,50256,43079,--7177,--36133,68366,58254,--10112,--48882,KRX
20160623,+747000,2,+17000,+2.33,226122,23752,52708,+28956,+28194,31803,70573,+38770,+37703,KRX
20160622,+730000,2,+33000,+4.73,201087,33452,34214,+762,--8569,46472,47539,+1067,--12365,KRX
20160621,+697000,2,+5000,+0.72,61540,16903,26234,+9331,+12161,24352,37784,+13432,+17545,KRX
20160620,+692000,2,+3000,+0.44,61510,23032,20202,--2830,+4908,33449,29336,--4113,+6947,KRX
20160617,-689000,5,-12000,-1.71,73560,23733,15995,--7738,+1653,34153,23093,--11060,+2422,KRX
20160616,+701000,2,+4000,+0.57,59844,22812,13421,--9391,--9195,32735,19253,--13482,--13162,KRX
20160615,697000,3,0,0.00,70465,23477,23281,--196,--8996,33690,33370,--320,--13043,KRX
20160614,697000,3,0,0.00,130979,20167,28967,+8800,+10696,29085,41808,+12723,+15471,KRX
20160613,-697000,5,-23000,-3.19,160118,32345,30449,--1896,+2755,46384,43636,--2748,+3712,KRX
20160610,720000,3,0,0.00,95001,23410,18759,--4651,+7966,32482,26022,--6460,+11027,KRX
20160609,-720000,5,-2000,-0.28,134568,40902,28285,--12617,--12318,56675,39188,--17487,--17135,KRX
20160608,+722000,2,+15000,+2.12,111238,23962,23663,--299,--1084,33260,32908,--352,--1369,KRX
20160607,707000,3,0,0.00,99661,27645,28430,+785,--10823,38903,39920,+1017,--15494,KRX
20160603,+707000,2,+10000,+1.43,87753,23267,34875,+11608,--10114,33067,49578,+16511,--14490,KRX
20160602,+697000,2,+10000,+1.46,101813,20470,42192,+21722,+48139,29258,60259,+31001,+69615,KRX
20160601,-687000,5,-33000,-4.58,336227,62011,35594,--26417,--27686,90470,51856,--38614,--40397,KRX
20160531,+720000,2,+10000,+1.41,115867,53797,55066,+1269,+4463,75017,76800,+1783,+6332,KRX
20160530,+710000,2,+10000,+1.43,82852,20070,16876,--3194,--5900,28417,23868,--4549,--8416,KRX
20160527,-700000,5,-3000,-0.43,45014,10297,13003,+2706,+8576,14708,18575,+3867,+12222,KRX
20160526,-703000,5,-1000,-0.14,45223,14248,8378,--5870,--6147,20256,11901,--8355,--8750,KRX
20160525,+704000,2,+10000,+1.44,92645,22886,23163,+277,--1263,32490,32885,+395,--1799,KRX
20160524,+694000,2,+4000,+0.58,55240,12545,14085,+1540,--5256,18039,20233,+2194,--7755,KRX
20160523,+690000,2,+2000,+0.29,57779,9313,16109,+6796,+2214,13596,23545,+9949,+3351,KRX
20160520,-688000,5,-13000,-1.85,76520,21439,26021,+4582,+5763,30977,37575,+6598,+8329,KRX
20160519,+701000,2,+3000,+0.43,50218,19806,18625,--1181,--5451,28525,26794,--1731,--7911,KRX
20160518,+698000,2,+4000,+0.58,175078,24437,28707,+4270,+9462,35301,41481,+6180,+13701,KRX
20160517,+694000,2,+2000,+0.29,68326,20797,15605,--5192,--13680,30086,22565,--7521,--19800,KRX
20160516,+692000,2,+15000,+2.22,64530,11887,20375,+8488,--13317,17239,29518,+12279,--19906,KRX
20160513,+677000,2,+1000,+0.15,92573,19988,41793,+21805,+13682,29545,61730,+32185,+20262,KRX
20160512,-676000,5,-17000,-2.45,67686,10951,19074,+8123,+5813,16075,27998,+11923,+8564,KRX
20160511,-693000,5,-14000,-1.98,88336,19991,22301,+2310,+9977,28794,32153,+3359,+14237,KRX
20160510,+707000,2,+7000,+1.00,106455,31542,23875,--7667,--27225,44787,33909,--10878,--38819,KRX
20160509,+700000,2,+20000,+2.94,202321,26028,45586,+19558,+5226,37220,65161,+27941,+6840,KRX
20160504,+680000,2,+4000,+0.59,139450,19836,34168,+14332,--1033,29257,50358,+21101,--1548,KRX
20160503,-676000,5,-2000,-0.29,68780,12463,27828,+15365,+7313,18396,41045,+22649,+10734,KRX
20160502,+678000,2,+1000,+0.15,57779,5123,13175,+8052,--14017,7592,19507,+11915,--20860,KRX
20160429,+677000,2,+18000,+2.73,181733,8862,30931,+22069,+49927,13169,45944,+32775,+74375,KRX
20160428,-659000,5,-6000,-0.90,228211,45451,17593,--27858,--28317,67998,26398,--41600,--42335,KRX
20160427,+665000,2,+11000,+1.68,80668,21517,21976,+459,+1452,32972,33707,+735,+2260,KRX
20160426,-654000,5,-8000,-1.21,157920,10503,9510,--993,--4549,15985,14460,--1525,--6908,KRX
20160425,-662000,5,-1000,-0.15,71124,9263,12819,+3556,--1878,14050,19433,+5383,--2841,KRX
20160422,-663000,5,-4000,-0.60,38974,10238,15672,+5434,--3394,15479,23703,+8224,--5066,KRX
20160421,+667000,2,+13000,+1.99,82414,7218,16046,+8828,--1058,10862,24152,+13290,--1823,KRX
20160420,-654000,5,-15000,-2.24,92783,28236,38122,+9886,+5001,43108,58221,+15113,+7806,KRX
20160419,+669000,2,+8000,+1.21,90281,16923,21808,+4885,--9665,25340,32647,+7307,--14662,KRX
20160418,-661000,5,-12000,-1.78,74941,17694,32244,+14550,+13077,26711,48680,+21969,+19773,KRX
20160415,673000,3,0,0.00,80228,14566,16039,+1473,--9977,21699,23895,+2196,--14835,KRX
20160414,+673000,2,+3000,+0.45,89049,20052,31502,+11450,+1115,29728,46759,+17031,+1540,KRX
20160412,+670000,2,+6000,+0.90,55658,15822,26157,+10335,+509,23708,39199,+15491,+726,KRX
20160411,+664000,2,+1000,+0.15,59360,17250,27076,+9826,+2748,25947,40712,+14765,+4094,KRX
20160408,-663000,5,-12000,-1.78,72693,23906,30984,+7078,+3603,36000,46671,+10671,+5433,KRX
20160407,+675000,2,+26000,+4.01,141392,28563,32038,+3475,+2901,42625,47863,+5238,+4352,KRX
20160406,-649000,5,-3000,-0.46,84628,25541,26115,+574,--14106,39511,40397,+886,--21713,KRX
20160405,+652000,2,+1000,+0.15,92265,18303,32983,+14680,--7735,28169,50768,+22599,--11969,KRX
20160404,+651000,2,+23000,+3.66,108339,7735,30150,+22415,+27843,11958,46526,+34568,+43129,KRX
20160401,-628000,5,-9000,-1.41,62556,20595,15167,--5428,--2788,32566,24005,--8561,--4404,KRX
20160331,637000,3,0,0.00,107783,19117,16477,--2640,--24313,29978,25821,--4157,--37950,KRX
20160330,-637000,5,-3000,-0.47,89180,16642,38315,+21673,+15648,25997,59790,+33793,+24151,KRX
20160329,+640000,2,+23000,+3.73,71050,14079,20104,+6025,--625,22240,31882,+9642,--1097,KRX
20160328,+617000,2,+4000,+0.65,54766,7606,14256,+6650,--980,12263,23002,+10739,--1653,KRX
20160325,-613000,5,-11000,-1.76,104353,13062,20692,+7630,--4653,21208,33600,+12392,--7153,KRX
20160324,-624000,5,-10000,-1.58,73071,10467,22750,+12283,+6783,16683,36228,+19545,+10826,KRX
20160323,-634000,5,-15000,-2.31,94009,12541,18041,+5500,+148,19639,28358,+8719,+487,KRX
20160322,+649000,2,+7000,+1.09,99260,16406,21758,+5352,+4985,25335,33567,+8232,+7708,KRX
20160321,+642000,2,+3000,+0.47,63761,16303,16670,+367,+3522,25542,26066,+524,+5528,KRX
20160318,+639000,2,+3000,+0.47,59518,21118,17963,--3155,--219,33206,28202,--5004,--341,KRX
20160317,-636000,5,-4000,-0.63,79516,22136,19200,--2936,--3000,34874,30211,--4663,--4714,KRX
20160316,-640000,5,-1000,-0.16,41993,11356,11420,+64,--7806,17745,17796,+51,--12245,KRX
20160315,+641000,2,+6000,+0.94,51664,9133,17003,+7870,+7237,14250,26546,+12296,+11265,KRX
20160314,-635000,5,-1000,-0.16,52825,14053,14686,+633,+4343,22110,23141,+1031,+6868,KRX
20160311,+636000,2,+1000,+0.16,108114,34277,30567,--3710,--17979,53594,47757,--5837,--28564,KRX
20160310,+635000,2,+27000,+4.44,136851,15274,29543,+14269,+16623,24294,47021,+22727,+26618,KRX
20160309,+608000,2,+4000,+0.66,37660,8905,6551,--2354,--5850,14693,10802,--3891,--9640,KRX
20160308,+604000,2,+5000,+0.83,49925,9541,13037,+3496,+10091,15835,21584,+5749,+16637,KRX
20160307,-599000,5,-14000,-2.28,75885,16346,9751,--6595,+848,26972,16084,--10888,+1269,KRX
20160304,+613000,2,+3000,+0.49,66116,21768,14325,--7443,+1336,35521,23364,--12157,+2236,KRX
20160303,+610000,2,+1000,+0.16,74873,31011,22232,--8779,--11591,50826,36433,--14393,--19109,KRX
20160302,+609000,2,+37000,+6.47,119099,17862,20674,+2812,+8458,29447,34163,+4716,+14540,KRX
20160229,-572000,5,-8000,-1.38,78709,24297,18651,--5646,--3938,42230,32406,--9824,--6884,KRX
20160226,-580000,5,-2000,-0.34,45972,9976,8268,--1708,--1583,17203,14263,--2940,--2719,KRX
20160225,+582000,2,+2000,+0.34,57095,9419,9294,--125,+5086,16147,15926,--221,+8790,KRX
20160224,-580000,5,-4000,-0.68,71221,12397,7186,--5211,--10923,21452,12441,--9011,--18910,KRX
20160223,+584000,2,+19000,+3.36,111857,8010,13722,+5712,--7220,13750,23649,+9899,--12735,KRX
20160222,-565000,5,-8000,-1.40,86272,4994,17926,+12932,+7100,8721,31355,+22634,+12455,KRX
20160219,-573000,5,-9000,-1.55,76728,7881,13713,+5832,+1491,13779,23958,+10179,+2740,KRX
20160218,+582000,2,+7000,+1.22,83228,14117,18458,+4341,+12600,24309,31748,+7439,+21774,KRX
20160217,575000,3,0,0.00,158463,28783,20524,--8259,--7486,49785,35450,--14335,--13004,KRX
20160216,+575000,2,+19000,+3.42,123943,14353,13580,--773,+1886,24916,23585,--1331,+3457,KRX
20160215,556000,3,0,0.00,146518,21492,18833,--2659,--22866,38665,33877,--4788,--41170,KRX
20160212,-556000,5,-7000,-1.24,198082,22499,42706,+20207,+15658,40564,76946,+36382,+28297,KRX
20160211,-563000,5,-36000,-6.01,184341,18919,23468,+4549,+602,33065,41150,+8085,+1522,KRX
20160205,-599000,5,-3000,-0.50,55313,5907,9854,+3947,--5847,9836,16399,+6563,--9717,KRX
20160204,+602000,2,+1000,+0.17,87070,6172,15966,+9794,+10090,10270,26550,+16280,+16759,KRX
20160203,+601000,2,+1000,+0.17,94740,18004,17708,--296,+14616,29986,29507,--479,+24372,KRX
20160202,-600000,5,-13000,-2.12,223453,59719,44807,--14912,--11750,99655,74804,--24851,--19810,KRX
20160201,-613000,5,-15000,-2.39,144528,33023,29861,--3162,+8465,53383,48342,--5041,+13817,KRX
20160129,-628000,5,-3000,-0.48,269400,65569,53942,--11627,+25537,106310,87452,--18858,+39686,KRX
20160128,-631000,5,-43000,-6.38,277566,65658,28494,--37164,--47163,103516,44972,--58544,--73286,KRX
20160127,-674000,5,-6000,-0.88,66471,14578,24577,+9999,--8925,21575,36317,+14742,--13178,KRX
20160126,+680000,2,+7000,+1.04,56078,4932,23856,+18924,+12220,7283,35203,+27920,+17959,KRX
20160125,+673000,2,+5000,+0.75,61255,9598,16302,+6704,--7673,14284,24245,+9961,--11875,KRX
20160122,+668000,2,+29000,+4.54,91200,18601,32978,+14377,+34361,28238,50074,+21836,+52977,KRX
20160121,-639000,5,-25000,-3.77,135186,39606,19622,--19984,--14033,61691,30550,--31141,--22131,KRX
20160120,-664000,5,-6000,-0.90,95351,24977,19026,--5951,--775,37760,28750,--9010,--1304,KRX
20160119,-670000,5,-17000,-2.47,144586,34891,29715,--5176,--19809,52023,44317,--7706,--29191,KRX
20160118,+687000,2,+17000,+2.54,140601,21453,36086,+14633,--5215,31540,53025,+21485,--8273,KRX
20160115,+670000,2,+19000,+2.92,128415,13110,32958,+19848,+7624,19646,49404,+29758,+11056,KRX
20160114,+651000,2,+2000,+0.31,85824,6146,18370,+12224,+3479,9400,28102,+18702,+5290,KRX
20160113,-649000,5,-1000,-0.15,92220,9955,18700,+8745,+24,15288,28700,+13412,--139,KRX
20160112,+650000,2,+22000,+3.50,78010,5956,14677,+8721,+14600,9217,22768,+13551,+22759,KRX
20160111,-628000,5,-24000,-3.68,88620,16818,10939,--5879,+4922,26532,17324,--9208,+7417,KRX
20160108,652000,3,0,0.00,63922,22425,11624,--10801,--22103,34480,17855,--16625,--34113,KRX
20160107,+652000,2,+29000,+4.65,125253,11587,22889,+11302,+19828,17908,35396,+17488,+31036,KRX
20160106,-623000,5,-14000,-2.20,95682,25791,17265,--8526,--11859,40999,27451,--13548,--18784,KRX
20160105,+637000,2,+5000,+0.79,69456,15277,18610,+3333,+10629,23966,29202,+5236,+16615,KRX
20160104,-632000,5,-26000,-3.95,93272,20656,13360,--7296,--6767,32256,20877,--11379,--10690,KRX
20151230,+658000,2,+16000,+2.49,64215,16199,15670,--529,+6129,24747,24058,--689,+9716,KRX
20151229,+642000,2,+1000,+0.16,50648,11034,4376,--6658,--4801,17229,6824,--10405,--7499,KRX
20151228,-641000,5,-6000,-0.93,47511,8986,7129,--1857,--7334,14028,11122,--2906,--11320,KRX
20151224,-647000,5,-6000,-0.92,32816,6072,11549,+5477,--1092,9342,17756,+8414,--1675,KRX
20151223,653000,3,0,0.00,41170,5862,12431,+6569,+6495,9007,19096,+10089,+10031,KRX
20151222,+653000,2,+5000,+0.77,46151,9875,9949,+74,--6894,15250,15308,+58,--10697,KRX
20151221,+648000,2,+8000,+1.25,52789,10347,17315,+6968,+11582,15969,26724,+10755,+17920,KRX
20151218,-640000,5,-13000,-1.99,49587,16456,11842,--4614,--9780,25558,18393,--7165,--15075,KRX
20151217,+653000,2,+7000,+1.08,70546,14298,19464,+5166,--286,21973,29883,+7910,--485,KRX
20151216,+646000,2,+3000,+0.47,77097,11276,16728,+5452,--552,17390,25785,+8395,--939,KRX
20151215,+643000,2,+10000,+1.58,67405,10896,16900,+6004,+14497,16965,26299,+9334,+22700,KRX
20151214,-633000,5,-7000,-1.09,72465,22547,14054,--8493,--11817,35506,22140,--13366,--18579,KRX
20151211,+640000,2,+22000,+3.56,77560,15442,18766,+3324,--1141,24314,29527,+5213,--2036,KRX
20151210,+618000,2,+6000,+0.98,83127,16592,21057,+4465,--5616,26920,34169,+7249,--9174,KRX
20151209,-612000,5,-1000,-0.16,78660,15880,25961,+10081,+8600,25918,42341,+16423,+14049,KRX
20151208,+613000,2,+5000,+0.82,74051,13534,15015,+1481,--17968,22067,24441,+2374,--29486,KRX
20151207,-608000,5,-17000,-2.72,108353,13637,33086,+19449,+22524,22069,53929,+31860,+36819,KRX
20151204,-625000,5,-8000,-1.26,78208,12634,9559,--3075,+5236,20254,15295,--4959,+8152,KRX
20151203,-633000,5,-6000,-0.94,46391,19661,11350,--8311,+4085,30892,17781,--13111,+6156,KRX
20151202,-639000,5,-8000,-1.24,74574,24253,11857,--12396,--11522,37648,18381,--19267,--17908,KRX
20151201,+647000,2,+16000,+2.54,60670,16523,15649,--874,+16651,25637,24278,--1359,+26432,KRX
20151130,-631000,5,-1000,-0.16,137122,58241,40716,--17525,--18124,92304,64513,--27791,--28738,KRX
20151127,-632000,5,-1000,-0.16,63802,10715,11314,+599,--4304,16815,17762,+947,--6809,KRX
20151126,+633000,2,+3000,+0.48,55020,6418,11321,+4903,--3342,10171,17927,+7756,--5395,KRX
20151125,+630000,2,+9000,+1.45,60328,5288,13533,+8245,+2431,8452,21603,+13151,+3877,KRX
20151124,-621000,5,-3000,-0.48,62079,14706,20520,+5814,+2420,23616,32890,+9274,+3828,KRX
20151123,-624000,5,-3000,-0.48,57656,10243,13637,+3394,--5990,16436,21882,+5446,--9576,KRX
20151120,+627000,2,+18000,+2.96,72507,5856,15240,+9384,+8251,9377,24399,+15022,+13196,KRX
20151119,+609000,2,+9000,+1.50,58688,11191,12324,+1133,+3155,18573,20399,+1826,+5209,KRX
20151118,+600000,2,+1000,+0.17,40143,12065,10043,--2022,--2882,20095,16712,--3383,--4796,KRX
20151117,+599000,2,+7000,+1.18,72457,14162,15022,+860,--17365,23579,24992,+1413,--29157,KRX
20151116,-592000,5,-14000,-2.31,110336,8174,26399,+18225,+6894,13759,44329,+30570,+11909,KRX
20151113,-606000,5,-14000,-2.26,79453,8592,19923,+11331,+4213,14131,32792,+18661,+7233,KRX
20151112,-620000,5,-5000,-0.80,51223,5096,12214,+7118,--1829,8197,19625,+11428,--2888,KRX
20151111,+625000,2,+7000,+1.13,72445,8638,17585,+8947,+17755,13837,28153,+14316,+28555,KRX
20151110,-618000,5,-16000,-2.52,111953,21669,12861,--8808,--10735,35031,20792,--14239,--17295,KRX
20151109,+634000,2,+4000,+0.63,69266,5516,7443,+1927,--315,8728,11784,+3056,--504,KRX
20151106,+630000,2,+1000,+0.16,47733,7398,9640,+2242,--6659,11799,15359,+3560,--10600,KRX
20151105,+629000,2,+3000,+0.48,74342,11535,20436,+8901,+9050,18353,32513,+14160,+14393,KRX
20151104,+626000,2,+7000,+1.13,130717,25003,24854,--149,--12786,40218,39985,--233,--20939,KRX
20151103,+619000,2,+16000,+2.65,116881,10173,22810,+12637,+4065,16608,37314,+20706,+6457,KRX
20151102,+603000,2,+3000,+0.50,103645,16728,25300,+8572,--1253,27815,42064,+14249,--2381,KRX
20151030,+600000,2,+8000,+1.35,191054,17551,27376,+9825,+16437,29233,45863,+16630,+27831,KRX
20151029,+592000,2,+15000,+2.60,236647,36378,29766,--6612,--27793,61130,49929,--11201,--48982,KRX
20151028,+577000,2,+13000,+2.30,117682,16131,37312,+21181,+13954,28644,66425,+37781,+24796,KRX
20151027,+564000,2,+2000,+0.36,67455,12723,19950,+7227,+2997,22830,35815,+12985,+5286,KRX
20151026,-562000,5,-9000,-1.58,148900,15347,19577,+4230,--39234,27459,35158,+7699,--68988,KRX
20151023,+571000,2,+24000,+4.39,120825,11639,55103,+43464,+27729,20529,97216,+76687,+48093,KRX
20151022,-547000,5,-28000,-4.87,124372,11527,27262,+15735,+6572,20803,49397,+28594,+12677,KRX
20151021,-575000,5,-3000,-0.52,81612,4446,13609,+9163,--9584,7723,23640,+15917,--16586,KRX
20151020,-578000,5,-6000,-1.03,76475,6674,25421,+18747,+5932,11580,44083,+32503,+10415,KRX
20151019,-584000,5,-3000,-0.51,87213,13616,26431,+12815,+4929,23500,45588,+22088,+8611,KRX
20151016,+587000,2,+18000,+3.16,96505,12320,20206,+7886,+335,21120,34597,+13477,+174,KRX
20151015,+569000,2,+7000,+1.25,65926,10484,18035,+7551,--1480,18464,31767,+13303,--2669,KRX
20151014,-562000,5,-17000,-2.94,79743,15983,25014,+9031,--2282,28251,44223,+15972,--3728,KRX
20151013,+579000,2,+5000,+0.87,78797,12982,24295,+11313,--300,22554,42254,+19700,--486,KRX
20151012,+574000,2,+13000,+2.32,166198,13409,25022,+11613,--1187,23373,43559,+20186,--2680,KRX
20151008,+561000,2,+3000,+0.54,96144,10218,23018,+12800,+613,18397,41263,+22866,+978,KRX
20151007,+558000,2,+2000,+0.36,110751,11970,24157,+12187,--2057,21509,43397,+21888,--3924,KRX
20151006,+556000,2,+13000,+2.39,118545,10284,24528,+14244,+11730,18647,44459,+25812,+21381,KRX
20151005,-543000,5,-7000,-1.27,107172,12510,15024,+2514,+16472,22860,27291,+4431,+30208,KRX
20151002,+550000,2,+4000,+0.73,140588,29512,15554,--13958,--30968,54325,28548,--25777,--57338,KRX
20151001,+546000,2,+33000,+6.43,200898,16030,33040,+17010,+12683,29851,61412,+31561,+23098,KRX
20150930,+513000,2,+5000,+0.98,130548,21338,25665,+4327,+283,41903,50366,+8463,+454,KRX
20150925,+508000,2,+2000,+0.40,44307,6469,10513,+4044,+1961,12792,20801,+8009,+3909,KRX
20150924,+506000,2,+1000,+0.20,113153,11103,13186,+2083,+15870,21821,25921,+4100,+31306,KRX
20150923,+505000,2,+9000,+1.81,198201,28279,14492,--13787,--7801,55850,28644,--27206,--15214,KRX
20150922,-496000,5,-4000,-0.80,78927,19332,13346,--5986,--3029,38743,26751,--11992,--6125,KRX
20150921,-500000,5,-9000,-1.77,49726,10708,7751,--2957,+5948,21309,15442,--5867,+11664,KRX
20150918,-509000,5,-1000,-0.20,99472,26719,17814,--8905,--28460,52464,34933,--17531,--56499,KRX
20150917,+510000,2,+28500,+5.92,226216,17502,37057,+19555,+23607,34725,73693,+38968,+47437,KRX
20150916,+481500,2,+11000,+2.34,130713,23993,19941,--4052,--4724,50257,41788,--8469,--9922,KRX
20150915,-470500,5,-5500,-1.16,123370,12985,13657,+672,+10430,27528,28981,+1453,+22058,KRX
20150914,-476000,5,-12500,-2.56,148250,23911,14153,--9758,--5350,50386,29781,--20605,--11622,KRX
20150911,-488500,5,-11500,-2.30,97766,14168,9760,--4408,--13484,28954,19971,--8983,--27075,KRX
20150910,-500000,5,-1000,-0.20,151685,23237,32313,+9076,+7429,46739,64831,+18092,+14409,KRX
20150909,+501000,2,+39500,+8.56,167247,18138,19785,+1647,+8739,37132,40815,+3683,+18850,KRX
20150908,-461500,5,-13000,-2.74,97346,14252,7160,--7092,--5560,30578,15411,--15167,--11933,KRX
20150907,+474500,2,+5000,+1.06,86443,14520,12988,--1532,+2211,30764,27530,--3234,+4673,KRX
20150904,-469500,5,-1000,-0.21,99010,12103,8360,--3743,--2631,25662,17755,--7907,--5549,KRX
20150903,+470500,2,+4500,+0.97,158907,20040,18928,--1112,--14596,42240,39882,--2358,--31333,KRX
20150902,-466000,5,-10000,-2.10,160619,10225,23709,+13484,+26839,21939,50914,+28975,+56402,KRX
20150901,-476000,5,-19500,-3.94,137711,25691,12336,--13355,--28339,52940,25513,--27427,--58142,KRX
20150831,+495500,2,+7500,+1.54,179390,32107,47091,+14984,+16145,65751,96466,+30715,+33130,KRX
20150828,+488000,2,+500,+0.10,191470,33191,32030,--1161,--115,68125,65710,--2415,--386,KRX
20150827,-487500,5,-1500,-0.31,146915,35229,34183,--1046,+8870,71685,69656,--2029,+18298,KRX
20150826,-489000,5,-2500,-0.51,209874,49044,39128,--9916,+6515,99748,79421,--20327,+13349,KRX
20150825,-491500,5,-8500,-1.70,191766,41243,24812,--16431,+933,84465,50789,--33676,+785,KRX
20150824,-500000,5,-16000,-3.10,124043,37146,19782,--17364,--26997,73723,39262,--34461,--52990,KRX
20150821,-516000,5,-5000,-0.96,97576,19490,29123,+9633,+8817,37705,56234,+18529,+17049,KRX
20150820,-521000,5,-3000,-0.57,100228,24793,25609,+816,+14396,47172,48652,+1480,+27439,KRX
20150819,+524000,2,+2000,+0.38,128122,27888,14308,--13580,--26441,53403,27444,--25959,--50627,KRX
20150818,+522000,2,+12000,+2.35,94196,18983,31844,+12861,+10910,36521,61189,+24668,+20903,KRX
20150817,-510000,5,-9000,-1.73,76310,12974,14925,+1951,+24232,25288,29053,+3765,+46609,KRX
20150813,-519000,5,-9000,-1.70,117041,30695,8414,--22281,--23590,59052,16208,--42844,--45302,KRX
20150812,+528000,2,+5000,+0.96,153266,26813,28122,+1309,--10604,50898,53356,+2458,--20236,KRX
20150811,+523000,2,+12000,+2.35,118707,13747,25660,+11913,+2648,26241,48935,+22694,+4569,KRX
20150810,+511000,2,+10000,+2.00,122165,3294,12559,+9265,+16129,6447,24572,+18125,+31607,KRX
20150807,-501000,5,-15000,-2.91,254547,24979,18115,--6864,+9763,49333,35851,--13482,+18541,KRX
20150806,-516000,5,-9000,-1.71,168144,24889,8262,--16627,--2173,47969,15946,--32023,--4305,KRX
20150805,-525000,5,-1000,-0.19,115109,25280,10826,--14454,--8031,48375,20657,--27718,--15335,KRX
20150804,+526000,2,+6000,+1.15,107729,20076,13653,--6423,--11694,38508,26125,--12383,--22477,KRX
20150803,-520000,5,-3000,-0.57,125078,16834,22105,+5271,--708,32342,42436,+10094,--1444,KRX
20150731,+523000,2,+5000,+0.97,275526,28444,34423,+5979,+47541,55028,66566,+11538,+90241,KRX
20150730,-518000,5,-84000,-13.95,743728,67183,25621,--41562,--24438,126655,47952,--78703,--50264,KRX
20150729,-602000,5,-8000,-1.31,108588,28924,11800,--17124,--18965,47985,19546,--28439,--31478,KRX
20150728,-610000,5,-1000,-0.16,84122,14982,16823,+1841,+3980,24695,27734,+3039,+6545,KRX
20150727,-611000,5,-14000,-2.24,73090,18139,16000,--2139,+6543,29547,26041,--3506,+10488,KRX
20150724,+625000,2,+3000,+0.48,77265,13711,5029,--8682,--5219,22070,8076,--13994,--8484,KRX
20150723,-622000,5,-13000,-2.05,74172,11235,7772,--3463,+16110,17980,12470,--5510,+25300,KRX
20150722,-635000,5,-14000,-2.16,89075,30946,11373,--19573,--10170,48697,17887,--30810,--16270,KRX
20150721,+649000,2,+11000,+1.72,64432,14773,5370,--9403,+2428,22826,8286,--14540,+3898,KRX
20150720,+638000,2,+6000,+0.95,122608,15987,4156,--11831,--21628,24931,6493,--18438,--33988,KRX
20150717,+632000,2,+25000,+4.12,207536,11003,20800,+9797,+4500,17533,33083,+15550,+6907,KRX
20150716,+607000,2,+2000,+0.33,101006,5206,10503,+5297,+5728,8537,17180,+8643,+9345,KRX
20150715,-605000,5,-9000,-1.47,57546,8614,8183,--431,--2115,14175,13473,--702,--3453,KRX
20150714,614000,3,0,0.00,43411,6388,8072,+1684,+3576,10416,13167,+2751,+5826,KRX
20150713,+614000,2,+2000,+0.33,40453,6703,4811,--1892,+2156,10916,7841,--3075,+3573,KRX
20150710,+612000,2,+2000,+0.33,56521,12861,8813,--4048,--4102,21117,14469,--6648,--6746,KRX
20150709,-610000,5,-9000,-1.45,94778,18274,18328,+54,+18904,30226,30324,+98,+30658,KRX
20150708,+619000,2,+6000,+0.98,135080,33312,14462,--18850,--3516,53883,23323,--30560,--5672,KRX
20150707,-613000,5,-3000,-0.49,81664,27353,12019,--15334,--10696,44409,19521,--24888,--17339,KRX
20150706,+616000,2,+3000,+0.49,72393,15996,11358,--4638,--8694,25981,18432,--7549,--14161,KRX
20150703,-613000,5,-2000,-0.33,83435,12857,16913,+4056,+7312,20978,27590,+6612,+11913,KRX
20150702,-615000,5,-13000,-2.07,136739,32881,29625,--3256,--17023,53248,47947,--5301,--27628,KRX
20150701,-628000,5,-6000,-0.95,231947,28363,42130,+13767,+8639,46033,68360,+22327,+14233,KRX
20150630,-634000,5,-17000,-2.61,117991,23182,28310,+5128,+4068,36640,44734,+8094,+6458,KRX
20150629,-651000,5,-7000,-1.06,66527,15953,17013,+1060,--20382,24555,26191,+1636,--30804,KRX
20150626,+658000,2,+5000,+0.77,134720,12643,34085,+21442,+3517,19193,51633,+32440,+4837,KRX
20150625,+653000,2,+4000,+0.62,101920,17982,35907,+17925,+14753,27681,55284,+27603,+22718,KRX
20150624,+649000,2,+9000,+1.41,94340,13696,16868,+3172,--1036,21094,25979,+4885,--1717,KRX
20150623,+640000,2,+9000,+1.43,46207,9279,13487,+4208,+7874,14573,21175,+6602,+12424,KRX
20150622,-631000,5,-3000,-0.47,42431,12986,9320,--3666,+1024,20533,14711,--5822,+1638,KRX
20150619,+634000,2,+10000,+1.60,69782,19034,14344,--4690,--6508,30129,22669,--7460,--10301,KRX
20150618,-624000,5,-6000,-0.95,73362,14866,16684,+1818,+4237,23622,26463,+2841,+6654,KRX
20150617,+630000,2,+3000,+0.48,111569,27975,25556,--2419,+27576,44272,40459,--3813,+44338,KRX
20150616,627000,3,0,0.00,157110,48695,18700,--29995,--49742,78094,29943,--48151,--79915,KRX
20150615,+627000,2,+26000,+4.33,330737,34152,53899,+19747,+23157,54784,86548,+31764,+37298,KRX
20150612,+601000,2,+35000,+6.18,247231,38738,35328,--3410,+38057,64866,59332,--5534,+66807,KRX
20150611,-566000,5,-2000,-0.35,230670,86293,44826,--41467,--20344,151028,78687,--72341,--35999,KRX
20150610,-568000,5,-22000,-3.73,89547,28519,7396,--21123,--1005,49125,12783,--36342,--2262,KRX
20150609,+590000,2,+3000,+0.51,126185,28874,8756,--20118,--22875,48896,14816,--34080,--38812,KRX
20150608,+587000,2,+22000,+3.89,116540,15615,18372,+2757,+22066,26709,31441,+4732,+38656,KRX
20150605,-565000,5,-15000,-2.59,168778,36982,17673,--19309,--7742,64911,30987,--33924,--14228,KRX
20150604,-580000,5,-21000,-3.49,175738,31406,19839,--11567,--3722,53669,33973,--19696,--6848,KRX
20150603,-601000,5,-10000,-1.64,65980,17340,9495,--7845,--1155,28434,15586,--12848,--1943,KRX
20150602,-611000,5,-6000,-0.97,71107,25614,18924,--6690,+6101,41750,30845,--10905,+9965,KRX
20150601,+617000,2,+8000,+1.31,80518,28245,15454,--12791,--14325,45964,25094,--20870,--23294,KRX
20150529,+609000,2,+4000,+0.66,156606,40695,42229,+1534,+9193,66550,68974,+2424,+14920,KRX
20150528,-605000,5,-3000,-0.49,75639,17921,10262,--7659,+11373,29308,16812,--12496,+18845,KRX
20150527,-608000,5,-13000,-2.09,119610,30381,11349,--19032,--14237,49998,18657,--31341,--23528,KRX
20150526,-621000,5,-6000,-0.96,72668,18798,14003,--4795,--17696,30146,22333,--7813,--28619,KRX
20150522,+627000,2,+20000,+3.29,80822,12981,25882,+12901,+14716,20915,41721,+20806,+23845,KRX
20150521,-607000,5,-9000,-1.46,161664,19825,18010,--1815,+3505,32781,29742,--3039,+5536,KRX
20150520,-616000,5,-10000,-1.60,67023,19965,14645,--5320,--2536,32043,23468,--8575,--4129,KRX
20150519,+626000,2,+8000,+1.29,103452,30704,27920,--2784,+14020,49222,44776,--4446,+22776,KRX
20150518,+618000,2,+8000,+1.31,103829,33819,17015,--16804,--16878,54755,27533,--27222,--27353,KRX
20150515,+610000,2,+3000,+0.49,62315,12937,13011,+74,--672,21258,21389,+131,--1089,KRX
20150514,+607000,2,+3000,+0.50,61571,7881,8627,+746,+8680,13004,14224,+1220,+14396,KRX
20150513,-604000,5,-1000,-0.17,80931,16498,8564,--7934,--4992,27385,14209,--13176,--8345,KRX
20150512,-605000,5,-1000,-0.17,89531,26989,24047,--2942,+200,44561,39730,--4831,+353,KRX
20150511,-606000,5,-3000,-0.49,84927,14851,11709,--3142,+6000,24495,19311,--5184,+9771,KRX
20150508,-609000,5,-2000,-0.33,88637,20372,11230,--9142,+2321,33243,18288,--14955,+3782,KRX
20150507,-611000,5,-2000,-0.33,137775,26013,14550,--11463,--4139,42567,23830,--18737,--6763,KRX
20150506,+613000,2,+10000,+1.66,296941,30178,22854,--7324,+21861,49362,37388,--11974,+35380,KRX
20150504,-603000,5,-47000,-7.23,391501,71074,41889,--29185,+27620,115033,67679,--47354,+39832,KRX
20150430,-650000,5,-29000,-4.27,319618,83674,26869,--56805,--47917,128261,41075,--87186,--74123,KRX
20150429,-679000,5,-7000,-1.02,163567,32617,23729,--8888,--6473,47803,34740,--13063,--9536,KRX
20150428,+686000,2,+2000,+0.29,133770,21754,19339,--2415,--458,31688,28161,--3527,--640,KRX
20150427,+684000,2,+17000,+2.55,204139,32737,30780,--1957,--2069,48056,45169,--2887,--3143,KRX
20150424,-667000,5,-15000,-2.20,109127,21529,21641,+112,--305,31991,32247,+256,--266,KRX
20150423,+682000,2,+8000,+1.19,126074,20016,20433,+417,--8609,29652,30174,+522,--12823,KRX
20150422,+674000,2,+5000,+0.75,142551,18884,27910,+9026,+15000,27965,41310,+13345,+22351,KRX
20150421,+669000,2,+3000,+0.45,118397,25541,19567,--5974,--3881,38493,29487,--9006,--5861,KRX
20150420,-666000,5,-3000,-0.45,87557,20323,18230,--2093,+668,30545,27400,--3145,+970,KRX
20150417,-669000,5,-4000,-0.59,100653,21756,18995,--2761,--5442,32444,28329,--4115,--8099,KRX
20150416,+673000,2,+2000,+0.30,96797,20035,22716,+2681,+10746,29942,33926,+3984,+16050,KRX
20150415,+671000,2,+4000,+0.60,85277,20155,12090,--8065,+1826,30136,18070,--12066,+3017,KRX
20150414,+667000,2,+15000,+2.30,126276,21966,12075,--9891,--2545,33376,18293,--15083,--3748,KRX
20150413,+652000,2,+2000,+0.31,94748,21301,13955,--7346,--4191,32772,21437,--11335,--6453,KRX
20150410,-650000,5,-3000,-0.46,119993,21211,18056,--3155,--6695,32609,27727,--4882,--10236,KRX
20150409,+653000,2,+8000,+1.24,176334,12336,15876,+3540,+3364,18852,24206,+5354,+5088,KRX
20150408,+645000,2,+6000,+0.94,121290,11157,11333,+176,+2882,17345,17611,+266,+4498,KRX
20150407,+639000,2,+4000,+0.63,68519,10379,7673,--2706,--188,16230,11998,--4232,--225,KRX
20150406,-635000,5,-12000,-1.85,91250,13880,11362,--2518,--19508,21736,17729,--4007,--30533,KRX
20150403,+647000,2,+5000,+0.78,138584,9207,26197,+16990,--5371,14402,40928,+26526,--8485,KRX
20150402,-642000,5,-25000,-3.75,481098,37725,60086,+22361,+12728,59274,94285,+35011,+20607,KRX
20150401,-667000,5,-4000,-0.60,75195,10893,20526,+9633,+25596,16324,30728,+14404,+38165,KRX
20150331,-671000,5,-10000,-1.47,90718,30552,14589,--15963,--16500,45363,21602,--23761,--24487,KRX
20150330,+681000,2,+9000,+1.34,88928,18900,19437,+537,--7635,27796,28522,+726,--11454,KRX
20150327,+672000,2,+11000,+1.66,101438,15388,23560,+8172,+10083,22990,35170,+12180,+15085,KRX
20150326,-661000,5,-9000,-1.34,95061,32597,30686,--1911,--2359,48936,46031,--2905,--3558,KRX
20150325,-670000,5,-5000,-0.74,74720,14522,14970,+448,--13927,21517,22170,+653,--20558,KRX
20150324,-675000,5,-5000,-0.74,88051,12455,26830,+14375,+2259,18423,39634,+21211,+3269,KRX
20150323,+680000,2,+26000,+3.98,166177,16018,28134,+12116,+4328,23656,41598,+17942,+5963,KRX
20150320,+654000,2,+13000,+2.03,90524,18450,26238,+7788,+12362,28381,40360,+11979,+19062,KRX
20150319,-641000,5,-13000,-1.99,120392,29952,25378,--4574,--15278,46342,39259,--7083,--23337,KRX
20150318,-654000,5,-6000,-0.91,110917,18299,29003,+10704,+11096,27781,44035,+16254,+17008,KRX
20150317,+660000,2,+17000,+2.64,121724,21607,21215,--392,+11428,33068,32314,--754,+17588,KRX
20150316,-643000,5,-7000,-1.08,125723,22941,11121,--11820,--22304,35574,17232,--18342,--34539,KRX
20150313,+650000,2,+23000,+3.67,157276,11417,21901,+10484,+20973,17611,33808,+16197,+32969,KRX
20150312,-627000,5,-2000,-0.32,184540,41404,30915,--10489,+9547,65534,48762,--16772,+14914,KRX
20150311,-629000,5,-12000,-1.87,174115,45916,25880,--20036,--15700,72496,40810,--31686,--24979,KRX
20150310,-641000,5,-12000,-1.84,111598,22510,18174,--4336,--3650,34738,28031,--6707,--5672,KRX
20150309,-653000,5,-27000,-3.97,128196,13389,12703,--686,+4889,20360,19325,--1035,+7164,KRX
20150306,-680000,5,-9000,-1.31,92392,22395,16820,--5575,--925,32815,24616,--8199,--1254,KRX
20150305,+689000,2,+9000,+1.32,168193,34944,30294,--4650,--421,50804,43859,--6945,--681,KRX
20150304,+680000,2,+30000,+4.62,268490,28978,24749,--4229,--17463,43787,37523,--6264,--26549,KRX
20150303,+650000,2,+4000,+0.62,104024,20250,33484,+13234,+1944,31070,51355,+20285,+2780,KRX
20150302,-646000,5,-15000,-2.27,150448,34228,45518,+11290,+30691,52814,70319,+17505,+46884,KRX
20150227,+661000,2,+35000,+5.59,266350,57448,38047,--19401,--29050,87325,57946,--29379,--44580,KRX
20150226,-626000,5,-15000,-2.34,174743,24922,34571,+9649,--990,39504,54705,+15201,--1410,KRX
20150225,+641000,2,+4000,+0.63,146624,16177,26816,+10639,--3528,25279,41890,+16611,--5514,KRX
20150224,-637000,5,-2000,-0.31,142951,22718,36885,+14167,+26021,35508,57633,+22125,+40757,KRX
20150223,-639000,5,-32000,-4.77,291781,45737,33883,--11854,--14119,70807,52175,--18632,--22011,KRX
20150217,+671000,2,+2000,+0.30,35224,3381,5646,+2265,+2575,5044,8423,+3379,+3847,KRX
20150216,+669000,2,+1000,+0.15,55533,10141,9831,--310,+4914,15146,14678,--468,+7414,KRX
20150213,-668000,5,-12000,-1.76,99818,19987,14763,--5224,--9164,29759,21877,--7882,--13644,KRX
20150212,+680000,2,+7000,+1.04,114927,22162,26102,+3940,--10452,33116,38878,+5762,--15869,KRX
20150211,+673000,2,+25000,+3.86,192828,14740,29132,+14392,--19645,21982,43613,+21631,--30630,KRX
20150210,-648000,5,-33000,-4.85,370269,24000,58037,+34037,+60117,36889,89150,+52261,+89917,KRX
20150209,-681000,5,-34000,-4.76,214231,42766,16686,--26080,--19057,61892,24236,--37656,--27865,KRX
20150206,+715000,2,+3000,+0.42,76000,24766,17743,--7023,+3451,34572,24781,--9791,+4852,KRX
20150205,-712000,5,-13000,-1.79,77889,23650,13176,--10474,+4981,33124,18481,--14643,+6778,KRX
20150204,+725000,2,+13000,+1.83,131353,45327,29872,--15455,+13059,62763,41342,--21421,+18729,KRX
20150203,+712000,2,+1000,+0.14,121641,43389,14875,--28514,--18107,61097,20947,--40150,--25568,KRX
20150202,-711000,5,-5000,-0.70,112994,27343,16936,--10407,+9611,38336,23754,--14582,+13309,KRX
20150130,-716000,5,-20000,-2.72,300061,59840,39822,--20018,+12903,83350,55459,--27891,+16301,KRX
20150129,-736000,5,-41000,-5.28,278475,50266,17345,--32921,--30556,67584,23392,--44192,--41151,KRX
20150128,+777000,2,+13000,+1.70,123220,28938,26573,--2365,--146,37572,34531,--3041,--130,KRX
20150127,-764000,5,-7000,-0.91,84489,17501,15282,--2219,+727,22881,19970,--2911,+908,KRX
20150126,-771000,5,-9000,-1.15,69003,14521,11575,--2946,--6717,18825,15006,--3819,--8722,KRX
20150123,+780000,2,+15000,+1.96,99297,16320,20091,+3771,--10712,21185,26088,+4903,--13962,KRX
20150122,-765000,5,-15000,-1.92,83439,10422,24905,+14483,+14375,13588,32453,+18865,+18773,KRX
20150121,-780000,5,-10000,-1.27,71564,17031,17139,+108,--6439,21917,22009,+92,--8195,KRX
20150120,+790000,2,+14000,+1.80,101343,6878,13425,+6547,+16959,8703,16990,+8287,+21667,KRX
20150119,-776000,5,-1000,-0.13,91305,20512,10100,--10412,--6634,26359,12979,--13380,--8385,KRX
20150116,777000,3,0,0.00,116659,14388,10610,--3778,--4355,18707,13712,--4995,--5784,KRX
20150115,+777000,2,+38000,+5.14,187236,19245,19822,+577,+2867,25016,25805,+789,+3881,KRX
20150114,-739000,5,-1000,-0.14,63850,16238,13948,--2290,+1176,22054,18962,--3092,+1599,KRX
20150113,-740000,5,-10000,-1.33,48928,20083,16617,--3466,--5020,27053,22362,--4691,--6747,KRX
20150112,-750000,5,-2000,-0.27,36733,10583,12137,+1554,+1795,14018,16074,+2056,+2397,KRX
20150109,+752000,2,+8000,+1.08,73987,14297,14056,--241,+7776,18990,18649,--341,+10582,KRX
20150108,+744000,2,+12000,+1.64,56392,21080,13063,--8017,--2708,28627,17704,--10923,--3720,KRX
20150107,-732000,5,-11000,-1.48,51987,16628,11319,--5309,+2044,22512,15309,--7203,+2707,KRX
20150106,-743000,5,-6000,-0.80,92315,25391,18038,--7353,--12006,34140,24230,--9910,--16198,KRX
20150105,+749000,2,+18000,+2.46,112572,19080,23733,+4653,+8691,25678,31966,+6288,+11933,KRX
20150102,+731000,2,+19000,+2.67,64225,15426,11388,--4038,--5601,21300,15655,--5645,--7834,KRX
20141230,-712000,5,-11000,-1.52,85390,15425,16988,+1563,--1439,21669,23858,+2189,--1924,KRX
20141229,-723000,5,-13000,-1.77,37568,6252,9254,+3002,--1777,8634,12747,+4113,--2350,KRX
20141226,-736000,5,-5000,-0.67,40835,7858,12637,+4779,+3956,10664,17127,+6463,+5365,KRX
20141224,-741000,5,-4000,-0.54,49504,7959,8782,+823,--6049,10792,11890,+1098,--8094,KRX
20141223,745000,3,0,0.00,37646,8453,15325,+6872,+8589,11328,20520,+9192,+11529,KRX
20141222,+745000,2,+5000,+0.68,45345,13245,11528,--1717,--15026,17877,15540,--2337,--20454,KRX
20141219,+740000,2,+21000,+2.92,87071,12879,26188,+13309,+988,17457,35574,+18117,+1139,KRX
20141218,-719000,5,-10000,-1.37,63678,10073,22394,+12321,+15178,13881,30859,+16978,+20897,KRX
20141217,729000,3,0,0.00,69486,26056,23199,--2857,--3793,35661,31742,--3919,--5215,KRX
20141216,+729000,2,+7000,+0.97,68565,16351,17287,+936,+2837,22416,23712,+1296,+3954,KRX
20141215,+722000,2,+9000,+1.26,49522,13466,11565,--1901,+4940,18706,16048,--2658,+6953,KRX
20141212,+713000,2,+9000,+1.28,88672,26140,19299,--6841,--3826,36765,27154,--9611,--5328,KRX
20141211,-704000,5,-7000,-0.98,75232,22561,19546,--3015,+10068,31948,27665,--4283,+14106,KRX
20141210,-711000,5,-15000,-2.07,99553,31229,18146,--13083,--15275,43895,25506,--18389,--21379,KRX
20141209,-726000,5,-4000,-0.55,75223,12431,14623,+2192,+6687,17020,20010,+2990,+9122,KRX
20141208,-730000,5,-6000,-0.82,55735,9662,5167,--4495,--7816,13185,7053,--6132,--10659,KRX
20141205,736000,3,0,0.00,72699,8022,11343,+3321,--5784,10919,15446,+4527,--7848,KRX
20141204,+736000,2,+2000,+0.27,95206,7882,16987,+9105,+17108,10735,23110,+12375,+23310,KRX
20141203,+734000,2,+1000,+0.14,47945,18259,10256,--8003,--2857,24903,13968,--10935,--3891,KRX
20141202,-733000,5,-5000,-0.68,58226,16899,11753,--5146,+8168,23076,16032,--7044,+10920,KRX
20141201,-738000,5,-18000,-2.38,107284,26687,13373,--13314,--18883,36037,18073,--17964,--25334,KRX
20141128,+756000,2,+11000,+1.48,37003,6937,12506,+5569,+14179,9217,16587,+7370,+18886,KRX
20141127,-745000,5,-8000,-1.06,91984,21830,13220,--8610,+2245,29260,17744,--11516,+2876,KRX
20141126,753000,3,0,0.00,44541,23538,12683,--10855,--12400,31205,16813,--14392,--16415,KRX
20141125,+753000,2,+3000,+0.40,73558,35508,37053,+1545,--15449,47037,49060,+2023,--20669,KRX
20141124,-750000,5,-13000,-1.70,156481,11878,28872,+16994,+27825,15874,38566,+22692,+36807,KRX
20141121,-763000,5,-26000,-3.30,79582,19857,9026,--10831,--9851,25786,11671,--14115,--12869,KRX
20141120,+789000,2,+2000,+0.25,53442,9771,8791,--980,+5391,12392,11146,--1246,+6885,KRX
20141119,+787000,2,+6000,+0.77,104763,17346,10975,--6371,+11152,22090,13959,--8131,+14279,KRX
20141118,+781000,2,+20000,+2.63,98698,28418,10895,--17523,--9399,36457,14047,--22410,--11681,KRX
20141117,761000,3,0,0.00,68779,19246,11122,--8124,--9589,25440,14711,--10729,--12612,KRX
20141114,-761000,5,-2000,-0.26,71797,16657,18122,+1465,--2917,21830,23713,+1883,--3807,KRX
20141113,+763000,2,+14000,+1.87,97441,12407,16789,+4382,--612,16375,22065,+5690,--978,KRX
20141112,+749000,2,+7000,+0.94,128975,11895,16889,+4994,--5587,15919,22587,+6668,--7511,KRX
20141111,-742000,5,-1000,-0.13,117817,12877,23458,+10581,+12208,17235,31414,+14179,+16365,KRX
20141110,743000,3,0,0.00,87479,13239,11612,--1627,+3922,17748,15562,--2186,+5312,KRX
20141107,-743000,5,-3000,-0.40,103613,17911,12362,--5549,--9141,24153,16655,--7498,--12306,KRX
20141106,-746000,5,-19000,-2.48,91563,16219,19811,+3592,+11950,21425,26233,+4808,+15871,KRX
20141105,+765000,2,+14000,+1.86,92243,23008,14650,--8358,--23627,30332,19269,--11063,--31424,KRX
20141104,+751000,2,+2000,+0.27,124990,15520,30789,+15269,+8296,20662,41023,+20361,+11059,KRX
20141103,-749000,5,-5000,-0.66,115640,15737,22710,+6973,+5838,20906,30208,+9302,+7813,KRX
20141031,+754000,2,+4000,+0.53,140379,18759,19894,+1135,+1400,24870,26359,+1489,+1737,KRX
20141030,-750000,5,-28000,-3.60,254595,23306,23041,--265,+8564,30960,30712,--248,+10977,KRX
20141029,-778000,5,-26000,-3.23,120100,33061,24232,--8829,--10512,42218,30993,--11225,--13328,KRX
20141028,+804000,2,+27000,+3.47,63796,10497,12180,+1683,+2613,13230,15333,+2103,+3306,KRX
20141027,-777000,5,-3000,-0.38,46736,13539,12609,--930,+8576,17425,16222,--1203,+11033,KRX
20141024,-780000,5,-14000,-1.76,50995,19198,9692,--9506,--14284,24700,12464,--12236,--18252,KRX
20141023,-794000,5,-4000,-0.50,57991,9412,14190,+4778,--7294,11836,17852,+6016,--9029,KRX
20141022,+798000,2,+2000,+0.25,94322,11059,23131,+12072,+14074,13773,28818,+15045,+17595,KRX
20141021,+796000,2,+12000,+1.53,72054,13041,11039,--2002,+205,16474,13924,--2550,+301,KRX
20141020,+784000,2,+18000,+2.35,48156,10773,8566,--2207,--7308,13756,10905,--2851,--9431,KRX
20141017,-766000,5,-19000,-2.42,73099,19823,24924,+5101,--10042,25658,32238,+6580,--12678,KRX
20141016,+785000,2,+3000,+0.38,115895,29736,44879,+15143,+6810,37751,57009,+19258,+8432,KRX
20141015,+782000,2,+24000,+3.17,113563,31499,39832,+8333,+262,40980,51806,+10826,+73,KRX
20141014,+758000,2,+2000,+0.26,133571,21120,29191,+8071,+3470,28145,38898,+10753,+4715,KRX
20141013,+756000,2,+16000,+2.16,143556,15288,19889,+4601,+21314,20332,26370,+6038,+28353,KRX
20141010,-740000,5,-44000,-5.61,205304,43198,26485,--16713,--15111,57674,35359,--22315,--20277,KRX
20141008,+784000,2,+14000,+1.82,99421,16651,15049,--1602,+4883,21257,19219,--2038,+6380,KRX
20141007,-770000,5,-9000,-1.16,74280,18861,12376,--6485,--2996,24479,16061,--8418,--3949,KRX
20141006,-779000,5,-13000,-1.64,102026,19523,16034,--3489,+19580,24894,20425,--4469,+24400,KRX
20141002,-792000,5,-12000,-1.49,104218,40854,17785,--23069,+12409,51176,22307,--28869,+15090,KRX
20141001,-804000,5,-3000,-0.37,144274,65904,30426,--35478,--15335,81670,37711,--43959,--19112,KRX
20140930,-807000,5,-23000,-2.77,515075,55716,35573,--20143,--15909,68804,43957,--24847,--19801,KRX
20140929,+830000,2,+9000,+1.10,156267,26142,21908,--4234,--16286,31283,26237,--5046,--19774,KRX
20140926,+821000,2,+13000,+1.61,100326,13680,25732,+12052,+20933,16798,31526,+14728,+25590,KRX
20140925,-808000,5,-25000,-3.00,131697,25203,16322,--8881,+2490,30930,20068,--10862,+2782,KRX
20140924,-833000,5,-1000,-0.12,220027,35089,23718,--11371,--27722,42202,28558,--13644,--34239,KRX
20140923,+834000,2,+44000,+5.57,347351,39786,56137,+16351,+43977,48920,69515,+20595,+55868,KRX
20140922,-790000,5,-2000,-0.25,150178,40554,12928,--27626,--39234,51687,16414,--35273,--49912,KRX
20140919,+792000,2,+2000,+0.25,144178,21524,33132,+11608,+8170,27179,41818,+14639,+10096,KRX
20140918,+790000,2,+47000,+6.33,417288,43910,47348,+3438,--23,55642,60185,+4543,--81,KRX
20140917,+743000,2,+16000,+2.20,104565,12175,15636,+3461,+12920,16372,20996,+4624,+17707,KRX
20140916,+727000,2,+17000,+2.39,118741,40163,30704,--9459,--3096,55474,42391,--13083,--4181,KRX
20140915,+710000,2,+2000,+0.28,63734,17615,11252,--6363,--10037,24672,15770,--8902,--14068,KRX
20140912,+708000,2,+9000,+1.29,179026,24643,28317,+3674,+20346,34446,39612,+5166,+28931,KRX
20140911,-699000,5,-26000,-3.59,266115,58077,41405,--16672,--15256,82344,58579,--23765,--21792,KRX
20140905,-725000,5,-25000,-3.33,155529,19594,18178,--1416,+3351,26836,24863,--1973,+4400,KRX
20140904,750000,3,0,0.00,86155,17919,13152,--4767,+2049,23899,17526,--6373,+2685,KRX
20140903,-750000,5,-13000,-1.70,86429,21385,14569,--6816,--3763,28349,19291,--9058,--5051,KRX
20140902,-763000,5,-2000,-0.26,51547,14535,11482,--3053,--3769,19037,15030,--4007,--4925,KRX
20140901,-765000,5,-3000,-0.39,26696,9217,9933,+716,+5290,12006,12924,+918,+6871,KRX
20140829,+768000,2,+3000,+0.39,69184,30129,25555,--4574,+5866,39077,33124,--5953,+7580,KRX
20140828,-765000,5,-15000,-1.92,64869,22777,12337,--10440,--11429,29504,15971,--13533,--14761,KRX
20140827,+780000,2,+1000,+0.13,70426,17876,18865,+989,+310,22734,23962,+1228,+358,KRX
20140826,+779000,2,+2000,+0.26,52850,15670,16349,+679,+5927,20068,20938,+870,+7623,KRX
20140825,+777000,2,+3000,+0.39,46589,10852,5604,--5248,--11617,13952,7199,--6753,--14999,KRX
20140822,+774000,2,+15000,+1.98,48959,8464,14833,+6369,+12704,10989,19235,+8246,+16470,KRX
20140821,-759000,5,-30000,-3.80,129827,20305,13970,--6335,--9420,26554,18330,--8224,--12184,KRX
20140820,-789000,5,-11000,-1.38,77670,13599,16684,+3085,--600,17113,21073,+3960,--656,KRX
20140819,+800000,2,+6000,+0.76,95305,18244,21929,+3685,+9239,22753,27369,+4616,+11601,KRX
20140818,794000,3,0,0.00,75004,12579,7025,--5554,+11162,15824,8839,--6985,+14035,KRX
20140814,-794000,5,-6000,-0.75,91178,22256,5540,--16716,--25254,27991,6971,--21020,--31661,KRX
20140813,+800000,2,+29000,+3.76,205384,21710,30248,+8538,+6179,27359,38000,+10641,+7641,KRX
20140812,+771000,2,+11000,+1.45,115761,16950,19309,+2359,--1764,21901,24901,+3000,--2409,KRX
20140811,-760000,5,-9000,-1.17,75513,17092,21215,+4123,--3193,22295,27704,+5409,--4194,KRX
20140808,+769000,2,+24000,+3.22,142744,22992,30308,+7316,+9558,30192,39795,+9603,+12626,KRX
20140807,-745000,5,-12000,-1.59,85897,15799,13557,--2242,--13859,21211,18188,--3023,--18464,KRX
20140806,-757000,5,-5000,-0.66,97729,13273,24890,+11617,+28450,17641,33082,+15441,+37008,KRX
20140805,-762000,5,-21000,-2.68,148673,28450,11617,--16833,--48645,36696,15129,--21567,--62390,KRX
20140804,+783000,2,+19000,+2.49,118708,19004,50816,+31812,+20613,24379,65202,+40823,+26058,KRX
20140801,+764000,2,+15000,+2.00,146637,23580,34779,+11199,+2329,30919,45684,+14765,+3110,KRX
20140731,-749000,5,-20000,-2.60,311071,46414,55284,+8870,--26136,62119,73774,+11655,--34294,KRX
20140730,+769000,2,+35000,+4.77,261185,34313,69319,+35006,+21523,44984,90933,+45949,+27643,KRX
20140729,-734000,5,-30000,-3.93,202253,21414,34897,+13483,+10311,28974,47280,+18306,+14161,KRX
20140728,+764000,2,+7000,+0.92,97017,12682,15854,+3172,--3837,16620,20765,+4145,--5089,KRX
20140725,+757000,2,+3000,+0.40,140486,13116,20125,+7009,--6299,17327,26561,+9234,--8378,KRX
20140724,-754000,5,-5000,-0.66,162223,10560,23868,+13308,+17680,13990,31602,+17612,+23162,KRX
20140723,-759000,5,-24000,-3.07,189601,23179,18807,--4372,--12717,30247,24697,--5550,--16326,KRX
20140722,+783000,2,+17000,+2.22,82320,9811,18156,+8345,+18589,12660,23436,+10776,+24040,KRX
20140721,-766000,5,-17000,-2.17,145569,25387,15143,--10244,--11755,32881,19617,--13264,--15110,KRX
20140718,+783000,2,+1000,+0.13,146542,20427,21938,+1511,+1633,26331,28177,+1846,+1925,KRX
20140717,-782000,5,-17000,-2.13,181944,23074,22952,--122,+623,29306,29227,--79,+834,KRX
20140716,-799000,5,-28000,-3.39,199405,26948,26203,--745,+2854,33472,32559,--913,+3498,KRX
20140715,+827000,2,+19000,+2.35,77728,19472,15873,--3599,--9305,23750,19339,--4411,--11472,KRX
20140714,+808000,2,+15000,+1.89,52160,8631,14337,+5706,--1707,10738,17799,+7061,--2316,KRX
20140711,-793000,5,-14000,-1.73,81023,6465,13878,+7413,--2443,8139,17516,+9377,--2775,KRX
20140710,+807000,2,+2000,+0.25,56395,6651,16507,+9856,+15633,8209,20361,+12152,+19279,KRX
20140709,-805000,5,-26000,-3.13,100753,20969,15192,--5777,--9745,25901,18774,--7127,--11907,KRX
20140708,831000,3,0,0.00,55028,12971,16939,+3968,+3055,15748,20528,+4780,+3694,KRX
20140707,+831000,2,+12000,+1.47,39327,11125,12038,+913,--21450,13506,14592,+1086,--26202,KRX
20140704,-819000,5,-11000,-1.33,115476,7307,29670,+22363,+12416,8898,36186,+27288,+15356,KRX
20140703,-830000,5,-17000,-2.01,96000,14157,24104,+9947,--4682,17027,28959,+11932,--5235,KRX
20140702,+847000,2,+3000,+0.36,86204,9845,24474,+14629,+16166,11583,28750,+17167,+19050,KRX
20140701,+844000,2,+9000,+1.08,60261,10351,8814,--1537,--9255,12352,10469,--1883,--11116,KRX
20140630,+835000,2,+3000,+0.36,74129,17214,24932,+7718,+12896,20658,29891,+9233,+15411,KRX
20140627,-832000,5,-17000,-2.00,74199,16140,10962,--5178,--27275,19299,13121,--6178,--32290,KRX
20140626,+849000,2,+27000,+3.28,122850,8405,30502,+22097,+21516,10000,36112,+26112,+25424,KRX
20140625,-822000,5,-3000,-0.36,60800,10923,11504,+581,+3131,13258,13946,+688,+3809,KRX
20140624,-825000,5,-1000,-0.12,112720,33282,30732,--2550,--37423,40328,37207,--3121,--46052,KRX
20140623,+826000,2,+39000,+4.96,211054,19193,54066,+34873,+40334,23435,66366,+42931,+49919,KRX
20140620,+787000,2,+10000,+1.29,99910,24951,19490,--5461,--14522,31821,24833,--6988,--18641,KRX
20140619,+777000,2,+2000,+0.26,74778,9717,18778,+9061,+9021,12516,24169,+11653,+11654,KRX
20140618,-775000,5,-5000,-0.64,74605,14394,14434,+40,+1814,18654,18653,--1,+2250,KRX
20140617,-780000,5,-14000,-1.76,74952,14361,12587,--1774,+3529,18364,16113,--2251,+4520,KRX
20140616,+794000,2,+9000,+1.15,54346,14362,9059,--5303,--622,18258,11487,--6771,--811,KRX
20140613,-785000,5,-10000,-1.26,57578,19612,14931,--4681,+8875,24941,18981,--5960,+11051,KRX
20140612,+795000,2,+9000,+1.15,118596,27330,13774,--13556,--39056,34318,17307,--17011,--49141,KRX
20140611,+786000,2,+3000,+0.38,149648,18237,43737,+25500,+13203,23030,55160,+32130,+16485,KRX
20140610,+783000,2,+15000,+1.95,145162,16066,28363,+12297,--23215,20639,36284,+15645,--30805,KRX
20140609,+768000,2,+25000,+3.36,134714,10133,45645,+35512,+37758,13280,59730,+46450,+49358,KRX
20140605,-743000,5,-12000,-1.59,106172,20025,17779,--2246,--17195,26651,23743,--2908,--22796,KRX
20140603,-755000,5,-7000,-0.92,112910,20032,34981,+14949,+11590,26674,46562,+19888,+15477,KRX
20140602,+762000,2,+4000,+0.53,50439,8377,11736,+3359,+18980,11005,15416,+4411,+24893,KRX
20140530,-758000,5,-14000,-1.81,113376,53553,37932,--15621,--7499,70345,49863,--20482,--10024,KRX
20140529,-772000,5,-6000,-0.77,106209,19402,11280,--8122,--11820,24969,14511,--10458,--15200,KRX
20140528,+778000,2,+23000,+3.05,121774,16222,19920,+3698,--15570,21109,25851,+4742,--20827,KRX
20140527,+755000,2,+10000,+1.34,134968,13416,32684,+19268,+2113,17794,43363,+25569,+2627,KRX
20140526,-745000,5,-31000,-3.99,209440,11819,28974,+17155,+10476,15732,38674,+22942,+14342,KRX
20140523,-776000,5,-2000,-0.26,53916,11989,18668,+6679,+7346,15447,24047,+8600,+9503,KRX
20140522,+778000,2,+5000,+0.65,131424,16812,16145,--667,+4993,21627,20724,--903,+6399,KRX
20140521,+773000,2,+17000,+2.25,171725,22814,17154,--5660,--25161,29524,22222,--7302,--33278,KRX
20140520,+756000,2,+21000,+2.86,114076,13341,32842,+19501,+27077,17739,43715,+25976,+36242,KRX
20140519,-735000,5,-17000,-2.26,142060,41837,34261,--7576,--17399,59558,49292,--10266,--23268,KRX
20140516,-752000,5,-10000,-1.31,158975,22932,32755,+9823,+9388,30583,43585,+13002,+12439,KRX
20140515,+762000,2,+4000,+0.53,211820,21528,21963,+435,--12740,28106,28669,+563,--16904,KRX
20140514,+758000,2,+9000,+1.20,158199,20190,33365,+13175,+4586,26805,44272,+17467,+5928,KRX
20140513,+749000,2,+30000,+4.17,205812,15106,23695,+8589,+8530,20342,31881,+11539,+11489,KRX
20140512,+719000,2,+28000,+4.05,195021,16266,16325,+59,+20143,22839,22889,+50,+29342,KRX
20140509,-691000,5,-14000,-1.99,410148,60741,40657,--20084,+31701,88046,58754,--29292,+42871,KRX
20140508,-705000,5,-26000,-3.56,292020,63940,12155,--51785,--30977,89098,16935,--72163,--43523,KRX
20140507,-731000,5,-8000,-1.08,154821,35285,14477,--20808,--13789,48569,19929,--28640,--19178,KRX
20140502,+739000,2,+1000,+0.14,114257,17953,10934,--7019,+4696,24128,14666,--9462,+6489,KRX
20140430,+738000,2,+8000,+1.10,121174,24405,12690,--11715,--5355,33165,17214,--15951,--7219,KRX
20140429,-730000,5,-4000,-0.54,99445,21625,15265,--6360,+8439,29534,20802,--8732,+11466,KRX
20140428,-734000,5,-14000,-1.87,134655,28797,13998,--14799,+10853,39235,19037,--20198,+13997,KRX
20140425,-748000,5,-29000,-3.73,157838,35588,9936,--25652,--10399,47355,13160,--34195,--14701,KRX
20140424,-777000,5,-3000,-0.38,118003,27885,12632,--15253,+5122,35633,16139,--19494,+6408,KRX
20140423,-780000,5,-13000,-1.64,92763,27010,6635,--20375,--33551,34312,8410,--25902,--42632,KRX
20140422,+793000,2,+36000,+4.76,196086,12276,25452,+13176,+13608,15734,32464,+16730,+17301,KRX
20140421,+757000,2,+7000,+0.93,48567,5615,5183,--432,--18421,7440,6869,--571,--24566,KRX
20140418,+750000,2,+13000,+1.76,120779,3378,21367,+17989,+24210,4507,28502,+23995,+32469,KRX
20140417,-737000,5,-13000,-1.73,144491,19200,12979,--6221,+97,26007,17533,--8474,+24,KRX
20140416,+750000,2,+16000,+2.18,124110,25508,19190,--6318,+13022,34186,25688,--8498,+17609,KRX
20140415,-734000,5,-9000,-1.21,114950,26848,7508,--19340,--11423,36278,10171,--26107,--15481,KRX
20140414,+743000,2,+2000,+0.27,99708,21941,14024,--7917,+10648,29417,18791,--10626,+14517,KRX
20140411,-741000,5,-24000,-3.14,172831,40855,22290,--18565,--24363,55289,30146,--25143,--32695,KRX
20140410,+765000,2,+17000,+2.27,193150,20807,26605,+5798,--13891,27120,34672,+7552,--18529,KRX
20140409,+748000,2,+6000,+0.81,158217,21591,41280,+19689,+50417,28605,54686,+26081,+68163,KRX
20140408,+742000,2,+3000,+0.41,275706,51462,20734,--30728,+4134,70273,28191,--42082,+4527,KRX
20140407,-739000,5,-51000,-6.46,443232,57430,22568,--34862,--25152,76968,30359,--46609,--34319,KRX
20140404,-790000,5,-13000,-1.62,161559,42809,33099,--9710,--8350,54216,41926,--12290,--10618,KRX
20140403,-803000,5,-2000,-0.25,123499,25833,24473,--1360,+11467,32037,30365,--1672,+14413,KRX
20140402,+805000,2,+25000,+3.21,209329,47297,34470,--12827,--10414,58959,42874,--16085,--12800,KRX
20140401,+780000,2,+6000,+0.78,158804,29204,26791,--2413,--10862,37707,34422,--3285,--14158,KRX
20140331,-774000,5,-6000,-0.77,158323,20088,28537,+8449,+46621,25912,36785,+10873,+60075,KRX
20140328,+780000,2,+7000,+0.91,193305,60582,22410,--38172,+2795,78066,28864,--49202,+4208,KRX
20140327,-773000,5,-24000,-3.01,309056,69413,28446,--40967,--48159,90398,36988,--53410,--62556,KRX
20140326,+797000,2,+5000,+0.63,163658,17984,25176,+7192,+45480,22766,31912,+9146,+56998,KRX
20140325,-792000,5,-42000,-5.04,255123,62770,24482,--38288,--36766,78537,30685,--47852,--46012,KRX
20140324,+834000,2,+30000,+3.73,95084,17120,15598,--1522,+19689,20833,18993,--1840,+24539,KRX
20140321,-804000,5,-11000,-1.35,123767,33722,12511,--21211,+1267,41933,15554,--26379,+722,KRX
20140320,-815000,5,-18000,-2.16,114445,37446,14968,--22478,--10816,45155,18054,--27101,--13104,KRX
20140319,+833000,2,+14000,+1.71,130911,31022,19360,--11662,+2532,37169,23172,--13997,+3486,KRX
20140318,+819000,2,+18000,+2.25,132649,41522,27328,--14194,+6144,51144,33661,--17483,+7961,KRX
20140317,-801000,5,-9000,-1.11,131136,40078,19740,--20338,--526,49978,24534,--25444,--1162,KRX
20140314,-810000,5,-27000,-3.23,183126,33968,14156,--19812,--15125,41637,17355,--24282,--18663,KRX
20140313,+837000,2,+25000,+3.08,157489,33470,28783,--4687,+4019,40547,34928,--5619,+5051,KRX
20140312,-812000,5,-38000,-4.47,187692,34807,26101,--8706,--3969,42365,31695,--10670,--5065,KRX
20140311,-850000,5,-3000,-0.35,110850,21215,16478,--4737,+2773,24924,19319,--5605,+3253,KRX
20140310,+853000,2,+27000,+3.27,132318,19893,12383,--7510,--15783,23435,14577,--8858,--18768,KRX
20140307,-826000,5,-10000,-1.20,122436,10841,19114,+8273,--1499,13002,22912,+9910,--1646,KRX
20140306,-836000,5,-16000,-1.88,205735,22511,32283,+9772,--4681,26594,38150,+11556,--5466,KRX
20140305,+852000,2,+30000,+3.65,149905,26172,40625,+14453,+7381,30906,47928,+17022,+8427,KRX
20140304,+822000,2,+9000,+1.11,94149,12381,19453,+7072,+13158,15089,23684,+8595,+16162,KRX
20140303,-813000,5,-4000,-0.49,266398,29568,23482,--6086,--4087,36338,28771,--7567,--5163,KRX
20140228,+817000,2,+25000,+3.16,286484,67108,65109,--1999,--27343,82453,80049,--2404,--34795,KRX
20140227,+792000,2,+32000,+4.21,279006,31120,56464,+25344,+6261,39783,72174,+32391,+7044,KRX
20140226,+760000,2,+25000,+3.40,353521,70779,89862,+19083,--28520,94105,119452,+25347,--39862,KRX
20140225,+735000,2,+51000,+7.46,481506,37162,84765,+47603,+26593,51827,117036,+65209,+34775,KRX
20140224,-684000,5,-21000,-2.98,261609,29514,50524,+21010,--42253,42748,73182,+30434,--59153,KRX
20140221,+705000,2,+16000,+2.32,482903,29125,92388,+63263,+133782,41368,130955,+89587,+189355,KRX
20140220,-689000,5,-61000,-8.13,689602,112945,42426,--70519,--63352,159774,60006,--99768,--90166,KRX
20140219,-750000,5,-2000,-0.27,74998,18222,11055,--7167,--7227,24331,14729,--9602,--9659,KRX
20140218,+752000,2,+3000,+0.40,52034,5922,5982,+60,--1725,7918,7975,+57,--2338,KRX
20140217,-749000,5,-1000,-0.13,97916,15278,17063,+1785,+8689,20200,22595,+2395,+11616,KRX
20140214,+750000,2,+2000,+0.27,104309,19225,12321,--6904,--9168,25640,16419,--9221,--12316,KRX
20140213,+748000,2,+7000,+0.94,97347,12512,14776,+2264,--2654,16902,19997,+3095,--3532,KRX
20140212,+741000,2,+4000,+0.54,68665,15014,19932,+4918,--243,20331,26958,+6627,--265,KRX
20140211,+737000,2,+3000,+0.41,98646,14425,19586,+5161,+468,19528,26420,+6892,+534,KRX
20140210,-734000,5,-17000,-2.26,132548,15104,19797,+4693,--24528,20423,26781,+6358,--32782,KRX
20140207,+751000,2,+12000,+1.62,186951,18976,48197,+29221,--24472,25429,64569,+39140,--33532,KRX
20140206,+739000,2,+50000,+7.26,428072,42329,96022,+53693,+61275,57104,129776,+72672,+83947,KRX
20140205,+689000,2,+23000,+3.45,152309,27012,19430,--7582,+3396,39602,28327,--11275,+5164,KRX
20140204,-666000,5,-10000,-1.48,135734,31643,20665,--10978,--13415,47467,31028,--16439,--20049,KRX
20140203,+676000,2,+1000,+0.15,167725,24046,26483,+2437,+2541,35281,38891,+3610,+3741,KRX
20140129,-675000,5,-2000,-0.30,137304,22578,22474,--104,--8102,33314,33183,--131,--12149,KRX
20140128,+677000,2,+18000,+2.73,111497,17744,25742,+7998,+10104,26430,38448,+12018,+15424,KRX
20140127,-659000,5,-20000,-2.95,284528,46380,44274,--2106,--5642,70392,66986,--3406,--8340,KRX
20140124,-679000,5,-21000,-3.00,337903,28038,31574,+3536,+4424,41071,46005,+4934,+6201,KRX
20140123,-700000,5,-4000,-0.57,62770,14705,13817,--888,--19507,20950,19683,--1267,--27846,KRX
20140122,+704000,2,+4000,+0.57,118586,9929,28548,+18619,+25161,14185,40764,+26579,+35893,KRX
20140121,-700000,5,-17000,-2.37,111129,17248,10706,--6542,--13948,24519,15205,--9314,--19593,KRX
20140120,+717000,2,+2000,+0.28,73545,7060,14466,+7406,+1352,9814,20093,+10279,+1818,KRX
20140117,-715000,5,-5000,-0.69,93805,21404,27458,+6054,+4601,29944,38405,+8461,+6355,KRX
20140116,+720000,2,+27000,+3.90,161840,22933,24386,+1453,--2497,32021,34127,+2106,--3619,KRX
20140115,+693000,2,+26000,+3.90,157559,15265,19215,+3950,--1132,22214,27939,+5725,--1861,KRX
20140114,-667000,5,-3000,-0.45,196391,13724,18806,+5082,+24320,20418,28004,+7586,+36102,KRX
20140113,-670000,5,-20000,-2.90,189724,32620,13382,--19238,--32115,48238,19722,--28516,--47460,KRX
20140110,+690000,2,+19000,+2.83,198161,22165,35042,+12877,+27648,32585,51529,+18944,+40671,KRX
20140109,-671000,5,-29000,-4.14,213980,32087,17316,--14771,--22284,47157,25430,--21727,--32217,KRX
20140108,700000,3,0,0.00,228388,19343,26856,+7513,+3192,27547,38037,+10490,+4347,KRX
20140107,+700000,2,+1000,+0.14,144233,14966,19287,+4321,--4914,21323,27466,+6143,--7007,KRX
20140106,699000,3,0,0.00,185826,17161,26396,+9235,+21104,24530,37680,+13150,+30116,KRX
20140103,-699000,5,-26000,-3.59,220469,33205,21336,--11869,--27591,47244,30278,--16966,--38439,KRX
20140102,+725000,2,+1000,+0.14,110009,11174,26896,+15722,--648,15341,36814,+21473,--1204,KRX
20131230,-724000,5,-10000,-1.36,117875,12109,28479,+16370,--1891,16799,39476,+22677,--2198,KRX
20131227,+734000,2,+20000,+2.80,105659,10717,28978,+18261,--9688,14608,39483,+24875,--13956,KRX
20131226,-714000,5,-20000,-2.72,168497,7528,35477,+27949,+9852,10464,49295,+38831,+14331,KRX
20131224,-734000,5,-6000,-0.81,136578,9659,27756,+18097,+20327,13086,37586,+24500,+27521,KRX
20131223,+740000,2,+4000,+0.54,127860,19446,17216,--2230,+5449,26304,23283,--3021,+7580,KRX
20131220,+736000,2,+6000,+0.82,139824,23153,15474,--7679,--34040,31768,21167,--10601,--46917,KRX
20131219,+730000,2,+20000,+2.82,167957,4746,31107,+26361,+24417,6556,42872,+36316,+33503,KRX
20131218,-710000,5,-22000,-3.01,236337,34193,36137,+1944,--32085,47841,50654,+2813,--43787,KRX
20131217,+732000,2,+24000,+3.39,173970,19590,53619,+34029,+24445,26860,73460,+46600,+33099,KRX
20131216,+708000,2,+5000,+0.71,129241,24545,34129,+9584,+8874,34702,48203,+13501,+12605,KRX
20131213,-703000,5,-11000,-1.54,199074,33990,34700,+710,+6713,47797,48693,+896,+9342,KRX
20131212,-714000,5,-3000,-0.42,106611,37018,31015,--6003,+1631,51971,43525,--8446,+2268,KRX
20131211,+717000,2,+8000,+1.13,97273,31055,23421,--7634,--25400,43507,32793,--10714,--35489,KRX
20131210,709000,3,0,0.00,165716,17182,34948,+17766,+3261,24014,48789,+24775,+4346,KRX
20131209,-709000,5,-1000,-0.14,155213,28969,43474,+14505,+14699,40763,61192,+20429,+20621,KRX
20131206,+710000,2,+34000,+5.03,185636,24778,24584,--194,+3762,35101,34909,--192,+5686,KRX
20131205,+676000,2,+3000,+0.45,168092,32489,28533,--3956,--1310,47834,41956,--5878,--1911,KRX
20131204,-673000,5,-13000,-1.90,132496,18737,16091,--2646,--7031,27626,23659,--3967,--10273,KRX
20131203,-686000,5,-1000,-0.15,155123,17759,22144,+4385,+5270,25624,31930,+6306,+7603,KRX
20131202,-687000,5,-5000,-0.72,91407,11158,10273,--885,+4733,16201,14904,--1297,+6856,KRX
20131129,-692000,5,-4000,-0.57,118937,20377,14759,--5618,--7864,29506,21353,--8153,--11516,KRX
20131128,+696000,2,+33000,+4.98,314991,25690,27936,+2246,+19431,36829,40192,+3363,+30232,KRX
20131127,+663000,2,+28000,+4.41,173092,40473,23288,--17185,--12715,62875,36006,--26869,--19751,KRX
20131126,-635000,5,-1000,-0.16,177117,41464,36994,--4470,--23225,64963,57845,--7118,--36425,KRX
20131125,636000,3,0,0.00,127479,10709,29464,+18755,+3093,16750,46057,+29307,+4583,KRX
20131122,+636000,2,+11000,+1.76,115473,18773,34435,+15662,+13156,29782,54506,+24724,+20827,KRX
20131121,-625000,5,-5000,-0.79,118269,25077,27583,+2506,--49056,40070,43967,+3897,--77262,KRX
20131120,+630000,2,+12000,+1.94,220581,29869,81431,+51562,+10498,47224,128383,+81159,+14129,KRX
20131119,-618000,5,-7000,-1.12,186171,18736,59800,+41064,+29550,30560,97590,+67030,+48616,KRX
20131118,-625000,5,-2000,-0.32,88570,9351,20865,+11514,--3510,14956,33370,+18414,--5701,KRX
20131115,+627000,2,+7000,+1.13,141299,18122,33146,+15024,+18980,29170,53285,+24115,+30483,KRX
20131114,+620000,2,+20000,+3.33,178801,23504,19548,--3956,+25475,37925,31557,--6368,+42814,KRX
20131113,-600000,5,-14000,-2.28,147703,45335,15904,--29431,--40564,75484,26302,--49182,--67441,KRX
20131112,+614000,2,+34000,+5.86,198410,31556,42689,+11133,+6132,52669,70928,+18259,+9586,KRX
20131111,+580000,2,+20000,+3.57,186469,26600,31601,+5001,+9941,46044,54717,+8673,+17268,KRX
20131108,-560000,5,-23000,-3.95,260888,25125,20185,--4940,--9235,43653,35058,--8595,--15698,KRX
20131107,+583000,2,+3000,+0.52,305956,33781,38076,+4295,+13027,58224,65327,+7103,+21945,KRX
20131106,-580000,5,-17000,-2.85,185984,23344,14612,--8732,+1509,39691,24849,--14842,+2314,KRX
20131105,+597000,2,+11000,+1.88,163233,21643,11402,--10241,+1085,36239,19083,--17156,+1910,KRX
20131104,-586000,5,-19000,-3.14,152787,25626,14300,--11326,--10386,43256,24190,--19066,--17486,KRX
20131101,+605000,2,+8000,+1.34,172568,23320,22380,--940,+24635,38737,37157,--1580,+40598,KRX
20131031,-597000,5,-33000,-5.24,452214,63608,38033,--25575,--48643,105764,63586,--42178,--79231,KRX
20131030,630000,3,0,0.00,195459,10373,33441,+23068,+38898,16595,53648,+37053,+62389,KRX
20131029,-630000,5,-8000,-1.25,197043,34355,18525,--15830,--15053,54902,29566,--25336,--24169,KRX
20131028,+638000,2,+31000,+5.11,215861,11698,10921,--777,--250,18624,17457,--1167,--447,KRX
20131025,-607000,5,-11000,-1.78,278875,21144,20617,--527,--10456,34529,33809,--720,--16849,KRX
20131024,618000,3,0,0.00,232384,18766,28695,+9929,--28966,30280,46409,+16129,--45361,KRX
20131023,-618000,5,-37000,-5.65,351174,12000,50895,+38895,+36488,19085,80575,+61490,+57861,KRX
20131022,-655000,5,-10000,-1.50,222701,30684,33091,+2407,--22586,46837,50466,+3629,--33769,KRX
20131021,+665000,2,+25000,+3.91,404139,23218,48211,+24993,+17822,34678,72076,+37398,+25935,KRX
20131018,+640000,2,+30000,+4.92,405828,23486,30657,+7171,--7225,36530,47993,+11463,--12175,KRX
20131017,+610000,2,+15000,+2.52,306522,25120,39516,+14396,--10139,41464,65102,+23638,--17841,KRX
20131016,-595000,5,-37000,-5.85,479503,34164,58699,+24535,+7667,55778,97257,+41479,+14123,KRX
20131015,+632000,2,+52000,+8.97,317347,13672,30540,+16868,+6251,22062,49418,+27356,+9159,KRX
20131014,-580000,5,-2000,-0.34,191530,24816,35433,+10617,--13117,42618,60815,+18197,--22830,KRX
20131011,+582000,2,+14000,+2.46,325979,34958,58692,+23734,+24673,60315,101342,+41027,+42661,KRX
20131010,-568000,5,-4000,-0.70,431058,66797,65858,--939,--13583,117945,116311,--1634,--24263,KRX
20131008,+572000,2,+24000,+4.38,179651,18502,31146,+12644,--4612,33228,55857,+22629,--8756,KRX
20131007,+548000,2,+1000,+0.18,183850,11769,29025,+17256,+22527,21375,52760,+31385,+41130,KRX
20131004,-547000,5,-7000,-1.26,236514,37234,31963,--5271,--20552,68401,58656,--9745,--37374,KRX
20131002,-554000,5,-3000,-0.54,184024,15162,30443,+15281,+9337,27390,55019,+27629,+16962,KRX
20131001,557000,3,0,0.00,151553,17100,23044,+5944,--3210,30687,41354,+10667,--5916,KRX
20130930,+557000,2,+2000,+0.36,159608,13003,22157,+9154,--3378,23418,40001,+16583,--6020,KRX
20130927,+555000,2,+2000,+0.36,126677,14238,26770,+12532,+4589,25680,48283,+22603,+8079,KRX
20130926,-553000,5,-2000,-0.36,221180,23474,31417,+7943,--8940,42841,57365,+14524,--15923,KRX
20130925,+555000,2,+12000,+2.21,276352,26590,43473,+16883,--17581,48093,78540,+30447,--33321,KRX
20130924,+543000,2,+3000,+0.56,240406,23515,57979,+34464,--11673,43451,107219,+63768,--22458,KRX
20130923,+540000,2,+16000,+3.05,340548,24402,70539,+46137,+30184,45507,131733,+86226,+55813,KRX
20130917,-524000,5,-5000,-0.95,175903,14437,30390,+15953,--7548,27538,57951,+30413,--14180,KRX
20130916,+529000,2,+8000,+1.54,198212,8133,31634,+23501,+14592,15432,60025,+44593,+27538,KRX
20130913,-521000,5,-4000,-0.76,198641,18872,27781,+8909,--52194,36178,53233,+17055,--98963,KRX
20130912,+525000,2,+13000,+2.54,574147,18642,79745,+61103,--14298,35442,151460,+116018,--32290,KRX
20130911,-512000,5,-8000,-1.54,370812,28172,103573,+75401,+45500,55349,203657,+148308,+89950,KRX
20130910,+520000,2,+34000,+7.00,368758,24922,54823,+29901,--6337,49108,107466,+58358,--16375,KRX
20130909,+486000,2,+29500,+6.46,400716,15916,52154,+36238,+33194,33006,107739,+74733,+68166,KRX
20130906,456500,3,0,0.00,156276,15960,19004,+3044,+7666,35026,41593,+6567,+16526,KRX
20130905,+456500,2,+19500,+4.46,292076,40651,36029,--4622,--18907,89522,79563,--9959,--42495,KRX
20130904,-437000,5,-6000,-1.35,278622,11737,26022,+14285,+15558,26743,59279,+32536,+35368,KRX
20130903,-443000,5,-6500,-1.45,257085,25353,24080,--1273,--10830,56791,53959,--2832,--24047,KRX
20130902,+449500,2,+3000,+0.67,329233,39569,49126,+9557,+23837,87628,108843,+21215,+52035,KRX
20130830,-446500,5,-33500,-6.98,752698,45923,31643,--14280,--138530,100620,69800,--30820,--298890,KRX
20130829,+480000,2,+20000,+4.35,2021372,37126,161376,+124250,+124250,80527,348597,+268070,+268070,KRX
20130828,0,0,0,0.00,0,0,0,0,0,0,0,0,0,KRX
20130827,0,0,0,0.00,0,0,0,0,0,0,0,0,0,KRX
20130826,0,0,0,0.00,0,0,0,0,0,0,0,0,0,KRX
20130823,0,0,0,0.00,0,0,0,0,0,0,0,0,0,KRX
20130822,0,0,0,0.00,0,0,0,0,0,0,0,0,0,KRX
20130821,0,0,0,0.00,0,0,0,0,0,0,0,0,0,KRX
20130820,0,0,0,0.00,0,0,0,0,0,0,0,0,0,KRX
20130819,0,0,0,0.00,0,0,0,0,0,0,0,0,0,KRX
20130816,0,0,0,0.00,0,0,0,0,0,0,0,0,0,KRX
20130814,0,0,0,0.00,0,0,0,0,0,0,0,0,0,KRX
20130813,0,0,0,0.00,0,0,0,0,0,0,0,0,0,KRX
20130812,0,0,0,0.00,0,0,0,0,0,0,0,0,0,KRX
20130809,0,0,0,0.00,0,0,0,0,0,0,0,0,0,KRX
20130808,0,0,0,0.00,0,0,0,0,0,0,0,0,0,KRX
20130807,0,0,0,0.00,0,0,0,0,0,0,0,0,0,KRX
20130806,0,0,0,0.00,0,0,0,0,0,0,0,0,0,KRX
20130805,0,0,0,0.00,0,0,0,0,0,0,0,0,0,KRX
20130802,0,0,0,0.00,0,0,0,0,0,0,0,0,0,KRX
20130801,0,0,0,0.00,0,0,0,0,0,0,0,0,0,KRX
20130731,0,0,0,0.00,0,0,0,0,0,0,0,0,0,KRX
20130730,0,0,0,0.00,0,0,0,0,--6981,0,0,0,--22778,KRX
20130729,-293500,5,-7500,-2.49,1249690,59574,66555,+6981,--5555,202003,224781,+22778,--18526,KRX
20130726,+301000,2,+21000,+7.50,679772,29372,41908,+12536,+11460,99235,140539,+41304,+37586,KRX
20130725,+280000,2,+4000,+1.45,388462,18866,19942,+1076,+1303,67245,70963,+3718,+4462,KRX
20130724,-276000,5,-7500,-2.65,379031,11892,11665,--227,--16563,43057,42313,--744,--58567,KRX
20130723,+283500,2,+6000,+2.16,238953,9848,26184,+16336,+15672,34940,92763,+57823,+55564,KRX
20130722,-277500,5,-5500,-1.94,211980,7264,7928,+664,+2726,25954,28213,+2259,+9532,KRX
20130719,-283000,5,-5000,-1.74,189465,13635,11573,--2062,+8385,48001,40728,--7273,+28735,KRX
20130718,-288000,5,-5000,-1.71,167697,15414,4967,--10447,--14799,53158,17150,--36008,--50763,KRX
20130717,+293000,2,+500,+0.17,121540,10435,14787,+4352,--236,35731,50486,+14755,--947,KRX
20130716,+292500,2,+6000,+2.09,136976,6772,11360,+4588,+3187,23270,38972,+15702,+10882,KRX
20130715,-286500,5,-3500,-1.21,123843,9311,10712,+1401,--6230,32709,37529,+4820,--21749,KRX
20130712,290000,3,0,0.00,154141,7216,14847,+7631,--4069,25051,51620,+26569,--14001,KRX
20130711,+290000,2,+10000,+3.57,183732,7040,18740,+11700,+15901,24411,64981,+40570,+55103,KRX
20130710,-280000,5,-15500,-5.25,360679,15726,11525,--4201,--3390,55223,40690,--14533,--11689,KRX
20130709,+295500,2,+5000,+1.72,107661,6458,5647,--811,--3498,22113,19269,--2844,--12057,KRX
20130708,+290500,2,+2500,+0.87,118776,7705,10392,+2687,--2232,26587,35800,+9213,--7716,KRX
20130705,-288000,5,-2500,-0.86,98693,3825,8744,+4919,--2455,13245,30174,+16929,--8610,KRX
20130704,-290500,5,-1000,-0.34,160260,2805,10179,+7374,+7362,9717,35256,+25539,+25628,KRX
20130703,-291500,5,-1500,-0.51,173330,14457,14469,+12,--1974,48967,48878,--89,--6765,KRX
20130702,+293000,2,+3000,+1.03,197390,10922,12908,+1986,+6419,37064,43740,+6676,+22082,KRX
20130701,-290000,5,-500,-0.17,136750,13691,9258,--4433,--17647,47352,31946,--15406,--61431,KRX
20130628,+290500,2,+13500,+4.87,330174,20844,34058,+13214,+21996,72088,118113,+46025,+77517,KRX
20130627,+277000,2,+1000,+0.36,222275,20967,12185,--8782,--12280,75013,43521,--31492,--44132,KRX
20130626,+276000,2,+6500,+2.41,173542,18604,22102,+3498,+11533,67831,80471,+12640,+42303,KRX
20130625,-269500,5,-1500,-0.55,178686,23102,15067,--8035,+1488,85565,55902,--29663,+5197,KRX
20130624,-271000,5,-4000,-1.45,102050,17066,7543,--9523,--3045,62505,27645,--34860,--10953,KRX
20130621,+275000,2,+4500,+1.66,165330,15843,9365,--6478,--342,58469,34562,--23907,--1200,KRX
20130620,-270500,5,-9000,-3.22,262317,17382,11246,--6136,--4778,64373,41666,--22707,--18047,KRX
20130619,-279500,5,-7500,-2.61,118105,8248,6890,--1358,--2645,29067,24407,--4660,--9159,KRX
20130618,+287000,2,+6500,+2.32,230150,12029,13316,+1287,--14968,42670,47169,+4499,--53604,KRX
20130617,-280500,5,-500,-0.18,196372,7151,23406,+16255,+20586,25546,83649,+58103,+73496,KRX
20130614,+281000,2,+1500,+0.54,184466,17841,13510,--4331,+1751,63230,47837,--15393,+6427,KRX
20130613,-279500,5,-13000,-4.44,386306,24417,18335,--6082,--2708,86632,64812,--21820,--10465,KRX
20130612,-292500,5,-8500,-2.82,125140,10068,6694,--3374,+8465,33975,22620,--11355,+28620,KRX
20130611,+301000,2,+6000,+2.03,178937,22998,11159,--11839,--4026,77378,37403,--39975,--13426,KRX
20130610,+295000,2,+5000,+1.72,117014,14143,6330,--7813,--7371,48035,21486,--26549,--24944,KRX
20130607,-290000,5,-6000,-2.03,243631,15889,15447,--442,+12199,54259,52654,--1605,+41277,KRX
20130605,+296000,2,+3500,+1.20,286072,29362,16721,--12641,--10045,99416,56534,--42882,--34044,KRX
20130604,-292500,5,-5500,-1.85,225957,16965,14369,--2596,--3185,57454,48616,--8838,--10772,KRX
20130603,-298000,5,-7000,-2.30,205400,10421,11010,+589,+6329,34795,36729,+1934,+20781,KRX
20130531,-305000,5,-2000,-0.65,174745,18450,12710,--5740,--6554,60395,41548,--18847,--21513,KRX
20130530,-307000,5,-11000,-3.46,281745,10973,11787,+814,+4079,35565,38231,+2666,+13022,KRX
20130529,+318000,2,+3000,+0.95,138565,12173,8908,--3265,+8378,38415,28059,--10356,+26567,KRX
20130528,+315000,2,+3000,+0.96,225378,17456,5813,--11643,--13065,55366,18443,--36923,--41466,KRX
20130527,-312000,5,-1000,-0.32,93546,1964,3386,+1422,--3160,6289,10832,+4543,--10076,KRX
20130524,+313000,2,+4000,+1.29,154689,4561,9143,+4582,+4542,14566,29185,+14619,+14491,KRX
20130523,-309000,5,-8000,-2.52,223077,9031,9071,+40,+5033,29016,29144,+128,+15805,KRX
20130522,-317000,5,-2000,-0.63,202164,11428,6435,--4993,+2587,35906,20229,--15677,+8042,KRX
20130521,+319000,2,+6000,+1.92,216338,13794,6214,--7580,+7917,43276,19557,--23719,+25071,KRX
20130520,-313000,5,-2000,-0.63,261725,22823,7326,--15497,--25010,71890,23100,--48790,--79666,KRX
20130516,+315000,2,+22000,+7.51,445540,11648,21161,+9513,+12883,37111,67987,+30876,+42500,KRX
20130515,+293000,2,+4000,+1.38,399662,9291,5921,--3370,--3540,31839,20215,--11624,--12225,KRX
20130514,-289000,5,-3000,-1.03,246085,6774,6944,+170,+8356,23407,24008,+601,+29154,KRX
20130513,+292000,2,+1500,+0.52,302757,15832,7646,--8186,+354,55022,26469,--28553,+783,KRX
20130510,+290500,2,+2000,+0.69,256125,13589,5049,--8540,--2732,46640,17304,--29336,--9043,KRX
20130509,-288500,5,-12000,-3.99,436377,21849,16041,--5808,--5799,75334,55041,--20293,--20251,KRX
20130508,+300500,2,+4500,+1.52,161402,7892,7883,--9,+6194,26337,26295,--42,+20774,KRX
20130507,-296000,5,-1000,-0.34,132253,13421,7218,--6203,--13322,45067,24251,--20816,--44488,KRX
20130506,-297000,5,-2000,-0.67,143821,4636,11755,+7119,+5673,15435,39107,+23672,+18870,KRX
20130503,-299000,5,-1000,-0.33,193356,9934,11380,+1446,--509,33209,38011,+4802,--1650,KRX
20130502,+300000,2,+4000,+1.35,356464,13206,15161,+1955,--12160,43796,50248,+6452,--41263,KRX
20130430,+296000,2,+9000,+3.14,325483,20939,35054,+14115,+7769,71167,118882,+47715,+25655,KRX
20130429,+287000,2,+500,+0.17,131456,6526,12872,+6346,+4138,22705,44765,+22060,+14452,KRX
20130426,-286500,5,-3000,-1.04,128792,5334,7542,+2208,--751,18487,26095,+7608,--2549,KRX
20130425,+289500,2,+500,+0.17,173600,6046,9005,+2959,+122,20937,31094,+10157,+430,KRX
20130424,-289000,5,-2000,-0.69,282191,8336,11173,+2837,--10605,28653,38380,+9727,--36505,KRX
20130423,+291000,2,+2000,+0.69,303292,5840,19282,+13442,+9317,20175,66407,+46232,+31918,KRX
20130422,-289000,5,-2000,-0.69,313923,10823,14948,+4125,--1547,37515,51829,+14314,--5100,KRX
20130419,+291000,2,+1000,+0.34,217204,3925,9597,+5672,+2407,13449,32863,+19414,+8260,KRX
20130418,-290000,5,-6000,-2.03,228528,10707,13972,+3265,+7436,36598,47752,+11154,+25259,KRX
20130417,-296000,5,-8500,-2.79,215281,17016,12845,--4171,+4679,57016,42911,--14105,+15113,KRX
20130416,+304500,2,+17000,+5.91,314680,17893,9043,--8850,+6332,59430,30212,--29218,+23062,KRX
20130415,-287500,5,-4500,-1.54,143075,20527,5345,--15182,--6159,70695,18415,--52280,--21366,KRX
20130412,+292000,2,+12000,+4.29,257672,18727,9704,--9023,--12693,64270,33356,--30914,--44045,KRX
20130411,+280000,2,+8000,+2.94,146664,7692,11362,+3670,+10100,27806,40937,+13131,+36473,KRX
20130410,-272000,5,-5000,-1.81,164791,16748,10318,--6430,--1963,61019,37677,--23342,--6957,KRX
20130409,-277000,5,-500,-0.18,260933,19427,14960,--4467,--6622,71311,54926,--16385,--24042,KRX
20130408,-277500,5,-8500,-2.97,248196,18548,20703,+2155,+12930,66130,73787,+7657,+44644,KRX
20130405,-286000,5,-500,-0.17,276533,21396,10621,--10775,--7175,73770,36783,--36987,--24416,KRX
20130404,-286500,5,-1000,-0.35,185030,14089,10489,--3600,--3588,49155,36584,--12571,--12568,KRX
20130403,287500,3,0,0.00,249503,15272,15260,--12,+4942,53543,53540,--3,+17031,KRX
20130402,-287500,5,-6500,-2.21,199228,15363,10409,--4954,--8183,52733,35699,--17034,--28039,KRX
20130401,+294000,2,+17000,+6.14,315284,8946,12175,+3229,--13025,30688,41693,+11005,--47574,KRX
20130329,+277000,2,+9000,+3.36,237188,6133,22387,+16254,+19413,22088,80667,+58579,+70292,KRX
20130328,-268000,5,-2000,-0.74,118433,17081,13922,--3159,--18122,63273,51560,--11713,--67148,KRX
20130327,+270000,2,+3500,+1.31,161836,9534,24497,+14963,+6892,35530,90965,+55435,+25395,KRX
20130326,-266500,5,-4000,-1.48,154192,5785,13856,+8071,+6844,21582,51622,+30040,+25532,KRX
20130325,-270500,5,-4500,-1.64,120876,5878,7105,+1227,--6399,21672,26180,+4508,--23292,KRX
20130322,+275000,2,+4000,+1.48,150783,14694,22320,+7626,+9801,53573,81373,+27800,+35859,KRX
20130321,+271000,2,+2000,+0.74,130448,12500,10325,--2175,+7271,46087,38028,--8059,+26890,KRX
20130320,-269000,5,-4000,-1.47,153006,16831,7385,--9446,--8543,62179,27230,--34949,--31619,KRX
20130319,+273000,2,+9000,+3.41,181293,8357,7454,--903,--5284,30686,27356,--3330,--19741,KRX
20130318,+264000,2,+500,+0.19,126283,6213,10594,+4381,+11093,23432,39843,+16411,+41815,KRX
20130315,+263500,2,+500,+0.19,149647,19477,12765,--6712,--12825,73586,48182,--25404,--48595,KRX
20130314,-263000,5,-1500,-0.57,149477,8498,14611,+6113,--971,32253,55444,+23191,--3778,KRX
20130313,+264500,2,+3000,+1.15,214688,10114,17198,+7084,+4732,38674,65643,+26969,+18156,KRX
20130312,-261500,5,-2500,-0.95,314925,26692,29044,+2352,+12031,101567,110380,+8813,+45469,KRX
20130311,-264000,5,-10000,-3.65,381953,23308,13629,--9679,--15023,88069,51413,--36656,--56166,KRX
20130308,+274000,2,+6000,+2.24,148588,9309,14653,+5344,+5454,34116,53626,+19510,+19970,KRX
20130307,-268000,5,-2000,-0.74,238971,18921,18811,--110,+6033,70687,70227,--460,+22236,KRX
20130306,-270000,5,-4500,-1.64,146668,14335,8192,--6143,--10797,52867,30171,--22696,--39443,KRX
20130305,-274500,5,-500,-0.18,197976,13138,17792,+4654,--20969,47392,64139,+16747,--76703,KRX
20130304,+275000,2,+12000,+4.56,340339,13072,38695,+25623,+23921,47800,141250,+93450,+87074,KRX
20130228,-263000,5,-1000,-0.38,180142,21074,22776,+1702,+5204,79942,86318,+6376,+19695,KRX
20130227,-264000,5,-500,-0.19,88984,8296,4794,--3502,--5231,31526,18207,--13319,--19867,KRX
20130226,+264500,2,+2000,+0.76,188307,12534,14263,+1729,+2765,47492,54040,+6548,+10480,KRX
20130225,-262500,5,-1000,-0.38,130065,9513,8477,--1036,--2874,36289,32357,--3932,--10757,KRX
20130222,+263500,2,+2000,+0.76,273490,16709,18547,+1838,+3096,63174,69999,+6825,+11750,KRX
20130221,261500,3,0,0.00,195343,19422,18164,--1258,--17489,74538,69613,--4925,--67658,KRX
20130220,+261500,2,+13500,+5.44,425793,11210,27441,+16231,+7197,43275,106008,+62733,+26217,KRX
20130219,+248000,2,+2500,+1.02,139704,1770,10804,+9034,+1561,7154,43670,+36516,+6226,KRX
20130218,-245500,5,-1000,-0.41,96916,7011,14484,+7473,--5814,28448,58738,+30290,--23899,KRX
20130215,+246500,2,+3500,+1.44,116201,2538,15825,+13287,--1681,10347,64536,+54189,--6964,KRX
20130214,-243000,5,-500,-0.21,183484,9044,24012,+14968,+3737,36987,98140,+61153,+14709,KRX
20130213,+243500,2,+8500,+3.62,176236,8448,19679,+11231,+10506,35025,81469,+46444,+43257,KRX
20130212,-235000,5,-1000,-0.42,190114,9638,10363,+725,+13934,40826,44013,+3187,+58811,KRX
20130208,+236000,2,+2500,+1.07,365567,30962,17753,--13209,--21463,130427,74803,--55624,--91083,KRX
20130207,+233500,2,+7000,+3.09,661508,32455,40709,+8254,+5856,139077,174536,+35459,+24622,KRX
20130206,-226500,5,-5000,-2.16,448172,17248,19646,+2398,+10990,76524,87361,+10837,+47952,KRX
20130205,-231500,5,-11500,-4.73,398162,21759,13167,--8592,--1597,93673,56558,--37115,--8568,KRX
20130204,-243000,5,-3000,-1.22,112056,11888,4893,--6995,+844,48524,19977,--28547,+3369,KRX
20130201,+246000,2,+5000,+2.07,209171,15698,7859,--7839,--3155,63896,31980,--31916,--12441,KRX
20130131,-241000,5,-3500,-1.43,219159,15024,10340,--4684,+893,62216,42741,--19475,+3370,KRX
20130130,+244500,2,+2000,+0.82,195082,14960,9383,--5577,--6280,61288,38443,--22845,--25724,KRX
20130129,-242500,5,-6500,-2.61,239685,10579,11282,+703,+4870,43513,46392,+2879,+19596,KRX
20130128,+249000,2,+500,+0.20,136694,9623,5456,--4167,--7259,38625,21908,--16717,--29310,KRX
20130125,+248500,2,+1500,+0.61,172910,9505,12597,+3092,+14888,38707,51300,+12593,+60363,KRX
20130124,-247000,5,-500,-0.20,134192,14984,3188,--11796,--7057,60681,12911,--47770,--28585,KRX
20130123,+247500,2,+1000,+0.41,198321,16627,11888,--4739,--5450,67170,47985,--19185,--21998,KRX
20130122,+246500,2,+3500,+1.44,355938,13775,14486,+711,+6608,55897,58710,+2813,+27258,KRX
20130121,+243000,2,+6000,+2.53,362688,27705,21808,--5897,--11573,114641,90196,--24445,--48673,KRX
20130118,+237000,2,+2500,+1.07,199066,9135,14811,+5676,+8341,38900,63128,+24228,+35682,KRX
20130117,+234500,2,+2500,+1.08,131904,8337,5672,--2665,+14543,35772,24318,--11454,+62059,KRX
20130116,-232000,5,-2500,-1.07,184490,21954,4746,--17208,--16654,93868,20355,--73513,--70951,KRX
20130115,-234500,5,-2500,-1.05,240676,26390,25836,--554,+2395,113651,111089,--2562,+10153,KRX
20130114,+237000,2,+8500,+3.72,241336,9322,6373,--2949,+5830,39753,27038,--12715,+25767,KRX
20130111,-228500,5,-500,-0.22,170096,13539,4760,--8779,--7421,59324,20842,--38482,--32538,KRX
20130110,-229000,5,-4500,-1.93,235270,9689,8331,--1358,+1179,42368,36424,--5944,+4779,KRX
20130109,-233500,5,-3500,-1.48,147909,11113,8576,--2537,--1831,47246,36523,--10723,--7756,KRX
20130108,-237000,5,-3000,-1.25,198565,17694,16988,--706,--25913,74210,71243,--2967,--109225,KRX
20130107,+240000,2,+13500,+5.96,404906,8009,33216,+25207,+11533,33606,139864,+106258,+45410,KRX
20130104,+226500,2,+5500,+2.49,234701,5543,19217,+13674,+6291,24630,85478,+60848,+28483,KRX
20130103,-221000,5,-6500,-2.86,356250,21088,28471,+7383,+2822,94650,127015,+32365,+12541,KRX
20130102,+227500,2,+500,+0.22,154535,5031,9592,+4561,--1676,21987,41811,+19824,--7814,KRX
20121228,+227000,2,+2000,+0.89,177147,8567,14804,+6237,+2380,37787,65425,+27638,+10477,KRX
20121227,-225000,5,-1000,-0.44,152404,5836,9693,+3857,--6005,25925,43086,+17161,--26107,KRX
20121226,-226000,5,-4000,-1.74,163005,6875,16737,+9862,+9786,30115,73383,+43268,+42970,KRX
20121224,+230000,2,+3000,+1.32,249844,15614,15690,+76,--13498,67900,68198,+298,--60630,KRX
20121221,+227000,2,+10500,+4.85,337032,9912,23486,+13574,+10380,44531,105459,+60928,+46312,KRX
20121220,-216500,5,-14500,-6.28,650790,17511,20705,+3194,--8788,79304,93920,+14616,--37867,KRX
20121218,+231000,2,+4000,+1.76,343800,8410,20392,+11982,+8503,37239,89722,+52483,+37355,KRX
20121217,-227000,5,-9000,-3.81,369530,16256,19735,+3479,+4360,70433,85561,+15128,+18617,KRX
20121214,-236000,5,-3500,-1.46,267532,12232,11351,--881,--13122,51529,48040,--3489,--54779,KRX
20121213,+239500,2,+4500,+1.91,333973,23313,35554,+12241,+10822,97574,148864,+51290,+44902,KRX
20121212,-235000,5,-7000,-2.89,470627,14147,15566,+1419,--2503,59738,66126,+6388,--9881,KRX
20121211,242000,3,0,0.00,193842,7596,11518,+3922,+5439,31436,47705,+16269,+22818,KRX
20121210,+242000,2,+4000,+1.68,266718,12875,11358,--1517,--4644,53685,47136,--6549,--19676,KRX
20121207,+238000,2,+5000,+2.15,367171,13914,17041,+3127,--2876,58484,71611,+13127,--13171,KRX
20121206,-233000,5,-20000,-7.91,679597,15831,21834,+6003,+33982,66090,92388,+26298,+135075,KRX
20121205,-253000,5,-10500,-3.98,400439,44012,16033,--27979,--13193,171537,62760,--108777,--52521,KRX
20121204,+263500,2,+1500,+0.57,272804,25040,10254,--14786,--12641,95187,38931,--56256,--48070,KRX
20121203,+262000,2,+10000,+3.97,155662,13450,11305,--2145,--5180,51625,43439,--8186,--19934,KRX
20121130,-252000,5,-2000,-0.79,231722,18331,21366,+3035,+4455,72246,83994,+11748,+17428,KRX
20121129,-254000,5,-2000,-0.78,239210,12078,10658,--1420,--2358,47695,42015,--5680,--9204,KRX
20121128,-256000,5,-1500,-0.58,261137,14224,15162,+938,--8943,56060,59584,+3524,--34487,KRX
20121127,-257500,5,-7500,-2.83,316521,9631,19512,+9881,+8250,36807,74818,+38011,+31760,KRX
20121126,-265000,5,-500,-0.19,142227,9330,10961,+1631,+2410,35246,41497,+6251,+8910,KRX
20121123,+265500,2,+3500,+1.34,281983,11854,11075,--779,--2191,44772,42113,--2659,--8056,KRX
20121122,+262000,2,+500,+0.19,190098,7407,8819,+1412,+15759,28402,33799,+5397,+59700,KRX
20121121,-261500,5,-1000,-0.38,353202,21356,7009,--14347,--21840,81009,26706,--54303,--82755,KRX
20121120,+262500,2,+15500,+6.28,344324,13494,20987,+7493,+4692,52144,80596,+28452,+17034,KRX
20121119,+247000,2,+3000,+1.23,93226,5424,8225,+2801,+11845,22063,33481,+11418,+48749,KRX
20121116,+244000,2,+3000,+1.24,218414,15917,6873,--9044,--4127,65696,28365,--37331,--16765,KRX
20121115,+241000,2,+5000,+2.12,330862,18750,13833,--4917,+2701,78750,58184,--20566,+11329,KRX
20121114,-236000,5,-15000,-5.98,584967,25099,17481,--7618,--6684,104222,72327,--31895,--28121,KRX
20121113,-251000,5,-6000,-2.33,167257,7728,6794,--934,--3251,30548,26774,--3774,--12832,KRX
20121112,+257000,2,+2500,+0.98,172910,7523,9840,+2317,+16806,29480,38538,+9058,+65829,KRX
20121109,-254500,5,-5500,-2.12,245900,24140,9651,--14489,--10075,94643,37872,--56771,--39770,KRX
20121108,+260000,2,+6500,+2.56,392972,18459,14045,--4414,--611,71123,54122,--17001,--1979,KRX
20121107,-253500,5,-1000,-0.39,191533,17559,13756,--3803,+9731,68978,53956,--15022,+38225,KRX
20121106,-254500,5,-500,-0.20,150647,17367,3833,--13534,--19960,68312,15065,--53247,--78526,KRX
20121105,+255000,2,+6000,+2.41,199878,3321,9747,+6426,+16912,13097,38376,+25279,+66983,KRX
20121102,-249000,5,-4000,-1.58,167450,18212,7726,--10486,+2913,72477,30773,--41704,+11486,KRX
20121101,+253000,2,+500,+0.20,213923,26234,12835,--13399,--13390,104124,50934,--53190,--53132,KRX
20121031,+252500,2,+5000,+2.02,148710,8804,8795,--9,--4069,34861,34803,--58,--16426,KRX
20121030,-247500,5,-2000,-0.80,201164,4816,8876,+4060,+3645,19445,35813,+16368,+14726,KRX
20121029,+249500,2,+500,+0.20,159978,12655,13070,+415,--1913,50556,52198,+1642,--7489,KRX
20121026,-249000,5,-15000,-5.68,631632,21818,24146,+2328,+13498,87691,96822,+9131,+51594,KRX
20121025,+264000,2,+4500,+1.73,184706,16009,4839,--11170,--9266,60861,18398,--42463,--34834,KRX
20121024,+259500,2,+4500,+1.76,448247,17742,15838,--1904,+368,68580,60951,--7629,+1204,KRX
20121023,-255000,5,-5000,-1.92,268393,10370,8098,--2272,+1560,40432,31599,--8833,+6269,KRX
20121022,+260000,2,+3500,+1.36,198099,11580,7748,--3832,--22125,45229,30127,--15102,--86651,KRX
20121019,+256500,2,+500,+0.20,413314,14305,32598,+18293,+14074,55917,127466,+71549,+55410,KRX
20121018,-256000,5,-13500,-5.01,536192,16685,20904,+4219,+10219,64617,80756,+16139,+38027,KRX
20121017,-269500,5,-8000,-2.88,254260,14480,8480,--6000,+10945,53074,31186,--21888,+39593,KRX
20121016,+277500,2,+1500,+0.54,162569,24264,7319,--16945,--6609,87887,26406,--61481,--23846,KRX
20121015,+276000,2,+6500,+2.41,250004,17651,7315,--10336,--2627,64295,26660,--37635,--9352,KRX
20121012,-269500,5,-7500,-2.71,236113,15926,8217,--7709,+10676,58434,30151,--28283,+38372,KRX
20121011,+277000,2,+5500,+2.03,323198,31079,12694,--18385,--10024,112590,45935,--66655,--36223,KRX
20121010,-271500,5,-3500,-1.27,198789,13858,5497,--8361,--5701,50522,20090,--30432,--20773,KRX
20121009,-275000,5,-3000,-1.08,202132,10926,8266,--2660,+6867,39495,29836,--9659,+24437,KRX
20121008,-278000,5,-5000,-1.77,227776,20325,10798,--9527,+4951,72729,38633,--34096,+17293,KRX
20121005,+283000,2,+8000,+2.91,283727,28239,13761,--14478,--26737,100352,48963,--51389,--95626,KRX
20121004,-275000,5,-4500,-1.61,317557,7575,19834,+12259,+21633,27353,71590,+44237,+77137,KRX
20121002,-279500,5,-11000,-3.79,239167,16711,7337,--9374,--15811,58587,25687,--32900,--55304,KRX
20120928,+290500,2,+14000,+5.06,358282,14163,20600,+6437,+3393,49167,71571,+22404,+11403,KRX
20120927,+276500,2,+6000,+2.22,99967,6083,9127,+3044,+1792,21972,32973,+11001,+6418,KRX
20120926,-270500,5,-4500,-1.64,145080,8398,9650,+1252,+5274,30946,35529,+4583,+18837,KRX
20120925,-275000,5,-9500,-3.34,222329,11405,7383,--4022,+270,40858,26604,--14254,+833,KRX
20120924,+284500,2,+7500,+2.71,160770,10688,6396,--4292,--8840,37613,22526,--15087,--31413,KRX
20120921,277000,3,0,0.00,134627,11317,15865,+4548,--2085,40672,56998,+16326,--7484,KRX
20120920,+277000,2,+5000,+1.84,112413,9242,15875,+6633,+5167,33335,57145,+23810,+18606,KRX
20120919,+272000,2,+3000,+1.12,155733,13064,14530,+1466,--1821,47681,52885,+5204,--7024,KRX
20120918,+269000,2,+2000,+0.75,101117,5986,9273,+3287,+11567,22251,34479,+12228,+43052,KRX
20120917,-267000,5,-12500,-4.47,274938,22417,14137,--8280,--29559,83359,52535,--30824,--107205,KRX
20120914,+279500,2,+2500,+0.90,266233,10779,32058,+21279,+22929,38683,115064,+76381,+82420,KRX
20120913,-277000,5,-500,-0.18,219401,15850,14200,--1650,--15503,57327,51288,--6039,--56479,KRX
20120912,+277500,2,+12500,+4.72,298121,8511,22364,+13853,+17462,30983,81423,+50440,+64358,KRX
20120911,+265000,2,+5500,+2.12,88240,8996,5387,--3609,--4774,34426,20508,--13918,--18372,KRX
20120910,-259500,5,-4000,-1.52,77936,5038,6203,+1165,+6456,19307,23761,+4454,+24267,KRX
20120907,-263500,5,-4000,-1.50,156306,11380,6089,--5291,--7202,42604,22791,--19813,--26939,KRX
20120906,+267500,2,+7500,+2.88,148462,8055,9966,+1911,+13867,30409,37535,+7126,+52535,KRX
20120905,-260000,5,-5000,-1.89,125331,15057,3101,--11956,--8014,57208,11799,--45409,--30629,KRX
20120904,+265000,2,+5000,+1.92,223495,10412,6470,--3942,--3851,39426,24646,--14780,--14128,KRX
20120903,+260000,2,+500,+0.19,142893,9139,9048,--91,+7189,35707,35055,--652,+27172,KRX
20120831,-259500,5,-3500,-1.33,139919,16279,8999,--7280,--743,62348,34524,--27824,--2725,KRX
20120830,+263000,2,+4000,+1.54,196741,14771,8234,--6537,--19387,56648,31549,--25099,--74940,KRX
20120829,-259000,5,-2000,-0.77,261242,7257,20107,+12850,+13386,28141,77982,+49841,+51766,KRX
20120828,-261000,5,-4500,-1.69,167877,7803,7267,--536,--17387,29370,27445,--1925,--65504,KRX
20120827,+265500,2,+6500,+2.51,152372,3591,20442,+16851,+13616,13534,77113,+63579,+51203,KRX
20120824,-259000,5,-8000,-3.00,249199,10822,14057,+3235,--11619,41470,53846,+12376,--43469,KRX
20120823,+267000,2,+5500,+2.10,254516,3338,18192,+14854,+10822,12544,68389,+55845,+40623,KRX
20120822,-261500,5,-500,-0.19,147934,10166,14198,+4032,--2229,38709,53931,+15222,--8541,KRX
20120821,-262000,5,-500,-0.19,162801,7130,13391,+6261,+2730,27110,50873,+23763,+10258,KRX
20120820,+262500,2,+5500,+2.14,158141,8008,11539,+3531,--3477,30606,44111,+13505,--13797,KRX
20120817,257000,3,0,0.00,175462,7568,14576,+7008,+12541,29492,56794,+27302,+48852,KRX
20120816,+257000,2,+3000,+1.18,224596,16576,11043,--5533,--4053,64475,42925,--21550,--15499,KRX
20120814,+254000,2,+7500,+3.04,414775,19243,17763,--1480,--5890,76612,70561,--6051,--23716,KRX
20120813,-246500,5,-4000,-1.60,419804,16925,21335,+4410,+25487,68471,86136,+17665,+101038,KRX
20120810,-250500,5,-13000,-4.93,615430,39972,18895,--21077,--46338,158356,74983,--83373,--179909,KRX
20120809,-263500,5,-500,-0.19,432954,25365,50626,+25261,+13081,97095,193631,+96536,+50297,KRX
20120808,+264000,2,+1500,+0.57,282396,11144,23324,+12180,+806,42347,88586,+46239,+2657,KRX
20120807,-262500,5,-9500,-3.49,341172,10018,21392,+11374,--2424,38125,81707,+43582,--7162,KRX
20120806,-272000,5,-2000,-0.73,231403,3508,17306,+13798,+10824,12917,63661,+50744,+40047,KRX
20120803,+274000,2,+500,+0.18,171732,6821,9795,+2974,--5000,24586,35283,+10697,--17893,KRX
20120802,-273500,5,-3500,-1.26,119540,7167,15141,+7974,+1564,25657,54247,+28590,+5518,KRX
20120801,+277000,2,+2000,+0.73,100006,9231,15641,+6410,--2402,33457,56529,+23072,--8808,KRX
20120731,+275000,2,+5500,+2.04,293805,19546,28358,+8812,+4257,71757,103637,+31880,+15118,KRX
20120730,-269500,5,-5500,-2.00,210694,6936,11491,+4555,--12336,25696,42458,+16762,--45800,KRX
20120727,+275000,2,+15500,+5.97,212019,8020,24911,+16891,+6822,29443,92005,+62562,+24414,KRX
20120726,-259500,5,-7500,-2.81,188676,8395,18464,+10069,+48,31877,70025,+38148,+638,KRX
20120725,-267000,5,-1500,-0.56,115245,7661,17682,+10021,+14056,28753,66263,+37510,+52596,KRX
20120724,-268500,5,-2500,-0.92,183901,18944,14909,--4035,--7254,70446,55360,--15086,--27159,KRX
20120723,+271000,2,+5000,+1.88,138756,9103,12322,+3219,+3633,34373,46446,+12073,+13523,KRX
20120720,-266000,5,-3000,-1.12,167300,13543,13129,--414,--16051,50325,48875,--1450,--60580,KRX
20120719,+269000,2,+15000,+5.91,295322,13176,28813,+15637,+14418,49751,108881,+59130,+54341,KRX
20120718,+254000,2,+3500,+1.40,100550,8120,9339,+1219,--7662,32123,36912,+4789,--30247,KRX
20120717,-250500,5,-2500,-0.99,121626,4109,12990,+8881,+6023,16302,51338,+35036,+23880,KRX
20120716,-253000,5,-1000,-0.39,142428,7324,10182,+2858,+2051,28536,39692,+11156,+8020,KRX
20120713,+254000,2,+7500,+3.04,199327,13239,14046,+807,+9142,52293,55429,+3136,+36433,KRX
20120712,-246500,5,-7000,-2.76,161291,20828,12493,--8335,--13025,83085,49788,--33297,--51817,KRX
20120711,-253500,5,-500,-0.20,111176,4227,8917,+4690,+7911,16721,35241,+18520,+31203,KRX
20120710,-254000,5,-9500,-3.61,286341,12183,8962,--3221,--9487,47918,35235,--12683,--36669,KRX
20120709,+263500,2,+6000,+2.33,217974,9805,16071,+6266,+2609,37611,61597,+23986,+9776,KRX
20120706,-257500,5,-3500,-1.34,159671,8852,12509,+3657,+4759,34533,48743,+14210,+18551,KRX
20120705,+261000,2,+3500,+1.36,111494,10773,9671,--1102,--16185,41589,37248,--4341,--63336,KRX
20120704,+257500,2,+10500,+4.25,288548,6866,21949,+15083,+7997,26867,85862,+58995,+30491,KRX
20120703,+247000,2,+3000,+1.23,171767,11386,18472,+7086,+7977,45799,74303,+28504,+32154,KRX
20120702,-244000,5,-6000,-2.40,156875,7709,6818,--891,+1575,31534,27884,--3650,+6381,KRX
20120629,+250000,2,+5000,+2.04,142547,11956,9490,--2466,+4789,48209,38178,--10031,+19671,KRX
20120628,+245000,2,+2500,+1.03,166444,11507,4252,--7255,+588,47056,17354,--29702,+3701,KRX
20120627,+242500,2,+8500,+3.63,223954,15252,7409,--7843,--16900,64794,31391,--33403,--72263,KRX
20120626,-234000,5,-2000,-0.85,187679,5646,14703,+9057,+8718,24267,63127,+38860,+37348,KRX
20120625,-236000,5,-4500,-1.87,148915,10721,11060,+339,+3582,45298,46810,+1512,+14968,KRX
20120622,-240500,5,-8500,-3.41,227959,15184,11941,--3243,--12337,62972,49516,--13456,--49970,KRX
20120621,+249000,2,+1500,+0.61,157051,3682,12776,+9094,+8082,14808,51322,+36514,+32403,KRX
20120620,+247500,2,+1000,+0.41,150444,5734,6746,+1012,--3482,23085,27196,+4111,--14079,KRX
20120619,+246500,2,+4000,+1.65,165862,8185,12679,+4494,--6137,33227,51417,+18190,--25686,KRX
20120618,-242500,5,-500,-0.21,123530,4038,14669,+10631,+3709,16641,60517,+43876,+15411,KRX
20120615,-243000,5,-2000,-0.82,141525,6811,13733,+6922,--10434,28072,56537,+28465,--42338,KRX
20120614,245000,3,0,0.00,245921,13136,30492,+17356,+17913,53780,124583,+70803,+73094,KRX
20120613,+245000,2,+500,+0.20,153943,7164,6607,--557,+447,29251,26960,--2291,+1808,KRX
20120612,+244500,2,+3500,+1.45,139356,9063,8059,--1004,+16691,37082,32983,--4099,+69114,KRX
20120611,-241000,5,-8000,-3.21,289885,23095,5400,--17695,--19187,95327,22114,--73213,--79210,KRX
20120608,+249000,2,+7000,+2.89,253612,7849,9341,+1492,--5221,31656,37653,+5997,--21411,KRX
20120607,+242000,2,+6000,+2.54,190337,5044,11757,+6713,+5574,20564,47972,+27408,+22585,KRX
20120605,236000,3,0,0.00,144315,10925,12064,+1139,--8177,45857,50680,+4823,--35117,KRX
20120604,-236000,5,-4000,-1.67,220387,10546,19862,+9316,+21932,45138,85078,+39940,+92530,KRX
20120601,-240000,5,-2500,-1.03,183358,18060,5444,--12616,--5979,75199,22609,--52590,--24190,KRX
20120531,+242500,2,+7000,+2.97,225449,24614,17977,--6637,--4027,103397,74997,--28400,--16617,KRX
20120530,+235500,2,+9000,+3.97,180067,15151,12541,--2610,--2332,65919,54136,--11783,--10468,KRX
20120529,-226500,5,-3500,-1.52,177453,10362,10084,--278,+6813,45912,44597,--1315,+29511,KRX
20120525,-230000,5,-4000,-1.71,124063,10939,3848,--7091,+390,47554,16728,--30826,+1619,KRX
20120524,+234000,2,+4000,+1.74,126352,14059,6578,--7481,+2132,60845,28400,--32445,+9356,KRX
20120523,+230000,2,+1000,+0.44,143759,15869,6256,--9613,+1288,68971,27170,--41801,+6534,KRX
20120522,229000,3,0,0.00,182515,20280,9379,--10901,--4288,89569,41234,--48335,--19764,KRX
20120521,+229000,2,+5000,+2.23,169153,14816,8203,--6613,+2161,63896,35325,--28571,+10565,KRX
20120518,+224000,2,+1500,+0.67,228786,20509,11735,--8774,--9582,91941,52805,--39136,--42748,KRX
20120517,-222500,5,-4500,-1.98,180176,14400,15208,+808,--4861,64099,67711,+3612,--21328,KRX
20120516,-227000,5,-5000,-2.16,196826,11538,17207,+5669,+8515,50683,75623,+24940,+37308,KRX
20120515,-232000,5,-6500,-2.73,142146,10848,8002,--2846,+10317,46348,33980,--12368,+42307,KRX
20120514,-238500,5,-1000,-0.42,172533,16204,3041,--13163,--8859,67289,12614,--54675,--36718,KRX
20120511,-239500,5,-5500,-2.24,180037,10839,6535,--4304,+10716,45332,27375,--17957,+43161,KRX
20120510,-245000,5,-9500,-3.73,212797,20190,5170,--15020,--16541,82112,20994,--61118,--67439,KRX
20120509,+254500,2,+16000,+6.71,243119,7745,9266,+1521,--2024,30965,37286,+6321,--8621,KRX
20120508,-238500,5,-5500,-2.25,296938,5728,9273,+3545,+1493,23970,38912,+14942,+6618,KRX
20120507,-244000,5,-3000,-1.21,164594,11113,13165,+2052,+13230,45413,53737,+8324,+53433,KRX
20120504,-247000,5,-8000,-3.14,204411,17078,5900,--11178,--19435,68863,23754,--45109,--78015,KRX
20120503,+255000,2,+5000,+2.00,171390,8000,16257,+8257,+7595,31997,64903,+32906,+30387,KRX
20120502,-250000,5,-6000,-2.34,142849,11195,11857,+662,--17839,44296,46815,+2519,--69888,KRX
20120430,+256000,2,+4500,+1.79,173717,5213,23714,+18501,+22779,20441,92848,+72407,+89398,KRX
20120427,-251500,5,-6000,-2.33,205073,11781,7503,--4278,--5810,46880,29889,--16991,--23040,KRX
20120426,+257500,2,+2000,+0.78,121665,6467,7999,+1532,--1427,25250,31299,+6049,--5623,KRX
20120425,+255500,2,+6000,+2.40,96581,6165,9124,+2959,+8917,24242,35914,+11672,+35085,KRX
20120424,-249500,5,-12500,-4.77,173567,15432,9474,--5958,--12777,60809,37396,--23413,--49483,KRX
20120423,-262000,5,-5000,-1.87,123383,7285,14104,+6819,+8141,27597,53667,+26070,+31015,KRX
20120420,-267000,5,-2000,-0.74,64035,6577,5255,--1322,--2735,24554,19609,--4945,--10199,KRX
20120419,+269000,2,+5500,+2.09,136354,6577,7990,+1413,+954,24454,29708,+5254,+3525,KRX
20120418,+263500,2,+1000,+0.38,125850,7934,8393,+459,--4831,30235,31964,+1729,--18446,KRX
20120417,+262500,2,+3500,+1.35,90130,4674,9964,+5290,+6263,17894,38069,+20175,+24064,KRX
20120416,-259000,5,-3000,-1.15,94603,8401,7428,--973,--4557,32669,28780,--3889,--17638,KRX
20120413,-262000,5,-2500,-0.95,171226,8252,11836,+3584,--59,31604,45353,+13749,--301,KRX
20120412,-264500,5,-500,-0.19,238583,11139,14782,+3643,+3829,42849,56899,+14050,+14655,KRX
20120410,-265000,5,-3500,-1.30,124947,9210,9024,--186,+4946,34565,33960,--605,+18465,KRX
20120409,-268500,5,-3500,-1.29,92527,9611,4479,--5132,+3820,35712,16642,--19070,+14220,KRX
20120406,-272000,5,-2000,-0.73,117882,12835,3883,--8952,--9353,47707,14417,--33290,--34781,KRX
20120405,+274000,2,+20500,+8.09,241214,5234,5635,+401,--6727,19966,21457,+1491,--26184,KRX
20120404,-253500,5,-7500,-2.87,137898,7839,14967,+7128,+4395,30654,58329,+27675,+17591,KRX
20120403,+261000,2,+2000,+0.77,167612,15965,18698,+2733,+12400,60834,70918,+10084,+47040,KRX
20120402,-259000,5,-1000,-0.38,147065,20752,11085,--9667,--5937,79333,42377,--36956,--22530,KRX
20120330,+260000,2,+6500,+2.56,125034,15561,11831,--3730,--3119,60109,45683,--14426,--12122,KRX
20120329,-253500,5,-8000,-3.06,148910,11213,10602,--611,+16043,43969,41665,--2304,+61724,KRX
20120328,-261500,5,-4000,-1.51,224585,24245,7591,--16654,--12559,93178,29150,--64028,--48670,KRX
20120327,+265500,2,+14500,+5.78,252966,14793,10698,--4095,+810,56316,40958,--15358,+3612,KRX
20120326,+251000,2,+4500,+1.83,248607,14204,9299,--4905,--1071,56045,37075,--18970,--3409,KRX
20120323,+246500,2,+2000,+0.82,152952,12953,9119,--3834,--2999,52437,36876,--15561,--12237,KRX
20120322,-244500,5,-5000,-2.00,212445,10714,9879,--835,+2472,43778,40454,--3324,+10111,KRX
20120321,+249500,2,+10500,+4.39,190475,11972,8665,--3307,--1041,48501,35066,--13435,--4046,KRX
20120320,+239000,2,+500,+0.21,197828,8959,6693,--2266,--6841,37187,27798,--9389,--28586,KRX
20120319,+238500,2,+3500,+1.49,110405,3811,8386,+4575,+1869,15971,35168,+19197,+7787,KRX
20120316,-235000,5,-2000,-0.84,112125,5559,8265,+2706,--4141,23569,34979,+11410,--17488,KRX
20120315,+237000,2,+1000,+0.42,102523,4233,11080,+6847,--5506,17880,46778,+28898,--22669,KRX
20120314,-236000,5,-2500,-1.05,150100,6855,19208,+12353,+15453,28835,80402,+51567,+64556,KRX
20120313,-238500,5,-3000,-1.24,147993,15117,12017,--3100,--957,62525,49536,--12989,--3898,KRX
20120312,+241500,2,+8500,+3.65,152464,6326,4183,--2143,--3548,26611,17520,--9091,--15104,KRX
20120309,+233000,2,+6000,+2.64,165313,10028,11433,+1405,+6976,43177,49190,+6013,+30102,KRX
20120308,-227000,5,-8500,-3.61,213742,19072,13501,--5571,+2408,83340,59251,--24089,+9999,KRX
20120307,+235500,2,+2500,+1.07,116610,12122,4143,--7979,--4069,51765,17677,--34088,--16998,KRX
20120306,+233000,2,+500,+0.22,149264,11281,7371,--3910,+1010,48828,31738,--17090,+4047,KRX
20120305,-232500,5,-5000,-2.11,103146,8735,3815,--4920,--17113,37492,16355,--21137,--73625,KRX
20120302,+237500,2,+4000,+1.71,268744,8230,20423,+12193,+4367,35176,87664,+52488,+18795,KRX
20120229,+233500,2,+1000,+0.43,175229,10048,17874,+7826,+11815,43385,77078,+33693,+50581,KRX
20120228,-232500,5,-5500,-2.31,177332,10752,6763,--3989,--2544,45826,28938,--16888,--10717,KRX
20120227,+238000,2,+500,+0.21,226265,5950,4505,--1445,--5228,25262,19091,--6171,--22045,KRX
20120224,-237500,5,-2500,-1.04,232982,12077,15860,+3783,+3535,50936,66810,+15874,+14794,KRX
20120223,+240000,2,+9000,+3.90,386376,12936,13184,+248,--3939,54376,55456,+1080,--16871,KRX
20120222,+231000,2,+8000,+3.59,346242,9127,13314,+4187,--1312,39379,57330,+17951,--6970,KRX
20120221,+223000,2,+6500,+3.00,126435,2570,8069,+5499,+5795,11644,36565,+24921,+26362,KRX
20120220,-216500,5,-3000,-1.37,126546,6248,5952,--296,+2439,28679,27238,--1441,+10981,KRX
20120217,-219500,5,-1500,-0.68,143925,8218,5483,--2735,--3187,37165,24743,--12422,--14392,KRX
20120216,-221000,5,-4000,-1.78,131790,8627,9079,+452,--7297,38442,40412,+1970,--32746,KRX
20120215,+225000,2,+6000,+2.74,168743,6995,14744,+7749,+9942,31361,66077,+34716,+44878,KRX
20120214,+219000,2,+1500,+0.69,139635,11866,9673,--2193,--2938,54492,44330,--10162,--13524,KRX
20120213,217500,3,0,0.00,132240,8013,8758,+745,+327,36683,40045,+3362,+1720,KRX
20120210,+217500,2,+5000,+2.35,298134,7984,8402,+418,--1489,37003,38645,+1642,--7365,KRX
20120209,-212500,5,-500,-0.23,251293,6873,8780,+1907,--3944,32362,41369,+9007,--18369,KRX
20120208,-213000,5,-5500,-2.52,218586,4110,9961,+5851,+3937,19228,46604,+27376,+18484,KRX
20120207,-218500,5,-2000,-0.91,175851,6589,8503,+1914,+3386,30397,39289,+8892,+15673,KRX
20120206,+220500,2,+3000,+1.38,194170,10948,9476,--1472,--4053,49983,43202,--6781,--18658,KRX
20120203,+217500,2,+7000,+3.33,220172,4017,6598,+2581,--9092,18569,30446,+11877,--43292,KRX
20120202,+210500,2,+500,+0.24,232166,7439,19112,+11673,+8592,35243,90412,+55169,+40738,KRX
20120201,-210000,5,-2000,-0.94,260649,9773,12854,+3081,--1970,46325,60756,+14431,--8970,KRX
20120131,+212000,2,+1000,+0.47,227379,16269,21320,+5051,+3394,77010,100411,+23401,+15827,KRX
20120130,-211000,5,-5500,-2.54,239064,9723,11380,+1657,--3676,45457,53031,+7574,--16971,KRX
20120127,-216500,5,-3500,-1.59,182344,3616,8949,+5333,--5150,16618,41163,+24545,--23259,KRX
20120126,+220000,2,+3000,+1.38,250196,4196,14679,+10483,--6584,19116,66920,+47804,--29366,KRX
20120125,-217000,5,-6500,-2.91,251599,5030,22097,+17067,+1470,22851,100021,+77170,+7534,KRX
20120120,-223500,5,-6000,-2.61,254618,5459,21056,+15597,+7858,24355,93991,+69636,+35883,KRX
20120119,+229500,2,+2000,+0.88,149931,8369,16108,+7739,+6494,36585,70338,+33753,+28336,KRX
20120118,+227500,2,+3500,+1.56,186983,6528,7773,+1245,--7450,28866,34283,+5417,--33584,KRX
20120117,+224000,2,+4000,+1.82,122416,3675,12370,+8695,+11169,16506,55507,+39001,+50478,KRX
20120116,-220000,5,-2000,-0.90,115326,6916,4442,--2474,--3688,31697,20220,--11477,--16913,KRX
20120113,222000,3,0,0.00,115876,7479,8693,+1214,+412,33753,39189,+5436,+1869,KRX
20120112,+222000,2,+2000,+0.91,130738,9321,10123,+802,--162,42277,45844,+3567,--753,KRX
20120111,+220000,2,+4000,+1.85,119629,6585,7549,+964,--8855,30171,34491,+4320,--40675,KRX
20120110,216000,3,0,0.00,123542,4685,14504,+9819,+12989,21522,66517,+44995,+59997,KRX
20120109,-216000,5,-500,-0.23,99677,10642,7472,--3170,+4234,49835,34833,--15002,+19121,KRX
20120106,216500,3,0,0.00,118049,10732,3328,--7404,--6375,49418,15295,--34123,--29446,KRX
20120105,-216500,5,-3000,-1.37,122556,10767,9738,--1029,+2808,49191,44514,--4677,+12907,KRX
20120104,219500,3,0,0.00,114888,12509,8672,--3837,--18843,57142,39558,--17584,--86619,KRX
20120103,+219500,2,+10500,+5.02,129258,3006,18012,+15006,+20255,13860,82895,+69035,+94177,KRX
20120102,-209000,5,-2000,-0.95,79684,7049,1800,--5249,--4745,33745,8603,--25142,--22685,KRX
20111229,+211000,2,+1000,+0.48,123074,8539,8035,--504,+5190,40569,38112,--2457,+24428,KRX
20111228,-210000,5,-7000,-3.23,147371,11718,6024,--5694,--5629,55335,28450,--26885,--26484,KRX
20111227,+217000,2,+1500,+0.70,100446,5478,5413,--65,+4394,25259,24858,--401,+20121,KRX
20111226,-215500,5,-4000,-1.82,61245,8051,3592,--4459,--10734,37065,16543,--20522,--48917,KRX
20111223,-219500,5,-1500,-0.68,146138,6705,12980,+6275,+7355,30562,58957,+28395,+33324,KRX
20111222,-221000,5,-1000,-0.45,68256,6084,5004,--1080,--8919,27611,22682,--4929,--41558,KRX
20111221,+222000,2,+20000,+9.90,248751,7370,15209,+7839,+7144,33795,70424,+36629,+33522,KRX
20111220,-202000,5,-7500,-3.58,282800,7559,8254,+695,+6273,37082,40189,+3107,+29805,KRX
20111219,-209500,5,-8000,-3.68,283702,15804,10226,--5578,--1267,75814,49116,--26698,--6890,KRX
20111216,+217500,2,+1500,+0.69,165760,9330,5019,--4311,--6450,43010,23202,--19808,--29625,KRX
20111215,-216000,5,-2000,-0.92,122375,8414,10553,+2139,+3511,38600,48417,+9817,+16000,KRX
20111214,-218000,5,-9500,-4.18,142955,6173,4801,--1372,+4911,28023,21840,--6183,+21537,KRX
20111213,+227500,2,+500,+0.22,108289,10417,4134,--6283,--13921,45928,18208,--27720,--61557,KRX
20111212,+227000,2,+11000,+5.09,162324,2262,9900,+7638,+9409,10093,43930,+33837,+42003,KRX
20111209,-216000,5,-9000,-4.00,235187,9447,7676,--1771,--16501,43401,35235,--8166,--73723,KRX
20111208,+225000,2,+3000,+1.35,210300,10950,25680,+14730,+12494,48722,114279,+65557,+56028,KRX
20111207,-222000,5,-9500,-4.10,350308,15776,18012,+2236,+4389,69685,79214,+9529,+18903,KRX
20111206,231500,3,0,0.00,234037,12703,10550,--2153,--6778,55059,45685,--9374,--29331,KRX
20111205,+231500,2,+2500,+1.09,168461,6248,10873,+4625,--13073,27068,47025,+19957,--57780,KRX
20111202,+229000,2,+2000,+0.88,361629,6725,24423,+17698,--17064,29584,107321,+77737,--72191,KRX
20111201,-227000,5,-21000,-8.47,977618,11984,46746,+34762,+26827,51378,201306,+149928,+118071,KRX
20111130,-248000,5,-3500,-1.39,167708,14649,22584,+7935,--10005,58984,90841,+31857,--39339,KRX
20111129,+251500,2,+4000,+1.62,227117,7996,25936,+17940,+14463,31826,103022,+71196,+57256,KRX
20111128,+247500,2,+2000,+0.81,112216,8829,12306,+3477,+7225,35825,49765,+13940,+29419,KRX
20111125,+245500,2,+7500,+3.15,134707,10278,6530,--3748,--7409,42337,26858,--15479,--30730,KRX
20111124,+238000,2,+3500,+1.49,93190,5193,8854,+3661,+9970,21723,36974,+15251,+41760,KRX
20111123,-234500,5,-8000,-3.30,122180,13273,6964,--6309,--10113,55854,29345,--26509,--42441,KRX
20111122,+242500,2,+9500,+4.08,131770,7141,10945,+3804,+5574,29755,45687,+15932,+23565,KRX
20111121,-233000,5,-4500,-1.89,108347,10260,8490,--1770,+15756,43749,36116,--7633,+65556,KRX
20111118,-237500,5,-9500,-3.85,157643,24007,6481,--17526,--14891,100278,27089,--73189,--62190,KRX
20111117,+247000,2,+5000,+2.07,88217,10750,8115,--2635,+3399,44276,33277,--10999,+13645,KRX
20111116,-242000,5,-5500,-2.22,148078,12206,6172,--6034,--7514,49612,24968,--24644,--30605,KRX
20111115,+247500,2,+6500,+2.70,194237,5840,7320,+1480,--75,23605,29566,+5961,--445,KRX
20111114,+241000,2,+4000,+1.69,120736,6588,8143,+1555,+10368,27206,33612,+6406,+43798,KRX
20111111,+237000,2,+6000,+2.60,147677,17544,8731,--8813,--10603,74347,36955,--37392,--44468,KRX
20111110,-231000,5,-12000,-4.94,278982,22406,24196,+1790,--5003,95941,103017,+7076,--21474,KRX
20111109,+243000,2,+11500,+4.97,185749,5305,12098,+6793,+3912,22041,50591,+28550,+16122,KRX
20111108,+231500,2,+2500,+1.09,81344,1992,4873,+2881,+5060,8630,21058,+12428,+21859,KRX
20111107,-229000,5,-4500,-1.93,162076,7597,5418,--2179,--10986,32801,23370,--9431,--47301,KRX
20111104,+233500,2,+5500,+2.41,115356,3283,12090,+8807,+12299,14109,51979,+37870,+53055,KRX
20111103,-228000,5,-5000,-2.15,133863,9238,5746,--3492,--11896,40249,25064,--15185,--51520,KRX
20111102,+233000,2,+3000,+1.30,146727,7398,15802,+8404,+8142,31877,68212,+36335,+35336,KRX
20111101,-230000,5,-3000,-1.29,123388,10558,10820,+262,+361,45607,46606,+999,+1509,KRX
20111031,+233000,2,+1500,+0.65,141654,8797,8698,--99,--14933,38221,37711,--510,--65252,KRX
20111028,-231500,5,-6000,-2.53,433472,14206,29040,+14834,+10672,62158,126900,+64742,+47577,KRX
20111027,+237500,2,+1000,+0.42,253139,10031,14193,+4162,+9102,41809,58974,+17165,+38095,KRX
20111026,-236500,5,-4000,-1.66,179779,13445,8505,--4940,--7093,56667,35737,--20930,--29865,KRX
20111025,-240500,5,-500,-0.21,180996,9613,11766,+2153,+9028,40072,49007,+8935,+38062,KRX
20111024,+241000,2,+7000,+2.99,251778,17829,10954,--6875,--9127,75172,46045,--29127,--38804,KRX
20111021,-234000,5,-3500,-1.47,386370,8790,11042,+2252,+1676,37300,46977,+9677,+7060,KRX
20111020,-237500,5,-17500,-6.86,370109,7585,8161,+576,--4093,31240,33857,+2617,--15575,KRX
20111019,+255000,2,+9000,+3.66,282482,4300,8969,+4669,--151,17222,35414,+18192,--1077,KRX
20111018,-246000,5,-3500,-1.40,238269,7334,12154,+4820,--2883,29391,48660,+19269,--11515,KRX
20111017,+249500,2,+4500,+1.84,311362,6923,14626,+7703,--461,27717,58501,+30784,--3480,KRX
20111014,+245000,2,+15000,+6.52,392761,8016,16180,+8164,+6305,33179,67443,+34264,+26613,KRX
20111013,-230000,5,-1500,-0.65,269114,11511,13370,+1859,--39,49335,56986,+7651,--606,KRX
20111012,+231500,2,+6500,+2.89,165013,7701,9599,+1898,--12107,33689,41946,+8257,--54590,KRX
20111011,225000,3,0,0.00,296326,6118,20123,+14005,+12667,27320,90167,+62847,+56838,KRX
20111010,+225000,2,+3500,+1.58,150392,6399,7737,+1338,+1680,28595,34604,+6009,+7755,KRX
20111007,-221500,5,-15000,-6.34,480872,16379,16037,--342,--1265,73310,71564,--1746,--5677,KRX
20111006,+236500,2,+4500,+1.94,256821,11450,12373,+923,--13758,48486,52417,+3931,--58185,KRX
20111005,+232000,2,+5000,+2.20,384466,12014,26695,+14681,+5829,51317,113433,+62116,+23458,KRX
20111004,227000,3,0,0.00,344050,14652,23504,+8852,+8291,64193,102851,+38658,+36859,KRX
20110930,+227000,2,+6000,+2.71,280385,17283,17844,+561,+2044,77182,78981,+1799,+8602,KRX
20110929,+221000,2,+3500,+1.61,162044,14349,12866,--1483,--30,64876,58073,--6803,--85,KRX
20110928,+217500,2,+1500,+0.69,150112,15320,13867,--1453,+390,71152,64434,--6718,+1856,KRX
20110927,+216000,2,+3500,+1.65,268685,13615,11772,--1843,--7585,64118,55544,--8574,--35147,KRX
20110926,-212500,5,-3000,-1.39,315546,13634,19376,+5742,+18599,64429,91002,+26573,+85261,KRX
20110923,-215500,5,-9500,-4.22,272879,21932,9075,--12857,--6531,99945,41257,--58688,--30454,KRX
20110922,225000,3,0,0.00,190162,15699,9373,--6326,--21797,69727,41493,--28234,--96927,KRX
20110921,+225000,2,+7500,+3.45,292262,7533,23004,+15471,+8882,33853,102546,+68693,+38193,KRX
20110920,+217500,2,+7000,+3.33,174872,6362,12951,+6589,+6442,29503,60003,+30500,+30013,KRX
20110919,+210500,2,+4500,+2.18,165048,6965,7112,+147,--17832,33310,33797,+487,--85203,KRX
20110916,+206000,2,+1000,+0.49,195020,4489,22468,+17979,+17087,21542,107232,+85690,+81443,KRX
20110915,+205000,2,+1500,+0.74,151949,9615,10507,+892,+4745,46898,51145,+4247,+23408,KRX
20110914,-203500,5,-4000,-1.93,218452,12309,8456,--3853,--1606,60804,41643,--19161,--8217,KRX
20110909,-207500,5,-4500,-2.12,176060,11212,8965,--2247,--3174,53930,42986,--10944,--15179,KRX
20110908,-212000,5,-7500,-3.42,311114,13356,14283,+927,+760,63213,67448,+4235,+3509,KRX
20110907,+219500,2,+3500,+1.62,281634,7945,8112,+167,+6362,36479,37205,+726,+29275,KRX
20110906,+216000,2,+3500,+1.65,490826,12117,5922,--6195,--3818,55883,27334,--28549,--17078,KRX
20110905,+212500,2,+2000,+0.95,240783,9076,6699,--2377,+3229,42881,31410,--11471,+14897,KRX
20110902,+210500,2,+3000,+1.45,267845,9798,4192,--5606,--16433,46306,19938,--26368,--76338,KRX
20110901,-207500,5,-500,-0.24,315034,12862,23689,+10827,+9871,60893,110863,+49970,+45674,KRX
20110831,+208000,2,+13000,+6.67,273365,6544,7500,+956,+2752,32089,36385,+4296,+13950,KRX
20110830,+195000,2,+5000,+2.63,186749,10111,8315,--1796,+2550,52175,42521,--9654,+13100,KRX
20110829,-190000,5,-3000,-1.55,191361,9294,4948,--4346,+1109,48495,25741,--22754,+5785,KRX
20110826,-193000,5,-5000,-2.53,200691,10597,5142,--5455,--4225,55234,26695,--28539,--22300,KRX
20110825,-198000,5,-2000,-1.00,197422,11518,10288,--1230,+11845,57702,51463,--6239,+61232,KRX
20110824,+200000,2,+6000,+3.09,267083,20298,7223,--13075,--22834,104683,37212,--67471,--117216,KRX
20110823,+194000,2,+3000,+1.57,266376,16808,26567,+9759,+9378,86390,136135,+49745,+48059,KRX
20110822,+191000,2,+4500,+2.41,234153,12735,13116,+381,--7318,66950,68636,+1686,--38932,KRX
20110819,-186500,5,-4000,-2.10,463015,8097,15796,+7699,+10624,42138,82756,+40618,+56425,KRX
20110818,+190500,2,+12500,+7.02,566531,14340,11415,--2925,+1921,76248,60441,--15807,+11881,KRX
20110817,+178000,2,+500,+0.28,437045,14318,9472,--4846,+22727,81343,53655,--27688,+126503,KRX
20110816,177500,3,0,0.00,435994,36470,8897,--27573,--14292,203808,49617,--154191,--81958,KRX
20110812,-177500,5,-12000,-6.33,672863,25881,12600,--13281,--14760,142126,69893,--72233,--79150,KRX
20110811,-189500,5,-2000,-1.04,597551,31466,32945,+1479,+27675,162955,169872,+6917,+149638,KRX
20110810,+191500,2,+16500,+9.43,496221,43885,17689,--26196,--8880,237085,94364,--142721,--46221,KRX
20110809,-175000,5,-15000,-7.89,494989,38513,21197,--17316,--17617,214315,117815,--96500,--97226,KRX
20110808,-190000,5,-9500,-4.76,303098,20289,20590,+301,--15240,105610,106336,+726,--76659,KRX
20110805,-199500,5,-8000,-3.86,340544,10630,26171,+15541,+17429,52996,130381,+77385,+86747,KRX
20110804,-207500,5,-4000,-1.89,290952,10371,8483,--1888,+12482,49570,40208,--9362,+58285,KRX
20110803,-211500,5,-2000,-0.94,257154,21373,7003,--14370,--7773,100634,32987,--67647,--36785,KRX
20110802,+213500,2,+500,+0.23,157102,13297,6700,--6597,--13277,62112,31250,--30862,--62067,KRX
20110801,+213000,2,+3000,+1.43,300776,16030,22710,+6680,+2829,74884,106089,+31205,+13086,KRX
20110729,-210000,5,-4000,-1.87,197961,5921,9772,+3851,+5017,27913,46032,+18119,+23447,KRX
20110728,-214000,5,-4000,-1.83,393425,7430,6264,--1166,+1795,34330,29002,--5328,+8556,KRX
20110727,+218000,2,+5500,+2.59,207490,7179,4218,--2961,--20379,33431,19547,--13884,--96282,KRX
20110726,+212500,2,+6000,+2.91,289527,5794,23212,+17418,+14554,27577,109975,+82398,+68529,KRX
20110725,-206500,5,-3000,-1.43,115200,4431,7295,+2864,--10273,21579,35448,+13869,--48774,KRX
20110722,-209500,5,-500,-0.24,229664,4612,17749,+13137,+8793,21991,84634,+62643,+41764,KRX
20110721,+210000,2,+9000,+4.48,386279,3045,7389,+4344,--8320,14652,35531,+20879,--40603,KRX
20110720,-201000,5,-1000,-0.50,395154,7117,19781,+12664,+6140,34893,96375,+61482,+28706,KRX
20110719,+202000,2,+6500,+3.32,663244,12369,18893,+6524,+6325,61300,94076,+32776,+31803,KRX
20110718,+195500,2,+8000,+4.27,418584,8495,8694,+199,--1895,44316,45289,+973,--10205,KRX
20110715,+187500,2,+3000,+1.63,243039,3563,5657,+2094,+11240,18973,30151,+11178,+60652,KRX
20110714,-184500,5,-3500,-1.86,254678,15629,6483,--9146,--19392,84593,35119,--49474,--103828,KRX
20110713,+188000,2,+2500,+1.35,177077,4419,14665,+10246,+9922,23527,77881,+54354,+52690,KRX
20110712,-185500,5,-5000,-2.62,119131,3118,3442,+324,--7368,16666,18330,+1664,--38618,KRX
20110711,-190500,5,-1500,-0.78,102836,1937,9629,+7692,--4,10142,50424,+40282,+119,KRX
20110708,+192000,2,+1000,+0.52,145329,1481,9177,+7696,--4005,7726,47889,+40163,--21481,KRX
20110707,+191000,2,+2000,+1.06,223799,1510,13211,+11701,+3339,7953,69597,+61644,+17392,KRX
20110706,-189000,5,-500,-0.26,163703,744,9106,+8362,--3570,3935,48187,+44252,--18965,KRX
20110705,+189500,2,+2000,+1.07,178319,861,12793,+11932,+2521,4564,67781,+63217,+13084,KRX
20110704,-187500,5,-1500,-0.79,313952,1189,10600,+9411,+2339,6304,56437,+50133,+12992,KRX
20110701,189000,3,0,0.00,132917,2008,9080,+7072,+720,10584,47725,+37141,+3855,KRX
20110630,-189000,5,-3000,-1.56,112433,2753,9105,+6352,--473,14532,47818,+33286,--2332,KRX
20110629,+192000,2,+500,+0.26,133973,5073,11898,+6825,+2183,26581,62199,+35618,+11419,KRX
20110628,+191500,2,+1500,+0.79,75791,3605,8247,+4642,+9817,18860,43059,+24199,+51570,KRX
20110627,-190000,5,-3000,-1.55,111364,11376,6201,--5175,--10122,60022,32651,--27371,--53035,KRX
20110624,+193000,2,+1500,+0.78,166916,13302,18249,+4947,+2686,69407,95071,+25664,+13872,KRX
20110623,-191500,5,-8000,-4.01,193547,9383,11644,+2261,--585,48654,60446,+11792,--2484,KRX
20110622,+199500,2,+2000,+1.01,106796,5067,7913,+2846,--1517,25556,39832,+14276,--7672,KRX
20110621,197500,3,0,0.00,75490,4106,8469,+4363,--1601,20745,42693,+21948,--8171,KRX
20110620,+197500,2,+4500,+2.33,116442,5720,11684,+5964,--2744,29295,59414,+30119,--14758,KRX
20110617,193000,3,0,0.00,104411,5470,14178,+8708,+8895,28288,73165,+44877,+45865,KRX
20110616,-193000,5,-3000,-1.53,91467,4972,4785,--187,--85,25781,24793,--988,--606,KRX
20110615,-196000,5,-4000,-2.00,187243,6433,6331,--102,--447,32793,32411,--382,--1997,KRX
20110614,200000,3,0,0.00,195542,8164,8509,+345,--5578,40898,42513,+1615,--28751,KRX
20110613,+200000,2,+12000,+6.38,364278,8715,14638,+5923,+10368,44563,74929,+30366,+53940,KRX
20110610,-188000,5,-1500,-0.79,122332,9750,5305,--4445,+5291,51625,28051,--23574,+27106,KRX
20110609,-189500,5,-5500,-2.82,214576,16049,6313,--9736,--5718,83752,33072,--50680,--29948,KRX
20110608,+195000,2,+2500,+1.30,180629,11054,7036,--4018,--4783,56881,36149,--20732,--24644,KRX
20110607,+192500,2,+1000,+0.52,253854,8518,9283,+765,--2835,44750,48662,+3912,--14814,KRX
20110603,+191500,2,+1500,+0.79,145230,3471,7071,+3600,+6955,18122,36848,+18726,+36499,KRX
20110602,-190000,5,-3500,-1.81,130305,8362,5007,--3355,--3615,44054,26281,--17773,--19012,KRX
20110601,+193500,2,+1500,+0.78,120291,6771,7031,+260,--9440,35366,36605,+1239,--49097,KRX
20110531,+192000,2,+3500,+1.86,206513,11889,21589,+9700,+9695,61789,112125,+50336,+50355,KRX
20110530,-188500,5,-500,-0.26,111053,5506,5511,+5,+1734,29183,29164,--19,+9169,KRX
20110527,189000,3,0,0.00,70220,6185,4456,--1729,--2164,32675,23487,--9188,--11402,KRX
20110526,-189000,5,-3000,-1.56,116199,8168,8603,+435,+4350,43028,45242,+2214,+23070,KRX
20110525,+192000,2,+3500,+1.86,172296,9127,5212,--3915,--1660,48252,27396,--20856,--8839,KRX
20110524,-188500,5,-500,-0.26,92062,6971,4716,--2255,+6799,36796,24779,--12017,+35747,KRX
20110523,-189000,5,-5000,-2.58,100775,11862,2808,--9054,--8329,62575,14811,--47764,--43981,KRX
20110520,-194000,5,-1000,-0.51,123520,9297,8572,--725,+15044,47852,44069,--3783,+77548,KRX
20110519,+195000,2,+2500,+1.30,274035,19573,3804,--15769,--5695,100921,19590,--81331,--29294,KRX
20110518,-192500,5,-9000,-4.47,451657,16603,6529,--10074,--12991,85611,33574,--52037,--66393,KRX
20110517,+201500,2,+1000,+0.50,156288,10342,13259,+2917,+8609,51112,65468,+14356,+42701,KRX
20110516,+200500,2,+500,+0.25,118958,13808,8116,--5692,--4496,68648,40303,--28345,--22347,KRX
20110513,200000,3,0,0.00,72458,7657,6461,--1196,+18995,38166,32168,--5998,+93521,KRX
20110512,-200000,5,-9500,-4.53,282943,26084,5893,--20191,--15591,128525,29006,--99519,--77584,KRX
20110511,+209500,2,+1500,+0.72,138038,11064,6464,--4600,+5918,52660,30725,--21935,+28370,KRX
20110509,-208000,5,-2500,-1.19,143670,13135,2617,--10518,--13371,62800,12495,--50305,--63801,KRX
20110506,-210500,5,-2000,-0.94,124636,5058,7911,+2853,--6060,24072,37568,+13496,--28547,KRX
20110504,-212500,5,-4500,-2.07,251923,3369,12282,+8913,+3220,15772,57815,+42043,+15915,KRX
20110503,-217000,5,-1500,-0.69,104521,6025,11718,+5693,--2365,27823,53951,+26128,--11075,KRX
20110502,+218500,2,+6000,+2.82,193071,6819,14877,+8058,+7051,31473,68676,+37203,+32582,KRX
20110429,+212500,2,+2500,+1.19,182199,8243,9250,+1007,--299,39186,43807,+4621,--1493,KRX
20110428,-210000,5,-4000,-1.87,204291,12427,13733,+1306,--5839,58757,64871,+6114,--27615,KRX
20110427,+214000,2,+5500,+2.64,259525,7576,14721,+7145,+1490,35854,69583,+33729,+6438,KRX
20110426,+208500,2,+5500,+2.71,156463,4887,10542,+5655,+6373,23662,50953,+27291,+30820,KRX
20110425,-203000,5,-4000,-1.93,86102,3787,3069,--718,--4020,18538,15009,--3529,--19537,KRX
20110422,-207000,5,-500,-0.24,89315,3066,6368,+3302,--3711,14901,30909,+16008,--17733,KRX
20110421,+207500,2,+3500,+1.72,174527,7338,14351,+7013,+2949,35404,69145,+33741,+13605,KRX
20110420,+204000,2,+5500,+2.77,191773,3145,7209,+4064,+6669,15567,35703,+20136,+33490,KRX
20110419,+198500,2,+5500,+2.85,205010,8251,5646,--2605,--1510,41960,28606,--13354,--7617,KRX
20110418,-193000,5,-7000,-3.50,241477,5351,4256,--1095,--3306,27558,21821,--5737,--16818,KRX
20110415,+200000,2,+2000,+1.01,183172,5315,7526,+2211,+5079,26786,37867,+11081,+26207,KRX
20110414,+198000,2,+2000,+1.02,164220,14200,11332,--2868,--1905,72700,57574,--15126,--10190,KRX
20110413,+196000,2,+500,+0.26,174851,5074,4111,--963,+10924,25922,20986,--4936,+55026,KRX
20110412,-195500,5,-8500,-4.17,175439,15797,3910,--11887,--26627,79782,19820,--59962,--132282,KRX
20110411,+204000,2,+6500,+3.29,305119,5292,20032,+14740,+12941,26089,98409,+72320,+63329,KRX
20110408,-197500,5,-4000,-1.99,186318,5313,7112,+1799,+1023,26648,35639,+8991,+5145,KRX
20110407,-201500,5,-4000,-1.95,104452,6314,7090,+776,--2574,31265,35111,+3846,--12602,KRX
20110406,205500,3,0,0.00,141508,6853,10203,+3350,--2603,33545,49993,+16448,--12874,KRX
20110405,+205500,2,+500,+0.24,136789,4278,10231,+5953,+2606,20959,50281,+29322,+12931,KRX
20110404,+205000,2,+500,+0.24,174605,7280,10627,+3347,--7890,35559,51950,+16391,--39091,KRX
20110401,+204500,2,+13000,+6.79,451088,6217,17454,+11237,--1324,30912,86394,+55482,--10324,KRX
20110331,+191500,2,+1000,+0.52,219098,5266,17827,+12561,--4570,27610,93416,+65806,--24772,KRX
20110330,+190500,2,+3500,+1.87,242675,1875,19006,+17131,+9899,9959,100537,+90578,+51740,KRX
20110329,+187000,2,+1500,+0.81,177593,1083,8315,+7232,+2260,5821,44659,+38838,+11997,KRX
20110328,-185500,5,-2500,-1.33,200632,1480,6452,+4972,--5871,7919,34760,+26841,--30377,KRX
20110325,-188000,5,-5500,-2.84,335332,4303,15146,+10843,+4736,22682,79900,+57218,+25700,KRX
20110324,-193500,5,-1000,-0.51,114138,2301,8408,+6107,--244,11868,43386,+31518,--1155,KRX
20110323,+194500,2,+4000,+2.10,204444,3566,9917,+6351,+6634,18418,51091,+32673,+34177,KRX
20110322,-190500,5,-1000,-0.52,96457,3901,3618,--283,--453,20506,19002,--1504,--2345,KRX
20110321,+191500,2,+4000,+2.13,122143,2783,2953,+170,+1937,14755,15596,+841,+10522,KRX
20110318,+187500,2,+500,+0.27,175125,11150,9383,--1767,+1414,60093,50412,--9681,+7537,KRX
20110317,-187000,5,-1000,-0.53,206776,8710,5529,--3181,--11316,47029,29811,--17218,--60732,KRX
20110316,+188000,2,+6000,+3.30,157340,5305,13440,+8135,+17709,28303,71817,+43514,+96161,KRX
20110315,-182000,5,-3000,-1.62,202408,19833,10259,--9574,--6576,108551,55904,--52647,--36029,KRX
20110314,185000,3,0,0.00,210235,8524,5526,--2998,+871,46751,30133,--16618,+4199,KRX
20110311,-185000,5,-4000,-2.12,164567,8514,4645,--3869,+4741,45608,24791,--20817,+24860,KRX
20110310,+189000,2,+1000,+0.53,184535,21860,13250,--8610,--9172,115820,70143,--45677,--48651,KRX
20110309,+188000,2,+500,+0.27,110556,6607,7169,+562,--3549,35263,38237,+2974,--18741,KRX
20110308,+187500,2,+1500,+0.81,86452,3714,7825,+4111,+11139,19861,41576,+21715,+59435,KRX
20110307,-186000,5,-6500,-3.38,178373,9687,2659,--7028,--7140,51887,14167,--37720,--38166,KRX
20110304,+192500,2,+2000,+1.05,132316,9685,9797,+112,+3165,50848,51294,+446,+16566,KRX
20110303,+190500,2,+1500,+0.79,94488,4892,1839,--3053,+1677,25818,9698,--16120,+9192,KRX
20110302,-189000,5,-500,-0.26,123462,8892,4162,--4730,--431,47464,22152,--25312,--2563,KRX
20110228,+189500,2,+3500,+1.88,188785,9376,5077,--4299,--2389,49660,26911,--22749,--12446,KRX
20110225,186000,3,0,0.00,79755,6306,4396,--1910,--4425,33948,23645,--10303,--23736,KRX
20110224,-186000,5,-3500,-1.85,97955,5210,7725,+2515,--2734,27873,41306,+13433,--14505,KRX
20110223,+189500,2,+8000,+4.41,211628,7119,12368,+5249,+3244,37737,65675,+27938,+17193,KRX
20110222,-181500,5,-4000,-2.16,260063,5731,7736,+2005,+14677,31243,41988,+10745,+78098,KRX
20110221,-185500,5,-8000,-4.13,421950,15599,2927,--12672,--8508,82945,15592,--67353,--45659,KRX
20110218,+193500,2,+1500,+0.78,344578,9595,5431,--4164,--1754,49885,28191,--21694,--9030,KRX
20110217,+192000,2,+5000,+2.67,167185,8763,6353,--2410,--6666,45945,33281,--12664,--35249,KRX
20110216,187000,3,0,0.00,185081,5067,9323,+4256,+12045,27159,49744,+22585,+63877,KRX
20110215,-187000,5,-2500,-1.32,297839,11999,4210,--7789,--5465,63722,22430,--41292,--29013,KRX
20110214,+189500,2,+2500,+1.34,238795,8087,5763,--2324,+12784,42596,30317,--12279,+66706,KRX
20110211,-187000,5,-13000,-6.50,468496,22096,6988,--15108,--6198,115459,36474,--78985,--34417,KRX
20110210,-200000,5,-6500,-3.15,232042,18062,9152,--8910,--8794,89902,45334,--44568,--43971,KRX
20110209,+206500,2,+3000,+1.47,342192,7748,7632,--116,+8466,37712,37115,--597,+41420,KRX
20110208,-203500,5,-500,-0.25,131908,11506,2924,--8582,--4062,56335,14318,--42017,--19754,KRX
20110207,+204000,2,+7000,+3.55,247717,8273,3753,--4520,+2255,40761,18498,--22263,+11659,KRX
20110201,-197000,5,-3000,-1.50,198378,9494,2719,--6775,--7404,47559,13637,--33922,--37045,KRX
20110131,-200000,5,-3000,-1.48,226631,5635,6264,+629,+4865,28367,31490,+3123,+23901,KRX
20110128,-203000,5,-1000,-0.49,145779,6670,2434,--4236,+380,32695,11917,--20778,+1765,KRX
20110127,-204000,5,-1000,-0.49,278334,9175,4559,--4616,--3181,44875,22332,--22543,--15593,KRX
20110126,-205000,5,-1000,-0.49,146421,4619,3184,--1435,+2532,22380,15430,--6950,+12288,KRX
20110125,-206000,5,-4000,-1.90,271682,12130,8163,--3967,--4747,58799,39561,--19238,--22808,KRX
20110124,+210000,2,+5000,+2.44,463817,9403,10183,+780,+1984,44574,48144,+3570,+9464,KRX
20110121,+205000,2,+1000,+0.49,225386,4305,3101,--1204,+1096,21031,15137,--5894,+5476,KRX
20110120,+204000,2,+4500,+2.26,312544,6788,4488,--2300,+7786,33450,22080,--11370,+39094,KRX
20110119,-199500,5,-6500,-3.16,479079,16933,6847,--10086,--5367,84691,34227,--50464,--27581,KRX
20110118,-206000,5,-5000,-2.37,430765,9633,4914,--4719,+26519,46740,23857,--22883,+124655,KRX
20110117,+211000,2,+4000,+1.93,517096,32705,1467,--31238,--29221,154474,6936,--147538,--137564,KRX
20110114,+207000,2,+4500,+2.22,402728,12102,10085,--2017,+11171,58934,48960,--9974,+54874,KRX
20110113,-202500,5,-6000,-2.88,800692,21000,7812,--13188,--16760,103204,38356,--64848,--82163,KRX
20110112,-208500,5,-3000,-1.42,473088,6433,10005,+3572,--4837,30801,48116,+17315,--22110,KRX
20110111,-211500,5,-3500,-1.63,321179,7432,15841,+8409,+10248,34764,74189,+39425,+47779,KRX
20110110,-215000,5,-10000,-4.44,261149,11490,9651,--1839,--4106,53205,44851,--8354,--18404,KRX
20110107,+225000,2,+3500,+1.58,202713,7319,9586,+2267,+2376,32504,42554,+10050,+10569,KRX
20110106,-221500,5,-1000,-0.45,191166,6178,6069,--109,--4638,27875,27356,--519,--20717,KRX
20110105,+222500,2,+1000,+0.45,187526,4888,9417,+4529,+5880,21845,42043,+20198,+26417,KRX
20110104,221500,3,0,0.00,152706,7922,6571,--1351,--1270,36011,29792,--6219,--5761,KRX
20110103,-221500,5,-5500,-2.42,152703,7401,7320,--81,+588,33187,32729,--458,+2521,KRX
20101230,+227000,2,+9000,+4.13,289646,8350,7681,--669,--5450,36929,33950,--2979,--24966,KRX
20101229,+218000,2,+6500,+3.07,138719,4828,9609,+4781,--4821,22423,44410,+21987,--23431,KRX
20101228,+211500,2,+6000,+2.92,155763,1875,11477,+9602,+3243,8848,54266,+45418,+14332,KRX
20101227,+205500,2,+500,+0.24,70970,2836,9195,+6359,+3054,13875,44961,+31086,+15211,KRX
20101224,-205000,5,-5000,-2.38,99488,960,4265,+3305,--1374,4612,20487,+15875,--6444,KRX
20101223,+210000,2,+1000,+0.48,117543,3037,7716,+4679,+1595,14516,36835,+22319,+7408,KRX
20101222,+209000,2,+4000,+1.95,162684,4193,7277,+3084,+4860,20384,35295,+14911,+23433,KRX
20101221,-205000,5,-5000,-2.38,212761,7463,5687,--1776,--9011,36013,27491,--8522,--43873,KRX
20101220,+210000,2,+6500,+3.19,386551,12269,19504,+7235,+7966,59076,94427,+35351,+38917,KRX
20101217,+203500,2,+6000,+3.04,353285,6584,5853,--731,--2128,32439,28873,--3566,--10686,KRX
20101216,+197500,2,+4000,+2.07,174787,2361,3758,+1397,--3624,12050,19170,+7120,--19087,KRX
20101215,+193500,2,+500,+0.26,257767,5897,10918,+5021,+14110,30666,56873,+26207,+73246,KRX
20101214,+193000,2,+2500,+1.31,202834,13447,4358,--9089,--9339,69607,22568,--47039,--48339,KRX
20101213,-190500,5,-500,-0.26,91252,1998,2248,+250,--2221,10494,11794,+1300,--11599,KRX
20101210,-191000,5,-1500,-0.78,91295,3198,5669,+2471,--1781,16710,29609,+12899,--9123,KRX
20101209,+192500,2,+2500,+1.32,201198,12268,16520,+4252,+5121,64070,86092,+22022,+26623,KRX
20101208,+190000,2,+1500,+0.80,183270,5472,4603,--869,--3368,28771,24170,--4601,--17897,KRX
20101207,+188500,2,+2500,+1.34,146849,4948,7447,+2499,+1103,26375,39671,+13296,+5762,KRX
20101206,-186000,5,-3500,-1.85,161280,2087,3483,+1396,+189,11172,18706,+7534,+1180,KRX
20101203,-189500,5,-3500,-1.81,297700,3869,5076,+1207,+387,20353,26707,+6354,+2043,KRX
20101202,-193000,5,-500,-0.26,213000,6376,7196,+820,+409,32956,37267,+4311,+2205,KRX
20101201,-193500,5,-2500,-1.28,134485,3711,4122,+411,+816,19115,21221,+2106,+4395,KRX
20101130,+196000,2,+5000,+2.62,265875,13973,13568,--405,--10111,71301,69012,--2289,--52816,KRX
20101129,+191000,2,+2500,+1.33,170366,3525,13231,+9706,+4220,18391,68918,+50527,+21798,KRX
20101126,-188500,5,-5000,-2.58,125628,1293,6779,+5486,+10753,6817,35546,+28729,+55934,KRX
20101125,-193500,5,-1500,-0.77,133807,8629,3362,--5267,+1007,44513,17308,--27205,+4993,KRX
20101124,-195000,5,-4000,-2.01,180093,13557,7283,--6274,+1431,69570,37372,--32198,+7416,KRX
20101123,+199000,2,+6500,+3.38,260532,9340,1635,--7705,--10345,47934,8320,--39614,--53211,KRX
20101122,-192500,5,-500,-0.26,143175,3242,5882,+2640,+4911,16763,30360,+13597,+25509,KRX
20101119,+193000,2,+2500,+1.31,121232,5669,3398,--2271,--1324,29623,17711,--11912,--6778,KRX
20101118,-190500,5,-1000,-0.52,157528,8262,7315,--947,+5745,43050,37916,--5134,+29720,KRX
20101117,-191500,5,-3000,-1.54,98812,10588,3896,--6692,--1959,55165,20311,--34854,--10408,KRX
20101116,+194500,2,+1500,+0.78,191523,12708,7975,--4733,--5278,65443,40997,--24446,--27315,KRX
20101115,+193000,2,+4500,+2.39,127355,5531,6076,+545,--9274,28653,31522,+2869,--48678,KRX
20101112,+188500,2,+2500,+1.34,268772,5031,14850,+9819,+15459,26586,78133,+51547,+83324,KRX
20101111,-186000,5,-8500,-4.37,351680,33597,27957,--5640,--8813,180119,148342,--31777,--48100,KRX
20101110,-194500,5,-1000,-0.51,193577,2194,5367,+3173,+4222,11275,27598,+16323,+21648,KRX
20101109,-195500,5,-500,-0.26,110564,3696,2647,--1049,--4111,18820,13495,--5325,--20947,KRX
20101108,-196000,5,-6000,-2.97,154068,4078,7140,+3062,--7600,20627,36249,+15622,--37435,KRX
20101105,+202000,2,+8000,+4.12,228493,3480,14142,+10662,+6307,17370,70427,+53057,+30750,KRX
20101104,-194000,5,-3000,-1.52,182018,2989,7344,+4355,+1711,15331,37638,+22307,+9088,KRX
20101103,-197000,5,-500,-0.25,221294,5090,7734,+2644,+6644,25731,38950,+13219,+33632,KRX
20101102,+197500,2,+4500,+2.33,256608,8337,4337,--4000,--6720,42434,22021,--20413,--34596,KRX
20101101,-193000,5,-6500,-3.26,409762,5362,8082,+2720,+9383,27415,41598,+14183,+47386,KRX
20101029,-199500,5,-8000,-3.86,240704,16863,10200,--6663,--7592,83872,50669,--33203,--37649,KRX
20101028,+207500,2,+2000,+0.97,83710,2322,3251,+929,--186,11299,15745,+4446,--928,KRX
20101027,-205500,5,-2000,-0.96,155824,8782,9897,+1115,--3926,42565,47939,+5374,--18935,KRX
20101026,+207500,2,+2000,+0.97,186750,5782,10823,+5041,--1582,28109,52418,+24309,--8207,KRX
20101025,+205500,2,+1500,+0.74,179388,3169,9792,+6623,+3017,15533,48049,+32516,+14874,KRX
20101022,+204000,2,+500,+0.25,124759,2637,6243,+3606,+12485,12908,30550,+17642,+60774,KRX
20101021,-203500,5,-5000,-2.40,408922,13396,4517,--8879,--4129,65253,22121,--43132,--20270,KRX
20101020,+208500,2,+500,+0.24,230187,10242,5492,--4750,+137,49269,26407,--22862,+507,KRX
20101019,+208000,2,+5500,+2.72,237518,12936,8049,--4887,--10065,61714,38345,--23369,--48549,KRX
20101018,-202500,5,-2000,-0.98,210010,5615,10793,+5178,+135,27046,52226,+25180,+579,KRX
20101015,-204500,5,-1500,-0.73,163925,2283,7326,+5043,--1652,11115,35716,+24601,--7779,KRX
20101014,-206000,5,-2500,-1.20,288898,2467,9162,+6695,+5294,11924,44304,+32380,+25712,KRX
20101013,-208500,5,-5000,-2.34,82928,2819,4220,+1401,+3236,13325,19993,+6668,+15395,KRX
20101012,-213500,5,-500,-0.23,148940,5583,3748,--1835,--5642,26537,17810,--8727,--26281,KRX
20101011,+214000,2,+2000,+0.94,147114,4351,8158,+3807,+6502,20278,37832,+17554,+30403,KRX
20101008,-212000,5,-2500,-1.17,175579,8553,5858,--2695,--6460,40607,27758,--12849,--30426,KRX
20101007,214500,3,0,0.00,101976,4859,8624,+3765,+6834,22714,40291,+17577,+31994,KRX
20101006,+214500,2,+500,+0.23,210210,9843,6774,--3069,--17293,46158,31741,--14417,--81587,KRX
20101005,+214000,2,+7000,+3.38,283465,6443,20667,+14224,+19615,30502,97672,+67170,+93271,KRX
20101004,+207000,2,+6500,+3.24,231113,7073,1682,--5391,--6263,34239,8138,--26101,--30302,KRX
20101001,+200500,2,+4500,+2.30,309326,16027,16899,+872,--2633,80051,84252,+4201,--13464,KRX
20100930,-196000,5,-7500,-3.69,379212,8029,11534,+3505,+3267,40726,58391,+17665,+16535,KRX
20100929,-203500,5,-8000,-3.78,218003,6523,6761,+238,+3960,31547,32677,+1130,+18730,KRX
20100928,+211500,2,+2000,+0.95,271366,6299,2577,--3722,--2131,29761,12161,--17600,--10107,KRX
20100927,+209500,2,+8000,+3.97,269653,6558,4967,--1591,--3730,31764,24271,--7493,--18138,KRX
20100924,+201500,2,+4000,+2.03,284966,9750,11889,+2139,+2787,48524,59169,+10645,+13971,KRX
20100920,+197500,2,+500,+0.25,87056,3522,2874,--648,--7647,17849,14523,--3326,--38688,KRX
20100917,+197000,2,+4000,+2.07,219099,4537,11536,+6999,+1510,22987,58349,+35362,+6956,KRX
20100916,-193000,5,-2500,-1.28,174730,2796,8285,+5489,--4647,14441,42847,+28406,--23324,KRX
20100915,+195500,2,+500,+0.26,141766,3459,13595,+10136,+11584,17682,69412,+51730,+58990,KRX
20100914,-195000,5,-4500,-2.26,172295,5734,4286,--1448,--3808,29262,22002,--7260,--19004,KRX
20100913,-199500,5,-500,-0.25,141182,5405,7765,+2360,--1624,27137,38881,+11744,--8159,KRX
20100910,+200000,2,+1000,+0.50,320890,7335,11319,+3984,+3323,36759,56662,+19903,+16627,KRX
20100909,+199000,2,+3500,+1.79,235451,11565,12226,+661,--1991,58572,61848,+3276,--10392,KRX
20100908,+195500,2,+5500,+2.89,212823,2127,4779,+2652,+5117,10954,24622,+13668,+26506,KRX
20100907,-190000,5,-1500,-0.78,86479,4559,2094,--2465,--5333,23763,10925,--12838,--27740,KRX
20100906,-191500,5,-2500,-1.29,147502,1960,4828,+2868,--6732,10171,25073,+14902,--34713,KRX
20100903,+194000,2,+4000,+2.11,171623,1327,10927,+9600,+2467,6856,56471,+49615,+12140,KRX
20100902,-190000,5,-4000,-2.06,254842,2010,9143,+7133,+5810,10562,48037,+37475,+30617,KRX
20100901,-194000,5,-2500,-1.27,245635,7751,9074,+1323,--5224,39824,46682,+6858,--26448,KRX
20100831,+196500,2,+5500,+2.88,335279,5643,12190,+6547,+6431,28692,61998,+33306,+32727,KRX
20100830,+191000,2,+1000,+0.53,77293,4260,4376,+116,+4098,22287,22866,+579,+21403,KRX
20100827,-190000,5,-4000,-2.06,88847,7879,3897,--3982,--1986,41192,20368,--20824,--10431,KRX
20100826,+194000,2,+4500,+2.37,189703,4301,2305,--1996,+458,22336,11943,--10393,+2548,KRX
20100825,-189500,5,-3000,-1.56,111071,4799,2345,--2454,--400,25284,12343,--12941,--1624,KRX
20100824,+192500,2,+6500,+3.49,409082,7354,5300,--2054,--5144,39350,28033,--11317,--27886,KRX
20100823,186000,3,0,0.00,194456,1149,4239,+3090,--1975,6166,22735,+16569,--10635,KRX
20100820,+186000,2,+500,+0.27,465503,1289,6354,+5065,--5037,6931,34135,+27204,--27278,KRX
20100819,-185500,5,-3000,-1.59,321423,1368,11470,+10102,+7906,7358,61840,+54482,+42818,KRX
20100818,-188500,5,-500,-0.26,171150,2821,5017,+2196,+1603,14972,26636,+11664,+8594,KRX
20100817,+189000,2,+2500,+1.34,117233,2921,3514,+593,+5034,15562,18632,+3070,+26923,KRX
20100816,-186500,5,-3500,-1.84,202028,7368,2927,--4441,+2021,39500,15647,--23853,+10192,KRX
20100813,+190000,2,+500,+0.26,81740,8086,1624,--6462,+1302,42597,8552,--34045,+6879,KRX
20100812,-189500,5,-1000,-0.52,164088,11610,3846,--7764,--6689,61137,20213,--40924,--35303,KRX
20100811,-190500,5,-1500,-0.78,75173,4340,3265,--1075,--1034,22720,17099,--5621,--5387,KRX
20100810,-192000,5,-2000,-1.03,133186,3054,3013,--41,+606,15861,15627,--234,+3155,KRX
20100809,+194000,2,+4500,+2.37,175208,2794,2147,--647,--1223,14477,11088,--3389,--6408,KRX
20100806,-189500,5,-500,-0.26,164566,3538,4114,+576,--404,18691,21710,+3019,--2111,KRX
20100805,190000,3,0,0.00,233870,4065,5045,+980,--6386,21364,26494,+5130,--33922,KRX
20100804,+190000,2,+6500,+3.54,363459,3502,10868,+7366,+5645,18582,57634,+39052,+29662,KRX
20100803,-183500,5,-1000,-0.54,232655,4442,6163,+1721,--1588,24142,33532,+9390,--8408,KRX
20100802,+184500,2,+500,+0.27,231001,2787,6096,+3309,--906,15048,32846,+17798,--4878,KRX
20100730,-184000,5,-3500,-1.87,206995,3171,7386,+4215,--7475,17131,39807,+22676,--39744,KRX
20100729,-187500,5,-2500,-1.32,274884,1393,13083,+11690,+5675,7449,69869,+62420,+31029,KRX
20100728,190000,3,0,0.00,142434,2162,8177,+6015,+6392,11303,42694,+31391,+33211,KRX
20100727,-190000,5,-6000,-3.06,197632,6851,6474,--377,+2244,35655,33835,--1820,+11578,KRX
20100726,+196000,2,+1500,+0.77,192715,6209,3588,--2621,--253,31711,18313,--13398,--1133,KRX
20100723,+194500,2,+6500,+3.46,199184,6180,3812,--2368,--11453,31984,19719,--12265,--60239,KRX
20100722,-188000,5,-3500,-1.83,182024,2918,12003,+9085,+8771,15393,63367,+47974,+46264,KRX
20100721,-191500,5,-500,-0.26,214908,4445,4759,+314,+10189,23147,24857,+1710,+52967,KRX
20100720,-192000,5,-2000,-1.03,192366,13729,3854,--9875,--10275,71205,19948,--51257,--53294,KRX
20100719,-194000,5,-4000,-2.02,169937,6763,7163,+400,--6145,34658,36695,+2037,--31638,KRX
20100716,+198000,2,+6000,+3.13,231328,3811,10356,+6545,+2962,19445,53120,+33675,+15018,KRX
20100715,-192000,5,-2500,-1.29,245662,6430,10013,+3583,--12007,33451,52108,+18657,--61005,KRX
20100714,-194500,5,-500,-0.26,256292,4738,20328,+15590,+4872,24302,103964,+79662,+25131,KRX
20100713,-195000,5,-2000,-1.02,264637,1839,12557,+10718,+7736,9398,63929,+54531,+39446,KRX
20100712,-197000,5,-1000,-0.51,275128,2395,5377,+2982,--2242,12122,27207,+15085,--11572,KRX
20100709,+198000,2,+3500,+1.80,161901,2884,8108,+5224,+1139,14770,41427,+26657,+5534,KRX
20100708,194500,3,0,0.00,232524,5021,9106,+4085,+6898,25849,46972,+21123,+34969,KRX
20100707,-194500,5,-8500,-4.19,536381,13917,11104,--2813,+10004,70487,56641,--13846,+50746,KRX
20100706,+203000,2,+8500,+4.37,456244,16172,3355,--12817,--980,81309,16717,--64592,--3242,KRX
20100705,+194500,2,+7000,+3.73,409677,15831,3994,--11837,--7848,81967,20617,--61350,--40196,KRX
20100702,-187500,5,-1000,-0.53,125047,5927,1938,--3989,+4507,31462,10308,--21154,+24025,KRX
20100701,+188500,2,+5000,+2.72,313243,12546,4050,--8496,--7704,66696,21517,--45179,--40934,KRX
20100630,+183500,2,+2500,+1.38,129554,8621,7829,--792,--3953,47015,42770,--4245,--21530,KRX
20100629,-181000,5,-1500,-0.82,96752,3356,6517,+3161,--39,18413,35698,+17285,--346,KRX
20100628,+182500,2,+500,+0.27,118066,1948,5148,+3200,+5369,10700,28331,+17631,+29488,KRX
20100625,-182000,5,-4500,-2.41,173164,9427,7258,--2169,--4347,51560,39703,--11857,--23482,KRX
20100624,-186500,5,-500,-0.27,111541,6648,8826,+2178,--1191,35555,47180,+11625,--6383,KRX
20100623,-187000,5,-3000,-1.58,168869,5017,8386,+3369,--152,26897,44905,+18008,--688,KRX
20100622,+190000,2,+1500,+0.80,149847,4210,7731,+3521,--637,22379,41075,+18696,--3303,KRX
20100621,+188500,2,+4000,+2.17,214111,11487,15645,+4158,--4889,60936,82935,+21999,--26588,KRX
20100618,-184500,5,-500,-0.27,217201,2452,11499,+9047,+7016,13177,61764,+48587,+37951,KRX
20100617,-185000,5,-4500,-2.37,257203,9219,11250,+2031,+1588,49580,60216,+10636,+8213,KRX
20100616,-189500,5,-1000,-0.52,133781,2788,3231,+443,--2764,14594,17017,+2423,--14262,KRX
20100615,-190500,5,-2500,-1.30,150032,3878,7085,+3207,--3186,20276,36961,+16685,--16596,KRX
20100614,+193000,2,+6000,+3.21,285031,5085,11478,+6393,--1269,26418,59699,+33281,--7997,KRX
20100611,+187000,2,+6000,+3.31,209170,3146,10808,+7662,+8818,16966,58244,+41278,+47719,KRX
20100610,-181000,5,-3500,-1.90,179656,12330,11174,--1156,--3795,67799,61358,--6441,--20929,KRX
20100609,+184500,2,+2500,+1.37,139943,7893,10532,+2639,--585,43385,57873,+14488,--3255,KRX
20100608,+182000,2,+3000,+1.68,102783,5085,8309,+3224,+4637,28132,45875,+17743,+25805,KRX
20100607,-179000,5,-4000,-2.19,180826,5880,4467,--1413,--1920,32811,24749,--8062,--10829,KRX
20100604,+183000,2,+2500,+1.39,151298,3505,4012,+507,+1362,19295,22062,+2767,+7553,KRX
20100603,+180500,2,+1500,+0.84,182511,7404,6549,--855,+436,41152,36366,--4786,+2560,KRX
20100601,+179000,2,+5000,+2.87,225379,7525,6234,--1291,--11252,42268,34922,--7346,--64292,KRX
20100531,+174000,2,+1000,+0.58,222487,4146,14107,+9961,+17097,23778,80724,+56946,+98488,KRX
20100528,+173000,2,+3000,+1.76,257788,14792,7656,--7136,+1614,85891,44349,--41542,+9714,KRX
20100527,-170000,5,-4500,-2.58,280786,11542,2792,--8750,--14914,67616,16360,--51256,--86464,KRX
20100526,174500,3,0,0.00,291123,13399,19563,+6164,+13446,77087,112295,+35208,+77164,KRX
20100525,-174500,5,-2000,-1.13,205648,14323,7041,--7282,--11893,82465,40509,--41956,--67498,KRX
20100524,-176500,5,-3500,-1.94,170168,5349,9960,+4611,+1758,30229,55771,+25542,+9831,KRX
20100520,+180000,2,+4500,+2.56,106576,4963,7816,+2853,+9955,28027,43738,+15711,+56048,KRX
20100519,-175500,5,-2000,-1.13,132488,10191,3089,--7102,--11875,57814,17477,--40337,--67251,KRX
20100518,-177500,5,-2000,-1.11,121482,4709,9482,+4773,+11251,26591,53505,+26914,+63698,KRX
20100517,-179500,5,-2500,-1.37,183960,11963,5485,--6478,--4152,67460,30676,--36784,--23980,KRX
20100514,182000,3,0,0.00,166751,6086,3760,--2326,+1461,33423,20619,--12804,+7988,KRX
20100513,182000,3,0,0.00,117116,6240,2453,--3787,--7600,34252,13460,--20792,--41694,KRX
20100512,+182000,2,+3500,+1.96,213788,2769,6582,+3813,+8446,15186,36088,+20902,+46953,KRX
20100511,+178500,2,+1000,+0.56,195042,10323,5690,--4633,--2365,57966,31915,--26051,--13312,KRX
20100510,+177500,2,+2000,+1.14,209063,8769,6501,--2268,+7627,49239,36500,--12739,+43128,KRX
20100507,-175500,5,-5000,-2.77,280128,18157,8262,--9895,--15334,102618,46751,--55867,--86085,KRX
20100506,+180500,2,+6000,+3.44,408308,7542,12981,+5439,+195,42179,72397,+30218,+197,KRX
20100504,-174500,5,-5500,-3.06,482606,5311,10555,+5244,--2112,29803,59824,+30021,--10769,KRX
20100503,-180000,5,-5500,-2.96,381188,3144,10500,+7356,+6073,17028,57818,+40790,+33893,KRX
20100430,-185500,5,-4500,-2.37,177011,5441,6724,+1283,+4432,28961,35858,+6897,+23514,KRX
20100429,-190000,5,-1000,-0.52,212659,5358,2209,--3149,+3994,28306,11689,--16617,+20930,KRX
20100428,191000,3,0,0.00,307497,9699,2556,--7143,--7519,51032,13485,--37547,--39465,KRX
20100427,+191000,2,+2000,+1.06,171538,5116,5492,+376,--3041,26951,28869,+1918,--16215,KRX
20100426,+189000,2,+4000,+2.16,144348,2878,6295,+3417,+3464,15268,33401,+18133,+18344,KRX
20100423,185000,3,0,0.00,112777,2588,2541,--47,+1918,13971,13760,--211,+10377,KRX
20100422,-185000,5,-1500,-0.80,160511,6483,4518,--1965,--6554,35032,24444,--10588,--35277,KRX
20100421,+186500,2,+5000,+2.75,493549,3761,8350,+4589,+3373,20313,45002,+24689,+18023,KRX
20100420,-181500,5,-2000,-1.09,362210,8931,10147,+1216,--529,49009,55675,+6666,--2687,KRX
20100419,-183500,5,-4500,-2.39,154595,2246,3991,+1745,+1776,12194,21547,+9353,+9532,KRX
20100416,-188000,5,-7000,-3.59,461381,4587,4556,--31,+1747,24087,23908,--179,+9100,KRX
20100415,-195000,5,-500,-0.26,175868,6120,4342,--1778,--4720,31689,22410,--9279,--24304,KRX
20100414,195500,3,0,0.00,202142,5451,8393,+2942,--5622,27816,42841,+15025,--28976,KRX
20100413,+195500,2,+5500,+2.89,292421,3781,12345,+8564,+7778,19415,63416,+44001,+39868,KRX
20100412,190000,3,0,0.00,120366,3539,4325,+786,+4106,18631,22764,+4133,+21555,KRX
20100409,-190000,5,-4000,-2.06,249182,6542,3222,--3320,--10690,34379,16957,--17422,--55524,KRX
20100408,+194000,2,+3000,+1.57,167137,4755,12125,+7370,--3455,24579,62681,+38102,--17867,KRX
20100407,191000,3,0,0.00,334560,4309,15134,+10825,+13123,22299,78268,+55969,+68051,KRX
20100406,+191000,2,+2000,+1.06,196814,5897,3599,--2298,--2983,30922,18840,--12082,--15684,KRX
20100405,+189000,2,+4000,+2.16,199261,4399,5084,+685,+2994,23300,26902,+3602,+15992,KRX
20100402,-185000,5,-2500,-1.33,127403,6420,4111,--2309,--7433,34547,22157,--12390,--40168,KRX
20100401,+187500,2,+7500,+4.17,341947,3153,8277,+5124,+3739,16925,44703,+27778,+20099,KRX
20100331,-180000,5,-1000,-0.55,301280,5080,6465,+1385,+3562,28249,35928,+7679,+19041,KRX
20100330,-181000,5,-7500,-3.98,621726,6241,4064,--2177,--2587,33569,22207,--11362,--13519,KRX
20100329,-188500,5,-500,-0.26,69427,2118,2528,+410,+4310,11219,13376,+2157,+22842,KRX
20100326,-189000,5,-1000,-0.53,155870,5404,1504,--3900,--2449,28587,7902,--20685,--12979,KRX
20100325,+190000,2,+1500,+0.80,160707,4194,2743,--1451,--687,22164,14458,--7706,--3636,KRX
20100324,-188500,5,-1500,-0.79,87981,3006,2242,--764,--4180,15907,11837,--4070,--22151,KRX
20100323,+190000,2,+6000,+3.26,291888,2911,6327,+3416,+5576,15420,33501,+18081,+29662,KRX
20100322,-184000,5,-2000,-1.08,273246,6158,3998,--2160,--4773,33116,21535,--11581,--25685,KRX
20100319,+186000,2,+3000,+1.64,85627,2399,5012,+2613,+4358,12937,27041,+14104,+23391,KRX
20100318,-183000,5,-6500,-3.43,227563,5887,4142,--1745,--13995,31783,22496,--9287,--74127,KRX
20100317,+189500,2,+1500,+0.80,103795,1501,13751,+12250,+7952,7944,72784,+64840,+41847,KRX
20100316,+188000,2,+4000,+2.17,142101,4775,9073,+4298,+4045,25568,48561,+22993,+21640,KRX
20100315,-184000,5,-5000,-2.65,104138,2274,2527,+253,--4614,12270,13623,+1353,--24833,KRX
20100312,189000,3,0,0.00,175362,1850,6717,+4867,+2804,9923,36109,+26186,+15213,KRX
20100311,+189000,2,+2000,+1.07,175976,11129,13192,+2063,--7512,58923,69896,+10973,--39592,KRX
20100310,-187000,5,-5000,-2.60,172224,1628,11203,+9575,+6315,8579,59144,+50565,+33482,KRX
20100309,+192000,2,+500,+0.26,140615,1600,4860,+3260,+1175,8376,25459,+17083,+6081,KRX
20100308,+191500,2,+6500,+3.51,310224,1695,3780,+2085,--3816,8911,19913,+11002,--20463,KRX
20100305,185000,3,0,0.00,171699,1447,7348,+5901,+5918,7774,39239,+31465,+31581,KRX
20100304,+185000,2,+2000,+1.09,107898,2708,2691,--17,+2464,14621,14505,--116,+13239,KRX
20100303,-183000,5,-5500,-2.92,226798,5338,2857,--2481,--4106,28842,15487,--13355,--21985,KRX
20100302,+188500,2,+7500,+4.14,265679,4793,6418,+1625,+7410,25608,34238,+8630,+40531,KRX
20100226,+181000,2,+500,+0.28,150853,8566,2781,--5785,--544,47256,15355,--31901,--2460,KRX
20100225,+180500,2,+2500,+1.40,194290,7510,2269,--5241,--4179,42088,12647,--29441,--23396,KRX
20100224,+178000,2,+2000,+1.14,94955,6249,5187,--1062,--3650,35369,29324,--6045,--20609,KRX
20100223,176000,3,0,0.00,80911,2061,4649,+2588,--442,11623,26187,+14564,--2631,KRX
20100222,+176000,2,+4000,+2.33,200451,5647,8677,+3030,+3661,32110,49305,+17195,+20916,KRX
20100219,-172000,5,-500,-0.29,171905,4122,3491,--631,+3261,24011,20290,--3721,+18690,KRX
20100218,-172500,5,-4500,-2.54,192027,6433,2541,--3892,--4113,37041,14630,--22411,--23540,KRX
20100217,+177000,2,+500,+0.28,252869,6545,6766,+221,--11773,36932,38061,+1129,--66598,KRX
20100216,+176500,2,+3000,+1.73,230516,3529,15523,+11994,+13216,19930,87657,+67727,+74927,KRX
20100212,+173500,2,+6500,+3.89,474912,13647,12425,--1222,--4032,79136,71936,--7200,--24222,KRX
20100211,+167000,2,+6000,+3.73,295814,5401,8211,+2810,+7853,32485,49507,+17022,+47801,KRX
20100210,-161000,5,-3000,-1.83,263845,8724,3681,--5043,--2948,53327,22548,--30779,--17970,KRX
20100209,-164000,5,-5500,-3.24,395017,4045,1950,--2095,+1027,24667,11858,--12809,+5572,KRX
20100208,+169500,2,+2500,+1.50,193049,5235,2113,--3122,--3202,30821,12440,--18381,--18901,KRX
20100205,-167000,5,-5000,-2.91,221041,5893,5973,+80,+161,35128,35648,+520,+1017,KRX
20100204,+172000,2,+5500,+3.30,603551,7273,7192,--81,--995,42423,41926,--497,--5880,KRX
20100203,-166500,5,-2000,-1.19,587920,5459,6373,+914,+5293,32674,38057,+5383,+31114,KRX
20100202,168500,3,0,0.00,251886,7724,3345,--4379,--10376,45422,19691,--25731,--61427,KRX
20100201,-168500,5,-4500,-2.60,314485,5081,11078,+5997,+3068,30155,65851,+35696,+18917,KRX
20100129,-173000,5,-9000,-4.95,365337,5890,8819,+2929,+7225,33877,50656,+16779,+40063,KRX
20100128,-182000,5,-3000,-1.62,242138,7085,2789,--4296,--4057,38404,15120,--23284,--22018,KRX
20100127,-185000,5,-2000,-1.07,175087,6967,6728,--239,+10747,37520,36254,--1266,+57759,KRX
20100126,-187000,5,-1000,-0.53,247881,12953,1967,--10986,--12191,69586,10561,--59025,--65567,KRX
20100125,+188000,2,+3500,+1.90,190580,3881,5086,+1205,+15802,20987,27529,+6542,+86113,KRX
20100122,-184500,5,-4500,-2.38,260775,18854,4257,--14597,--15614,102615,23044,--79571,--84914,KRX
20100121,+189000,2,+3000,+1.61,231874,3951,4968,+1017,+5889,21063,26406,+5343,+31911,KRX
20100120,+186000,2,+500,+0.27,216551,9254,4382,--4872,--3861,50285,23717,--26568,--21314,KRX
20100119,-185500,5,-1000,-0.54,241041,7325,6314,--1011,+2986,39030,33776,--5254,+16553,KRX
20100118,+186500,2,+5500,+3.04,233263,8630,4633,--3997,--4072,46812,25005,--21807,--22155,KRX
20100115,-181000,5,-1500,-0.82,303942,5451,5526,+75,+4409,30033,30381,+348,+23829,KRX
20100114,-182500,5,-4500,-2.41,316643,14996,10662,--4334,+370,81623,58142,--23481,+1899,KRX
20100113,-187000,5,-5000,-2.60,211340,6995,2291,--4704,--3331,37679,12299,--25380,--18051,KRX
20100112,+192000,2,+8500,+4.63,345142,9658,8285,--1373,+9005,51219,43890,--7329,+48847,KRX
20100111,-183500,5,-2500,-1.34,368378,17749,7371,--10378,--10656,96176,40000,--56176,--57646,KRX
20100108,-186000,5,-6500,-3.38,217263,2586,2864,+278,+172,13782,15252,+1470,+957,KRX
20100107,+192500,2,+500,+0.26,179990,3567,3673,+106,+14978,18502,19015,+513,+77220,KRX
20100106,-192000,5,-1000,-0.52,314863,20145,5273,--14872,--8831,104020,27313,--76707,--45248,KRX
20100105,193000,3,0,0.00,225816,10935,4894,--6041,--7538,56766,25307,--31459,--39309,KRX
20100104,+193000,2,+1000,+0.52,239168,3700,5197,+1497,+10361,19347,27197,+7850,+53961,KRX
20091230,-192000,5,-2000,-1.03,233858,16015,7151,--8864,--5405,83422,37311,--46111,--27996,KRX
20091229,+194000,2,+3000,+1.57,148515,8328,4869,--3459,--1959,43711,25596,--18115,--10463,KRX
20091228,-191000,5,-9000,-4.50,287230,10920,9420,--1500,--3772,56347,48695,--7652,--18844,KRX
20091224,+200000,2,+1000,+0.50,253665,15352,17624,+2272,+14540,76894,88086,+11192,+73314,KRX
20091223,+199000,2,+6000,+3.11,270326,17794,5526,--12268,--16506,89984,27862,--62122,--83980,KRX
20091222,-193000,5,-1500,-0.77,187448,2302,6540,+4238,+11000,11893,33751,+21858,+56703,KRX
20091221,+194500,2,+500,+0.26,205137,14592,7830,--6762,--13855,75145,40300,--34845,--71285,KRX
20091218,-194000,5,-2000,-1.02,225907,4371,11464,+7093,+13055,22527,58967,+36440,+66857,KRX
20091217,-196000,5,-2000,-1.01,307735,12793,6831,--5962,--7979,65150,34733,--30417,--40051,KRX
20091216,-198000,5,-3500,-1.74,552108,10709,12726,+2017,--84,53938,63572,+9634,--752,KRX
20091215,+201500,2,+500,+0.25,205219,5019,7120,+2101,--3329,24937,35323,+10386,--16733,KRX
20091214,-201000,5,-3000,-1.47,301311,3938,9368,+5430,+234,19640,46759,+27119,+1733,KRX
20091211,-204000,5,-6000,-2.86,258952,7337,12533,+5196,+5272,35879,61265,+25386,+28056,KRX
20091210,+210000,2,+3000,+1.45,451937,50203,50127,--76,--11830,242513,239843,--2670,--61000,KRX
20091209,+207000,2,+7500,+3.76,343356,4186,15940,+11754,+9632,20477,78807,+58330,+47687,KRX
20091208,+199500,2,+2500,+1.27,201409,2948,5070,+2122,--3048,14854,25497,+10643,--15579,KRX
20091207,+197000,2,+3500,+1.81,142970,3553,8723,+5170,--4093,18062,44284,+26222,--21204,KRX
20091204,193500,3,0,0.00,288897,3214,12477,+9263,+1714,16549,63975,+47426,+8093,KRX
20091203,+193500,2,+3500,+1.84,180949,2950,10499,+7549,+10842,15338,54671,+39333,+56941,KRX
20091202,+190000,2,+6000,+3.26,213188,9226,5933,--3293,--1710,49444,31836,--17608,--8932,KRX
20091201,-184000,5,-1000,-0.54,431458,9803,8220,--1583,+5091,53093,44417,--8676,+27520,KRX
20091130,+185000,2,+3500,+1.93,174785,13439,6765,--6674,--7372,72676,36480,--36196,--39514,KRX
20091127,-181500,5,-8000,-4.22,176376,9116,9814,+698,--2429,49544,52862,+3318,--13291,KRX
20091126,+189500,2,+500,+0.26,214139,5451,8578,+3127,+1344,28957,45566,+16609,+7294,KRX
20091125,-189000,5,-5000,-2.58,248011,8688,10471,+1783,--2909,46030,55345,+9315,--14860,KRX
20091124,-194000,5,-500,-0.26,194082,5732,10424,+4692,--801,29520,53695,+24175,--4020,KRX
20091123,+194500,2,+3000,+1.57,220295,2932,8425,+5493,+546,15081,43276,+28195,+2067,KRX
20091120,+191500,2,+4000,+2.13,135550,3534,8481,+4947,--1360,18529,44657,+26128,--7060,KRX
20091119,+187500,2,+1500,+0.81,149986,4496,10803,+6307,+345,23840,57028,+33188,+1752,KRX
20091118,-186000,5,-1500,-0.80,139191,6090,12052,+5962,+9726,32490,63926,+31436,+51518,KRX
20091117,-187500,5,-1500,-0.79,163085,6690,2926,--3764,+1231,35672,15590,--20082,+6917,KRX
20091116,+189000,2,+4500,+2.44,190501,11809,6814,--4995,--776,63403,36404,--26999,--3408,KRX
20091113,+184500,2,+1500,+0.82,215583,15765,11546,--4219,--3653,86694,63103,--23591,--20190,KRX
20091112,-183000,5,-7000,-3.68,222987,9889,9323,--566,--4602,53665,50264,--3401,--24692,KRX
20091111,+190000,2,+500,+0.26,186018,3347,7383,+4036,+5186,17713,39004,+21291,+27416,KRX
20091110,+189500,2,+6000,+3.27,284966,5869,4719,--1150,--3833,31258,25133,--6125,--20692,KRX
20091109,-183500,5,-2500,-1.34,180742,4421,7104,+2683,+3569,24075,38642,+14567,+19358,KRX
20091106,+186000,2,+500,+0.27,160472,3549,2663,--886,+8317,19149,14358,--4791,+45188,KRX
20091105,+185500,2,+1000,+0.54,308710,12164,2961,--9203,--5110,65988,16009,--49979,--27556,KRX
20091104,+184500,2,+8000,+4.53,338930,6806,2713,--4093,+7529,37299,14876,--22423,+43006,KRX
20091103,-176500,5,-3500,-1.94,196123,14014,2392,--11622,--19428,78875,13446,--65429,--108947,KRX
20091102,+180000,2,+2500,+1.41,281355,7154,14960,+7806,+2706,40055,83573,+43518,+15607,KRX
20091030,+177500,2,+6500,+3.80,393788,13040,18140,+5100,+11593,74111,102022,+27911,+65622,KRX
20091029,-171000,5,-1000,-0.58,317613,11491,4998,--6493,--8694,66755,29044,--37711,--50459,KRX
20091028,-172000,5,-4500,-2.55,199414,6434,8635,+2201,+5659,36814,49562,+12748,+32652,KRX
20091027,+176500,2,+3500,+2.02,210159,7339,3881,--3458,--1102,42095,22191,--19904,--6148,KRX
20091026,+173000,2,+500,+0.29,233227,10688,8332,--2356,--2073,62122,48366,--13756,--12119,KRX
20091023,-172500,5,-1000,-0.58,159710,4825,4542,--283,+3668,27836,26199,--1637,+20999,KRX
20091022,-173500,5,-6500,-3.61,295674,9278,5327,--3951,--5067,53224,30588,--22636,--28758,KRX
20091021,+180000,2,+1000,+0.56,185614,8627,9743,+1116,--170,48590,54712,+6122,--1105,KRX
20091020,179000,3,0,0.00,272530,5203,6489,+1286,+8608,29084,36311,+7227,+49366,KRX
20091019,+179000,2,+2500,+1.42,380534,14379,7057,--7322,--13629,82276,40137,--42139,--78022,KRX
20091016,+176500,2,+6000,+3.52,664947,4445,10752,+6307,+3432,25393,61276,+35883,+19295,KRX
20091015,+170500,2,+2000,+1.19,317941,5514,8389,+2875,--818,32636,49224,+16588,--5541,KRX
20091014,+168500,2,+6000,+3.69,359241,4749,8442,+3693,+14387,28324,50453,+22129,+88074,KRX
20091013,-162500,5,-6000,-3.56,416847,16469,5775,--10694,--12632,101422,35477,--65945,--77384,KRX
20091012,+168500,2,+4000,+2.43,186165,4649,6587,+1938,+6722,28186,39625,+11439,+40732,KRX
20091009,+164500,2,+500,+0.30,263187,9323,4539,--4784,--822,56970,27677,--29293,--5042,KRX
20091008,-164000,5,-4000,-2.38,381882,16851,12889,--3962,--10671,102838,78587,--24251,--64745,KRX
20091007,+168000,2,+8000,+5.00,579522,5553,12262,+6709,+33084,33495,73989,+40494,+203445,KRX
20091006,-160000,5,-10000,-5.88,678594,37608,11233,--26375,--33832,232111,69160,--162951,--206439,KRX
20091005,-170000,5,-3500,-2.02,309456,9577,17034,+7457,+2946,56091,99579,+43488,+17677,KRX
20091001,173500,3,0,0.00,283095,9222,13733,+4511,--11430,53204,79015,+25811,--67118,KRX
20090930,+173500,2,+3500,+2.06,454445,6923,22864,+15941,+12159,40102,133031,+92929,+70689,KRX
20090929,170000,3,0,0.00,223064,3365,7147,+3782,+5401,19768,42008,+22240,+31787,KRX
20090928,170000,3,0,0.00,336795,7657,6038,--1619,--1073,44913,35366,--9547,--6435,KRX
20090925,+170000,2,+1000,+0.59,341316,7147,6601,--546,--6639,42422,39310,--3112,--38539,KRX
20090924,-169000,5,-3500,-2.03,250652,5295,11388,+6093,+8003,31003,66430,+35427,+45890,KRX
20090923,-172500,5,-3500,-1.99,617791,9152,7242,--1910,--1570,52010,41547,--10463,--8413,KRX
20090922,+176000,2,+1000,+0.57,495122,9284,8944,--340,--1061,52426,50376,--2050,--6106,KRX
20090921,+175000,2,+5000,+2.94,402170,5512,6233,+721,--9844,31729,35785,+4056,--58258,KRX
20090918,+170000,2,+6500,+3.98,947270,24877,35442,+10565,+1854,146823,209137,+62314,+9093,KRX
20090917,-163500,5,-1500,-0.91,563705,5587,14298,+8711,+1517,33984,87205,+53221,+9498,KRX
20090916,+165000,2,+2500,+1.54,494909,8214,15408,+7194,+7882,50080,93803,+43723,+47948,KRX
20090915,-162500,5,-5500,-3.27,443873,7050,6362,--688,+4175,43037,38812,--4225,+24923,KRX
20090914,+168000,2,+1500,+0.90,232960,11247,6384,--4863,--5263,67259,38111,--29148,--31543,KRX
20090911,-166500,5,-2000,-1.19,217310,6709,7109,+400,--6892,40374,42769,+2395,--41214,KRX
20090910,+168500,2,+3000,+1.81,367290,16045,23337,+7292,+11468,95478,139087,+43609,+69319,KRX
20090909,+165500,2,+4000,+2.48,327615,7363,3187,--4176,--7107,45236,19526,--25710,--43728,KRX
20090908,-161500,5,-500,-0.31,286869,3349,6280,+2931,+3944,20741,38759,+18018,+24316,KRX
20090907,-162000,5,-3000,-1.82,228515,5915,4902,--1013,--2602,36269,29971,--6298,--15932,KRX
20090904,-165000,5,-1000,-0.60,277598,6389,7978,+1589,--3896,38505,48139,+9634,--23202,KRX
20090903,+166000,2,+1000,+0.61,258413,3757,9242,+5485,+3085,22592,55428,+32836,+18299,KRX
20090902,-165000,5,-4500,-2.65,361038,6068,8468,+2400,--1868,36595,51132,+14537,--10638,KRX
20090901,-169500,5,-500,-0.29,419660,5664,9932,+4268,+7222,33551,58726,+25175,+42407,KRX
20090831,-170000,5,-4000,-2.30,216203,7947,4993,--2954,--8543,46420,29188,--17232,--49223,KRX
20090828,-174000,5,-1000,-0.57,250618,5210,10799,+5589,--3265,29794,61785,+31991,--18462,KRX
20090827,+175000,2,+3000,+1.74,476276,5559,14413,+8854,+8402,31692,82145,+50453,+47650,KRX
20090826,+172000,2,+1500,+0.88,334826,12652,13104,+452,--9571,74008,76811,+2803,--55971,KRX
20090825,+170500,2,+3500,+2.10,432888,6462,16485,+10023,--237,37987,96761,+58774,--1916,KRX
20090824,+167000,2,+1000,+0.60,342655,7167,17427,+10260,+14360,42502,103192,+60690,+85748,KRX
20090821,+166000,2,+1500,+0.91,682094,10666,6566,--4100,--6624,65409,40351,--25058,--40425,KRX
20090820,-164500,5,-6000,-3.52,477740,5661,8185,+2524,+11403,34200,49567,+15367,+67972,KRX
20090819,+170500,2,+4500,+2.71,390826,11936,3057,--8879,--14604,70676,18071,--52605,--87083,KRX
20090818,+166000,2,+4000,+2.47,445420,4482,10207,+5725,+16090,27121,61599,+34478,+97421,KRX
20090817,-162000,5,-8500,-4.99,340812,12319,1954,--10365,--7829,74780,11837,--62943,--47610,KRX
20090814,+170500,2,+4500,+2.71,445085,8208,5672,--2536,+8460,48964,33631,--15333,+50192,KRX
20090813,-166000,5,-2500,-1.48,388989,17392,6396,--10996,--9095,103874,38349,--65525,--54199,KRX
20090812,-168500,5,-3000,-1.75,226778,5599,3698,--1901,+7340,33166,21840,--11326,+42990,KRX
20090811,+171500,2,+7500,+4.57,513759,17306,8065,--9241,--9923,101973,47657,--54316,--58284,KRX
20090810,-164000,5,-4000,-2.38,708841,7375,8057,+682,--131,44343,48311,+3968,--857,KRX
20090807,-168000,5,-7500,-4.27,764779,6341,7154,+813,--4241,37191,42016,+4825,--23764,KRX
20090806,-175500,5,-4500,-2.50,469557,7722,12776,+5054,+1142,43913,72502,+28589,+6867,KRX
20090805,-180000,5,-3500,-1.91,252152,4610,8522,+3912,+473,25631,47353,+21722,+2881,KRX
20090804,+183500,2,+1500,+0.82,301028,9793,13232,+3439,+4225,53765,72606,+18841,+23166,KRX
20090803,+182000,2,+3500,+1.96,343637,8052,7266,--786,+1815,44572,40247,--4325,+10295,KRX
20090731,-178500,5,-500,-0.28,411815,12169,9568,--2601,--746,68255,53635,--14620,--4328,KRX
20090730,-179000,5,-5500,-2.98,263785,5799,3944,--1855,--4217,31972,21680,--10292,--22994,KRX
20090729,-184500,5,-4000,-2.12,184009,2598,4960,+2362,+6398,14048,26750,+12702,+33495,KRX
20090728,-188500,5,-6000,-3.08,269064,9416,5380,--4036,--8683,49150,28357,--20793,--45207,KRX
20090727,+194500,2,+8000,+4.29,284500,5098,9745,+4647,+3346,26412,50826,+24414,+17420,KRX
20090724,-186500,5,-2500,-1.32,152918,5907,7208,+1301,--2029,31498,38492,+6994,--10622,KRX
20090723,-189000,5,-2000,-1.05,240353,8078,11408,+3330,+3163,43092,60708,+17616,+16739,KRX
20090722,+191000,2,+500,+0.26,168994,5332,5499,+167,--2306,28094,28971,+877,--12029,KRX
20090721,+190500,2,+1000,+0.53,213890,6265,8738,+2473,--8188,32711,45617,+12906,--43742,KRX
20090720,+189500,2,+10500,+5.87,247503,4354,15015,+10661,+9130,23095,79743,+56648,+48158,KRX
20090717,+179000,2,+2500,+1.42,124010,3083,4614,+1531,+972,17191,25681,+8490,+5094,KRX
20090716,-176500,5,-3000,-1.67,109541,4102,4661,+559,+3451,22822,26218,+3396,+19560,KRX
20090715,+179500,2,+6000,+3.46,158604,7760,4868,--2892,+2220,43220,27056,--16164,+12935,KRX
20090714,-173500,5,-4000,-2.25,157294,9183,4071,--5112,--1150,52045,22946,--29099,--6567,KRX
20090713,-177500,5,-3000,-1.66,133659,7048,3086,--3962,+1739,39989,17457,--22532,+9506,KRX
20090710,180500,3,0,0.00,180687,10327,4626,--5701,--1901,58163,26125,--32038,--11090,KRX
20090709,-180500,5,-5000,-2.70,289288,17052,13252,--3800,--3916,94049,73101,--20948,--21398,KRX
20090708,-185500,5,-1000,-0.54,103030,6745,6861,+116,+2353,36625,37075,+450,+12447,KRX
20090707,-186500,5,-3000,-1.58,134565,5183,2946,--2237,+2167,27628,15631,--11997,+11386,KRX
20090706,-189500,5,-1500,-0.79,150254,8003,3599,--4404,--6097,42446,19063,--23383,--32423,KRX
20090703,+191000,2,+8500,+4.66,315788,2807,4500,+1693,+6095,14929,23969,+9040,+32923,KRX
20090702,+182500,2,+2000,+1.11,293157,9086,4684,--4402,--8050,49250,25367,--23883,--43954,KRX
20090701,+180500,2,+4000,+2.27,177804,2604,6252,+3648,+1437,14510,34581,+20071,+7733,KRX
20090630,+176500,2,+2000,+1.15,258203,14528,16739,+2211,--613,81818,94156,+12338,--3691,KRX
20090629,174500,3,0,0.00,211540,2725,5549,+2824,+4258,15671,31700,+16029,+24350,KRX
20090626,+174500,2,+1000,+0.58,217326,4826,3392,--1434,--13783,27796,19475,--8321,--78631,KRX
20090625,+173500,2,+6500,+3.89,206178,5472,17821,+12349,+8224,31538,101848,+70310,+46090,KRX
20090624,-167000,5,-4000,-2.34,138195,5312,9437,+4125,+14602,31415,55635,+24220,+86383,KRX
20090623,-171000,5,-6000,-3.39,221130,13519,3042,--10477,--4841,80101,17938,--62163,--30206,KRX
20090622,+177000,2,+2000,+1.14,167634,9463,3827,--5636,--4852,53536,21579,--31957,--27450,KRX
20090619,+175000,2,+1500,+0.86,183397,3458,2674,--784,+10915,19822,15315,--4507,+61442,KRX
20090618,-173500,5,-9500,-5.19,320203,14332,2633,--11699,--8630,80944,14995,--65949,--49108,KRX
20090617,-183000,5,-3000,-1.61,165145,7153,4084,--3069,+1759,39111,22270,--16841,+9500,KRX
20090616,+186000,2,+4500,+2.48,184638,8128,3300,--4828,+1871,44356,18015,--26341,+11108,KRX
20090615,-181500,5,-2000,-1.09,184966,15257,8558,--6699,--649,84884,47435,--37449,--4483,KRX
20090612,-183500,5,-4500,-2.39,192564,8913,2863,--6050,--10174,48518,15552,--32966,--54914,KRX
20090611,+188000,2,+7000,+3.87,328383,21097,25221,+4124,--4891,113351,135299,+21948,--27821,KRX
20090610,+181000,2,+5500,+3.13,207307,3817,12832,+9015,+11352,21425,71194,+49769,+63340,KRX
20090609,-175500,5,-4500,-2.50,312900,7650,5313,--2337,--2777,42923,29352,--13571,--15960,KRX
20090608,-180000,5,-1500,-0.83,173458,4977,5417,+440,+6788,27752,30141,+2389,+38010,KRX
20090605,+181500,2,+1500,+0.83,492685,11343,4995,--6348,+2819,63550,27929,--35621,+15064,KRX
20090604,-180000,5,-4500,-2.44,211809,13146,3979,--9167,--10872,72732,22047,--50685,--59872,KRX
20090603,-184500,5,-8000,-4.16,255343,6566,8271,+1705,+8806,35284,44471,+9187,+45606,KRX
20090602,-192500,5,-7500,-3.75,321421,10771,3670,--7101,--7399,55377,18958,--36419,--37230,KRX
20090601,+200000,2,+1000,+0.50,318656,11904,12202,+298,--1195,60321,61132,+811,--2661,KRX
20090529,+199000,2,+11000,+5.85,265409,17414,18907,+1493,+78,93351,96823,+3472,--4032,KRX
20090528,+188000,2,+8500,+4.74,195848,10475,11890,+1415,+7059,56929,64433,+7504,+38379,KRX
20090527,-179500,5,-7500,-4.01,424043,11591,5947,--5644,+3535,63668,32793,--30875,+17893,KRX
20090526,-187000,5,-5500,-2.86,181343,14973,5794,--9179,--1213,79526,30758,--48768,--6152,KRX
20090525,-192500,5,-1500,-0.77,233427,17858,9892,--7966,--10533,94600,51984,--42616,--55146,KRX
20090522,-194000,5,-2500,-1.27,228014,7858,10425,+2567,--6202,40168,52698,+12530,--32259,KRX
20090521,-196500,5,-500,-0.25,195184,4072,12841,+8769,+5124,20886,65675,+44789,+26178,KRX
20090520,+197000,2,+10000,+5.35,419891,6335,9980,+3645,+7112,32730,51341,+18611,+37717,KRX
20090519,+187000,2,+7000,+3.89,205771,10480,7013,--3467,--10591,57520,38414,--19106,--59005,KRX
20090518,180000,3,0,0.00,232199,10637,17761,+7124,+11076,60408,100307,+39899,+61781,KRX
20090515,180000,3,0,0.00,184077,10643,6691,--3952,+927,58976,37094,--21882,+5103,KRX
20090514,-180000,5,-5000,-2.70,357302,19190,14311,--4879,--7826,106419,79434,--26985,--43226,KRX
20090513,+185000,2,+11500,+6.63,614288,8066,11013,+2947,--2135,44376,60617,+16241,--12671,KRX
20090512,+173500,2,+5000,+2.97,754183,8002,13084,+5082,+13132,45937,74849,+28912,+78119,KRX
20090511,+168500,2,+9000,+5.64,679814,14254,6204,--8050,--8856,86684,37477,--49207,--54115,KRX
20090508,+159500,2,+2500,+1.59,371844,8101,8907,+806,+2539,51059,55967,+4908,+15832,KRX
20090507,-157000,5,-1500,-0.95,399474,9293,7560,--1733,+6984,58459,47535,--10924,+44335,KRX
20090506,-158500,5,-1500,-0.94,455381,15549,6832,--8717,--12343,98365,43106,--55259,--78185,KRX
20090504,+160000,2,+4500,+2.89,468354,7451,11077,+3626,+3017,47575,70501,+22926,+19126,KRX
20090430,-155500,5,-1500,-0.96,530450,11492,12101,+609,--1235,74040,77840,+3800,--8190,KRX
20090429,+157000,2,+4500,+2.95,198527,4711,6555,+1844,--8564,30557,42547,+11990,--55521,KRX
20090428,-152500,5,-500,-0.33,287677,3064,13472,+10408,+12654,19931,87442,+67511,+82092,KRX
20090427,-153000,5,-7000,-4.38,380451,7918,5672,--2246,--5111,51265,36684,--14581,--32191,KRX
20090424,+160000,2,+4000,+2.56,348895,4941,7806,+2865,+3959,31122,48732,+17610,+24835,KRX
20090423,-156000,5,-3500,-2.19,248595,9075,7981,--1094,+9971,57860,50635,--7225,+62651,KRX
20090422,+159500,2,+500,+0.31,287056,16055,4990,--11065,--11117,101306,31430,--69876,--70156,KRX
20090421,-159000,5,-6500,-3.93,447194,6639,6691,+52,--806,41601,41881,+280,--4552,KRX
20090420,+165500,2,+11500,+7.47,317664,6999,7857,+858,+6621,43566,48398,+4832,+41384,KRX
20090417,-154000,5,-9000,-5.52,443862,13198,7435,--5763,+6230,83437,46885,--36552,+36441,KRX
20090416,-163000,5,-2000,-1.21,397372,20392,8399,--11993,--12640,124187,51194,--72993,--77161,KRX
20090415,-165000,5,-9500,-5.44,342456,8450,9097,+647,+5380,50547,54715,+4168,+31805,KRX
20090414,+174500,2,+3000,+1.75,295600,14263,9530,--4733,--1096,82747,55110,--27637,--6445,KRX
20090413,+171500,2,+4000,+2.39,347175,10189,6552,--3637,--4790,59189,37997,--21192,--27902,KRX
20090410,+167500,2,+1500,+0.90,244525,12084,13237,+1153,--2396,72289,78999,+6710,--14213,KRX
20090409,+166000,2,+5500,+3.43,450233,13979,17528,+3549,+2940,84680,105603,+20923,+17378,KRX
20090408,-160500,5,-500,-0.31,349393,7719,8328,+609,+1126,48080,51625,+3545,+6865,KRX
20090407,+161000,2,+4500,+2.88,397676,9029,8512,--517,--757,56470,53150,--3320,--4664,KRX
20090406,156500,3,0,0.00,407812,11073,11313,+240,--11724,70017,71361,+1344,--74705,KRX
20090403,-156500,5,-1500,-0.95,418841,11406,23370,+11964,+13832,72462,148511,+76049,+88444,KRX
20090402,+158000,2,+5000,+3.27,478712,14022,12154,--1868,--4028,90397,78002,--12395,--26190,KRX
20090401,+153000,2,+2000,+1.32,434780,11767,13927,+2160,+5563,77323,91118,+13795,+36978,KRX
20090331,-151000,5,-6500,-4.13,472149,16594,13191,--3403,--3774,108255,85072,--23183,--24968,KRX
20090330,-157500,5,-11500,-6.80,216264,4775,5146,+371,--5960,29522,31307,+1785,--35854,KRX
20090327,+169000,2,+1500,+0.90,219854,6195,12526,+6331,--4119,36901,74540,+37639,--25256,KRX
20090326,+167500,2,+7000,+4.36,247681,5830,16280,+10450,+2647,35850,98745,+62895,+13828,KRX
20090325,-160500,5,-3000,-1.83,275284,3148,10951,+7803,+10163,19519,68586,+49067,+64612,KRX
20090324,+163500,2,+6500,+4.14,273639,10485,8125,--2360,--7877,66023,50478,--15545,--51221,KRX
20090323,+157000,2,+6500,+4.32,232545,4991,10508,+5517,--4084,32366,68042,+35676,--26807,KRX
20090320,+150500,2,+2000,+1.35,352080,3769,13370,+9601,+1946,24960,87443,+62483,+11590,KRX
20090319,148500,3,0,0.00,299784,2807,10462,+7655,--9494,18758,69651,+50893,--64209,KRX
20090318,+148500,2,+4500,+3.13,420132,3935,21084,+17149,+8737,26552,141654,+115102,+55642,KRX
20090317,+144000,2,+3500,+2.49,499333,3845,12257,+8412,+6305,27288,86748,+59460,+44681,KRX
20090316,-140500,5,-1000,-0.71,427219,5789,7896,+2107,--17118,41275,56054,+14779,--119196,KRX
20090313,-141500,5,-8000,-5.35,638747,5633,24858,+19225,--2617,39266,173241,+133975,--12180,KRX
20090312,-149500,5,-2500,-1.64,1387309,7848,29690,+21842,--12006,52509,198664,+146155,--79647,KRX
20090311,+152000,2,+8500,+5.92,727382,2297,36145,+33848,+13301,15411,241213,+225802,+82687,KRX
20090310,+143500,2,+1500,+1.06,568929,1623,22170,+20547,+18327,11321,154436,+143115,+127055,KRX
20090309,+142000,2,+7500,+5.58,399639,1042,3262,+2220,+1986,7522,23582,+16060,+14362,KRX
20090306,-134500,5,-4500,-3.24,411686,1049,1283,+234,+487,7798,9496,+1698,+3547,KRX
20090305,+139000,2,+6000,+4.51,444427,2332,2079,--253,--765,16833,14984,--1849,--5478,KRX
20090304,+133000,2,+500,+0.38,219336,4019,4531,+512,--281,30172,33801,+3629,--2734,KRX
20090303,+132500,2,+5000,+3.92,237141,2564,3357,+793,+668,19769,26132,+6363,+5610,KRX
20090302,-127500,5,-5500,-4.14,337271,2026,2151,+125,--212,15629,16382,+753,--1421,KRX
20090227,-133000,5,-5500,-3.97,454200,3202,3539,+337,+578,23928,26102,+2174,+3887,KRX
20090226,+138500,2,+2000,+1.47,196510,2269,2028,--241,--1591,16357,14644,--1713,--11490,KRX
20090225,136500,3,0,0.00,270053,1203,2553,+1350,+2500,8741,18518,+9777,+17935,KRX
20090224,-136500,5,-5000,-3.53,375316,2037,887,--1150,--2336,14447,6289,--8158,--16477,KRX
20090223,+141500,2,+7500,+5.60,434686,1261,2447,+1186,+306,9039,17358,+8319,+1843,KRX
20090220,+134000,2,+2000,+1.52,503525,1876,2756,+880,+1499,14107,20583,+6476,+11112,KRX
20090219,+132000,2,+4000,+3.13,230381,1669,1050,--619,--1494,12636,8000,--4636,--11375,KRX
20090218,-128000,5,-3000,-2.29,248570,1778,2653,+875,+588,13718,20457,+6739,+4505,KRX
20090217,-131000,5,-5000,-3.68,306042,912,1199,+287,+1238,6858,9092,+2234,+9298,KRX
20090216,+136000,2,+3500,+2.64,373954,2041,1090,--951,--989,15196,8132,--7064,--7350,KRX
20090213,+132500,2,+1000,+0.76,225978,302,340,+38,+963,2283,2569,+286,+7363,KRX
20090212,+131500,2,+500,+0.38,539381,1687,762,--925,+676,12903,5826,--7077,+5522,KRX
20090211,+131000,2,+2500,+1.95,351463,2644,1043,--1601,+2531,20756,8157,--12599,+20361,KRX
20090210,+128500,2,+4000,+3.21,437315,9281,5149,--4132,--293,73346,40386,--32960,--2094,KRX
20090209,-124500,5,-1500,-1.19,559438,4893,1054,--3839,--2935,39309,8443,--30866,--23618,KRX
20090206,-126000,5,-4000,-3.08,1019929,1588,684,--904,--2133,12609,5361,--7248,--16421,KRX
20090205,-130000,5,-8000,-5.80,464734,859,2088,+1229,--566,6417,15590,+9173,--3736,KRX
20090204,-138000,5,-1000,-0.72,320229,921,2716,+1795,+1812,6693,19602,+12909,+12981,KRX
20090203,-139000,5,-5500,-3.81,315094,2833,2816,--17,--3544,20290,20218,--72,--24860,KRX
20090202,+144500,2,+4500,+3.21,289936,1593,5120,+3527,+2299,11196,35984,+24788,+15876,KRX
20090130,+140000,2,+3000,+2.19,270952,1178,2406,+1228,--3173,8567,17479,+8912,--23857,KRX
20090129,+137000,2,+10500,+8.30,502391,2939,7340,+4401,+3096,21767,54536,+32769,+22291,KRX
20090128,+126500,2,+5000,+4.12,150592,433,1738,+1305,--372,3445,13923,+10478,--3132,KRX
20090123,-121500,5,-5000,-3.95,158174,204,1881,+1677,+1532,1645,15255,+13610,+12502,KRX
20090122,126500,3,0,0.00,89562,1652,1797,+145,+3047,12974,14082,+1108,+24072,KRX
20090121,-126500,5,-2500,-1.94,182487,4995,2093,--2902,--3686,39482,16518,--22964,--29056,KRX
20090120,-129000,5,-500,-0.39,70583,409,1193,+784,+699,3191,9283,+6092,+5434,KRX
20090119,-129500,5,-500,-0.38,126483,708,793,+85,+2018,5411,6069,+658,+15577,KRX
20090116,+130000,2,+4000,+3.17,172384,3122,1189,--1933,--3139,24048,9129,--14919,--24457,KRX
20090115,-126000,5,-5500,-4.18,278400,1832,3038,+1206,+1988,14311,23849,+9538,+15623,KRX
20090114,+131500,2,+3000,+2.33,206837,1714,932,--782,--1395,13202,7117,--6085,--10823,KRX
20090113,+128500,2,+3000,+2.39,268118,1817,2430,+613,+3702,14523,19261,+4738,+29090,KRX
20090112,-125500,5,-4500,-3.46,158320,3795,706,--3089,--3099,29955,5603,--24352,--24316,KRX
20090109,130000,3,0,0.00,238947,1486,1496,+10,+663,11548,11512,--36,+5131,KRX
20090108,-130000,5,-500,-0.38,457189,1875,1222,--653,--1244,14560,9393,--5167,--9582,KRX
20090107,+130500,2,+8500,+6.97,386566,3854,4445,+591,+4824,30181,34596,+4415,+38737,KRX
20090106,-122000,5,-4500,-3.56,435885,5722,1489,--4233,--4501,46269,11947,--34322,--36330,KRX
20090105,-126500,5,-1000,-0.78,125537,955,1223,+268,+800,7478,9486,+2008,+6278,KRX
20090102,-127500,5,-2500,-1.92,142601,2075,1543,--532,+1374,16319,12049,--4270,+10435,KRX
20081230,+130000,2,+3500,+2.77,235554,2894,988,--1906,--4509,22323,7618,--14705,--35431,KRX
20081229,+126500,2,+6000,+4.98,173308,1368,3971,+2603,+4384,10850,31576,+20726,+35137,KRX
20081226,-120500,5,-4000,-3.21,145385,2723,942,--1781,+351,22118,7707,--14411,+2846,KRX
20081224,-124500,5,-3000,-2.35,171694,2899,767,--2132,--3652,23476,6219,--17257,--29314,KRX
20081223,-127500,5,-500,-0.39,154054,560,2080,+1520,+4671,4394,16451,+12057,+36310,KRX
20081222,-128000,5,-7000,-5.19,319716,4363,1212,--3151,--2816,33654,9401,--24253,--21619,KRX
20081219,+135000,2,+9500,+7.57,380294,2752,2417,--335,+587,20992,18358,--2634,+4604,KRX
20081218,-125500,5,-4000,-3.09,169540,1440,518,--922,+1237,11323,4085,--7238,+9244,KRX
20081217,+129500,2,+4500,+3.60,491176,6718,4559,--2159,--14845,51714,35232,--16482,--121375,KRX
20081216,+125000,2,+10000,+8.70,573343,677,13363,+12686,+13845,5638,110531,+104893,+115018,KRX
20081215,+115000,2,+4500,+4.07,267900,2779,1620,--1159,--2700,24206,14081,--10125,--23995,KRX
20081212,-110500,5,-6000,-5.15,198929,972,2513,+1541,+6054,8717,22587,+13870,+52644,KRX
20081211,-116500,5,-1500,-1.27,289037,6430,1917,--4513,--11078,55015,16241,--38774,--95634,KRX
20081210,+118000,2,+8000,+7.27,345560,1085,7650,+6565,+6731,9460,66320,+56860,+58354,KRX
20081209,-110000,5,-3000,-2.65,253846,1063,897,--166,+100,9617,8123,--1494,+1098,KRX
20081208,+113000,2,+5500,+5.12,381158,1172,906,--266,--1843,10669,8077,--2592,--17616,KRX
20081205,+107500,2,+3000,+2.87,188291,772,2349,+1577,--959,7282,22306,+15024,--9800,KRX
20081204,+104500,2,+1000,+0.97,297980,237,2773,+2536,+1861,2286,27110,+24824,+18209,KRX
20081203,-103500,5,-4500,-4.17,344998,1803,2478,+675,+1229,17090,23705,+6615,+11719,KRX
20081202,-108000,5,-6000,-5.26,296473,3103,2549,--554,+182,28892,23788,--5104,+1123,KRX
20081201,-114000,5,-8500,-6.94,258409,2350,1614,--736,--3588,20136,13909,--6227,--29747,KRX
20081128,+122500,2,+4000,+3.38,399179,415,3267,+2852,+596,3581,27101,+23520,+4187,KRX
20081127,+116600,2,+6900,+6.29,600929,1212,3468,+2256,+1778,10439,29772,+19333,+14910,KRX
20081126,+109700,2,+3700,+3.49,371176,1748,2226,+478,+449,15851,20274,+4423,+4414,KRX
20081125,+106000,2,+6500,+6.53,263526,3120,3149,+29,--1074,29901,29910,+9,--10732,KRX
20081124,-99500,5,-8000,-7.44,271803,877,1980,+1103,--4908,8602,19343,+10741,--51198,KRX
20081121,+107500,2,+13400,+14.24,638856,930,6941,+6011,+4528,9437,71376,+61939,+46202,KRX
20081120,-94100,5,-9300,-8.99,628008,903,2386,+1483,+1809,9442,25179,+15737,+18884,KRX
20081119,-103400,5,-5700,-5.22,532331,1549,1223,--326,+1115,14971,11824,--3147,+9786,KRX
20081118,-109100,5,-10900,-9.08,557231,3876,2435,--1441,--1129,34545,21612,--12933,--10398,KRX
20081117,-120000,5,-7500,-5.88,310651,1829,1517,--312,--2678,14982,12447,--2535,--21084,KRX
20081114,+127500,2,+2000,+1.59,223624,1194,3560,+2366,+1124,9383,27932,+18549,+8253,KRX
20081113,+125500,2,+2500,+2.03,190613,250,1492,+1242,+371,2035,12331,+10296,+3186,KRX
20081112,+123000,2,+800,+0.65,156021,503,1374,+871,+1720,4116,11226,+7110,+13953,KRX
20081111,-122200,5,-6000,-4.68,177494,2282,1433,--849,--2957,18329,11486,--6843,--23385,KRX
20081110,+128200,2,+5600,+4.57,276131,116,2224,+2108,+1801,914,17456,+16542,+14251,KRX
20081107,-122600,5,-100,-0.08,431630,2325,2632,+307,--1749,19635,21926,+2291,--14247,KRX
20081106,-122700,5,-5200,-4.07,284739,1126,3182,+2056,+3626,9253,25791,+16538,+28440,KRX
20081105,-127900,5,-10700,-7.72,707358,2344,774,--1570,--173,17626,5724,--11902,--1638,KRX
20081104,-138600,5,-4000,-2.81,275356,3372,1975,--1397,--7978,24595,14331,--10264,--57454,KRX
20081103,+142600,2,+7700,+5.71,333951,387,6968,+6581,+1185,2784,49974,+47190,+6350,KRX
20081031,+134900,2,+5400,+4.17,356984,2034,7430,+5396,+1659,15406,56246,+40840,+11283,KRX
20081030,+129500,2,+16500,+14.60,570953,432,4169,+3737,+4295,3412,32969,+29557,+34604,KRX
20081029,-113000,5,-3800,-3.25,632417,2188,1630,--558,--397,18313,13266,--5047,--3563,KRX
20081028,-116800,5,-1200,-1.02,445256,1756,1595,--161,--2292,15194,13710,--1484,--19993,KRX
20081027,+118000,2,+3500,+3.06,308651,942,3073,+2131,--672,8194,26703,+18509,--5510,KRX
20081024,-114500,5,-4500,-3.78,365392,1696,4499,+2803,--669,14769,38788,+24019,--5094,KRX
20081023,-119000,5,-7000,-5.56,225800,1463,4935,+3472,+6587,12530,41643,+29113,+53758,KRX
20081022,-126000,5,-5500,-4.18,190462,5225,2110,--3115,--4164,41262,16617,--24645,--32795,KRX
20081021,+131500,2,+800,+0.61,172062,934,1983,+1049,--3102,7222,15372,+8150,--24840,KRX
20081020,+130700,2,+6700,+5.40,242863,1207,5358,+4151,+2893,9716,42706,+32990,+23130,KRX
20081017,+124000,2,+1000,+0.81,320831,1098,2356,+1258,--6230,8692,18552,+9860,--50320,KRX
20081016,-123000,5,-11500,-8.55,323189,705,8193,+7488,+8409,5704,65884,+60180,+67009,KRX
20081015,-134500,5,-2000,-1.47,177060,1589,668,--921,--1416,11778,4949,--6829,--10487,KRX
20081014,+136500,2,+15500,+12.81,556611,1005,1500,+495,+1249,7488,11146,+3658,+9856,KRX
20081013,+121000,2,+3200,+2.72,364348,1179,425,--754,--480,9685,3487,--6198,--4075,KRX
20081010,-117800,5,-2000,-1.67,400331,3104,2830,--274,+4478,26897,24774,--2123,+37379,KRX
20081009,-119800,5,-200,-0.17,669992,5394,642,--4752,--4793,44786,5284,--39502,--39831,KRX
20081008,-120000,5,-12100,-9.16,580108,2477,2518,+41,--288,20476,20805,+329,--2185,KRX
20081007,-132100,5,-1600,-1.20,420426,988,1317,+329,+2947,7615,10129,+2514,+21789,KRX
20081006,-133700,5,-11300,-7.79,727992,4010,1392,--2618,--5310,29624,10349,--19275,--37888,KRX
20081002,-145000,5,-4800,-3.20,284741,244,2936,+2692,+3961,1696,20309,+18613,+27097,KRX
20081001,-149800,5,-200,-0.13,674079,1892,623,--1269,--10459,12600,4116,--8484,--69596,KRX
20080930,-150000,5,-3600,-2.34,592744,1061,10251,+9190,+6396,7155,68267,+61112,+42953,KRX
20080929,+153600,2,+3800,+2.54,320047,1523,4317,+2794,--5817,9939,28098,+18159,--39086,KRX
20080926,+149800,2,+200,+0.13,464848,1111,9722,+8611,+6141,7357,64602,+57245,+40565,KRX
20080925,+149600,2,+3700,+2.54,514459,1040,3510,+2470,+584,7001,23681,+16680,+3776,KRX
20080924,+145900,2,+3100,+2.17,506092,709,2595,+1886,+6303,4866,17770,+12904,+43872,KRX
20080923,-142800,5,-200,-0.14,243605,5854,1437,--4417,+126,41016,10048,--30968,+394,KRX
20080922,-143000,5,-5000,-3.38,282460,5814,1271,--4543,--3690,40080,8718,--31362,--25438,KRX
20080919,+148000,2,+8900,+6.40,603479,3142,2289,--853,--764,21441,15517,--5924,--5280,KRX
20080918,-139100,5,-5500,-3.80,353824,1294,1205,--89,--4127,9299,8655,--644,--28340,KRX
20080917,+144600,2,+4600,+3.29,379975,1350,5388,+4038,+3344,9359,37055,+27696,+22919,KRX
20080916,-140000,5,-5100,-3.51,255311,1511,2205,+694,+1835,11060,15837,+4777,+12608,KRX
20080912,+145100,2,+5000,+3.57,238722,2488,1347,--1141,+8119,17195,9364,--7831,+58105,KRX
20080911,+140100,2,+100,+0.07,426556,11782,2522,--9260,+3503,83845,17909,--65936,+20525,KRX
20080910,-140000,5,-16000,-10.26,661958,16825,4062,--12763,--13669,114041,27580,--86461,--92352,KRX
20080909,-156000,5,-3200,-2.01,174810,537,1443,+906,+8079,3425,9316,+5891,+51456,KRX
20080908,+159200,2,+5800,+3.78,224796,8038,865,--7173,--7497,51045,5480,--45565,--47687,KRX
20080905,+153400,2,+5400,+3.65,175044,571,895,+324,--2228,3749,5871,+2122,--14566,KRX
20080904,+148000,2,+3200,+2.21,242178,2456,5008,+2552,+4081,16578,33266,+16688,+27300,KRX
20080903,+144800,2,+8900,+6.55,405244,3357,1828,--1529,--1325,23492,12880,--10612,--9093,KRX
20080902,-135900,5,-6100,-4.30,324634,2057,1853,--204,--1070,14930,13411,--1519,--7527,KRX
20080901,-142000,5,-8000,-5.33,187034,2262,3128,+866,+3400,15900,21908,+6008,+22772,KRX
20080829,-150000,5,-1600,-1.06,144939,5167,2633,--2534,--2180,34259,17495,--16764,--14418,KRX
20080828,-151600,5,-2100,-1.37,80490,2926,2572,--354,+810,19157,16811,--2346,+5347,KRX
20080827,+153700,2,+1200,+0.79,153153,1869,705,--1164,--227,12323,4630,--7693,--1683,KRX
20080826,-152500,5,-1100,-0.72,244074,1558,621,--937,--1309,10080,4070,--6010,--8399,KRX
20080825,+153600,2,+9700,+6.74,342332,1104,1476,+372,--984,7242,9631,+2389,--7099,KRX
20080822,+143900,2,+400,+0.28,244700,888,2244,+1356,+3462,6253,15741,+9488,+23792,KRX
20080821,-143500,5,-2500,-1.71,289255,3120,1014,--2106,--2139,21294,6990,--14304,--14494,KRX
20080820,-146000,5,-4100,-2.73,728765,1274,1307,+33,+152,8678,8868,+190,+1010,KRX
20080819,-150100,5,-6400,-4.09,142120,1459,1340,--119,+510,9684,8864,--820,+3177,KRX
20080818,-156500,5,-4900,-3.04,160389,1086,457,--629,+294,6914,2917,--3997,+1753,KRX
20080814,+161400,2,+400,+0.25,110455,1642,719,--923,--102,10235,4485,--5750,--711,KRX
20080813,-161000,5,-6800,-4.05,116496,1058,237,--821,--1245,6500,1461,--5039,--7533,KRX
20080812,+167800,2,+4500,+2.76,229376,1218,1642,+424,+6263,7298,9792,+2494,+38416,KRX
20080811,+163300,2,+2000,+1.24,214062,6186,347,--5839,--5584,38051,2129,--35922,--34346,KRX
20080808,-161300,5,-13700,-7.83,476295,1959,1704,--255,--2632,12063,10487,--1576,--15128,KRX
20080807,+175000,2,+4900,+2.88,371274,169,2546,+2377,+2342,964,14516,+13552,+13441,KRX
20080806,+170100,2,+2100,+1.25,228186,1041,1076,+35,--679,6128,6239,+111,--4098,KRX
20080805,+168000,2,+300,+0.18,176007,740,1454,+714,+1310,4375,8584,+4209,+7730,KRX
20080804,-167700,5,-900,-0.53,77198,976,380,--596,--489,5768,2247,--3521,--2872,KRX
20080801,+168600,2,+600,+0.36,78664,388,281,--107,+2225,2321,1672,--649,+13436,KRX
20080731,-168000,5,-100,-0.06,195668,5743,3411,--2332,--3340,34817,20732,--14085,--20070,KRX
20080730,+168100,2,+2200,+1.33,179829,1301,2309,+1008,--171,7743,13728,+5985,--1182,KRX
20080729,-165900,5,-4000,-2.35,103307,161,1340,+1179,+3089,975,8142,+7167,+18184,KRX
20080728,-169900,5,-8100,-4.55,177393,2429,519,--1910,--2572,13993,2976,--11017,--14893,KRX
20080725,+178000,2,+3500,+2.01,161402,1714,2376,+662,+1458,9986,13862,+3876,+8341,KRX
20080724,+174500,2,+13500,+8.39,370332,1801,1005,--796,+2977,10444,5979,--4465,+18959,KRX
20080723,+161000,2,+1200,+0.75,173709,4450,677,--3773,--3398,27608,4184,--23424,--21038,KRX
20080722,+159800,2,+2300,+1.46,68606,1401,1026,--375,--1881,8899,6513,--2386,--11897,KRX
20080721,+157500,2,+1500,+0.96,176632,792,2298,+1506,+1423,5008,14519,+9511,+9007,KRX
20080718,-156000,5,-6600,-4.06,150521,442,525,+83,+287,2817,3321,+504,+1759,KRX
20080717,+162600,2,+5200,+3.30,291763,661,457,--204,+1870,4058,2803,--1255,+12024,KRX
20080716,-157400,5,-2600,-1.63,599989,6440,4366,--2074,--1427,41262,27983,--13279,--9174,KRX
20080715,-160000,5,-10400,-6.10,195924,2072,1425,--647,--1262,12818,8713,--4105,--7571,KRX
20080714,-170400,5,-2000,-1.16,148506,1964,2579,+615,--489,11483,14949,+3466,--2927,KRX
20080711,-172400,5,-2100,-1.20,162864,952,2056,+1104,+2886,5534,11927,+6393,+16848,KRX
20080710,174500,3,0,0.00,344989,3047,1265,--1782,--1440,17809,7354,--10455,--8499,KRX
20080709,+174500,2,+7700,+4.62,327949,5029,4687,--342,--1380,28728,26772,--1956,--8104,KRX
20080708,+166800,2,+800,+0.48,240862,674,1712,+1038,+1753,4038,10186,+6148,+10478,KRX
20080707,+166000,2,+2500,+1.53,426149,1789,1074,--715,+1493,10816,6486,--4330,+9046,KRX
20080704,-163500,5,-12500,-7.10,417044,3568,1360,--2208,--2279,21544,8168,--13376,--13740,KRX
20080703,-176000,5,-5700,-3.14,188885,2580,2651,+71,+1189,14716,15080,+364,+6547,KRX
20080702,-181700,5,-300,-0.16,177288,2557,1439,--1118,+6045,14090,7907,--6183,+33174,KRX
20080701,-182000,5,-500,-0.27,138620,7766,603,--7163,--10469,42665,3308,--39357,--57385,KRX
20080630,+182500,2,+1100,+0.61,156163,822,4128,+3306,+4370,4496,22524,+18028,+23882,KRX
20080627,-181400,5,-3100,-1.68,202224,2831,1767,--1064,--208,15585,9731,--5854,--1005,KRX
20080626,+184500,2,+6100,+3.42,322147,4086,3230,--856,--110,22295,17446,--4849,--636,KRX
20080625,+178400,2,+1400,+0.79,176352,1331,585,--746,+62,7501,3288,--4213,+331,KRX
20080624,-177000,5,-1500,-0.84,292739,2415,1607,--808,--1360,13625,9081,--4544,--7630,KRX
20080623,-178500,5,-3100,-1.71,366163,1262,1814,+552,+1217,7114,10200,+3086,+6730,KRX
20080620,-181600,5,-1900,-1.04,102417,1611,946,--665,--633,8839,5195,--3644,--3474,KRX
20080619,-183500,5,-2500,-1.34,287319,487,455,--32,+291,2655,2485,--170,+1575,KRX
20080618,+186000,2,+1900,+1.03,129586,1305,982,--323,+687,7030,5285,--1745,+3672,KRX
20080617,-184100,5,-10100,-5.20,233849,2701,1691,--1010,--854,14577,9160,--5417,--4628,KRX
20080616,-194200,5,-1600,-0.82,162591,1835,1679,--156,--1870,9444,8655,--789,--9611,KRX
20080613,+195800,2,+7800,+4.15,288679,797,2511,+1714,+6272,4072,12894,+8822,+34296,KRX
20080612,+188000,2,+2500,+1.35,671328,7498,2940,--4558,--5682,41267,15793,--25474,--31521,KRX
20080611,-185500,5,-2400,-1.28,458141,1191,2315,+1124,+3195,6405,12452,+6047,+16815,KRX
20080610,-187900,5,-6300,-3.24,200183,2982,911,--2071,--3613,15555,4787,--10768,--18742,KRX
20080609,-194200,5,-4300,-2.17,179584,577,2119,+1542,+1702,2976,10950,+7974,+8789,KRX
20080605,-198500,5,-3000,-1.49,230915,2202,2042,--160,--1082,11038,10223,--815,--5399,KRX
20080604,-201500,5,-4400,-2.14,343433,996,1918,+922,--656,4944,9528,+4584,--3044,KRX
20080603,-205900,5,-4000,-1.91,238143,780,2358,+1578,+2633,3776,11404,+7628,+12664,KRX
20080602,-209900,5,-3200,-1.50,169688,2523,1468,--1055,--4257,12020,6984,--5036,--20313,KRX
20080530,+213100,2,+4200,+2.01,281717,1767,4969,+3202,+13722,8348,23625,+15277,+65700,KRX
20080529,-208900,5,-100,-0.05,325019,11614,1094,--10520,--8127,55661,5238,--50423,--38902,KRX
20080528,-209000,5,-5900,-2.75,379708,2945,552,--2393,--46,14157,2636,--11521,--578,KRX
20080527,+214900,2,+2400,+1.13,179986,3240,893,--2347,--2127,15110,4167,--10943,--9922,KRX
20080526,+212500,2,+500,+0.24,103489,779,559,--220,+2359,3670,2649,--1021,+11143,KRX
20080523,+212000,2,+5000,+2.42,164103,3223,644,--2579,+2728,15200,3036,--12164,+13866,KRX
20080522,-207000,5,-1800,-0.86,368318,6264,957,--5307,--3903,30708,4678,--26030,--19294,KRX
20080521,-208800,5,-1700,-0.81,131638,3491,2087,--1404,--75,16699,9963,--6736,--452,KRX
20080520,-210500,5,-4500,-2.09,165582,1975,646,--1329,--2327,9346,3062,--6284,--10920,KRX
20080519,+215000,2,+7100,+3.42,198260,738,1736,+998,+1595,3449,8085,+4636,+7494,KRX
20080516,+207900,2,+1400,+0.68,339292,3548,2951,--597,+3386,16908,14050,--2858,+16304,KRX
20080515,-206500,5,-1500,-0.72,265368,6346,2363,--3983,+550,30517,11355,--19162,+2253,KRX
20080514,-208000,5,-3000,-1.42,230701,4975,442,--4533,--2476,23505,2090,--21415,--11702,KRX
20080513,-211000,5,-3100,-1.45,304551,2488,431,--2057,+1881,11764,2051,--9713,+8730,KRX
20080509,+214100,2,+7100,+3.43,339745,5354,1416,--3938,--2468,25093,6650,--18443,--11281,KRX
20080508,+207000,2,+2000,+0.98,601493,3526,2056,--1470,+3437,17090,9928,--7162,+16254,KRX
20080507,-205000,5,-20000,-8.89,1058432,8897,3990,--4907,--1507,42317,18901,--23416,--8608,KRX
20080506,-225000,5,-12300,-5.18,282875,6181,2781,--3400,--9356,26618,11810,--14808,--39742,KRX
20080502,+237300,2,+4300,+1.85,211931,1746,7702,+5956,+3961,7380,32314,+24934,+16336,KRX
20080430,+233000,2,+2500,+1.08,182149,3654,5649,+1995,+3180,15908,24506,+8598,+13757,KRX
20080429,+230500,2,+500,+0.22,129373,2093,908,--1185,--457,9093,3934,--5159,--2015,KRX
20080428,-230000,5,-2100,-0.90,87931,2013,1285,--728,--1085,8718,5574,--3144,--4685,KRX
20080425,+232100,2,+5400,+2.38,138168,1481,1838,+357,--7234,6387,7928,+1541,--32087,KRX
20080424,+226700,2,+2400,+1.07,136446,1231,8822,+7591,+9460,5471,39099,+33628,+41916,KRX
20080423,-224300,5,-4700,-2.05,156434,4635,2766,--1869,--454,20508,12220,--8288,--2098,KRX
20080422,229000,3,0,0.00,179493,3270,1855,--1415,--2850,14290,8100,--6190,--12446,KRX
20080421,+229000,2,+9000,+4.09,181180,939,2374,+1435,+23117,4093,10349,+6256,+109939,KRX
20080418,+220000,2,+3000,+1.38,606455,29130,7448,--21682,--18826,137481,33798,--103683,--90163,KRX
20080417,-217000,5,-2300,-1.05,464027,4084,1228,--2856,--4350,19212,5692,--13520,--20128,KRX
20080416,-219300,5,-9600,-4.19,267730,709,2203,+1494,--643,3180,9788,+6608,--2697,KRX
20080415,-228900,5,-700,-0.30,129633,1143,3280,+2137,+486,5003,14308,+9305,+2125,KRX
20080414,-229600,5,-5100,-2.17,90954,1927,3578,+1651,+2742,8377,15557,+7180,+11836,KRX
20080411,-234700,5,-300,-0.13,126053,1593,502,--1091,--1695,6801,2145,--4656,--7193,KRX
20080410,+235000,2,+2000,+0.86,177965,1326,1930,+604,--265,5707,8244,+2537,--1166,KRX
20080408,-233000,5,-2500,-1.06,96936,991,1860,+869,+3881,4237,7940,+3703,+16465,KRX
20080407,+235500,2,+6500,+2.84,157529,4251,1239,--3012,--300,18022,5260,--12762,--938,KRX
20080404,-229000,5,-7500,-3.17,241949,5013,2301,--2712,--253,21807,9983,--11824,--1410,KRX
20080403,-236500,5,-7400,-3.03,234474,4832,2373,--2459,--615,20408,9994,--10414,--2820,KRX
20080402,+243900,2,+8800,+3.74,258888,3711,1867,--1844,--4503,15265,7671,--7594,--18963,KRX
20080401,+235100,2,+4000,+1.73,311031,2353,5012,+2659,--5164,10019,21388,+11369,--22449,KRX
20080331,+231100,2,+9100,+4.10,284838,1836,9659,+7823,+6583,8001,41819,+33818,+28249,KRX
20080328,+222000,2,+2000,+0.91,226142,953,2193,+1240,+2707,4267,9836,+5569,+12457,KRX
20080327,+220000,2,+5000,+2.33,255140,2446,979,--1467,--1166,11415,4527,--6888,--5463,KRX
20080326,-215000,5,-500,-0.23,250341,1062,761,--301,--1899,5016,3591,--1425,--8758,KRX
20080325,+215500,2,+16900,+8.51,400756,7140,8738,+1598,+4558,33650,40983,+7333,+22119,KRX
20080324,-198600,5,-2500,-1.24,90801,4393,1433,--2960,--4344,21947,7161,--14786,--21699,KRX
20080321,+201100,2,+3100,+1.57,131210,562,1946,+1384,+12765,2807,9720,+6913,+64425,KRX
20080320,-198000,5,-5000,-2.46,246891,13601,2220,--11381,--16279,68732,11220,--57512,--81868,KRX
20080319,+203000,2,+10700,+5.56,299762,3737,8635,+4898,+11347,18953,43309,+24356,+57677,KRX
20080318,-192300,5,-6100,-3.07,127372,8056,1607,--6449,--5461,41663,8342,--33321,--28266,KRX
20080317,-198400,5,-6300,-3.08,190456,2583,1595,--988,--360,13123,8068,--5055,--1927,KRX
20080314,+204700,2,+1000,+0.49,140635,2108,1480,--628,--4218,10407,7279,--3128,--20922,KRX
20080313,+203700,2,+4200,+2.11,106747,1117,4707,+3590,+4293,5561,23355,+17794,+21171,KRX
20080312,+199500,2,+3000,+1.53,229486,2466,1763,--703,--3926,12073,8696,--3377,--19785,KRX
20080311,+196500,2,+1200,+0.61,185065,1721,4944,+3223,--3700,8847,25255,+16408,--18012,KRX
20080310,-195300,5,-4900,-2.45,256917,486,7409,+6923,+6915,2457,36877,+34420,+34385,KRX
20080307,-200200,5,-7200,-3.47,157226,1426,1434,+8,--477,7103,7138,+35,--2378,KRX
20080306,+207400,2,+6300,+3.13,181354,1477,1962,+485,--1879,7174,9587,+2413,--9327,KRX
20080305,-201100,5,-900,-0.45,175889,451,2815,+2364,+4537,2235,13975,+11740,+22554,KRX
20080304,202000,3,0,0.00,262956,3242,1069,--2173,+967,16104,5290,--10814,+4569,KRX
20080303,-202000,5,-11500,-5.39,452080,5454,2314,--3140,--3873,26771,11388,--15383,--18864,KRX
20080229,-213500,5,-9000,-4.04,264166,1693,2426,+733,+2030,7823,11304,+3481,+9325,KRX
20080228,-222500,5,-2500,-1.11,126469,2053,756,--1297,--1898,9238,3394,--5844,--8503,KRX
20080227,-225000,5,-4500,-1.96,141653,487,1088,+601,+382,2151,4810,+2659,+1710,KRX
20080226,+229500,2,+9000,+4.08,272102,1063,1282,+219,--3770,4654,5603,+949,--17224,KRX
20080225,+220500,2,+7500,+3.52,178740,757,4746,+3989,--540,3447,21620,+18173,--3297,KRX
20080222,+213000,2,+3900,+1.87,131067,1076,5605,+4529,+3347,5114,26584,+21470,+15923,KRX
20080221,-209100,5,-5400,-2.52,201432,1867,3049,+1182,+1071,8907,14454,+5547,+5058,KRX
20080220,-214500,5,-5500,-2.50,181601,1412,1523,+111,--775,6631,7120,+489,--3486,KRX
20080219,-220000,5,-1700,-0.77,228480,1840,2726,+886,+1091,8394,12369,+3975,+4935,KRX
20080218,-221700,5,-1300,-0.58,91290,2087,1882,--205,--223,9438,8478,--960,--1117,KRX
20080215,+223000,2,+5000,+2.29,132694,1928,1946,+18,--2637,8683,8840,+157,--12014,KRX
20080214,+218000,2,+9000,+4.31,238073,1399,4054,+2655,+1815,6437,18608,+12171,+8185,KRX
20080213,-209000,5,-2000,-0.95,140361,1623,2463,+840,+2708,7695,11681,+3986,+12838,KRX
20080212,+211000,2,+1100,+0.52,235843,3937,2069,--1868,--7096,18659,9807,--8852,--33584,KRX
20080211,-209900,5,-13600,-6.09,253841,3389,8617,+5228,+8867,16108,40840,+24732,+41114,KRX
20080205,-223500,5,-4500,-1.97,214061,5393,1754,--3639,--2962,24271,7889,--16382,--13397,KRX
20080204,+228000,2,+28000,+14.00,365240,1616,939,--677,+2082,7265,4280,--2985,+10937,KRX
20080201,200000,3,0,0.00,314942,4565,1806,--2759,--10497,22939,9017,--13922,--54040,KRX
20080131,+200000,2,+7800,+4.06,747973,2482,10220,+7738,+9240,12576,52694,+40118,+46939,KRX
20080130,-192200,5,-27800,-12.64,311280,4566,3064,--1502,+1488,22081,15260,--6821,+6909,KRX
20080129,-220000,5,-3000,-1.35,269403,5459,2469,--2990,--1832,24994,11264,--13730,--8519,KRX
20080128,-223000,5,-11300,-4.82,141241,2458,1300,--1158,--1023,11089,5878,--5211,--4638,KRX
20080125,+234300,2,+9000,+3.99,188689,3116,2981,--135,--736,13343,12770,--573,--3236,KRX
20080124,+225300,2,+6300,+2.88,209869,3540,4141,+601,--346,15764,18427,+2663,--1625,KRX
20080123,+219000,2,+4000,+1.86,244341,4032,4979,+947,+2330,18536,22824,+4288,+10737,KRX
20080122,-215000,5,-9800,-4.36,230831,5389,4006,--1383,--1161,25272,18823,--6449,--5431,KRX
20080121,-224800,5,-3000,-1.32,201762,2327,2105,--222,--3552,10404,9386,--1018,--16432,KRX
20080118,+227800,2,+19800,+9.52,298382,1834,5164,+3330,+3427,8301,23715,+15414,+15918,KRX
20080117,-208000,5,-12400,-5.63,482559,4328,4231,--97,--2031,20582,20078,--504,--9236,KRX
20080116,-220400,5,-10700,-4.63,346920,2523,4457,+1934,--3116,11496,20228,+8732,--13214,KRX
20080115,-231100,5,-10900,-4.50,215890,5147,10197,+5050,+7856,22238,44184,+21946,+33836,KRX
20080114,+242000,2,+1000,+0.41,131828,6932,4126,--2806,--1300,29125,17235,--11890,--5801,KRX
20080111,-241000,5,-10500,-4.17,97063,2820,1314,--1506,+2118,11456,5367,--6089,+8229,KRX
20080110,+251500,2,+700,+0.28,188071,6436,2812,--3624,--9276,25507,11189,--14318,--37047,KRX
20080109,+250800,2,+9200,+3.81,240583,1445,7097,+5652,+3266,5799,28528,+22729,+12927,KRX
20080108,+241600,2,+400,+0.17,96101,1478,3864,+2386,+3143,6071,15873,+9802,+13008,KRX
20080107,-241200,5,-2700,-1.11,160292,3484,2727,--757,--895,14502,11296,--3206,--3734,KRX
20080104,+243900,2,+100,+0.04,264295,3070,3208,+138,--3929,12686,13214,+528,--16359,KRX
20080103,+243800,2,+10200,+4.37,218715,5774,9841,+4067,+1829,23784,40671,+16887,+7364,KRX
20080102,+233600,2,+7500,+3.32,229428,4266,6504,+2238,+2879,18369,27892,+9523,+12250,KRX
20071228,-226100,5,-5300,-2.29,125945,1795,1154,--641,--1154,7787,5060,--2727,--4958,KRX
20071227,+231400,2,+11400,+5.18,141297,1316,1829,+513,+18201,5719,7950,+2231,+80544,KRX
20071226,-220000,5,-12900,-5.54,203803,20192,2504,--17688,--12162,89632,11319,--78313,--54269,KRX
20071224,+232900,2,+3200,+1.39,143969,6758,1232,--5526,--5801,29385,5341,--24044,--25283,KRX
20071221,+229700,2,+1000,+0.44,117691,2201,2476,+275,+2376,9681,10920,+1239,+10296,KRX
20071220,+228700,2,+1700,+0.75,218050,8853,6752,--2101,--2489,38383,29326,--9057,--10789,KRX
20071218,+227000,2,+9800,+4.51,293583,2791,3179,+388,+750,12361,14093,+1732,+3247,KRX
20071217,-217200,5,-17800,-7.57,299799,2880,2518,--362,--223,12892,11377,--1515,--1111,KRX
20071214,-235000,5,-13800,-5.55,321831,5585,5446,--139,--6034,23405,23001,--404,--24389,KRX
20071213,+248800,2,+7200,+2.98,164968,4445,10340,+5895,+8279,18139,42124,+23985,+33678,KRX
20071212,-241600,5,-2100,-0.86,166755,10169,7785,--2384,--2495,41828,32135,--9693,--10157,KRX
20071211,-243700,5,-7800,-3.10,147018,2517,2628,+111,+1102,10280,10744,+464,+4345,KRX
20071210,+251500,2,+1000,+0.40,122917,2819,1828,--991,--141,11062,7181,--3881,--559,KRX
20071207,+250500,2,+400,+0.16,130934,3662,2812,--850,--708,14443,11121,--3322,--2793,KRX
20071206,-250100,5,-5700,-2.23,212252,8134,7992,--142,+5059,31965,31436,--529,+19615,KRX
20071205,-255800,5,-10200,-3.83,207484,8798,3597,--5201,--11583,34052,13908,--20144,--44404,KRX
20071204,+266000,2,+17000,+6.83,359909,1568,7950,+6382,+5150,6109,30369,+24260,+19400,KRX
20071203,-249000,5,-12200,-4.67,227573,1816,3048,+1232,+6283,7140,12000,+4860,+24065,KRX
20071130,-261200,5,-8800,-3.26,207856,10086,5035,--5051,--2475,38337,19132,--19205,--9576,KRX
20071129,+270000,2,+4000,+1.50,136073,5214,2638,--2576,+2737,19443,9814,--9629,+10359,KRX
20071128,-266000,5,-900,-0.34,145057,7696,2383,--5313,--7853,28915,8927,--19988,--29960,KRX
20071127,+266900,2,+15900,+6.33,181877,1634,4174,+2540,+3687,6375,16347,+9972,+14580,KRX
20071126,+251000,2,+12300,+5.15,168035,2701,1554,--1147,+984,10779,6171,--4608,+4339,KRX
20071123,-238700,5,-2300,-0.95,226428,3425,1294,--2131,+3283,14407,5460,--8947,+13457,KRX
20071122,+241000,2,+1000,+0.42,232741,8500,3086,--5414,--5707,35152,12748,--22404,--23525,KRX
20071121,+240000,2,+5600,+2.39,350235,2359,2652,+293,+3101,9723,10844,+1121,+13379,KRX
20071120,-234400,5,-8600,-3.54,270542,6157,3349,--2808,--3201,26702,14444,--12258,--13952,KRX
20071119,-243000,5,-10900,-4.29,182331,2027,2420,+393,+3253,8173,9867,+1694,+13178,KRX
20071116,+253900,2,+9900,+4.06,321572,4367,1507,--2860,--2339,17799,6315,--11484,--9415,KRX
20071115,-244000,5,-16300,-6.26,298681,2758,2237,--521,+3948,11187,9118,--2069,+15066,KRX
20071114,+260300,2,+8400,+3.33,271356,5775,1306,--4469,--9257,22135,5000,--17135,--36181,KRX
20071113,+251900,2,+1700,+0.68,255137,1132,5920,+4788,--2645,4519,23565,+19046,--10972,KRX
20071112,-250200,5,-12800,-4.87,347620,2505,9938,+7433,+7409,10147,40165,+30018,+29862,KRX
20071109,-263000,5,-5000,-1.87,279995,2668,2692,+24,+504,9892,10048,+156,+1895,KRX
20071108,-268000,5,-12500,-4.46,325450,3486,3006,--480,+2526,12757,11018,--1739,+8805,KRX
20071107,-280500,5,-4500,-1.58,176351,6159,3153,--3006,--2054,21781,11237,--10544,--7194,KRX
20071106,+285000,2,+7200,+2.59,282508,2725,1773,--952,--4673,9550,6200,--3350,--16688,KRX
20071105,+277800,2,+4600,+1.68,262753,3234,6955,+3721,+2812,11604,24942,+13338,+10026,KRX
20071102,-273200,5,-7500,-2.67,222746,4903,5812,+909,+736,17866,21178,+3312,+2579,KRX
20071101,-280700,5,-5300,-1.85,258009,4184,4357,+173,+2216,14697,15430,+733,+7961,KRX
20071031,+286000,2,+2500,+0.88,216541,7817,5774,--2043,+4029,27479,20251,--7228,+14027,KRX
20071030,-283500,5,-2900,-1.01,291088,10368,4296,--6072,+367,36342,15087,--21255,+1119,KRX
20071029,-286400,5,-1200,-0.42,249580,7883,1444,--6439,--1931,27408,5034,--22374,--6605,KRX
20071026,-287600,5,-7400,-2.51,312456,10576,6068,--4508,--7275,36584,20815,--15769,--25221,KRX
20071025,+295000,2,+22000,+8.06,233338,5897,8664,+2767,+6187,20445,29897,+9452,+22112,KRX
20071024,+273000,2,+8000,+3.02,317663,7086,3666,--3420,--4396,25953,13293,--12660,--16396,KRX
20071023,+265000,2,+17200,+6.94,186417,2468,3444,+976,+969,9497,13233,+3736,+3677,KRX
20071022,-247800,5,-10700,-4.14,212402,2465,2472,+7,--942,9940,9999,+59,--3624,KRX
20071019,-258500,5,-6500,-2.45,86717,2854,3803,+949,+651,10827,14510,+3683,+2564,KRX
20071018,+265000,2,+9800,+3.84,252662,2910,3208,+298,--6209,11109,12228,+1119,--24295,KRX
20071017,-255200,5,-9000,-3.41,280258,3270,9777,+6507,+6732,12819,38233,+25414,+26313,KRX
20071016,-264200,5,-1000,-0.38,320355,3502,3277,--225,--14549,13242,12343,--899,--54931,KRX
20071015,+265200,2,+14200,+5.66,457213,2427,16751,+14324,+16210,9163,63195,+54032,+61690,KRX
20071012,+251000,2,+1700,+0.68,213231,6564,4678,--1886,+2950,26402,18744,--7658,+12135,KRX
20071011,+249300,2,+6400,+2.63,402465,13635,8799,--4836,--6700,54909,35116,--19793,--27474,KRX
20071010,-242900,5,-5100,-2.06,369964,1578,3442,+1864,+683,6477,14158,+7681,+2839,KRX
20071009,-248000,5,-10000,-3.88,338289,7456,8637,+1181,+3885,29433,34275,+4842,+15449,KRX
20071008,+258000,2,+15000,+6.17,274220,4627,1923,--2704,--4201,18109,7502,--10607,--16504,KRX
20071005,+243000,2,+3000,+1.25,269367,3789,5286,+1497,+8162,15527,21424,+5897,+34671,KRX
20071004,+240000,2,+9900,+4.30,461627,9221,2556,--6665,--3169,39614,10840,--28774,--13329,KRX
20071002,+230100,2,+15100,+7.02,317432,6125,2629,--3496,--4820,26899,11454,--15445,--21611,KRX
20071001,+215000,2,+3200,+1.51,143826,1450,2774,+1324,--3798,6800,12966,+6166,--18036,KRX
20070928,+211800,2,+3800,+1.83,218173,1495,6617,+5122,+8131,7092,31294,+24202,+38617,KRX
20070927,-208000,5,-6000,-2.80,407083,5832,2823,--3009,--3156,27905,13490,--14415,--15082,KRX
20070921,-214000,5,-300,-0.14,157376,2290,2437,+147,--1898,10718,11385,+667,--8914,KRX
20070920,+214300,2,+4300,+2.05,229777,1935,3980,+2045,--2168,9100,18681,+9581,--10173,KRX
20070919,+210000,2,+9700,+4.84,252961,1711,5924,+4213,+1831,8072,27826,+19754,+7902,KRX
20070918,+200300,2,+1900,+0.96,240844,1181,3563,+2382,+2356,5849,17701,+11852,+11719,KRX
20070917,-198400,5,-2000,-1.00,193062,1552,1578,+26,--1461,7830,7963,+133,--7399,KRX
20070914,+200400,2,+8400,+4.38,461569,2903,4390,+1487,+1726,14546,22078,+7532,+8759,KRX
20070913,+192000,2,+6400,+3.45,290111,2496,2257,--239,--5185,13063,11836,--1227,--27433,KRX
20070912,+185600,2,+1800,+0.98,348008,1429,6375,+4946,+4799,7611,33817,+26206,+25488,KRX
20070911,+183800,2,+3800,+2.11,129750,1091,1238,+147,--2548,6064,6782,+718,--14236,KRX
20070910,-180000,5,-3300,-1.80,106669,985,3680,+2695,+3792,5471,20425,+14954,+20905,KRX
20070907,-183300,5,-700,-0.38,155914,1746,649,--1097,--1068,9479,3528,--5951,--5720,KRX
20070906,-184000,5,-1000,-0.54,179354,1413,1384,--29,+403,7775,7544,--231,+2124,KRX
20070905,+185000,2,+2100,+1.15,264187,2674,2242,--432,--3707,14501,12146,--2355,--20303,KRX
20070904,182900,3,0,0.00,146755,1678,4953,+3275,+3262,9205,27153,+17948,+17882,KRX
20070903,+182900,2,+1900,+1.05,224328,3876,3889,+13,--6227,21221,21287,+66,--34555,KRX
20070831,+181000,2,+2800,+1.57,212195,1026,7266,+6240,+6978,5845,40466,+34621,+38784,KRX
20070830,-178200,5,-800,-0.45,145947,2753,2015,--738,--797,15410,11247,--4163,--4458,KRX
20070829,+179000,2,+3600,+2.05,211737,3385,3444,+59,--5046,19573,19868,+295,--28745,KRX
20070828,-175400,5,-300,-0.17,204757,1355,6460,+5105,+5314,7708,36748,+29040,+30240,KRX
20070827,+175700,2,+5500,+3.23,149278,1388,1179,--209,--3827,7978,6778,--1200,--21778,KRX
20070824,-170200,5,-5800,-3.30,155965,1231,4849,+3618,+3044,7206,27784,+20578,+17357,KRX
20070823,+176000,2,+7000,+4.14,360739,2805,3379,+574,--1753,15915,19136,+3221,--10502,KRX
20070822,+169000,2,+5700,+3.49,217554,2650,4977,+2327,+1058,15710,29433,+13723,+5858,KRX
20070821,+163300,2,+5300,+3.35,181937,929,2198,+1269,+164,5813,13678,+7865,+907,KRX
20070820,+158000,2,+10200,+6.90,160591,2153,3258,+1105,+60,13720,20678,+6958,+46,KRX
20070817,-147800,5,-7200,-4.65,390813,1752,2797,+1045,+2450,11637,18549,+6912,+15928,KRX
20070816,-155000,5,-12500,-7.46,376059,5328,3923,--1405,--2017,34078,25062,--9016,--12677,KRX
20070814,-167500,5,-2100,-1.24,136659,936,1548,+612,+1216,5594,9255,+3661,+7174,KRX
20070813,+169600,2,+600,+0.36,234375,3106,2502,--604,--461,18462,14949,--3513,--2718,KRX
20070810,-169000,5,-10400,-5.80,251900,2413,2270,--143,+1314,13965,13170,--795,+7271,KRX
20070809,+179400,2,+100,+0.06,265165,4084,2627,--1457,--1446,22784,14718,--8066,--7921,KRX
20070808,+179300,2,+7500,+4.37,344109,2770,2759,--11,+1563,15694,15549,--145,+9059,KRX
20070807,+171800,2,+1300,+0.76,153401,2972,1398,--1574,--3480,17361,8157,--9204,--20595,KRX
20070806,+170500,2,+2600,+1.55,124974,2745,4651,+1906,--400,16269,27660,+11391,--2336,KRX
20070803,+167900,2,+2900,+1.76,143802,2355,4661,+2306,+5381,14060,27787,+13727,+32304,KRX
20070802,-165000,5,-4000,-2.37,162932,4851,1776,--3075,--1181,29180,10603,--18577,--7333,KRX
20070801,-169000,5,-900,-0.53,206576,3548,1654,--1894,--1670,21044,9800,--11244,--9464,KRX
20070731,+169900,2,+10500,+6.59,250582,2957,2733,--224,+9243,18098,16318,--1780,+58153,KRX
20070730,-159400,5,-3600,-2.21,288215,11742,2275,--9467,--15589,74236,14303,--59933,--97302,KRX
20070727,-163000,5,-5100,-3.03,283758,2953,9075,+6122,+6619,18158,55527,+37369,+40329,KRX
20070726,+168100,2,+3200,+1.94,276803,2079,1582,--497,--1608,12349,9389,--2960,--9779,KRX
20070725,+164900,2,+4900,+3.06,272260,2312,3423,+1111,+2655,14347,21166,+6819,+16460,KRX
20070724,-160000,5,-3800,-2.32,460820,5705,4161,--1544,--4794,35586,25945,--9641,--29289,KRX
20070723,-163800,5,-3500,-2.09,284596,2555,5805,+3250,+6918,15467,35115,+19648,+41470,KRX
20070720,-167300,5,-2900,-1.70,574691,6226,2558,--3668,--4416,36961,15139,--21822,--26182,KRX
20070719,+170200,2,+300,+0.18,198903,2223,2971,+748,--1457,12984,17344,+4360,--8632,KRX
20070718,+169900,2,+1100,+0.65,235220,2458,4663,+2205,--208,14502,27494,+12992,--1190,KRX
20070716,-168800,5,-1200,-0.71,175577,1493,3906,+2413,+7525,8829,23011,+14182,+43612,KRX
20070713,-170000,5,-3300,-1.90,292137,7939,2827,--5112,--5008,45842,16412,--29430,--28810,KRX
20070712,+173300,2,+3300,+1.94,202246,2094,1990,--104,--240,12060,11440,--620,--1381,KRX
20070711,+170000,2,+3000,+1.80,194699,1435,1571,+136,+3333,8497,9258,+761,+19754,KRX
20070710,-167000,5,-3900,-2.28,265370,4705,1508,--3197,+2859,27998,9005,--18993,+16476,KRX
20070709,-170900,5,-4100,-2.34,237333,8216,2160,--6056,--4689,48098,12629,--35469,--27529,KRX
20070706,+175000,2,+2000,+1.16,141257,2334,967,--1367,--1331,13550,5610,--7940,--7724,KRX
20070705,-173000,5,-2500,-1.42,104430,1036,1000,--36,--2766,5946,5730,--216,--15852,KRX
20070704,+175500,2,+4900,+2.87,229222,1210,3940,+2730,+1725,6931,22567,+15636,+9871,KRX
20070703,+170600,2,+2500,+1.49,190986,3241,4246,+1005,+1916,18953,24718,+5765,+11262,KRX
20070702,-168100,5,-400,-0.24,125782,3302,2391,--911,+1277,19794,14297,--5497,+7569,KRX
20070629,+168500,2,+1000,+0.60,379937,7014,4826,--2188,+918,41812,28746,--13066,+5700,KRX
20070628,+167500,2,+6500,+4.04,252837,5226,2120,--3106,--3092,31504,12738,--18766,--18690,KRX
20070627,-161000,5,-3900,-2.37,231213,1082,1068,--14,--3714,6679,6603,--76,--22314,KRX
20070626,-164900,5,-100,-0.06,233804,1115,4815,+3700,+3148,6739,28977,+22238,+18921,KRX
20070625,-165000,5,-5500,-3.23,311610,1684,2236,+552,+1120,10090,13407,+3317,+6626,KRX
20070622,170500,3,0,0.00,211404,1603,1035,--568,--1463,9364,6055,--3309,--8529,KRX
20070621,-170500,5,-2000,-1.16,266886,992,1887,+895,--3086,5792,11012,+5220,--17581,KRX
20070620,-172500,5,-4200,-2.38,298948,3298,7279,+3981,+3445,18979,41780,+22801,+19786,KRX
20070619,-176700,5,-2300,-1.28,181387,896,1432,+536,--12535,5076,8091,+3015,--69777,KRX
20070618,+179000,2,+1300,+0.73,166753,564,13635,+13071,+13486,3147,75939,+72792,+75039,KRX
20070615,+177700,2,+1300,+0.74,233689,2993,2578,--415,--1523,16770,14523,--2247,--8508,KRX
20070614,+176400,2,+8200,+4.88,345818,1791,2899,+1108,+3679,10336,16597,+6261,+21557,KRX
20070613,-168200,5,-2700,-1.58,476313,3843,1272,--2571,--4045,22859,7563,--15296,--23819,KRX
20070612,-170900,5,-300,-0.18,207533,1757,3231,+1474,+364,10160,18683,+8523,+2175,KRX
20070611,-171200,5,-2800,-1.61,218670,895,2005,+1110,--882,5188,11536,+6348,--5113,KRX
20070608,-174000,5,-1500,-0.85,198768,1304,3296,+1992,+1770,7540,19001,+11461,+10216,KRX
20070607,-175500,5,-2200,-1.24,261076,4286,4508,+222,+715,24463,25708,+1245,+4054,KRX
20070605,+177700,2,+1900,+1.08,146615,1633,1140,--493,+657,9284,6475,--2809,+3629,KRX
20070604,-175800,5,-5200,-2.87,323502,2529,1379,--1150,+2404,14217,7779,--6438,+13082,KRX
20070601,+181000,2,+4000,+2.26,677318,4337,783,--3554,--4859,23809,4289,--19520,--27108,KRX
20070531,+177000,2,+9000,+5.36,234059,3317,4622,+1305,+1195,18991,26579,+7588,+6905,KRX
20070530,+168000,2,+6500,+4.02,377190,1596,1706,+110,--2708,9589,10272,+683,--16762,KRX
20070529,+161500,2,+3400,+2.15,258764,887,3705,+2818,+3019,5494,22939,+17445,+18718,KRX
20070528,+158100,2,+1600,+1.02,120212,1017,816,--201,+6647,6436,5163,--1273,+42469,KRX
20070525,-156500,5,-3300,-2.07,257210,8050,1202,--6848,--12238,51382,7640,--43742,--77407,KRX
20070523,+159800,2,+1300,+0.82,259941,1368,6758,+5390,+5535,8551,42216,+33665,+34594,KRX
20070522,158500,3,0,0.00,141924,2011,1866,--145,+882,12672,11743,--929,+5556,KRX
20070521,-158500,5,-1500,-0.94,214649,2028,1001,--1027,--2418,12810,6325,--6485,--15183,KRX
20070518,-160000,5,-900,-0.56,165533,1628,3019,+1391,+1505,10200,18898,+8698,+9409,KRX
20070517,+160900,2,+900,+0.56,115060,806,692,--114,--771,5009,4298,--711,--4612,KRX
20070516,-160000,5,-1500,-0.93,188685,1607,2264,+657,+1592,10004,13905,+3901,+9627,KRX
20070515,+161500,2,+2200,+1.38,277257,1898,963,--935,+433,11717,5991,--5726,+2893,KRX
20070514,+159300,2,+2500,+1.59,183386,2153,785,--1368,--472,13568,4949,--8619,--2899,KRX
20070511,+156800,2,+2600,+1.69,302236,1694,798,--896,+1712,10829,5109,--5720,+11072,KRX
20070510,+154200,2,+200,+0.13,469277,3676,1068,--2608,+2010,23668,6876,--16792,+13384,KRX
20070509,+154000,2,+1500,+0.98,250741,5343,725,--4618,--4324,34920,4744,--30176,--28229,KRX
20070508,-152500,5,-1600,-1.04,258617,1470,1176,--294,--883,9700,7753,--1947,--5731,KRX
20070507,+154100,2,+4100,+2.73,382548,2055,2644,+589,+549,13268,17052,+3784,+3622,KRX
20070504,+150000,2,+4000,+2.74,437986,2661,2701,+40,+613,17905,18067,+162,+4059,KRX
20070503,-146000,5,-2500,-1.68,303087,1398,825,--573,--1133,9483,5586,--3897,--7664,KRX
20070502,+148500,2,+1500,+1.02,345710,705,1265,+560,+1263,4778,8545,+3767,+8586,KRX
20070430,+147000,2,+2200,+1.52,357963,1232,529,--703,+532,8444,3625,--4819,+3609,KRX
20070427,-144800,5,-2700,-1.83,384970,2703,1468,--1235,--426,18470,10042,--8428,--2904,KRX
20070426,+147500,2,+3100,+2.15,441987,2138,1329,--809,+692,14552,9028,--5524,+4716,KRX
20070425,-144400,5,-4400,-2.96,457342,2839,1338,--1501,--4156,19462,9222,--10240,--28097,KRX
20070424,-148800,5,-100,-0.07,356672,1960,4615,+2655,+3155,13162,31019,+17857,+21158,KRX
20070423,-148900,5,-1100,-0.73,287330,1615,1115,--500,+296,10633,7332,--3301,+2037,KRX
20070420,+150000,2,+2000,+1.35,174041,2087,1291,--796,--544,13955,8617,--5338,--3670,KRX
20070419,-148000,5,-4500,-2.95,206684,1076,824,--252,--802,7219,5551,--1668,--5253,KRX
20070418,+152500,2,+1900,+1.26,400056,998,1548,+550,--6137,6510,10095,+3585,--41036,KRX
20070417,+150600,2,+5600,+3.86,394429,1248,7935,+6687,+5442,8389,53010,+44621,+35926,KRX
20070416,+145000,2,+3300,+2.33,269568,1632,2877,+1245,+2178,11386,20081,+8695,+15332,KRX
20070413,+141700,2,+2200,+1.58,175995,2313,1380,--933,+1901,16397,9760,--6637,+13664,KRX
20070412,-139500,5,-700,-0.50,105249,4502,1668,--2834,--5371,32242,11941,--20301,--38440,KRX
20070411,+140200,2,+100,+0.07,155571,1315,3852,+2537,+3432,9412,27551,+18139,+24606,KRX
20070410,+140100,2,+2100,+1.52,1158945,1906,1011,--895,+538,13643,7176,--6467,+3875,KRX
20070409,-138000,5,-900,-0.65,115124,2036,603,--1433,--488,14675,4333,--10342,--3558,KRX
20070406,-138900,5,-1500,-1.07,118180,1207,262,--945,--971,8660,1876,--6784,--6967,KRX
20070405,-140400,5,-1200,-0.85,121620,1510,1536,+26,+285,10748,10931,+183,+2008,KRX
20070404,+141600,2,+4200,+3.06,319490,867,608,--259,--1133,6139,4314,--1825,--8129,KRX
20070403,-137400,5,-1600,-1.15,162199,726,1600,+874,+1858,5265,11569,+6304,+13407,KRX
20070402,+139000,2,+1000,+0.72,171876,1312,328,--984,--1435,9465,2362,--7103,--10373,KRX
20070330,-138000,5,-200,-0.14,113176,1101,1552,+451,--2784,7978,11248,+3270,--20224,KRX
20070329,+138200,2,+900,+0.66,141578,1018,4253,+3235,+644,7380,30874,+23494,+4507,KRX
20070328,+137300,2,+4300,+3.23,278949,1516,4107,+2591,--447,11105,30092,+18987,--3824,KRX
20070327,-133000,5,-1300,-0.97,194571,1181,4219,+3038,+5465,8879,31690,+22811,+40863,KRX
20070326,-134300,5,-1300,-0.96,157824,2852,425,--2427,--1720,21216,3164,--18052,--12889,KRX
20070323,-135600,5,-3400,-2.45,238123,1975,1268,--707,--1277,14457,9294,--5163,--9249,KRX
20070322,+139000,2,+1000,+0.72,154805,758,1328,+570,+1174,5428,9514,+4086,+8505,KRX
20070321,-138000,5,-1700,-1.22,235193,1900,1296,--604,+46,13759,9340,--4419,+241,KRX
20070320,+139700,2,+700,+0.50,228826,1104,454,--650,--1261,7910,3250,--4660,--9065,KRX
20070319,+139000,2,+1600,+1.16,140015,151,762,+611,+1246,1089,5494,+4405,+9046,KRX
20070316,+137400,2,+1000,+0.73,180672,954,319,--635,--1000,6957,2316,--4641,--7311,KRX
20070315,+136400,2,+2300,+1.72,293652,909,1274,+365,--282,6665,9335,+2670,--2145,KRX
20070314,-134100,5,-3900,-2.83,219804,521,1168,+647,+489,3876,8691,+4815,+3663,KRX
20070313,+138000,2,+2900,+2.15,316888,392,550,+158,--618,2837,3989,+1152,--4601,KRX
20070312,+135100,2,+2900,+2.19,173514,559,1335,+776,+1698,4171,9924,+5753,+12775,KRX
20070309,+132200,2,+100,+0.08,159049,1361,439,--922,--1234,10357,3335,--7022,--9403,KRX
20070308,+132100,2,+1700,+1.30,260958,434,746,+312,--191,3276,5657,+2381,--1446,KRX
20070307,+130400,2,+2100,+1.64,233716,1076,1579,+503,+993,8237,12064,+3827,+7737,KRX
20070306,+128300,2,+5100,+4.14,351695,1650,1160,--490,+369,13002,9092,--3910,+3120,KRX
20070305,-123200,5,-6700,-5.16,372801,1927,1068,--859,--1300,15478,8448,--7030,--10413,KRX
20070302,+129900,2,+900,+0.70,275066,1212,1653,+441,+957,9310,12693,+3383,+7430,KRX
20070228,-129000,5,-6500,-4.80,780963,2088,1572,--516,--363,16288,12241,--4047,--2898,KRX
20070227,-135500,5,-500,-0.37,286061,865,712,--153,+1019,6364,5215,--1149,+7527,KRX
20070226,+136000,2,+6000,+4.62,405896,1780,608,--1172,+305,13175,4499,--8676,+2662,KRX
20070223,+130000,2,+1000,+0.78,260830,2618,1141,--1477,--1806,20101,8763,--11338,--13860,KRX
20070222,-129000,5,-700,-0.54,370577,1258,1587,+329,+1814,9691,12213,+2522,+13924,KRX
20070221,-129700,5,-4300,-3.21,353070,2209,724,--1485,--607,16961,5559,--11402,--4778,KRX
20070220,+134000,2,+1400,+1.06,254908,1204,326,--878,+647,9082,2458,--6624,+4906,KRX
20070216,-132600,5,-2100,-1.56,170061,1968,443,--1525,--2067,14873,3343,--11530,--15569,KRX
20070215,+134700,2,+4200,+3.22,447432,1665,2207,+542,+619,12459,16498,+4039,+4745,KRX
20070214,+130500,2,+6500,+5.24,643476,1414,1337,--77,+1952,11043,10337,--706,+15392,KRX
20070213,-124000,5,-2800,-2.21,570523,3033,1004,--2029,--1088,24012,7914,--16098,--8661,KRX
20070212,-126800,5,-2400,-1.86,372787,3248,2307,--941,--841,25632,18195,--7437,--6661,KRX
20070209,+129200,2,+800,+0.62,234319,755,655,--100,+3527,5832,5056,--776,+27491,KRX
20070208,-128400,5,-2400,-1.83,175636,3957,330,--3627,+1893,30833,2566,--28267,+14824,KRX
20070207,+130800,2,+2800,+2.19,347996,6177,657,--5520,--1082,48181,5090,--43091,--8648,KRX
20070206,-128000,5,-3000,-2.29,385317,4868,430,--4438,--3839,37759,3316,--34443,--29815,KRX
20070205,+131000,2,+2000,+1.55,540207,1196,597,--599,--1539,9185,4557,--4628,--11968,KRX
20070202,+129000,2,+700,+0.55,546592,433,1373,+940,+560,3385,10725,+7340,+4204,KRX
20070201,+128300,2,+4600,+3.72,424086,3015,3395,+380,+1824,23609,26745,+3136,+14748,KRX
20070131,-123700,5,-4100,-3.21,242011,2681,1237,--1444,--2426,21435,9823,--11612,--19303,KRX
20070130,-127800,5,-3200,-2.44,205789,153,1135,+982,+1542,1197,8888,+7691,+11956,KRX
20070129,+131000,2,+1300,+1.00,310655,1141,581,--560,+659,8691,4426,--4265,+5183,KRX
20070126,+129700,2,+2700,+2.13,398074,2023,804,--1219,+123,15645,6197,--9448,+1108,KRX
20070125,+127000,2,+700,+0.55,394691,5059,3717,--1342,--1728,39698,29142,--10556,--13710,KRX
20070124,+126300,2,+5800,+4.81,293198,1179,1565,+386,--755,9529,12683,+3154,--6310,KRX
20070123,+120500,2,+700,+0.58,206933,496,1637,+1141,+367,4120,13584,+9464,+2993,KRX
20070122,-119800,5,-3200,-2.60,208434,463,1237,+774,+3012,3844,10315,+6471,+24332,KRX
20070119,-123000,5,-300,-0.24,685561,3422,1184,--2238,--2403,27370,9509,--17861,--19232,KRX
20070118,+123300,2,+4300,+3.61,310190,1867,2032,+165,+3727,15229,16600,+1371,+31364,KRX
20070117,+119000,2,+200,+0.17,237945,5423,1861,--3562,--3174,45657,15664,--29993,--26676,KRX
20070116,-118800,5,-600,-0.50,224212,2328,1940,--388,--1078,19605,16288,--3317,--9095,KRX
20070115,-119400,5,-600,-0.50,248248,707,1397,+690,+164,5933,11711,+5778,+1403,KRX
20070112,-120000,5,-2000,-1.64,281753,340,866,+526,--1040,2828,7203,+4375,--8421,KRX
20070111,+122000,2,+3900,+3.30,361531,298,1864,+1566,+268,2461,15257,+12796,+1839,KRX
20070110,-118100,5,-1400,-1.17,298180,660,1958,+1298,+1917,5586,16543,+10957,+16222,KRX
20070109,-119500,5,-2000,-1.65,206634,1830,1211,--619,+1719,15421,10156,--5265,+14397,KRX
20070108,-121500,5,-2800,-2.25,283582,3407,1069,--2338,--2208,28568,8906,--19662,--18641,KRX
20070105,+124300,2,+7300,+6.24,650768,962,832,--130,--6531,7978,6957,--1021,--56724,KRX
20070104,+117000,2,+4800,+4.28,681798,474,6875,+6401,+5701,4088,59791,+55703,+49471,KRX
20070103,-112200,5,-2300,-2.01,211285,235,935,+700,+951,2091,8323,+6232,+8417,KRX
20070102,+114500,2,+400,+0.35,212410,1253,1002,--251,--3074,10877,8692,--2185,--27009,KRX
20061228,+114100,2,+3800,+3.45,245041,451,3274,+2823,+2363,3988,28812,+24824,+20603,KRX
20061227,+110300,2,+3800,+3.57,196961,664,1124,+460,+929,6135,10356,+4221,+8586,KRX
20061226,-106500,5,-2800,-2.56,192200,928,459,--469,+1010,8663,4298,--4365,+9169,KRX
20061222,-109300,5,-800,-0.73,186879,1577,98,--1479,+2526,14429,895,--13534,+22338,KRX
20061221,-110100,5,-3400,-3.00,244879,4780,775,--4005,--4992,42833,6961,--35872,--44518,KRX
20061220,-113500,5,-700,-0.61,166165,1533,2520,+987,+1909,13508,22154,+8646,+16726,KRX
20061219,-114200,5,-1300,-1.13,165133,1435,513,--922,--4403,12581,4501,--8080,--38440,KRX
20061218,+115500,2,+2600,+2.30,208334,553,4034,+3481,--374,4805,35165,+30360,--3837,KRX
20061215,+112900,2,+1200,+1.07,178287,795,4650,+3855,+3003,7072,41269,+34197,+26595,KRX
20061214,+111700,2,+700,+0.63,204168,680,1532,+852,+1107,6083,13685,+7602,+10003,KRX
20061213,+111000,2,+1000,+0.91,180298,1372,1117,--255,--6356,12608,10207,--2401,--57400,KRX
20061212,-110000,5,-1000,-0.90,365297,4316,10417,+6101,+7093,38694,93693,+54999,+64040,KRX
20061211,+111000,2,+1000,+0.91,144393,1091,99,--992,+900,9935,894,--9041,+8412,KRX
20061208,+110000,2,+100,+0.09,132936,2755,863,--1892,--1581,25367,7914,--17453,--14674,KRX
20061207,-109900,5,-100,-0.09,282130,1885,1574,--311,--11449,16993,14214,--2779,--104567,KRX
20061206,+110000,2,+2900,+2.71,417096,545,11683,+11138,+10711,4981,106769,+101788,+97792,KRX
20061205,+107100,2,+1100,+1.04,120235,1676,2103,+427,+2398,15642,19638,+3996,+22540,KRX
20061204,-106000,5,-1500,-1.40,107153,2626,655,--1971,+1856,24708,6164,--18544,+17135,KRX
20061201,+107500,2,+2000,+1.90,480073,5083,1256,--3827,--4394,47367,11688,--35679,--40968,KRX
20061130,+105500,2,+500,+0.48,225419,1578,2145,+567,+16,14938,20227,+5289,+20,KRX
20061129,+105000,2,+5300,+5.32,300296,561,1112,+551,+2016,5407,10676,+5269,+19924,KRX
20061128,-99700,5,-2100,-2.06,273889,2583,1118,--1465,--2299,25831,11176,--14655,--22839,KRX
20061127,-101800,5,-1100,-1.07,235379,243,1077,+834,+1372,2368,10552,+8184,+13329,KRX
20061124,-102900,5,-2700,-2.56,169653,811,273,--538,+164,7780,2635,--5145,+1572,KRX
20061123,105600,3,0,0.00,240569,1376,674,--702,--353,13124,6407,--6717,--3385,KRX
20061122,+105600,2,+600,+0.57,329026,1160,811,--349,--155,11041,7709,--3332,--1480,KRX
20061121,-105000,5,-2300,-2.14,209637,761,567,--194,+495,7245,5393,--1852,+4530,KRX
20061120,+107300,2,+1500,+1.42,502562,5572,4883,--689,--447,51617,45235,--6382,--4082,KRX
20061117,+105800,2,+2100,+2.03,283026,417,175,--242,+2123,3954,1654,--2300,+20500,KRX
20061116,+103700,2,+700,+0.68,186135,2625,260,--2365,--2811,25297,2497,--22800,--27134,KRX
20061115,-103000,5,-1200,-1.15,256958,708,1154,+446,--509,6755,11089,+4334,--4838,KRX
20061114,+104200,2,+1000,+0.97,248696,146,1101,+955,+1451,1407,10579,+9172,+14173,KRX
20061113,+103200,2,+2700,+2.69,368027,996,500,--496,--506,9931,4930,--5001,--5097,KRX
20061110,-100500,5,-1100,-1.08,294016,302,312,+10,--16,3006,3102,+96,--177,KRX
20061109,+101600,2,+2800,+2.83,483529,403,429,+26,+461,4009,4282,+273,+4665,KRX
20061108,-98800,5,-1000,-1.00,465228,782,347,--435,--192,7903,3511,--4392,--1972,KRX
20061107,-99800,5,-1900,-1.87,193778,564,321,--243,--1825,5637,3217,--2420,--18026,KRX
20061106,+101700,2,+800,+0.79,370094,402,1984,+1582,+2179,3976,19582,+15606,+21522,KRX
20061103,+100900,2,+4000,+4.13,662354,965,368,--597,--284,9567,3651,--5916,--2626,KRX
20061102,+96900,2,+2900,+3.09,413129,687,374,--313,+724,7176,3886,--3290,+7769,KRX
20061101,+94000,2,+500,+0.53,209268,2095,1058,--1037,--3410,22322,11263,--11059,--36562,KRX
20061031,+93500,2,+2400,+2.63,217419,1275,3648,+2373,+2934,13709,39212,+25503,+31588,KRX
20061030,-91100,5,-3700,-3.90,343224,1183,622,--561,--60,12869,6784,--6085,--767,KRX
20061027,+94800,2,+400,+0.42,266878,958,457,--501,+1292,10159,4841,--5318,+13877,KRX
20061026,+94400,2,+2500,+2.72,641671,2458,665,--1793,--2428,26324,7129,--19195,--26097,KRX
20061025,+91900,2,+100,+0.11,280423,128,763,+635,--1640,1397,8299,+6902,--17760,KRX
20061024,-91800,5,-400,-0.43,372446,1373,3648,+2275,+2652,14779,39441,+24662,+28811,KRX
20061023,+92200,2,+1100,+1.21,318174,1553,1176,--377,--626,16976,12827,--4149,--6872,KRX
20061020,-91100,5,-2600,-2.77,671505,76,325,+249,--69,830,3553,+2723,--647,KRX
20061019,-93700,5,-800,-0.85,243612,306,624,+318,--1177,3244,6614,+3370,--12471,KRX
20061018,-94500,5,-800,-0.84,274830,511,2006,+1495,+1567,5423,21264,+15841,+16593,KRX
20061017,+95300,2,+200,+0.21,263460,370,298,--72,--1046,3892,3140,--752,--10991,KRX
20061016,+95100,2,+1600,+1.71,220312,250,1224,+974,--3015,2638,12877,+10239,--31613,KRX
20061013,-93500,5,-200,-0.21,278991,240,4229,+3989,+1485,2540,44392,+41852,+15045,KRX
20061012,+93700,2,+1900,+2.07,314761,1641,4145,+2504,+4186,17526,44333,+26807,+45101,KRX
20061011,-91800,5,-1200,-1.29,367177,2911,1229,--1682,--2565,31573,13279,--18294,--27732,KRX
20061010,+93000,2,+200,+0.22,350857,471,1354,+883,+3871,5040,14478,+9438,+41615,KRX
20061009,-92800,5,-200,-0.22,1053292,4214,1226,--2988,--1061,45433,13256,--32177,--11608,KRX
20061004,-93000,5,-6100,-6.16,954210,3984,2057,--1927,--4403,42488,21919,--20569,--45489,KRX
20061002,-99100,5,-200,-0.20,189908,1140,3616,+2476,+989,11484,36404,+24920,+10064,KRX
20060929,-99300,5,-700,-0.70,215712,1149,2636,+1487,+1073,11471,26327,+14856,+10729,KRX
20060928,+100000,2,+1500,+1.52,297847,726,1140,+414,--31,7283,11410,+4127,--374,KRX
20060927,98500,3,0,0.00,449652,959,1404,+445,+863,9739,14240,+4501,+8699,KRX
20060926,-98500,5,-1100,-1.10,385166,1132,714,--418,--1661,11397,7199,--4198,--16634,KRX
20060925,-99600,5,-300,-0.30,348130,751,1994,+1243,+569,7534,19970,+12436,+5688,KRX
20060922,-99900,5,-400,-0.40,433250,1401,2075,+674,+791,14071,20819,+6748,+7625,KRX
20060921,-100300,5,-3100,-3.00,576443,2822,2705,--117,--1023,27266,26389,--877,--9704,KRX
20060920,103400,3,0,0.00,457019,610,1516,+906,--893,5952,14779,+8827,--8449,KRX
20060919,+103400,2,+2400,+2.38,584951,333,2132,+1799,+587,3218,20494,+17276,+5249,KRX
20060918,101000,3,0,0.00,589741,425,1637,+1212,+37,4217,16244,+12027,+473,KRX
20060915,-101000,5,-900,-0.88,555186,188,1363,+1175,+132,1831,13385,+11554,+1343,KRX
20060914,+101900,2,+4700,+4.84,751085,361,1404,+1043,+337,3605,13816,+10211,+2978,KRX
20060913,+97200,2,+2400,+2.53,472853,123,829,+706,--1413,1266,8499,+7233,--15074,KRX
20060912,94800,3,0,0.00,162670,14,2133,+2119,+2518,143,22450,+22307,+26449,KRX
20060911,-94800,5,-3000,-3.07,172830,949,550,--399,--2978,9865,5723,--4142,--30674,KRX
20060908,+97800,2,+3100,+3.27,383869,71,2650,+2579,+1911,732,27264,+26532,+19515,KRX
20060907,-94700,5,-2300,-2.37,268106,883,1551,+668,+390,9309,16326,+7017,+4149,KRX
20060906,-97000,5,-100,-0.10,361036,649,927,+278,+536,6694,9562,+2868,+5600,KRX
20060905,+97100,2,+400,+0.41,396649,1169,911,--258,--3099,12128,9396,--2732,--32875,KRX
20060904,+96700,2,+5100,+5.57,599147,122,2963,+2841,+1739,1279,31422,+30143,+18153,KRX
20060901,+91600,2,+800,+0.88,416080,85,1187,+1102,--1243,929,12919,+11990,--13934,KRX
20060831,+90800,2,+800,+0.89,535674,1347,3692,+2345,+1673,14849,40773,+25924,+18500,KRX
20060830,-90000,5,-1900,-2.07,676626,151,823,+672,--392,1666,9090,+7424,--3999,KRX
20060829,-91900,5,-300,-0.33,379073,286,1350,+1064,+623,3085,14508,+11423,+6693,KRX
20060828,-92200,5,-1000,-1.07,208263,628,1069,+441,--1261,6761,11491,+4730,--13579,KRX
20060825,+93200,2,+500,+0.54,360903,299,2001,+1702,+3128,3227,21536,+18309,+33877,KRX
20060824,+92700,2,+200,+0.22,352614,1570,144,--1426,--2083,17144,1576,--15568,--22713,KRX
20060823,+92500,2,+1500,+1.65,726292,403,1060,+657,+636,4393,11538,+7145,+6909,KRX
20060822,+91000,2,+4100,+4.72,1131010,999,1020,+21,+467,11263,11499,+236,+5291,KRX
20060821,-86900,5,-3900,-4.30,1088351,797,351,--446,--619,9046,3991,--5055,--6954,KRX
20060818,-90800,5,-1700,-1.84,516603,861,1034,+173,+1163,9428,11327,+1899,+12566,KRX
20060817,-92500,5,-1000,-1.07,838875,3853,2863,--990,+1585,41577,30910,--10667,+16874,KRX
20060816,-93500,5,-2000,-2.09,610391,3151,576,--2575,--3047,33698,6157,--27541,--32515,KRX
20060814,+95500,2,+100,+0.10,248253,461,933,+472,+945,4910,9884,+4974,+9919,KRX
20060811,-95400,5,-800,-0.83,181622,737,264,--473,--250,7703,2758,--4945,--2611,KRX
20060810,+96200,2,+200,+0.21,172276,535,312,--223,+23,5579,3245,--2334,+225,KRX
20060809,-96000,5,-1000,-1.03,218955,632,386,--246,--1239,6579,4020,--2559,--12844,KRX
20060808,97000,3,0,0.00,235090,773,1766,+993,+287,7989,18274,+10285,+3015,KRX
20060807,-97000,5,-2800,-2.81,226134,254,960,+706,--2250,2613,9883,+7270,--22817,KRX
20060804,+99800,2,+4400,+4.61,466412,52,3008,+2956,+2633,533,30620,+30087,+26644,KRX
20060803,-95400,5,-2500,-2.55,613249,985,1308,+323,--366,10123,13566,+3443,--3553,KRX
20060802,-97900,5,-2500,-2.49,710904,448,1137,+689,+1663,4560,11556,+6996,+16464,KRX
20060801,-100400,5,-5800,-5.46,582263,1435,461,--974,--1959,13989,4521,--9468,--18719,KRX
20060731,+106200,2,+200,+0.19,168186,1379,2364,+985,+1268,12895,22146,+9251,+11901,KRX
20060728,-106000,5,-1000,-0.93,148604,460,177,--283,--276,4313,1663,--2650,--2581,KRX
20060727,-107000,5,-1900,-1.74,226482,158,151,--7,+141,1482,1413,--69,+1280,KRX
20060726,+108900,2,+3400,+3.22,190283,318,170,--148,--1504,2916,1567,--1349,--14201,KRX
20060725,+105500,2,+4700,+4.66,177864,78,1434,+1356,+904,743,13595,+12852,+8357,KRX
20060724,+100800,2,+1500,+1.51,162729,40,492,+452,+319,404,4899,+4495,+3160,KRX
20060721,-99300,5,-2100,-2.07,170268,15,148,+133,+18,151,1486,+1335,+217,KRX
20060720,+101400,2,+2800,+2.84,168918,1083,1198,+115,+2155,10819,11937,+1118,+21623,KRX
20060719,-98600,5,-2400,-2.38,159573,2789,749,--2040,--1793,28013,7508,--20505,--18032,KRX
20060718,-101000,5,-3700,-3.53,176811,1009,762,--247,--204,10027,7554,--2473,--2033,KRX
20060714,-104700,5,-1700,-1.60,259465,599,556,--43,+48,5797,5357,--440,--138,KRX
20060713,-318000,5,-1900,-0.59,120862,1920,1829,--91,+1101,6029,5727,--302,+3475,KRX
20060712,+319900,2,+14400,+4.71,137535,2105,913,--1192,--345,6677,2900,--3777,--1020,KRX
20060711,-305500,5,-8100,-2.58,106284,2156,1309,--847,--537,7017,4260,--2757,--1750,KRX
20060710,+313600,2,+1100,+0.35,111337,722,412,--310,--563,2352,1345,--1007,--1815,KRX
20060707,312500,3,0,0.00,103982,235,488,+253,--490,751,1559,+808,--1565,KRX
20060706,-312500,5,-4600,-1.45,79648,265,1008,+743,--477,846,3219,+2373,--1451,KRX
20060705,-317100,5,-3300,-1.03,65160,96,1316,+1220,+780,300,4124,+3824,+2465,KRX
20060704,-320400,5,-4600,-1.42,64578,883,1323,+440,--1366,2733,4092,+1359,--4154,KRX
20060703,-325000,5,-5000,-1.52,139004,541,2347,+1806,--8764,1649,7162,+5513,--26896,KRX
20060630,+330000,2,+20100,+6.49,228950,1033,11603,+10570,+10038,3157,35566,+32409,+30692,KRX
20060629,+309900,2,+21900,+7.60,261956,1281,1813,+532,--669,4074,5791,+1717,--2498,KRX
20060628,-285600,5,-5000,-1.72,101445,95,1296,+1201,+784,336,4551,+4215,+2783,KRX
20060627,-290600,5,-7400,-2.48,93604,299,716,+417,+473,1029,2461,+1432,+1628,KRX
20060626,-298000,5,-2000,-0.67,50182,391,335,--56,--693,1298,1102,--196,--2312,KRX
20060623,-300000,5,-6700,-2.18,44471,522,1159,+637,--1958,1755,3871,+2116,--6348,KRX
20060622,+306700,2,+9700,+3.27,76675,576,3171,+2595,+521,1880,10344,+8464,+1427,KRX
20060621,-297000,5,-5000,-1.66,80446,773,2847,+2074,--7,2630,9667,+7037,+161,KRX
20060620,+302000,2,+1000,+0.33,75479,1506,3587,+2081,+1998,4992,11868,+6876,+6611,KRX
20060619,+301000,2,+2500,+0.84,66460,574,657,+83,--1887,1920,2185,+265,--6405,KRX
20060616,+298500,2,+16000,+5.66,149733,915,2885,+1970,+8088,3108,9778,+6670,+27991,KRX
20060615,-282500,5,-8100,-2.79,197720,7115,997,--6118,--5524,24814,3493,--21321,--19276,KRX
20060614,-290600,5,-5900,-1.99,174879,1238,644,--594,+1584,4263,2218,--2045,+5369,KRX
20060613,-296500,5,-13500,-4.35,114588,2388,210,--2178,--1563,8121,707,--7414,--5087,KRX
20060612,+310000,2,+11000,+3.68,124853,2418,1803,--615,--148,8195,5868,--2327,--743,KRX
20060609,+299000,2,+20000,+7.17,129343,1769,1302,--467,+1806,6021,4437,--1584,+6636,KRX
20060608,-279000,5,-8700,-3.02,209800,4909,2636,--2273,+6907,17695,9475,--8220,+22905,KRX
20060607,-287700,5,-20300,-6.59,143334,10509,1329,--9180,--6617,35691,4566,--31125,--22788,KRX
20060605,+308000,2,+8300,+2.77,114323,3279,716,--2563,--5180,10663,2326,--8337,--17260,KRX
20060602,+299700,2,+15700,+5.53,107152,311,2928,+2617,+2571,1053,9976,+8923,+8787,KRX
20060601,-284000,5,-2800,-0.98,115990,2317,2363,+46,+2957,8163,8299,+136,+10233,KRX
20060530,-286800,5,-4200,-1.44,86506,4154,1243,--2911,--7017,14402,4305,--10097,--24213,KRX
20060529,+291000,2,+3900,+1.36,62151,241,4347,+4106,+1036,828,14944,+14116,+3616,KRX
20060526,+287100,2,+4200,+1.48,171867,272,3342,+3070,+497,929,11429,+10500,+1491,KRX
20060525,+282900,2,+3000,+1.07,165801,570,3143,+2573,+790,2009,11018,+9009,+2447,KRX
20060524,+279900,2,+8800,+3.25,212349,352,2135,+1783,+1732,1281,7843,+6562,+6347,KRX
20060523,-271100,5,-9400,-3.35,246685,1185,1236,+51,--1155,4376,4591,+215,--3978,KRX
20060522,-280500,5,-11200,-3.84,69237,194,1400,+1206,--593,689,4882,+4193,--1970,KRX
20060519,+291700,2,+1700,+0.59,127071,129,1928,+1799,+3468,443,6606,+6163,+11955,KRX
20060518,-290000,5,-10900,-3.62,144285,2381,712,--1669,--3409,8265,2473,--5792,--11598,KRX
20060517,+300900,2,+4600,+1.55,131253,594,2334,+1740,+2503,1977,7783,+5806,+8340,KRX
20060516,-296300,5,-13700,-4.42,158053,2129,1366,--763,--1426,7083,4549,--2534,--4684,KRX
20060515,-310000,5,-9000,-2.82,136166,138,801,+663,+409,449,2599,+2150,+1364,KRX
20060512,-319000,5,-6700,-2.06,66613,857,1111,+254,+295,2690,3476,+786,+933,KRX
20060511,+325700,2,+300,+0.09,172489,517,476,--41,+150,1624,1477,--147,+423,KRX
20060510,-325400,5,-9600,-2.87,96821,3551,3360,--191,--123,10798,10228,--570,--358,KRX
20060509,-335000,5,-1700,-0.50,78504,511,443,--68,+199,1534,1322,--212,+598,KRX
20060508,-336700,5,-3300,-0.97,145295,914,647,--267,--437,2755,1945,--810,--1304,KRX
20060504,-340000,5,-5500,-1.59,57423,580,750,+170,--1943,1720,2214,+494,--5694,KRX
20060503,+345500,2,+10500,+3.13,108895,322,2435,+2113,+794,934,7122,+6188,+2255,KRX
20060502,335000,3,0,0.00,125785,809,2128,+1319,+2573,2416,6349,+3933,+7698,KRX
20060428,-335000,5,-3000,-0.89,61641,2013,759,--1254,+307,6038,2273,--3765,+851,KRX
20060427,-338000,5,-400,-0.12,61127,2115,554,--1561,--2145,6259,1643,--4616,--6392,KRX
20060426,+338400,2,+15400,+4.77,67587,982,1566,+584,+196,2958,4734,+1776,+585,KRX
20060425,-323000,5,-2100,-0.65,56406,428,816,+388,+600,1317,2508,+1191,+1840,KRX
20060424,-325100,5,-11500,-3.42,56609,1288,1076,--212,--340,3926,3277,--649,--1028,KRX
20060421,+336600,2,+7400,+2.25,104390,758,886,+128,+141,2254,2633,+379,+420,KRX
20060420,+329200,2,+4400,+1.35,93603,646,633,--13,--4729,1968,1927,--41,--14275,KRX
20060419,+324800,2,+6400,+2.01,141557,2106,6822,+4716,+4310,6427,20661,+14234,+12952,KRX
20060418,+318400,2,+3600,+1.14,79135,1276,1682,+406,+1723,4050,5332,+1282,+5416,KRX
20060417,-314800,5,-7000,-2.18,69707,2124,807,--1317,--545,6665,2531,--4134,--1716,KRX
20060414,+321800,2,+3800,+1.19,126212,2162,1390,--772,--3732,6788,4370,--2418,--11701,KRX
20060413,+318000,2,+2900,+0.92,125386,997,3957,+2960,+3328,3140,12423,+9283,+10437,KRX
20060412,-315100,5,-15700,-4.75,150953,1120,752,--368,--550,3526,2372,--1154,--1697,KRX
20060411,-330800,5,-8500,-2.51,82117,928,1110,+182,--1555,2813,3356,+543,--4625,KRX
20060410,+339300,2,+8500,+2.57,128706,464,2201,+1737,+3352,1379,6547,+5168,+10078,KRX
20060407,-330800,5,-5200,-1.55,106857,2750,1135,--1615,--2003,8343,3433,--4910,--6062,KRX
20060406,+336000,2,+11000,+3.38,129706,852,1240,+388,--3687,2534,3686,+1152,--11388,KRX
20060405,+325000,2,+14200,+4.57,228857,696,4771,+4075,+4370,2122,14662,+12540,+13471,KRX
20060404,-310800,5,-4100,-1.30,89815,1695,1400,--295,--581,5442,4511,--931,--1818,KRX
20060403,+314900,2,+14900,+4.97,95656,907,1193,+286,--5005,2917,3804,+887,--16705,KRX
20060331,+300000,2,+13200,+4.60,164485,368,5659,+5291,+4517,1227,18819,+17592,+14899,KRX
20060330,+286800,2,+6800,+2.43,103555,319,1093,+774,+684,1121,3814,+2693,+2383,KRX
20060329,+280000,2,+1000,+0.36,43472,458,548,+90,+323,1655,1965,+310,+1140,KRX
20060328,-279000,5,-5500,-1.93,48219,735,502,--233,+1501,2617,1787,--830,+5351,KRX
20060327,-284500,5,-1500,-0.52,106442,1918,184,--1734,--2198,6829,648,--6181,--7834,KRX
20060324,+286000,2,+16200,+6.00,162814,465,929,+464,--785,1667,3320,+1653,--3003,KRX
20060323,+269800,2,+11300,+4.37,104877,366,1615,+1249,+1346,1372,6028,+4656,+5037,KRX
20060322,-258500,5,-3300,-1.26,45143,483,386,--97,+836,1879,1498,--381,+3179,KRX
20060321,+261800,2,+4200,+1.63,69940,1113,180,--933,--1248,4247,687,--3560,--4785,KRX
20060320,+257600,2,+4100,+1.62,58524,223,538,+315,+226,867,2092,+1225,+875,KRX
20060317,+253500,2,+1100,+0.44,39537,334,423,+89,--461,1315,1665,+350,--1781,KRX
20060316,-252400,5,-2600,-1.02,56543,937,1487,+550,--1444,3694,5825,+2131,--5600,KRX
20060315,+255000,2,+4200,+1.67,82425,553,2547,+1994,+2174,2154,9885,+7731,+8446,KRX
20060314,-250800,5,-5700,-2.22,66349,494,314,--180,--206,1952,1237,--715,--818,KRX
20060313,+256500,2,+1200,+0.47,55847,430,456,+26,--159,1678,1781,+103,--621,KRX
20060310,-255300,5,-3200,-1.24,70077,199,384,+185,--2175,779,1503,+724,--8463,KRX
20060309,+258500,2,+6300,+2.50,82585,832,3192,+2360,+2018,3247,12434,+9187,+7817,KRX
20060308,-252200,5,-6800,-2.63,133676,3314,3656,+342,+2444,13099,14469,+1370,+9389,KRX
20060307,-259000,5,-7000,-2.63,60230,2899,797,--2102,--1419,11057,3038,--8019,--5411,KRX
20060306,266000,3,0,0.00,90896,1285,602,--683,--138,4899,2291,--2608,--559,KRX
20060303,-266000,5,-4900,-1.81,98831,920,375,--545,+84,3448,1399,--2049,+251,KRX
20060302,-270900,5,-6300,-2.27,109998,911,282,--629,+116,3336,1036,--2300,+396,KRX
20060228,+277200,2,+1800,+0.65,93968,1130,385,--745,+2357,4086,1390,--2696,+8620,KRX
20060227,+275400,2,+7200,+2.68,96901,3337,235,--3102,--3087,12173,857,--11316,--11252,KRX
20060224,+268200,2,+11300,+4.40,105706,272,257,--15,--29,1031,967,--64,--118,KRX
20060223,+256900,2,+4400,+1.74,83482,304,318,+14,--1666,1184,1238,+54,--6696,KRX
20060222,-252500,5,-500,-0.20,98370,762,2442,+1680,+1920,3040,9790,+6750,+7696,KRX
20060221,+253000,2,+2300,+0.92,81830,551,311,--240,--121,2173,1227,--946,--480,KRX
20060220,+250700,2,+1000,+0.40,101095,390,271,--119,--722,1554,1088,--466,--2869,KRX
20060217,+249700,2,+4800,+1.96,236917,374,977,+603,+111,1483,3886,+2403,+395,KRX
20060216,+244900,2,+6600,+2.77,185323,483,975,+492,+668,1994,4002,+2008,+2662,KRX
20060215,-238300,5,-12800,-5.10,485832,1387,1211,--176,--478,5669,5015,--654,--1848,KRX
20060214,-251100,5,-9000,-3.46,224040,781,1083,+302,--291,3116,4310,+1194,--1038,KRX
20060213,-260100,5,-9900,-3.67,136471,227,820,+593,+2335,860,3092,+2232,+8712,KRX
20060210,-270000,5,-3000,-1.10,125588,1990,248,--1742,--2096,7395,915,--6480,--7796,KRX
20060209,+273000,2,+2600,+0.96,101518,220,574,+354,+388,817,2133,+1316,+1453,KRX
20060208,-270400,5,-6600,-2.38,223013,618,584,--34,--261,2237,2100,--137,--949,KRX
20060207,+277000,2,+13000,+4.92,317940,789,1016,+227,+33,2945,3757,+812,+97,KRX
20060206,+264000,2,+5000,+1.93,174417,1506,1700,+194,+113,5977,6692,+715,+407,KRX
20060203,-259000,5,-12500,-4.60,154131,931,1012,+81,+1804,3563,3871,+308,+6589,KRX
20060202,+271500,2,+1500,+0.56,204831,2068,345,--1723,--138,7542,1261,--6281,--484,KRX
20060201,-270000,5,-13600,-4.80,274216,2353,768,--1585,--770,8629,2832,--5797,--2921,KRX
20060131,+283600,2,+7700,+2.79,183837,1639,824,--815,--293,5777,2901,--2876,--944,KRX
20060127,+275900,2,+2000,+0.73,146348,1262,740,--522,--1278,4647,2715,--1932,--4752,KRX
20060126,+273900,2,+4100,+1.52,146254,1558,2314,+756,+1736,5907,8727,+2820,+6513,KRX
20060125,+269800,2,+25500,+10.44,281849,1854,874,--980,--1549,7004,3311,--3693,--6043,KRX
20060124,+244300,2,+7300,+3.08,340227,394,963,+569,--4719,1629,3979,+2350,--19927,KRX
20060123,-237000,5,-9000,-3.66,330416,1775,7063,+5288,+4246,7480,29757,+22277,+18011,KRX
20060120,-246000,5,-14800,-5.67,402822,656,1698,+1042,+744,2614,6880,+4266,+3106,KRX
20060119,-260800,5,-11700,-4.29,256113,910,1208,+298,+1235,3465,4625,+1160,+4763,KRX
20060118,-272500,5,-10800,-3.81,292795,2426,1489,--937,--1050,9116,5513,--3603,--4017,KRX
20060117,+283300,2,+400,+0.14,124119,976,1089,+113,--815,3405,3819,+414,--2883,KRX
20060116,+282900,2,+5700,+2.06,178269,185,1113,+928,--516,658,3955,+3297,--1917,KRX
20060113,+277200,2,+7100,+2.63,316803,258,1702,+1444,+1238,933,6147,+5214,+4445,KRX
20060112,-270100,5,-9900,-3.54,479284,651,857,+206,+155,2423,3192,+769,+614,KRX
20060111,-280000,5,-9900,-3.41,379818,654,705,+51,--332,2402,2557,+155,--1161,KRX
20060110,-289900,5,-9100,-3.04,142404,401,784,+383,+454,1384,2700,+1316,+1561,KRX
20060109,+299000,2,+15200,+5.36,149430,836,765,--71,--871,2828,2583,--245,--3073,KRX
20060106,+283800,2,+4100,+1.47,106703,1578,2378,+800,--84,5575,8403,+2828,--335,KRX
20060105,+279700,2,+1700,+0.61,105595,810,1694,+884,--1960,2899,6062,+3163,--7072,KRX
20060104,+278000,2,+5600,+2.06,146985,604,3448,+2844,+1459,2162,12397,+10235,+5140,KRX
20060103,-272400,5,-2000,-0.73,81019,160,1545,+1385,--161,590,5685,+5095,--558,KRX
20060102,+274400,2,+4400,+1.63,102615,616,2162,+1546,+501,2249,7902,+5653,+1631,KRX
20051229,+270000,2,+11900,+4.61,168122,1553,2598,+1045,+869,5775,9797,+4022,+3348,KRX
20051228,-258100,5,-1900,-0.73,115202,554,730,+176,+2616,2139,2813,+674,+9990,KRX
20051227,-260000,5,-7000,-2.62,156466,3225,785,--2440,--2433,12325,3009,--9316,--9285,KRX
20051226,+267000,2,+6000,+2.30,163852,545,538,--7,+1697,2048,2017,--31,+6525,KRX
20051223,+261000,2,+2800,+1.08,97126,2296,592,--1704,--646,8841,2285,--6556,--2545,KRX
20051222,-258200,5,-7000,-2.64,166966,2110,1052,--1058,--1304,8034,4023,--4011,--4944,KRX
20051221,+265200,2,+10500,+4.12,135078,1025,1271,+246,--746,3927,4860,+933,--2955,KRX
20051220,-254700,5,-5300,-2.04,101417,730,1722,+992,--492,2847,6735,+3888,--1828,KRX
20051219,+260000,2,+2000,+0.78,132730,287,1771,+1484,+408,1101,6817,+5716,+1549,KRX
20051216,-258000,5,-6900,-2.60,153457,1392,2468,+1076,+6519,5392,9559,+4167,+24493,KRX
20051215,-264900,5,-6600,-2.43,163089,7915,2472,--5443,+725,29569,9243,--20326,+2181,KRX
20051214,-271500,5,-6400,-2.30,155695,8687,2519,--6168,--12768,31716,9209,--22507,--46162,KRX
20051213,-277900,5,-100,-0.04,243287,1672,8272,+6600,+6740,6020,29675,+23655,+24163,KRX
20051212,+278000,2,+8900,+3.31,104195,1474,1334,--140,+1678,5308,4800,--508,+6265,KRX
20051209,+269100,2,+9100,+3.50,191294,5382,3564,--1818,--4384,20030,13257,--6773,--16662,KRX
20051208,+260000,2,+2200,+0.85,94602,241,2807,+2566,+3284,928,10817,+9889,+12679,KRX
20051207,+257800,2,+2900,+1.14,122169,2306,1588,--718,--2721,8961,6171,--2790,--10744,KRX
20051206,+254900,2,+6900,+2.78,128791,1362,3365,+2003,+3754,5416,13370,+7954,+15000,KRX
20051205,-248000,5,-2000,-0.80,113015,3100,1349,--1751,--3420,12480,5434,--7046,--13672,KRX
20051202,+250000,2,+3000,+1.21,213692,1621,3290,+1669,+7412,6407,13033,+6626,+29845,KRX
20051201,+247000,2,+3000,+1.23,226497,6446,703,--5743,--6743,26061,2842,--23219,--27328,KRX
20051130,-244000,5,-6000,-2.40,310239,691,1691,+1000,--544,2861,6970,+4109,--2107,KRX
20051129,+250000,2,+500,+0.20,141355,463,2007,+1544,+4045,1863,8079,+6216,+15932,KRX
20051128,-249500,5,-6500,-2.54,232793,3136,635,--2501,+139,12214,2498,--9716,+791,KRX
20051125,+256000,2,+12800,+5.26,210750,3293,653,--2640,--2192,13099,2592,--10507,--8681,KRX
20051124,+243200,2,+2000,+0.83,122625,1572,1124,--448,--1099,6433,4607,--1826,--4545,KRX
20051123,+241200,2,+12800,+5.60,257581,766,1417,+651,+689,3174,5893,+2719,+2886,KRX
20051122,+228400,2,+5300,+2.38,170429,634,596,--38,--357,2788,2621,--167,--1575,KRX
20051121,-223100,5,-3300,-1.46,115074,366,685,+319,--492,1623,3031,+1408,--2146,KRX
20051118,-226400,5,-100,-0.04,137696,227,1038,+811,+3611,991,4545,+3554,+15863,KRX
20051117,-226500,5,-1700,-0.74,163888,3432,632,--2800,--2316,15083,2774,--12309,--10233,KRX
20051116,+228200,2,+600,+0.26,158912,889,405,--484,--951,3837,1761,--2076,--4126,KRX
20051115,+227600,2,+2100,+0.93,155527,726,1193,+467,+1558,3197,5247,+2050,+6793,KRX
20051114,225500,3,0,0.00,249621,1680,589,--1091,--1469,7303,2560,--4743,--6407,KRX
20051111,-225500,5,-3300,-1.44,234371,1103,1481,+378,+535,4872,6536,+1664,+2402,KRX
20051110,+228800,2,+17800,+8.44,396223,981,824,--157,+1997,4385,3647,--738,+9818,KRX
20051109,+211000,2,+15900,+8.15,343165,2922,768,--2154,--1416,14285,3729,--10556,--6790,KRX
20051108,-195100,5,-6400,-3.18,193785,1187,449,--738,+59,6054,2288,--3766,+197,KRX
20051107,+201500,2,+1600,+0.80,209916,1345,548,--797,--792,6692,2729,--3963,--3941,KRX
20051104,+199900,2,+11300,+5.99,352385,380,375,--5,+806,1930,1908,--22,+4162,KRX
20051103,+188600,2,+1600,+0.86,240012,1456,645,--811,--805,7550,3366,--4184,--4163,KRX
20051102,+187000,2,+9500,+5.35,234247,503,497,--6,--851,2749,2728,--21,--4750,KRX
20051101,+177500,2,+4000,+2.31,131941,613,1458,+845,+188,3441,8170,+4729,+986,KRX
20051031,-173500,5,-1500,-0.86,100527,536,1193,+657,+494,3076,6819,+3743,+2812,KRX
20051028,+175000,2,+4300,+2.52,187062,326,489,+163,+857,1855,2786,+931,+5004,KRX
20051027,-170700,5,-6000,-3.40,170947,1277,583,--694,+658,7471,3398,--4073,+3566,KRX
20051026,-176700,5,-3900,-2.16,128347,1914,562,--1352,--837,10805,3166,--7639,--4745,KRX
20051025,-180600,5,-3400,-1.85,171038,1137,622,--515,--387,6320,3426,--2894,--2202,KRX
20051024,+184000,2,+6000,+3.37,148799,327,199,--128,--419,1770,1078,--692,--2349,KRX
20051021,+178000,2,+11300,+6.78,204466,434,725,+291,--611,2453,4110,+1657,--3666,KRX
20051020,-166700,5,-3800,-2.23,128292,860,1762,+902,+800,5039,10362,+5323,+4717,KRX
20051019,+170500,2,+3500,+2.10,290139,681,783,+102,--25,4015,4621,+606,--171,KRX
20051018,+167000,2,+11000,+7.05,334967,235,362,+127,--1091,1414,2191,+777,--6853,KRX
20051017,-156000,5,-7400,-4.53,267914,155,1373,+1218,+176,972,8602,+7630,+1294,KRX
20051014,-163400,5,-8600,-5.00,335077,468,1510,+1042,+294,2862,9198,+6336,+2000,KRX
20051013,-172000,5,-6800,-3.80,256307,368,1116,+748,--3492,2133,6469,+4336,--19422,KRX
20051012,-178800,5,-1900,-1.05,117835,409,4649,+4240,+4292,2287,26045,+23758,+24064,KRX
20051011,-180700,5,-300,-0.17,113407,724,672,--52,--1271,4016,3710,--306,--7125,KRX
20051010,+181000,2,+6000,+3.43,186998,166,1385,+1219,+192,932,7751,+6819,+1001,KRX
20051007,-175000,5,-6000,-3.31,183844,202,1229,+1027,--243,1149,6967,+5818,--1217,KRX
20051006,-181000,5,-4000,-2.16,158630,195,1465,+1270,+456,1077,8112,+7035,+2680,KRX
20051005,185000,3,0,0.00,173627,862,1676,+814,+1635,4642,8997,+4355,+8784,KRX
20051004,+185000,2,+7500,+4.23,155596,1365,544,--821,--779,7406,2977,--4429,--4190,KRX
20050930,+177500,2,+3000,+1.72,134050,419,377,--42,+485,2380,2141,--239,+2774,KRX
20050929,+174500,2,+500,+0.29,113987,1189,662,--527,--482,6792,3779,--3013,--2742,KRX
20050928,+174000,2,+3500,+2.05,165268,1926,1881,--45,+159,11059,10788,--271,+883,KRX
20050927,+170500,2,+500,+0.29,228135,1467,1263,--204,--1236,8454,7300,--1154,--7193,KRX
20050926,-170000,5,-1000,-0.58,182190,400,1432,+1032,+397,2341,8380,+6039,+2339,KRX
20050923,-171000,5,-4000,-2.29,307793,808,1443,+635,+1564,4694,8394,+3700,+9056,KRX
20050922,+175000,2,+9000,+5.42,375026,1595,666,--929,--513,9215,3859,--5356,--2851,KRX
20050921,-166000,5,-1900,-1.13,145809,1670,1254,--416,--1183,10062,7557,--2505,--7095,KRX
20050920,+167900,2,+7900,+4.94,341929,984,1751,+767,--746,5928,10518,+4590,--4956,KRX
20050916,+160000,2,+13200,+8.99,214665,608,2121,+1513,+1531,3878,13424,+9546,+9677,KRX
20050915,+146800,2,+2900,+2.02,87713,295,277,--18,--26,2035,1904,--131,--190,KRX
20050914,+143900,2,+600,+0.42,68254,314,322,+8,--414,2184,2243,+59,--2885,KRX
20050913,-143300,5,-400,-0.28,104484,303,725,+422,+311,2114,5058,+2944,+2171,KRX
20050912,+143700,2,+1200,+0.84,115147,288,399,+111,--1377,2001,2774,+773,--9633,KRX
20050909,-142500,5,-2400,-1.66,94870,223,1711,+1488,+2591,1562,11968,+10406,+18021,KRX
20050908,+144900,2,+2400,+1.68,209608,1189,86,--1103,--991,8210,595,--7615,--6828,KRX
20050907,+142500,2,+3200,+2.30,114151,329,217,--112,--43,2310,1523,--787,--294,KRX
20050906,139300,3,0,0.00,123682,822,753,--69,--103,5866,5373,--493,--717,KRX
20050905,+139300,2,+1800,+1.31,149130,380,414,+34,--1936,2734,2958,+224,--13986,KRX
20050902,-137500,5,-3700,-2.62,179869,343,2313,+1970,+2529,2475,16685,+14210,+18139,KRX
20050901,-141200,5,-400,-0.28,136705,1462,903,--559,--3877,10296,6367,--3929,--27798,KRX
20050831,+141600,2,+6400,+4.73,128232,154,3472,+3318,+2911,1122,24991,+23869,+20854,KRX
20050830,+135200,2,+3800,+2.89,71827,341,748,+407,--511,2545,5560,+3015,--3926,KRX
20050829,-131400,5,-2700,-2.01,76636,89,1007,+918,+811,672,7613,+6941,+6232,KRX
20050826,-134100,5,-4200,-3.04,99618,465,572,+107,--352,3444,4153,+709,--2597,KRX
20050825,-138300,5,-1200,-0.86,83077,20,479,+459,--507,147,3453,+3306,--3508,KRX
20050824,-139500,5,-2200,-1.55,155576,495,1461,+966,+1071,3530,10344,+6814,+7538,KRX
20050823,+141700,2,+4100,+2.98,215623,980,875,--105,--255,6904,6180,--724,--1838,KRX
20050822,+137600,2,+5500,+4.16,159258,253,403,+150,--918,1849,2963,+1114,--7097,KRX
20050819,+132100,2,+1800,+1.38,97286,259,1327,+1068,+491,1969,10180,+8211,+3833,KRX
20050818,-130300,5,-4500,-3.34,94685,305,882,+577,+191,2330,6708,+4378,+1489,KRX
20050817,+134800,2,+800,+0.60,83765,93,479,+386,+108,696,3585,+2889,+810,KRX
20050816,+134000,2,+1500,+1.13,75823,327,605,+278,+763,2457,4536,+2079,+5689,KRX
20050812,-132500,5,-1900,-1.41,93605,978,493,--485,--195,7308,3698,--3610,--1429,KRX
20050811,+134400,2,+5100,+3.94,176721,521,231,--290,--234,3920,1739,--2181,--1741,KRX
20050810,-129300,5,-3900,-2.93,146567,386,330,--56,--85,2981,2541,--440,--663,KRX
20050809,+133200,2,+100,+0.08,134669,246,275,+29,+354,1856,2079,+223,+2713,KRX
20050808,+133100,2,+5100,+3.98,169333,457,132,--325,--180,3495,1005,--2490,--1330,KRX
20050805,-128000,5,-700,-0.54,141942,679,534,--145,--1190,5354,4194,--1160,--9485,KRX
20050804,+128700,2,+8700,+7.25,443010,205,1250,+1045,+1278,1603,9928,+8325,+10218,KRX
20050803,-120000,5,-1500,-1.23,277207,491,258,--233,--115,4011,2118,--1893,--925,KRX
20050802,-121500,5,-1400,-1.14,154525,436,318,--118,--183,3586,2618,--968,--1481,KRX
20050801,-122900,5,-4100,-3.23,141765,350,415,+65,--293,2832,3345,+513,--2293,KRX
20050729,+127000,2,+7000,+5.83,244052,464,822,+358,+372,3706,6512,+2806,+2939,KRX
20050728,+120000,2,+700,+0.59,182564,1535,1521,--14,--1612,12807,12674,--133,--13601,KRX
20050727,+119300,2,+1500,+1.27,137648,508,2106,+1598,+1695,4293,17761,+13468,+14284,KRX
20050726,-117800,5,-1000,-0.84,242565,207,110,--97,--504,1744,928,--816,--4242,KRX
20050725,+118800,2,+4800,+4.21,320968,223,630,+407,+113,1873,5299,+3426,+744,KRX
20050722,+114000,2,+5700,+5.26,133659,232,526,+294,+314,2098,4780,+2682,+2870,KRX
20050721,-108300,5,-2200,-1.99,157687,252,232,--20,--18,2286,2098,--188,--160,KRX
20050720,-110500,5,-2000,-1.78,152616,415,413,--2,+103,3743,3715,--28,+918,KRX
20050719,112500,3,0,0.00,95996,303,198,--105,--127,2707,1761,--946,--1148,KRX
20050718,+112500,2,+200,+0.18,76707,371,393,+22,+159,3282,3484,+202,+1413,KRX
20050715,-112300,5,-2700,-2.35,45067,448,311,--137,--387,3942,2731,--1211,--3386,KRX
20050714,+115000,2,+900,+0.79,81306,397,647,+250,+417,3477,5652,+2175,+3632,KRX
20050713,-114100,5,-3200,-2.73,94379,367,200,--167,+870,3200,1743,--1457,+7443,KRX
20050712,+117300,2,+300,+0.26,86535,1935,898,--1037,--1474,16602,7702,--8900,--12631,KRX
20050711,+117000,2,+2000,+1.74,225246,219,656,+437,+1148,1881,5612,+3731,+9971,KRX
20050708,+115000,2,+6500,+5.99,374011,913,202,--711,--516,8040,1800,--6240,--4429,KRX
20050707,+108500,2,+1900,+1.78,115364,221,26,--195,--269,2052,241,--1811,--2499,KRX
20050706,+106600,2,+1200,+1.14,71411,390,464,+74,+163,3653,4341,+688,+1543,KRX
20050705,-105400,5,-2100,-1.95,61716,406,317,--89,+202,3837,2982,--855,+1854,KRX
20050704,-107500,5,-500,-0.46,70879,418,127,--291,--381,3891,1182,--2709,--3530,KRX
20050701,+108000,2,+1000,+0.93,115755,117,207,+90,--751,1083,1904,+821,--6991,KRX
20050630,+107000,2,+100,+0.09,73682,159,1000,+841,+969,1498,9310,+7812,+9011,KRX
20050629,+106900,2,+3600,+3.48,98865,378,250,--128,--213,3546,2347,--1199,--2042,KRX
20050628,-103300,5,-1100,-1.05,99788,223,308,+85,+207,2161,3004,+843,+2003,KRX
20050627,-104400,5,-4000,-3.69,62464,391,269,--122,--433,3691,2531,--1160,--4021,KRX
20050624,-108400,5,-100,-0.09,87273,410,721,+311,+239,3789,6650,+2861,+2201,KRX
20050623,-108500,5,-300,-0.28,113896,396,468,+72,+950,3655,4315,+660,+8864,KRX
20050622,+108800,2,+1500,+1.40,93746,948,70,--878,--843,8847,643,--8204,--7884,KRX
20050621,-107300,5,-700,-0.65,120425,187,152,--35,+89,1734,1414,--320,+828,KRX
20050620,+108000,2,+1500,+1.41,165206,195,71,--124,+366,1808,660,--1148,+3436,KRX
20050617,-106500,5,-2200,-2.02,99788,503,13,--490,+150,4710,126,--4584,+1329,KRX
20050616,-108700,5,-300,-0.28,86047,761,121,--640,+872,7026,1113,--5913,+8247,KRX
20050615,+109000,2,+1500,+1.40,186169,1773,261,--1512,--1237,16565,2405,--14160,--11617,KRX
20050614,-107500,5,-2000,-1.83,57258,286,11,--275,--205,2649,106,--2543,--1908,KRX
20050613,-109500,5,-2000,-1.79,39122,185,115,--70,+86,1682,1047,--635,+760,KRX
20050610,-111500,5,-200,-0.18,81877,257,101,--156,--807,2305,910,--1395,--7248,KRX
20050609,+111700,2,+1700,+1.55,83470,102,753,+651,+1350,932,6785,+5853,+12193,KRX
20050608,110000,3,0,0.00,124560,2474,1775,--699,--729,22479,16139,--6340,--6602,KRX
20050607,-110000,5,-1900,-1.70,121476,100,130,+30,+121,898,1160,+262,+1072,KRX
20050603,+111900,2,+2000,+1.82,144163,156,65,--91,+81,1390,580,--810,+732,KRX
20050602,+109900,2,+5100,+4.87,231250,305,133,--172,--1002,2772,1230,--1542,--9431,KRX
20050601,-104800,5,-3200,-2.96,205922,358,1188,+830,+1423,3407,11296,+7889,+13346,KRX
20050531,-108000,5,-1100,-1.01,85710,1099,506,--593,--202,10130,4673,--5457,--1880,KRX
20050530,+109100,2,+100,+0.09,115069,462,71,--391,--448,4224,647,--3577,--4103,KRX
20050527,+109000,2,+1000,+0.93,141243,203,260,+57,--1432,1887,2413,+526,--13325,KRX
20050526,+108000,2,+700,+0.65,209707,387,1876,+1489,+307,3597,17448,+13851,+2847,KRX
20050525,+107300,2,+2300,+2.19,148062,505,1687,+1182,+1122,4699,15703,+11004,+10432,KRX
20050524,+105000,2,+500,+0.48,105883,146,206,+60,+210,1381,1953,+572,+2080,KRX
20050523,+104500,2,+2900,+2.85,141154,395,245,--150,--33,3885,2377,--1508,--346,KRX
20050520,-101600,5,-300,-0.29,67434,120,3,--117,--1922,1193,31,--1162,--19252,KRX
20050519,+101900,2,+5200,+5.38,249420,266,2071,+1805,+786,2648,20738,+18090,+7585,KRX
20050518,-96700,5,-300,-0.31,64704,47,1066,+1019,+957,486,10991,+10505,+9882,KRX
20050517,-97000,5,-1500,-1.52,67038,98,160,+62,--23,1002,1625,+623,--243,KRX
20050516,-98500,5,-100,-0.10,69336,17,102,+85,--451,176,1042,+866,--4581,KRX
20050513,98600,3,0,0.00,90006,181,717,+536,+416,1844,7291,+5447,+4228,KRX
20050512,+98600,2,+3000,+3.14,96104,95,215,+120,--355,978,2197,+1219,--3748,KRX
20050511,-95600,5,-800,-0.83,73554,155,630,+475,+161,1617,6584,+4967,+1719,KRX
20050510,96400,3,0,0.00,70627,118,432,+314,+169,1220,4468,+3248,+1748,KRX
20050509,-96400,5,-3000,-3.02,117483,170,315,+145,--51,1764,3264,+1500,--477,KRX
20050506,+99400,2,+1800,+1.84,221071,7,203,+196,+111,68,2045,+1977,+1110,KRX
20050504,-97600,5,-300,-0.31,168894,9,94,+85,+654,88,955,+867,+6644,KRX
20050503,+97900,2,+1100,+1.14,389079,702,133,--569,--500,7134,1357,--5777,--5073,KRX
20050502,+96800,2,+3800,+4.09,129712,233,164,--69,--313,2422,1718,--704,--3327,KRX
20050429,+93000,2,+1200,+1.31,68417,43,287,+244,+73,468,3091,+2623,+810,KRX
20050428,-91800,5,-1200,-1.29,76327,163,334,+171,--282,1762,3575,+1813,--2999,KRX
20050427,-93000,5,-3000,-3.13,87752,72,525,+453,+388,769,5581,+4812,+4145,KRX
20050426,96000,3,0,0.00,133694,136,201,+65,+109,1401,2068,+667,+1142,KRX
20050425,96000,3,0,0.00,62689,333,289,--44,+169,3490,3015,--475,+1700,KRX
20050422,+96000,2,+1300,+1.37,272935,331,118,--213,--1669,3391,1216,--2175,--17700,KRX
20050421,+94700,2,+900,+0.96,298585,268,1724,+1456,+263,2852,18377,+15525,+2564,KRX
20050420,+93800,2,+5000,+5.63,277227,279,1472,+1193,+1219,3034,15995,+12961,+13245,KRX
20050419,+88800,2,+3600,+4.23,86475,375,349,--26,+86,4243,3959,--284,+1033,KRX
20050418,-85200,5,-4200,-4.70,106617,676,564,--112,+190,7864,6547,--1317,+2065,KRX
20050415,-89400,5,-2100,-2.30,101577,662,360,--302,--407,7416,4034,--3382,--4510,KRX
20050414,-91500,5,-2500,-2.66,79481,432,537,+105,+459,4702,5830,+1128,+4897,KRX
20050413,+94000,2,+1300,+1.40,131252,499,145,--354,--182,5318,1549,--3769,--1908,KRX
20050412,+92700,2,+600,+0.65,91934,288,116,--172,--237,3116,1255,--1861,--2570,KRX
20050411,+92100,2,+300,+0.33,76795,74,139,+65,+248,799,1508,+709,+2694,KRX
20050408,-91800,5,-800,-0.86,93130,234,51,--183,+134,2535,550,--1985,+1435,KRX
20050407,+92600,2,+1500,+1.65,184813,512,195,--317,--321,5524,2104,--3420,--3462,KRX
20050406,+91100,2,+3100,+3.52,317479,294,298,+4,--41,3237,3279,+42,--471,KRX
20050404,-88000,5,-1000,-1.12,84965,102,147,+45,--240,1150,1663,+513,--2692,KRX
20050401,+89000,2,+400,+0.45,142289,122,407,+285,+166,1379,4584,+3205,+1892,KRX
20050331,-88600,5,-200,-0.23,160048,129,248,+119,--297,1443,2756,+1313,--3352,KRX
20050330,-88800,5,-800,-0.89,107025,232,648,+416,--284,2605,7270,+4665,--3161,KRX
20050329,-89600,5,-400,-0.44,172453,119,819,+700,+802,1336,9162,+7826,+8962,KRX
20050328,+90000,2,+1700,+1.93,225573,192,90,--102,--284,2136,1000,--1136,--3218,KRX
20050325,+88300,2,+6000,+7.29,364215,106,288,+182,+275,1244,3326,+2082,+3213,KRX
20050324,+82300,2,+1100,+1.35,213237,186,93,--93,--46,2258,1127,--1131,--566,KRX
20050323,-81200,5,-3100,-3.68,183829,285,238,--47,+767,3448,2883,--565,+9084,KRX
20050322,-84300,5,-300,-0.35,70076,859,45,--814,+94,10179,530,--9649,+1056,KRX
20050321,+84600,2,+800,+0.95,102244,997,89,--908,--387,11761,1056,--10705,--4470,KRX
20050318,-83800,5,-300,-0.36,113499,658,137,--521,--220,7856,1621,--6235,--2655,KRX
20050317,-84100,5,-1900,-2.21,145391,447,146,--301,--434,5306,1726,--3580,--5106,KRX
20050316,-86000,5,-1100,-1.26,98826,198,331,+133,+170,2300,3826,+1526,+1941,KRX
20050315,-87100,5,-1600,-1.80,149642,244,207,--37,+370,2766,2351,--415,+4084,KRX
20050314,-88700,5,-2800,-3.06,139772,582,175,--407,--562,6453,1954,--4499,--6179,KRX
20050311,+91500,2,+2200,+2.46,162384,180,335,+155,--23,1989,3669,+1680,--357,KRX
20050310,-89300,5,-400,-0.45,232853,677,855,+178,+577,7520,9557,+2037,+6509,KRX
20050309,+89700,2,+1800,+2.05,237940,503,104,--399,--378,5635,1163,--4472,--4237,KRX
20050308,+87900,2,+200,+0.23,241763,161,140,--21,+402,1823,1588,--235,+4561,KRX
20050307,-87700,5,-200,-0.23,128107,771,348,--423,+64,8760,3964,--4796,+678,KRX
20050304,-87900,5,-1600,-1.79,160141,558,71,--487,+400,6273,799,--5474,+4510,KRX
20050303,-89500,5,-500,-0.56,108100,1033,146,--887,--164,11625,1641,--9984,--2022,KRX
20050302,90000,3,0,0.00,267115,1169,446,--723,+760,12901,4939,--7962,+8775,KRX
20050228,+90000,2,+3500,+4.05,317976,1664,181,--1483,--503,18763,2026,--16737,--5439,KRX
20050225,-86500,5,-400,-0.46,162593,1280,300,--980,--308,14764,3466,--11298,--3435,KRX
20050224,+86900,2,+3700,+4.45,244046,998,326,--672,--632,11643,3780,--7863,--7408,KRX
20050223,-83200,5,-1700,-2.00,178575,534,494,--40,+845,6358,5903,--455,+9864,KRX
20050222,-84900,5,-1600,-1.85,233687,1057,172,--885,--598,12321,2002,--10319,--7045,KRX
20050221,-86500,5,-900,-1.03,242567,460,173,--287,+74,5267,1993,--3274,+848,KRX
20050218,-87400,5,-1500,-1.69,235003,450,89,--361,+637,5137,1015,--4122,+6993,KRX
20050217,-88900,5,-1700,-1.88,252907,1304,306,--998,--564,14540,3425,--11115,--6348,KRX
20050216,+90600,2,+200,+0.22,214539,763,329,--434,+147,8380,3613,--4767,+1536,KRX
20050215,+90400,2,+400,+0.44,290723,793,212,--581,--34,8627,2324,--6303,--220,KRX
20050214,+90000,2,+1300,+1.47,173295,1036,489,--547,--830,11506,5423,--6083,--9245,KRX
20050211,-88700,5,-2500,-2.74,206085,398,681,+283,+1487,4473,7635,+3162,+16464,KRX
20050207,+91200,2,+800,+0.88,129502,1687,483,--1204,--2278,18621,5319,--13302,--25060,KRX
20050204,-90400,5,-1400,-1.53,163734,257,1331,+1074,+1042,2823,14581,+11758,+11412,KRX
20050203,+91800,2,+300,+0.33,473395,281,313,+32,+877,3032,3378,+346,+9751,KRX
20050202,+91500,2,+4400,+5.05,453374,1107,262,--845,--231,12294,2889,--9405,--2354,KRX
20050201,+87100,2,+800,+0.93,158981,722,108,--614,--105,8296,1245,--7051,--1150,KRX
20050131,-86300,5,-900,-1.03,245295,1004,495,--509,--840,11635,5734,--5901,--9669,KRX
20050128,-87200,5,-1800,-2.02,223597,106,437,+331,+1348,1212,4980,+3768,+14935,KRX
20050127,-89000,5,-2900,-3.16,223991,1346,329,--1017,+87,14837,3670,--11167,+881,KRX
20050126,+91900,2,+2900,+3.26,304886,1379,275,--1104,--1401,15053,3005,--12048,--15378,KRX
20050125,-89000,5,-2000,-2.20,175900,529,826,+297,+1641,5923,9253,+3330,+18020,KRX
20050124,-91000,5,-900,-0.98,162442,1615,271,--1344,--448,17653,2963,--14690,--4973,KRX
20050121,-91900,5,-100,-0.11,155627,1196,300,--896,--904,12968,3251,--9717,--9825,KRX
20050120,-92000,5,-3900,-4.07,263392,448,456,+8,+4418,4805,4913,+108,+45273,KRX
20050119,-95900,5,-3600,-3.62,251031,4584,174,--4410,--2458,46952,1787,--45165,--25637,KRX
20050118,-99500,5,-500,-0.50,322868,2096,144,--1952,--753,20970,1442,--19528,--6802,KRX
20050117,+100000,2,+8000,+8.70,361024,1330,131,--1199,--1045,14072,1346,--12726,--11034,KRX
20050114,92000,3,0,0.00,96646,270,116,--154,--264,2958,1266,--1692,--2883,KRX
20050113,-92000,5,-600,-0.65,132756,346,456,+110,+162,3761,4952,+1191,+1752,KRX
20050112,+92600,2,+1100,+1.20,228544,245,193,--52,--149,2644,2083,--561,--1614,KRX
20050111,+91500,2,+1000,+1.10,285306,274,371,+97,--430,3006,4059,+1053,--4737,KRX
20050110,+90500,2,+2100,+2.38,385754,303,830,+527,+317,3337,9127,+5790,+3385,KRX
20050107,+88400,2,+2900,+3.39,376900,132,342,+210,+154,1508,3913,+2405,+1741,KRX
20050106,+85500,2,+500,+0.59,611313,198,254,+56,+16,2319,2983,+664,+181,KRX
20050105,-85000,5,-1000,-1.16,144980,271,311,+40,--99,3204,3687,+483,--1146,KRX
20050104,-86000,5,-1200,-1.38,184464,171,310,+139,+125,1987,3616,+1629,+1461,KRX
20050103,+87200,2,+3700,+4.43,260145,292,306,+14,--464,3418,3586,+168,--5577,KRX
20041230,+83500,2,+3500,+4.38,181391,43,521,+478,+522,521,6266,+5745,+6285,KRX
20041229,+80000,2,+1400,+1.78,126423,420,376,--44,+33,5279,4739,--540,+423,KRX
20041228,-78600,5,-400,-0.51,97516,286,209,--77,+428,3620,2657,--963,+5421,KRX
20041227,-79000,5,-600,-0.75,124523,616,111,--505,--459,7779,1395,--6384,--5811,KRX
20041224,+79600,2,+500,+0.63,93965,110,64,--46,+237,1383,810,--573,+2980,KRX
20041223,-79100,5,-1400,-1.74,116814,362,79,--283,--227,4547,994,--3553,--2870,KRX
20041222,+80500,2,+200,+0.25,141415,177,121,--56,+223,2184,1501,--683,+2787,KRX
20041221,-80300,5,-300,-0.37,105565,315,36,--279,--926,3914,444,--3470,--11502,KRX
20041220,-80600,5,-1000,-1.23,132901,43,690,+647,+689,532,8564,+8032,+8545,KRX
20041217,-81600,5,-1600,-1.92,105336,179,137,--42,--105,2188,1675,--513,--1257,KRX
20041216,+83200,2,+700,+0.85,57454,171,234,+63,--90,2064,2808,+744,--1107,KRX
20041215,+82500,2,+900,+1.10,78602,46,199,+153,--174,549,2400,+1851,--2176,KRX
20041214,-81600,5,-100,-0.12,107284,60,387,+327,--554,736,4763,+4027,--6759,KRX
20041213,+81700,2,+1200,+1.49,129488,26,907,+881,+640,320,11106,+10786,+7788,KRX
20041210,80500,3,0,0.00,189385,39,280,+241,--598,479,3477,+2998,--7060,KRX
20041209,+80500,2,+1300,+1.64,279246,1743,2582,+839,+882,21621,31679,+10058,+10625,KRX
20041208,-79200,5,-6100,-7.15,386973,203,160,--43,+34,2531,1964,--567,+334,KRX
20041207,-85300,5,-700,-0.81,141385,146,69,--77,+11,1708,807,--901,+111,KRX
20041206,-86000,5,-3400,-3.80,152158,139,51,--88,--246,1592,580,--1012,--2776,KRX
20041203,+89400,2,+900,+1.02,215892,179,337,+158,+201,2007,3771,+1764,+2249,KRX
20041202,+88500,2,+1000,+1.14,120349,158,115,--43,+22,1792,1307,--485,+264,KRX
20041201,-87500,5,-500,-0.57,89236,127,62,--65,0,1453,704,--749,--6,KRX
20041130,+88000,2,+2400,+2.80,133970,173,108,--65,+548,1999,1256,--743,+6361,KRX
20041129,-85600,5,-700,-0.81,82069,1026,413,--613,--373,11907,4803,--7104,--4296,KRX
20041126,+86300,2,+400,+0.47,106240,280,40,--240,--189,3268,460,--2808,--2212,KRX
20041125,-85900,5,-2100,-2.39,147434,273,222,--51,--260,3159,2563,--596,--2974,KRX
20041124,+88000,2,+500,+0.57,95054,235,444,+209,+479,2674,5052,+2378,+5484,KRX
20041123,-87500,5,-500,-0.57,142883,840,570,--270,--222,9563,6457,--3106,--2555,KRX
20041122,+88000,2,+1400,+1.62,123489,104,56,--48,+108,1189,638,--551,+1251,KRX
20041119,+86600,2,+200,+0.23,128178,235,79,--156,--59,2714,912,--1802,--702,KRX
20041118,-86400,5,-2600,-2.92,105816,138,41,--97,--163,1566,466,--1100,--1839,KRX
20041117,+89000,2,+1200,+1.37,143075,176,242,+66,+344,1989,2728,+739,+3897,KRX
20041116,-87800,5,-1600,-1.79,135063,484,206,--278,--245,5478,2320,--3158,--2781,KRX
20041115,-89400,5,-1100,-1.22,192461,323,290,--33,+136,3601,3224,--377,+1513,KRX
20041112,+90500,2,+4900,+5.72,457822,178,9,--169,--528,1990,100,--1890,--6096,KRX
20041111,-85600,5,-500,-0.58,176193,46,405,+359,+436,536,4742,+4206,+5075,KRX
20041110,+86100,2,+1100,+1.29,312289,401,324,--77,--21,4642,3773,--869,--210,KRX
20041109,85000,3,0,0.00,169453,161,105,--56,+581,1893,1234,--659,+6826,KRX
20041108,-85000,5,-900,-1.05,194925,686,49,--637,--774,8054,569,--7485,--9061,KRX
20041105,-85900,5,-1400,-1.60,174911,94,231,+137,+222,1086,2662,+1576,+2542,KRX
20041104,-87300,5,-2400,-2.68,100365,129,44,--85,--85,1463,497,--966,--968,KRX
20041103,+89700,2,+200,+0.22,80415,63,63,0,--171,696,698,+2,--1908,KRX
20041102,+89500,2,+2500,+2.87,153166,43,214,+171,--649,483,2393,+1910,--7458,KRX
20041101,+87000,2,+100,+0.12,78510,53,873,+820,+1178,602,9970,+9368,+13489,KRX
20041029,-86900,5,-2100,-2.36,64252,400,42,--358,--129,4601,480,--4121,--1470,KRX
20041028,+89000,2,+3900,+4.58,132987,378,149,--229,+15,4363,1712,--2651,+206,KRX
20041027,-85100,5,-2400,-2.74,234150,356,112,--244,--310,4173,1316,--2857,--3616,KRX
20041026,+87500,2,+500,+0.57,73681,112,178,+66,+460,1277,2036,+759,+5284,KRX
20041025,+87000,2,+500,+0.58,185263,546,152,--394,--403,6270,1745,--4525,--4635,KRX
20041022,+86500,2,+1000,+1.17,393131,88,97,+9,+102,1013,1123,+110,+1204,KRX
20041021,-85500,5,-4600,-5.11,401727,326,233,--93,--468,3817,2723,--1094,--5229,KRX
20041020,-90100,5,-4900,-5.16,315093,346,721,+375,+90,3741,7876,+4135,+1125,KRX
20041019,-95000,5,-1000,-1.04,229843,4,289,+285,+206,39,3049,+3010,+2180,KRX
20041018,+96000,2,+1800,+1.91,175052,47,126,+79,--8,491,1321,+830,--75,KRX
20041015,+94200,2,+1200,+1.29,124823,99,186,+87,+302,1067,1972,+905,+3189,KRX
20041014,-93000,5,-2600,-2.72,194031,249,34,--215,+118,2648,364,--2284,+1197,KRX
20041013,+95600,2,+600,+0.63,258762,856,523,--333,--685,8905,5424,--3481,--7176,KRX
20041012,-95000,5,-3500,-3.55,199232,492,844,+352,+652,5164,8859,+3695,+6774,KRX
20041011,+98500,2,+2800,+2.93,278364,559,259,--300,--249,5724,2645,--3079,--2551,KRX
20041008,+95700,2,+700,+0.74,292209,330,279,--51,--181,3431,2903,--528,--1901,KRX
20041007,+95000,2,+1400,+1.50,402762,298,428,+130,+3620,3150,4523,+1373,+38565,KRX
20041006,-93600,5,-1000,-1.06,319752,3827,337,--3490,+9480,40784,3592,--37192,+99202,KRX
20041005,-94600,5,-2500,-2.57,429064,13494,524,--12970,--12691,141862,5468,--136394,--133533,KRX
20041004,+97100,2,+1100,+1.15,181786,772,493,--279,--761,7937,5076,--2861,--7851,KRX
20041001,-96000,5,-300,-0.31,140443,93,575,+482,--260,969,5959,+4990,--2708,KRX
20040930,+96300,2,+2200,+2.34,221392,240,982,+742,+512,2495,10193,+7698,+5241,KRX
20040924,-94100,5,-400,-0.42,270939,143,373,+230,+187,1531,3988,+2457,+2017,KRX
20040923,-94500,5,-3400,-3.47,263897,332,375,+43,+528,3492,3932,+440,+5346,KRX
20040922,-97900,5,-2700,-2.68,228851,623,138,--485,--322,6298,1392,--4906,--3302,KRX
20040921,-100600,5,-3100,-2.99,185228,210,47,--163,+298,2074,470,--1604,+2845,KRX
20040920,+103700,2,+800,+0.78,187595,479,18,--461,+931,4624,175,--4449,+9076,KRX
20040917,+102900,2,+4800,+4.89,450022,1442,50,--1392,--1182,14016,491,--13525,--11406,KRX
20040916,98100,3,0,0.00,156507,270,60,--210,+131,2728,609,--2119,+1338,KRX
20040915,+98100,2,+100,+0.10,279531,557,216,--341,--98,5629,2172,--3457,--1043,KRX
20040914,-98000,5,-3700,-3.64,323766,435,192,--243,+70,4357,1943,--2414,+654,KRX
20040913,+101700,2,+1700,+1.70,203697,460,147,--313,+437,4520,1452,--3068,+4394,KRX
20040910,-100000,5,-2000,-1.96,282243,988,238,--750,--818,9831,2369,--7462,--8126,KRX
20040909,-102000,5,-100,-0.10,149405,1635,1703,+68,+776,16032,16696,+664,+7456,KRX
20040908,-102100,5,-4400,-4.13,226709,851,143,--708,--393,8167,1375,--6792,--3885,KRX
20040907,-106500,5,-2400,-2.20,136338,379,64,--315,--470,3501,594,--2907,--4338,KRX
20040906,-108900,5,-100,-0.09,116074,68,223,+155,+754,622,2053,+1431,+6988,KRX
20040903,+109000,2,+100,+0.09,142483,1074,475,--599,+1222,9939,4382,--5557,+11192,KRX
20040902,+108900,2,+600,+0.55,198612,1974,153,--1821,--2216,18152,1403,--16749,--20453,KRX
20040901,+108300,2,+9800,+9.95,475331,349,744,+395,+106,3304,7008,+3704,+779,KRX
20040831,98500,3,0,0.00,143835,191,480,+289,+209,1942,4867,+2925,+2111,KRX
20040830,-98500,5,-2500,-2.48,81219,126,206,+80,--256,1269,2083,+814,--2497,KRX
20040827,101000,3,0,0.00,88918,313,649,+336,+467,3103,6414,+3311,+4617,KRX
20040826,+101000,2,+700,+0.70,144509,570,439,--131,+591,5649,4343,--1306,+5930,KRX
20040825,+100300,2,+2000,+2.03,185932,1088,366,--722,--169,10896,3660,--7236,--1556,KRX
20040824,+98300,2,+300,+0.31,78703,986,433,--553,--662,10101,4421,--5680,--6785,KRX
20040823,+98000,2,+500,+0.51,75105,256,365,+109,+75,2595,3700,+1105,+762,KRX
20040820,-97500,5,-200,-0.20,83658,300,334,+34,--1306,3083,3426,+343,--13295,KRX
20040819,+97700,2,+1700,+1.77,163118,278,1618,+1340,+1089,2844,16482,+13638,+10987,KRX
20040818,+96000,2,+100,+0.10,117519,192,443,+251,+422,2003,4654,+2651,+4391,KRX
20040817,-95900,5,-3500,-3.52,204617,318,147,--171,--188,3222,1482,--1740,--1902,KRX
20040816,+99400,2,+2800,+2.90,219571,296,313,+17,--744,2988,3150,+162,--7734,KRX
20040813,+96600,2,+2500,+2.66,184479,61,822,+761,+654,635,8531,+7896,+6758,KRX
20040812,+94100,2,+600,+0.64,137277,469,576,+107,+144,4977,6115,+1138,+1505,KRX
20040811,-93500,5,-1800,-1.89,159720,205,168,--37,--49,2158,1791,--367,--468,KRX
20040810,+95300,2,+2200,+2.36,210037,346,358,+12,+118,3677,3778,+101,+1259,KRX
20040809,-93100,5,-900,-0.96,148481,229,123,--106,+308,2486,1328,--1158,+3203,KRX
20040806,-94000,5,-1000,-1.05,246901,500,86,--414,--593,5269,908,--4361,--6265,KRX
20040805,+95000,2,+2300,+2.48,184535,406,585,+179,--462,4260,6164,+1904,--4989,KRX
20040804,-92700,5,-1300,-1.38,150315,296,937,+641,+546,3203,10096,+6893,+5884,KRX
20040803,-94000,5,-1000,-1.05,148730,196,291,+95,--643,2040,3049,+1009,--6662,KRX
20040802,-95000,5,-1900,-1.96,129015,620,1358,+738,+380,6442,14113,+7671,+3999,KRX
20040730,+96900,2,+4900,+5.33,207699,430,788,+358,+356,4513,8185,+3672,+3669,KRX
20040729,-92000,5,-7000,-7.07,275322,315,317,+2,--325,3354,3357,+3,--3237,KRX
20040728,-99000,5,-900,-0.90,113521,30,357,+327,--461,301,3541,+3240,--4653,KRX
20040727,99900,3,0,0.00,181249,47,835,+788,+313,471,8364,+7893,+3181,KRX
20040726,-99900,5,-4500,-4.31,175627,19,494,+475,+740,190,4902,+4712,+7188,KRX
20040723,-104400,5,-1700,-1.60,107069,510,245,--265,--391,4801,2325,--2476,--3657,KRX
20040722,-106100,5,-3400,-3.11,112633,205,331,+126,--611,1931,3112,+1181,--5601,KRX
20040721,+109500,2,+5100,+4.89,230251,103,840,+737,+772,948,7730,+6782,+7117,KRX
20040720,-104400,5,-2000,-1.88,141248,122,87,--35,--126,1162,827,--335,--1188,KRX
20040719,+106400,2,+5400,+5.35,227692,81,172,+91,--252,773,1626,+853,--2523,KRX
20040716,+101000,2,+600,+0.60,123778,188,531,+343,+73,1890,5266,+3376,+675,KRX
20040715,+100400,2,+900,+0.90,119732,100,370,+270,+250,997,3698,+2701,+2521,KRX
20040714,-99500,5,-5400,-5.15,180847,166,186,+20,+92,1641,1821,+180,+879,KRX
20040713,-104900,5,-600,-0.57,104342,312,240,--72,+41,2982,2283,--699,+374,KRX
20040712,+105500,2,+2300,+2.23,143635,217,104,--113,+2652,2056,983,--1073,+25823,KRX
20040709,103200,3,0,0.00,190374,3040,275,--2765,--2734,29570,2674,--26896,--26603,KRX
20040708,-103200,5,-4800,-4.44,200027,151,120,--31,--54,1458,1165,--293,--506,KRX
20040707,-108000,5,-300,-0.28,145249,214,237,+23,+656,2036,2249,+213,+6019,KRX
20040706,-108300,5,-1700,-1.55,93168,965,332,--633,--326,8862,3056,--5806,--3004,KRX
20040705,-110000,5,-500,-0.45,79190,827,520,--307,--418,7552,4750,--2802,--3794,KRX
20040702,-110500,5,-4200,-3.66,166097,344,455,+111,--276,3092,4084,+992,--2348,KRX
20040701,-114700,5,-300,-0.26,150304,119,506,+387,+1083,1029,4369,+3340,+9528,KRX
20040630,+115000,2,+2100,+1.86,181230,1121,425,--696,--911,9915,3727,--6188,--8103,KRX
20040629,+112900,2,+2900,+2.64,205752,6,221,+215,+171,50,1965,+1915,+1515,KRX
20040628,+110000,2,+900,+0.82,162834,64,108,+44,--161,580,980,+400,--1477,KRX
20040625,-109100,5,-100,-0.09,153508,241,446,+205,+120,2224,4101,+1877,+1089,KRX
20040624,+109200,2,+1900,+1.77,184224,266,351,+85,--839,2447,3235,+788,--7675,KRX
20040623,-107300,5,-1400,-1.29,119815,190,1114,+924,+308,1745,10208,+8463,+2915,KRX
20040622,-108700,5,-1300,-1.18,121400,411,1027,+616,+641,3825,9373,+5548,+5799,KRX
20040621,-110000,5,-1200,-1.08,407335,668,643,--25,+1204,6020,5769,--251,+10841,KRX
20040618,+111200,2,+5500,+5.20,456116,1370,141,--1229,--1497,12375,1283,--11092,--13661,KRX
20040617,+105700,2,+1800,+1.73,157401,8,276,+268,+315,74,2643,+2569,+3019,KRX
20040616,-103900,5,-2600,-2.44,151566,260,213,--47,--891,2459,2009,--450,--8524,KRX
20040615,+106500,2,+500,+0.47,289753,144,988,+844,+1230,1374,9448,+8074,+11701,KRX
20040614,+106000,2,+3000,+2.91,589076,703,317,--386,--148,6491,2864,--3627,--1311,KRX
20040611,-103000,5,-2500,-2.37,241760,645,407,--238,--310,6262,3946,--2316,--2879,KRX
20040610,+105500,2,+400,+0.38,198641,1293,1365,+72,--277,12200,12763,+563,--2748,KRX
20040609,+105100,2,+2000,+1.94,317610,268,617,+349,+326,2530,5841,+3311,+3079,KRX
20040608,-103100,5,-1100,-1.06,187987,345,368,+23,--672,3304,3536,+232,--6461,KRX
20040607,+104200,2,+4800,+4.83,196120,30,725,+695,+191,286,6979,+6693,+1590,KRX
20040604,-99400,5,-500,-0.50,318495,310,814,+504,+730,3150,8253,+5103,+7404,KRX
20040603,-99900,5,-10100,-9.18,381792,862,636,--226,--377,8541,6240,--2301,--3656,KRX
20040602,+110000,2,+500,+0.46,183286,337,488,+151,+150,3096,4451,+1355,+1359,KRX
20040601,-109500,5,-900,-0.82,184754,295,296,+1,--646,2708,2704,--4,--5878,KRX
20040531,+110400,2,+2400,+2.22,238003,444,1091,+647,--2836,4120,9994,+5874,--26979,KRX
20040528,+108000,2,+7200,+7.14,516550,3309,6792,+3483,+1025,31306,64159,+32853,+8620,KRX
20040527,+100800,2,+6800,+7.23,465019,2740,5198,+2458,+4186,27150,51383,+24233,+42667,KRX
20040525,-94000,5,-1000,-1.05,200425,1777,49,--1728,--1400,18950,516,--18434,--15039,KRX
20040524,-95000,5,-1000,-1.04,249179,440,112,--328,+33,4565,1170,--3395,+415,KRX
20040521,+96000,2,+3700,+4.01,275887,415,54,--361,--68,4370,560,--3810,--670,KRX
20040520,+92300,2,+300,+0.33,467228,502,209,--293,+39,5413,2273,--3140,+580,KRX
20040519,+92000,2,+5900,+6.85,410711,550,218,--332,+8,6105,2385,--3720,+201,KRX
20040518,+86100,2,+4300,+5.26,656798,636,296,--340,--627,7428,3507,--3921,--7360,KRX
20040517,-81800,4,-11100,-11.95,511098,480,767,+287,+451,5729,9168,+3439,+5182,KRX
20040514,-92900,5,-7800,-7.75,503055,448,284,--164,--287,4780,3037,--1743,--2945,KRX
20040513,-100700,5,-1200,-1.18,268861,532,655,+123,+282,5335,6537,+1202,+2975,KRX
20040512,+101900,1,+10900,+11.98,480250,671,512,--159,+187,7035,5262,--1773,+1935,KRX
20040511,-91000,5,-6000,-6.19,313448,1177,831,--346,--804,12619,8911,--3708,--8305,KRX
20040510,-97000,5,-6500,-6.28,267467,93,551,+458,+89,940,5537,+4597,+926,KRX
20040507,+103500,2,+1900,+1.87,254452,299,668,+369,+627,2972,6643,+3671,+6074,KRX
20040506,-101600,5,-5400,-5.05,264736,545,287,--258,--794,5158,2755,--2403,--7399,KRX
20040504,+107000,2,+1500,+1.42,212145,320,856,+536,+120,2962,7958,+4996,+1047,KRX
20040503,+105500,2,+900,+0.86,187877,144,560,+416,+814,1365,5314,+3949,+7815,KRX
20040430,104600,3,0,0.00,339847,1286,888,--398,--1814,12438,8572,--3866,--17483,KRX
20040429,-104600,5,-4400,-4.04,272089,175,1591,+1416,+186,1681,15298,+13617,+2460,KRX
20040428,-109000,5,-2400,-2.15,267353,200,1430,+1230,+1167,1817,12974,+11157,+10515,KRX
20040427,+111400,2,+4900,+4.60,371756,430,493,+63,+592,4005,4647,+642,+5526,KRX
20040426,-106500,5,-3200,-2.92,298300,626,97,--529,--43,5785,901,--4884,--619,KRX
20040423,+109700,2,+100,+0.09,643157,1035,549,--486,+344,9022,4757,--4265,+3338,KRX
20040422,+109600,2,+8200,+8.09,796975,896,66,--830,--707,8212,609,--7603,--6391,KRX
20040421,+101400,2,+4200,+4.32,466376,563,440,--123,+151,5594,4382,--1212,+1661,KRX
20040420,+97200,2,+2700,+2.86,432186,713,439,--274,+9,7364,4491,--2873,+151,KRX
20040419,+94500,2,+1700,+1.83,230314,616,333,--283,+947,6549,3525,--3024,+10376,KRX
20040416,+92800,2,+1300,+1.42,208958,1257,27,--1230,--358,13701,301,--13400,--3823,KRX
20040414,-91500,5,-3000,-3.17,326715,1280,408,--872,--1353,14012,4435,--9577,--14623,KRX
20040413,+94500,2,+1000,+1.07,322086,1492,1973,+481,+418,15744,20790,+5046,+4368,KRX
20040412,+93500,2,+800,+0.86,227394,551,614,+63,+1441,5880,6558,+678,+15536,KRX
20040409,+92700,2,+1600,+1.76,361361,1453,75,--1378,--2101,15667,809,--14858,--21999,KRX
20040408,-91100,5,-1100,-1.19,343575,2057,2780,+723,+2514,22220,29361,+7141,+26631,KRX
20040407,+92200,2,+1600,+1.77,368888,2038,247,--1791,--2059,22182,2692,--19490,--22515,KRX
20040406,+90600,2,+2200,+2.49,459431,1188,1456,+268,--1702,13165,16190,+3025,--19164,KRX
20040402,+88400,2,+3200,+3.76,418040,556,2526,+1970,+2075,6261,28450,+22189,+23418,KRX
20040401,+85200,2,+900,+1.07,227161,386,281,--105,--384,4545,3316,--1229,--4534,KRX
20040331,+84300,2,+500,+0.60,237176,193,472,+279,+326,2312,5617,+3305,+3864,KRX
20040330,-83800,5,-2100,-2.44,234689,323,276,--47,+9,3853,3294,--559,+106,KRX
20040329,+85900,2,+3300,+4.00,335735,489,433,--56,--352,5721,5056,--665,--4284,KRX
20040326,+82600,2,+400,+0.49,409629,519,815,+296,+344,6209,9828,+3619,+4211,KRX
20040325,-82200,5,-2800,-3.29,191111,160,112,--48,--321,1928,1336,--592,--3759,KRX
20040324,+85000,2,+1000,+1.19,303381,438,711,+273,+208,5103,8270,+3167,+2388,KRX
20040323,-84000,5,-1200,-1.41,249403,279,344,+65,+482,3329,4108,+779,+5574,KRX
20040322,-85200,5,-9300,-9.84,354436,517,100,--417,--1015,5948,1153,--4795,--11140,KRX
20040319,-94500,5,-1400,-1.46,311355,66,664,+598,+684,704,7049,+6345,+7313,KRX
20040318,+95900,2,+9300,+10.74,939409,342,256,--86,--242,3658,2690,--968,--2760,KRX
20040317,+86600,2,+3600,+4.34,309413,299,455,+156,--169,3481,5273,+1792,--2154,KRX
20040316,+83000,2,+500,+0.61,208024,84,409,+325,+80,1017,4963,+3946,+1016,KRX
20040315,+82500,2,+100,+0.12,237889,221,466,+245,--165,2683,5613,+2930,--2115,KRX
20040312,+82400,2,+1400,+1.73,613140,108,518,+410,+486,1323,6368,+5045,+6014,KRX
20040311,+81000,2,+5000,+6.58,345276,275,199,--76,+152,3455,2486,--969,+2022,KRX
20040310,76000,3,0,0.00,88441,314,86,--228,--196,4122,1131,--2991,--2577,KRX
20040309,76000,3,0,0.00,0,335,303,--32,+397,4404,3990,--414,+5215,KRX
20040308,+76200,2,+1700,+2.28,132077,466,37,--429,+357,6113,484,--5629,+4731,KRX
20040305,+76200,2,+1700,+2.28,132077,857,71,--786,--385,11297,937,--10360,--4957,KRX
20040304,+74500,2,+2000,+2.76,155670,538,137,--401,+560,7247,1844,--5403,+7844,KRX
20040303,+72500,2,+900,+1.26,234946,1035,74,--961,--554,14260,1013,--13247,--7625,KRX
20040302,-71600,5,-1700,-2.32,125532,522,115,--407,--409,7199,1577,--5622,--5646,KRX
20040227,+73000,2,+1000,+1.39,13252,85,87,+2,+117,1166,1190,+24,+1573,KRX
20040226,-72000,5,-1100,-1.50,231454,209,94,--115,--34,2795,1246,--1549,--1005,KRX
20040225,-146100,5,-3900,-2.60,228754,347,266,--81,+328,2318,1774,--544,+2138,KRX
20040224,-150000,5,-3700,-2.41,245966,502,93,--409,--60,3293,611,--2682,--468,KRX
20040223,-153700,5,-2300,-1.47,142479,449,100,--349,+27,2859,645,--2214,+208,KRX
20040220,+156000,2,+2800,+1.83,133132,567,191,--376,--1180,3651,1229,--2422,--7667,KRX
20040219,153200,3,0,0.00,108531,318,1122,+804,+19,2083,7328,+5245,+146,KRX
20040218,+153200,2,+3000,+2.00,232820,621,1406,+785,+1633,4039,9138,+5099,+10733,KRX
20040217,-150200,5,-3300,-2.15,155659,1139,291,--848,+854,7568,1934,--5634,+5391,KRX
20040216,-153500,5,-1200,-0.78,178208,1956,254,--1702,--219,12669,1644,--11025,--1360,KRX
20040213,+154700,2,+5600,+3.76,273554,1771,288,--1483,--976,11539,1874,--9665,--6252,KRX
20040212,+149100,2,+5900,+4.12,334915,740,233,--507,+461,4978,1565,--3413,+3295,KRX
20040211,-143200,5,-1800,-1.24,205310,1120,152,--968,--237,7761,1053,--6708,--1714,KRX
20040210,-145000,5,-500,-0.34,220621,846,115,--731,--584,5774,780,--4994,--3958,KRX
20040209,-145500,5,-4500,-3.00,352933,509,362,--147,+85,3511,2475,--1036,+462,KRX
20040206,-150000,5,-400,-0.27,1383013,510,278,--232,--50,3305,1807,--1498,--223,KRX
20040205,+150400,1,+16100,+11.99,782488,208,26,--182,+120,1452,177,--1275,+985,KRX
20040204,-134300,5,-500,-0.37,78262,358,56,--302,+262,2682,422,--2260,+1898,KRX
20040203,-134800,5,-3300,-2.39,115607,578,14,--564,--449,4264,106,--4158,--3327,KRX
20040202,+138100,2,+600,+0.44,172455,544,429,--115,+52,3929,3098,--831,+404,KRX
20040130,+137500,2,+4500,+3.38,239113,378,211,--167,+87,2772,1537,--1235,+686,KRX
20040129,+133000,2,+1000,+0.76,146465,378,124,--254,+228,2854,933,--1921,+1749,KRX
20040128,+132000,2,+1100,+0.84,335334,872,390,--482,+561,6660,2990,--3670,+4231,KRX
20040127,-130900,5,-9800,-6.97,545636,1064,21,--1043,--591,8056,155,--7901,--4683,KRX
20040126,+140700,2,+3800,+2.78,177101,528,76,--452,--483,3759,541,--3218,--3464,KRX
20040120,-136900,5,-900,-0.65,101951,673,704,+31,+253,4929,5175,+246,+1845,KRX
20040119,-137800,5,-2600,-1.85,104011,378,156,--222,--11,2695,1096,--1599,--100,KRX
20040116,+140400,2,+1900,+1.37,103737,379,168,--211,+572,2695,1196,--1499,+4064,KRX
20040115,-138500,5,-9500,-6.42,269650,910,127,--783,--419,6461,898,--5563,--3072,KRX
20040114,-148000,5,-2500,-1.66,196894,849,485,--364,+918,5726,3235,--2491,+6023,KRX
20040113,-150500,5,-900,-0.59,178562,1455,173,--1282,--984,9663,1149,--8514,--6520,KRX
20040112,+151400,2,+6700,+4.63,326390,1189,891,--298,+133,7904,5910,--1994,+1091,KRX
20040109,+144700,2,+10600,+7.90,480514,603,172,--431,--382,4331,1246,--3085,--2705,KRX
20040108,-134100,5,-2900,-2.12,222165,621,572,--49,+184,4608,4228,--380,+1286,KRX
20040107,-137000,5,-1500,-1.08,139545,454,221,--233,+211,3250,1584,--1666,+1501,KRX
20040106,+138500,2,+300,+0.22,194191,582,138,--444,--399,4158,991,--3167,--2848,KRX
20040105,+138200,2,+300,+0.22,116504,398,353,--45,+1808,2891,2572,--319,+13115,KRX
20040102,-137900,5,-300,-0.22,137026,2352,499,--1853,--967,17045,3611,--13434,--6966,KRX
20031230,+138200,2,+1700,+1.25,202909,1223,337,--886,--888,8930,2462,--6468,--6489,KRX
20031229,+136500,2,+8000,+6.23,236396,80,82,+2,--107,593,614,+21,--826,KRX
20031226,+128500,2,+3000,+2.39,169258,300,409,+109,+396,2355,3202,+847,+3116,KRX
20031224,+125500,2,+1500,+1.21,200261,411,124,--287,+391,3253,984,--2269,+3123,KRX
20031223,-124000,5,-2700,-2.13,139873,766,88,--678,--666,6095,703,--5392,--5331,KRX
20031222,-126700,5,-4800,-3.65,190539,370,358,--12,+342,2851,2790,--61,+2625,KRX
20031219,-131500,5,-3800,-2.81,198381,403,49,--354,--260,3055,369,--2686,--1995,KRX
20031218,-135300,5,-1600,-1.17,120662,189,95,--94,+557,1388,697,--691,+4061,KRX
20031217,+136900,2,+1900,+1.41,156045,697,46,--651,+525,5085,333,--4752,+3802,KRX
20031216,-135000,5,-7900,-5.53,242377,1279,103,--1176,--587,9294,740,--8554,--4433,KRX
20031215,+142900,2,+1800,+1.28,161137,732,143,--589,--221,5125,1004,--4121,--1555,KRX
20031212,-141100,5,-4700,-3.22,339299,516,148,--368,+1200,3596,1030,--2566,+8088,KRX
20031211,-145800,5,-200,-0.14,155761,1652,84,--1568,--1480,11229,575,--10654,--10056,KRX
20031210,-146000,5,-1700,-1.15,71908,281,193,--88,--23,1919,1321,--598,--163,KRX
20031209,147700,3,0,0.00,84172,166,101,--65,--111,1119,684,--435,--724,KRX
20031208,-147700,5,-2900,-1.93,114880,220,266,+46,+719,1479,1768,+289,+4692,KRX
20031205,-150600,5,-900,-0.59,181432,692,19,--673,--210,4526,123,--4403,--1363,KRX
20031204,+151500,2,+500,+0.33,182256,805,342,--463,+247,5286,2246,--3040,+1742,KRX
20031203,+151000,2,+300,+0.20,185883,804,94,--710,+627,5411,629,--4782,+4066,KRX
20031202,-150700,5,-800,-0.53,290627,1441,104,--1337,--993,9540,692,--8848,--6512,KRX
20031201,+151500,2,+14900,+10.91,359842,443,99,--344,+43,3009,673,--2336,+507,KRX
20031128,+136600,2,+2600,+1.94,117254,1965,1578,--387,+141,14403,11560,--2843,+1026,KRX
20031127,-134000,5,-2600,-1.90,113781,558,30,--528,+262,4087,218,--3869,+2017,KRX
20031126,+136600,2,+2600,+1.94,152325,815,25,--790,--646,6066,180,--5886,--4805,KRX
20031125,+134000,2,+4900,+3.80,161984,407,263,--144,--5,3051,1970,--1081,--17,KRX
20031124,-129100,5,-7500,-5.49,176458,336,197,--139,--69,2570,1506,--1064,--562,KRX
20031121,-136600,5,-4700,-3.33,153140,245,175,--70,+14,1767,1265,--502,+88,KRX
20031120,+141300,2,+800,+0.57,177244,281,197,--84,+561,1972,1382,--590,+3871,KRX
20031119,-140500,5,-7400,-5.00,199066,754,109,--645,--219,5215,754,--4461,--1566,KRX
20031118,-147900,5,-900,-0.60,202142,586,160,--426,+361,3996,1101,--2895,+2507,KRX
20031117,+148800,2,+9500,+6.82,610942,789,2,--787,+279,5418,16,--5402,+2229,KRX
20031114,+139300,2,+800,+0.58,206223,1128,62,--1066,+22,8075,444,--7631,+193,KRX
20031113,+138500,2,+700,+0.51,316925,1156,68,--1088,--827,8313,489,--7824,--5875,KRX
20031112,+137800,2,+9800,+7.66,549930,442,181,--261,--371,3277,1328,--1949,--2771,KRX
20031111,-128000,5,-2500,-1.92,457352,80,190,+110,+378,612,1434,+822,+2848,KRX
20031110,+130500,2,+500,+0.38,344743,331,63,--268,+51,2505,479,--2026,+438,KRX
20031107,-130000,5,-3000,-2.26,707720,479,160,--319,+784,3719,1255,--2464,+5708,KRX
20031106,+133000,2,+300,+0.23,531712,1143,40,--1103,--864,8472,300,--8172,--6412,KRX
20031105,-132700,5,-13200,-9.05,1232062,517,278,--239,+684,3831,2071,--1760,+4507,KRX
20031104,-145900,5,-4200,-2.80,428561,1023,100,--923,--889,6944,677,--6267,--6036,KRX
20031103,-150100,5,-1400,-0.92,154250,228,194,--34,--661,1511,1280,--231,--4393,KRX
20031031,-151500,5,-3800,-2.45,217070,1660,2287,+627,+2039,10888,15050,+4162,+13239,KRX
20031030,+155300,2,+1200,+0.78,275698,1978,566,--1412,--970,12694,3617,--9077,--6256,KRX
20031029,-154100,5,-4400,-2.78,197378,523,81,--442,--491,3344,523,--2821,--3146,KRX
20031028,-158500,5,-100,-0.06,257936,215,264,+49,+151,1389,1714,+325,+961,KRX
20031027,-158600,5,-2400,-1.49,148078,211,109,--102,+91,1319,683,--636,+582,KRX
20031024,+161000,2,+8000,+5.23,268549,406,213,--193,+178,2571,1353,--1218,+1195,KRX
20031023,-153000,5,-6900,-4.32,189995,598,227,--371,--73,3868,1455,--2413,--563,KRX
20031022,-159900,5,-1800,-1.11,197743,592,294,--298,+464,3677,1827,--1850,+2773,KRX
20031021,-161700,5,-4400,-2.65,271749,790,28,--762,--465,4792,169,--4623,--2844,KRX
20031020,-166100,5,-3800,-2.24,156177,537,240,--297,+357,3217,1438,--1779,+1997,KRX
20031017,-169900,5,-8600,-4.82,190613,860,206,--654,+762,4962,1186,--3776,+4150,KRX
20031016,+178500,2,+2600,+1.48,269637,1757,341,--1416,--1017,9841,1915,--7926,--5662,KRX
20031015,-175900,5,-100,-0.06,181877,856,457,--399,+664,4843,2579,--2264,+3764,KRX
20031014,+176000,2,+3000,+1.73,299081,1068,5,--1063,--745,6058,30,--6028,--4178,KRX
20031013,+173000,2,+4500,+2.67,180892,494,176,--318,--288,2882,1032,--1850,--1681,KRX
20031010,+168500,2,+1000,+0.60,222445,277,247,--30,--64,1629,1460,--169,--370,KRX
20031009,+167500,2,+500,+0.30,147904,194,228,+34,+69,1159,1360,+201,+415,KRX
20031008,-167000,5,-1700,-1.01,264514,307,272,--35,+631,1798,1584,--214,+3699,KRX
20031007,-168700,5,-3800,-2.20,181022,731,65,--666,+1188,4293,380,--3913,+6686,KRX
20031006,-172500,5,-300,-0.17,244135,1857,3,--1854,--1182,10619,20,--10599,--6656,KRX
20031002,+172800,2,+9800,+6.01,562596,744,72,--672,--801,4366,423,--3943,--4790,KRX
20031001,+163000,2,+9000,+5.84,250673,256,385,+129,+262,1658,2505,+847,+1703,KRX
20030930,154000,3,0,0.00,190573,179,46,--133,--152,1155,299,--856,--972,KRX
20030929,-154000,5,-2000,-1.28,166799,195,214,+19,--186,1271,1387,+116,--1161,KRX
20030926,-156000,5,-1500,-0.95,299502,134,339,+205,+15,840,2117,+1277,+25,KRX
20030925,-157500,5,-1500,-0.94,264835,181,371,+190,+574,1161,2413,+1252,+3651,KRX
20030924,-159000,5,-1400,-0.87,328126,429,45,--384,--720,2681,282,--2399,--4527,KRX
20030923,+160400,2,+2400,+1.52,369558,204,540,+336,+76,1286,3414,+2128,+494,KRX
20030922,-158000,5,-10800,-6.40,303465,181,441,+260,+370,1120,2754,+1634,+2266,KRX
20030919,-168800,5,-400,-0.24,199222,419,309,--110,+160,2463,1831,--632,+965,KRX
20030918,-169200,5,-6800,-3.86,213061,395,125,--270,+31,2317,720,--1597,+84,KRX
20030917,-176000,5,-3000,-1.68,186219,582,281,--301,--357,3248,1567,--1681,--2001,KRX
20030916,+179000,2,+1500,+0.85,164026,297,353,+56,+127,1675,1995,+320,+708,KRX
20030915,+177500,2,+9400,+5.59,403760,405,334,--71,--369,2280,1892,--388,--2187,KRX
20030909,+168100,2,+6200,+3.83,249263,312,610,+298,+10,1866,3665,+1799,+44,KRX
20030908,-161900,5,-9500,-5.54,229679,99,387,+288,+297,590,2345,+1755,+1806,KRX
20030905,+171400,2,+2100,+1.24,205172,328,319,--9,--210,1926,1875,--51,--1197,KRX
20030904,-169300,5,-6800,-3.86,288251,467,668,+201,+360,2730,3876,+1146,+2036,KRX
20030903,-176100,5,-5900,-3.24,286710,683,524,--159,+197,3823,2933,--890,+1076,KRX
20030902,+182000,2,+800,+0.44,295938,519,163,--356,--181,2873,907,--1966,--1002,KRX
20030901,+181200,2,+5200,+2.95,539988,506,331,--175,--191,2768,1804,--964,--1063,KRX
20030829,+176000,2,+14800,+9.18,650475,213,229,+16,+291,1244,1343,+99,+1778,KRX
20030828,+161200,2,+1200,+0.75,308078,415,140,--275,--248,2542,863,--1679,--1504,KRX
20030827,+160000,2,+700,+0.44,285571,519,492,--27,+959,3242,3067,--175,+6030,KRX
20030826,-159300,5,-4400,-2.69,297829,1051,65,--986,--543,6609,404,--6205,--3404,KRX
20030825,+163700,2,+13700,+9.13,614173,1040,597,--443,+129,6599,3798,--2801,+868,KRX
20030822,-150000,5,-6800,-4.34,396602,730,158,--572,--1098,4708,1039,--3669,--6993,KRX
20030821,-156800,5,-2300,-1.45,387907,331,857,+526,+243,2072,5396,+3324,+1548,KRX
20030820,-159100,5,-8900,-5.30,383302,481,764,+283,+375,2941,4717,+1776,+2291,KRX
20030819,-168000,5,-6300,-3.61,329190,489,397,--92,--392,2852,2337,--515,--2209,KRX
20030818,+174300,2,+300,+0.17,293723,333,633,+300,--66,1877,3571,+1694,--387,KRX
20030814,+174000,2,+5500,+3.26,410254,373,739,+366,+34,2154,4235,+2081,+98,KRX
20030813,-168500,5,-500,-0.30,296277,49,381,+332,+348,292,2275,+1983,+2089,KRX
20030812,+169000,2,+2800,+1.68,301256,259,243,--16,--351,1537,1431,--106,--2115,KRX
20030811,-166200,5,-2800,-1.66,257953,189,524,+335,+1853,1136,3145,+2009,+10947,KRX
20030808,-169000,5,-5100,-2.93,267927,1581,63,--1518,--1392,9304,366,--8938,--8215,KRX
20030807,-174100,5,-2900,-1.64,219481,260,134,--126,--285,1490,767,--723,--1648,KRX
20030806,+177000,2,+3500,+2.02,428037,218,377,+159,+221,1251,2176,+925,+1258,KRX
20030805,-173500,5,-500,-0.29,367988,526,464,--62,+315,3002,2669,--333,+1803,KRX
20030804,-174000,5,-15000,-7.94,409367,392,15,--377,--209,2219,83,--2136,--1237,KRX
20030801,-189000,5,-3100,-1.61,296633,274,106,--168,--109,1456,557,--899,--617,KRX
20030731,-192100,5,-3900,-1.99,309688,251,192,--59,+368,1296,1014,--282,+1891,KRX
20030730,+196000,2,+4000,+2.08,456926,443,16,--427,--300,2255,82,--2173,--1515,KRX
20030729,-192000,5,-9000,-4.48,380855,251,124,--127,+684,1296,638,--658,+3436,KRX
20030728,+201000,2,+18900,+10.38,505786,959,148,--811,--638,4842,748,--4094,--3100,KRX
20030725,+182100,2,+12600,+7.43,589891,268,95,--173,--54,1547,553,--994,--301,KRX
20030724,+169500,2,+500,+0.30,424253,152,33,--119,+185,885,192,--693,+1111,KRX
20030723,-169000,5,-13000,-7.14,1140240,456,152,--304,--332,2719,915,--1804,--1962,KRX
20030722,-182000,5,-20000,-9.90,794121,330,358,+28,--110,1799,1957,+158,--506,KRX
20030721,+202000,2,+1000,+0.50,429186,107,245,+138,+2786,520,1184,+664,+13513,KRX
20030718,-201000,5,-8000,-3.83,590831,2831,183,--2648,--2850,13747,898,--12849,--13962,KRX
20030716,+209000,1,+22000,+11.76,845329,226,428,+202,+1641,1113,2226,+1113,+8683,KRX
20030715,+187000,2,+4000,+2.19,572136,1527,88,--1439,+3063,8036,466,--7570,+17285,KRX
20030714,+183000,2,+14500,+8.61,518281,4651,149,--4502,--3844,25665,810,--24855,--20903,KRX
20030711,+168500,2,+3500,+2.12,306481,672,14,--658,--640,4034,82,--3952,--3842,KRX
20030710,-165000,5,-7000,-4.07,373580,96,78,--18,+669,580,470,--110,+3817,KRX
20030709,-172000,5,-1500,-0.86,226641,904,217,--687,+241,5175,1248,--3927,+1410,KRX
20030708,-173500,5,-3000,-1.70,380228,978,50,--928,--258,5625,288,--5337,--1528,KRX
20030707,+176500,2,+9500,+5.69,493969,731,61,--670,--449,4153,344,--3809,--2479,KRX
20030704,+167000,2,+4000,+2.45,272271,231,10,--221,+2011,1387,57,--1330,+12100,KRX
20030703,+163000,2,+4500,+2.84,510535,2436,204,--2232,--2128,14648,1218,--13430,--12764,KRX
20030702,+158500,2,+4000,+2.59,405687,251,147,--104,--83,1587,921,--666,--521,KRX
20030701,+154500,2,+7000,+4.75,449275,133,112,--21,--454,892,747,--145,--3054,KRX
20030630,-147500,5,-2500,-1.67,381243,144,577,+433,+540,969,3878,+2909,+3653,KRX
20030627,+150000,2,+14000,+10.29,522252,145,38,--107,--429,1000,256,--744,--3086,KRX
20030626,-136000,5,-3000,-2.16,150846,58,380,+322,+713,420,2762,+2342,+5189,KRX
20030625,+139000,2,+5000,+3.73,307684,495,104,--391,--354,3593,746,--2847,--2577,KRX
20030624,+134000,2,+2500,+1.90,347724,190,153,--37,+262,1431,1161,--270,+1954,KRX
20030623,-131500,5,-7000,-5.05,226770,383,84,--299,+326,2857,633,--2224,+2316,KRX
20030620,+138500,2,+1000,+0.73,286284,692,67,--625,--241,5033,493,--4540,--1803,KRX
20030619,-137500,5,-6500,-4.51,297530,563,179,--384,+297,4029,1292,--2737,+2010,KRX
20030618,-144000,5,-500,-0.35,208169,701,20,--681,+14,4889,142,--4747,--15,KRX
20030617,-144500,5,-2500,-1.70,374060,811,116,--695,--701,5529,797,--4732,--4754,KRX
20030616,+147000,2,+6000,+4.26,297718,76,82,+6,+864,543,565,+22,+6076,KRX
20030613,-141000,5,-3500,-2.42,408395,1212,354,--858,--858,8539,2485,--6054,--6054,KRX
