일자,현재가,대비부호,전일대비,등락율,체결수량,프로그램매도금액,프로그램매수금액,프로그램순매수금액,프로그램순매수금액증감,프로그램매도수량,프로그램매수수량,프로그램순매수수량,프로그램순매수수량증감,거래소구분
20260720,276500,0,0,0.00,0,0,0,0,--3801,0,0,0,--13614,KRX
20260716,-276500,5,-12000,-4.16,312416,29873,33674,+3801,+24197,107233,120847,+13614,+86220,KRX
20260715,+288500,2,+9000,+3.22,694206,78395,57999,--20396,--29284,277665,205059,--72606,--106738,KRX
20260714,-279500,5,-37000,-11.69,1323134,117260,126148,+8888,+18484,420947,455079,+34132,+63945,KRX
20260713,-316500,5,-7500,-2.31,427149,52503,42907,--9596,--37347,160775,130962,--29813,--116312,KRX
20260710,+324000,2,+24000,+8.00,531416,41490,69241,+27751,+14922,128539,215038,+86499,+42964,KRX
20260709,-300000,5,-13500,-4.31,483783,40878,53707,+12829,+13961,133094,176629,+43535,+45524,KRX
20260708,-313500,5,-24000,-7.11,452829,38501,37369,--1132,--8431,120650,118661,--1989,--23439,KRX
20260707,+337500,2,+6500,+1.96,355590,29041,36340,+7299,+12796,86292,107742,+21450,+37912,KRX
20260706,-331000,5,-10500,-3.07,266040,30847,25350,--5497,+2302,93029,76567,--16462,+7459,KRX
20260703,-341500,5,-10000,-2.84,439497,46155,38356,--7799,+12694,136690,112769,--23921,+33647,KRX
20260702,-351500,5,-6500,-1.82,392958,53271,32778,--20493,--5598,149252,91684,--57568,--15905,KRX
20260701,-358000,5,-3000,-0.83,439869,49271,34376,--14895,+6774,135433,93770,--41663,+18216,KRX
20260630,-361000,5,-12000,-3.22,432302,70712,49043,--21669,--12517,195297,135418,--59879,--35012,KRX
20260629,+373000,2,+29500,+8.59,686307,68347,59195,--9152,+36315,183514,158647,--24867,+102529,KRX
20260626,-343500,5,-31500,-8.40,564203,73320,27853,--45467,--51902,206264,78868,--127396,--143464,KRX
20260625,+375000,2,+3500,+0.94,864906,82619,89054,+6435,--36483,214962,231030,+16068,--101626,KRX
20260624,+371500,2,+38500,+11.56,817479,59007,101925,+42918,+44349,163375,281069,+117694,+123361,KRX
20260623,-333000,5,-17500,-4.99,441868,40744,39313,--1431,--3716,118051,112384,--5667,--12245,KRX
20260622,-350500,5,-3000,-0.85,271277,26565,28850,+2285,+3318,77103,83681,+6578,+8261,KRX
20260619,-353500,5,-16000,-4.33,578223,96993,95960,--1033,--1155,270506,268823,--1683,--1892,KRX
20260618,-369500,5,-3500,-0.94,419564,61911,62033,+122,--19895,166307,166516,+209,--52025,KRX
20260617,+373000,2,+20500,+5.82,666473,66858,86875,+20017,+22412,184781,237015,+52234,+59529,KRX
20260616,+352500,2,+3500,+1.00,323971,41328,38933,--2395,--19256,118665,111370,--7295,--54886,KRX
20260615,+349000,2,+12000,+3.56,470446,43748,60609,+16861,+14030,124117,171708,+47591,+39243,KRX
20260612,-337000,5,-10000,-2.88,465932,46795,49626,+2831,+11851,135199,143547,+8348,+34673,KRX
20260611,+347000,2,+32000,+10.16,931418,141323,132303,--9020,--13151,415453,389128,--26325,--39701,KRX
20260610,-315000,5,-11500,-3.52,280940,29228,33359,+4131,--33792,91514,104890,+13376,--104778,KRX
20260609,+326500,2,+37000,+12.78,742097,57708,95631,+37923,+44587,179636,297790,+118154,+138739,KRX
20260608,-289500,5,-43000,-12.93,571827,63767,57103,--6664,--3314,213557,192972,--20585,--11273,KRX
20260605,-332500,5,-14000,-4.04,317313,40025,36675,--3350,+12776,118470,109158,--9312,+36484,KRX
20260604,-346500,5,-10500,-2.94,393271,51448,35322,--16126,--8138,145328,99532,--45796,--22888,KRX
20260602,-357000,5,-9000,-2.46,519988,57780,49792,--7988,+2855,160125,137217,--22908,+8906,KRX
20260601,-366000,5,-3000,-0.81,637892,87214,76371,--10843,+9531,238707,206893,--31814,+23848,KRX
20260529,-369000,5,-500,-0.14,524776,100897,80523,--20374,--7698,274303,218641,--55662,--21666,KRX
20260528,-369500,5,-17000,-4.40,474757,65726,53050,--12676,--70612,177025,143029,--33996,--185093,KRX
20260527,+386500,2,+21000,+5.75,948649,52256,110192,+57936,+84411,136811,287908,+151097,+223733,KRX
20260526,+365500,2,+1000,+0.27,464199,55965,29490,--26475,--83494,151683,79047,--72636,--225194,KRX
20260522,+364500,2,+13000,+3.70,748378,39222,96241,+57019,+70230,105541,258099,+152558,+189638,KRX
20260521,-351500,5,-8000,-2.23,444911,41854,28643,--13211,+1259,115956,78876,--37080,+3450,KRX
20260520,-359500,5,-7000,-1.91,436772,48210,33740,--14470,--1644,135058,94528,--40530,--1737,KRX
20260519,+366500,2,+9000,+2.52,754483,82544,69718,--12826,+10387,225519,186726,--38793,+26955,KRX
20260518,-357500,5,-11500,-3.12,490438,60746,37533,--23213,--2233,170918,105170,--65748,--10103,KRX
20260515,-369000,5,-16000,-4.16,706370,76284,55304,--20980,--109062,199547,143902,--55645,--285883,KRX
20260514,+385000,2,+31000,+8.76,1116911,74536,162618,+88082,+126137,195545,425783,+230238,+340983,KRX
20260513,+354000,2,+12000,+3.51,1391758,127341,89286,--38055,--82503,357104,246359,--110745,--241421,KRX
20260512,+342000,2,+17000,+5.23,631389,31947,76395,+44448,+59765,94221,224897,+130676,+177662,KRX
20260511,-325000,5,-15500,-4.55,407754,36118,20801,--15317,+28607,110885,63899,--46986,+80460,KRX
20260508,-340500,5,-16000,-4.49,508739,64448,20524,--43924,--23984,186356,58910,--127446,--72193,KRX
20260507,-356500,5,-7000,-1.93,276735,31905,11965,--19940,--15625,88422,33169,--55253,--43356,KRX
20260506,-363500,5,-9500,-2.55,281703,35443,31128,--4315,--26910,97441,85544,--11897,--71403,KRX
20260504,+373000,2,+4500,+1.22,347544,34135,56730,+22595,+27951,90277,149783,+59506,+73964,KRX
20260430,-368500,5,-11500,-3.03,263102,33547,28191,--5356,--10706,90394,75936,--14458,--28287,KRX
20260429,+380000,2,+3500,+0.93,302463,36222,41572,+5350,+466,94892,108721,+13829,+1157,KRX
20260428,-376500,5,-2500,-0.66,305627,35968,40852,+4884,--14948,96130,108802,+12672,--39292,KRX
20260427,+379000,2,+10000,+2.71,375682,32065,51897,+19832,--27830,84173,136137,+51964,--76914,KRX
20260424,+369000,2,+11500,+3.22,333849,14195,61857,+47662,+61264,38593,167471,+128878,+166961,KRX
20260423,-357500,5,-2000,-0.56,289909,26414,12812,--13602,--1229,73519,35436,--38083,--3841,KRX
20260422,-359500,5,-9500,-2.57,267586,23345,10972,--12373,--1337,64836,30594,--34242,--4399,KRX
20260421,-369000,5,-2500,-0.67,231892,22103,11067,--11036,--36197,59746,29903,--29843,--96827,KRX
20260420,+371500,2,+5500,+1.50,284177,22089,47250,+25161,+27646,58953,125937,+66984,+73710,KRX
20260417,-366000,5,-3500,-0.95,142239,13427,10942,--2485,+4284,36539,29813,--6726,+11388,KRX
20260416,-369500,5,-3500,-0.94,206165,20866,14097,--6769,--42066,56022,37908,--18114,--113904,KRX
20260415,+373000,2,+20000,+5.67,342452,13113,48410,+35297,+39865,35521,131311,+95790,+108632,KRX
20260414,-353000,5,-500,-0.14,170578,16456,11888,--4568,+8160,46015,33173,--12842,+23593,KRX
20260413,-353500,5,-8000,-2.21,209597,23987,11259,--12728,--480,68534,32099,--36435,--2774,KRX
20260410,-361500,5,-8500,-2.30,197687,19121,6873,--12248,--6044,52531,18870,--33661,--16971,KRX
20260409,-370000,5,-4500,-1.20,318702,37765,31561,--6204,--18576,102434,85744,--16690,--49630,KRX
20260408,+374500,2,+20500,+5.79,362154,32370,44742,+12372,+14492,86316,119256,+32940,+38773,KRX
20260407,-354000,5,-8000,-2.21,191491,17658,15538,--2120,--21910,49050,43217,--5833,--59652,KRX
20260406,-362000,5,-3500,-0.96,229932,20356,40146,+19790,--8138,55410,109229,+53819,--21428,KRX
20260403,+365500,2,+13500,+3.84,434877,24140,52068,+27928,+23900,65234,140481,+75247,+64654,KRX
20260402,-352000,5,-8000,-2.22,339464,25329,29357,+4028,--617,71965,82558,+10593,--2215,KRX
20260401,+360000,2,+18500,+5.42,262135,21328,25973,+4645,--2430,59665,72473,+12808,--7586,KRX
20260331,-341500,5,-13000,-3.67,404673,34861,41936,+7075,+16567,100118,120512,+20394,+46920,KRX
20260330,-354500,5,-26500,-6.96,279419,30203,20711,--9492,+7740,84040,57514,--26526,+18769,KRX
20260327,381000,3,0,0.00,406290,47951,30719,--17232,+47070,125935,80640,--45295,+121960,KRX
20260326,+381000,2,+22500,+6.28,928970,125695,61393,--64302,--82262,326039,158784,--167255,--217425,KRX
20260325,+358500,2,+3000,+0.84,214380,17031,34991,+17960,--3377,47659,97829,+50170,--11778,KRX
20260324,+355500,2,+25000,+7.56,366457,27431,48768,+21337,+16341,78600,140548,+61948,+46832,KRX
20260323,-330500,5,-23000,-6.51,278760,27910,32906,+4996,+10213,83818,98934,+15116,+29841,KRX
20260320,-353500,5,-6500,-1.81,233537,33506,28289,--5217,--13226,94603,79878,--14725,--37012,KRX
20260319,+360000,2,+5000,+1.41,291881,30978,38987,+8009,+16943,86969,109256,+22287,+47353,KRX
20260318,+355000,2,+500,+0.14,239238,36185,27251,--8934,--20151,101552,76486,--25066,--56151,KRX
20260317,-354500,5,-500,-0.14,205829,10649,21866,+11217,+4860,29693,60778,+31085,+13047,KRX
20260316,-355000,5,-6500,-1.80,188963,11568,17925,+6357,+6694,32535,50573,+18038,+18987,KRX
20260313,-361500,5,-11000,-2.95,215480,22071,21734,--337,+18286,60865,59916,--949,+51111,KRX
20260312,+372500,2,+12500,+3.47,663706,104690,86067,--18623,+39133,286652,234592,--52060,+104811,KRX
20260311,-360000,5,-15500,-4.13,544892,93574,35818,--57756,--75492,254508,97637,--156871,--203935,KRX
20260310,+375500,2,+9000,+2.46,314319,24489,42225,+17736,+1424,64774,111838,+47064,+1404,KRX
20260309,-366500,5,-6500,-1.74,310934,23029,39341,+16312,+18732,64047,109707,+45660,+52315,KRX
20260306,+373000,2,+1000,+0.27,312462,32116,29696,--2420,--37316,86599,79944,--6655,--100700,KRX
20260305,+372000,2,+40000,+12.05,641312,60733,95629,+34896,+5836,161874,255919,+94045,+7221,KRX
20260304,-332000,5,-51000,-13.32,759912,63581,92641,+29060,+6466,180917,267741,+86824,+29639,KRX
20260303,-383000,5,-24500,-6.01,507292,39667,62261,+22594,--401,100695,157880,+57185,+190,KRX
20260227,+407500,2,+4500,+1.12,437970,48521,71516,+22995,--17362,119631,176626,+56995,--43659,KRX
20260226,+403000,2,+1000,+0.25,407938,17570,57927,+40357,+47261,43763,144417,+100654,+117758,KRX
20260225,-402000,5,-6000,-1.47,243048,27049,20145,--6904,--8852,67078,49974,--17104,--21888,KRX
20260224,+408000,2,+2000,+0.49,261727,27749,29697,+1948,--15183,68079,72863,+4784,--36994,KRX
20260223,+406000,2,+4000,+1.00,386572,22837,39968,+17131,+29519,55595,97373,+41778,+72506,KRX
20260220,-402000,5,-9500,-2.31,299250,37705,25317,--12388,--68942,93423,62695,--30728,--169950,KRX
20260219,+411500,2,+29500,+7.72,806219,42279,98833,+56554,+60974,104158,243380,+139222,+150777,KRX
20260213,-382000,5,-8000,-2.05,219545,20952,16532,--4420,+15627,54655,43100,--11555,+40231,KRX
20260212,+390000,2,+5000,+1.30,420418,40882,20835,--20047,--28930,105787,54001,--51786,--74520,KRX
20260211,+385000,2,+7000,+1.85,350596,34142,43025,+8883,+20004,88385,111119,+22734,+51888,KRX
20260210,-378000,5,-8000,-2.07,284099,35383,24262,--11121,--2304,92401,63247,--29154,--6182,KRX
20260209,+386000,2,+25000,+6.93,412183,38440,29623,--8817,--1997,100971,77999,--22972,--3788,KRX
20260206,-361000,5,-15500,-4.12,545120,48039,41219,--6820,+1708,133703,114519,--19184,+3079,KRX
20260205,-376500,5,-18500,-4.68,589367,42104,33576,--8528,+632,109831,87568,--22263,+905,KRX
20260204,-395000,5,-8000,-1.99,460081,35272,26112,--9160,+2387,88851,65683,--23168,+5608,KRX
20260203,+403000,2,+9000,+2.28,529146,41539,29992,--11547,--31947,103760,74984,--28776,--80625,KRX
20260202,-394000,5,-19000,-4.60,874995,51572,71972,+20400,+14826,130517,182366,+51849,+38740,KRX
20260130,-413000,5,-17000,-3.95,850110,67963,73537,+5574,+26953,162039,175148,+13109,+62814,KRX
20260129,-430000,5,-5000,-1.15,1182156,105970,84591,--21379,--123030,246749,197044,--49705,--288648,KRX
20260128,+435000,2,+27000,+6.62,1742935,78596,180247,+101651,+103438,183883,422826,+238943,+243124,KRX
20260127,+408000,2,+2000,+0.49,985930,67833,66046,--1787,--3252,165725,161544,--4181,--7134,KRX
20260126,+406000,2,+18500,+4.77,1727761,113954,115419,+1465,--33902,284033,286986,+2953,--89311,KRX
20260123,+387500,2,+17500,+4.73,1748539,70345,105712,+35367,+64959,183891,276155,+92264,+171233,KRX
20260122,-370000,5,-3500,-0.94,2054559,88483,58891,--29592,+107274,237879,158910,--78969,+255998,KRX
20260121,-373500,5,-107500,-22.35,7182318,401301,264435,--136866,--129590,998684,663717,--334967,--318254,KRX
20260120,-481000,5,-15000,-3.02,1543883,130456,123180,--7276,+57282,267263,250550,--16713,+113065,KRX
20260119,-496000,5,-22000,-4.25,721189,89040,24482,--64558,--144468,178878,49100,--129778,--285034,KRX
20260116,+518000,2,+47500,+10.10,2365666,150528,230438,+79910,+83310,302744,458000,+155256,+162417,KRX
20260115,+470500,2,+3500,+0.75,287350,22080,18680,--3400,+596,46867,39706,--7161,+1034,KRX
20260114,-467000,5,-10500,-2.20,356764,30597,26601,--3996,+938,64993,56798,--8195,+1843,KRX
20260113,+477500,2,+2000,+0.42,508943,54958,50024,--4934,+83328,115167,105129,--10038,+171649,KRX
20260112,-475500,5,-35500,-6.95,740896,119470,31208,--88262,--164424,246175,64488,--181687,--333438,KRX
20260109,+511000,2,+32500,+6.79,781220,37755,113917,+76162,+43162,76543,228294,+151751,+82911,KRX
20260108,+478500,2,+7500,+1.59,444992,31413,64413,+33000,+35532,65725,134565,+68840,+74280,KRX
20260107,-471000,5,-3000,-0.63,394844,33038,30506,--2532,+4107,70579,65139,--5440,+8843,KRX
20260106,+474000,2,+5500,+1.17,361600,41143,34504,--6639,--37391,87607,73324,--14283,--80156,KRX
20260105,+468500,2,+11500,+2.52,466838,36541,67293,+30752,+40904,78591,144464,+65873,+88217,KRX
20260102,+457000,2,+7500,+1.67,374917,39337,29185,--10152,+29198,86195,63851,--22344,+64855,KRX
20251230,-449500,5,-5500,-1.21,318179,50051,10701,--39350,+29818,110865,23666,--87199,+66568,KRX
20251229,+455000,2,+16000,+3.64,712265,116152,46984,--69168,--148711,257559,103792,--153767,--334051,KRX
20251226,+439000,2,+9000,+2.09,1024092,50299,129842,+79543,+34403,113985,294269,+180284,+75110,KRX
20251224,-430000,5,-9500,-2.16,474574,16477,61617,+45140,+24571,37950,143124,+105174,+58694,KRX
20251223,439500,3,0,0.00,430606,25960,46529,+20569,+38429,58590,105070,+46480,+86510,KRX
20251222,-439500,5,-8500,-1.90,336831,39222,21362,--17860,--17555,88258,48228,--40030,--38843,KRX
20251219,+448000,2,+17000,+3.94,767343,86189,85884,--305,+2478,193014,191827,--1187,+5176,KRX
20251218,+431000,2,+10000,+2.38,482527,48637,45854,--2783,--1137,113572,107209,--6363,--3185,KRX
20251217,-421000,5,-2500,-0.59,545351,53556,51910,--1646,--11868,125518,122340,--3178,--27245,KRX
20251216,-423500,5,-12500,-2.87,382905,27778,38000,+10222,+37025,64873,88940,+24067,+85343,KRX
20251215,+436000,2,+3000,+0.69,396635,54058,27255,--26803,--29671,123746,62470,--61276,--67795,KRX
20251212,-433000,5,-20500,-4.52,699191,67425,70293,+2868,+3561,155195,161714,+6519,+8120,KRX
20251211,-453500,5,-3000,-0.66,501583,88416,87723,--693,+12813,194823,193222,--1601,+28247,KRX
20251210,-456500,5,-500,-0.11,338181,40673,27167,--13506,+32816,89560,59712,--29848,+71004,KRX
20251209,-457000,5,-1000,-0.22,389081,65309,18987,--46322,--32443,142225,41373,--100852,--71292,KRX
20251208,+458000,2,+1500,+0.33,573548,35592,21713,--13879,+152706,76424,46864,--29560,+332005,KRX
20251205,-456500,5,-62500,-12.04,2815855,319333,152748,--166585,--141222,695295,333730,--361565,--312440,KRX
20251204,-519000,5,-3000,-0.57,282957,48427,23064,--25363,--27932,93660,44535,--49125,--53969,KRX
20251203,+522000,2,+1000,+0.19,224874,34794,37363,+2569,+69847,66721,71565,+4844,+132623,KRX
20251202,-521000,5,-21000,-3.87,359261,85342,18064,--67278,--91287,161787,34008,--127779,--171687,KRX
20251201,+542000,2,+9000,+1.69,356210,41257,65266,+24009,+17490,75891,119799,+43908,+32447,KRX
20251128,+533000,2,+12000,+2.30,471784,76047,82566,+6519,+8974,142554,154015,+11461,+16179,KRX
20251127,+521000,2,+3000,+0.58,231291,31632,29177,--2455,--5906,60281,55563,--4718,--10949,KRX
20251126,518000,3,0,0.00,284154,45413,48864,+3451,--8116,86806,93037,+6231,--16086,KRX
20251125,-518000,5,-9000,-1.71,302677,36443,48010,+11567,+34913,69656,91973,+22317,+66025,KRX
20251124,-527000,5,-14000,-2.59,339295,79047,55701,--23346,+2985,148588,104880,--43708,+5081,KRX
20251121,-541000,5,-16000,-2.87,242572,50293,23962,--26331,--64374,93015,44226,--48789,--116679,KRX
20251120,+557000,2,+13000,+2.39,336689,36046,74089,+38043,+77414,64588,132478,+67890,+140326,KRX
20251119,-544000,5,-15000,-2.68,375909,79721,40350,--39371,--25409,146796,74360,--72436,--46453,KRX
20251118,+559000,2,+11000,+2.01,557173,86425,72463,--13962,+9227,156112,130129,--25983,+16248,KRX
20251117,-548000,5,-6000,-1.08,283747,60139,36950,--23189,+2684,109313,67082,--42231,+3654,KRX
20251114,+554000,2,+5000,+0.91,668547,104155,78282,--25873,--39134,187508,141623,--45885,--69573,KRX
20251113,+549000,2,+2000,+0.37,566185,79782,93043,+13261,--28,145969,169657,+23688,--488,KRX
20251112,+547000,2,+37000,+7.25,652193,83645,96934,+13289,+12848,155945,180121,+24176,+23113,KRX
20251111,-510000,5,-12000,-2.30,428387,67456,67897,+441,+15185,131312,132375,+1063,+28935,KRX
20251110,-522000,5,-6000,-1.14,328253,62944,48200,--14744,--5103,119254,91382,--27872,--11031,KRX
20251107,-528000,5,-19000,-3.47,443918,75796,66155,--9641,+11378,141303,124462,--16841,+22244,KRX
20251106,+547000,2,+18000,+3.40,763513,117212,96193,--21019,+44350,214810,175725,--39085,+84400,KRX
20251105,-529000,5,-20000,-3.64,793188,151858,86489,--65369,--158314,287786,164301,--123485,--289853,KRX
20251104,+549000,2,+26000,+4.97,1069609,108519,201464,+92945,--24737,200455,366823,+166368,--63305,KRX
20251103,+523000,2,+34500,+7.06,804346,52256,169938,+117682,+56188,103053,332726,+229673,+103349,KRX
20251031,+488500,2,+16500,+3.50,531464,35568,97062,+61494,+56251,73179,199503,+126324,+115251,KRX
20251030,+472000,2,+5500,+1.18,343012,26800,32043,+5243,+11198,56788,67861,+11073,+23906,KRX
20251029,-466500,5,-9500,-2.00,291161,30093,24138,--5955,--5178,64423,51590,--12833,--11254,KRX
20251028,-476000,5,-7500,-1.55,324248,34992,34215,--777,--65902,73191,71612,--1579,--139622,KRX
20251027,+483500,2,+37500,+8.41,762043,47975,113100,+65125,+58911,102037,240080,+138043,+124329,KRX
20251024,-446000,5,-7000,-1.55,284033,28334,34548,+6214,+7133,63137,76851,+13714,+15850,KRX
20251023,+453000,2,+1500,+0.33,211966,28853,27934,--919,--10195,63633,61497,--2136,--22758,KRX
20251022,+451500,2,+8500,+1.92,302361,27419,36695,+9276,+7959,60806,81428,+20622,+17647,KRX
20251021,+443000,2,+500,+0.11,224573,25312,26629,+1317,+2485,57124,60099,+2975,+5742,KRX
20251020,+442500,2,+9500,+2.19,242662,37765,36597,--1168,--15893,85482,82715,--2767,--36442,KRX
20251017,+433000,2,+1000,+0.23,428751,49784,64509,+14725,+11767,113736,147411,+33675,+26613,KRX
20251016,-432000,5,-13000,-2.92,438346,40466,43424,+2958,+18773,92882,99944,+7062,+42471,KRX
20251015,-445000,5,-1000,-0.22,263546,47297,31482,--15815,--16913,105718,70309,--35409,--37105,KRX
20251014,+446000,2,+2000,+0.45,422377,44321,45419,+1098,+4991,98318,100014,+1696,+10456,KRX
20251013,-444000,5,-17000,-3.69,316880,32223,28330,--3893,+14162,72044,63284,--8760,+30578,KRX
20251010,-461000,5,-10500,-2.23,272479,35465,17410,--18055,--12637,77105,37767,--39338,--27333,KRX
20251002,+471500,2,+13500,+2.95,370417,38448,33030,--5418,--4096,82439,70434,--12005,--9152,KRX
20251001,458000,3,0,0.00,167320,12894,11572,--1322,+24232,27900,25047,--2853,+52708,KRX
20250930,-458000,5,-8000,-1.72,216723,44362,18808,--25554,--32680,96521,40960,--55561,--70727,KRX
20250929,+466000,2,+19000,+4.25,315021,37397,44523,+7126,+35332,80754,95920,+15166,+77876,KRX
20250926,-447000,5,-8000,-1.76,355773,56268,28062,--28206,+3702,125324,62614,--62710,+6375,KRX
20250925,-455000,5,-9500,-2.05,355928,53042,21134,--31908,--8276,115097,46012,--69085,--18733,KRX
20250924,-464500,5,-17500,-3.63,568927,56515,32883,--23632,+77714,120545,70193,--50352,+158026,KRX
20250923,-482000,5,-25000,-4.93,769148,127983,26637,--101346,--149557,262700,54322,--208378,--301870,KRX
20250922,+507000,2,+34500,+7.30,1005543,87249,135460,+48211,+54612,171367,264859,+93492,+107311,KRX
20250919,-472500,5,-1000,-0.21,365957,54874,48473,--6401,--3596,116037,102218,--13819,--7922,KRX
20250918,+473500,2,+500,+0.11,272340,25690,22885,--2805,+64070,54039,48142,--5897,+131095,KRX
20250917,-473000,5,-20000,-4.06,425687,87830,20955,--66875,--69554,180425,43433,--136992,--142302,KRX
20250916,+493000,2,+1500,+0.31,208686,20469,23148,+2679,+15242,41745,47055,+5310,+30770,KRX
20250915,491500,3,0,0.00,223630,32458,19895,--12563,--81582,65865,40405,--25460,--166538,KRX
20250912,+491500,2,+18500,+3.91,435747,24508,93527,+69019,+85601,50372,191450,+141078,+175866,KRX
20250911,-473000,5,-13000,-2.67,440534,71323,54741,--16582,--52846,149590,114802,--34788,--109139,KRX
20250910,+486000,2,+9500,+1.99,346817,22372,58636,+36264,+26255,46015,120366,+74351,+53782,KRX
20250909,-476500,5,-1500,-0.31,376762,40430,50439,+10009,+35630,85958,106527,+20569,+74230,KRX
20250908,+478000,2,+2500,+0.53,280547,49807,24186,--25621,--43800,104370,50709,--53661,--92318,KRX
20250905,+475500,2,+8000,+1.71,269046,20535,38714,+18179,+5588,43717,82374,+38657,+11714,KRX
20250904,+467500,2,+4000,+0.86,230518,20811,33402,+12591,+7022,44673,71616,+26943,+15001,KRX
20250903,+463500,2,+1000,+0.22,200650,19426,24995,+5569,+6327,42219,54161,+11942,+13726,KRX
20250902,+462500,2,+7500,+1.65,295728,27993,27235,--758,--9067,60814,59030,--1784,--19684,KRX
20250901,+455000,2,+16500,+3.76,678241,55955,64264,+8309,+22029,121622,139522,+17900,+49635,KRX
20250829,+438500,2,+20500,+4.90,452458,59340,45620,--13720,--8392,135882,104147,--31735,--19130,KRX
20250828,-418000,5,-5000,-1.18,202873,25516,20188,--5328,+45624,60614,48009,--12605,+106068,KRX
20250827,-423000,5,-19500,-4.41,419680,64785,13833,--50952,--47908,150831,32158,--118673,--111638,KRX
20250826,+442500,2,+4500,+1.03,317051,41638,38594,--3044,--1440,94161,87126,--7035,--3201,KRX
20250825,+438000,2,+16000,+3.79,258652,24578,22974,--1604,+1536,56196,52362,--3834,+3387,KRX
20250822,+422000,2,+16500,+4.07,387086,34050,30910,--3140,+3070,81022,73801,--7221,+7368,KRX
20250821,-405500,5,-15500,-3.68,307329,27345,21135,--6210,--2952,65878,51289,--14589,--6728,KRX
20250820,-421000,5,-6000,-1.41,253873,29900,26642,--3258,+12862,71556,63695,--7861,+29865,KRX
20250819,-427000,5,-12500,-2.84,341276,45319,29199,--16120,--17141,105686,67960,--37726,--39738,KRX
20250818,+439500,2,+2500,+0.57,304507,38111,39132,+1021,+60537,86297,88309,+2012,+139212,KRX
20250814,-437000,5,-12000,-2.67,542100,96990,37474,--59516,--44445,222815,85615,--137200,--102753,KRX
20250813,+449000,2,+14500,+3.34,360514,46973,31902,--15071,+669,106013,71566,--34447,+1621,KRX
20250812,+434500,2,+4500,+1.05,271164,37566,21826,--15740,+3737,85905,49837,--36068,+9415,KRX
20250811,430000,3,0,0.00,245615,35606,16129,--19477,--3445,83032,37549,--45483,--8397,KRX
20250808,-430000,5,-2000,-0.46,197533,32052,16020,--16032,--3476,74055,36969,--37086,--8178,KRX
20250807,-432000,5,-7500,-1.71,219360,30320,17764,--12556,+632,69931,41023,--28908,+1115,KRX
20250806,-439500,5,-4500,-1.01,247924,40233,27045,--13188,+12135,91650,61627,--30023,+27075,KRX
20250805,+444000,2,+12000,+2.78,330841,55908,30585,--25323,+17467,126059,68961,--57098,+42054,KRX
20250804,+432000,2,+10000,+2.37,315061,65677,22887,--42790,--40538,152058,52906,--99152,--93920,KRX
20250801,-422000,5,-32000,-7.05,458857,37527,35275,--2252,--5,87535,82303,--5232,--601,KRX
20250731,+454000,2,+2500,+0.55,316316,31862,29615,--2247,+5531,70701,66070,--4631,+12090,KRX
20250730,-451500,5,-5000,-1.10,220609,25840,18062,--7778,--10436,56337,39616,--16721,--22863,KRX
20250729,-456500,5,-500,-0.11,290753,31287,33945,+2658,--6828,68787,74929,+6142,--14626,KRX
20250728,-457000,5,-5000,-1.08,219077,16823,26309,+9486,--9277,36497,57265,+20768,--19850,KRX
20250725,-462000,5,-15000,-3.14,320214,19999,38762,+18763,+14220,42935,83553,+40618,+31243,KRX
20250724,-477000,5,-2000,-0.42,222586,18079,22622,+4543,--4555,37589,46964,+9375,--9587,KRX
20250723,+479000,2,+3000,+0.63,218595,18385,27483,+9098,--14552,38388,57350,+18962,--29846,KRX
20250722,-476000,5,-7000,-1.45,474371,27967,51617,+23650,--3991,57398,106206,+48808,--8697,KRX
20250721,-483000,5,-7000,-1.43,268393,16583,44224,+27641,+13457,34552,92057,+57505,+28703,KRX
20250718,+490000,2,+1500,+0.31,462953,45193,59377,+14184,+7699,91970,120772,+28802,+15608,KRX
20250717,+488500,2,+2500,+0.51,400333,39119,45604,+6485,--24612,80541,93735,+13194,--51396,KRX
20250716,+486000,2,+17000,+3.62,902534,70579,101676,+31097,+31649,147943,212533,+64590,+66041,KRX
20250715,+469000,2,+24000,+5.39,749330,70216,69664,--552,+17588,153585,152134,--1451,+39729,KRX
20250714,+445000,2,+6000,+1.37,267180,38074,19934,--18140,--9723,86230,45050,--41180,--22086,KRX
20250711,-439000,5,-10000,-2.23,352929,39741,31324,--8417,--61241,89766,70672,--19094,--135874,KRX
20250710,+449000,2,+25500,+6.02,918273,68191,121015,+52824,+50875,154355,271135,+116780,+112277,KRX
20250709,+423500,2,+4500,+1.07,373649,39037,40986,+1949,--9818,92817,97320,+4503,--24006,KRX
20250708,+419000,2,+2000,+0.48,400000,39069,50836,+11767,--136904,94330,122839,+28509,--339023,KRX
20250707,+417000,2,+41500,+11.05,1006540,33795,182466,+148671,+218376,84753,452285,+367532,+550863,KRX
20250704,-375500,5,-22500,-5.65,436740,89259,19554,--69705,--88928,234146,50815,--183331,--231338,KRX
20250703,+398000,2,+5500,+1.40,339650,25034,44257,+19223,+6214,63276,111283,+48007,+15903,KRX
20250702,+392500,2,+20000,+5.37,568488,49168,62177,+13009,+16637,127589,159693,+32104,+41894,KRX
20250701,+372500,2,+500,+0.13,166345,16284,12656,--3628,--1054,43633,33843,--9790,--2869,KRX
20250630,-372000,5,-8500,-2.23,205267,21334,18760,--2574,+3084,56993,50072,--6921,+7885,KRX
20250627,-380500,5,-4500,-1.17,178338,19468,13810,--5658,+1919,50531,35725,--14806,+4833,KRX
20250626,-385000,5,-5000,-1.28,223581,27446,19869,--7577,+2015,71181,51542,--19639,+5369,KRX
20250625,390000,3,0,0.00,325047,40950,31358,--9592,--15438,104411,79403,--25008,--39627,KRX
20250624,+390000,2,+10000,+2.63,323689,28764,34610,+5846,+11532,73686,88305,+14619,+29666,KRX
20250623,-380000,5,-10000,-2.56,271911,25294,19608,--5686,+1291,66834,51787,--15047,+2815,KRX
20250620,+390000,2,+3000,+0.78,451701,78597,71620,--6977,+649,201246,183384,--17862,+1549,KRX
20250619,-387000,5,-8000,-2.03,273679,26914,19288,--7626,+4893,69020,49609,--19411,+12244,KRX
20250618,-395000,5,-2500,-0.63,331986,41761,29242,--12519,--16503,105023,73368,--31655,--41720,KRX
20250617,-397500,5,-8000,-1.97,281659,30564,34548,+3984,--39654,75934,85999,+10065,--97592,KRX
20250616,+405500,2,+20000,+5.19,406893,26413,70051,+43638,+72437,65403,173060,+107657,+181554,KRX
20250613,-385500,5,-25000,-6.09,735665,79256,50457,--28799,--44562,203363,129466,--73897,--112118,KRX
20250612,+410500,2,+2500,+0.61,478494,71686,87449,+15763,--55265,175126,213347,+38221,--135706,KRX
20250611,+408000,2,+15000,+3.82,629894,37997,109025,+71028,+72041,93821,267748,+173927,+176738,KRX
20250610,+393000,2,+5500,+1.42,385590,36493,35480,--1013,--29570,93839,91028,--2811,--77591,KRX
20250609,+387500,2,+19000,+5.16,555944,36505,65062,+28557,+57673,96000,170780,+74780,+153358,KRX
20250605,-368500,5,-12500,-3.28,383638,49693,20577,--29116,--79074,133863,55285,--78578,--209156,KRX
20250604,+381000,2,+31000,+8.86,783527,59348,109306,+49958,+9320,155464,286042,+130578,+13645,KRX
20250602,+350000,2,+20000,+6.06,426366,20826,61464,+40638,+56234,60001,176934,+116933,+163925,KRX
20250530,-330000,5,-4500,-1.35,300581,61738,46142,--15596,--15841,185756,138764,--46992,--47574,KRX
20250529,+334500,2,+1000,+0.30,193175,16849,17094,+245,+28116,50189,50771,+582,+83461,KRX
20250528,-333500,5,-10500,-3.05,344117,43575,15704,--27871,--23031,129500,46621,--82879,--68237,KRX
20250527,+344000,2,+12500,+3.77,276614,29214,24374,--4840,--11070,85967,71325,--14642,--33412,KRX
20250526,+331500,2,+8500,+2.63,256257,18691,24921,+6230,+9935,56651,75421,+18770,+30388,KRX
20250523,-323000,5,-500,-0.15,226294,22274,18569,--3705,+1903,69093,57475,--11618,+5720,KRX
20250522,-323500,5,-2500,-0.77,174402,21314,15706,--5608,--7653,65775,48437,--17338,--23472,KRX
20250521,+326000,2,+8500,+2.68,272740,23045,25090,+2045,+9190,70689,76823,+6134,+28380,KRX
20250520,-317500,5,-2000,-0.63,223115,25159,18014,--7145,--12579,77890,55644,--22246,--39204,KRX
20250519,+319500,2,+2000,+0.63,243441,17094,22528,+5434,+27579,53368,70326,+16958,+84909,KRX
20250516,-317500,5,-13500,-4.08,562545,51746,29601,--22145,--22248,160256,92305,--67951,--67835,KRX
20250515,-331000,5,-4000,-1.19,405009,22092,22195,+103,+68232,67407,67291,--116,+208152,KRX
20250514,-335000,5,-13000,-3.74,1093273,111755,43626,--68129,--70554,340769,132501,--208268,--215143,KRX
20250513,+348000,2,+12000,+3.57,280972,26969,29394,+2425,--1812,76968,83843,+6875,--5382,KRX
20250512,-336000,5,-9000,-2.61,436334,30388,34625,+4237,+16018,90718,102975,+12257,+45880,KRX
20250509,-345000,5,-7500,-2.13,202210,20118,8337,--11781,--4484,57577,23954,--33623,--13487,KRX
20250508,-352500,5,-4000,-1.12,351222,32261,24964,--7297,+2993,90438,70302,--20136,+9874,KRX
20250507,356500,3,0,0.00,330455,40992,30702,--10290,--15598,116977,86967,--30010,--44906,KRX
20250502,+356500,2,+5500,+1.57,157410,14592,19900,+5308,+8758,41123,56019,+14896,+24353,KRX
20250430,-351000,5,-12000,-3.31,300126,28030,24580,--3450,--11312,79066,69609,--9457,--31071,KRX
20250429,+363000,2,+6000,+1.68,161965,8434,16296,+7862,+22233,23230,44844,+21614,+61292,KRX
20250428,-357000,5,-12000,-3.25,430340,46503,32132,--14371,--8019,128895,89217,--39678,--22243,KRX
20250425,-369000,5,-19500,-5.02,516820,41844,35492,--6352,--13385,111517,94082,--17435,--35488,KRX
20250424,-388500,5,-500,-0.13,163915,15509,22542,+7033,--1031,40045,58098,+18053,--2780,KRX
20250423,389000,3,0,0.00,214524,13523,21587,+8064,--4811,34707,55540,+20833,--12461,KRX
20250422,+389000,2,+2500,+0.65,250432,12209,25084,+12875,+23739,31551,64845,+33294,+61246,KRX
20250421,-386500,5,-6500,-1.65,193132,24987,14123,--10864,--30283,64255,36303,--27952,--77015,KRX
20250418,+393000,2,+17000,+4.52,570144,36032,55451,+19419,+12313,92454,141517,+49063,+29988,KRX
20250417,+376000,2,+9500,+2.59,181015,13962,21068,+7106,+19902,37466,56541,+19075,+53366,KRX
20250416,-366500,5,-13500,-3.55,302339,27684,14888,--12796,+1102,74302,40011,--34291,+2247,KRX
20250415,-380000,5,-7000,-1.81,231045,27140,13242,--13898,--16804,71293,34755,--36538,--43850,KRX
20250414,+387000,2,+12500,+3.34,350704,24012,26918,+2906,--2436,63097,70409,+7312,--6947,KRX
20250411,+374500,2,+7500,+2.04,385271,31241,36583,+5342,--10111,84053,98312,+14259,--27533,KRX
20250410,+367000,2,+19500,+5.61,416997,38904,54357,+15453,+34630,105454,147246,+41792,+96181,KRX
20250409,-347500,5,-13000,-3.61,423036,54005,34828,--19177,--44002,153422,99033,--54389,--123367,KRX
20250408,+360500,2,+25000,+7.45,619341,38809,63634,+24825,+37117,109135,178113,+68978,+104975,KRX
20250407,-335500,5,-27500,-7.58,655451,58198,45906,--12292,--6977,171444,135447,--35997,--20774,KRX
20250404,-363000,5,-2000,-0.55,556110,57067,51752,--5315,--10603,156668,141445,--15223,--29834,KRX
20250403,+365000,2,+2500,+0.69,263657,19182,24470,+5288,+14489,52971,67582,+14611,+39640,KRX
20250402,-362500,5,-9000,-2.42,307365,33072,23871,--9201,--27812,90647,65618,--25029,--74564,KRX
20250401,+371500,2,+15500,+4.35,450237,24544,43155,+18611,+51403,66360,115895,+49535,+140746,KRX
20250331,+356000,2,+3500,+0.99,786038,111121,78329,--32792,--21293,309399,218188,--91211,--59206,KRX
20250328,+352500,2,+500,+0.14,376195,31809,20310,--11499,--8895,88901,56896,--32005,--25077,KRX
20250327,-352000,5,-10000,-2.76,305984,17003,14399,--2604,--16640,47721,40793,--6928,--46651,KRX
20250326,362000,3,0,0.00,460857,18386,32422,+14036,+13170,51016,90739,+39723,+36798,KRX
20250325,-362000,5,-10500,-2.82,360992,21950,22816,+866,--45,59471,62396,+2925,+709,KRX
20250324,+372500,2,+2500,+0.68,384157,23822,24733,+911,+1089,63302,65518,+2216,+2315,KRX
20250321,-370000,5,-3000,-0.80,1293766,89824,89646,--178,+20791,240405,240306,--99,+53101,KRX
20250320,-373000,5,-46000,-10.98,2409509,119793,98824,--20969,+42209,302722,249522,--53200,+93784,KRX
20250319,-419000,5,-24500,-5.52,1008979,101501,38323,--63178,--63314,236560,89576,--146984,--145758,KRX
20250318,+443500,2,+4000,+0.91,2019144,146799,146935,+136,+12228,333425,332199,--1226,+34290,KRX
20250317,+439500,2,+47500,+12.12,2053323,151597,139505,--12092,--34732,365253,329737,--35516,--90973,KRX
20250314,+392000,2,+17000,+4.53,1029691,66536,89176,+22640,+3204,170633,226090,+55457,+4365,KRX
20250313,+375000,2,+14000,+3.88,793596,64643,84079,+19436,+35139,171673,222765,+51092,+93220,KRX
20250312,-361000,5,-9000,-2.43,502310,40613,24910,--15703,--15504,110194,68066,--42128,--41792,KRX
20250311,-370000,5,-2000,-0.54,396668,26432,26233,--199,--3315,71819,71483,--336,--8665,KRX
20250310,+372000,2,+3500,+0.95,496624,29801,32917,+3116,+26461,80557,88886,+8329,+69639,KRX
20250307,-368500,5,-22000,-5.63,1061159,67456,44111,--23345,+92304,179374,118064,--61310,+233466,KRX
20250306,-390500,5,-23500,-5.68,999302,145246,29597,--115649,--128156,369716,74940,--294776,--324897,KRX
20250305,+414000,2,+14000,+3.50,501266,35900,48407,+12507,--26086,87044,117165,+30121,--67098,KRX
20250304,+400000,2,+13000,+3.36,459797,17522,56115,+38593,+104145,44474,141693,+97219,+264954,KRX
20250228,-387000,5,-14500,-3.61,586240,103335,37783,--65552,--81799,264993,97258,--167735,--207849,KRX
20250227,+401500,2,+8000,+2.03,510062,36086,52333,+16247,+23006,90543,130657,+40114,+58013,KRX
20250226,393500,3,0,0.00,346183,32196,25437,--6759,--47344,82355,64456,--17899,--120880,KRX
20250225,+393500,2,+10500,+2.74,416909,17044,57629,+40585,+61203,44404,147385,+102981,+156619,KRX
20250224,-383000,5,-9000,-2.30,303447,31747,11129,--20618,--52470,82410,28772,--53638,--135246,KRX
20250221,+392000,2,+14000,+3.70,442073,29888,61740,+31852,+29573,77513,159121,+81608,+76250,KRX
20250220,-378000,5,-9000,-2.33,603485,42657,44936,+2279,+7819,110988,116346,+5358,+20090,KRX
20250219,-387000,5,-8000,-2.03,436280,34413,28873,--5540,--876,89253,74521,--14732,--2499,KRX
20250218,-395000,5,-3500,-0.88,442220,39059,34395,--4664,+15045,99801,87568,--12233,+38656,KRX
20250217,+398500,2,+4500,+1.14,517076,51507,31798,--19709,--58008,131378,80489,--50889,--149119,KRX
20250214,+394000,2,+23500,+6.34,788705,33194,71493,+38299,+47310,86465,184695,+98230,+122416,KRX
20250213,-370500,5,-7000,-1.85,517401,45946,36935,--9011,--24113,123511,99325,--24186,--64884,KRX
20250212,-377500,5,-500,-0.13,486787,21125,36227,+15102,+32047,56313,97011,+40698,+84973,KRX
20250211,-378000,5,-14000,-3.57,621324,45972,29027,--16945,+5717,118874,74599,--44275,+14327,KRX
20250210,+392000,2,+500,+0.13,475080,48895,26233,--22662,--11390,126100,67498,--58602,--29455,KRX
20250207,-391500,5,-500,-0.13,455077,40332,29060,--11272,--60799,103659,74512,--29147,--156109,KRX
20250206,+392000,2,+16000,+4.26,672576,29440,78967,+49527,+108210,76072,203034,+126962,+283346,KRX
20250205,+376000,2,+2000,+0.53,718400,89832,31149,--58683,--137349,239401,83017,--156384,--364622,KRX
20250204,+374000,2,+21500,+6.10,907257,33620,112286,+78666,+106644,89534,297772,+208238,+286287,KRX
20250203,-352500,5,-19000,-5.11,622851,59879,31901,--27978,--24230,167722,89673,--78049,--67976,KRX
20250131,+371500,2,+9500,+2.62,507713,45695,41947,--3748,--27505,124302,114229,--10073,--76797,KRX
20250124,+362000,2,+15000,+4.32,580269,28086,51843,+23757,+20319,78919,145643,+66724,+56651,KRX
20250123,+347000,2,+5000,+1.46,450376,32914,36352,+3438,--29399,95077,105150,+10073,--86242,KRX
20250122,+342000,2,+17000,+5.23,759686,36749,69586,+32837,+34375,108035,204350,+96315,+101363,KRX
20250121,+325000,2,+6500,+2.04,406203,13872,12334,--1538,--8929,43269,38221,--5048,--27997,KRX
20250120,+318500,2,+11000,+3.58,455776,12225,19616,+7391,+18276,38736,61685,+22949,+58393,KRX
20250117,-307500,5,-4500,-1.44,196849,12406,1521,--10885,--34259,40377,4933,--35444,--110152,KRX
20250116,+312000,2,+8500,+2.80,289445,5507,28881,+23374,+28060,17626,92334,+74708,+89914,KRX
20250115,-303500,5,-4000,-1.30,199222,8722,4036,--4686,--13904,28333,13127,--15206,--45145,KRX
20250114,+307500,2,+8500,+2.84,244268,6199,15417,+9218,+20579,20260,50199,+29939,+67598,KRX
20250113,-299000,5,-10500,-3.39,339664,24156,12795,--11361,--5269,80054,42395,--37659,--17929,KRX
20250110,+309500,2,+500,+0.16,335293,18552,12460,--6092,+2654,60181,40451,--19730,+8802,KRX
20250109,-309000,5,-1000,-0.32,641125,36497,27751,--8746,+30141,118170,89638,--28532,+94902,KRX
20250108,-310000,5,-16000,-4.91,654854,44946,6059,--38887,--45997,142523,19089,--123434,--144656,KRX
20250107,+326000,2,+10500,+3.33,794138,49079,56189,+7110,+47604,151404,172626,+21222,+151454,KRX
20250106,-315500,5,-3000,-0.94,577381,58806,18312,--40494,--91232,188634,58402,--130232,--292435,KRX
20250103,+318500,2,+18500,+6.17,739646,24941,75679,+50738,+95902,81146,243349,+162203,+310784,KRX
20250102,-300000,5,-9500,-3.07,593351,55330,10166,--45164,--67505,181849,33268,--148581,--220290,KRX
20241230,+309500,2,+8500,+2.82,809120,35003,57344,+22341,+88758,112624,184333,+71709,+292584,KRX
20241227,-301000,5,-500,-0.17,1730717,123505,57088,--66417,--79963,407597,186722,--220875,--265310,KRX
20241226,+301500,2,+5500,+1.86,1439262,55305,68851,+13546,--18340,184612,229047,+44435,--68560,KRX
20241224,+296000,2,+19000,+6.86,1769852,64646,96532,+31886,+24109,224710,337705,+112995,+85568,KRX
20241223,277000,3,0,0.00,783284,30098,37875,+7777,+1417,107224,134651,+27427,+4443,KRX
20241220,-277000,5,-9500,-3.32,780652,31082,37442,+6360,+8070,110504,133488,+22984,+29172,KRX
20241219,-286500,5,-10500,-3.54,728493,33912,32202,--1710,--2881,118322,112134,--6188,--10030,KRX
20241218,-297000,5,-4500,-1.49,679099,29391,30562,+1171,+6143,98663,102505,+3842,+20169,KRX
20241217,-301500,5,-9000,-2.90,615191,33546,28574,--4972,+23012,110639,94312,--16327,+71782,KRX
20241216,-310500,5,-6500,-2.05,730264,53032,25048,--27984,--26569,167630,79521,--88109,--83373,KRX
20241213,+317000,2,+4500,+1.44,587113,33774,32359,--1415,+18538,107429,102693,--4736,+59899,KRX
20241212,+312500,2,+4500,+1.46,1203599,93665,73712,--19953,+31091,299251,234616,--64635,+99548,KRX
20241211,-308000,5,-10000,-3.14,645538,61089,10045,--51044,--70334,196414,32231,--164183,--227108,KRX
20241210,+318000,2,+33000,+11.58,1250760,55172,74462,+19290,--3833,177079,240004,+62925,--17560,KRX
20241209,-285000,5,-21000,-6.86,1192141,37401,60524,+23123,+12,127826,208311,+80485,+3122,KRX
20241206,-306000,5,-5000,-1.61,1086109,43110,66221,+23111,+31593,141827,219190,+77363,+104004,KRX
20241205,-311000,5,-7000,-2.20,640971,30293,21811,--8482,+20909,95591,68950,--26641,+65564,KRX
20241204,-318000,5,-7000,-2.15,1409312,83083,53692,--29391,--43239,261138,168933,--92205,--135122,KRX
20241203,+325000,2,+23000,+7.62,1147622,52437,66285,+13848,--11970,163149,206066,+42917,--44519,KRX
20241202,+302000,2,+22000,+7.86,1204378,43887,69705,+25818,+22839,148650,236086,+87436,+76045,KRX
20241129,-280000,5,-22500,-7.44,1295036,58091,61070,+2979,+36487,200215,211606,+11391,+119934,KRX
20241128,-302500,5,-3000,-0.98,853745,62578,29070,--33508,--34139,203433,94890,--108543,--112397,KRX
20241127,+305500,2,+8500,+2.86,1179028,56374,57005,+631,+99902,186679,190533,+3854,+322682,KRX
20241126,-297000,5,-34000,-10.27,1758526,152854,53583,--99271,--106646,492329,173501,--318828,--340577,KRX
20241125,+331000,2,+39000,+13.36,2365631,132481,139856,+7375,--12296,415757,437506,+21749,--51033,KRX
20241122,-292000,5,-54500,-15.73,4645157,175308,194979,+19671,+75683,559238,632020,+72782,+247612,KRX
20241121,-346500,5,-4000,-1.14,5095425,215920,159908,--56012,--37342,667671,492841,--174830,--132995,KRX
20241120,-350500,5,-25500,-6.78,1722984,103577,84907,--18670,--33232,270166,228331,--41835,--78239,KRX
20241119,-376000,5,-31500,-7.73,1304612,50201,64763,+14562,+36164,129448,165852,+36404,+88715,KRX
20241118,-407500,5,-30000,-6.86,870924,64599,42997,--21602,--1606,156178,103867,--52311,--6767,KRX
20241115,-437500,5,-4000,-0.91,440287,50456,30460,--19996,--84276,114736,69192,--45544,--190772,KRX
20241114,+441500,2,+20000,+4.74,948572,40792,105072,+64280,+107406,92310,237538,+145228,+246323,KRX
20241113,-421500,5,-18000,-4.10,1064677,104866,61740,--43126,--6700,245441,144346,--101095,--18286,KRX
20241112,-439500,5,-6000,-1.35,568941,64958,28532,--36426,--12588,147598,64789,--82809,--29010,KRX
20241111,+445500,2,+8500,+1.95,925444,74029,50191,--23838,--125399,166269,112470,--53799,--300021,KRX
20241108,+437000,2,+57000,+15.00,2844967,120072,221633,+101561,+137698,286774,532996,+246222,+341666,KRX
20241107,-380000,5,-11500,-2.94,571313,51075,14938,--36137,--40847,134502,39058,--95444,--107487,KRX
20241106,+391500,2,+10500,+2.76,520288,21396,26106,+4710,+25376,55036,67079,+12043,+66022,KRX
20241105,-381000,5,-8500,-2.18,375785,36474,15808,--20666,--111040,95053,41074,--53979,--291024,KRX
20241104,+389500,2,+33000,+9.26,1236773,52720,143094,+90374,+101267,140301,377346,+237045,+266824,KRX
20241101,-356500,5,-20000,-5.31,538359,30475,19582,--10893,+849,83154,53375,--29779,+1301,KRX
20241031,-376500,5,-2500,-0.66,264895,27496,15754,--11742,--2357,72842,41762,--31080,--6437,KRX
20241030,-379000,5,-7000,-1.81,285280,27702,18317,--9385,--7972,72674,48031,--24643,--20298,KRX
20241029,+386000,2,+7000,+1.85,427296,31563,30150,--1413,--1296,82505,78160,--4345,--3656,KRX
20241028,+379000,2,+5000,+1.34,424312,28294,28177,--117,+5735,74598,73909,--689,+14627,KRX
20241025,-374000,5,-8000,-2.09,296491,19547,13695,--5852,--15712,51710,36394,--15316,--41021,KRX
20241024,+382000,2,+1500,+0.39,377726,19249,29109,+9860,+14666,49821,75526,+25705,+38293,KRX
20241023,-380500,5,-3000,-0.78,529532,33132,28326,--4806,+29602,87428,74840,--12588,+75570,KRX
20241022,-383500,5,-14000,-3.52,511457,53909,19501,--34408,--56292,138128,49970,--88158,--143288,KRX
20241021,+397500,2,+11000,+2.85,455801,21204,43088,+21884,+26894,54846,109976,+55130,+68429,KRX
20241018,+386500,2,+2500,+0.65,369776,34917,29907,--5010,--1791,90492,77193,--13299,--4783,KRX
20241017,-384000,5,-2000,-0.52,255155,17056,13837,--3219,+5574,44579,36063,--8516,+14482,KRX
20241016,-386000,5,-500,-0.13,263105,22165,13372,--8793,--27767,57593,34595,--22998,--72244,KRX
20241015,+386500,2,+8000,+2.11,358081,18073,37047,+18974,+60163,47089,96335,+49246,+159109,KRX
20241014,-378500,5,-7500,-1.94,465851,60687,19498,--41189,--61624,161270,51407,--109863,--162776,KRX
20241011,+386000,2,+17000,+4.61,595848,40822,61257,+20435,+46246,107097,160010,+52913,+122556,KRX
20241010,369000,3,0,0.00,448543,41045,15234,--25811,--27844,110865,41222,--69643,--75157,KRX
20241008,+369000,2,+9500,+2.64,415456,8757,10790,+2033,+4755,24012,29526,+5514,+13115,KRX
20241007,+359500,2,+3500,+0.98,277109,8990,6268,--2722,--26425,25099,17498,--7601,--75085,KRX
20241004,+356000,2,+20000,+5.95,408874,5178,28881,+23703,+16874,14873,82357,+67484,+46951,KRX
20241002,+336000,2,+9000,+2.75,217855,5792,12621,+6829,--1338,17434,37967,+20533,--4073,KRX
20240930,-327000,5,-5000,-1.51,240960,9282,17449,+8167,+12587,28223,52829,+24606,+37709,KRX
20240927,-332000,5,-9000,-2.64,186731,10401,5981,--4420,--18918,30962,17859,--13103,--56071,KRX
20240926,+341000,2,+10500,+3.18,362187,11911,26409,+14498,+29462,35483,78451,+42968,+87019,KRX
20240925,-330500,5,-22500,-6.37,628013,23562,8598,--14964,--15565,69811,25760,--44051,--45976,KRX
20240924,+353000,2,+3000,+0.86,325349,12023,12624,+601,+25653,34382,36307,+1925,+72819,KRX
20240923,-350000,5,-13000,-3.58,377122,29531,4479,--25052,--36342,83616,12722,--70894,--101914,KRX
20240920,+363000,2,+13000,+3.71,912080,58030,69320,+11290,--98799,161790,192810,+31020,--289824,KRX
20240919,+350000,2,+30500,+9.55,1628459,57931,168020,+110089,+114941,169519,490363,+320844,+336027,KRX
20240913,+319500,2,+3500,+1.11,409410,30372,25520,--4852,--40417,94856,79673,--15183,--127740,KRX
20240912,+316000,2,+10000,+3.27,629084,32975,68540,+35565,+15281,105354,217911,+112557,+47011,KRX
20240911,+306000,2,+1000,+0.33,570892,20480,40764,+20284,+29389,66310,131856,+65546,+95372,KRX
20240910,+305000,2,+500,+0.16,404935,26447,17342,--9105,--31022,86704,56878,--29826,--103488,KRX
20240909,+304500,2,+3500,+1.16,524464,20465,42382,+21917,+9038,68272,141934,+73662,+30575,KRX
20240906,-301000,5,-6000,-1.95,612317,24008,36887,+12879,+10242,79682,122769,+43087,+34331,KRX
20240905,-307000,5,-500,-0.16,1023211,41609,44246,+2637,+22584,137550,146306,+8756,+72766,KRX
20240904,-307500,5,-18000,-5.53,898049,49662,29715,--19947,--20144,159234,95224,--64010,--64003,KRX
20240903,+325500,2,+3500,+1.09,879459,48723,48920,+197,--5230,149050,149043,--7,--16580,KRX
20240902,+322000,2,+3000,+0.94,563264,32567,37994,+5427,--14519,103198,119771,+16573,--45291,KRX
20240830,+319000,2,+3500,+1.11,787982,41133,61079,+19946,+54678,130689,192553,+61864,+171224,KRX
20240829,-315500,5,-3500,-1.10,686421,54035,19303,--34732,--11827,170185,60825,--109360,--36923,KRX
20240828,+319000,2,+4000,+1.27,707761,46480,23575,--22905,--32593,145968,73531,--72437,--101081,KRX
20240827,+315000,2,+2500,+0.80,1033401,37547,47235,+9688,+40967,118575,147219,+28644,+129720,KRX
20240826,-312500,5,-2500,-0.79,526492,47859,16580,--31279,--135980,154425,53349,--101076,--442607,KRX
20240823,+315000,2,+26000,+9.00,1244378,28426,133127,+104701,+102930,93603,435134,+341531,+334857,KRX
20240822,+289000,2,+500,+0.17,683068,24453,26224,+1771,+28093,85751,92425,+6674,+96054,KRX
20240821,-288500,5,-12000,-3.99,525838,35824,9502,--26322,--6166,121575,32195,--89380,--22373,KRX
20240820,+300500,2,+2000,+0.67,791286,50870,30714,--20156,--23188,166469,99462,--67007,--76781,KRX
20240819,-298500,5,-2500,-0.83,389208,19189,22221,+3032,--19720,64242,74016,+9774,--66523,KRX
20240816,+301000,2,+8500,+2.91,577339,19238,41990,+22752,+26499,64969,141266,+76297,+89182,KRX
20240814,292500,3,0,0.00,430710,23546,19799,--3747,+17624,80385,67500,--12885,+60136,KRX
20240813,-292500,5,-10500,-3.47,774853,39835,18464,--21371,--7065,136410,63389,--73021,--25846,KRX
20240812,+303000,2,+1000,+0.33,545500,39853,25547,--14306,--17859,130806,83631,--47175,--57848,KRX
20240809,+302000,2,+5000,+1.68,1015992,48684,52237,+3553,--2314,159680,170353,+10673,--7666,KRX
20240808,+297000,2,+13000,+4.58,1109967,51288,57155,+5867,+24146,177696,196035,+18339,+82836,KRX
20240807,+284000,2,+5000,+1.79,848285,58437,40158,--18279,--24961,204928,140431,--64497,--83986,KRX
20240806,+279000,2,+17500,+6.69,3135455,137456,144138,+6682,--46315,494019,513508,+19489,--173770,KRX
20240805,-261500,5,-33500,-11.36,1973233,68723,121720,+52997,+71484,252725,445984,+193259,+253879,KRX
20240802,-295000,5,-24000,-7.52,1007536,51806,33319,--18487,--13321,170210,109590,--60620,--44034,KRX
20240801,+319000,2,+4000,+1.27,656310,34494,29328,--5166,+19080,108611,92025,--16586,+59579,KRX
20240731,-315000,5,-5500,-1.72,1356855,91375,67129,--24246,--39890,286398,210233,--76165,--115158,KRX
20240730,+320500,2,+22000,+7.37,2349207,118162,133806,+15644,--3794,391121,430114,+38993,--27540,KRX
20240729,+298500,2,+15000,+5.29,676704,21803,41241,+19438,+10641,75424,141957,+66533,+35556,KRX
20240726,+283500,2,+8000,+2.90,788442,38479,47276,+8797,+83084,134771,165748,+30977,+288500,KRX
20240725,-275500,5,-29000,-9.52,1381700,110015,35728,--74287,--99313,381309,123786,--257523,--339874,KRX
20240724,+304500,2,+19500,+6.84,1562612,55164,80190,+25026,--68365,185318,267669,+82351,--249951,KRX
20240723,+285000,2,+21000,+7.95,1528091,33669,127060,+93391,+108472,118924,451226,+332302,+389769,KRX
20240722,-264000,5,-7500,-2.76,458389,29920,14839,--15081,--31564,113279,55812,--57467,--119324,KRX
20240719,+271500,2,+8500,+3.23,420452,18032,34515,+16483,+23280,67815,129672,+61857,+87508,KRX
20240718,-263000,5,-11000,-4.01,635432,32028,25231,--6797,--29715,120644,94993,--25651,--108477,KRX
20240717,+274000,2,+1000,+0.37,463467,13004,35922,+22918,+49466,47368,130194,+82826,+179663,KRX
20240716,-273000,5,-5500,-1.97,744022,49597,23049,--26548,--63357,180741,83904,--96837,--229299,KRX
20240715,+278500,2,+6000,+2.20,817537,22619,59428,+36809,+27733,81507,213969,+132462,+100418,KRX
20240712,+272500,2,+3000,+1.11,1111137,49563,58639,+9076,+37370,183650,215694,+32044,+140454,KRX
20240711,-269500,5,-500,-0.19,824947,54053,25759,--28294,--51881,206007,97597,--108410,--196465,KRX
20240710,+270000,2,+7500,+2.86,915461,30036,53623,+23587,+46823,112687,200742,+88055,+175460,KRX
20240709,-262500,5,-10000,-3.67,847411,51373,28137,--23236,+27108,193094,105689,--87405,+93342,KRX
20240708,-272500,5,-6500,-2.33,1180188,85988,35644,--50344,--72204,308375,127628,--180747,--259305,KRX
20240705,+279000,2,+22000,+8.56,1227503,47438,69298,+21860,+27175,175600,254158,+78558,+99076,KRX
20240704,-257000,5,-1500,-0.58,670641,42807,37492,--5315,+1804,166809,146291,--20518,+6148,KRX
20240703,-258500,5,-4000,-1.52,647987,35189,28070,--7119,+11646,134307,107641,--26666,+41744,KRX
20240702,-262500,5,-15000,-5.41,1353467,61616,42851,--18765,--35152,229096,160686,--68410,--126689,KRX
20240701,-277500,5,-3000,-1.07,585740,23759,40146,+16387,+7048,85332,143611,+58279,+25090,KRX
20240628,-280500,5,-4000,-1.41,660408,23293,32632,+9339,+6107,83395,116584,+33189,+23930,KRX
20240627,-284500,5,-1500,-0.52,1384490,63008,66240,+3232,+15196,221049,230308,+9259,+51734,KRX
20240626,-286000,5,-3500,-1.21,675152,39987,28023,--11964,--9938,140617,98142,--42475,--33731,KRX
20240625,+289500,2,+3500,+1.22,807498,50483,48457,--2026,+3026,177431,168687,--8744,+9799,KRX
20240624,+286000,2,+5000,+1.78,1246288,74830,69778,--5052,--48817,263272,244729,--18543,--176420,KRX
20240621,+281000,2,+21500,+8.29,1901776,153972,197737,+43765,+43385,556905,714782,+157877,+155759,KRX
20240620,+259500,2,+4500,+1.76,814568,56338,56718,+380,+7104,220713,222831,+2118,+26197,KRX
20240619,-255000,5,-18500,-6.76,1191608,60215,53491,--6724,--18262,228657,204578,--24079,--66245,KRX
20240618,+273500,2,+6000,+2.24,829928,36413,47951,+11538,+15401,133405,175571,+42166,+56989,KRX
20240617,+267500,2,+2500,+0.94,992296,45250,41387,--3863,--11714,166775,151952,--14823,--45330,KRX
20240614,-265000,5,-3500,-1.30,1011279,41866,49717,+7851,+32790,156490,186997,+30507,+118136,KRX
20240613,-268500,5,-7500,-2.72,1888940,114252,89313,--24939,--13205,415199,327570,--87629,--45995,KRX
20240612,-276000,5,-7500,-2.65,1383564,70016,58282,--11734,--85958,251271,209637,--41634,--313333,KRX
20240611,+283500,2,+30500,+12.06,2972232,93431,167655,+74224,+103949,344462,616161,+271699,+386338,KRX
20240610,-253000,5,-16000,-5.95,1736891,82016,52291,--29725,--82886,317020,202381,--114639,--316362,KRX
20240607,+269000,2,+31000,+13.03,2857943,106526,159687,+53161,+39181,416628,618351,+201723,+141562,KRX
20240605,+238000,2,+4500,+1.93,2086713,74975,88955,+13980,--96085,317391,377552,+60161,--439379,KRX
20240604,+233500,2,+34500,+17.34,4791829,118661,228726,+110065,+75644,535653,1035193,+499540,+320331,KRX
20240603,+199000,2,+13100,+7.05,1469329,38714,73135,+34421,+92593,204137,383346,+179209,+489698,KRX
20240531,+185900,2,+5900,+3.28,5071763,509576,451404,--58172,--68449,2760812,2450323,--310489,--366217,KRX
20240530,-180000,5,-2100,-1.15,886508,39468,49745,+10277,+6925,216575,272303,+55728,+37632,KRX
20240529,-182100,5,-3900,-2.10,646508,28859,32211,+3352,+6255,156320,174416,+18096,+34186,KRX
20240528,-186000,5,-3800,-2.00,772435,38071,35168,--2903,--4904,202550,186460,--16090,--26634,KRX
20240527,-189800,5,-3300,-1.71,784527,35272,37273,+2001,--57388,184666,195210,+10544,--301869,KRX
20240524,+193100,2,+7200,+3.87,1202683,25359,84748,+59389,+63046,133489,445902,+312413,+332849,KRX
20240523,-185900,5,-6400,-3.33,944616,41764,38107,--3657,--12006,220077,199641,--20436,--61535,KRX
20240522,+192300,2,+2900,+1.53,2008231,74874,83223,+8349,+4574,382846,423945,+41099,+21418,KRX
20240521,-189400,5,-600,-0.32,665018,27366,31141,+3775,+752,144163,163844,+19681,+4074,KRX
20240520,+190000,2,+400,+0.21,1219942,48959,51982,+3023,--50278,256585,272192,+15607,--269165,KRX
20240517,+189600,2,+11600,+6.52,3198012,90653,143954,+53301,+36642,493234,778006,+284772,+194123,KRX
20240516,+178000,2,+3500,+2.01,1914494,66574,83233,+16659,--22149,368135,458784,+90649,--134238,KRX
20240514,+174500,2,+10100,+6.14,1352421,32309,71117,+38808,+37713,188475,413362,+224887,+217246,KRX
20240513,-164400,5,-5800,-3.41,1299020,32338,33433,+1095,--650,197586,205227,+7641,--2208,KRX
20240510,+170200,2,+300,+0.18,544365,14151,15896,+1745,+2662,83055,92904,+9849,+15255,KRX
20240509,-169900,5,-4200,-2.41,610465,19900,18983,--917,+9551,115959,110553,--5406,+55168,KRX
20240508,-174100,5,-3200,-1.80,1027934,34910,24442,--10468,--12589,200276,139702,--60574,--70336,KRX
20240507,+177300,2,+100,+0.06,852416,31853,33974,+2121,+32440,177830,187592,+9762,+179637,KRX
20240503,-177200,5,-3600,-1.99,961336,53381,23062,--30319,--40409,296462,126587,--169875,--225421,KRX
20240502,+180800,2,+3900,+2.20,851089,24295,34385,+10090,--2520,135674,191220,+55546,--14717,KRX
20240430,+176900,2,+400,+0.23,1006664,32892,45502,+12610,+9436,186823,257086,+70263,+54109,KRX
20240429,+176500,2,+2800,+1.61,1008109,34419,37593,+3174,+33060,196023,212177,+16154,+188510,KRX
20240426,173700,3,0,0.00,2896505,112421,82535,--29886,--9182,620951,448595,--172356,--55254,KRX
20240425,-173700,5,-4600,-2.58,678762,37292,16588,--20704,--16004,210559,93457,--117102,--89927,KRX
20240424,+178300,2,+4400,+2.53,1198718,40894,36194,--4700,--38669,230898,203723,--27175,--222777,KRX
20240423,+173900,2,+7600,+4.57,1133270,29686,63655,+33969,+47568,172122,367724,+195602,+275810,KRX
20240422,-166300,5,-2100,-1.25,1268393,53192,39593,--13599,+18392,310329,230121,--80208,+107108,KRX
20240419,-168400,5,-7800,-4.43,1393151,69130,37139,--31991,--60877,406285,218969,--187316,--356029,KRX
20240418,+176200,2,+15400,+9.58,1282693,38278,67164,+28886,+20928,221792,390505,+168713,+118591,KRX
20240417,-160800,5,-7500,-4.46,1150622,30503,38461,+7958,--19322,186751,236873,+50122,--111328,KRX
20240416,-168300,5,-3000,-1.75,986926,19719,46999,+27280,+46751,115363,276813,+161450,+273008,KRX
20240415,-171300,5,-7400,-4.14,902089,46924,27453,--19471,--16031,268343,156785,--111558,--91931,KRX
20240412,+178700,2,+5200,+3.00,1500850,57429,53989,--3440,+3385,322004,302377,--19627,+19546,KRX
20240411,+173500,2,+300,+0.17,1121684,53718,46893,--6825,--21345,310245,271072,--39173,--123499,KRX
20240409,+173200,2,+10900,+6.72,2246384,77793,92313,+14520,+34075,451295,535621,+84326,+203982,KRX
20240408,+162300,2,+1300,+0.81,1243158,56743,37188,--19555,--31536,348213,228557,--119656,--195299,KRX
20240405,-161000,5,-5500,-3.30,1810119,58102,70083,+11981,+22245,360111,435754,+75643,+135835,KRX
20240404,-166500,5,-4100,-2.40,1438742,55842,45578,--10264,+13183,330213,270021,--60192,+74189,KRX
20240403,+170600,2,+600,+0.35,2270452,103614,80167,--23447,--55034,607153,472772,--134381,--315640,KRX
20240402,-170000,5,-16300,-8.75,3260376,106845,138432,+31587,+39575,611659,792918,+181259,+221990,KRX
20240401,-186300,5,-11100,-5.62,1980465,77406,69418,--7988,+22771,404980,364249,--40731,+112022,KRX
20240329,-197400,5,-10100,-4.87,1346417,67281,36522,--30759,--79451,332988,180235,--152753,--389609,KRX
20240328,+207500,2,+11900,+6.08,2346719,82625,131317,+48692,+283409,404267,641123,+236856,+1422300,KRX
20240327,-195600,5,-23900,-10.89,7228123,350804,116087,--234717,--244705,1773685,588241,--1185444,--1230674,KRX
20240326,+219500,2,+6000,+2.81,1664700,58838,68826,+9988,+2611,270754,315984,+45230,+12561,KRX
20240325,+213500,2,+9500,+4.66,1194741,47632,55009,+7377,--28470,232904,265573,+32669,--139622,KRX
20240322,+204000,2,+7200,+3.66,1611678,41340,77187,+35847,+3402,200776,373067,+172291,+7399,KRX
20240321,+196800,2,+700,+0.36,1313353,35149,67594,+32445,+65510,178516,343408,+164892,+328402,KRX
20240320,-196100,5,-12900,-6.17,959389,57274,24209,--33065,--58144,283794,120284,--163510,--285707,KRX
20240319,+209000,2,+7000,+3.47,1380539,49402,74481,+25079,+15235,245502,367699,+122197,+81951,KRX
20240318,-202000,5,-2500,-1.22,2664701,108479,118323,+9844,+32324,512469,552715,+40246,+151884,KRX
20240315,-204500,5,-2000,-0.97,953217,42090,19610,--22480,--21284,208021,96383,--111638,--105337,KRX
20240314,+206500,2,+5500,+2.74,1060436,27644,26448,--1196,--13771,136550,130249,--6301,--68951,KRX
20240313,+201000,2,+7500,+3.88,1854056,41427,54002,+12575,--14776,210398,273048,+62650,--83981,KRX
20240312,+193500,2,+13500,+7.50,1515371,26470,53821,+27351,+40684,141768,288399,+146631,+220142,KRX
20240311,-180000,5,-10800,-5.66,1028495,29894,16561,--13333,--33398,164258,90747,--73511,--183988,KRX
20240308,+190800,2,+6400,+3.47,1571371,12105,32170,+20065,+35927,65278,175755,+110477,+194052,KRX
20240307,-184400,5,-9800,-5.05,1622091,52815,36953,--15862,--13585,280571,196996,--83575,--71287,KRX
20240306,+194200,2,+2000,+1.04,1511224,25677,23400,--2277,--21681,133106,120818,--12288,--117132,KRX
20240305,+192200,2,+25000,+14.95,3307519,19790,39194,+19404,+4570,111288,216132,+104844,+14617,KRX
20240304,+167200,2,+6600,+4.11,1505236,11594,26428,+14834,+37363,70929,161156,+90227,+225477,KRX
20240229,-160600,5,-3900,-2.37,2367010,34647,12118,--22529,--37901,207620,72370,--135250,--232326,KRX
20240228,+164500,2,+7000,+4.44,2161844,34189,49561,+15372,+5595,219600,316676,+97076,+31315,KRX
20240227,+157500,2,+900,+0.57,3968716,104167,113944,+9777,--6048,652736,718497,+65761,--42512,KRX
20240226,+156600,2,+25400,+19.36,8287773,176937,192762,+15825,--25415,1184337,1292610,+108273,--197302,KRX
20240223,+131200,2,+26200,+24.95,9359073,158333,199573,+41240,+24240,1221419,1526994,+305575,+126109,KRX
20240222,+105000,2,+11100,+11.82,5978766,81127,98127,+17000,+9124,842421,1021887,+179466,+92972,KRX
20240221,+93900,2,+6800,+7.81,2084214,31149,39025,+7876,+5747,338905,425399,+86494,+62363,KRX
20240220,-87100,5,-2300,-2.57,657806,9655,11784,+2129,+13119,108549,132680,+24131,+146164,KRX
20240219,-89400,5,-1300,-1.43,704991,17794,6804,--10990,--12604,197547,75514,--122033,--137875,KRX
20240216,+90700,2,+3200,+3.66,1281165,23002,24616,+1614,+2227,255403,271245,+15842,+24987,KRX
20240215,+87500,2,+500,+0.57,1234652,26068,25455,--613,+12604,297246,288101,--9145,+144256,KRX
20240214,+87000,2,+400,+0.46,1421712,34765,21548,--13217,--11905,403788,250387,--153401,--138094,KRX
20240213,+86600,2,+9800,+12.76,1776682,29790,28478,--1312,+614,359224,343917,--15307,+9791,KRX
20240208,+76800,2,+100,+0.13,601564,9307,7381,--1926,--845,122307,97209,--25098,--10892,KRX
20240207,-76700,5,-600,-0.78,508036,9240,8159,--1081,+2325,119634,105428,--14206,+30527,KRX
20240206,+77300,2,+1400,+1.84,510249,10560,7154,--3406,+8041,139093,94360,--44733,+103476,KRX
20240205,-75900,5,-500,-0.65,798266,21831,10384,--11447,--15985,282640,134431,--148209,--209262,KRX
20240202,+76400,2,+5000,+7.00,818412,15802,20340,+4538,+12671,210249,271302,+61053,+169996,KRX
20240201,-71400,5,-5900,-7.63,1641681,27376,19243,--8133,+12183,371778,262835,--108943,+149939,KRX
20240131,-77300,5,-3500,-4.33,865807,26832,6516,--20316,--16317,341301,82419,--258882,--208386,KRX
20240130,+80800,2,+6300,+8.46,1335887,26136,22137,--3999,+4551,330963,280467,--50496,+59349,KRX
20240129,-74500,5,-2100,-2.74,945844,19978,11428,--8550,--2583,259899,150054,--109845,--32119,KRX
20240126,+76600,2,+3000,+4.08,825802,18204,12237,--5967,--1383,236666,158940,--77726,--15345,KRX
20240125,+73600,2,+1100,+1.52,519320,11573,6989,--4584,--8203,158012,95631,--62381,--112712,KRX
20240124,-72500,5,-3500,-4.61,827469,12844,16463,+3619,+8520,173392,223723,+50331,+114610,KRX
20240123,-76000,5,-500,-0.65,885737,19569,14668,--4901,--6712,252575,188296,--64279,--88907,KRX
20240122,+76500,2,+900,+1.19,863657,15935,17746,+1811,+15276,207810,232438,+24628,+194426,KRX
20240119,-75600,5,-7400,-8.92,2428092,45519,32054,--13465,--18886,585592,415794,--169798,--234511,KRX
20240118,-83000,5,-4800,-5.47,1212288,18811,24232,+5421,+11922,213677,278390,+64713,+136382,KRX
20240117,-87800,5,-2600,-2.88,716406,19394,12893,--6501,--16679,216076,144407,--71669,--182964,KRX
20240116,+90400,2,+1100,+1.23,891661,13543,23721,+10178,+24092,149805,261100,+111295,+266928,KRX
20240115,-89300,5,-5500,-5.80,1144644,27275,13361,--13914,--15665,304559,148926,--155633,--174383,KRX
20240112,+94800,2,+1100,+1.17,667145,15789,17540,+1751,+4335,167479,186229,+18750,+46911,KRX
20240111,-93700,5,-3600,-3.70,859946,21522,18938,--2584,+3741,226836,198675,--28161,+40155,KRX
20240110,+97300,2,+4300,+4.62,1339752,28167,21842,--6325,--12992,298663,230347,--68316,--141515,KRX
20240109,+93000,2,+5700,+6.53,1261241,21579,28246,+6667,+3451,234281,307480,+73199,+35875,KRX
20240108,-87300,5,-2200,-2.46,783723,11943,15159,+3216,+3374,135045,172369,+37324,+39166,KRX
20240105,+89500,2,+1000,+1.13,1062331,20610,20452,--158,--948,226612,224770,--1842,--11882,KRX
20240104,-88500,5,-2000,-2.21,1022807,19997,20787,+790,--160,221972,232012,+10040,--2979,KRX
20240103,-90500,5,-1000,-1.09,1379642,27337,28287,+950,--2033,301799,314818,+13019,--18576,KRX
20240102,-91500,5,-7000,-7.11,1976661,34065,37048,+2983,--14610,368664,400259,+31595,--146029,KRX
20231228,+98500,2,+1900,+1.97,1564075,23262,40855,+17593,+20164,236905,414529,+177624,+207430,KRX
20231227,+96600,2,+4700,+5.11,2931296,49152,46581,--2571,--13658,514451,484645,--29806,--151004,KRX
20231226,+91900,2,+4000,+4.55,2375887,32837,43924,+11087,+2693,364503,485701,+121198,+25892,KRX
20231222,-87900,5,-200,-0.23,2258097,30835,39229,+8394,--27339,350991,446297,+95306,--325515,KRX
20231221,+88100,2,+15300,+21.02,6489387,76493,112226,+35733,+39197,901526,1322347,+420821,+468940,KRX
20231220,+72800,2,+500,+0.69,579120,11222,7758,--3464,--1373,154604,106485,--48119,--18593,KRX
20231219,-72300,5,-100,-0.14,515538,8847,6756,--2091,--3038,122652,93126,--29526,--43654,KRX
20231218,+72400,2,+4600,+6.78,1037600,12002,12949,+947,+3232,168510,182638,+14128,+47229,KRX
20231215,-67800,5,-1600,-2.31,803368,10892,8607,--2285,--6007,160224,127123,--33101,--85772,KRX
20231214,-69400,5,-200,-0.29,811450,11245,14967,+3722,--1851,160315,212986,+52671,--27094,KRX
20231213,-69600,5,-2500,-3.47,678198,7729,13302,+5573,+5887,110620,190385,+79765,+84140,KRX
20231212,-72100,5,-600,-0.83,460173,6450,6136,--314,+983,89047,84672,--4375,+13292,KRX
20231211,-72700,5,-1200,-1.62,393758,7177,5880,--1297,--3186,97727,80060,--17667,--43004,KRX
20231208,+73900,2,+500,+0.68,720512,9004,10893,+1889,+4071,122387,147724,+25337,+55104,KRX
20231207,-73400,5,-200,-0.27,594523,9664,7482,--2182,+1227,129520,99753,--29767,+15394,KRX
20231206,-73600,5,-900,-1.21,546222,11350,7941,--3409,--10061,152260,107099,--45161,--132262,KRX
20231205,-74500,5,-4000,-5.10,1113788,14837,21489,+6652,+12826,193705,280806,+87101,+164731,KRX
20231204,-78500,5,-4100,-4.96,827085,17344,11170,--6174,--11483,216076,138446,--77630,--141786,KRX
20231201,+82600,2,+2600,+3.25,1094026,14809,20118,+5309,+3644,183679,247835,+64156,+43362,KRX
20231130,+80000,2,+1400,+1.78,585816,9614,11279,+1665,--4610,122152,142946,+20794,--55885,KRX
20231129,-78600,5,-400,-0.51,2006220,26975,33250,+6275,--13761,338219,414898,+76679,--179599,KRX
20231128,+79000,2,+5900,+8.07,1903038,19293,39329,+20036,+18955,247707,503985,+256278,+241989,KRX
20231127,-73100,5,-1000,-1.35,602531,8032,9113,+1081,+1452,110941,125230,+14289,+21153,KRX
20231124,+74100,2,+1000,+1.37,1002745,12338,11967,--371,--1933,171638,164774,--6864,--28294,KRX
20231123,-73100,5,-400,-0.54,678399,6870,8432,+1562,+1946,94147,115577,+21430,+28066,KRX
20231122,+73500,2,+1800,+2.51,1723789,19869,19485,--384,--5202,267755,261119,--6636,--73989,KRX
20231121,+71700,2,+3800,+5.60,1030144,10216,15034,+4818,+3831,144632,211985,+67353,+52680,KRX
20231120,-67900,5,-1300,-1.88,508243,5399,6386,+987,+3628,78699,93372,+14673,+52777,KRX
20231117,-69200,5,-900,-1.28,732120,11251,8610,--2641,+671,160678,122574,--38104,+9174,KRX
20231116,-70100,5,-2200,-3.04,755145,11888,8576,--3312,--11922,168301,121023,--47278,--170493,KRX
20231115,+72300,2,+6800,+10.38,1495398,14256,22866,+8610,+5367,203568,326783,+123215,+73200,KRX
20231114,+65500,2,+4000,+6.50,818109,9039,12282,+3243,--66,138776,188791,+50015,--3801,KRX
20231113,-61500,5,-3200,-4.95,637032,5473,8782,+3309,+2697,86694,140510,+53816,+45089,KRX
20231110,+64700,2,+2500,+4.02,1297988,13169,13781,+612,--3435,205007,213734,+8727,--57257,KRX
20231109,-62200,5,-3300,-5.04,1412157,14234,18281,+4047,+2182,223969,289953,+65984,+41696,KRX
20231108,-65500,5,-5100,-7.22,5031530,45979,47844,+1865,--3648,686868,711156,+24288,--53387,KRX
20231107,-70600,5,-1300,-1.81,1226612,15844,21357,+5513,--4579,221919,299594,+77675,--64547,KRX
20231106,+71900,2,+3100,+4.51,1674574,19427,29519,+10092,+17893,276704,418926,+142222,+257684,KRX
20231103,+68800,2,+600,+0.88,1056110,18783,10982,--7801,--17030,277689,162227,--115462,--249707,KRX
20231102,+68200,2,+5400,+8.60,1753990,20121,29350,+9229,+13494,302003,436248,+134245,+204176,KRX
20231101,+62800,2,+400,+0.64,860826,13662,9397,--4265,--321,221456,151525,--69931,--7162,KRX
20231031,+62400,2,+200,+0.32,1029512,15083,11139,--3944,+2125,240678,177909,--62769,+36978,KRX
20231030,+62200,2,+2200,+3.67,1625594,24310,18241,--6069,+7066,391265,291518,--99747,+122847,KRX
20231027,+60000,2,+1200,+2.04,1745035,33542,20407,--13135,--2311,563594,341000,--222594,--38095,KRX
20231026,+58800,2,+4000,+7.30,2811004,38334,27510,--10824,--1072,658676,474177,--184499,--10826,KRX
20231025,-54800,5,-800,-1.44,972023,19058,9306,--9752,--5023,341379,167706,--173673,--90692,KRX
20231024,+55600,2,+200,+0.36,1827014,25000,20271,--4729,--5033,466305,383324,--82981,--89661,KRX
20231023,+55400,2,+500,+0.91,869614,11850,12154,+304,+6564,214955,221635,+6680,+118731,KRX
20231020,-54900,5,-1000,-1.79,1138952,19051,12791,--6260,--16086,345237,233186,--112051,--287957,KRX
20231019,-55900,5,-2200,-3.79,1177627,9030,18856,+9826,--3033,159278,335184,+175906,--49529,KRX
20231018,-58100,5,-1900,-3.17,1478058,16653,29512,+12859,+9349,285067,510502,+225435,+167651,KRX
20231017,-60000,5,-900,-1.48,868435,8741,12251,+3510,+1395,144305,202089,+57784,+23398,KRX
20231016,-60900,5,-600,-0.98,1102898,13396,15511,+2115,--9411,219037,253423,+34386,--150502,KRX
20231013,-61500,5,-1700,-2.69,1214739,10158,21684,+11526,+7452,161519,346407,+184888,+120261,KRX
20231012,-63200,5,-3000,-4.53,3315460,37688,41762,+4074,--5057,610898,675525,+64627,--70506,KRX
20231011,+66200,2,+1000,+1.53,1477504,15657,24788,+9131,+11426,233738,368871,+135133,+167514,KRX
20231010,-65200,5,-3100,-4.54,1507885,24968,22673,--2295,--4583,369478,337097,--32381,--64630,KRX
20231006,+68300,2,+3700,+5.73,2781076,33437,35725,+2288,--4575,487789,520038,+32249,--72056,KRX
20231005,-64600,5,-700,-1.07,2082816,26877,33740,+6863,--5045,408374,512679,+104305,--76984,KRX
20231004,-65300,5,-2800,-4.11,2326013,26505,38413,+11908,--29,408665,589954,+181289,+4271,KRX
20230927,+68100,2,+4800,+7.58,5178154,40504,52441,+11937,+75670,595843,772861,+177018,+1080708,KRX
20230926,-63300,5,-17700,-21.85,9153745,98231,34498,--63733,--75284,1417634,513944,--903690,--1057415,KRX
20230925,+81000,2,+10600,+15.06,5176961,53848,65399,+11551,+4723,704261,857986,+153725,+49397,KRX
20230922,-70400,5,-6100,-7.97,3602289,34949,41777,+6828,+6568,474686,579014,+104328,+100844,KRX
20230921,+76500,2,+2600,+3.52,3604593,32203,32463,+260,+3500,424514,427998,+3484,+44537,KRX
20230920,-73900,5,-3200,-4.15,3832034,44128,40888,--3240,--7027,591338,550285,--41053,--94813,KRX
20230919,+77100,2,+6700,+9.52,6786802,57672,61459,+3787,--1135,779930,833690,+53760,--21267,KRX
20230918,+70400,2,+4900,+7.48,5201241,42546,47468,+4922,--3553,613321,688348,+75027,--55877,KRX
20230915,+65500,2,+2900,+4.63,5301076,52262,60737,+8475,--16937,808157,939061,+130904,--275874,KRX
20230914,+62600,2,+400,+0.64,2688051,16643,42055,+25412,+14048,266639,673417,+406778,+214176,KRX
20230913,+62200,2,+2600,+4.36,4683281,22023,33387,+11364,+8971,359910,552512,+192602,+145709,KRX
20230912,+59600,2,+7700,+14.84,12538851,83625,86018,+2393,--13544,1410497,1457390,+46893,--287322,KRX
20230911,+51900,2,+7950,+18.09,3751084,22391,38328,+15937,+14837,450142,784357,+334215,+308854,KRX
20230908,+43950,2,+1450,+3.41,302854,1985,3085,+1100,+2728,45579,70940,+25361,+63332,KRX
20230907,+42500,2,+100,+0.24,493061,6179,4551,--1628,--2034,142519,104548,--37971,--47574,KRX
20230906,-42400,5,-250,-0.59,293918,2788,3194,+406,--113,65638,75241,+9603,--2624,KRX
20230905,-42650,5,-400,-0.93,258996,2439,2958,+519,+146,57023,69250,+12227,+3515,KRX
20230904,-43050,5,-700,-1.60,288954,2004,2377,+373,+1344,46502,55214,+8712,+30657,KRX
20230901,-43750,5,-1500,-3.31,424536,3526,2555,--971,--4918,79205,57260,--21945,--108242,KRX
20230831,-45250,5,-500,-1.09,299523,1496,5443,+3947,+1169,32688,118985,+86297,+25317,KRX
20230830,+45750,2,+1100,+2.46,355629,2843,5621,+2778,+1830,62591,123571,+60980,+39683,KRX
20230829,+44650,2,+650,+1.48,269029,2871,3819,+948,+4391,64840,86137,+21297,+98362,KRX
20230828,-44000,5,-2600,-5.58,555667,7204,3761,--3443,--6151,160803,83738,--77065,--135078,KRX
20230825,-46600,5,-50,-0.11,321304,2412,5120,+2708,--947,51512,109525,+58013,--19403,KRX
20230824,+46650,2,+250,+0.54,375516,2088,5743,+3655,+4696,44746,122162,+77416,+99879,KRX
20230823,-46400,5,-50,-0.11,260377,3560,2519,--1041,--3657,76692,54229,--22463,--79232,KRX
20230822,+46450,2,+1500,+3.34,474856,3773,6389,+2616,--1827,81674,138443,+56769,--41901,KRX
20230821,+44950,2,+800,+1.81,334992,1596,6039,+4443,+1934,35548,134218,+98670,+42148,KRX
20230818,-44150,5,-950,-2.11,407658,2406,4915,+2509,+1875,53850,110372,+56522,+42353,KRX
20230817,-45100,5,-800,-1.74,398173,4409,5043,+634,--3106,96783,110952,+14169,--67205,KRX
20230816,-45900,5,-400,-0.86,442377,3904,7644,+3740,+4306,84677,166051,+81374,+93649,KRX
20230814,-46300,5,-1200,-2.53,511353,5316,4750,--566,+6166,113697,101422,--12275,+130459,KRX
20230811,-47500,5,-200,-0.42,773599,10984,4252,--6732,--4643,232454,89720,--142734,--98891,KRX
20230810,+47700,2,+250,+0.53,645945,7052,4963,--2089,--7065,149033,105190,--43843,--150074,KRX
20230809,+47450,2,+2500,+5.56,895583,6192,11168,+4976,+6428,131894,238125,+106231,+138683,KRX
20230808,-44950,5,-500,-1.10,455498,6068,4616,--1452,+5395,134728,102276,--32452,+117650,KRX
20230807,-45450,5,-550,-1.20,864411,13694,6847,--6847,--1972,296206,146104,--150102,--44428,KRX
20230804,-46000,5,-100,-0.22,727057,11077,6202,--4875,--15406,240494,134820,--105674,--342429,KRX
20230803,+46100,2,+3950,+9.37,1354985,7839,18370,+10531,+12614,174897,411652,+236755,+284676,KRX
20230802,-42150,5,-1900,-4.31,574943,7227,5144,--2083,--268,166915,118994,--47921,--7323,KRX
20230801,-44050,5,-550,-1.23,483786,5279,3464,--1815,--2305,118044,77446,--40598,--52016,KRX
20230731,+44600,2,+2200,+5.19,545391,4037,4527,+490,+2748,92339,103757,+11418,+65547,KRX
20230728,-42400,5,-850,-1.97,403416,5718,3460,--2258,--6711,135709,81580,--54129,--158309,KRX
20230727,+43250,2,+2700,+6.66,717138,6071,10524,+4453,+7305,140993,245173,+104180,+169829,KRX
20230726,-40550,5,-2050,-4.81,923403,11560,8708,--2852,--3486,275362,209713,--65649,--80086,KRX
20230725,+42600,2,+400,+0.95,592666,5997,6631,+634,+373,138111,152548,+14437,+7687,KRX
20230724,-42200,5,-1750,-3.98,434328,4242,4503,+261,--474,98768,105518,+6750,--9808,KRX
20230721,+43950,2,+750,+1.74,529945,4502,5237,+735,--360,103089,119647,+16558,--8664,KRX
20230720,+43200,2,+1150,+2.73,556960,5126,6221,+1095,+749,119037,144259,+25222,+16545,KRX
20230719,+42050,2,+900,+2.19,420409,4326,4672,+346,--228,103283,111960,+8677,--5389,KRX
20230718,+41150,2,+50,+0.12,300682,2991,3565,+574,--934,72704,86770,+14066,--22978,KRX
20230717,+41100,2,+100,+0.24,304100,3087,4595,+1508,+1735,75831,112875,+37044,+42474,KRX
20230714,-41000,5,-600,-1.44,287381,3117,2890,--227,--1741,75522,70092,--5430,--41581,KRX
20230713,+41600,2,+1300,+3.23,600563,5719,7233,+1514,+3466,137312,173463,+36151,+85324,KRX
20230712,+40300,2,+750,+1.90,334638,4545,2593,--1952,--2199,114408,65235,--49173,--55485,KRX
20230711,+39550,2,+1450,+3.81,401073,4701,4948,+247,--554,119718,126030,+6312,--14613,KRX
20230710,-38100,5,-500,-1.30,366322,3414,4215,+801,--2521,88922,109847,+20925,--65048,KRX
20230707,-38600,5,-350,-0.90,423498,2380,5702,+3322,+882,61323,147296,+85973,+22927,KRX
20230706,-38950,5,-2200,-5.35,826233,4133,6573,+2440,+1401,105196,168242,+63046,+38097,KRX
20230705,-41150,5,-700,-1.67,405876,3187,4226,+1039,+2186,76370,101319,+24949,+51908,KRX
20230704,-41850,5,-1200,-2.79,351126,3071,1924,--1147,+2865,72670,45711,--26959,+66512,KRX
20230703,+43050,2,+100,+0.23,363474,6365,2353,--4012,--4922,148193,54722,--93471,--114870,KRX
20230630,+42950,2,+1100,+2.63,293454,2186,3096,+910,+1831,51246,72645,+21399,+43421,KRX
20230629,-41850,5,-500,-1.18,320965,4071,3150,--921,+873,97089,75067,--22022,+19940,KRX
20230628,+42350,2,+350,+0.83,403875,4242,2448,--1794,+1825,98884,56922,--41962,+44143,KRX
20230627,-42000,5,-400,-0.94,427869,6398,2779,--3619,--4394,152429,66324,--86105,--104127,KRX
20230626,+42400,2,+150,+0.36,324246,2630,3405,+775,+2857,61770,79792,+18022,+66848,KRX
20230623,-42250,5,-400,-0.94,356769,4319,2237,--2082,--1070,101697,52871,--48826,--25079,KRX
20230622,+42650,2,+450,+1.07,293774,2889,1877,--1012,+1822,67872,44125,--23747,+41766,KRX
20230621,-42200,5,-1800,-4.09,569164,6164,3330,--2834,+5092,143484,77971,--65513,+112938,KRX
20230620,-44000,5,-2000,-4.35,520362,9966,2040,--7926,--3723,224430,45979,--178451,--83864,KRX
20230619,+46000,2,+2400,+5.50,583015,6812,2609,--4203,--2120,153047,58460,--94587,--47379,KRX
20230616,43600,3,0,0.00,386378,4005,1922,--2083,--238,90791,43583,--47208,--5400,KRX
20230615,-43600,5,-600,-1.36,436154,4334,2489,--1845,+153,98762,56954,--41808,+2742,KRX
20230614,-44200,5,-600,-1.34,603924,6408,4410,--1998,--1299,142545,97995,--44550,--29259,KRX
20230613,-44800,5,-800,-1.75,511251,4204,3505,--699,--228,92929,77638,--15291,--5347,KRX
20230612,-45600,5,-1500,-3.18,666703,5319,4848,--471,+1599,115586,105642,--9944,+33691,KRX
20230609,+47100,2,+300,+0.64,520716,5405,3335,--2070,+4300,113921,70286,--43635,+91210,KRX
20230608,-46800,5,-1350,-2.80,620819,10069,3699,--6370,--3205,213357,78512,--134845,--69057,KRX
20230607,+48150,2,+100,+0.21,712281,8542,5377,--3165,+14257,178686,112898,--65788,+289402,KRX
20230605,-48050,5,-3750,-7.24,1308521,22215,4793,--17422,--17209,453179,97989,--355190,--351956,KRX
20230602,-51800,5,-1000,-1.89,786563,9807,9594,--213,--8111,187153,183919,--3234,--152621,KRX
20230601,+52800,2,+2300,+4.55,1824374,12151,20049,+7898,+3680,233901,383288,+149387,+63123,KRX
20230531,+50500,2,+4450,+9.66,1745524,15847,20065,+4218,+4606,320803,407067,+86264,+95023,KRX
20230530,+46050,2,+400,+0.88,311210,3202,2814,--388,+403,69547,60788,--8759,+8558,KRX
20230526,-45650,5,-200,-0.44,301475,2768,1977,--791,--2930,60355,43038,--17317,--63734,KRX
20230525,-45850,5,-650,-1.40,365412,2099,4238,+2139,+11247,45237,91654,+46417,+238961,KRX
20230524,-46500,5,-2700,-5.49,637745,11608,2500,--9108,--12298,245617,53073,--192544,--257690,KRX
20230523,+49200,2,+850,+1.76,465147,3775,6965,+3190,+7431,77250,142396,+65146,+153614,KRX
20230522,+48350,2,+1150,+2.44,691301,9997,5756,--4241,--11581,207196,118728,--88468,--247913,KRX
20230519,+47200,2,+3100,+7.03,803336,4798,12138,+7340,+15606,103443,262888,+159445,+345974,KRX
20230518,-44100,5,-1200,-2.65,499767,9903,1637,--8266,--10480,223374,36845,--186529,--235804,KRX
20230517,+45300,2,+1600,+3.66,445203,4007,6221,+2214,+4433,88845,138120,+49275,+98910,KRX
20230516,-43700,5,-1000,-2.24,305788,4568,2349,--2219,--478,102358,52723,--49635,--10219,KRX
20230515,+44700,2,+600,+1.36,398023,5388,3647,--1741,--1896,121773,82357,--39416,--43021,KRX
20230512,-44100,5,-200,-0.45,279187,3147,3302,+155,+1496,71040,74645,+3605,+33848,KRX
20230511,+44300,2,+100,+0.23,371060,4496,3155,--1341,+2049,100975,70732,--30243,+45860,KRX
20230510,-44200,5,-650,-1.45,330668,5824,2434,--3390,+2410,130780,54677,--76103,+52058,KRX
20230509,-44850,5,-400,-0.88,584433,10280,4480,--5800,+3385,226404,98243,--128161,+73005,KRX
20230508,-45250,5,-600,-1.31,610575,13016,3831,--9185,--7281,285227,84061,--201166,--159313,KRX
20230504,+45850,2,+3750,+8.91,885414,10031,8127,--1904,--2789,223194,181341,--41853,--63043,KRX
20230503,-42100,5,-1450,-3.33,420095,4205,5090,+885,+2965,98777,119967,+21190,+69061,KRX
20230502,+43550,2,+50,+0.11,272674,4815,2735,--2080,--2321,110699,62828,--47871,--54587,KRX
20230428,-43500,5,-800,-1.81,503990,6907,7148,+241,+1278,157358,164074,+6716,+29702,KRX
20230427,-44300,5,-1000,-2.21,482773,6588,5551,--1037,+3901,148515,125529,--22986,+86059,KRX
20230426,+45300,2,+900,+2.03,603815,10212,5274,--4938,--5713,224518,115473,--109045,--126918,KRX
20230425,-44400,5,-600,-1.33,448331,5752,6527,+775,--2478,128718,146591,+17873,--53964,KRX
20230424,-45000,5,-1200,-2.60,360595,3466,6719,+3253,+895,75840,147677,+71837,+21134,KRX
20230421,-46200,5,-600,-1.28,507778,5160,7518,+2358,--2370,110402,161105,+50703,--48982,KRX
20230420,-46800,5,-1400,-2.90,581492,5488,10216,+4728,+804,114877,214562,+99685,+19985,KRX
20230419,-48200,5,-2400,-4.74,737624,8078,12002,+3924,--860,165746,245446,+79700,--14725,KRX
20230418,+50600,2,+100,+0.20,566981,5460,10244,+4784,--4500,107212,201637,+94425,--90424,KRX
20230417,-50500,5,-2100,-3.99,928290,5980,15264,+9284,+12786,116704,301553,+184849,+250998,KRX
20230414,+52600,2,+500,+0.96,1117099,16050,12548,--3502,--4944,301761,235612,--66149,--94372,KRX
20230413,+52100,2,+100,+0.19,720918,7953,9395,+1442,--3935,153174,181397,+28223,--75810,KRX
20230412,+52000,2,+1100,+2.16,1324358,10720,16097,+5377,+7584,204621,308654,+104033,+147164,KRX
20230411,-50900,5,-300,-0.59,898201,13186,10979,--2207,--4589,257375,214244,--43131,--90723,KRX
20230410,+51200,2,+500,+0.99,1202154,10345,12727,+2382,--6240,203910,251502,+47592,--125493,KRX
20230407,+50700,2,+500,+1.00,1171126,9529,18151,+8622,+6857,190095,363180,+173085,+137555,KRX
20230406,+50200,2,+1400,+2.87,2108112,17845,19610,+1765,+12341,353804,389334,+35530,+260003,KRX
20230405,+48800,2,+2800,+6.09,4057346,34960,24384,--10576,--18009,736833,512360,--224473,--410354,KRX
20230404,+46000,2,+6850,+17.50,4659436,29744,37177,+7433,+15808,679123,865004,+185881,+402584,KRX
20230403,-39150,5,-500,-1.26,924306,13873,5498,--8375,--9361,357285,140582,--216703,--242316,KRX
20230331,+39650,2,+1650,+4.34,1630214,14393,15379,+986,+210,360736,386349,+25613,+6856,KRX
20230330,+38000,2,+900,+2.43,583572,5077,5853,+776,+4489,135131,153888,+18757,+118216,KRX
20230329,-37100,5,-450,-1.20,599469,7863,4150,--3713,--782,208511,109052,--99459,--21263,KRX
20230328,-37550,5,-350,-0.92,381139,5132,2201,--2931,--1261,136914,58718,--78196,--30994,KRX
20230327,+37900,2,+850,+2.29,595537,6942,5272,--1670,+522,191156,143954,--47202,+11015,KRX
20230324,+37050,2,+250,+0.68,515624,6285,4093,--2192,--1060,166735,108518,--58217,--27614,KRX
20230323,-36800,5,-1100,-2.90,428405,4495,3363,--1132,--1405,121885,91282,--30603,--37845,KRX
20230322,+37900,2,+50,+0.13,331294,3311,3584,+273,+522,87242,94484,+7242,+13397,KRX
20230321,-37850,5,-300,-0.79,382872,3821,3572,--249,+3054,99522,93367,--6155,+78464,KRX
20230320,+38150,2,+1050,+2.83,881052,9549,6246,--3303,--3813,247273,162654,--84619,--102352,KRX
20230317,+37100,2,+5100,+15.94,1154585,8481,8991,+510,--2112,236531,254264,+17733,--63867,KRX
20230316,-32000,5,-1500,-4.48,633250,4757,7379,+2622,+903,147128,228728,+81600,+30735,KRX
20230315,+33500,2,+150,+0.45,318069,2517,4236,+1719,+1524,74708,125573,+50865,+45000,KRX
20230314,-33350,5,-2150,-6.06,535458,5052,5247,+195,+743,147743,153608,+5865,+21313,KRX
20230313,35500,3,0,0.00,255294,3573,3025,--548,+1301,101424,85976,--15448,+36654,KRX
20230310,-35500,5,-1150,-3.14,289872,3823,1974,--1849,--1646,107611,55509,--52102,--46586,KRX
20230309,+36650,2,+550,+1.52,301451,2733,2530,--203,+1429,75440,69924,--5516,+39337,KRX
20230308,-36100,5,-1300,-3.48,386803,4112,2480,--1632,+866,113028,68175,--44853,+22090,KRX
20230307,+37400,2,+550,+1.49,490885,7066,4568,--2498,--1360,189580,122637,--66943,--35717,KRX
20230306,-36850,5,-50,-0.14,296643,4363,3225,--1138,--3102,118951,87725,--31226,--83854,KRX
20230303,+36900,2,+500,+1.37,339589,2809,4773,+1964,+2774,75511,128139,+52628,+74674,KRX
20230302,-36400,5,-1250,-3.32,411744,4667,3857,--810,--16,127320,105274,--22046,--993,KRX
20230228,+37650,2,+300,+0.80,274152,2567,1773,--794,--2496,68436,47383,--21053,--66604,KRX
20230227,-37350,5,-800,-2.10,323990,2282,3984,+1702,+3580,61325,106876,+45551,+94840,KRX
20230224,-38150,5,-1100,-2.80,393720,4832,2954,--1878,--1011,126171,76882,--49289,--27464,KRX
20230223,+39250,2,+250,+0.64,302294,3380,2513,--867,+6312,85750,63925,--21825,+158978,KRX
20230222,-39000,5,-2400,-5.80,561204,8409,1230,--7179,--5852,211967,31164,--180803,--148764,KRX
20230221,+41400,2,+100,+0.24,457482,4794,3467,--1327,--4438,115372,83333,--32039,--107763,KRX
20230220,+41300,2,+1450,+3.64,467860,2602,5713,+3111,+6152,63208,138932,+75724,+151400,KRX
20230217,-39850,5,-1500,-3.63,333626,4343,1302,--3041,--5131,108202,32526,--75676,--126771,KRX
20230216,+41350,2,+1900,+4.82,419755,3222,5312,+2090,+1132,78360,129455,+51095,+27297,KRX
20230215,-39450,5,-1550,-3.78,372585,2755,3713,+958,+1687,69071,92869,+23798,+41781,KRX
20230214,+41000,2,+800,+1.99,366043,4451,3722,--729,--495,108080,90097,--17983,--12402,KRX
20230213,-40200,5,-300,-0.74,218885,2358,2124,--234,--712,58197,52616,--5581,--17370,KRX
20230210,-40500,5,-1600,-3.80,383530,3256,3734,+478,+1329,79627,91416,+11789,+32245,KRX
20230209,+42100,2,+400,+0.96,357705,3647,2796,--851,+5833,87942,67486,--20456,+137091,KRX
20230208,-41700,5,-450,-1.07,594497,9336,2652,--6684,--3856,220589,63042,--157547,--90454,KRX
20230207,+42150,2,+1900,+4.72,577943,5778,2950,--2828,--3611,138051,70958,--67093,--86613,KRX
20230206,-40250,5,-950,-2.31,435916,3668,4451,+783,+1921,90708,110228,+19520,+45973,KRX
20230203,-41200,5,-200,-0.48,770524,7459,6321,--1138,--6059,178689,152236,--26453,--147638,KRX
20230202,+41400,2,+3350,+8.80,1752742,11207,16128,+4921,+2710,270521,391706,+121185,+63860,KRX
20230201,+38050,2,+1350,+3.68,665006,5977,8188,+2211,--1596,158406,215731,+57325,--46181,KRX
20230131,+36700,2,+1600,+4.56,764949,7121,10928,+3807,+3426,193546,297052,+103506,+93336,KRX
20230130,-35100,5,-500,-1.40,258771,2974,3355,+381,--315,83278,93448,+10170,--9333,KRX
20230127,+35600,2,+700,+2.01,311532,2862,3558,+696,+183,80450,99953,+19503,+4863,KRX
20230126,+34900,2,+250,+0.72,207208,1453,1966,+513,--1031,41744,56384,+14640,--30020,KRX
20230125,+34650,2,+650,+1.91,277847,1417,2961,+1544,+5167,40904,85564,+44660,+150934,KRX
20230120,-34000,5,-850,-2.44,365843,4394,771,--3623,--1901,128929,22655,--106274,--56935,KRX
20230119,-34850,5,-600,-1.69,217931,2596,874,--1722,--2321,74351,25012,--49339,--65952,KRX
20230118,+35450,2,+200,+0.57,214488,2157,2756,+599,+1154,60644,77257,+16613,+32184,KRX
20230117,-35250,5,-600,-1.67,257156,3854,3299,--555,--2465,108768,93197,--15571,--69035,KRX
20230116,+35850,2,+600,+1.70,228105,1001,2911,+1910,+4582,27964,81428,+53464,+128973,KRX
20230113,-35250,5,-500,-1.40,245414,3477,805,--2672,--3685,98242,22733,--75509,--104002,KRX
20230112,+35750,2,+850,+2.44,301383,2291,3304,+1013,+330,64196,92689,+28493,+9038,KRX
20230111,+34900,2,+200,+0.58,290137,3026,3709,+683,+7413,86187,105642,+19455,+210747,KRX
20230110,-34700,5,-1500,-4.14,521528,7613,883,--6730,--6261,216539,25247,--191292,--178286,KRX
20230109,+36200,2,+650,+1.83,257104,2969,2500,--469,+1522,81789,68783,--13006,+43608,KRX
20230106,+35550,2,+350,+0.99,307183,3642,1651,--1991,+606,103157,46543,--56614,+16688,KRX
20230105,-35200,5,-400,-1.12,438493,6112,3515,--2597,+1219,171448,98146,--73302,+32995,KRX
20230104,-35600,5,-700,-1.93,437418,6613,2797,--3816,+6290,184297,78000,--106297,+166497,KRX
20230103,-36300,5,-3300,-8.33,971198,14250,4144,--10106,--8256,383321,110527,--272794,--225971,KRX
20230102,+39600,2,+1350,+3.53,1371117,11616,9766,--1850,+1418,285329,238506,--46823,+39059,KRX
20221229,-38250,5,-50,-0.13,455707,7450,4182,--3268,--3292,195109,109227,--85882,--84153,KRX
20221228,+38300,2,+1200,+3.23,1573658,10951,10975,+24,--9283,288998,287269,--1729,--256700,KRX
20221227,+37100,2,+1700,+4.80,1295661,4155,13462,+9307,+1596,113964,368935,+254971,+35588,KRX
20221226,+35400,2,+100,+0.28,1067565,5724,13435,+7711,+13282,164667,384050,+219383,+375358,KRX
20221223,-35300,5,-2750,-7.23,1019659,10416,4845,--5571,--9024,291968,135993,--155975,--246696,KRX
20221222,+38050,2,+550,+1.47,299445,2653,6106,+3453,+638,69994,160715,+90721,+15689,KRX
20221221,+37500,2,+700,+1.90,277667,2101,4916,+2815,+621,55975,131007,+75032,+15719,KRX
20221220,-36800,5,-100,-0.27,288792,2238,4432,+2194,+3919,60461,119774,+59313,+105809,KRX
20221219,-36900,5,-900,-2.38,321306,3599,1874,--1725,+539,97086,50590,--46496,+13346,KRX
20221216,-37800,5,-1150,-2.95,358450,4710,2446,--2264,+1307,124543,64701,--59842,+29775,KRX
20221215,-38950,5,-450,-1.14,337333,4934,1363,--3571,--5963,124045,34428,--89617,--150190,KRX
20221214,+39400,2,+1300,+3.41,328514,2686,5078,+2392,+3968,68094,128667,+60573,+101139,KRX
20221213,-38100,5,-700,-1.80,270325,3323,1747,--1576,--437,85902,45336,--40566,--11914,KRX
20221212,-38800,5,-2250,-5.48,430706,3899,2760,--1139,+2191,98109,69457,--28652,+52484,KRX
20221209,+41050,2,+700,+1.73,730294,10075,6745,--3330,--4121,244139,163003,--81136,--100082,KRX
20221208,+40350,2,+1800,+4.67,606268,7379,8170,+791,+1975,184700,203646,+18946,+49190,KRX
20221207,-38550,5,-850,-2.16,301124,4358,3174,--1184,+431,111584,81340,--30244,+10391,KRX
20221206,-39400,5,-600,-1.50,357131,5716,4101,--1615,--7330,143509,102874,--40635,--188998,KRX
20221205,+40000,2,+3200,+8.70,855233,6194,11909,+5715,+11322,155848,304211,+148363,+299255,KRX
20221202,-36800,5,-1550,-4.04,538589,10196,4589,--5607,--2604,273664,122772,--150892,--71553,KRX
20221201,+38350,2,+1700,+4.64,856426,14713,11710,--3003,--3662,385240,305901,--79339,--98734,KRX
20221130,-36650,5,-1200,-3.17,3546782,90057,90716,+659,+2791,2449973,2469368,+19395,+75950,KRX
20221129,+37850,2,+600,+1.61,555626,9741,7609,--2132,--5269,257055,200500,--56555,--140373,KRX
20221128,+37250,2,+350,+0.95,362817,3470,6607,+3137,+2965,92987,176805,+83818,+79329,KRX
20221125,+36900,2,+100,+0.27,289291,4274,4446,+172,+1187,116122,120611,+4489,+31606,KRX
20221124,-36800,5,-450,-1.21,398441,5101,4086,--1015,+253,137851,110734,--27117,+6633,KRX
20221123,-37250,5,-150,-0.40,347411,6355,5087,--1268,--1060,170308,136558,--33750,--28818,KRX
20221122,-37400,5,-1550,-3.98,442152,6270,6062,--208,+101,165762,160830,--4932,+2437,KRX
20221121,-38950,5,-2150,-5.23,476287,6558,6249,--309,+93,164830,157461,--7369,+1678,KRX
20221118,-41100,5,-1200,-2.84,315751,5340,4938,--402,+5773,126972,117925,--9047,+135908,KRX
20221117,-42300,5,-400,-0.94,518470,10496,4321,--6175,--312,247468,102513,--144955,--10020,KRX
20221116,+42700,2,+850,+2.03,900887,14036,8173,--5863,--14414,324014,189079,--134935,--349587,KRX
20221115,+41850,2,+3950,+10.42,826211,4496,13047,+8551,+7248,111802,326454,+214652,+183077,KRX
20221114,-37900,5,-850,-2.19,806228,8356,9659,+1303,+3618,226363,257938,+31575,+92210,KRX
20221111,+38750,2,+1650,+4.45,635209,8480,6165,--2315,--1991,219789,159154,--60635,--51886,KRX
20221110,-37100,5,-650,-1.72,302277,3744,3420,--324,+2571,100864,92115,--8749,+67153,KRX
20221109,-37750,5,-1050,-2.71,397489,7112,4217,--2895,--6963,186870,110968,--75902,--185211,KRX
20221108,+38800,2,+3450,+9.76,624234,5385,9453,+4068,+2926,141548,250857,+109309,+76920,KRX
20221107,+35350,2,+650,+1.87,189612,1947,3089,+1142,--310,55522,87911,+32389,--9671,KRX
20221104,-34700,5,-50,-0.14,269520,2841,4293,+1452,+5303,82512,124572,+42060,+150837,KRX
20221103,-34750,5,-2150,-5.83,371705,5509,1658,--3851,--6208,156039,47262,--108777,--173240,KRX
20221102,+36900,2,+1050,+2.93,277308,2046,4403,+2357,+3052,56804,121267,+64463,+83750,KRX
20221101,-35850,5,-850,-2.32,187160,2282,1587,--695,+1284,63455,44168,--19287,+35152,KRX
20221031,36700,3,0,0.00,234408,4669,2690,--1979,--1253,128343,73904,--54439,--34689,KRX
20221028,-36700,5,-50,-0.14,219971,3535,2809,--726,+93,96069,76319,--19750,+1946,KRX
20221027,+36750,2,+1800,+5.15,375761,4782,3963,--819,+276,130243,108547,--21696,+9026,KRX
20221026,-34950,5,-950,-2.65,268206,4666,3571,--1095,+438,131857,101135,--30722,+12476,KRX
20221025,+35900,2,+700,+1.99,291585,4474,2941,--1533,+3504,125773,82575,--43198,+74201,KRX
20221024,+42200,2,+1350,+3.30,505828,8777,3740,--5037,--4054,205004,87605,--117399,--93398,KRX
20221021,+40850,2,+450,+1.11,302570,4733,3750,--983,--2340,116623,92622,--24001,--58190,KRX
20221020,-40400,5,-1150,-2.77,409103,5659,7016,+1357,+1859,139827,174016,+34189,+44831,KRX
20221019,-41550,5,-700,-1.66,476756,6847,6345,--502,+1974,161247,150605,--10642,+49177,KRX
20221018,+42250,2,+2850,+7.23,726821,11835,9359,--2476,+6183,285298,225479,--59819,+164310,KRX
20221017,-39400,5,-450,-1.13,663559,14476,5817,--8659,--9918,374402,150273,--224129,--258042,KRX
20221014,+39850,2,+5450,+15.84,1188651,13420,14679,+1259,+1943,350141,384054,+33913,+52324,KRX
20221013,-34400,5,-1450,-4.04,804287,12355,11671,--684,+3882,359044,340633,--18411,+109673,KRX
20221012,-35850,5,-500,-1.38,755931,14431,9865,--4566,+3869,405906,277822,--128084,+94387,KRX
20221011,-36350,5,-1300,-3.45,1257941,17104,8669,--8435,--14076,452591,230120,--222471,--368707,KRX
20221007,-37650,5,-2750,-6.81,918113,6402,12043,+5641,+12815,163201,309437,+146236,+320889,KRX
20221006,-40400,5,-3300,-7.55,1058859,17929,10755,--7174,--14358,435005,260352,--174653,--336298,KRX
20221005,+43700,2,+950,+2.22,472117,2852,10036,+7184,+6412,64265,225910,+161645,+141233,KRX
20221004,-42750,5,-2600,-5.73,1326481,18031,18803,+772,+1387,421226,441638,+20412,+30846,KRX
20220930,-45350,5,-3850,-7.83,611564,11218,10603,--615,+4232,238171,227737,--10434,+85728,KRX
20220929,+49200,2,+800,+1.65,391955,10451,5604,--4847,--907,207500,111338,--96162,--14602,KRX
20220928,-48400,5,-600,-1.22,301363,8346,4406,--3940,--809,172371,90811,--81560,--16855,KRX
20220927,+49000,2,+2100,+4.48,381660,8475,5344,--3131,--2728,175706,111001,--64705,--57093,KRX
20220926,-46900,5,-1700,-3.50,281538,4893,4490,--403,--1811,101694,94082,--7612,--36521,KRX
20220923,-48600,5,-2400,-4.71,322479,2882,4290,+1408,--949,58537,87446,+28909,--18107,KRX
20220922,-51000,5,-300,-0.58,201376,2017,4374,+2357,+1027,39939,86955,+47016,+21142,KRX
20220921,-51300,5,-1700,-3.21,214483,2909,4239,+1330,--653,56587,82461,+25874,--12034,KRX
20220920,-53000,5,-200,-0.38,191296,2484,4467,+1983,--794,46911,84819,+37908,--13973,KRX
20220919,-53200,5,-1700,-3.10,190891,2507,5284,+2777,+557,46664,98545,+51881,+11553,KRX
20220916,-54900,5,-1200,-2.14,215863,3427,5647,+2220,+1689,61959,102287,+40328,+30860,KRX
20220915,-56100,5,-700,-1.23,173902,2973,3504,+531,--573,52458,61926,+9468,--9936,KRX
20220914,-56800,5,-3100,-5.18,286852,3362,4466,+1104,+5210,58889,78293,+19404,+87371,KRX
20220913,+59900,2,+900,+1.53,239435,7829,3723,--4106,--3582,129634,61667,--67967,--59336,KRX
20220908,+59000,2,+1300,+2.25,289456,7172,6648,--524,--4359,120654,112023,--8631,--74819,KRX
20220907,-57700,5,-1600,-2.70,252858,2684,6519,+3835,+5955,46244,112432,+66188,+101207,KRX
20220906,-59300,5,-1000,-1.66,180420,4076,1956,--2120,--1308,67669,32650,--35019,--21786,KRX
20220905,-60300,5,-1000,-1.63,146166,2958,2146,--812,--1791,48471,35238,--13233,--29083,KRX
20220902,+61300,2,+800,+1.32,210217,3377,4356,+979,+1107,54884,70734,+15850,+17976,KRX
20220901,-60500,5,-3200,-5.02,322876,6265,6137,--128,--2325,102214,100088,--2126,--36714,KRX
20220831,-63700,5,-300,-0.47,199523,3698,5895,+2197,+3195,58457,93045,+34588,+50274,KRX
20220830,+64000,2,+1500,+2.40,169144,3100,2102,--998,--5469,48783,33097,--15686,--87052,KRX
20220829,-62500,5,-2800,-4.29,307977,2713,7184,+4471,+7034,43356,114722,+71366,+109621,KRX
20220826,-65300,5,-2400,-3.55,236761,5427,2864,--2563,+2005,81488,43233,--38255,+29673,KRX
20220825,+67700,2,+1000,+1.50,223355,5752,1184,--4568,+2710,85599,17671,--67928,+43244,KRX
20220824,+66700,2,+2700,+4.22,288071,8580,1302,--7278,--10731,131084,19912,--111172,--165068,KRX
20220823,-64000,5,-2100,-3.18,352011,4249,7702,+3453,--662,66088,119984,+53896,--8018,KRX
20220822,-66100,5,-1900,-2.79,223797,2206,6321,+4115,+2869,32948,94862,+61914,+43642,KRX
20220819,-68000,5,-1800,-2.58,251740,3442,4688,+1246,+2699,49964,68236,+18272,+39002,KRX
20220818,-69800,5,-300,-0.43,203465,4701,3248,--1453,--2782,67295,46565,--20730,--39798,KRX
20220817,-70100,5,-1700,-2.37,245048,2643,3972,+1329,+1223,37362,56430,+19068,+17604,KRX
20220816,-71800,5,-100,-0.14,172021,3308,3414,+106,--1361,46107,47571,+1464,--19113,KRX
20220812,-71900,5,-2000,-2.71,299104,4222,5689,+1467,+1869,58211,78788,+20577,+25919,KRX
20220811,73900,3,0,0.00,237750,4317,3915,--402,--509,58071,52729,--5342,--6808,KRX
20220810,-73900,5,-2600,-3.40,449049,7786,7893,+107,+959,104594,106060,+1466,+12368,KRX
20220809,+76500,2,+1900,+2.55,345924,4621,3769,--852,--1414,60849,49947,--10902,--18677,KRX
20220808,+74600,2,+400,+0.54,412078,8988,9550,+562,--3178,120726,128501,+7775,--42623,KRX
20220805,+74200,2,+2400,+3.34,613022,6013,9753,+3740,--16395,81571,131969,+50398,--227407,KRX
20220804,+71800,2,+4900,+7.32,1303087,11046,31181,+20135,+13459,153543,431348,+277805,+176979,KRX
20220803,+66900,2,+3900,+6.19,427652,4687,11363,+6676,+5040,70903,171729,+100826,+74807,KRX
20220802,+63000,2,+100,+0.16,175046,2252,3888,+1636,--376,35771,61790,+26019,--5996,KRX
20220801,-62900,5,-2300,-3.53,253717,2356,4368,+2012,+1814,37097,69112,+32015,+28872,KRX
20220729,-65200,5,-1300,-1.95,320454,7160,7358,+198,--502,109171,112314,+3143,--7386,KRX
20220728,-66500,5,-700,-1.04,193267,1994,2694,+700,+2326,29766,40295,+10529,+34769,KRX
20220727,-67200,5,-300,-0.44,172309,4033,2407,--1626,--3010,59891,35651,--24240,--45049,KRX
20220726,+67500,2,+1600,+2.43,302846,3812,5196,+1384,--865,56855,77664,+20809,--13130,KRX
20220725,-65900,5,-100,-0.15,204869,2540,4789,+2249,+509,38448,72387,+33939,+8229,KRX
20220722,-66000,5,-300,-0.45,303996,4247,5987,+1740,+3882,63636,89346,+25710,+58835,KRX
20220721,+66300,2,+500,+0.76,358316,6277,4135,--2142,+4000,96108,62983,--33125,+59836,KRX
20220720,-65800,5,-800,-1.20,270183,8433,2291,--6142,--9775,127520,34559,--92961,--147599,KRX
20220719,+66600,2,+2700,+4.23,515391,5821,9454,+3633,+5279,88301,142939,+54638,+80378,KRX
20220718,-63900,5,-1100,-1.69,311004,5402,3756,--1646,--1086,84413,58673,--25740,--16850,KRX
20220715,+65000,2,+200,+0.31,331394,5091,4531,--560,--28,78465,69575,--8890,--455,KRX
20220714,+64800,2,+1000,+1.57,325456,5180,4648,--532,--828,80744,72309,--8435,--12890,KRX
20220713,+63800,2,+2100,+3.40,396986,6390,6686,+296,--1360,100934,105389,+4455,--22250,KRX
20220712,-61700,5,-100,-0.16,267783,4091,5747,+1656,+3417,65859,92564,+26705,+54769,KRX
20220711,-61800,5,-2100,-3.29,290287,5930,4169,--1761,+865,94195,66131,--28064,+13008,KRX
20220708,+63900,2,+600,+0.95,413660,7966,5340,--2626,+128,123895,82823,--41072,+2955,KRX
20220707,+63300,2,+600,+0.96,368830,7411,4657,--2754,--1396,118382,74355,--44027,--22736,KRX
20220706,62700,3,0,0.00,681145,10311,8953,--1358,--8725,162259,140968,--21291,--140156,KRX
20220705,+62700,2,+4100,+7.00,524422,5639,13006,+7367,+8869,91136,210001,+118865,+144597,KRX
20220704,+58600,2,+900,+1.56,300412,6095,4593,--1502,+3605,103506,77774,--25732,+58543,KRX
20220701,-57700,5,-3400,-5.56,509801,12685,7578,--5107,--6534,213444,129169,--84275,--106879,KRX
20220630,+61100,2,+1100,+1.83,639765,8912,10339,+1427,--466,143532,166136,+22604,--9288,KRX
20220629,-60000,5,-700,-1.15,283296,3699,5592,+1893,--44,61870,93762,+31892,--152,KRX
20220628,+60700,2,+100,+0.17,281065,3260,5197,+1937,+3813,53885,85929,+32044,+62417,KRX
20220627,-60600,5,-3100,-4.87,537858,9508,7632,--1876,--65,154997,124624,--30373,--1708,KRX
20220624,+63700,2,+1600,+2.58,415933,7246,5435,--1811,--3741,114911,86246,--28665,--59841,KRX
20220623,+62100,2,+2800,+4.72,1059736,13575,15505,+1930,--1969,215221,246397,+31176,--33451,KRX
20220622,-59300,5,-1400,-2.31,351032,3696,7595,+3899,+2250,61110,125737,+64627,+36576,KRX
20220621,+60700,2,+2800,+4.84,520358,5792,7441,+1649,+154,97986,126037,+28051,+2187,KRX
20220620,+57900,2,+1200,+2.12,526668,5534,7029,+1495,--1057,95685,121549,+25864,--19722,KRX
20220617,+56700,2,+5500,+10.74,993261,13305,15857,+2552,+2096,240908,286494,+45586,+35931,KRX
20220616,+51200,2,+4950,+10.70,550082,6493,6949,+456,+2284,125960,135615,+9655,+48326,KRX
20220615,-46250,5,-2450,-5.03,199452,4274,2446,--1828,--693,90854,52183,--38671,--15302,KRX
20220614,+48700,2,+100,+0.21,183833,3383,2248,--1135,+295,70139,46770,--23369,+5461,KRX
20220613,-48600,5,-3300,-6.36,234583,3536,2106,--1430,--1111,71366,42536,--28830,--22658,KRX
20220610,-51900,5,-1900,-3.53,120286,1770,1451,--319,--1880,33915,27743,--6172,--35541,KRX
20220609,+53800,2,+100,+0.19,183703,3296,4857,+1561,+235,61573,90942,+29369,+4909,KRX
20220608,+53700,2,+100,+0.19,135994,1668,2994,+1326,+2151,30693,55153,+24460,+39470,KRX
20220607,-53600,5,-3200,-5.63,185653,3243,2418,--825,--396,59739,44729,--15010,--7561,KRX
20220603,-56800,5,-700,-1.22,100866,1902,1473,--429,--713,33058,25609,--7449,--12443,KRX
20220602,-57500,5,-200,-0.35,82845,1410,1694,+284,--218,24746,29740,+4994,--3676,KRX
20220531,+57700,2,+400,+0.70,173620,4922,5424,+502,--500,85615,94285,+8670,--9113,KRX
20220530,+57300,2,+1900,+3.43,186985,2237,3239,+1002,+1683,39419,57202,+17783,+30084,KRX
20220527,+55400,2,+1400,+2.59,131835,1770,1089,--681,--458,31989,19688,--12301,--8266,KRX
20220526,-54000,5,-400,-0.74,89946,1618,1395,--223,--994,29727,25692,--4035,--18217,KRX
20220525,+54400,2,+700,+1.30,178114,2660,3431,+771,--347,48508,62690,+14182,--6374,KRX
20220524,-53700,5,-1300,-2.36,113701,1293,2411,+1118,+588,23683,44239,+20556,+11093,KRX
20220523,+55000,2,+600,+1.10,217279,2599,3129,+530,--24,47258,56721,+9463,--833,KRX
20220520,+54400,2,+2300,+4.41,190082,2395,2949,+554,+1097,44327,54623,+10296,+20574,KRX
20220519,-52100,5,-500,-0.95,180859,2814,2271,--543,--1900,53931,43653,--10278,--37153,KRX
20220518,+52600,2,+2650,+5.31,232684,2094,3451,+1357,+2644,40409,67284,+26875,+52642,KRX
20220517,+49950,2,+250,+0.50,94215,2628,1341,--1287,--2622,52547,26780,--25767,--52302,KRX
20220516,+49700,2,+300,+0.61,144025,1534,2869,+1335,+185,30527,57062,+26535,+2889,KRX
20220513,+49400,2,+1800,+3.78,213829,2252,3402,+1150,+999,46360,70006,+23646,+20837,KRX
20220512,-47600,5,-2250,-4.51,220769,3244,3395,+151,--274,67224,70033,+2809,--5874,KRX
20220511,+49850,2,+1250,+2.57,183008,2473,2898,+425,+2636,50460,59143,+8683,+53941,KRX
20220510,-48600,5,-2700,-5.26,308735,3987,1776,--2211,+245,81234,35976,--45258,+2022,KRX
20220509,-51300,5,-2400,-4.47,187131,3443,987,--2456,--1323,66245,18965,--47280,--26402,KRX
20220506,-53700,5,-1000,-1.83,190440,3738,2605,--1133,+140,69216,48338,--20878,+2006,KRX
20220504,-54700,5,-2000,-3.53,145606,2954,1681,--1273,+116,53352,30468,--22884,+1377,KRX
20220503,-56700,5,-800,-1.39,105149,2639,1250,--1389,--1799,46110,21849,--24261,--31355,KRX
20220502,-57500,5,-400,-0.69,136467,1906,2316,+410,--1824,33305,40399,+7094,--32017,KRX
20220429,+57900,2,+1900,+3.39,247925,2025,4259,+2234,+4047,35148,74259,+39111,+71644,KRX
20220428,-56000,5,-100,-0.18,197208,4752,2939,--1813,--330,84956,52423,--32533,--6161,KRX
20220427,-56100,5,-300,-0.53,240759,4672,3189,--1483,--5032,83228,56856,--26372,--89781,KRX
20220426,+56400,2,+2800,+5.22,358823,3220,6769,+3549,+2672,57331,120740,+63409,+47041,KRX
20220425,-53600,5,-600,-1.11,122176,1547,2424,+877,+1724,28653,45021,+16368,+33019,KRX
20220422,+54200,2,+500,+0.93,234851,3821,2974,--847,--464,71687,55036,--16651,--9366,KRX
20220421,+53700,2,+400,+0.75,110740,2081,1698,--383,--500,38731,31446,--7285,--9387,KRX
20220420,-53300,5,-1100,-2.02,116769,2105,2222,+117,+663,39484,41586,+2102,+12314,KRX
20220419,+54400,2,+1400,+2.64,153811,2790,2244,--546,--597,51362,41150,--10212,--11205,KRX
20220418,-53000,5,-700,-1.30,100670,1363,1414,+51,--334,25608,26601,+993,--6345,KRX
20220415,53700,3,0,0.00,116312,1369,1754,+385,+474,25722,33060,+7338,+8944,KRX
20220414,-53700,5,-300,-0.56,74675,1193,1104,--89,--925,22195,20589,--1606,--17339,KRX
20220413,+54000,2,+2000,+3.85,122562,1198,2034,+836,--1452,22503,38236,+15733,--28668,KRX
20220412,-52000,5,-100,-0.19,142518,1303,3591,+2288,+915,25147,69548,+44401,+18102,KRX
20220411,-52100,5,-900,-1.70,120441,1249,2622,+1373,+658,23847,50146,+26299,+13036,KRX
20220408,+53000,2,+600,+1.15,158470,2288,3003,+715,--1347,43153,56416,+13263,--26242,KRX
20220407,-52400,5,-200,-0.38,205796,2349,4411,+2062,+7089,44913,84418,+39505,+132660,KRX
20220406,-52600,5,-3800,-6.74,511133,8795,3768,--5027,--6111,164452,71297,--93155,--112597,KRX
20220405,+56400,2,+600,+1.08,123696,1038,2122,+1084,--2157,18535,37977,+19442,--38956,KRX
20220404,-55800,5,-400,-0.71,216170,1521,4762,+3241,+1459,27481,85879,+58398,+26440,KRX
20220401,-56200,5,-400,-0.71,176659,1227,3009,+1782,+2211,21979,53937,+31958,+39666,KRX
20220331,-56600,5,-100,-0.18,172063,3308,2879,--429,--1450,58144,50436,--7708,--25666,KRX
20220330,+56700,2,+600,+1.07,159552,2430,3451,+1021,--28,42751,60709,+17958,--755,KRX
20220329,+56100,2,+700,+1.26,171882,2112,3161,+1049,+2750,38025,56738,+18713,+49115,KRX
20220328,-55400,5,-1500,-2.64,298449,5803,4102,--1701,--2910,102250,71848,--30402,--51549,KRX
20220325,-56900,5,-200,-0.35,194025,2380,3589,+1209,--675,41839,62986,+21147,--12455,KRX
20220324,+57100,2,+900,+1.60,346818,4163,6047,+1884,+1599,75158,108760,+33602,+27844,KRX
20220323,-56200,5,-2800,-4.75,570937,4481,4766,+285,+857,78753,84511,+5758,+15882,KRX
20220322,-59000,5,-100,-0.17,200466,3533,2961,--572,--860,60731,50607,--10124,--14516,KRX
20220321,-59100,5,-1100,-1.83,247472,4111,4399,+288,+2382,69787,74179,+4392,+39378,KRX
20220318,-60200,5,-700,-1.15,233933,4757,2663,--2094,--4286,79363,44377,--34986,--70816,KRX
20220317,+60900,2,+1200,+2.01,309688,4640,6832,+2192,+4394,76110,111940,+35830,+73088,KRX
20220316,+59700,2,+1400,+2.40,254139,5322,3120,--2202,--4154,90063,52805,--37258,--71133,KRX
20220315,+58300,2,+2900,+5.23,262612,3719,5671,+1952,+904,64455,98330,+33875,+15038,KRX
20220314,-55400,5,-1600,-2.81,229910,3255,4303,+1048,+42,57726,76563,+18837,+1558,KRX
20220311,-57000,5,-2600,-4.36,293380,2601,3607,+1006,+1140,44944,62223,+17279,+19666,KRX
20220310,+59600,2,+3200,+5.67,392873,6863,6729,--134,+14,115593,113206,--2387,--183,KRX
20220308,+56400,2,+1400,+2.55,353726,5067,4919,--148,--198,88976,86772,--2204,--3046,KRX
20220307,-55000,5,-1500,-2.65,168654,2213,2263,+50,+3294,40175,41017,+842,+58216,KRX
20220304,-56500,5,-1100,-1.91,249999,4893,1649,--3244,--4289,86707,29333,--57374,--76099,KRX
20220303,+57600,2,+3900,+7.26,411693,5620,6665,+1045,+1754,98579,117304,+18725,+31952,KRX
20220302,+53700,2,+300,+0.56,153656,3053,2344,--709,--2655,56829,43602,--13227,--50305,KRX
20220228,+53400,2,+1000,+1.91,196291,1869,3815,+1946,+1036,35445,72523,+37078,+19635,KRX
20220225,+52400,2,+1900,+3.76,211029,2648,3558,+910,+2471,51108,68551,+17443,+48628,KRX
20220224,-50500,5,-1100,-2.13,321098,6119,4558,--1561,--1411,121991,90806,--31185,--28209,KRX
20220223,+51600,2,+300,+0.58,203614,3549,3399,--150,+542,68527,65551,--2976,+10392,KRX
20220222,-51300,5,-1800,-3.39,208868,3237,2545,--692,+3111,62736,49368,--13368,+58442,KRX
20220221,+53100,2,+400,+0.76,290662,6199,2396,--3803,--896,117252,45442,--71810,--15407,KRX
20220218,+52700,2,+2400,+4.77,324376,5439,2532,--2907,+389,105374,48971,--56403,+8733,KRX
20220217,-50300,5,-1100,-2.14,334905,8942,5646,--3296,--13595,177543,112407,--65136,--271560,KRX
20220216,+51400,2,+5150,+11.14,538537,2265,12564,+10299,+10522,45101,251525,+206424,+211081,KRX
20220215,-46250,5,-1750,-3.65,260372,3153,2930,--223,--2712,67262,62605,--4657,--56619,KRX
20220214,-48000,5,-300,-0.62,199573,2178,4667,+2489,+5516,45335,97297,+51962,+113916,KRX
20220211,-48300,5,-2200,-4.36,282866,4712,1685,--3027,--1190,96493,34539,--61954,--25745,KRX
20220210,-50500,5,-200,-0.39,248135,4911,3074,--1837,--1976,96542,60333,--36209,--38882,KRX
20220209,+50700,2,+1950,+4.00,190390,2787,2926,+139,--1107,55638,58311,+2673,--22792,KRX
20220208,+48750,2,+200,+0.41,240436,3323,4569,+1246,+3254,67381,92846,+25465,+66679,KRX
20220207,-48550,5,-1250,-2.51,243567,5139,3131,--2008,+1321,105632,64418,--41214,+25095,KRX
20220204,-49800,5,-1400,-2.73,289857,5797,2468,--3329,--6693,115528,49219,--66309,--132595,KRX
20220203,+51200,2,+3200,+6.67,357927,4743,8107,+3364,+780,93486,159772,+66286,+14721,KRX
20220128,+48000,2,+1600,+3.45,690915,11804,14388,+2584,+6430,248073,299638,+51565,+129153,KRX
20220127,-46400,5,-3900,-7.75,597044,12433,8587,--3846,--1788,259340,181752,--77588,--36029,KRX
20220126,-50300,5,-100,-0.20,550918,12232,10174,--2058,--8052,244710,203151,--41559,--158445,KRX
20220125,-50400,5,-1100,-2.14,601829,8045,14039,+5994,--230,157310,274196,+116886,--3387,KRX
20220124,-51500,5,-5000,-8.85,877973,9728,15952,+6224,+6349,184337,304610,+120273,+122062,KRX
20220121,-56500,5,-1600,-2.75,293838,3665,3540,--125,--1564,63940,62151,--1789,--26856,KRX
20220120,+58100,2,+1000,+1.75,288851,4840,6279,+1439,+1152,83282,108349,+25067,+20205,KRX
20220119,-57100,5,-2200,-3.71,496685,10468,10755,+287,--398,182328,187190,+4862,--6850,KRX
20220118,-59300,5,-1300,-2.15,309965,4534,5219,+685,+1310,75002,86714,+11712,+21330,KRX
20220117,-60600,5,-3200,-5.02,269875,4467,3842,--625,+111,72030,62412,--9618,+1978,KRX
20220114,+63800,2,+600,+0.95,374503,6267,5531,--736,+42099,99248,87652,--11596,+690563,KRX
20220113,-63200,5,-5600,-8.14,2870804,72928,30093,--42835,--35383,1193920,491761,--702159,--594370,KRX
20220112,+68800,2,+500,+0.73,946355,13750,6298,--7452,--2778,198678,90889,--107789,--39780,KRX
20220111,-68300,5,-800,-1.16,267505,8346,3672,--4674,+780,121621,53612,--68009,+10544,KRX
20220110,-69100,5,-2000,-2.81,299216,7944,2490,--5454,--1531,114475,35922,--78553,--23613,KRX
20220107,+71100,2,+900,+1.28,267593,5336,1413,--3923,+4012,74808,19868,--54940,+57531,KRX
20220106,+70200,2,+100,+0.14,446107,11465,3530,--7935,--3901,162497,50026,--112471,--55212,KRX
20220105,-70100,5,-2000,-2.77,386782,5715,1681,--4034,+4695,81195,23936,--57259,+64284,KRX
20220104,-72100,5,-2500,-3.35,636430,11501,2772,--8729,--8733,160185,38642,--121543,--121779,KRX
20220103,-74600,5,-1100,-1.45,321164,3650,3654,+4,+5121,48680,48916,+236,+68354,KRX
20211230,+75700,2,+200,+0.26,346785,9482,4365,--5117,+12430,126036,57918,--68118,+160734,KRX
20211229,+75500,2,+200,+0.27,1701438,28891,11344,--17547,--15898,374828,145976,--228852,--205668,KRX
20211228,+75300,2,+3600,+5.02,1779411,20780,19131,--1649,--4690,287199,264015,--23184,--66814,KRX
20211227,+71700,2,+1700,+2.43,989493,6757,9798,+3041,+1488,93907,137537,+43630,+21334,KRX
20211224,-70000,5,-1000,-1.41,478215,4861,6414,+1553,+4757,68632,90928,+22296,+67070,KRX
20211223,-71000,5,-800,-1.11,310688,6134,2930,--3204,--3128,85814,41040,--44774,--43564,KRX
20211222,-71800,5,-100,-0.14,391038,6890,6814,--76,+3082,96394,95184,--1210,+41179,KRX
20211221,-71900,5,-2200,-2.97,381411,8003,4845,--3158,+117,108390,66001,--42389,+737,KRX
20211220,-74100,5,-1100,-1.46,461945,9074,5799,--3275,+1406,120525,77399,--43126,+15134,KRX
20211217,-75200,5,-9700,-11.43,1114988,20999,16318,--4681,--5689,268041,209781,--58260,--70177,KRX
20211216,-84900,5,-400,-0.47,264055,4592,5600,+1008,--2451,54011,65928,+11917,--28344,KRX
20211215,+85300,2,+800,+0.95,335634,5398,8857,+3459,+5052,62730,102991,+40261,+59156,KRX
20211214,+84500,2,+1300,+1.56,443804,9990,8397,--1593,--1926,117122,98227,--18895,--23377,KRX
20211213,-83200,5,-3900,-4.48,418558,9085,9418,+333,+27,107409,111891,+4482,+993,KRX
20211210,87100,3,0,0.00,338117,5734,6040,+306,--1836,65448,68937,+3489,--21060,KRX
20211209,+87100,2,+1300,+1.52,586863,11741,13883,+2142,--4665,134934,159483,+24549,--55540,KRX
20211208,+85800,2,+3700,+4.51,623588,6819,13626,+6807,+5167,80418,160507,+80089,+60288,KRX
20211207,+82100,2,+100,+0.12,538167,9481,11121,+1640,--6452,114463,134264,+19801,--80884,KRX
20211206,+82000,2,+7300,+9.77,1152212,15138,23230,+8092,+8560,189548,290233,+100685,+108428,KRX
20211203,+74700,2,+3700,+5.21,461794,6879,6411,--468,+96,95048,87305,--7743,+636,KRX
20211202,+71000,2,+2100,+3.05,202400,4351,3787,--564,+4884,62797,54418,--8379,+70802,KRX
20211201,+68900,2,+200,+0.29,225684,7732,2284,--5448,--6390,112222,33041,--79181,--91699,KRX
20211130,+68700,2,+700,+1.03,376597,7724,8666,+942,+3294,111153,123671,+12518,+46755,KRX
20211129,-68000,5,-2300,-3.27,230332,4287,1935,--2352,--3391,62359,28122,--34237,--48856,KRX
20211126,+70300,2,+400,+0.57,188408,1957,2996,+1039,+1881,27598,42217,+14619,+26645,KRX
20211125,-69900,5,-800,-1.13,180386,2163,1321,--842,+266,30934,18908,--12026,+3587,KRX
20211124,-70700,5,-400,-0.56,151083,3446,2338,--1108,+12,48357,32744,--15613,--144,KRX
20211123,-71100,5,-3300,-4.44,195244,3561,2441,--1120,--1756,49322,33853,--15469,--24240,KRX
20211122,+74400,2,+4400,+6.29,367515,4676,5312,+636,+2890,63688,72459,+8771,+41327,KRX
20211119,+70000,2,+1000,+1.45,201316,4016,1762,--2254,+923,57877,25321,--32556,+13279,KRX
20211118,-69000,5,-1000,-1.43,185819,4508,1331,--3177,+141,65045,19210,--45835,+1450,KRX
20211117,-70000,5,-900,-1.27,204878,4801,1483,--3318,--1130,68361,21076,--47285,--16763,KRX
20211116,-70900,5,-900,-1.25,220803,5492,3304,--2188,+1053,76877,46355,--30522,+14634,KRX
20211115,-71800,5,-300,-0.42,227236,5642,2401,--3241,+457,78462,33306,--45156,+6916,KRX
20211112,-72100,5,-900,-1.23,310526,8051,4353,--3698,+931,113390,61318,--52072,+11490,KRX
20211111,-73000,5,-3000,-3.95,291439,7228,2599,--4629,--3809,98899,35337,--63562,--52807,KRX
20211110,-76000,5,-2100,-2.69,210560,4579,3759,--820,+2448,59339,48584,--10755,+31187,KRX
20211109,-78100,5,-1000,-1.26,317253,8101,4833,--3268,--3149,101368,59426,--41942,--40536,KRX
20211108,-79100,5,-1000,-1.25,183167,3314,3195,--119,--154,41920,40514,--1406,--1882,KRX
20211105,-80100,5,-1000,-1.23,185936,3444,3479,+35,--22,43131,43607,+476,--9,KRX
20211104,+81100,2,+900,+1.12,262806,5188,5245,+57,+649,63659,64144,+485,+7745,KRX
20211103,-80200,5,-500,-0.62,240463,5014,4422,--592,--13942,62055,54795,--7260,--175957,KRX
20211102,+80700,2,+6700,+9.05,575993,4337,17687,+13350,+10282,54511,223208,+168697,+126277,KRX
20211101,+74000,2,+4000,+5.71,246259,2813,5881,+3068,+4136,38505,80925,+42420,+57762,KRX
20211029,-70000,5,-300,-0.43,164436,3245,2177,--1068,--74,46393,31051,--15342,--1458,KRX
20211028,-70300,5,-2200,-3.03,148003,2925,1931,--994,--12,41049,27165,--13884,--532,KRX
20211027,-72500,5,-1900,-2.55,123373,2601,1619,--982,--2045,35391,22039,--13352,--27544,KRX
20211026,+74400,2,+1000,+1.36,111062,1958,3021,+1063,+1330,26246,40438,+14192,+17871,KRX
20211025,+73400,2,+400,+0.55,87352,1637,1370,--267,--2691,22406,18727,--3679,--36635,KRX
20211022,-73000,5,-700,-0.95,110374,878,3302,+2424,+926,11975,44931,+32956,+12898,KRX
20211021,-73700,5,-1100,-1.47,123944,1564,3062,+1498,+948,21054,41112,+20058,+12750,KRX
20211020,-74800,5,-1200,-1.58,107778,1630,2180,+550,--2010,21644,28952,+7308,--26569,KRX
20211019,+76000,2,+1000,+1.33,144373,1787,4347,+2560,+3190,23685,57562,+33877,+42394,KRX
20211018,-75000,5,-1200,-1.57,130132,2976,2346,--630,--1159,39715,31198,--8517,--15239,KRX
20211015,+76200,2,+2300,+3.11,181554,2723,3252,+529,--6,36115,42837,+6722,--576,KRX
20211014,+73900,2,+2400,+3.36,106778,1650,2185,+535,+366,22501,29799,+7298,+4906,KRX
20211013,+71500,2,+2200,+3.17,164871,2787,2956,+169,--488,38968,41360,+2392,--6975,KRX
20211012,-69300,5,-1400,-1.98,144018,2075,2732,+657,+1242,29955,39322,+9367,+17753,KRX
20211008,-70700,5,-1400,-1.94,117906,2484,1899,--585,--3503,34907,26521,--8386,--49719,KRX
20211007,+72100,2,+4600,+6.81,200833,2364,5282,+2918,+6092,33316,74649,+41333,+87395,KRX
20211006,-67500,5,-2500,-3.57,288678,5682,2508,--3174,--807,82287,36225,--46062,--12515,KRX
20211005,-70000,5,-1300,-1.82,215853,4254,1887,--2367,--2123,60215,26668,--33547,--30102,KRX
20211001,-71300,5,-1300,-1.79,191845,2503,2259,--244,+40,35021,31576,--3445,+395,KRX
20210930,-72600,5,-600,-0.82,149929,2297,2013,--284,--1235,31322,27482,--3840,--16749,KRX
20210929,-73200,5,-1800,-2.40,234262,3284,4235,+951,+2991,45002,57911,+12909,+39585,KRX
20210928,-75000,5,-3600,-4.58,234956,3490,1450,--2040,--824,45778,19102,--26676,--11397,KRX
20210927,-78600,5,-1700,-2.12,107011,1985,769,--1216,--867,25020,9741,--15279,--10925,KRX
20210924,-80300,5,-200,-0.25,105280,2004,1655,--349,--2706,24781,20427,--4354,--33809,KRX
20210923,+80500,2,+500,+0.63,132148,1367,3724,+2357,+4650,17169,46624,+29455,+58518,KRX
20210917,-80000,5,-900,-1.11,206935,6012,3719,--2293,--2402,75789,46726,--29063,--29787,KRX
20210916,+80900,2,+1700,+2.15,318971,5198,5307,+109,--1115,63096,63820,+724,--14792,KRX
20210915,+79200,2,+600,+0.76,110847,1424,2648,+1224,--858,18047,33563,+15516,--11131,KRX
20210914,+78600,2,+1900,+2.48,147123,1421,3503,+2082,+5564,18282,44929,+26647,+72017,KRX
20210913,-76700,5,-3100,-3.88,272487,4748,1266,--3482,--653,61864,16494,--45370,--10077,KRX
20210910,-79800,5,-1500,-1.85,166976,4109,1280,--2829,--3611,51219,15926,--35293,--44975,KRX
20210909,+81300,2,+400,+0.49,159174,4666,5448,+782,+4748,57574,67256,+9682,+58274,KRX
20210908,-80900,5,-3400,-4.03,195950,5652,1686,--3966,--1910,69311,20719,--48592,--24569,KRX
20210907,-84300,5,-1700,-1.98,125794,3031,975,--2056,--1547,35445,11422,--24023,--18125,KRX
20210906,+86000,2,+900,+1.06,130208,2619,2110,--509,--767,30407,24509,--5898,--8827,KRX
20210903,+85100,2,+800,+0.95,132223,2210,2468,+258,+3084,25965,28894,+2929,+36054,KRX
20210902,-84300,5,-1800,-2.09,156326,4615,1789,--2826,--2574,54106,20981,--33125,--30084,KRX
20210901,+86100,2,+1100,+1.29,204577,4066,3814,--252,--7000,47881,44840,--3041,--83477,KRX
20210831,+85000,2,+4100,+5.07,286816,5019,11767,+6748,+6115,59597,140033,+80436,+72636,KRX
20210830,-80900,5,-400,-0.49,175957,2335,2968,+633,+705,28610,36410,+7800,+8602,KRX
20210827,-81300,5,-2700,-3.21,193555,3288,3216,--72,--68,39956,39154,--802,--714,KRX
20210826,-84000,5,-300,-0.36,267407,5233,5229,--4,--3501,61867,61779,--88,--41651,KRX
20210825,+84300,2,+4300,+5.38,395618,6553,10050,+3497,+5773,80129,121692,+41563,+71449,KRX
20210824,+80000,2,+6200,+8.40,474469,10458,8182,--2276,--3515,133965,104079,--29886,--46972,KRX
20210823,+73800,2,+2100,+2.93,213470,3942,5181,+1239,+4963,53175,70261,+17086,+67927,KRX
20210820,-71700,5,-3500,-4.65,311911,6986,3262,--3724,--4245,95436,44595,--50841,--57772,KRX
20210819,-75200,5,-2500,-3.22,294893,4811,5332,+521,+841,62717,69648,+6931,+11000,KRX
20210818,+77700,2,+100,+0.13,200018,3856,3536,--320,--3468,49275,45206,--4069,--44193,KRX
20210817,-77600,5,-3600,-4.43,332391,3963,7111,+3148,+6392,50178,90302,+40124,+80113,KRX
20210813,-81200,5,-1700,-2.05,259073,5617,2373,--3244,+1991,68943,28954,--39989,+22628,KRX
20210812,-82900,5,-2200,-2.59,237814,6643,1408,--5235,--5002,79527,16910,--62617,--59950,KRX
20210811,85100,3,0,0.00,258916,3839,3606,--233,--90,45300,42633,--2667,--864,KRX
20210810,-85100,5,-3000,-3.41,261493,3656,3513,--143,+4367,42145,40342,--1803,+48953,KRX
20210809,-88100,5,-2900,-3.19,359258,7797,3287,--4510,--11637,87607,36851,--50756,--130742,KRX
20210806,+91000,2,+9400,+11.52,1109076,11413,18540,+7127,+12367,128845,208831,+79986,+143300,KRX
20210805,-81600,5,-900,-1.09,198458,6490,1250,--5240,--5617,78404,15090,--63314,--67652,KRX
20210804,+82500,2,+800,+0.98,207405,3125,3502,+377,+857,38565,42903,+4338,+9979,KRX
20210803,-81700,5,-100,-0.12,248413,4430,3950,--480,--3428,54242,48601,--5641,--41550,KRX
20210802,+81800,2,+1800,+2.25,149510,1803,4751,+2948,+4260,21913,57822,+35909,+52105,KRX
20210730,-80000,5,-2700,-3.26,179233,3065,1753,--1312,--1873,37926,21730,--16196,--23043,KRX
20210729,+82700,2,+1100,+1.35,91943,1232,1793,+561,--639,14965,21812,+6847,--7870,KRX
20210728,-81600,5,-500,-0.61,162998,2306,3506,+1200,+735,28257,42974,+14717,+8972,KRX
20210727,-82100,5,-1500,-1.79,174275,2238,2703,+465,+237,26986,32731,+5745,+3113,KRX
20210726,-83600,5,-2600,-3.02,290365,3432,3660,+228,+1364,41060,43692,+2632,+15788,KRX
20210723,-86200,5,-1500,-1.71,146198,2668,1532,--1136,+5960,30773,17617,--13156,+66567,KRX
20210722,-87700,5,-2000,-2.23,239166,9605,2509,--7096,--8923,108046,28323,--79723,--100848,KRX
20210721,+89700,2,+4600,+5.41,289240,4089,5916,+1827,+1200,46058,67183,+21125,+13696,KRX
20210720,-85100,5,-3000,-3.41,212880,1993,2620,+627,--219,23146,30575,+7429,--2171,KRX
20210719,-88100,5,-500,-0.56,111756,1224,2070,+846,+226,13910,23510,+9600,+2562,KRX
20210716,+88600,2,+100,+0.11,180279,3075,3695,+620,+2667,34710,41748,+7038,+30112,KRX
20210715,+88500,2,+200,+0.23,185075,3251,1204,--2047,--3622,36648,13574,--23074,--40872,KRX
20210714,-88300,5,-1900,-2.11,264511,4066,5641,+1575,+158,45881,63679,+17798,+2100,KRX
20210713,-90200,5,-2900,-3.11,348328,2951,4368,+1417,+4214,32292,47990,+15698,+45426,KRX
20210712,-93100,5,-200,-0.21,239846,4444,1647,--2797,--8032,47322,17594,--29728,--86060,KRX
20210709,+93300,2,+2300,+2.53,530220,6982,12217,+5235,--2689,74743,131075,+56332,--29666,KRX
20210708,-91000,5,-3300,-3.50,479967,5753,13677,+7924,+6588,62430,148428,+85998,+72288,KRX
20210707,-94300,5,-1000,-1.05,375299,4779,6115,+1336,+5495,49953,63663,+13710,+56330,KRX
20210706,-95300,5,-1000,-1.04,460349,9137,4978,--4159,--4875,94586,51966,--42620,--50784,KRX
20210705,+96300,2,+4600,+5.02,629288,8073,8789,+716,+2186,84979,93143,+8164,+25128,KRX
20210702,+91700,2,+4000,+4.56,575903,11901,10431,--1470,--1303,132250,115286,--16964,--15029,KRX
20210701,+87700,2,+4000,+4.78,329196,3931,3764,--167,--2286,45999,44064,--1935,--27359,KRX
20210630,+83700,2,+1700,+2.07,200726,2241,4360,+2119,+1914,26843,52267,+25424,+23000,KRX
20210629,-82000,5,-200,-0.24,147861,2878,3083,+205,+3421,35200,37624,+2424,+41513,KRX
20210628,-82200,5,-1000,-1.20,159399,4159,943,--3216,--2112,50550,11461,--39089,--25720,KRX
20210625,+83200,2,+2300,+2.84,303812,4847,3743,--1104,--450,58726,45357,--13369,--5442,KRX
20210624,+80900,2,+2600,+3.32,397502,5752,5098,--654,+3580,70641,62714,--7927,+46117,KRX
20210623,+78300,2,+100,+0.13,214769,6249,2015,--4234,--1494,79513,25469,--54044,--19593,KRX
20210622,-78200,5,-600,-0.76,232663,5121,2381,--2740,--489,64492,30041,--34451,--5813,KRX
20210621,+78800,2,+200,+0.25,187720,3454,1203,--2251,--6421,43951,15313,--28638,--82232,KRX
20210618,+78600,2,+3100,+4.11,289223,2494,6664,+4170,+5745,31909,85503,+53594,+74507,KRX
20210617,-75500,5,-800,-1.05,114071,2064,489,--1575,--286,27410,6497,--20913,--3758,KRX
20210616,+76300,2,+400,+0.53,161421,3009,1720,--1289,+1634,39762,22607,--17155,+21201,KRX
20210615,-75900,5,-1800,-2.32,165407,3943,1020,--2923,--929,51737,13381,--38356,--12708,KRX
20210614,+77700,2,+2500,+3.32,284267,4454,2460,--1994,+8420,57404,31756,--25648,+109811,KRX
20210611,+75200,2,+300,+0.40,485848,14918,4504,--10414,--14053,193628,58169,--135459,--183955,KRX
20210610,+74900,2,+3300,+4.61,489049,12182,15821,+3639,+12290,163338,211834,+48496,+167355,KRX
20210609,-71600,5,-3000,-4.02,316688,9429,778,--8651,--13409,129518,10659,--118859,--184455,KRX
20210608,+74600,2,+4700,+6.72,740832,6452,11210,+4758,+5888,86483,152079,+65596,+81763,KRX
20210607,69900,3,0,0.00,163932,2883,1753,--1130,+6616,41159,24992,--16167,+94189,KRX
20210604,-69900,5,-1600,-2.24,205526,8698,952,--7746,--11258,123933,13577,--110356,--159338,KRX
20210603,+71500,2,+1300,+1.85,177122,1800,5312,+3512,+4892,25319,74301,+48982,+68627,KRX
20210602,-70200,5,-100,-0.14,139483,3174,1794,--1380,+5286,45194,25549,--19645,+74455,KRX
20210601,-70300,5,-2700,-3.70,291829,8575,1909,--6666,+1417,121139,27039,--94100,+16365,KRX
20210531,+73000,2,+2400,+3.40,423299,12673,4590,--8083,--5908,172245,61780,--110465,--79812,KRX
20210528,+70600,2,+100,+0.14,124414,3074,899,--2175,--526,43339,12686,--30653,--7432,KRX
20210527,70500,3,0,0.00,267248,9774,8125,--1649,--602,138080,114859,--23221,--8601,KRX
20210526,-70500,5,-900,-1.26,764495,3219,2172,--1047,--436,45153,30533,--14620,--5321,KRX
20210525,+71400,2,+4300,+6.41,538018,16936,16325,--611,+3868,244103,234804,--9299,+56010,KRX
20210524,-67100,5,-3000,-4.28,350760,10562,6083,--4479,--5386,155057,89748,--65309,--76618,KRX
20210521,-70100,5,-100,-0.14,340897,9693,10600,+907,+6012,135778,147087,+11309,+83207,KRX
20210520,-70200,5,-3200,-4.36,250560,7640,2535,--5105,--2889,107617,35719,--71898,--41625,KRX
20210518,+73400,2,+600,+0.82,142441,4546,2330,--2216,--391,62143,31870,--30273,--4889,KRX
20210517,72800,3,0,0.00,196490,5811,3986,--1825,--4093,80379,54995,--25384,--56670,KRX
20210514,+72800,2,+1700,+2.39,189516,4439,6707,+2268,+3728,61447,92733,+31286,+51562,KRX
20210513,-71100,5,-2900,-3.92,234583,4976,3516,--1460,--1383,69024,48748,--20276,--19232,KRX
20210512,-74000,5,-2000,-2.63,194765,3174,3097,--77,+6239,42514,41470,--1044,+81036,KRX
20210511,-76000,5,-3300,-4.16,234886,7774,1458,--6316,--7040,101045,18965,--82080,--90986,KRX
20210510,+79300,2,+2300,+2.99,184811,2617,3341,+724,+3786,33456,42362,+8906,+48078,KRX
20210507,+77000,2,+300,+0.39,278058,7478,4416,--3062,--2115,95611,56439,--39172,--26719,KRX
20210506,-76700,5,-800,-1.03,232729,3097,2150,--947,--2540,40789,28336,--12453,--33152,KRX
20210504,+77500,2,+300,+0.39,236827,3452,5045,+1593,+2279,44746,65445,+20699,+29344,KRX
20210503,-77200,5,-3500,-4.34,277744,5126,4440,--686,+211,64798,56153,--8645,+2425,KRX
20210430,-80700,5,-2200,-2.65,254658,3498,2601,--897,--83,43136,32066,--11070,--1105,KRX
20210429,-82900,5,-1500,-1.78,241099,3907,3093,--814,--499,46233,36268,--9965,--6175,KRX
20210428,-84400,5,-1400,-1.63,182968,2043,1728,--315,+117,24043,20253,--3790,+1256,KRX
20210427,-85800,5,-900,-1.04,144674,1171,739,--432,--530,13594,8548,--5046,--6210,KRX
20210426,-86700,5,-1400,-1.59,214333,2478,2576,+98,+2348,28662,29826,+1164,+26486,KRX
20210423,-88100,5,-3100,-3.40,242564,4522,2272,--2250,--3469,50690,25368,--25322,--37468,KRX
20210422,+91200,2,+3800,+4.35,466783,7397,8616,+1219,+4205,84014,96160,+12146,+46100,KRX
20210421,-87400,5,-3100,-3.43,270783,4736,1750,--2986,--3815,53681,19727,--33954,--43046,KRX
20210420,-90500,5,-1700,-1.84,153422,1387,2216,+829,+1058,15243,24335,+9092,+11615,KRX
20210419,-92200,5,-800,-0.86,166288,2709,2480,--229,--833,29324,26801,--2523,--9236,KRX
20210416,+93000,2,+2400,+2.65,234162,3440,4044,+604,+2413,37627,44340,+6713,+26578,KRX
20210415,-90600,5,-1900,-2.05,193862,3746,1937,--1809,--3171,41104,21239,--19865,--35359,KRX
20210414,+92500,2,+5400,+6.20,445635,6496,7858,+1362,+2633,70088,85582,+15494,+30117,KRX
20210413,-87100,5,-1000,-1.14,220022,4476,3205,--1271,--1253,51316,36693,--14623,--14277,KRX
20210412,-88100,5,-900,-1.01,265450,2495,2477,--18,+78,28924,28578,--346,+824,KRX
20210409,+89000,2,+1300,+1.48,135736,2142,2046,--96,+463,24016,22846,--1170,+5319,KRX
20210408,+87700,2,+300,+0.34,94781,2247,1688,--559,--1258,25772,19283,--6489,--14530,KRX
20210407,+87400,2,+2000,+2.34,87337,939,1638,+699,+2013,10856,18897,+8041,+23337,KRX
20210406,-85400,5,-1900,-2.18,123053,2127,813,--1314,--485,24682,9386,--15296,--5899,KRX
20210405,-87300,5,-2700,-3.00,136699,2066,1237,--829,+567,23458,14061,--9397,+6084,KRX
20210402,-90000,5,-600,-0.66,105362,2267,871,--1396,--1180,25127,9646,--15481,--13140,KRX
20210401,+90600,2,+1000,+1.12,103421,1680,1464,--216,+1401,18434,16093,--2341,+15588,KRX
20210331,-89600,5,-1000,-1.10,101105,2909,1292,--1617,--1016,32251,14322,--17929,--11438,KRX
20210330,-90600,5,-400,-0.44,128412,2897,2296,--601,--123,31643,25152,--6491,--1322,KRX
20210329,-91000,5,-3400,-3.60,177485,3986,3508,--478,--660,43587,38418,--5169,--7220,KRX
20210326,-94400,5,-400,-0.42,171143,4800,4982,+182,+3462,50611,52662,+2051,+36026,KRX
20210325,-94800,5,-4900,-4.91,257355,7989,4709,--3280,--3241,82915,48940,--33975,--33500,KRX
20210324,-99700,5,-2700,-2.64,317316,9961,9922,--39,--5918,99107,98632,--475,--37837,KRX
20210323,-153600,5,-1700,-1.09,310720,7367,13246,+5879,+19344,47041,84403,+37362,+123491,KRX
20210322,-155300,5,-1100,-0.70,278019,21882,8417,--13465,--9313,140008,53879,--86129,--59191,KRX
20210319,+156400,2,+2400,+1.56,306721,25779,21627,--4152,+5469,166974,140036,--26938,+35607,KRX
20210318,154000,3,0,0.00,250822,15246,5625,--9621,--8683,98410,35865,--62545,--56314,KRX
20210317,+154000,2,+300,+0.20,198187,12972,12034,--938,--2087,84621,78390,--6231,--13630,KRX
20210316,+153700,2,+1600,+1.05,176211,5806,6955,+1149,+5066,38122,45521,+7399,+32926,KRX
20210315,+152100,2,+2100,+1.40,260243,9309,5392,--3917,--10735,60968,35441,--25527,--71388,KRX
20210312,+150000,2,+9800,+6.99,606612,13881,20699,+6818,+4216,94262,140123,+45861,+26986,KRX
20210311,140200,3,0,0.00,339654,8848,11450,+2602,+8378,63621,82496,+18875,+59709,KRX
20210310,+140200,2,+23200,+19.83,1880391,42658,36882,--5776,--1369,312330,271496,--40834,--2844,KRX
20210309,-117000,5,-4600,-3.78,291141,12664,8257,--4407,--2806,108780,70790,--37990,--25078,KRX
20210308,-121600,5,-6200,-4.85,229604,4340,2739,--1601,--1560,34953,22041,--12912,--12757,KRX
20210305,-127800,5,-1700,-1.31,160302,4521,4480,--41,+3823,35228,35073,--155,+29601,KRX
20210304,-129500,5,-5100,-3.79,132018,6222,2358,--3864,--5349,47886,18130,--29756,--40860,KRX
20210303,+134600,2,+3100,+2.36,156860,3735,5220,+1485,+260,27614,38718,+11104,+1974,KRX
20210302,+131500,2,+1500,+1.15,129221,4398,5623,+1225,+10289,33290,42420,+9130,+79348,KRX
20210226,-130000,5,-6200,-4.55,289158,19853,10789,--9064,--17842,153478,83260,--70218,--134073,KRX
20210225,+136200,2,+11000,+8.79,494590,10230,19008,+8778,+9460,75378,139233,+63855,+69681,KRX
20210224,-125200,5,-6500,-4.94,272799,9009,8327,--682,+2059,69894,64068,--5826,+14834,KRX
20210223,-131700,5,-3300,-2.44,145234,5101,2360,--2741,--977,38321,17661,--20660,--7721,KRX
20210222,-135000,5,-1600,-1.17,162121,6264,4500,--1764,--2700,45244,32305,--12939,--19867,KRX
20210219,-136600,5,-1600,-1.16,146599,2226,3162,+936,+1782,16435,23363,+6928,+13049,KRX
20210218,-138200,5,-3100,-2.19,108977,2660,1814,--846,--450,19165,13044,--6121,--3177,KRX
20210217,-141300,5,-100,-0.07,122931,3963,3567,--396,+3697,28456,25512,--2944,+25847,KRX
20210216,-141400,5,-3500,-2.42,124624,5819,1726,--4093,--4906,40866,12075,--28791,--34453,KRX
20210215,+144900,2,+1800,+1.26,96138,1907,2720,+813,+1331,13215,18877,+5662,+9350,KRX
20210210,-143100,5,-100,-0.07,72302,2436,1918,--518,--1086,17134,13446,--3688,--7490,KRX
20210209,+143200,2,+2700,+1.92,178884,6397,6965,+568,+2485,44773,48575,+3802,+17269,KRX
20210208,-140500,5,-2500,-1.75,99513,3512,1595,--1917,--2131,24684,11217,--13467,--14985,KRX
20210205,+143000,2,+4000,+2.88,239153,6968,7182,+214,+4222,48411,49929,+1518,+30842,KRX
20210204,-139000,5,-2500,-1.77,167318,5861,1853,--4008,--2224,42722,13398,--29324,--16721,KRX
20210203,-141500,5,-1900,-1.32,122626,4376,2592,--1784,--1262,30938,18335,--12603,--8923,KRX
20210202,-143400,5,-100,-0.07,133893,4780,4258,--522,--3246,33358,29678,--3680,--22519,KRX
20210201,+143500,2,+10400,+7.81,287865,10212,12936,+2724,+8846,74138,92977,+18839,+64649,KRX
20210129,-133100,5,-8000,-5.67,333240,16467,10345,--6122,--2093,120722,74912,--45810,--17578,KRX
20210128,-141100,5,-6000,-4.08,211856,8077,4048,--4029,--2512,56588,28356,--28232,--17974,KRX
20210127,-147100,5,-3200,-2.13,135068,3662,2145,--1517,+4704,24720,14462,--10258,+30366,KRX
20210126,-150300,5,-3400,-2.21,201162,10424,4203,--6221,--13492,68330,27706,--40624,--88115,KRX
20210125,+153700,2,+6700,+4.56,251654,4853,12124,+7271,+7582,31857,79348,+47491,+49629,KRX
20210122,-147000,5,-3100,-2.07,158567,3598,3287,--311,+1605,24371,22233,--2138,+10524,KRX
20210121,-150100,5,-4400,-2.85,162464,4429,2513,--1916,--4685,29224,16562,--12662,--30542,KRX
20210120,+154500,2,+5000,+3.34,293404,8186,10955,+2769,--1645,53303,71183,+17880,--12801,KRX
20210119,+149500,2,+5800,+4.04,388603,9728,14142,+4414,+5174,67148,97829,+30681,+35906,KRX
20210118,-143700,5,-7000,-4.64,384131,8513,7753,--760,+3119,58785,53560,--5225,+20477,KRX
20210115,-150700,5,-1700,-1.12,242912,6783,2904,--3879,--4003,44971,19269,--25702,--26488,KRX
20210114,+152400,2,+400,+0.26,165139,4212,4336,+124,--265,27524,28310,+786,--1818,KRX
20210113,-152000,5,-1300,-0.85,254026,6511,6900,+389,+2399,42703,45307,+2604,+15451,KRX
20210112,-153300,5,-2700,-1.73,248686,6974,4964,--2010,--2622,44923,32076,--12847,--17479,KRX
20210111,-156000,5,-4400,-2.74,497121,14593,15205,+612,+9217,92511,97143,+4632,+56479,KRX
20210108,-160400,5,-6600,-3.95,722935,23132,14527,--8605,--8810,140505,88658,--51847,--54069,KRX
20210107,+167000,2,+500,+0.30,961718,21658,21863,+205,+4837,125692,127914,+2222,+29855,KRX
20210106,-166500,5,-2000,-1.19,303783,11571,6939,--4632,--1067,69131,41498,--27633,--6863,KRX
20210105,-168500,5,-4000,-2.32,469190,14782,11217,--3565,+2728,87272,66502,--20770,+15586,KRX
20210104,-172500,5,-7200,-4.01,630380,22033,15740,--6293,+1316,126710,90354,--36356,+6211,KRX
20201230,+179700,2,+2500,+1.41,683173,26896,19287,--7609,--7887,150396,107829,--42567,--39940,KRX
20201229,+177200,2,+25200,+16.58,2080723,36866,37144,+278,--22116,220073,217446,--2627,--146880,KRX
20201228,-152000,5,-4600,-2.94,1937668,20267,42661,+22394,--5615,127940,272193,+144253,--37097,KRX
20201224,+156600,2,+6200,+4.12,1158819,19190,47199,+28009,+12887,123998,305348,+181350,+83496,KRX
20201223,-150400,5,-8800,-5.53,827626,11171,26293,+15122,+12865,72065,169919,+97854,+84031,KRX
20201222,-159200,5,-7800,-4.67,580043,11963,14220,+2257,--6579,73277,87100,+13823,--38905,KRX
20201221,-167000,5,-3600,-2.11,447264,5252,14088,+8836,+2607,31311,84039,+52728,+16242,KRX
20201218,-170600,5,-4400,-2.51,373816,10311,16540,+6229,+1381,60024,96510,+36486,+8975,KRX
20201217,-175000,5,-2800,-1.57,280895,3962,8810,+4848,--2908,22460,49971,+27511,--15914,KRX
20201216,+177800,2,+800,+0.45,213064,2588,10344,+7756,+16879,14531,57956,+43425,+94767,KRX
20201215,177000,3,0,0.00,425551,16922,7799,--9123,--14109,95355,44013,--51342,--78572,KRX
20201214,+177000,2,+2000,+1.14,443446,10062,15048,+4986,+1694,57060,84290,+27230,+8763,KRX
20201211,+175000,2,+2200,+1.27,396753,8306,11598,+3292,+897,47309,65776,+18467,+4517,KRX
20201210,+172800,2,+2100,+1.23,220166,9299,11694,+2395,+2101,53900,67850,+13950,+12347,KRX
20201209,170700,3,0,0.00,216478,7503,7797,+294,+11238,43925,45528,+1603,+63843,KRX
20201208,-170700,5,-3600,-2.07,513790,26770,15826,--10944,--29558,152795,90555,--62240,--169798,KRX
20201207,+174300,2,+6700,+4.00,512142,6300,24914,+18614,+21525,36537,144095,+107558,+124840,KRX
20201204,-167600,5,-2800,-1.64,219441,7344,4433,--2911,--2651,43443,26161,--17282,--15798,KRX
20201203,-170400,5,-800,-0.47,257947,6719,6459,--260,+20998,39626,38142,--1484,+124380,KRX
20201202,-171200,5,-3300,-1.89,414336,26910,5652,--21258,--50993,159002,33138,--125864,--299508,KRX
20201201,+174500,2,+13800,+8.59,816302,9959,39694,+29735,+32389,57963,231607,+173644,+190322,KRX
20201130,-160700,5,-3700,-2.25,345060,23569,20915,--2654,--11433,146646,129968,--16678,--70012,KRX
20201127,+164400,2,+1000,+0.61,180535,1846,10625,+8779,+4164,11193,64527,+53334,+24650,KRX
20201126,+163400,2,+3800,+2.38,264777,2128,6743,+4615,+4194,13289,41973,+28684,+26324,KRX
20201125,-159600,5,-4600,-2.80,245034,6965,7386,+421,+6358,42877,45237,+2360,+38496,KRX
20201124,-164200,5,-4800,-2.84,237205,12105,6168,--5937,--5054,73492,37356,--36136,--30900,KRX
20201123,-169000,5,-1700,-1.00,214191,8054,7171,--883,--11865,47133,41897,--5236,--70342,KRX
20201120,+170700,2,+5700,+3.45,269085,1946,12928,+10982,+10204,11563,76669,+65106,+60520,KRX
20201119,-165000,5,-500,-0.30,190981,5277,6055,+778,--1344,32174,36760,+4586,--8300,KRX
20201118,+165500,2,+1100,+0.67,142265,2233,4355,+2122,--325,13544,26430,+12886,--2494,KRX
20201117,+164400,2,+4400,+2.75,217519,5037,7484,+2447,+4206,31186,46566,+15380,+26379,KRX
20201116,-160000,5,-700,-0.44,139470,5725,3966,--1759,--2359,35643,24644,--10999,--14818,KRX
20201113,+160700,2,+2300,+1.45,157805,4919,5519,+600,+2877,31183,35002,+3819,+18107,KRX
20201112,+158400,2,+3400,+2.19,209616,5384,3107,--2277,--3730,33806,19518,--14288,--23799,KRX
20201111,-155000,5,-4800,-3.00,324528,6349,7802,+1453,+5054,40925,50436,+9511,+31720,KRX
20201110,-159800,5,-9100,-5.39,299290,7615,4014,--3601,--7394,46868,24659,--22209,--44472,KRX
20201109,+168900,2,+1900,+1.14,203239,3423,7216,+3793,+10775,20187,42450,+22263,+63518,KRX
20201106,-167000,5,-6300,-3.64,293445,12402,5420,--6982,+2066,73254,31999,--41255,+11358,KRX
20201105,-173300,5,-3400,-1.92,415237,18773,9725,--9048,--22894,108688,56075,--52613,--132381,KRX
20201104,+176700,2,+13400,+8.21,639933,13860,27706,+13846,+9669,79980,159748,+79768,+54431,KRX
20201103,+163300,2,+4900,+3.09,220771,4259,8436,+4177,+4882,26063,51400,+25337,+29760,KRX
20201102,+158400,2,+100,+0.06,150383,5818,5113,--705,+9971,36578,32155,--4423,+61558,KRX
20201030,-158300,5,-9600,-5.72,236297,13600,2924,--10676,--8642,84151,18170,--65981,--53333,KRX
20201029,+167900,2,+700,+0.42,291650,11575,9541,--2034,--3062,70592,57944,--12648,--20215,KRX
20201028,+167200,2,+15400,+10.14,542012,16434,17462,+1028,--16076,100146,107713,+7567,--106183,KRX
20201027,+151800,2,+3700,+2.50,410402,6770,23874,+17104,+22445,44449,158199,+113750,+148453,KRX
20201026,-148100,5,-12100,-7.55,392201,13558,8217,--5341,--16254,89091,54388,--34703,--103103,KRX
20201023,+160200,2,+4500,+2.89,246285,2572,13485,+10913,+9245,16135,84535,+68400,+57604,KRX
20201022,-155700,5,-8400,-5.12,226753,5402,7070,+1668,+5009,34062,44858,+10796,+31496,KRX
20201021,+164100,2,+100,+0.06,208229,9165,5824,--3341,--12882,56506,35806,--20700,--81084,KRX
20201020,+164000,2,+1000,+0.61,391039,6409,15950,+9541,+8988,40361,100745,+60384,+56919,KRX
20201019,-163000,5,-7000,-4.12,209705,3212,3765,+553,--1472,19308,22773,+3465,--8378,KRX
20201016,170000,3,0,0.00,166960,3657,5682,+2025,--634,21475,33318,+11843,--3776,KRX
20201015,-170000,5,-9500,-5.29,287712,5791,8450,+2659,+5550,33860,49479,+15619,+31736,KRX
20201014,-179500,5,-4300,-2.34,150186,4895,2004,--2891,--9080,27260,11143,--16117,--49888,KRX
20201013,+183800,2,+3800,+2.11,220570,4388,10577,+6189,+3455,23824,57595,+33771,+18638,KRX
20201012,-180000,5,-1100,-0.61,115387,3616,6350,+2734,+1741,20091,35224,+15133,+9521,KRX
20201008,-181100,5,-2400,-1.31,195981,6559,7552,+993,+2325,36285,41897,+5612,+12877,KRX
20201007,-183500,5,-2800,-1.50,148703,6433,5101,--1332,--2449,35006,27741,--7265,--13138,KRX
20201006,+186300,2,+5300,+2.93,197430,6258,7375,+1117,--1826,33468,39341,+5873,--10343,KRX
20201005,+181000,2,+700,+0.39,203815,5211,8154,+2943,+4604,28710,44926,+16216,+25240,KRX
20200929,+180300,2,+2300,+1.29,223052,8787,7126,--1661,--3453,48648,39624,--9024,--19383,KRX
20200928,+178000,2,+10400,+6.21,322990,9049,10841,+1792,+3579,51727,62086,+10359,+20940,KRX
20200925,+167600,2,+2700,+1.64,369072,17088,15301,--1787,--415,100995,90414,--10581,--2509,KRX
20200924,-164900,5,-15100,-8.39,495733,16947,15575,--1372,--4328,100155,92083,--8072,--24635,KRX
20200923,-180000,5,-5700,-3.07,364783,12307,15263,+2956,--2653,67543,84106,+16563,--13292,KRX
20200922,-185700,5,-6500,-3.38,338962,8983,14592,+5609,+9646,47905,77760,+29855,+50324,KRX
20200921,-192200,5,-12000,-5.88,320831,10273,6236,--4037,--7321,52000,31531,--20469,--36620,KRX
20200918,-204200,5,-700,-0.34,456191,50708,53992,+3284,+11571,248105,264256,+16151,+55366,KRX
20200917,-204900,5,-10300,-4.79,255458,14900,6613,--8287,--8338,70505,31290,--39215,--39448,KRX
20200916,+215200,2,+3300,+1.56,234863,10138,10189,+51,--4732,47353,47586,+233,--22627,KRX
20200915,+211900,2,+10200,+5.06,359774,10523,15306,+4783,+6543,50365,73225,+22860,+31619,KRX
20200914,-201700,5,-800,-0.40,162566,7189,5429,--1760,--1641,35658,26899,--8759,--8005,KRX
20200911,-202500,5,-500,-0.25,215808,9726,9607,--119,+3585,48483,47729,--754,+17247,KRX
20200910,+203000,2,+2700,+1.35,236826,12023,8319,--3704,--3443,58768,40767,--18001,--16627,KRX
20200909,-200300,5,-8400,-4.02,298613,10500,10239,--261,--1371,51703,50329,--1374,--6475,KRX
20200908,-208700,5,-5900,-2.75,338595,11205,12315,+1110,--5283,51957,57058,+5101,--24802,KRX
20200907,+214600,2,+400,+0.19,340025,6886,13279,+6393,+9779,32308,62211,+29903,+45413,KRX
20200904,-214200,5,-9100,-4.08,460253,17357,13971,--3386,--214,80873,65363,--15510,--1279,KRX
20200903,+223300,2,+400,+0.18,331407,16454,13282,--3172,--25938,74306,60075,--14231,--118599,KRX
20200902,+222900,2,+18300,+8.94,1099843,27187,49953,+22766,+22019,124073,228441,+104368,+101211,KRX
20200901,-204600,5,-4400,-2.11,582996,34459,35206,+747,--98957,170174,173331,+3157,--495229,KRX
20200831,+209000,2,+24900,+13.53,2657210,189482,289186,+99704,+90166,920872,1419258,+498386,+447741,KRX
20200828,+184100,2,+900,+0.49,540360,17939,27477,+9538,+12918,96173,146818,+50645,+68976,KRX
20200827,-183200,5,-4500,-2.40,336874,13866,10486,--3380,--11116,74845,56514,--18331,--59456,KRX
20200826,+187700,2,+800,+0.43,403716,14252,21988,+7736,+9700,75936,117061,+41125,+51762,KRX
20200825,+186900,2,+3200,+1.74,415118,19573,17609,--1964,--21229,105691,95054,--10637,--117816,KRX
20200824,+183700,2,+16600,+9.93,924529,24844,44109,+19265,+8772,137940,245119,+107179,+44169,KRX
20200821,+167100,2,+1200,+0.72,362314,8781,19274,+10493,+10946,52550,115560,+63010,+66044,KRX
20200820,-165900,5,-4100,-2.41,446474,17883,17430,--453,--4472,106112,103078,--3034,--26596,KRX
20200819,+170000,2,+3500,+2.10,432171,16492,20511,+4019,--8661,97497,121059,+23562,--51242,KRX
20200818,-166500,5,-6600,-3.81,667882,24518,37198,+12680,+16323,142671,217475,+74804,+94736,KRX
20200814,-173100,5,-14600,-7.78,745411,30216,26573,--3643,--22565,167195,147263,--19932,--120601,KRX
20200813,-187700,5,-2300,-1.21,779435,24108,43030,+18922,+14859,128176,228845,+100669,+78913,KRX
20200812,-190000,5,-1600,-0.84,343576,11853,15916,+4063,+1341,63373,85129,+21756,+7601,KRX
20200811,-191600,5,-6500,-3.28,287021,8354,11076,+2722,+2164,43034,57189,+14155,+11382,KRX
20200810,-198100,5,-1900,-0.95,196979,6698,7256,+558,--4162,33557,36330,+2773,--20914,KRX
20200807,+200000,2,+5200,+2.67,547157,16618,21338,+4720,+3955,82904,106591,+23687,+19760,KRX
20200806,-194800,5,-500,-0.26,195975,4197,4962,+765,--88,21597,25524,+3927,--427,KRX
20200805,+195300,2,+2600,+1.35,207859,5307,6160,+853,+4734,27067,31421,+4354,+24257,KRX
20200804,+192700,2,+3100,+1.64,578483,19635,15754,--3881,--699,100413,80510,--19903,--3304,KRX
20200803,-189600,5,-600,-0.32,452449,17329,14147,--3182,--11727,90095,73496,--16599,--63758,KRX
20200731,+190200,2,+15800,+9.06,1025597,24088,32633,+8545,+5620,128384,175543,+47159,+30171,KRX
20200730,+174400,2,+3100,+1.81,195722,4389,7314,+2925,+3238,25198,42186,+16988,+18810,KRX
20200729,-171300,5,-3800,-2.17,172150,7133,6820,--313,--2196,41373,39551,--1822,--12525,KRX
20200728,+175100,2,+1100,+0.63,239621,6532,8415,+1883,+2786,37651,48354,+10703,+15753,KRX
20200727,-174000,5,-3300,-1.86,336970,15552,14649,--903,+12332,88145,83095,--5050,+66952,KRX
20200724,-177300,5,-7700,-4.16,669328,31855,18620,--13235,--26970,174178,102176,--72002,--150348,KRX
20200723,+185000,2,+30600,+19.82,1992205,50474,64209,+13735,--3735,284137,362483,+78346,+22613,KRX
20200722,+308700,2,+9100,+3.04,711557,26983,44453,+17470,+2960,86279,142012,+55733,+6794,KRX
20200721,+299600,2,+14100,+4.94,448254,16948,31458,+14510,+15291,57249,106188,+48939,+51697,KRX
20200720,-285500,5,-700,-0.24,144123,7100,6319,--781,--1708,24841,22083,--2758,--5960,KRX
20200717,-286200,5,-1300,-0.45,104935,4280,5207,+927,+2802,14924,18126,+3202,+9763,KRX
20200716,-287500,5,-300,-0.10,126222,7671,5796,--1875,--7591,26709,20148,--6561,--26534,KRX
20200715,+287800,2,+3400,+1.20,168132,5846,11562,+5716,--1816,20519,40492,+19973,--6766,KRX
20200714,+284400,2,+300,+0.11,206146,6573,14105,+7532,+11589,23194,49933,+26739,+40902,KRX
20200713,-284100,5,-9800,-3.33,205887,11751,7694,--4057,--10808,40971,26808,--14163,--37309,KRX
20200710,293900,3,0,0.00,272881,9424,16175,+6751,+3196,32461,55607,+23146,+11079,KRX
20200709,+293900,2,+800,+0.27,289366,12153,15708,+3555,--10395,41350,53417,+12067,--36427,KRX
20200708,+293100,2,+12100,+4.31,538946,14657,28607,+13950,+21903,51046,99540,+48494,+75574,KRX
20200707,+281000,2,+7000,+2.55,1393765,37885,29932,--7953,--1846,130856,103776,--27080,--4332,KRX
20200706,+274000,2,+14100,+5.43,454499,22184,16077,--6107,--9284,82716,59968,--22748,--35944,KRX
20200703,+259900,2,+13300,+5.39,523194,16209,19386,+3177,--5977,65448,78644,+13196,--24182,KRX
20200702,-246600,5,-8500,-3.33,644585,20035,29189,+9154,+7087,81872,119250,+37378,+29302,KRX
20200701,-255100,5,-11400,-4.28,291494,6745,8812,+2067,--8497,25669,33745,+8076,--32176,KRX
20200630,+266500,2,+6100,+2.34,528426,15613,26177,+10564,+8266,58966,99218,+40252,+30692,KRX
20200629,-260400,5,-23600,-8.31,801256,22703,25001,+2298,--4436,85022,94582,+9560,--14355,KRX
20200626,+284000,2,+1000,+0.35,564134,9796,16530,+6734,+2922,34413,58328,+23915,+8081,KRX
20200625,-283000,5,-1200,-0.42,1534967,32158,35970,+3812,+7377,113853,129687,+15834,+28894,KRX
20200624,-284200,5,-45800,-13.88,2814428,51995,48430,--3565,+16810,167134,154074,--13060,+47519,KRX
20200623,-330000,5,-5400,-1.61,939080,42207,21832,--20375,--32468,126955,66376,--60579,--103555,KRX
20200622,+335400,2,+68400,+25.62,1348438,24723,36816,+12093,+15188,81523,124499,+42976,+54004,KRX
20200619,+267000,2,+7000,+2.69,455449,16255,13160,--3095,--5618,60576,49548,--11028,--21018,KRX
20200618,+260000,2,+23300,+9.84,719824,22713,25236,+2523,+2771,89619,99609,+9990,+11550,KRX
20200617,+236700,2,+3300,+1.41,334566,11732,11484,--248,--4978,50950,49390,--1560,--21893,KRX
20200616,+233400,2,+16400,+7.56,263400,8021,12751,+4730,+6427,34847,55180,+20333,+27335,KRX
20200615,-217000,5,-19500,-8.25,320201,12400,10703,--1697,--7261,53872,46870,--7002,--31297,KRX
20200612,+236500,2,+7500,+3.28,546598,13883,19447,+5564,+3556,59672,83967,+24295,+14986,KRX
20200611,-229000,5,-1400,-0.61,390130,13302,15310,+2008,--1413,58123,67432,+9309,--5769,KRX
20200610,-230400,5,-8400,-3.52,344583,7239,10660,+3421,+11879,31414,46492,+15078,+50634,KRX
20200609,-238800,5,-12600,-5.01,674216,28106,19648,--8458,--6764,118244,82688,--35556,--28803,KRX
20200608,+251400,2,+7700,+3.16,281160,8280,6586,--1694,--6584,33229,26476,--6753,--27830,KRX
20200605,+243700,2,+26400,+12.15,901795,12747,17637,+4890,+10889,55082,76159,+21077,+48408,KRX
20200604,+217300,2,+23400,+12.07,1556584,18097,12098,--5999,--6630,83442,56111,--27331,--30727,KRX
20200603,-193900,5,-63600,-24.70,1293628,9914,10545,+631,--406,43724,47120,+3396,--829,KRX
20200602,+257500,2,+900,+0.35,210853,4800,5837,+1037,+3842,18783,23008,+4225,+15152,KRX
20200601,+256600,2,+14900,+6.16,519929,15358,12553,--2805,--4768,59973,49046,--10927,--19333,KRX
20200529,+241700,2,+14900,+6.57,385109,6063,8026,+1963,+4674,25887,34293,+8406,+20474,KRX
20200528,+226800,2,+6500,+2.95,281885,9595,6884,--2711,--287,42890,30822,--12068,--1233,KRX
20200527,+220300,2,+18900,+9.38,758886,11092,8668,--2424,--1179,50150,39315,--10835,--4635,KRX
20200526,-201400,5,-1800,-0.89,238646,5386,4141,--1245,--5489,26830,20630,--6200,--27185,KRX
20200525,+203200,2,+6200,+3.15,359719,5647,9891,+4244,+3453,28099,49084,+20985,+16779,KRX
20200522,+197000,2,+7900,+4.18,778870,11839,12630,+791,--6111,60184,64390,+4206,--32769,KRX
20200521,+189100,2,+2600,+1.39,292323,2355,9257,+6902,+18629,12565,49540,+36975,+98543,KRX
20200520,-186500,5,-11000,-5.57,469465,14075,2348,--11727,--22964,73855,12287,--61568,--123461,KRX
20200519,+197500,2,+19500,+10.96,1324926,13212,24449,+11237,+7348,69857,131750,+61893,+40464,KRX
20200518,-178000,5,-4400,-2.41,281892,3480,7369,+3889,+1632,18911,40340,+21429,+8276,KRX
20200515,+182400,2,+2500,+1.39,534877,9133,11390,+2257,+3297,49700,62853,+13153,+18311,KRX
20200514,-179900,5,-2400,-1.32,559395,10708,9668,--1040,--1970,58475,53317,--5158,--10448,KRX
20200513,+182300,2,+9600,+5.56,1413611,16718,17648,+930,+3472,92927,98217,+5290,+20368,KRX
20200512,+172700,2,+4300,+2.55,895595,12664,10122,--2542,+4459,76796,61718,--15078,+26592,KRX
20200511,+168400,2,+23400,+16.14,2312248,29588,22587,--7001,--7075,181286,139616,--41670,--41806,KRX
20200508,+145000,2,+7000,+5.07,1157836,13274,13348,+74,--4486,93442,93578,+136,--34799,KRX
20200507,+138000,2,+12800,+10.22,1416130,10924,15484,+4560,+8492,82318,117253,+34935,+62099,KRX
20200506,+125200,2,+6200,+5.21,2705861,25646,21714,--3932,--689,196585,169421,--27164,--2246,KRX
20200504,+119000,2,+24800,+26.33,2332031,21976,18733,--3243,--3155,198513,173595,--24918,--24002,KRX
20200429,+94200,2,+1700,+1.84,195901,1665,1577,--88,+1423,17587,16671,--916,+15276,KRX
20200428,-92500,5,-2100,-2.22,201697,2716,1205,--1511,--1862,29103,12911,--16192,--19892,KRX
20200427,+94600,2,+800,+0.85,144693,1379,1730,+351,+3303,14554,18254,+3700,+34319,KRX
20200424,-93800,5,-4100,-4.19,304564,5032,2080,--2952,--3235,52345,21726,--30619,--33775,KRX
20200423,+97900,2,+4800,+5.16,474863,3850,4133,+283,+1474,40514,43670,+3156,+16194,KRX
20200422,-93100,5,-500,-0.53,233266,4224,3033,--1191,--3745,46004,32966,--13038,--41053,KRX
20200421,+93600,2,+2000,+2.18,573313,8233,10787,+2554,+1920,89319,117334,+28015,+21111,KRX
20200420,-91600,5,-800,-0.87,141180,1281,1915,+634,--331,13900,20804,+6904,--3514,KRX
20200417,+92400,2,+400,+0.43,188980,2238,3203,+965,--2602,24240,34658,+10418,--28977,KRX
20200416,+92000,2,+3900,+4.43,289650,2703,6270,+3567,+1833,29883,69278,+39395,+19873,KRX
20200414,+88100,2,+2300,+2.68,236847,2466,4200,+1734,+2894,28013,47535,+19522,+32733,KRX
20200413,-85800,5,-4300,-4.77,284832,3569,2409,--1160,--184,40601,27390,--13211,--2406,KRX
20200410,-90100,5,-200,-0.22,304741,4247,3271,--976,+390,47281,36476,--10805,+3941,KRX
20200409,+90300,2,+100,+0.11,419276,3546,2180,--1366,+724,38440,23694,--14746,+8246,KRX
20200408,-90200,5,-1000,-1.10,324157,4038,1948,--2090,--2387,44487,21495,--22992,--25990,KRX
20200407,+91200,2,+7900,+9.48,1078959,5607,5904,+297,--948,63077,66075,+2998,--12116,KRX
20200406,+83300,2,+2900,+3.61,368366,1977,3222,+1245,+2665,24237,39351,+15114,+32544,KRX
20200403,+80400,2,+600,+0.75,446768,5297,3877,--1420,--2289,65424,47994,--17430,--28691,KRX
20200402,+79800,2,+2700,+3.50,432176,5194,6063,+869,+2377,66742,78003,+11261,+29148,KRX
20200401,-77100,5,-4900,-5.98,552324,7434,5926,--1508,+522,91035,73148,--17887,+7462,KRX
20200331,+82000,2,+5100,+6.63,723289,8671,6641,--2030,--6368,107863,82514,--25349,--82523,KRX
20200330,+76900,2,+4600,+6.36,649999,6278,10616,+4338,+5534,83763,140937,+57174,+72516,KRX
20200327,-72300,5,-700,-0.96,988317,11133,9937,--1196,--384,149622,134280,--15342,--4687,KRX
20200326,-73000,5,-2900,-3.82,747621,9363,8551,--812,--1769,125185,114530,--10655,--24344,KRX
20200325,+75900,2,+2100,+2.85,1092746,12173,13130,+957,+1494,159711,173400,+13689,+20416,KRX
20200324,+73800,2,+12800,+20.98,1958578,20075,19538,--537,--947,284195,277468,--6727,--14038,KRX
20200323,-61000,5,-1700,-2.71,776247,10191,10601,+410,+101,169752,177063,+7311,+2476,KRX
20200320,+62700,2,+3800,+6.45,1124202,12472,12781,+309,+964,200549,205384,+4835,+17881,KRX
20200319,-58900,5,-7200,-10.89,1364748,17069,16414,--655,+1697,273808,260762,--13046,+18909,KRX
20200318,-66100,5,-6700,-9.20,862837,12870,10518,--2352,--7777,178706,146751,--31955,--110661,KRX
20200317,+72800,2,+5700,+8.49,1313850,16847,22272,+5425,+3974,238208,316914,+78706,+57351,KRX
20200316,-67100,5,-2500,-3.59,1181620,15197,16648,+1451,+1353,208985,230340,+21355,+14359,KRX
20200313,-69600,5,-9300,-11.79,1583325,19914,20012,+98,--8428,284964,291960,+6996,--98709,KRX
20200312,-78900,5,-4000,-4.83,881279,10696,19222,+8526,+8629,133643,239348,+105705,+105941,KRX
20200311,-82900,5,-8100,-8.90,720445,10058,9955,--103,+817,117308,117072,--236,+10469,KRX
20200310,+91000,2,+1300,+1.45,490242,7477,6557,--920,--2019,84170,73465,--10705,--22771,KRX
20200309,-89700,5,-3600,-3.86,476473,5786,6885,+1099,+7739,64236,76302,+12066,+83513,KRX
20200306,-93300,5,-4200,-4.31,450467,10126,3486,--6640,--3945,108212,36765,--71447,--42975,KRX
20200305,+97500,2,+1700,+1.77,541263,8773,6078,--2695,--7662,91252,62780,--28472,--81829,KRX
20200304,+95800,2,+7200,+8.13,594560,6647,11614,+4967,+4362,71324,124681,+53357,+46627,KRX
20200303,-88600,5,-400,-0.45,490678,7274,7879,+605,--6028,79338,86068,+6730,--68422,KRX
20200302,+89000,2,+2500,+2.89,615201,6830,13463,+6633,--344,77371,152523,+75152,--2491,KRX
20200228,-86500,5,-6100,-6.59,748728,7777,14754,+6977,+4758,86698,164341,+77643,+53483,KRX
20200227,-92600,5,-4500,-4.63,631381,6333,8552,+2219,+13596,66483,90643,+24160,+140953,KRX
20200226,-97100,5,-4400,-4.33,678180,17942,6565,--11377,--18510,183821,67028,--116793,--190173,KRX
20200225,+101500,2,+8800,+9.49,842224,9687,16820,+7133,+2669,98439,171819,+73380,+26069,KRX
20200224,-92700,5,-5800,-5.89,521320,7560,12024,+4464,+5889,79516,126827,+47311,+61584,KRX
20200221,-98500,5,-3700,-3.62,444439,6276,4851,--1425,--2924,62819,48546,--14273,--29313,KRX
20200220,+102200,2,+3700,+3.76,694737,6506,8005,+1499,--1789,65099,80139,+15040,--18928,KRX
20200219,+98500,2,+1100,+1.13,392159,4841,8129,+3288,+1394,49686,83654,+33968,+14338,KRX
20200218,+97400,2,+400,+0.41,520560,5433,7327,+1894,+11482,56082,75712,+19630,+117532,KRX
20200217,-97000,5,-1500,-1.52,798782,14647,5059,--9588,--13992,149453,51551,--97902,--147090,KRX
20200214,+98500,2,+11300,+12.96,2163910,19859,24263,+4404,+1722,208519,257707,+49188,+18760,KRX
20200213,-87200,5,-2700,-3.00,464459,3285,5967,+2682,+3166,36787,67215,+30428,+35551,KRX
20200212,-89900,5,-400,-0.44,559814,5377,4893,--484,+2335,59257,54134,--5123,+26145,KRX
20200211,+90300,2,+3300,+3.79,989101,9012,6193,--2819,+515,100947,69679,--31268,+5522,KRX
20200210,-87000,5,-3800,-4.19,819558,9921,6587,--3334,--7072,110488,73698,--36790,--85355,KRX
20200207,+90800,2,+8500,+10.33,3705396,23677,27415,+3738,+3087,257360,305925,+48565,+40130,KRX
20200206,+82300,2,+2000,+2.49,1175145,12659,13310,+651,--6312,154861,163296,+8435,--91889,KRX
20200205,+80300,2,+12700,+18.79,1881512,13886,20849,+6963,+3653,188336,288660,+100324,+51144,KRX
20200204,+67600,2,+2000,+3.05,370927,2707,6017,+3310,--2058,40238,89418,+49180,--33827,KRX
20200203,+65600,2,+1800,+2.82,330684,2616,7984,+5368,+3768,40618,123625,+83007,+58324,KRX
20200131,-63800,5,-1300,-2.00,312369,3778,5378,+1600,+1858,58459,83142,+24683,+28517,KRX
20200130,-65100,5,-200,-0.31,340135,3439,3181,--258,--1401,52437,48603,--3834,--21504,KRX
20200129,+65300,2,+4300,+7.05,513501,3597,4740,+1143,--2302,55711,73381,+17670,--38942,KRX
20200128,-61000,5,-2100,-3.33,275155,2289,5734,+3445,+3258,37562,94174,+56612,+53601,KRX
20200123,+63100,2,+400,+0.64,206082,1934,2121,+187,--510,30876,33887,+3011,--8066,KRX
20200122,+62700,2,+1100,+1.79,201870,1390,2087,+697,+3134,22247,33324,+11077,+50323,KRX
20200121,-61600,5,-2300,-3.60,377379,3586,1149,--2437,+991,57816,18570,--39246,+13640,KRX
20200120,-63900,5,-1900,-2.89,268097,4666,1238,--3428,--6357,72018,19132,--52886,--96760,KRX
20200117,+65800,2,+2000,+3.13,553126,4558,7487,+2929,+3065,68948,112822,+43874,+46007,KRX
20200116,-63800,5,-900,-1.39,262963,2129,1993,--136,+336,33305,31172,--2133,+5161,KRX
20200115,+64700,2,+200,+0.31,184390,1720,1248,--472,+3302,26564,19270,--7294,+50055,KRX
20200114,-64500,5,-3300,-4.87,408568,6682,2908,--3774,--1639,101736,44387,--57349,--25336,KRX
20200113,+67800,2,+1300,+1.95,267366,3537,1402,--2135,--1793,52950,20937,--32013,--26653,KRX
20200110,+66500,2,+2400,+3.74,419360,3883,3541,--342,--260,58848,53488,--5360,--3981,KRX
20200109,+64100,2,+3400,+5.60,325106,3791,3709,--82,+261,59477,58098,--1379,+4179,KRX
20200108,-60700,5,-4000,-6.18,828122,7128,6785,--343,--1907,115970,110412,--5558,--29739,KRX
20200107,+64700,2,+1800,+2.86,292725,1761,3325,+1564,+1309,27328,51509,+24181,+20172,KRX
20200106,-62900,5,-4500,-6.68,635106,4384,4639,+255,+3118,68669,72678,+4009,+45931,KRX
20200103,-67400,5,-2400,-3.44,497767,5545,2682,--2863,--19,81529,39607,--41922,--376,KRX
20200102,+69800,2,+2900,+4.33,495712,4964,2120,--2844,--6208,72651,31105,--41546,--91610,KRX
20191230,+66900,2,+3400,+5.35,883504,4335,7699,+3364,+7431,64738,114802,+50064,+113991,KRX
20191227,+63500,2,+1800,+2.92,737679,7751,3684,--4067,--5380,121825,57898,--63927,--86063,KRX
20191226,+61700,2,+3700,+6.38,862543,5761,7074,+1313,+418,97238,119374,+22136,+6725,KRX
20191224,-58000,5,-100,-0.17,367235,2737,3632,+895,+393,47018,62429,+15411,+7103,KRX
20191223,+58100,2,+500,+0.87,709778,4018,4520,+502,--755,68180,76488,+8308,--13474,KRX
20191220,+57600,2,+900,+1.59,379368,1913,3170,+1257,+3963,33240,55022,+21782,+69242,KRX
20191219,-56700,5,-2800,-4.71,482613,5347,2641,--2706,--204,92958,45498,--47460,--9227,KRX
20191218,-59500,5,-1200,-1.98,1514250,8147,5645,--2502,--1798,129925,91692,--38233,--26381,KRX
20191217,+60700,2,+2300,+3.94,677412,4265,3561,--704,+344,71474,59622,--11852,+6169,KRX
20191216,+58400,2,+800,+1.39,429358,2897,1849,--1048,--808,49841,31820,--18021,--13869,KRX
20191213,+57600,2,+600,+1.05,453845,2120,1880,--240,--289,36812,32660,--4152,--7047,KRX
20191212,+57000,2,+2500,+4.59,1651379,9630,9679,+49,+446,165685,168580,+2895,+9603,KRX
20191211,-54500,5,-2900,-5.05,517872,3505,3108,--397,+729,62874,56166,--6708,+12868,KRX
20191210,+57400,2,+400,+0.70,633729,5064,3938,--1126,--1329,88013,68437,--19576,--23479,KRX
20191209,-57000,5,-1200,-2.06,687842,4035,4238,+203,--970,70875,74778,+3903,--17091,KRX
20191206,-58200,5,-800,-1.36,1009024,5764,6937,+1173,+2481,97380,118374,+20994,+41234,KRX
20191205,-59000,5,-7300,-11.01,1293835,7428,6120,--1308,--3079,118769,98529,--20240,--48357,KRX
20191204,66300,3,0,0.00,1817663,8213,9984,+1771,+20370,123939,152056,+28117,+289124,KRX
20191203,+66300,2,+1500,+2.31,5636951,33129,14530,--18599,--17380,474400,213393,--261007,--242194,KRX
20191202,+64800,1,+14900,+29.86,177479,1219,0,--1219,--2482,18813,0,--18813,--44409,KRX
20191129,+49900,2,+2800,+5.94,374855,2579,3842,+1263,+2160,52963,78559,+25596,+44496,KRX
20191128,-47100,5,-1100,-2.28,203747,2245,1348,--897,+540,47011,28111,--18900,+10981,KRX
20191127,-48200,5,-1350,-2.72,294613,3456,2019,--1437,--2044,72142,42261,--29881,--42057,KRX
20191126,-49550,5,-150,-0.30,293270,2984,3591,+607,--2345,60550,72726,+12176,--49787,KRX
20191125,+49700,2,+7000,+16.39,841105,5421,8373,+2952,+1192,111307,173270,+61963,+21068,KRX
20191122,-42700,5,-1350,-3.06,240852,1183,2943,+1760,+1223,27078,67973,+40895,+28846,KRX
20191121,+44050,2,+250,+0.57,235170,2033,2570,+537,--662,45562,57611,+12049,--14712,KRX
20191120,-43800,5,-4200,-8.75,555292,3179,4378,+1199,+1950,70479,97240,+26761,+42140,KRX
20191119,-48000,5,-1650,-3.32,220209,2141,1390,--751,--4061,43869,28490,--15379,--82374,KRX
20191118,+49650,2,+2350,+4.97,317628,1468,4778,+3310,+2859,29638,96633,+66995,+57536,KRX
20191115,-47300,5,-450,-0.94,165433,894,1345,+451,--965,18738,28197,+9459,--20586,KRX
20191114,+47750,2,+1300,+2.80,205763,1113,2529,+1416,+124,23413,53458,+30045,+2661,KRX
20191113,-46450,5,-3500,-7.01,305542,1705,2997,+1292,+1383,35275,62659,+27384,+29257,KRX
20191112,+49950,2,+100,+0.20,140234,1074,983,--91,+558,21507,19634,--1873,+11100,KRX
20191111,49850,3,0,0.00,216823,1992,1343,--649,--1239,39749,26776,--12973,--24858,KRX
20191108,+49850,2,+2750,+5.84,349203,1956,2546,+590,+132,40222,52107,+11885,+2067,KRX
20191107,+47100,2,+800,+1.73,161785,1019,1477,+458,+2426,21713,31531,+9818,+52111,KRX
20191106,-46300,5,-700,-1.49,178508,2585,617,--1968,--5073,55515,13222,--42293,--109473,KRX
20191105,+47000,2,+2500,+5.62,288055,970,4075,+3105,+3417,21113,88293,+67180,+74113,KRX
20191104,44500,3,0,0.00,154805,1361,1049,--312,--1651,30229,23296,--6933,--37237,KRX
20191101,+44500,2,+1400,+3.25,182325,740,2079,+1339,+1951,16753,47057,+30304,+44348,KRX
20191031,-43100,5,-300,-0.69,222073,1787,1175,--612,--679,40668,26624,--14044,--15515,KRX
20191030,-43400,5,-300,-0.69,165883,1154,1221,+67,+530,26782,28253,+1471,+12043,KRX
20191029,-43700,5,-200,-0.46,134751,1482,1019,--463,--2258,33749,23177,--10572,--51663,KRX
20191028,+43900,2,+2600,+6.30,309529,1449,3244,+1795,+1770,33110,74201,+41091,+40489,KRX
20191025,-41300,5,-400,-0.96,122158,987,1012,+25,+656,23805,24407,+602,+15879,KRX
20191024,-41700,5,-350,-0.83,192675,2271,1640,--631,--1656,55013,39736,--15277,--39240,KRX
20191023,+42050,2,+1000,+2.44,274111,2098,3123,+1025,+687,49820,73783,+23963,+15976,KRX
20191022,-41050,5,-950,-2.26,272315,1892,2230,+338,+120,45464,53451,+7987,+2872,KRX
20191021,-42000,5,-350,-0.83,154318,677,895,+218,+702,15963,21078,+5115,+16583,KRX
20191018,-42350,5,-450,-1.05,127345,880,396,--484,+82,20808,9340,--11468,+1774,KRX
20191017,+42800,2,+400,+0.94,231950,1519,953,--566,--849,35492,22250,--13242,--19941,KRX
20191016,+42400,2,+350,+0.83,145890,495,778,+283,+664,11758,18457,+6699,+15402,KRX
20191015,+42050,2,+3050,+7.82,583672,3000,2619,--381,--608,70969,62266,--8703,--14669,KRX
20191014,+39000,2,+1200,+3.17,131130,542,769,+227,+308,14136,20102,+5966,+8066,KRX
20191011,-37800,5,-500,-1.31,113551,717,636,--81,--131,18810,16710,--2100,--3398,KRX
20191010,+38300,2,+500,+1.32,179990,1238,1288,+50,+869,32472,33770,+1298,+22603,KRX
20191008,-37800,5,-1500,-3.82,274135,2048,1229,--819,+272,53570,32265,--21305,+6767,KRX
20191007,+39300,2,+1450,+3.83,383329,2579,1488,--1091,--214,65843,37771,--28072,--4754,KRX
20191004,+37850,2,+450,+1.20,195312,2000,1123,--877,+147,52990,29672,--23318,+4084,KRX
20191002,+37400,2,+100,+0.27,278792,2010,986,--1024,--2709,53815,26413,--27402,--74115,KRX
20191001,+37300,2,+3050,+8.91,372466,1048,2733,+1685,+2001,28853,75566,+46713,+55836,KRX
20190930,-34250,5,-350,-1.01,118659,769,453,--316,+442,22304,13181,--9123,+12581,KRX
20190927,-34600,5,-350,-1.00,154256,1309,551,--758,--153,37672,15968,--21704,--4334,KRX
20190926,+34950,2,+700,+2.04,207061,1782,1177,--605,--96,50598,33228,--17370,--2707,KRX
20190925,-34250,5,-600,-1.72,140016,1315,806,--509,--1747,37839,23176,--14663,--50568,KRX
20190924,+34850,2,+250,+0.72,200054,715,1953,+1238,+1219,20329,56234,+35905,+35354,KRX
20190923,-34600,5,-1300,-3.62,156476,842,861,+19,+243,24108,24659,+551,+6788,KRX
20190920,-35900,5,-200,-0.55,93619,454,230,--224,--3,12636,6399,--6237,--117,KRX
20190919,+36100,2,+600,+1.69,143749,812,591,--221,+335,22474,16354,--6120,+9195,KRX
20190918,-35500,5,-1100,-3.01,167920,1087,531,--556,--245,30021,14706,--15315,--6606,KRX
20190917,+36600,2,+2150,+6.24,360808,1930,1619,--311,--981,53519,44810,--8709,--28287,KRX
20190916,+34450,2,+1550,+4.71,204400,1147,1817,+670,+609,34709,54287,+19578,+17759,KRX
20190911,+32900,2,+450,+1.39,102576,784,845,+61,+110,23852,25671,+1819,+3109,KRX
20190910,-32450,5,-1200,-3.57,164254,886,837,--49,+1137,26966,25676,--1290,+33292,KRX
20190909,+33650,2,+150,+0.45,291397,1888,702,--1186,--992,54955,20373,--34582,--28880,KRX
20190906,-33500,5,-200,-0.59,106879,636,442,--194,+1010,18902,13200,--5702,+29828,KRX
20190905,-33700,5,-800,-2.32,202746,1812,608,--1204,--871,53521,17991,--35530,--25823,KRX
20190904,+34500,2,+1950,+5.99,307212,1329,996,--333,+639,39709,30002,--9707,+19601,KRX
20190903,+32550,2,+50,+0.15,344819,2036,1064,--972,--658,61637,32329,--29308,--19782,KRX
20190902,+32500,2,+1400,+4.50,445522,1953,1639,--314,+764,60334,50808,--9526,+24370,KRX
20190830,-31100,5,-650,-2.05,432400,2425,1347,--1078,+876,76996,43100,--33896,+26772,KRX
20190829,-31750,5,-450,-1.40,855286,4448,2494,--1954,+1643,139002,78334,--60668,+61864,KRX
20190828,+32200,1,+7400,+29.84,1614241,7296,3699,--3597,--3982,249377,126845,--122532,--138269,KRX
20190827,+24800,2,+1200,+5.08,88850,304,689,+385,+1246,12412,28149,+15737,+51688,KRX
20190826,-23600,5,-2250,-8.70,155732,1399,538,--861,--673,58175,22224,--35951,--28650,KRX
20190823,-25850,5,-550,-2.08,80263,503,315,--188,+518,19461,12160,--7301,+19368,KRX
20190822,-26400,5,-350,-1.31,85084,843,137,--706,--61,31840,5171,--26669,--2055,KRX
20190821,+26750,2,+200,+0.75,116151,1235,590,--645,--366,46914,22300,--24614,--13708,KRX
20190820,+26550,2,+2250,+9.26,252568,1105,826,--279,+155,42555,31649,--10906,+6855,KRX
20190819,-24300,5,-250,-1.02,50760,658,224,--434,--1080,26952,9191,--17761,--44791,KRX
20190816,+24550,2,+450,+1.87,97427,293,939,+646,+668,12221,39251,+27030,+27987,KRX
20190814,+24100,2,+300,+1.26,88173,442,420,--22,+1998,18204,17247,--957,+82067,KRX
20190813,-23800,5,-2100,-8.11,245893,2470,450,--2020,--1506,101516,18492,--83024,--62914,KRX
20190812,+25900,2,+1850,+7.69,187625,1443,929,--514,--13,56320,36210,--20110,+631,KRX
20190809,-24050,5,-350,-1.43,93750,941,440,--501,--344,38994,18253,--20741,--14170,KRX
20190808,+24400,2,+750,+3.17,126939,980,823,--157,--1320,40737,34166,--6571,--56734,KRX
20190807,+23650,2,+1950,+8.99,252150,991,2154,+1163,--702,42991,93154,+50163,--32779,KRX
20190806,-21700,5,-300,-1.36,453097,2072,3937,+1865,+31,91720,174662,+82942,+9920,KRX
20190805,-22000,5,-5550,-20.15,472103,1984,3818,+1834,+1370,82346,155368,+73022,+56596,KRX
20190802,-27550,5,-1700,-5.81,193926,908,1372,+464,--173,32581,49007,+16426,--5045,KRX
20190801,+29250,2,+200,+0.69,109420,933,1570,+637,--634,31470,52941,+21471,--23823,KRX
20190731,-29050,5,-250,-0.85,228055,770,2041,+1271,+730,27152,72446,+45294,+27301,KRX
20190730,-29300,5,-200,-0.68,70049,358,899,+541,+461,11874,29867,+17993,+15283,KRX
20190729,-29500,5,-1850,-5.90,90771,480,560,+80,--646,15954,18664,+2710,--20681,KRX
20190726,-31350,5,-250,-0.79,73203,274,1000,+726,+1075,8846,32237,+23391,+34203,KRX
20190725,-31600,5,-450,-1.40,81719,698,349,--349,--797,21576,10764,--10812,--24726,KRX
20190724,-32050,5,-100,-0.31,50783,244,692,+448,+1362,7585,21499,+13914,+41317,KRX
20190723,-32150,5,-1000,-3.02,139368,1338,424,--914,--740,40199,12796,--27403,--22193,KRX
20190722,+33150,2,+350,+1.07,54805,483,309,--174,--26,14568,9358,--5210,--622,KRX
20190719,+32800,2,+100,+0.31,70952,614,466,--148,+132,18765,14177,--4588,+4347,KRX
20190718,+32700,2,+400,+1.24,98222,812,532,--280,+146,25364,16429,--8935,+4302,KRX
20190717,-32300,5,-200,-0.62,131736,740,314,--426,--257,22998,9761,--13237,--8190,KRX
20190716,+32500,2,+1500,+4.84,167804,1161,992,--169,+216,35849,30802,--5047,+7415,KRX
20190715,-31000,5,-300,-0.96,94604,798,413,--385,+641,25895,13433,--12462,+20300,KRX
20190712,-31300,5,-600,-1.88,106399,1311,285,--1026,--431,41911,9149,--32762,--13756,KRX
20190711,+31900,2,+1000,+3.24,87952,1028,433,--595,--1299,32746,13740,--19006,--42114,KRX
20190710,+30900,2,+1350,+4.57,129311,703,1407,+704,--40,22808,45916,+23108,--1564,KRX
20190709,+29550,2,+150,+0.51,149811,966,1710,+744,+1538,32246,56918,+24672,+50450,KRX
20190708,-29400,5,-3400,-10.37,307392,1698,904,--794,--853,55735,29957,--25778,--27698,KRX
20190705,+32800,2,+1500,+4.79,120350,732,791,+59,+43,22865,24785,+1920,+945,KRX
20190704,-31300,5,-1050,-3.25,190753,812,828,+16,+652,25394,26369,+975,+20393,KRX
20190703,-32350,5,-1450,-4.29,163277,1247,611,--636,+178,38146,18728,--19418,+3975,KRX
20190702,-33800,5,-2150,-5.98,168881,1222,408,--814,+103,35183,11790,--23393,+2707,KRX
20190701,+35950,2,+3150,+9.60,263577,1876,959,--917,--1127,53759,27659,--26100,--32625,KRX
20190628,+32800,2,+500,+1.55,233273,1136,1346,+210,--523,34237,40762,+6525,--16564,KRX
20190627,-32300,5,-3700,-10.28,418820,1986,2719,+733,+1044,58782,81871,+23089,+31637,KRX
20190626,-36000,5,-900,-2.44,150643,1194,883,--311,--437,32786,24238,--8548,--11984,KRX
20190625,-36900,5,-1400,-3.66,162180,699,825,+126,+1156,18690,22126,+3436,+30008,KRX
20190624,-38300,5,-1650,-4.13,157711,1239,209,--1030,--370,32050,5478,--26572,--10117,KRX
20190621,-39950,5,-650,-1.60,69061,785,125,--660,--993,19560,3105,--16455,--24625,KRX
20190620,+40600,2,+1050,+2.65,136459,768,1101,+333,+1856,19066,27236,+8170,+46499,KRX
20190619,-39550,5,-900,-2.22,260831,2068,545,--1523,+1639,52058,13729,--38329,+38696,KRX
20190618,-40450,5,-2400,-5.60,327344,3903,741,--3162,--1344,94804,17779,--77025,--34496,KRX
20190617,-42850,5,-950,-2.17,186063,2086,268,--1818,--1462,48794,6265,--42529,--34503,KRX
20190614,-43800,5,-1550,-3.42,170364,2004,1648,--356,--2329,45194,37168,--8026,--51461,KRX
20190613,-45350,5,-1450,-3.10,641830,15716,17689,+1973,--1959,346201,389636,+43435,--42163,KRX
20190612,+46800,2,+1550,+3.43,296988,1054,4986,+3932,+2261,22985,108583,+85598,+48250,KRX
20190611,+45250,2,+2000,+4.62,338767,1101,2772,+1671,+1465,24636,61984,+37348,+32581,KRX
20190610,+43250,2,+150,+0.35,104941,527,733,+206,--765,12163,16930,+4767,--18042,KRX
20190607,+43100,2,+1100,+2.62,121488,323,1294,+971,+61,7613,30422,+22809,+1502,KRX
20190605,+42000,2,+50,+0.12,122457,362,1272,+910,+387,8517,29824,+21307,+8954,KRX
20190604,-41950,5,-450,-1.06,78533,333,856,+523,+357,7844,20197,+12353,+8466,KRX
20190603,-42400,5,-350,-0.82,51631,549,715,+166,--949,12940,16827,+3887,--22137,KRX
20190531,+42750,2,+1500,+3.64,106484,442,1557,+1115,+1139,10320,36344,+26024,+26687,KRX
20190530,-41250,5,-1300,-3.06,112163,1062,1038,--24,+432,25364,24701,--663,+10004,KRX
20190529,-42550,5,-2150,-4.81,167609,1828,1372,--456,--2690,42529,31862,--10667,--60674,KRX
20190528,+44700,2,+600,+1.36,276357,4780,7014,+2234,+1681,107071,157078,+50007,+37539,KRX
20190527,44100,3,0,0.00,163406,1502,2055,+553,--501,34182,46650,+12468,--11673,KRX
20190524,+44100,2,+800,+1.85,162172,799,1853,+1054,+59,18258,42399,+24141,+1025,KRX
20190523,+43300,2,+100,+0.23,228744,938,1933,+995,+507,21715,44831,+23116,+11864,KRX
20190522,+43200,2,+1650,+3.97,678874,4026,4514,+488,--527,92283,103535,+11252,--13905,KRX
20190521,+41550,2,+1450,+3.62,202360,987,2002,+1015,+920,24256,49413,+25157,+23103,KRX
20190520,-40100,5,-1650,-3.95,228304,1718,1813,+95,--96,42658,44712,+2054,--2432,KRX
20190517,-41750,5,-1750,-4.02,225662,1154,1345,+191,+386,27397,31883,+4486,+8964,KRX
20190516,-43500,5,-1800,-3.97,163943,1282,1087,--195,+672,28771,24293,--4478,+14595,KRX
20190515,+45300,2,+1450,+3.31,426353,3103,2236,--867,+496,68166,49093,--19073,+12250,KRX
20190514,+43850,2,+1100,+2.57,167582,2818,1455,--1363,--894,64821,33498,--31323,--20346,KRX
20190513,+42750,2,+600,+1.42,108068,1488,1019,--469,--541,34683,23706,--10977,--12646,KRX
20190510,+42150,2,+50,+0.12,78863,823,895,+72,+88,19499,21168,+1669,+2062,KRX
20190509,-42100,5,-1550,-3.55,152454,1147,1131,--16,+682,26993,26600,--393,+15681,KRX
20190508,-43650,5,-850,-1.91,130046,1667,969,--698,--296,38359,22285,--16074,--6866,KRX
20190507,-44500,5,-750,-1.66,243936,2015,1613,--402,--1975,45612,36404,--9208,--44790,KRX
20190503,+45250,2,+3050,+7.23,173803,267,1840,+1573,+3939,6064,41646,+35582,+90733,KRX
20190502,-42200,5,-1900,-4.31,185096,2588,222,--2366,--1952,60336,5185,--55151,--45713,KRX
20190430,+44100,2,+850,+1.97,135933,1120,706,--414,--1188,25556,16118,--9438,--27468,KRX
20190429,+43250,2,+2200,+5.36,116336,387,1161,+774,+898,9121,27151,+18030,+20964,KRX
20190426,+41050,2,+200,+0.49,85480,875,751,--124,+267,21261,18327,--2934,+6603,KRX
20190425,-40850,5,-1150,-2.74,97827,953,562,--391,--561,23208,13671,--9537,--13590,KRX
20190424,-42000,5,-400,-0.94,67807,366,536,+170,+343,8667,12720,+4053,+8063,KRX
20190423,-42400,5,-1400,-3.20,102294,833,660,--173,+583,19524,15514,--4010,+13184,KRX
20190422,+43800,2,+500,+1.15,143571,1544,788,--756,--2138,35036,17842,--17194,--49711,KRX
20190419,+43300,2,+2400,+5.87,186965,551,1933,+1382,+823,12815,45332,+32517,+18822,KRX
20190418,-40900,5,-1900,-4.44,292248,1446,2005,+559,+821,35410,49105,+13695,+19749,KRX
20190417,-42800,5,-200,-0.47,58406,483,221,--262,--381,11215,5161,--6054,--8919,KRX
20190416,+43000,2,+350,+0.82,110165,470,589,+119,+6,10899,13764,+2865,+207,KRX
20190415,-42650,5,-1500,-3.40,135891,569,682,+113,+1077,13219,15877,+2658,+24090,KRX
20190412,-44150,5,-350,-0.79,126092,1237,273,--964,--514,27607,6175,--21432,--11369,KRX
20190411,-44500,5,-300,-0.67,93336,965,515,--450,--1132,21598,11535,--10063,--25694,KRX
20190410,+44800,2,+1850,+4.31,224812,978,1660,+682,+318,22144,37775,+15631,+7005,KRX
20190409,-42950,5,-1450,-3.27,238994,1569,1933,+364,--2467,36563,45189,+8626,--55876,KRX
20190408,+44400,2,+650,+1.49,206544,341,3172,+2831,+2301,7695,72197,+64502,+52630,KRX
20190405,-43750,5,-3050,-6.52,238533,666,1196,+530,+97,14685,26557,+11872,+2599,KRX
20190404,+46800,2,+900,+1.96,151628,980,1413,+433,--1279,21149,30422,+9273,--27370,KRX
20190403,-45900,5,-550,-1.18,176742,284,1996,+1712,+3253,6096,42739,+36643,+69409,KRX
20190402,-46450,5,-1800,-3.73,217186,2143,602,--1541,--462,45585,12819,--32766,--10315,KRX
20190401,48250,3,0,0.00,191284,2024,945,--1079,--2136,42171,19720,--22451,--45102,KRX
20190329,+48250,2,+3250,+7.22,276151,1168,2225,+1057,--755,24817,47468,+22651,--17240,KRX
20190328,-45000,5,-600,-1.32,221676,298,2110,+1812,+1846,6518,46409,+39891,+40474,KRX
20190327,-45600,5,-2500,-5.20,213317,872,838,--34,--3633,18485,17902,--583,--76393,KRX
20190326,+48100,2,+3050,+6.77,476259,786,4385,+3599,+2310,16407,92217,+75810,+47306,KRX
20190325,-45050,5,-2600,-5.46,306213,764,2053,+1289,--743,16533,45037,+28504,--14881,KRX
20190322,+47650,2,+50,+0.11,246206,344,2376,+2032,+2634,7320,50705,+43385,+55267,KRX
20190321,-47600,5,-900,-1.86,380809,2849,2247,--602,--2671,58497,46615,--11882,--57272,KRX
20190320,+48500,2,+3050,+6.71,405030,1035,3104,+2069,+417,22002,67392,+45390,+8858,KRX
20190319,-45450,5,-200,-0.44,244910,458,2110,+1652,+581,10083,46615,+36532,+13428,KRX
20190318,+45650,2,+50,+0.11,519916,2497,3568,+1071,--162,53792,76896,+23104,--4205,KRX
20190315,+45600,2,+2950,+6.92,860629,2255,3488,+1233,--456,50621,77930,+27309,--12642,KRX
20190314,+42650,2,+550,+1.31,204423,553,2242,+1689,--463,13022,52973,+39951,--11676,KRX
20190313,+42100,2,+600,+1.45,594589,1547,3699,+2152,+724,36228,87855,+51627,+16312,KRX
20190312,+41500,2,+3100,+8.07,600046,560,1988,+1428,+841,13859,49174,+35315,+19452,KRX
20190311,-38400,5,-100,-0.26,1212740,2516,3103,+587,+581,65025,80888,+15863,+15753,KRX
20190308,+38500,2,+2550,+7.09,620410,1166,1172,+6,--429,30748,30858,+110,--12172,KRX
20190307,+35950,2,+1400,+4.05,291891,350,785,+435,+692,9769,22051,+12282,+19628,KRX
20190306,-34550,5,-700,-1.99,124664,365,108,--257,--267,10474,3128,--7346,--7606,KRX
20190305,+35250,2,+100,+0.28,107060,250,260,+10,+248,7106,7366,+260,+6969,KRX
20190304,+35150,2,+1050,+3.08,306966,868,630,--238,--2006,24505,17796,--6709,--59293,KRX
20190228,+34100,2,+3050,+9.82,592807,507,2275,+1768,+1340,14966,67550,+52584,+38661,KRX
20190227,+31050,2,+500,+1.64,60913,8,436,+428,+188,245,14168,+13923,+6166,KRX
20190226,-30550,5,-50,-0.16,38778,55,295,+240,--90,1781,9538,+7757,--2991,KRX
20190225,-30600,5,-700,-2.24,125580,60,390,+330,+240,1956,12704,+10748,+7916,KRX
20190222,-31300,5,-900,-2.80,84259,97,187,+90,+192,3040,5872,+2832,+5967,KRX
20190221,-32200,5,-650,-1.98,70514,240,138,--102,+19,7364,4229,--3135,+567,KRX
20190220,+32850,2,+50,+0.15,38977,137,16,--121,--38,4203,501,--3702,--1137,KRX
20190219,+32800,2,+50,+0.15,45144,185,102,--83,--210,5688,3123,--2565,--6440,KRX
20190218,+32750,2,+650,+2.02,97891,193,320,+127,--63,5897,9772,+3875,--2160,KRX
20190215,+32100,2,+850,+2.72,62187,76,266,+190,+20,2408,8443,+6035,+635,KRX
20190214,-31250,5,-250,-0.79,55175,18,188,+170,+269,581,5981,+5400,+8522,KRX
20190213,-31500,5,-300,-0.94,58480,194,95,--99,--38,6102,2980,--3122,--1170,KRX
20190212,31800,3,0,0.00,68596,241,180,--61,--424,7618,5666,--1952,--13424,KRX
20190211,+31800,2,+550,+1.76,89866,92,455,+363,+331,2926,14398,+11472,+10435,KRX
20190208,+31250,2,+1000,+3.31,70085,119,151,+32,+118,3904,4941,+1037,+3865,KRX
20190207,-30250,5,-50,-0.17,57258,225,139,--86,+24,7458,4630,--2828,+889,KRX
20190201,+30300,2,+1400,+4.84,81092,272,162,--110,--344,9262,5545,--3717,--11826,KRX
20190131,+28900,2,+400,+1.40,59176,60,294,+234,--38,2087,10196,+8109,--1531,KRX
20190130,-28500,5,-650,-2.23,135209,199,471,+272,+253,6753,16393,+9640,+8979,KRX
20190129,-29150,5,-750,-2.51,57665,56,75,+19,--51,1898,2559,+661,--1675,KRX
20190128,-29900,5,-150,-0.50,42204,66,136,+70,+196,2207,4543,+2336,+6523,KRX
20190125,-30050,5,-150,-0.50,32953,132,6,--126,--7,4393,206,--4187,--211,KRX
20190124,+30200,2,+450,+1.51,56778,262,143,--119,+78,8770,4794,--3976,+2640,KRX
20190123,-29750,5,-450,-1.49,36303,260,63,--197,--241,8733,2117,--6616,--8083,KRX
20190122,+30200,2,+750,+2.55,69627,124,168,+44,+60,4135,5602,+1467,+2002,KRX
20190121,-29450,5,-450,-1.51,48740,105,89,--16,+48,3515,2980,--535,+1614,KRX
20190118,-29900,5,-50,-0.17,46981,215,151,--64,--225,7218,5069,--2149,--7614,KRX
20190117,+29950,2,+1200,+4.17,93251,193,354,+161,+165,6580,12045,+5465,+5575,KRX
20190116,-28750,5,-650,-2.21,85135,154,150,--4,--99,5302,5192,--110,--3262,KRX
20190115,+29400,2,+100,+0.34,83094,203,298,+95,+227,6808,9960,+3152,+7574,KRX
20190114,-29300,5,-1450,-4.72,113366,366,234,--132,+24,12301,7879,--4422,+677,KRX
20190111,-30750,5,-100,-0.32,88083,448,292,--156,--165,14558,9459,--5099,--5369,KRX
20190110,+30850,2,+150,+0.49,77362,302,311,+9,+236,9815,10085,+270,+7695,KRX
20190109,-30700,5,-1100,-3.46,206329,469,242,--227,--260,15262,7837,--7425,--8478,KRX
20190108,-31800,5,-100,-0.31,113090,136,169,+33,+404,4327,5380,+1053,+12784,KRX
20190107,31900,3,0,0.00,116423,401,30,--371,--333,12672,941,--11731,--10537,KRX
20190104,+31900,2,+1300,+4.25,182867,425,387,--38,+424,13471,12277,--1194,+13700,KRX
20190103,-30600,5,-300,-0.97,255532,905,443,--462,--656,29396,14502,--14894,--21421,KRX
20190102,+30900,2,+2300,+8.04,232331,391,585,+194,+334,12964,19491,+6527,+11336,KRX
20181228,+28600,2,+450,+1.60,132183,339,199,--140,--196,11733,6924,--4809,--6855,KRX
20181227,+28150,2,+2100,+8.06,158897,215,271,+56,--91,7862,9908,+2046,--3535,KRX
20181226,+26050,2,+50,+0.19,114593,215,362,+147,--107,8395,13976,+5581,--4297,KRX
20181224,+26000,2,+800,+3.17,125189,130,384,+254,+313,5101,14979,+9878,+12195,KRX
20181221,25200,3,0,0.00,105803,178,119,--59,--163,6987,4670,--2317,--6468,KRX
20181220,+25200,2,+100,+0.40,129805,229,333,+104,--58,9066,13217,+4151,--2266,KRX
20181219,25100,3,0,0.00,107968,84,246,+162,+79,3336,9753,+6417,+3013,KRX
20181218,-25100,5,-400,-1.57,108433,172,255,+83,--42,6686,10090,+3404,--1532,KRX
20181217,-25500,5,-950,-3.59,128108,215,340,+125,+212,8446,13382,+4936,+8069,KRX
20181214,-26450,5,-1650,-5.87,141955,269,182,--87,+68,9996,6863,--3133,+2393,KRX
20181213,-28100,5,-350,-1.23,79475,326,171,--155,--157,11584,6058,--5526,--5588,KRX
20181212,+28450,2,+50,+0.18,43593,83,85,+2,+169,2924,2986,+62,+5901,KRX
20181211,-28400,5,-450,-1.56,39647,219,52,--167,--25,7681,1842,--5839,--935,KRX
20181210,-28850,5,-1050,-3.51,45386,216,74,--142,--142,7432,2528,--4904,--4904,KRX
