일자,현재가,대비부호,전일대비,등락율,체결수량,프로그램매도금액,프로그램매수금액,프로그램순매수금액,프로그램순매수금액증감,프로그램매도수량,프로그램매수수량,프로그램순매수수량,프로그램순매수수량증감,거래소구분
20260720,159000,0,0,0.00,0,0,0,0,+5443,0,0,0,+34009,KRX
20260716,-159000,5,-8700,-5.19,534692,50776,45333,--5443,--6574,316819,282810,--34009,--40564,KRX
20260715,+167700,2,+2300,+1.39,546853,39584,40715,+1131,+4985,235138,241693,+6555,+29282,KRX
20260714,-165400,5,-4600,-2.71,569154,48394,44540,--3854,--12346,292542,269815,--22727,--72674,KRX
20260713,-170000,5,-8900,-4.97,413204,32838,41330,+8492,--17605,190785,240732,+49947,--95961,KRX
20260710,+178900,2,+18300,+11.39,706177,50241,76338,+26097,+13040,281645,427553,+145908,+64541,KRX
20260709,-160600,5,-8500,-5.03,576242,39370,52427,+13057,+2433,241076,322443,+81367,+17693,KRX
20260708,-169100,5,-17300,-9.28,709515,58469,69093,+10624,--27686,339892,403566,+63674,--145235,KRX
20260707,-186400,5,-9300,-4.75,763050,46791,85101,+38310,+20130,254722,463631,+208909,+118296,KRX
20260706,-195700,5,-4800,-2.39,509298,43869,62049,+18180,+19681,221874,312487,+90613,+98108,KRX
20260703,+200500,2,+3100,+1.57,419619,40081,38580,--1501,+9876,202532,195037,--7495,+50965,KRX
20260702,+197400,2,+7600,+4.00,724151,71714,60337,--11377,--22395,365678,307218,--58460,--118711,KRX
20260701,+189800,2,+16800,+9.71,491669,34694,45712,+11018,+19908,186890,247141,+60251,+111232,KRX
20260630,-173000,5,-11900,-6.44,485861,42301,33411,--8890,--13457,241745,190764,--50981,--77119,KRX
20260629,+184900,2,+15100,+8.89,623798,43449,48016,+4567,+7460,241898,268036,+26138,+42612,KRX
20260626,-169800,5,-13200,-7.21,866962,80448,77555,--2893,--5261,476554,460080,--16474,--29925,KRX
20260625,-183000,5,-12500,-6.39,516841,34616,36984,+2368,+7463,185228,198679,+13451,+40028,KRX
20260624,+195500,2,+1900,+0.98,458394,50189,45094,--5095,--12391,260363,233786,--26577,--62483,KRX
20260623,-193600,5,-9900,-4.86,396265,42137,49433,+7296,--4109,212022,247928,+35906,--19265,KRX
20260622,-203500,5,-3500,-1.69,401097,44145,55550,+11405,--1270,213090,268261,+55171,--6192,KRX
20260619,-207000,5,-4500,-2.13,611211,77980,90655,+12675,+6074,376389,437752,+61363,+30150,KRX
20260618,-211500,5,-7500,-3.42,414563,45897,52498,+6601,+5540,216242,247455,+31213,+26488,KRX
20260617,-219000,5,-7500,-3.31,452271,55340,56401,+1061,--45296,248869,253594,+4725,--197608,KRX
20260616,+226500,2,+13500,+6.34,956649,67615,113972,+46357,+24977,296364,498697,+202333,+102969,KRX
20260615,+213000,2,+4500,+2.16,459919,42609,63989,+21380,+7108,199630,298994,+99364,+29741,KRX
20260612,+208500,2,+20100,+10.67,992137,101041,115313,+14272,+23987,492666,562289,+69623,+121506,KRX
20260611,-188400,5,-1000,-0.53,654863,86046,76331,--9715,--1713,463045,411162,--51883,--9062,KRX
20260610,+189400,2,+8500,+4.70,515083,55040,47038,--8002,+3465,294385,251564,--42821,+21817,KRX
20260609,+180900,2,+5900,+3.37,637669,67979,56512,--11467,--6838,377866,313228,--64638,--37861,KRX
20260608,-175000,5,-16400,-8.57,480753,40301,35672,--4629,--1616,229989,203212,--26777,--11223,KRX
20260605,-191400,5,-1300,-0.67,408005,36273,33260,--3013,+35171,190365,174811,--15554,+183026,KRX
20260604,-192700,5,-10300,-5.07,664121,82296,44112,--38184,--19894,426077,227497,--198580,--106781,KRX
20260602,-203000,5,-10000,-4.69,700044,91589,73299,--18290,--78398,450809,359010,--91799,--368857,KRX
20260601,+213000,2,+12500,+6.23,935835,78925,139033,+60108,+88882,367834,644892,+277058,+421008,KRX
20260529,-200500,5,-5500,-2.67,1158750,140161,111387,--28774,--17757,698570,554620,--143950,--90753,KRX
20260528,-206000,5,-1000,-0.48,697483,83432,72415,--11017,--5132,405793,352596,--53197,--24237,KRX
20260527,-207000,5,-7000,-3.27,711554,83883,77998,--5885,+32514,399605,370645,--28960,+152254,KRX
20260526,+214000,2,+8000,+3.88,790629,111824,73425,--38399,--35936,528580,347366,--181214,--169494,KRX
20260522,+206000,2,+10500,+5.37,529460,54495,52032,--2463,--2297,265237,253517,--11720,--11134,KRX
20260521,+195500,2,+5000,+2.62,523362,42499,42333,--166,--10746,216900,216314,--586,--56242,KRX
20260520,-190500,5,-5100,-2.61,543953,39792,50372,+10580,+21057,209526,265182,+55656,+108219,KRX
20260519,-195600,5,-5400,-2.69,652263,62013,51536,--10477,+7292,313774,261211,--52563,+35527,KRX
20260518,-201000,5,-500,-0.25,537352,63979,46210,--17769,--13620,318545,230455,--88090,--67651,KRX
20260515,-201500,5,-11000,-5.18,505763,49018,44869,--4149,--8404,239420,218981,--20439,--40507,KRX
20260514,-212500,5,-2500,-1.16,484510,42272,46527,+4255,+17412,199318,219386,+20068,+81863,KRX
20260513,215000,3,0,0.00,416167,50439,37282,--13157,--14340,236607,174812,--61795,--69328,KRX
20260512,-215000,5,-4500,-2.05,690139,58903,60086,+1183,--2373,272094,279627,+7533,--8666,KRX
20260511,-219500,5,-3500,-1.57,654544,53089,56645,+3556,+4370,240186,256385,+16199,+19514,KRX
20260508,-223000,5,-12000,-5.11,1107625,85703,84889,--814,+34252,382649,379334,--3315,+143671,KRX
20260507,-235000,5,-27000,-10.31,1459627,122003,86937,--35066,--45542,508501,361515,--146986,--186231,KRX
20260506,-262000,5,-7000,-2.60,896925,103756,114232,+10476,+75077,397111,436356,+39245,+283480,KRX
20260504,+269000,2,+500,+0.19,1312071,151471,86870,--64601,--185453,573034,328799,--244235,--688034,KRX
20260430,+268500,2,+4500,+1.70,1479575,120223,241075,+120852,+63440,443419,887218,+443799,+227087,KRX
20260429,+264000,2,+19500,+7.98,1607652,110199,167611,+57412,+839,417884,634596,+216712,--19374,KRX
20260428,+244500,2,+13500,+5.84,786885,48797,105370,+56573,+101634,204990,441076,+236086,+429140,KRX
20260427,-231000,5,-2000,-0.86,944178,114425,69364,--45061,--34527,485014,291960,--193054,--145657,KRX
20260424,-233000,5,-2500,-1.06,1957754,173333,162799,--10534,--4162,720904,673507,--47397,--19972,KRX
20260423,-235500,5,-2000,-0.84,878027,102053,95681,--6372,--61696,438518,411093,--27425,--264086,KRX
20260422,+237500,2,+16000,+7.22,1153226,71941,127265,+55324,+61556,308032,544693,+236661,+265055,KRX
20260421,+221500,2,+3000,+1.37,737464,80731,74499,--6232,+26346,366559,338165,--28394,+120582,KRX
20260420,+218500,2,+2500,+1.16,634774,82403,49825,--32578,--24111,374939,225963,--148976,--109399,KRX
20260417,+216000,2,+1000,+0.47,612974,84561,76094,--8467,--1155,389935,350358,--39577,--5330,KRX
20260416,+215000,2,+5000,+2.38,636478,85693,78381,--7312,+3376,395776,361529,--34247,+17261,KRX
20260415,-210000,5,-1500,-0.71,760242,114780,104092,--10688,+17280,541847,490339,--51508,+80325,KRX
20260414,+211500,2,+4500,+2.17,1002559,103125,75157,--27968,--18251,481575,349742,--131833,--84668,KRX
20260413,-207000,5,-3000,-1.43,554242,72890,63173,--9717,--23725,351978,304813,--47165,--113796,KRX
20260410,+210000,2,+7000,+3.45,827905,88333,102341,+14008,--853,426202,492833,+66631,--5639,KRX
20260409,-203000,5,-3500,-1.69,727272,79023,93884,+14861,+28099,385837,458107,+72270,+136493,KRX
20260408,-206500,5,-4500,-2.13,845448,81254,68016,--13238,--74,392167,327944,--64223,--939,KRX
20260407,211000,3,0,0.00,735486,83543,70379,--13164,--5212,396381,333097,--63284,--25379,KRX
20260406,+211000,2,+1000,+0.48,569593,49045,41093,--7952,--4459,232447,194542,--37905,--21015,KRX
20260403,+210000,2,+8500,+4.22,985634,72799,69306,--3493,--64279,351005,334115,--16890,--314874,KRX
20260402,+201500,2,+12700,+6.73,1930445,96220,157006,+60786,+46920,473511,771495,+297984,+222786,KRX
20260401,+188800,2,+19300,+11.39,741350,29376,43242,+13866,+20012,157223,232421,+75198,+110537,KRX
20260331,-169500,5,-10500,-5.83,640073,42098,35952,--6146,--7083,245033,209694,--35339,--41271,KRX
20260330,-180000,5,-4200,-2.28,401475,27425,28362,+937,+23933,153108,159040,+5932,+132956,KRX
20260327,-184200,5,-5600,-2.95,448796,48387,25391,--22996,--25945,266775,139751,--127024,--142372,KRX
20260326,-189800,5,-900,-0.47,644593,50144,53093,+2949,--14481,262059,277407,+15348,--78414,KRX
20260325,+190700,2,+12800,+7.20,1090736,73051,90481,+17430,+22042,390444,484206,+93762,+120558,KRX
20260324,+177900,2,+9000,+5.33,690912,50241,45629,--4612,+10189,286608,259812,--26796,+60731,KRX
20260323,-168900,5,-11200,-6.22,854781,64124,49323,--14801,--41033,376969,289442,--87527,--231487,KRX
20260320,-180100,5,-6200,-3.33,1255392,83818,110050,+26232,+32739,464089,608049,+143960,+177093,KRX
20260319,-186300,5,-6700,-3.47,1142220,55193,48686,--6507,--5050,291710,258577,--33133,--25477,KRX
20260318,+193000,2,+100,+0.05,508936,33738,32281,--1457,--14815,175262,167606,--7656,--76689,KRX
20260317,-192900,5,-300,-0.16,480144,22741,36099,+13358,+10627,117419,186452,+69033,+55197,KRX
20260316,-193200,5,-5300,-2.67,562576,34240,36971,+2731,+32373,176088,189924,+13836,+163918,KRX
20260313,-198500,5,-7500,-3.64,763707,67045,37403,--29642,--8704,339159,189077,--150082,--47422,KRX
20260312,+206000,2,+3000,+1.48,640766,78061,57123,--20938,--6553,383734,281074,--102660,--31983,KRX
20260311,-203000,5,-4500,-2.17,936548,109222,94837,--14385,+26629,530528,459851,--70677,+125236,KRX
20260310,-207500,5,-7500,-3.49,875685,99819,58805,--41014,+37599,476344,280431,--195913,+170507,KRX
20260309,-215000,5,-18000,-7.73,1397778,176295,97682,--78613,--90240,819480,453060,--366420,--415543,KRX
20260306,+233000,2,+7500,+3.33,1214459,108967,120594,+11627,--52731,470281,519404,+49123,--240539,KRX
20260305,+225500,2,+23500,+11.63,1394352,62836,127194,+64358,+28714,281669,571331,+289662,+102266,KRX
20260304,-202000,5,-47000,-18.88,3080115,258740,294384,+35644,+165294,1155407,1342803,+187396,+704071,KRX
20260303,+249000,2,+18500,+8.03,3837109,371592,241942,--129650,--249400,1471371,954696,--516675,--1031431,KRX
20260227,+230500,2,+10500,+4.77,1829137,113722,233472,+119750,+115156,489878,1004634,+514756,+494033,KRX
20260226,-220000,5,-2500,-1.12,660400,60366,64960,+4594,--9324,273732,294455,+20723,--41836,KRX
20260225,+222500,2,+1000,+0.45,730341,81215,95133,+13918,+24244,367193,429752,+62559,+110177,KRX
20260224,221500,3,0,0.00,628611,74884,64558,--10326,--28209,341644,294026,--47618,--128442,KRX
20260223,+221500,2,+1500,+0.68,686043,54797,72680,+17883,--25958,248105,328929,+80824,--119373,KRX
20260220,+220000,2,+10000,+4.76,786104,42403,86244,+43841,+7826,194670,394867,+200197,+27318,KRX
20260219,+210000,2,+8500,+4.22,527838,37953,73968,+36015,+30728,182330,355209,+172879,+146965,KRX
20260213,-201500,5,-4500,-2.18,445711,37185,42472,+5287,+30854,183578,209492,+25914,+151364,KRX
20260212,+206000,2,+3500,+1.73,642274,64670,39103,--25567,--30879,317560,192110,--125450,--151654,KRX
20260211,+202500,2,+2500,+1.25,494123,49034,54346,+5312,+60044,242506,268710,+26204,+295241,KRX
20260210,-200000,5,-12500,-5.88,833858,79616,24884,--54732,--84328,391140,122103,--269037,--408274,KRX
20260209,+212500,2,+10000,+4.94,535686,40160,69756,+29596,+33072,189696,328933,+139237,+158235,KRX
20260206,-202500,5,-4500,-2.17,746761,54227,50751,--3476,+133497,273173,254175,--18998,+625683,KRX
20260205,-207000,5,-21500,-9.41,1387140,176847,39874,--136973,--128318,828997,184316,--644681,--607043,KRX
20260204,+228500,2,+6500,+2.93,908482,73784,65129,--8655,--36851,327045,289407,--37638,--165748,KRX
20260203,+222000,2,+7500,+3.50,852324,46933,75129,+28196,+123023,212882,340992,+128110,+565612,KRX
20260202,-214500,5,-16000,-6.94,1665688,193983,99156,--94827,--58718,891064,453562,--437502,--272316,KRX
20260130,+230500,2,+4000,+1.77,2134719,187542,151433,--36109,--56642,832766,667580,--165186,--254263,KRX
20260129,+226500,2,+3500,+1.57,1139757,86803,107336,+20533,--441,389792,478869,+89077,--4648,KRX
20260128,+223000,2,+11500,+5.44,1400214,89108,110082,+20974,+31046,411214,504939,+93725,+141146,KRX
20260127,-211500,5,-1500,-0.70,696371,67579,57507,--10072,--25546,319782,272361,--47421,--119277,KRX
20260126,+213000,2,+5500,+2.65,717159,49277,64751,+15474,+6442,232225,304081,+71856,+27910,KRX
20260123,+207500,2,+1000,+0.48,631848,33124,42156,+9032,+54465,159820,203766,+43946,+261693,KRX
20260122,-206500,5,-9000,-4.18,953664,80833,35400,--45433,--29995,387300,169553,--217747,--145199,KRX
20260121,-215500,5,-3000,-1.37,718595,58714,43276,--15438,--16932,274758,202210,--72548,--78692,KRX
20260120,+218500,2,+3500,+1.63,1306791,75906,77400,+1494,+20215,345176,351320,+6144,+93201,KRX
20260119,215000,3,0,0.00,569588,42757,24036,--18721,--25064,198630,111573,--87057,--116801,KRX
20260116,-215000,5,-4500,-2.05,687877,37929,44272,+6343,+31502,175786,205530,+29744,+144063,KRX
20260115,-219500,5,-3500,-1.57,880442,73885,48726,--25159,+14531,336944,222625,--114319,+62914,KRX
20260114,-223000,5,-9000,-3.88,784784,70978,31288,--39690,--46305,317199,139966,--177233,--206533,KRX
20260113,+232000,2,+14000,+6.42,1068627,57591,64206,+6615,+22304,254407,283707,+29300,+99471,KRX
20260112,-218000,5,-1000,-0.46,776970,59412,43723,--15689,+18036,269156,198985,--70171,+86623,KRX
20260109,+219000,2,+8000,+3.79,1167987,106708,72983,--33725,--51547,492272,335478,--156794,--240947,KRX
20260108,+211000,2,+8500,+4.20,1014322,46580,64402,+17822,+22558,220658,304811,+84153,+107603,KRX
20260107,-202500,5,-4000,-1.94,686532,51040,46304,--4736,--20265,252340,228890,--23450,--99852,KRX
20260106,+206500,2,+7700,+3.87,905678,46570,62099,+15529,+12101,229069,305471,+76402,+59512,KRX
20260105,+198800,2,+5400,+2.79,656563,50261,53689,+3428,+9037,254806,271696,+16890,+46368,KRX
20260102,+193400,2,+5500,+2.93,556477,45280,39671,--5609,--16850,234698,205220,--29478,--89024,KRX
20251230,-187900,5,-1700,-0.90,440136,28474,39715,+11241,--24899,150725,210271,+59546,--131831,KRX
20251229,+189600,2,+9800,+5.45,691289,29450,65590,+36140,+15794,156401,347778,+191377,+78921,KRX
20251226,-179800,5,-3800,-2.07,505954,16269,36615,+20346,+22865,89704,202160,+112456,+125914,KRX
20251224,-183600,5,-5100,-2.70,409043,28762,26243,--2519,--13364,155260,141802,--13458,--71526,KRX
20251223,+188700,2,+5700,+3.11,412221,11111,21956,+10845,+17415,59890,117958,+58068,+94322,KRX
20251222,+183000,2,+3700,+2.06,365888,28482,21912,--6570,--19323,156598,120344,--36254,--106949,KRX
20251219,+179300,2,+4300,+2.46,387330,23042,35795,+12753,+25771,128118,198813,+70695,+144535,KRX
20251218,-175000,5,-5200,-2.89,287160,19976,6958,--13018,--14347,113284,39444,--73840,--81075,KRX
20251217,-180200,5,-1200,-0.66,341609,14931,16260,+1329,+6044,82282,89517,+7235,+33596,KRX
20251216,181400,3,0,0.00,488033,22566,17851,--4715,+4843,126015,99654,--26361,+26012,KRX
20251215,-181400,5,-5000,-2.68,380700,27681,18123,--9558,--24666,151378,99005,--52373,--133794,KRX
20251212,+186400,2,+7200,+4.02,571677,21424,36532,+15108,+27508,115507,196928,+81421,+149152,KRX
20251211,-179200,5,-7800,-4.17,777548,42983,30583,--12400,+21870,235993,168262,--67731,+112708,KRX
20251210,-187000,5,-5200,-2.71,840828,53707,19437,--34270,--26219,282742,102303,--180439,--139105,KRX
20251209,+192200,2,+100,+0.05,901138,63256,55205,--8051,+43974,327115,285781,--41334,+231988,KRX
20251208,+192100,2,+10100,+5.55,1125766,100037,48012,--52025,--48993,525921,252599,--273322,--256822,KRX
20251205,+182000,2,+5800,+3.29,814651,58377,55345,--3032,+9369,323266,306766,--16500,+55138,KRX
20251204,+176200,2,+1600,+0.92,590263,45251,32850,--12401,--16068,260663,189025,--71638,--92957,KRX
20251203,+174600,2,+5100,+3.01,633329,50221,53888,+3667,--14679,288671,309990,+21319,--87906,KRX
20251202,-169500,5,-900,-0.53,820612,54885,73231,+18346,--15813,327293,436518,+109225,--90927,KRX
20251201,-170400,5,-5300,-3.02,596073,19951,54110,+34159,+13921,116826,316978,+200152,+83971,KRX
20251128,-175700,5,-3500,-1.95,595501,34099,54337,+20238,+12228,194102,310283,+116181,+71797,KRX
20251127,-179200,5,-200,-0.11,396109,24858,32868,+8010,--8602,137148,181532,+44384,--48117,KRX
20251126,+179400,2,+2200,+1.24,452494,17675,34287,+16612,--22942,98371,190872,+92501,--131224,KRX
20251125,+177200,2,+2200,+1.26,616585,26006,65560,+39554,+15510,147079,370804,+223725,+85340,KRX
20251124,-175000,5,-7800,-4.27,1464343,92565,116609,+24044,+16430,534838,673223,+138385,+96892,KRX
20251121,-182800,5,-7200,-3.79,379598,23038,30652,+7614,--6273,125526,167019,+41493,--31654,KRX
20251120,+190000,2,+3200,+1.71,494914,27056,40943,+13887,+2766,142471,215618,+73147,+13171,KRX
20251119,-186800,5,-500,-0.27,479905,23661,34782,+11121,+27520,126756,186732,+59976,+143583,KRX
20251118,-187300,5,-9500,-4.83,820713,50751,34352,--16399,--13090,264892,181285,--83607,--66681,KRX
20251117,+196800,2,+100,+0.05,399059,28458,25149,--3309,--8337,145097,128171,--16926,--42168,KRX
20251114,+196700,2,+1200,+0.61,574253,34289,39317,+5028,+2476,172601,197843,+25242,+12216,KRX
20251113,-195500,5,-400,-0.20,613098,42673,45225,+2552,--20792,217997,231023,+13026,--105411,KRX
20251112,-195900,5,-800,-0.41,749923,36287,59631,+23344,+38060,184172,302609,+118437,+191323,KRX
20251111,-196700,5,-11300,-5.43,927317,62137,47421,--14716,--38966,309672,236786,--72886,--189790,KRX
20251110,+208000,2,+9300,+4.68,547704,28120,52370,+24250,+20190,135980,252884,+116904,+95932,KRX
20251107,-198700,5,-13300,-6.27,1218095,59820,63880,+4060,+6087,300735,321707,+20972,+29621,KRX
20251106,-212000,5,-2500,-1.17,525094,44862,42835,--2027,+14924,209758,201109,--8649,+73683,KRX
20251105,-214500,5,-15500,-6.74,1185322,114427,97476,--16951,+41865,529795,447463,--82332,+171255,KRX
20251104,-230000,5,-14500,-5.93,1051336,137427,78611,--58816,--90229,592298,338711,--253587,--381507,KRX
20251103,+244500,2,+14000,+6.07,1171650,90792,122205,+31413,+23541,380079,507999,+127920,+94739,KRX
20251031,-230500,5,-1000,-0.43,446235,37091,44963,+7872,+1315,159970,193151,+33181,+4797,KRX
20251030,+231500,2,+1000,+0.43,571881,49378,55935,+6557,+29633,213573,241957,+28384,+128923,KRX
20251029,-230500,5,-7500,-3.15,676900,70668,47592,--23076,--26848,304121,203582,--100539,--116297,KRX
20251028,+238000,2,+4000,+1.71,626442,68807,72579,+3772,+14324,289386,305144,+15758,+60640,KRX
20251027,-234000,5,-500,-0.21,612119,71061,60509,--10552,+34975,302883,258001,--44882,+148494,KRX
20251024,-234500,5,-7000,-2.90,831412,97372,51845,--45527,--93811,413754,220378,--193376,--392325,KRX
20251023,+241500,2,+7000,+2.99,1674081,117992,166276,+48284,--75130,484258,683207,+198949,--347385,KRX
20251022,+234500,2,+23000,+10.87,1505262,68166,191580,+123414,+142925,300703,847037,+546334,+638144,KRX
20251021,+211500,2,+500,+0.24,415133,41372,21861,--19511,--20454,194770,102960,--91810,--95921,KRX
20251020,+211000,2,+9500,+4.71,629224,45690,46633,+943,+4874,216832,220943,+4111,+23775,KRX
20251017,-201500,5,-5500,-2.66,538590,39866,35935,--3931,+36043,196072,176408,--19664,+174267,KRX
20251016,-207000,5,-6500,-3.04,769928,83872,43898,--39974,--56170,404962,211031,--193931,--270091,KRX
20251015,+213500,2,+11500,+5.69,547346,46772,62968,+16196,+28686,220296,296456,+76160,+136968,KRX
20251014,-202000,5,-8000,-3.81,738072,71366,58876,--12490,+9693,348602,287794,--60808,+43826,KRX
20251013,-210000,5,-10000,-4.55,633676,59190,37007,--22183,--387,278444,173810,--104634,--3863,KRX
20251010,-220000,5,-6000,-2.65,975343,133282,111486,--21796,--43180,605881,505110,--100771,--194828,KRX
20251002,+226000,2,+3500,+1.57,917380,92280,113664,+21384,+38316,411362,505419,+94057,+170923,KRX
20251001,+222500,2,+3500,+1.60,469680,43720,26788,--16932,--20819,197877,121011,--76866,--93411,KRX
20250930,+219000,2,+3500,+1.62,793840,78748,82635,+3887,--9057,356381,372926,+16545,--43265,KRX
20250929,+215500,2,+3000,+1.41,343398,27770,40714,+12944,+24229,128746,188556,+59810,+111850,KRX
20250926,-212500,5,-6000,-2.75,527409,46330,35045,--11285,+16361,216095,164055,--52040,+72279,KRX
20250925,-218500,5,-9500,-4.17,596061,52585,24939,--27646,--36858,236352,112033,--124319,--164324,KRX
20250924,+228000,2,+4500,+2.01,809291,63162,72374,+9212,+6529,276032,316037,+40005,+28468,KRX
20250923,+223500,2,+2500,+1.13,539344,45316,47999,+2683,+80523,202100,213637,+11537,+366085,KRX
20250922,-221000,5,-9000,-3.91,931169,124673,46833,--77840,--145670,566404,211856,--354548,--652766,KRX
20250919,+230000,2,+19000,+9.00,2629924,274429,342259,+67830,+74404,1198956,1497174,+298218,+329316,KRX
20250918,-211000,5,-500,-0.24,536567,42401,35827,--6574,+45432,200722,169624,--31098,+211642,KRX
20250917,-211500,5,-11500,-5.16,810761,91422,39416,--52006,--87284,426979,184239,--242740,--402547,KRX
20250916,+223000,2,+8000,+3.72,768916,34101,69379,+35278,+23892,154181,313988,+159807,+107582,KRX
20250915,215000,3,0,0.00,472517,33909,45295,+11386,--14144,157390,209615,+52225,--66981,KRX
20250912,+215000,2,+2500,+1.18,457236,25490,51020,+25530,--8004,119351,238557,+119206,--37553,KRX
20250911,+212500,2,+4000,+1.92,875528,50758,84292,+33534,+18438,237762,394521,+156759,+84431,KRX
20250910,+208500,2,+1000,+0.48,502896,29376,44472,+15096,+17064,141275,213603,+72328,+82018,KRX
20250909,-207500,5,-3000,-1.43,488618,41427,39459,--1968,--35552,198843,189153,--9690,--169687,KRX
20250908,+210500,2,+5500,+2.68,787674,42248,75832,+33584,+15560,204781,364778,+159997,+71643,KRX
20250905,+205000,2,+500,+0.24,473609,26178,44202,+18024,+2512,128692,217046,+88354,+12568,KRX
20250904,+204500,2,+1000,+0.49,543745,28670,44182,+15512,--13593,140788,216574,+75786,--66811,KRX
20250903,+203500,2,+4700,+2.36,927694,36824,65929,+29105,--8495,180619,323216,+142597,--48300,KRX
20250902,+198800,2,+6800,+3.54,1032352,46116,83716,+37600,+32607,236321,427218,+190897,+165470,KRX
20250901,-192000,5,-100,-0.05,644094,43072,48065,+4993,--1380,222440,247867,+25427,--7124,KRX
20250829,+192100,2,+4300,+2.29,1112545,59490,65863,+6373,--5649,309204,341755,+32551,--32088,KRX
20250828,+187800,2,+5800,+3.19,893406,35325,47347,+12022,+15977,188284,252923,+64639,+86881,KRX
20250827,-182000,5,-1700,-0.93,422062,31456,27501,--3955,--1854,174221,151979,--22242,--10512,KRX
20250826,+183700,2,+600,+0.33,520188,44472,42371,--2101,+5174,243101,231371,--11730,+28368,KRX
20250825,+183100,2,+2100,+1.16,433510,33590,26315,--7275,--24734,183910,143812,--40098,--135756,KRX
20250822,+181000,2,+7200,+4.14,880581,38581,56040,+17459,+18555,212178,307836,+95658,+102084,KRX
20250821,+173800,2,+3100,+1.82,522000,33970,32874,--1096,--31386,193968,187542,--6426,--186545,KRX
20250820,-170700,5,-3500,-2.01,866251,34252,64542,+30290,--9519,203737,383856,+180119,--47826,KRX
20250819,-174200,5,-4700,-2.63,795282,29796,69605,+39809,+33311,169990,397935,+227945,+191883,KRX
20250818,-178900,5,-800,-0.45,587266,43943,50441,+6498,+8676,245875,281937,+36062,+48016,KRX
20250814,-179700,5,-1400,-0.77,620655,49771,47593,--2178,--26254,276172,264218,--11954,--149944,KRX
20250813,+181100,2,+2800,+1.57,1036217,48433,72509,+24076,+25957,271739,409729,+137990,+147502,KRX
20250812,-178300,5,-2800,-1.55,702973,45932,44051,--1881,--54896,254538,245026,--9512,--302972,KRX
20250811,-181100,5,-2400,-1.31,1134065,42696,95711,+53015,+78077,237042,530502,+293460,+430860,KRX
20250808,-183500,5,-9400,-4.87,1521033,94786,69724,--25062,+13405,516429,379029,--137400,+60969,KRX
20250807,-192900,5,-4500,-2.28,825713,67139,28672,--38467,+26005,345697,147328,--198369,+132353,KRX
20250806,-197400,5,-3600,-1.79,1326751,115929,51457,--64472,--46898,592603,261881,--330722,--239077,KRX
20250805,+201000,2,+1000,+0.50,1433856,81241,63667,--17574,--47928,409241,317596,--91645,--242586,KRX
20250804,+200000,2,+6000,+3.09,886886,32237,62591,+30354,+73196,163307,314248,+150941,+373540,KRX
20250801,-194000,5,-8000,-3.96,900727,74761,31919,--42842,--63818,387528,164929,--222599,--326595,KRX
20250731,+202000,2,+3500,+1.76,607991,24646,45622,+20976,+62548,123111,227107,+103996,+314180,KRX
20250730,-198500,5,-7500,-3.64,807574,66289,24717,--41572,--90021,334128,123944,--210184,--450049,KRX
20250729,+206000,2,+11400,+5.86,1318292,42831,91280,+48449,+64526,214787,454652,+239865,+323060,KRX
20250728,-194600,5,-2100,-1.07,520646,31618,15541,--16077,--97399,163090,79895,--83195,--499440,KRX
20250725,+196700,2,+7600,+4.02,870838,8245,89567,+81322,+73556,42274,458519,+416245,+376093,KRX
20250724,-189100,5,-3400,-1.77,800548,43861,51627,+7766,+17406,229158,269310,+40152,+90472,KRX
20250723,-192500,5,-600,-0.31,545609,40896,31256,--9640,+11765,213026,162706,--50320,+59593,KRX
20250722,-193100,5,-6700,-3.35,714889,47498,26093,--21405,--77818,243631,133718,--109913,--394022,KRX
20250721,+199800,2,+5500,+2.83,726631,13606,70019,+56413,+85901,68580,352689,+284109,+436384,KRX
20250718,-194300,5,-3300,-1.67,569612,47049,17561,--29488,--49410,242901,90626,--152275,--253661,KRX
20250717,+197600,2,+5100,+2.65,1017666,31179,51101,+19922,+15192,159593,260979,+101386,+77292,KRX
20250716,-192500,5,-1100,-0.57,516928,21016,25746,+4730,--16401,109470,133564,+24094,--84967,KRX
20250715,+193600,2,+2600,+1.36,827183,33920,55051,+21131,--27273,176398,285459,+109061,--144294,KRX
20250714,+191000,2,+6200,+3.35,927664,18209,66613,+48404,+73817,95648,349003,+253355,+388865,KRX
20250711,-184800,5,-9100,-4.69,1160036,63442,38029,--25413,--20120,339027,203517,--135510,--107888,KRX
20250710,-193900,5,-1800,-0.92,877196,45398,40105,--5293,--44266,232988,205366,--27622,--228995,KRX
20250709,+195700,2,+11300,+6.13,1643150,55116,94089,+38973,+6558,285455,486828,+201373,+25594,KRX
20250708,-184400,5,-100,-0.05,1122588,39912,72327,+32415,--27559,217480,393259,+175779,--153112,KRX
20250707,+184500,2,+3900,+2.16,1548291,47037,107011,+59974,+60605,256696,585587,+328891,+329943,KRX
20250704,-180600,5,-15500,-7.90,2642819,120344,119713,--631,+114884,647416,646364,--1052,+565930,KRX
20250703,-196100,5,-6900,-3.40,2535007,170764,55249,--115515,--33860,842819,275837,--566982,--154782,KRX
20250702,+203000,2,+2000,+1.00,1441540,126162,44507,--81655,--117993,636404,224204,--412200,--591408,KRX
20250701,+201000,2,+4500,+2.29,823076,31575,67913,+36338,+36695,156514,335722,+179208,+180795,KRX
20250630,-196500,5,-4500,-2.24,804130,49566,49209,--357,+4105,249834,248247,--1587,+23044,KRX
20250627,+201000,2,+4300,+2.19,1203275,72559,68097,--4462,--4992,358411,333780,--24631,--26504,KRX
20250626,+196700,2,+4900,+2.55,1550510,100637,101167,+530,--47573,515721,517594,+1873,--247716,KRX
20250625,-191800,5,-8200,-4.10,1551571,80066,128169,+48103,--1464,414304,663893,+249589,+3170,KRX
20250624,-200000,5,-14000,-6.54,1683634,82123,131690,+49567,+51417,408381,654800,+246419,+255891,KRX
20250623,+214000,2,+2000,+0.94,1088655,83860,82010,--1850,+68693,395024,385552,--9472,+324112,KRX
20250620,212000,3,0,0.00,2063225,299892,229349,--70543,--98501,1415455,1081871,--333584,--470810,KRX
20250619,+212000,2,+15500,+7.89,1562014,78989,106947,+27958,+50804,389169,526395,+137226,+253209,KRX
20250618,-196500,5,-1500,-0.76,1081241,90041,67195,--22846,--23533,453517,337534,--115983,--119611,KRX
20250617,-198000,5,-600,-0.30,1481919,66185,66872,+687,--13273,336715,340343,+3628,--67558,KRX
20250616,+198600,2,+11800,+6.32,1507235,84217,98177,+13960,+38836,430897,502083,+71186,+205859,KRX
20250613,+186800,2,+7100,+3.95,2117509,112703,87827,--24876,--29779,608194,473521,--134673,--161430,KRX
20250612,+179700,2,+8800,+5.15,1475368,72066,76969,+4903,+69433,405874,432631,+26757,+400322,KRX
20250611,+170900,2,+2600,+1.54,1621865,96300,31770,--64530,--92333,559006,185441,--373565,--541147,KRX
20250610,+168300,2,+14900,+9.71,1884303,55514,83317,+27803,+23193,336634,504216,+167582,+138133,KRX
20250609,-153400,5,-2100,-1.35,1073051,46925,51535,+4610,+33671,308110,337559,+29449,+217233,KRX
20250605,-155500,5,-600,-0.38,1014694,57133,28072,--29061,--43228,368986,181202,--187784,--279445,KRX
20250604,+156100,2,+4100,+2.70,1001543,43749,57916,+14167,+37963,283904,375565,+91661,+248248,KRX
20250602,+152000,2,+5600,+3.83,1311533,68248,44452,--23796,--20833,448664,292077,--156587,--135159,KRX
20250530,+146400,2,+1000,+0.69,2072980,155023,152060,--2963,+7923,1057019,1035591,--21428,+54541,KRX
20250529,+145400,2,+6100,+4.38,1231340,68633,57747,--10886,+20425,476887,400918,--75969,+144933,KRX
20250528,-139300,5,-1900,-1.35,1883965,94483,63172,--31311,--26376,670717,449815,--220902,--184976,KRX
20250527,+141200,2,+4600,+3.37,1185759,44305,39370,--4935,--28597,316536,280610,--35926,--203560,KRX
20250526,+136600,2,+11200,+8.93,3272962,114934,138596,+23662,+14128,838011,1005645,+167634,+91799,KRX
20250523,+125400,2,+4600,+3.81,1229818,17839,27373,+9534,+4996,144421,220256,+75835,+37672,KRX
20250522,+120800,2,+1200,+1.00,948524,17128,21666,+4538,--26866,142933,181096,+38163,--224437,KRX
20250521,+119600,2,+5900,+5.19,1411119,9380,40784,+31404,+6096,78743,341343,+262600,+38923,KRX
20250520,+113700,2,+4700,+4.31,1149918,9772,35080,+25308,+32621,86386,310063,+223677,+290563,KRX
20250519,-109000,5,-4900,-4.30,838060,17445,10132,--7313,--409,159291,92405,--66886,--5477,KRX
20250516,+113900,2,+2600,+2.34,1183926,36177,29273,--6904,+7636,319420,258011,--61409,+79048,KRX
20250515,+111300,2,+3700,+3.44,2032726,50041,35501,--14540,+12633,465442,324985,--140457,+110004,KRX
20250514,+107600,2,+1000,+0.94,1114314,46102,18929,--27173,--9362,424905,174444,--250461,--81479,KRX
20250513,-106600,5,-1700,-1.57,1798218,43788,25977,--17811,+65526,417389,248407,--168982,+556801,KRX
20250512,-108300,5,-17100,-13.64,2812956,102790,19453,--83337,--111636,898204,172421,--725783,--952247,KRX
20250509,+125400,2,+9100,+7.82,2292983,44635,72934,+28299,+59621,362466,588930,+226464,+497373,KRX
20250508,-116300,5,-2000,-1.69,1503830,63676,32354,--31322,--57183,548688,277779,--270909,--492760,KRX
20250507,+118300,2,+6800,+6.10,1509210,30907,56768,+25861,+29085,265607,487458,+221851,+251118,KRX
20250502,-111500,5,-700,-0.62,827535,32384,29160,--3224,--9822,289722,260455,--29267,--86336,KRX
20250430,+112200,2,+3000,+2.75,1919407,54094,60692,+6598,--9774,483158,540227,+57069,--93884,KRX
20250429,-109200,5,-2800,-2.50,863674,17197,33569,+16372,+28613,158432,309385,+150953,+262297,KRX
20250428,-112000,5,-1700,-1.50,1138465,45191,32950,--12241,--10433,407604,296260,--111344,--94646,KRX
20250425,+113700,2,+3900,+3.55,981508,38251,36443,--1808,--17381,340229,323531,--16698,--160018,KRX
20250424,-109800,5,-1700,-1.52,1186038,24561,40134,+15573,+49050,223816,367136,+143320,+434808,KRX
20250423,-111500,5,-5300,-4.54,1366494,54932,21455,--33477,--36298,481959,190471,--291488,--315013,KRX
20250422,+116800,2,+3800,+3.36,958302,35403,38224,+2821,+12327,306113,329638,+23525,+105628,KRX
20250421,-113000,5,-1700,-1.48,924144,28431,18925,--9506,+15473,248417,166314,--82103,+133998,KRX
20250418,-114700,5,-200,-0.17,1266426,48317,23338,--24979,--15777,416966,200865,--216101,--135032,KRX
20250417,+114900,2,+9300,+8.81,1912310,59412,50210,--9202,+200,531285,450216,--81069,+6079,KRX
20250416,+105600,2,+800,+0.76,1147808,38386,28984,--9402,+4484,358718,271570,--87148,+45469,KRX
20250415,+104800,2,+400,+0.38,792142,34434,20548,--13886,--11062,328865,196248,--132617,--104478,KRX
20250414,+104400,2,+2500,+2.45,1023232,39194,36370,--2824,+8053,377852,349713,--28139,+79843,KRX
20250411,+101900,2,+2900,+2.93,940425,39271,28394,--10877,+15105,388910,280928,--107982,+152529,KRX
20250410,+99000,2,+7100,+7.73,1619553,66711,40729,--25982,--10772,670736,410225,--260511,--95160,KRX
20250409,+91900,2,+300,+0.33,1132438,42861,27651,--15210,--3894,465393,300042,--165351,--43217,KRX
20250408,+91600,2,+1200,+1.33,1081196,43393,32077,--11316,--20953,470593,348459,--122134,--228484,KRX
20250407,-90400,5,-8400,-8.50,1537489,42421,52058,+9637,+1946,466423,572773,+106350,+25310,KRX
20250404,-98800,5,-1900,-1.89,1370652,36322,44013,+7691,+12331,369463,450503,+81040,+126177,KRX
20250403,+100700,2,+1700,+1.72,1176346,37114,32474,--4640,--6347,372368,327231,--45137,--68962,KRX
20250402,-99000,5,-6900,-6.52,1845907,41860,43567,+1707,+33268,410580,434405,+23825,+320576,KRX
20250401,+105900,2,+900,+0.86,957686,48280,16719,--31561,--21671,453951,157200,--296751,--201994,KRX
20250331,+105000,2,+3300,+3.24,1347699,54619,44729,--9890,--17321,523723,428966,--94757,--168538,KRX
20250328,-101700,5,-1700,-1.64,812223,20917,28348,+7431,+6292,205089,278870,+73781,+60683,KRX
20250327,-103400,5,-2600,-2.45,747421,20559,21698,+1139,--16132,195202,208300,+13098,--155523,KRX
20250326,+106000,2,+500,+0.47,1436490,31642,48913,+17271,+33568,300865,469486,+168621,+309901,KRX
20250325,-105500,5,-10200,-8.82,1973856,54763,38466,--16297,--14091,500404,359124,--141280,--121006,KRX
20250324,+115700,2,+4200,+3.77,1240235,32734,30528,--2206,--24048,286916,266642,--20274,--224743,KRX
20250321,+111500,2,+3000,+2.76,2431663,50293,72135,+21842,+21406,458222,662691,+204469,+200460,KRX
20250320,-108500,5,-4000,-3.56,2205811,57235,57671,+436,+17395,527498,531507,+4009,+154834,KRX
20250319,+112500,2,+1600,+1.44,2273077,58998,42039,--16959,+20411,522544,371719,--150825,+197210,KRX
20250318,+110900,2,+1900,+1.74,1842642,71596,34226,--37370,--44908,665358,317323,--348035,--413892,KRX
20250317,+109000,2,+7400,+7.28,2334779,55175,62713,+7538,+43327,520399,586256,+65857,+417639,KRX
20250314,-101600,5,-2400,-2.31,1840362,67239,31450,--35789,--100223,660212,308430,--351782,--980923,KRX
20250313,+104000,2,+9700,+10.29,4785074,81953,146387,+64434,+39243,799233,1428374,+629141,+371905,KRX
20250312,+94300,2,+2100,+2.28,5182304,115011,140202,+25191,+47274,1179807,1437043,+257236,+499011,KRX
20250311,-92200,5,-100,-0.11,1264062,35879,13796,--22083,--10730,393046,151271,--241775,--116798,KRX
20250310,+92300,2,+2600,+2.90,1501877,28378,17025,--11353,+2010,309759,184782,--124977,+25184,KRX
20250307,+89700,2,+900,+1.01,1009113,24738,11375,--13363,--6779,276390,126229,--150161,--75267,KRX
20250306,+88800,2,+1400,+1.60,1046989,22533,15949,--6584,+7350,254150,179256,--74894,+86735,KRX
20250305,+87400,2,+700,+0.81,1148048,23498,9564,--13934,--32509,272183,110554,--161629,--376628,KRX
20250304,+86700,2,+8500,+10.87,1820289,21634,40209,+18575,+32084,253095,468094,+214999,+387864,KRX
20250228,-78200,5,-4400,-5.33,1679929,55329,41820,--13509,--9176,695583,522718,--172865,--122879,KRX
20250227,-82600,5,-3000,-3.50,1532945,32269,27936,--4333,+29649,383543,333557,--49986,+334580,KRX
20250226,-85600,5,-3500,-3.93,1695145,41008,7026,--33982,--23193,465668,81102,--384566,--259235,KRX
20250225,+89100,2,+2900,+3.36,1535388,42520,31731,--10789,+2118,492874,367543,--125331,+23330,KRX
20250224,-86200,5,-4800,-5.27,1168781,21379,8472,--12907,--27477,246286,97625,--148661,--309365,KRX
20250221,+91000,2,+4000,+4.60,4015507,60900,75470,+14570,--1497,665744,826448,+160704,--25478,KRX
20250220,+87000,2,+1300,+1.52,2101980,42967,59034,+16067,+31139,495598,681780,+186182,+359069,KRX
20250219,-85700,5,-4000,-4.46,2055104,60606,45534,--15072,--21750,697623,524736,--172887,--246123,KRX
20250218,+89700,2,+5900,+7.04,3861327,61135,67813,+6678,+10735,686349,759585,+73236,+120895,KRX
20250217,+83800,2,+900,+1.09,1932283,38103,34046,--4057,--18188,452492,404833,--47659,--218823,KRX
20250214,+82900,2,+3000,+3.75,3196044,49982,64113,+14131,--4895,609675,780839,+171164,--66060,KRX
20250213,-79900,5,-1400,-1.72,2352517,37998,57024,+19026,+7586,479985,717209,+237224,+95280,KRX
20250212,+81300,2,+2500,+3.17,3130748,47556,58996,+11440,+16299,592101,734045,+141944,+201935,KRX
20250211,+78800,2,+100,+0.13,2582965,48832,43973,--4859,--4929,626961,566970,--59991,--59998,KRX
20250210,-78700,5,-900,-1.13,2566621,52965,53035,+70,--86766,665850,665857,+7,--1086733,KRX
20250207,+79600,2,+8100,+11.33,6552761,73133,159969,+86836,+12594,924697,2011437,+1086740,+3246,KRX
20250206,+71500,2,+10400,+17.02,8837883,83898,158140,+74242,+82488,1291360,2374854,+1083494,+1221409,KRX
20250205,+61100,2,+1300,+2.17,882387,17471,9225,--8246,--20005,290340,152425,--137915,--334573,KRX
20250204,+59800,2,+2900,+5.10,1352416,18891,30650,+11759,+18587,315918,512576,+196658,+315477,KRX
20250203,-56900,5,-2300,-3.89,777952,14989,8161,--6828,+6995,262257,143438,--118819,+115497,KRX
20250131,59200,3,0,0.00,840667,22031,8208,--13823,--41267,372989,138673,--234316,--703651,KRX
20250124,+59200,2,+2700,+4.78,1603087,12574,40018,+27444,+30235,213860,683195,+469335,+519797,KRX
20250123,-56500,5,-1200,-2.08,887769,15248,12457,--2791,+3954,267406,216944,--50462,+67756,KRX
20250122,-57700,5,-100,-0.17,1065227,17991,11246,--6745,--16155,313689,195471,--118218,--281183,KRX
20250121,+57800,2,+1800,+3.21,1207909,9962,19372,+9410,+12972,173593,336558,+162965,+226727,KRX
20250120,-56000,5,-700,-1.23,694009,9408,5846,--3562,--7556,168052,104290,--63762,--134059,KRX
20250117,+56700,2,+500,+0.89,660679,8078,12072,+3994,+4704,143260,213557,+70297,+82677,KRX
20250116,-56200,5,-100,-0.18,793015,9394,8684,--710,+11648,166806,154426,--12380,+204958,KRX
20250115,-56300,5,-1100,-1.92,948583,17632,5274,--12358,--26290,310271,92933,--217338,--461998,KRX
20250114,+57400,2,+2000,+3.61,2032084,26906,40838,+13932,+9831,471142,715802,+244660,+170490,KRX
20250113,+55400,2,+700,+1.28,1097651,14008,18109,+4101,+1077,253539,327709,+74170,+18641,KRX
20250110,+54700,2,+600,+1.11,952589,12884,15908,+3024,+4958,236015,291544,+55529,+94798,KRX
20250109,-54100,5,-900,-1.64,2012496,26448,24514,--1934,+12824,501322,462053,--39269,+229333,KRX
20250108,-55000,5,-700,-1.26,993629,23527,8769,--14758,--40011,428079,159477,--268602,--727793,KRX
20250107,+55700,2,+3400,+6.50,2367922,16714,41967,+25253,+32788,301631,760822,+459191,+604413,KRX
20250106,+52300,2,+300,+0.58,916651,15454,7919,--7535,+3850,296214,150992,--145222,+73983,KRX
20250103,-52000,5,-100,-0.19,843589,17949,6564,--11385,--9436,345454,126249,--219205,--183497,KRX
20250102,+52100,2,+2400,+4.83,1543298,17881,15932,--1949,--6025,342787,307079,--35708,--117727,KRX
20241230,+49700,2,+950,+1.95,731122,7521,11597,+4076,+11596,152197,234216,+82019,+235030,KRX
20241227,-48750,5,-600,-1.22,1213871,17955,10435,--7520,--12875,363897,210886,--153011,--261380,KRX
20241226,+49350,2,+100,+0.20,640835,4734,10089,+5355,+9842,95841,204210,+108369,+199344,KRX
20241224,-49250,5,-700,-1.40,768216,11279,6792,--4487,--10776,229392,138417,--90975,--217582,KRX
20241223,+49950,2,+1600,+3.31,951407,7615,13904,+6289,+5114,153924,280531,+126607,+102588,KRX
20241220,-48350,5,-300,-0.62,660090,11170,12345,+1175,--5037,230568,254587,+24019,--105394,KRX
20241219,+48650,2,+200,+0.41,778501,7615,13827,+6212,+605,158122,287535,+129413,+13869,KRX
20241218,-48450,5,-50,-0.10,870595,11456,17063,+5607,+14138,236188,351732,+115544,+289688,KRX
20241217,-48500,5,-1050,-2.12,1248016,27569,19038,--8531,+220,563376,389232,--174144,+690,KRX
20241216,-49550,5,-350,-0.70,1159514,22193,13442,--8751,+2277,447145,272311,--174834,+45705,KRX
20241213,+49900,2,+250,+0.50,1209301,19470,8442,--11028,--9764,389263,168724,--220539,--192380,KRX
20241212,+49650,2,+2100,+4.42,1857373,33633,32369,--1264,+7345,683362,655203,--28159,+153007,KRX
20241211,+47550,2,+1550,+3.37,1306328,21499,12890,--8609,--7788,452992,271826,--181166,--162315,KRX
20241210,+46000,2,+1550,+3.49,2059478,20280,19459,--821,--37885,449740,430889,--18851,--839988,KRX
20241209,-44450,5,-2800,-5.93,2489295,15386,52450,+37064,+9513,338682,1159819,+821137,+230174,KRX
20241206,-47250,5,-550,-1.15,2221939,13573,41124,+27551,--2043,287521,878484,+590963,--26018,KRX
20241205,-47800,5,-3500,-6.82,3251109,18009,47603,+29594,+23288,371366,988347,+616981,+492575,KRX
20241204,-51300,5,-2300,-4.29,2299142,28213,34519,+6306,+4099,542014,666420,+124406,+80951,KRX
20241203,+53600,2,+3400,+6.77,1923853,26392,28599,+2207,--3043,499918,543373,+43455,--61172,KRX
20241202,-50200,5,-400,-0.79,1090480,12615,17865,+5250,+5220,250241,354868,+104627,+101476,KRX
20241129,-50600,5,-2000,-3.80,1632862,21140,21170,+30,+1050,412349,415500,+3151,+22073,KRX
20241128,+52600,2,+600,+1.15,1651022,19094,18074,--1020,--2076,360993,342071,--18922,--40357,KRX
20241127,-52000,5,-100,-0.19,2646097,32313,33369,+1056,+10117,617383,638818,+21435,+190191,KRX
20241126,-52100,5,-7900,-13.17,6023506,61493,52432,--9061,--18105,1137216,968460,--168756,--334048,KRX
20241125,-60000,5,-4800,-7.41,10157698,351030,360074,+9044,+6409,5820094,5985386,+165292,+124595,KRX
20241122,+64800,2,+2700,+4.35,1873038,32182,34817,+2635,+13075,501348,542045,+40697,+206664,KRX
20241121,-62100,5,-5000,-7.45,2908014,44914,34474,--10440,--9661,705313,539346,--165967,--154851,KRX
20241120,+67100,2,+700,+1.05,2438584,37554,36775,--779,--18762,555746,544630,--11116,--283705,KRX
20241119,+66400,2,+2500,+3.91,1918678,20448,38431,+17983,+18168,312713,585302,+272589,+277986,KRX
20241118,-63900,5,-900,-1.39,1715277,27717,27532,--185,+2209,428460,423063,--5397,+33155,KRX
20241115,+64800,2,+800,+1.25,1522566,26044,23650,--2394,--22564,409493,370941,--38552,--356555,KRX
20241114,+64000,2,+1800,+2.89,1459215,18589,38759,+20170,+5119,294589,612592,+318003,+79285,KRX
20241113,-62200,5,-300,-0.48,1722853,21794,36845,+15051,+23587,347251,585969,+238718,+370651,KRX
20241112,-62500,5,-1600,-2.50,3144536,55897,47361,--8536,--25978,861238,729305,--131933,--405912,KRX
20241111,+64100,2,+1000,+1.58,1640612,26901,44343,+17442,+314,423616,697595,+273979,+3341,KRX
20241108,+63100,2,+400,+0.64,1851590,35076,52204,+17128,+40468,555923,826561,+270638,+643124,KRX
20241107,-62700,5,-200,-0.32,3166289,82095,58755,--23340,--20673,1308032,935546,--372486,--329630,KRX
20241106,+62900,2,+1900,+3.11,2911060,44067,41400,--2667,--8687,697960,655104,--42856,--142074,KRX
20241105,-61000,5,-500,-0.81,985914,12266,18286,+6020,--5047,201666,300884,+99218,--81670,KRX
20241104,61500,3,0,0.00,1158335,10039,21106,+11067,+5465,163485,344373,+180888,+89807,KRX
20241101,-61500,5,-900,-1.44,1195179,15382,20984,+5602,+4704,249153,340234,+91081,+75251,KRX
20241031,-62400,5,-1400,-2.19,1643730,34447,35345,+898,+3377,553298,569128,+15830,+54230,KRX
20241030,-63800,5,-700,-1.09,1091433,18023,15544,--2479,--10393,281375,242975,--38400,--156899,KRX
20241029,+64500,2,+900,+1.42,2930104,30555,38469,+7914,+16528,466733,585232,+118499,+252674,KRX
20241028,-63600,5,-700,-1.09,1117580,20305,11691,--8614,--7467,317759,183584,--134175,--114932,KRX
20241025,+64300,2,+700,+1.10,1499144,28450,27303,--1147,--8767,445326,426083,--19243,--139106,KRX
20241024,-63600,5,-200,-0.31,1214911,16233,23853,+7620,+8413,255034,374897,+119863,+128893,KRX
20241023,-63800,5,-2300,-3.48,2610610,33916,33123,--793,--1223,524512,515482,--9030,--14805,KRX
20241022,+66100,2,+400,+0.61,1407771,20477,20907,+430,+3063,309586,315361,+5775,+46215,KRX
20241021,+65700,2,+700,+1.08,1264056,19283,16650,--2633,+8526,293621,253181,--40440,+126585,KRX
20241018,-65000,5,-2100,-3.13,2205110,36145,24986,--11159,--27068,546311,379286,--167025,--404964,KRX
20241017,+67100,2,+3000,+4.68,2763705,30482,46391,+15909,+21108,461131,699070,+237939,+320330,KRX
20241016,+64100,2,+700,+1.10,1464739,24369,19170,--5199,--16837,382053,299662,--82391,--266011,KRX
20241015,+63400,2,+1400,+2.26,1683026,17818,29456,+11638,+7767,283938,467558,+183620,+122089,KRX
20241014,+62000,2,+500,+0.81,1294250,15445,19316,+3871,+66,251229,312760,+61531,--675,KRX
20241011,+61500,2,+700,+1.15,1493717,24441,28246,+3805,+67,396811,459017,+62206,+957,KRX
20241010,60800,3,0,0.00,1807006,27739,31477,+3738,+8586,457045,518294,+61249,+139798,KRX
20241008,-60800,5,-200,-0.33,1917956,25568,20720,--4848,--26825,417839,339290,--78549,--441711,KRX
20241007,+61000,2,+4000,+7.02,3492042,28483,50460,+21977,+2672,476604,839766,+363162,+23742,KRX
20241004,+57000,2,+2400,+4.40,2333900,24395,43700,+19305,+22846,433866,773286,+339420,+405897,KRX
20241002,+54600,2,+1000,+1.87,1539848,29984,26443,--3541,--14332,552676,486199,--66477,--265736,KRX
20240930,-53600,5,-400,-0.74,1178070,18634,29425,+10791,+7570,346286,545545,+199259,+139221,KRX
20240927,-54000,5,-1100,-2.00,1187150,14605,17826,+3221,+5589,269282,329320,+60038,+104076,KRX
20240926,-55100,5,-600,-1.08,1337076,20853,18485,--2368,--5596,381500,337462,--44038,--101391,KRX
20240925,+55700,2,+600,+1.09,1394122,15153,18381,+3228,+1064,271091,328444,+57353,+17988,KRX
20240924,-55100,5,-400,-0.72,1057723,14260,16424,+2164,+11792,257716,297081,+39365,+211811,KRX
20240923,-55500,5,-600,-1.07,1191154,21484,11856,--9628,--47481,385883,213437,--172446,--844952,KRX
20240920,+56100,2,+2200,+4.08,3335452,24210,62063,+37853,+30200,437366,1109872,+672506,+531109,KRX
20240919,+53900,2,+2100,+4.05,1535206,18458,26111,+7653,+1312,349600,490997,+141397,+19316,KRX
20240913,+51800,2,+2200,+4.44,1616517,14114,20455,+6341,+839,273945,396026,+122081,+11888,KRX
20240912,+49600,2,+1400,+2.90,1324191,17993,23495,+5502,+4807,363866,474059,+110193,+92931,KRX
20240911,-48200,5,-1450,-2.92,1325143,13382,14077,+695,+2903,272855,290117,+17262,+62236,KRX
20240910,-49650,5,-350,-0.70,861709,13467,11259,--2208,--8653,270984,226010,--44974,--174487,KRX
20240909,+50000,2,+550,+1.11,1182042,13301,19746,+6445,--2212,270136,399649,+129513,--46863,KRX
20240906,-49450,5,-1350,-2.66,1683851,14602,23259,+8657,+7604,295959,472335,+176376,+152611,KRX
20240905,-50800,5,-1900,-3.61,1952698,16616,17669,+1053,--11001,317474,341239,+23765,--206866,KRX
20240904,+52700,2,+100,+0.19,1940967,15245,27299,+12054,+12049,293168,523799,+230631,+232596,KRX
20240903,+52600,2,+400,+0.77,2912960,28254,28259,+5,+14389,528786,526821,--1965,+271166,KRX
20240902,-52200,5,-1800,-3.33,1366506,23065,8681,--14384,--25623,438699,165568,--273131,--483793,KRX
20240830,+54000,2,+1400,+2.66,989245,7648,18887,+11239,+4885,142601,353263,+210662,+89746,KRX
20240829,-52600,5,-900,-1.68,1108296,8858,15212,+6354,+12778,168277,289193,+120916,+238628,KRX
20240828,53500,3,0,0.00,2136697,25079,18655,--6424,--15804,463094,345382,--117712,--294043,KRX
20240827,-53500,5,-200,-0.37,1049659,5877,15257,+9380,+17121,110795,287126,+176331,+319157,KRX
20240826,-53700,5,-200,-0.37,1742111,22848,15107,--7741,--9632,422401,279575,--142826,--177627,KRX
20240823,+53900,2,+700,+1.32,1388565,20308,22199,+1891,+10399,381021,415822,+34801,+194109,KRX
20240822,-53200,5,-1400,-2.56,1687986,28405,19897,--8508,--13064,530419,371111,--159308,--245441,KRX
20240821,+54600,2,+2300,+4.40,2298957,21842,26398,+4556,--6310,408943,495076,+86133,--124570,KRX
20240820,-52300,5,-900,-1.69,2373740,20898,31764,+10866,+9531,402249,612952,+210703,+184303,KRX
20240819,-53200,5,-1200,-2.21,2076231,30359,31694,+1335,--6710,566766,593166,+26400,--119257,KRX
20240816,-54400,5,-200,-0.37,2497218,27241,35286,+8045,--9880,503005,648662,+145657,--184019,KRX
20240814,+54600,2,+1800,+3.41,3758850,37113,55038,+17925,--10561,689921,1019597,+329676,--203725,KRX
20240813,+52800,2,+3600,+7.32,8114979,55382,83868,+28486,+28610,1061580,1594981,+533401,+534755,KRX
20240812,+49200,2,+2950,+6.38,3578517,32668,32544,--124,+8412,682757,681403,--1354,+183269,KRX
20240809,+46250,2,+350,+0.76,1534629,21124,12588,--8536,--5749,456592,271969,--184623,--121096,KRX
20240808,-45900,5,-50,-0.11,2299246,23224,20437,--2787,+4749,513342,449815,--63527,+105570,KRX
20240807,+45950,2,+1250,+2.80,2330415,28305,20769,--7536,+24837,623693,454596,--169097,+541126,KRX
20240806,44700,3,0,0.00,3919520,70631,38258,--32373,--33046,1553233,843010,--710223,--730335,KRX
20240805,-44700,5,-3850,-7.93,3357896,38513,39186,+673,+8007,843990,864102,+20112,+167102,KRX
20240802,-48550,5,-1950,-3.86,2360966,28447,21113,--7334,--1526,577388,430398,--146990,--34024,KRX
20240801,+50500,2,+1600,+3.27,3822788,36933,31125,--5808,--19802,726897,613931,--112966,--398673,KRX
20240731,-48900,5,-700,-1.41,3499866,32257,46251,+13994,+29060,649980,935687,+285707,+588982,KRX
20240730,-49600,5,-350,-0.70,2197039,35775,20709,--15066,--30252,719626,416351,--303275,--605826,KRX
20240729,+49950,2,+2200,+4.61,4680833,41915,57101,+15186,+14195,838740,1141291,+302551,+286663,KRX
20240726,+47750,2,+3950,+9.02,5365591,42400,43391,+991,+29399,920104,935992,+15888,+638536,KRX
20240725,-43800,5,-4150,-8.65,3836729,51540,23132,--28408,--33605,1130573,507925,--622648,--728412,KRX
20240724,+47950,2,+1600,+3.45,4649261,37585,42782,+5197,--48650,798558,904322,+105764,--1082615,KRX
20240723,+46350,2,+3800,+8.93,8012389,32056,85903,+53847,+68536,711081,1899460,+1188379,+1532402,KRX
20240722,+42550,2,+1000,+2.41,2793295,33729,19040,--14689,--11372,788695,444672,--344023,--264242,KRX
20240719,-41550,5,-700,-1.66,1730184,16538,13221,--3317,+1364,398188,318407,--79781,+28412,KRX
20240718,-42250,5,-1300,-2.99,1924689,19232,14551,--4681,--2405,449078,340885,--108193,--55385,KRX
20240717,+43550,2,+150,+0.35,3147749,27139,24863,--2276,+10657,617469,564661,--52808,+245336,KRX
20240716,+43400,2,+450,+1.05,3877147,39527,26594,--12933,--69889,908058,609914,--298144,--1604724,KRX
20240715,+42950,2,+3000,+7.51,10540448,44659,101615,+56956,+64368,1032865,2339445,+1306580,+1490567,KRX
20240712,-39950,5,-800,-1.96,1241695,14104,6692,--7412,+10762,350016,166029,--183987,+257810,KRX
20240711,-40750,5,-800,-1.93,2213220,26848,8674,--18174,--104058,652707,210910,--441797,--2475169,KRX
20240710,+41550,2,+2200,+5.59,11409828,49099,134983,+85884,+84157,1172357,3205729,+2033372,+1989710,KRX
20240709,+39350,2,+450,+1.16,893521,8221,9948,+1727,--1826,209875,253537,+43662,--47573,KRX
20240708,+38900,2,+900,+2.37,967824,5595,9148,+3553,+4933,144440,235675,+91235,+128132,KRX
20240705,-38000,5,-100,-0.26,839062,6815,5435,--1380,--3323,180079,143182,--36897,--87877,KRX
20240704,+38100,2,+450,+1.20,794921,4987,6930,+1943,+3175,131304,182284,+50980,+82997,KRX
20240703,-37650,5,-750,-1.95,1119231,5809,4577,--1232,+12304,153058,121041,--32017,+320287,KRX
20240702,-38400,5,-1700,-4.24,1957201,20877,7341,--13536,--8507,543055,190751,--352304,--228083,KRX
20240701,-40100,5,-700,-1.72,1453867,11108,6079,--5029,--16310,274053,149832,--124221,--405500,KRX
20240628,+40800,2,+1200,+3.03,1904220,10294,21575,+11281,+11006,256612,537891,+281279,+274312,KRX
20240627,+39600,2,+700,+1.80,1013200,6237,6512,+275,+3384,159109,166076,+6967,+87591,KRX
20240626,-38900,5,-650,-1.64,1166539,10099,6990,--3109,--2062,260610,179986,--80624,--53722,KRX
20240625,+39550,2,+100,+0.25,955116,7574,6527,--1047,+6980,190706,163804,--26902,+176249,KRX
20240624,-39450,5,-200,-0.50,1254282,15233,7206,--8027,+4877,383997,180846,--203151,+119041,KRX
20240621,-39650,5,-500,-1.25,2356443,24708,11804,--12904,--7081,614367,292175,--322192,--174628,KRX
20240620,-40150,5,-750,-1.83,2184627,20598,14775,--5823,--7170,515208,367644,--147564,--179230,KRX
20240619,+40900,2,+700,+1.74,2988174,23449,24796,+1347,+57811,577244,608910,+31666,+1416707,KRX
20240618,-40200,5,-2400,-5.63,4722005,65291,8827,--56464,--114986,1599706,214665,--1385041,--2770249,KRX
20240617,+42600,2,+3900,+10.08,12857855,55802,114324,+58522,+54285,1369792,2755000,+1385208,+1276114,KRX
20240614,+38700,2,+800,+2.11,1509752,7786,12023,+4237,--1334,203188,312282,+109094,--36273,KRX
20240613,+37900,2,+400,+1.07,1184959,8480,14051,+5571,+7406,223035,368402,+145367,+194331,KRX
20240612,-37500,5,-250,-0.66,564596,5061,3226,--1835,+3388,135031,86067,--48964,+89252,KRX
20240611,-37750,5,-500,-1.31,704424,7733,2510,--5223,--6224,204327,66111,--138216,--163663,KRX
20240610,+38250,2,+350,+0.92,841774,5768,6769,+1001,--5128,150765,176212,+25447,--136752,KRX
20240607,+37900,2,+1150,+3.13,1212475,8945,15074,+6129,+7632,236199,398398,+162199,+202778,KRX
20240605,-36750,5,-450,-1.21,648966,6585,5082,--1503,--3455,177778,137199,--40579,--93599,KRX
20240604,+37200,2,+650,+1.78,1220595,11604,13556,+1952,--847,316203,369223,+53020,--22733,KRX
20240603,+36550,2,+600,+1.67,924653,7203,10002,+2799,+1035,197118,272871,+75753,+26235,KRX
20240531,-35950,5,-900,-2.44,1277248,12021,13785,+1764,--545,327835,377353,+49518,--12355,KRX
20240530,+36850,2,+50,+0.14,1268491,11466,13775,+2309,+34633,307444,369317,+61873,+913706,KRX
20240529,-36800,5,-2900,-7.30,2843827,36840,4516,--32324,--40581,972076,120243,--851833,--1058592,KRX
20240528,+39700,2,+650,+1.66,1954446,10390,18647,+8257,+5017,262131,468890,+206759,+123847,KRX
20240527,+39050,2,+400,+1.03,997939,7526,10766,+3240,--4958,194259,277171,+82912,--130325,KRX
20240524,+38650,2,+800,+2.11,1003470,4870,13068,+8198,+5964,127149,340386,+213237,+154025,KRX
20240523,-37850,5,-150,-0.39,838872,4808,7042,+2234,+7544,127966,187178,+59212,+197213,KRX
20240522,-38000,5,-750,-1.94,835638,9338,4028,--5310,--10294,242500,104499,--138001,--265525,KRX
20240521,+38750,2,+400,+1.04,1623835,11768,16752,+4984,--7571,300986,428510,+127524,--200688,KRX
20240520,+38350,2,+800,+2.13,1107627,7323,19878,+12555,+15504,192355,520567,+328212,+405182,KRX
20240517,-37550,5,-850,-2.21,1496503,17442,14493,--2949,--3918,457389,380419,--76970,--102097,KRX
20240516,-38400,5,-150,-0.39,1196143,14519,15488,+969,--7063,379291,404418,+25127,--184378,KRX
20240514,+38550,2,+850,+2.25,1159702,11176,19208,+8032,+7140,291641,501146,+209505,+186696,KRX
20240513,+37700,2,+100,+0.27,851167,6413,7305,+892,+1263,170145,192954,+22809,+32955,KRX
20240510,+37600,2,+100,+0.27,749553,5629,5258,--371,--604,149041,138895,--10146,--16676,KRX
20240509,-37500,5,-350,-0.92,1002097,8032,8265,+233,--1462,212971,219501,+6530,--38651,KRX
20240508,-37850,5,-250,-0.66,793568,5784,7479,+1695,--2955,153196,198377,+45181,--77264,KRX
20240507,+38100,2,+150,+0.40,1037144,9629,14279,+4650,+5868,253485,375930,+122445,+154689,KRX
20240503,-37950,5,-300,-0.78,1219854,13492,12274,--1218,--1773,353344,321100,--32244,--46383,KRX
20240502,+38250,2,+950,+2.55,1544883,14182,14737,+555,--5639,372550,386689,+14139,--150652,KRX
20240430,-37300,5,-1300,-3.37,2538073,20666,26860,+6194,--3780,544933,709724,+164791,--95064,KRX
20240429,+38600,2,+150,+0.39,2343629,17115,27089,+9974,+17879,445350,705205,+259855,+462435,KRX
20240426,-38450,5,-2700,-6.56,5044191,30141,22236,--7905,--1544,765124,562544,--202580,--50945,KRX
20240425,41150,3,0,0.00,3776879,34063,27702,--6361,--10681,813537,661902,--151635,--256573,KRX
20240424,+41150,2,+250,+0.61,2075700,16586,20906,+4320,--4756,405044,509982,+104938,--115486,KRX
20240423,+40900,2,+800,+2.00,2529854,16579,25655,+9076,+10360,404788,625212,+220424,+251307,KRX
20240422,-40100,5,-1050,-2.55,2995768,32423,31139,--1284,+8582,811840,780957,--30883,+204372,KRX
20240419,41150,3,0,0.00,4322834,41055,31189,--9866,--15758,995047,759792,--235255,--379776,KRX
20240418,+41150,2,+1150,+2.88,2918310,21410,27302,+5892,+14911,528679,673200,+144521,+370635,KRX
20240417,+40000,2,+1500,+3.90,4477132,41045,32026,--9019,--10752,1033787,807673,--226114,--277822,KRX
20240416,-38500,5,-500,-1.28,3272012,24105,25838,+1733,--3720,623223,674931,+51708,--96302,KRX
20240415,-39000,5,-2600,-6.25,4790880,30313,35766,+5453,+4534,752912,900922,+148010,+126267,KRX
20240412,-41600,5,-250,-0.60,4432922,32477,33396,+919,--3291,771871,793614,+21743,--80482,KRX
20240411,+41850,2,+700,+1.70,5568939,47853,52063,+4210,--46556,1151967,1254192,+102225,--1129343,KRX
20240409,+41150,2,+3350,+8.86,14442307,58924,109690,+50766,+57035,1447364,2678932,+1231568,+1397792,KRX
20240408,+37800,2,+500,+1.34,1639697,17054,10785,--6269,--10813,452056,285832,--166224,--289514,KRX
20240405,-37300,5,-1200,-3.12,2186288,12675,17219,+4544,+2090,337520,460810,+123290,+57862,KRX
20240404,+38500,2,+500,+1.32,2361098,19923,22377,+2454,--3459,521289,586717,+65428,--91849,KRX
20240403,-38000,5,-950,-2.44,3189368,19205,25118,+5913,--2873,497984,655261,+157277,--69547,KRX
20240402,+38950,2,+950,+2.50,5216655,24862,33648,+8786,--3236,647951,874775,+226824,--87123,KRX
20240401,+38000,2,+1200,+3.26,6253165,28296,40318,+12022,--18331,744666,1058613,+313947,--504158,KRX
20240329,+36800,2,+2400,+6.98,13299739,61008,91361,+30353,+23716,1649449,2467554,+818105,+623665,KRX
20240328,+34400,2,+100,+0.29,2180209,14245,20882,+6637,--11428,417093,611533,+194440,--340315,KRX
20240327,+34300,2,+1100,+3.31,2501875,9617,27682,+18065,+12964,285593,820348,+534755,+380266,KRX
20240326,+33200,2,+600,+1.84,1450486,7977,13078,+5101,+2687,241986,396475,+154489,+80653,KRX
20240325,+32600,2,+200,+0.62,1564572,11766,14180,+2414,--2243,358572,432408,+73836,--70554,KRX
20240322,+32400,2,+1100,+3.51,2643797,11655,16312,+4657,+4615,360160,504550,+144390,+143268,KRX
20240321,-31300,5,-100,-0.32,848460,7621,7663,+42,--3105,243075,244197,+1122,--99124,KRX
20240320,-31400,5,-200,-0.63,940837,6311,9458,+3147,+8226,200864,301110,+100246,+261173,KRX
20240319,+31600,2,+350,+1.12,1644641,16596,11517,--5079,--2118,524017,363090,--160927,--66489,KRX
20240318,+31250,2,+850,+2.80,1375086,10679,7718,--2961,--1882,342636,248198,--94438,--59024,KRX
20240315,+30400,2,+50,+0.16,827895,8258,7179,--1079,--1517,271892,236478,--35414,--49605,KRX
20240314,-30350,5,-50,-0.16,1591789,11494,11932,+438,--1706,378550,392741,+14191,--56842,KRX
20240313,+30400,2,+400,+1.33,1259875,7199,9343,+2144,+1165,237446,308479,+71033,+37635,KRX
20240312,-30000,5,-1250,-4.00,1904415,8644,9623,+979,+7943,285483,318881,+33398,+253051,KRX
20240311,-31250,5,-450,-1.42,1298032,11783,4819,--6964,--11202,371356,151703,--219653,--353802,KRX
20240308,+31700,2,+250,+0.79,1518499,7436,11674,+4238,+9477,234562,368711,+134149,+293077,KRX
20240307,-31450,5,-500,-1.56,2762292,24041,18802,--5239,+4628,753402,594474,--158928,+149121,KRX
20240306,+31950,2,+550,+1.75,2632839,26565,16698,--9867,--18171,830302,522253,--308049,--575128,KRX
20240305,-31400,5,-650,-2.03,1909105,8576,16880,+8304,+759,268414,535493,+267079,+32072,KRX
20240304,-32050,5,-1400,-4.19,3101925,15646,23191,+7545,+11857,481891,716898,+235007,+361610,KRX
20240229,-33450,5,-700,-2.05,2187226,19252,14940,--4312,--6385,571291,444688,--126603,--186424,KRX
20240228,+34150,2,+1300,+3.96,4953093,28414,30487,+2073,+5787,831903,891724,+59821,+165738,KRX
20240227,-32850,5,-600,-1.79,3600320,23578,19864,--3714,--3600,699876,593959,--105917,--103628,KRX
20240226,+33450,2,+650,+1.98,3245830,17389,17275,--114,+36390,522180,519891,--2289,+1118064,KRX
20240223,-32800,5,-1700,-4.93,7097629,56512,20008,--36504,--94696,1732954,612601,--1120353,--2894716,KRX
20240222,+34500,2,+4650,+15.58,16080506,43153,101345,+58192,+55579,1324795,3099158,+1774363,+1685072,KRX
20240221,+29850,2,+950,+3.29,1509660,6743,9356,+2613,+4072,228673,317964,+89291,+138040,KRX
20240220,-28900,5,-700,-2.36,1186455,6351,4892,--1459,--11063,216054,167305,--48749,--375246,KRX
20240219,+29600,2,+1050,+3.68,1489373,2671,12275,+9604,+8368,90584,417081,+326497,+283454,KRX
20240216,-28550,5,-250,-0.87,668121,2413,3649,+1236,+4357,83954,126997,+43043,+150523,KRX
20240215,-28800,5,-450,-1.54,871956,5699,2578,--3121,--828,196697,89217,--107480,--29034,KRX
20240214,+29250,2,+300,+1.04,1438222,7323,5030,--2293,--981,252761,174315,--78446,--33308,KRX
20240213,-28950,5,-100,-0.34,1303349,5959,4647,--1312,--3265,205799,160661,--45138,--112843,KRX
20240208,+29050,2,+600,+2.11,1686971,7057,9010,+1953,--7894,243929,311634,+67705,--283561,KRX
20240207,+28450,2,+1300,+4.79,1561068,4319,14166,+9847,+9483,153882,505148,+351266,+337973,KRX
20240206,-27150,5,-100,-0.37,627160,4598,4962,+364,+2629,169966,183259,+13293,+96932,KRX
20240205,+27250,2,+100,+0.37,650935,4978,2713,--2265,+2970,183406,99767,--83639,+108735,KRX
20240202,-27150,5,-350,-1.27,1236872,8524,3289,--5235,--3774,313283,120909,--192374,--139737,KRX
20240201,-27500,5,-850,-3.00,1344043,8441,6980,--1461,--9434,302947,250310,--52637,--331934,KRX
20240131,+28350,2,+1250,+4.61,3788729,11637,19610,+7973,+4648,409174,688471,+279297,+157594,KRX
20240130,-27100,5,-400,-1.45,784803,4176,7501,+3325,--1838,152864,274567,+121703,--63749,KRX
20240129,-27500,5,-1000,-3.51,1135082,3844,9007,+5163,+2008,136908,322360,+185452,+74528,KRX
20240126,+28500,2,+350,+1.24,924230,3261,6416,+3155,--194,114632,225556,+110924,--7424,KRX
20240125,+28150,2,+450,+1.62,1481082,6434,9783,+3349,+1745,227521,345869,+118348,+60763,KRX
20240124,-27700,5,-100,-0.36,749679,3575,5179,+1604,--1338,128481,186066,+57585,--48443,KRX
20240123,+27800,2,+350,+1.28,986193,3930,6872,+2942,--3541,141742,247770,+106028,--131682,KRX
20240122,+27450,2,+1000,+3.78,1456758,5085,11568,+6483,+602,187261,424971,+237710,+15519,KRX
20240119,+26450,2,+450,+1.73,693824,3679,9560,+5881,+1336,139001,361192,+222191,+46551,KRX
20240118,+26000,2,+500,+1.96,857803,4445,8990,+4545,+7401,171398,347038,+175640,+286365,KRX
20240117,-25500,5,-900,-3.41,1019291,7749,4893,--2856,+985,300979,190254,--110725,+33951,KRX
20240116,-26400,5,-500,-1.86,542287,5181,1340,--3841,--3881,194946,50270,--144676,--146135,KRX
20240115,+26900,2,+300,+1.13,542665,3385,3425,+40,+2293,126670,128129,+1459,+86632,KRX
20240112,+26600,2,+50,+0.19,816687,5643,3390,--2253,+5312,211553,126380,--85173,+196275,KRX
20240111,-26550,5,-650,-2.39,990635,10387,2822,--7565,--11798,386836,105388,--281448,--437688,KRX
20240110,+27200,2,+650,+2.45,950564,4113,8346,+4233,+4691,151697,307937,+156240,+173398,KRX
20240109,-26550,5,-150,-0.56,503248,2332,1874,--458,+3825,87244,70086,--17158,+141648,KRX
20240108,-26700,5,-600,-2.20,717906,5181,898,--4283,--4137,192056,33250,--158806,--150033,KRX
20240105,+27300,2,+300,+1.11,1597423,10250,10104,--146,+2244,372336,363563,--8773,+78354,KRX
20240104,-27000,5,-500,-1.82,1002503,9320,6930,--2390,--2625,340926,253799,--87127,--95015,KRX
20240103,+27500,2,+750,+2.80,1205532,7792,8027,+235,+425,288038,295926,+7888,+14845,KRX
20240102,+26750,2,+150,+0.56,694034,4506,4316,--190,--4892,167607,160650,--6957,--184697,KRX
20231228,+26600,2,+500,+1.92,574905,1803,6505,+4702,--1196,68053,245793,+177740,--49288,KRX
20231227,+26100,2,+400,+1.56,662051,1246,7144,+5898,+2976,48061,275089,+227028,+114194,KRX
20231226,-25700,5,-700,-2.65,892155,2610,5532,+2922,+1988,100546,213380,+112834,+77845,KRX
20231222,-26400,5,-100,-0.38,503678,1548,2482,+934,+1356,58226,93215,+34989,+50859,KRX
20231221,-26500,5,-250,-0.93,552822,2353,1931,--422,--1689,88862,72992,--15870,--63231,KRX
20231220,+26750,2,+100,+0.38,558590,1967,3234,+1267,+1139,73365,120726,+47361,+42446,KRX
20231219,+26650,2,+100,+0.38,402924,1506,1634,+128,+931,56998,61913,+4915,+35271,KRX
20231218,+26550,2,+200,+0.76,481623,2953,2150,--803,+125,111425,81069,--30356,+4939,KRX
20231215,+26350,2,+300,+1.15,778126,6256,5328,--928,--1896,236753,201458,--35295,--72567,KRX
20231214,+26050,2,+200,+0.77,994364,5617,6585,+968,+1571,214260,251532,+37272,+58411,KRX
20231213,-25850,5,-1000,-3.72,1698671,5798,5195,--603,--1842,219193,198054,--21139,--66828,KRX
20231212,-26850,5,-1200,-4.28,2662010,9266,10505,+1239,+498,344259,389948,+45689,+16705,KRX
20231211,-28050,5,-500,-1.75,1586443,6950,7691,+741,--503,244066,273050,+28984,--15062,KRX
20231208,-28550,5,-500,-1.72,1182571,5992,7236,+1244,+4128,210409,254455,+44046,+142079,KRX
20231207,-29050,5,-700,-2.35,973698,5893,3009,--2884,--111,200658,102625,--98033,--3509,KRX
20231206,+29750,2,+1000,+3.48,1733318,10643,7870,--2773,--2938,361848,267324,--94524,--102357,KRX
20231205,-28750,5,-350,-1.20,2159689,10823,10988,+165,+7889,369078,376911,+7833,+277686,KRX
20231204,+29100,2,+1050,+3.74,3343280,21616,13892,--7724,--18936,754842,484989,--269853,--674890,KRX
20231201,+28050,2,+1500,+5.65,4417839,16341,27553,+11212,+14879,587511,992548,+405037,+543624,KRX
20231130,+26550,2,+200,+0.76,938548,9265,5598,--3667,--3609,349389,210802,--138587,--135825,KRX
20231129,+26350,2,+550,+2.13,1208111,5367,5309,--58,+1039,205903,203141,--2762,+39891,KRX
20231128,+25800,2,+100,+0.39,625317,4776,3679,--1097,--1726,185322,142669,--42653,--67008,KRX
20231127,-25700,5,-100,-0.39,660259,2892,3521,+629,+6926,111985,136340,+24355,+268108,KRX
20231124,-25800,5,-600,-2.27,937148,7208,911,--6297,+6893,279041,35288,--243753,+247349,KRX
20231123,+26400,2,+500,+1.93,2858774,19762,6572,--13190,--15120,736427,245325,--491102,--565495,KRX
20231122,+25900,2,+150,+0.58,814942,1257,3187,+1930,+3723,48475,122868,+74393,+143680,KRX
20231121,-25750,5,-150,-0.58,512177,4161,2368,--1793,--4642,160502,91215,--69287,--179622,KRX
20231120,+25900,2,+350,+1.37,535320,2222,5071,+2849,+3143,86351,196686,+110335,+121766,KRX
20231117,-25550,5,-350,-1.35,437741,2336,2042,--294,--1928,91183,79752,--11431,--74663,KRX
20231116,25900,3,0,0.00,624338,1847,3481,+1634,+1991,71573,134805,+63232,+77177,KRX
20231115,+25900,2,+100,+0.39,682314,3433,3076,--357,--3163,132547,118602,--13945,--123632,KRX
20231114,+25800,2,+650,+2.58,426534,1150,3956,+2806,+7330,44972,154659,+109687,+286333,KRX
20231113,-25150,5,-150,-0.59,796611,6765,2241,--4524,--3213,263812,87166,--176646,--124749,KRX
20231110,-25300,5,-100,-0.39,642555,3290,1979,--1311,--1133,130616,78719,--51897,--44964,KRX
20231109,-25400,5,-350,-1.36,561571,4918,4740,--178,+1312,193349,186416,--6933,+49998,KRX
20231108,-25750,5,-500,-1.90,637968,5900,4410,--1490,+3744,226247,169316,--56931,+142065,KRX
20231107,+26250,2,+150,+0.57,1185898,10878,5644,--5234,--5309,413831,214835,--198996,--202003,KRX
20231106,+26100,2,+1550,+6.31,1386669,7050,7125,+75,--2312,275314,278321,+3007,--94301,KRX
20231103,+24550,2,+400,+1.66,607106,1722,4109,+2387,+3111,70385,167693,+97308,+126761,KRX
20231102,+24150,2,+150,+0.63,715813,4652,3928,--724,--2883,191457,162004,--29453,--119894,KRX
20231101,+24000,2,+750,+3.23,949650,5562,7721,+2159,+6095,232648,323089,+90441,+252620,KRX
20231031,-23250,5,-1150,-4.71,1342098,11636,7700,--3936,--7069,490107,327928,--162179,--291782,KRX
20231030,+24400,2,+650,+2.74,933803,4697,7830,+3133,--344,195525,325128,+129603,--15482,KRX
20231027,-23750,5,-800,-3.26,1415751,7880,11357,+3477,+6629,326473,471558,+145085,+269546,KRX
20231026,-24550,5,-1300,-5.03,1388100,9363,6211,--3152,--2149,373364,248903,--124461,--85058,KRX
20231025,+25850,2,+100,+0.39,1050422,9220,8217,--1003,--178,355686,316283,--39403,--8809,KRX
20231024,-25750,5,-450,-1.72,1026061,5818,4993,--825,--2757,226296,195702,--30594,--104194,KRX
20231023,+26200,2,+550,+2.14,1089681,5336,7268,+1932,--767,206362,279962,+73600,--31228,KRX
20231020,-25650,5,-550,-2.10,957050,3890,6589,+2699,+12427,150768,255596,+104828,+471415,KRX
20231019,-26200,5,-1350,-4.90,1392936,13109,3381,--9728,--10716,493984,127397,--366587,--402192,KRX
20231018,-27550,5,-100,-0.36,792181,5387,6375,+988,--7103,195522,231127,+35605,--254186,KRX
20231017,+27650,2,+350,+1.28,1318685,6656,14747,+8091,+10041,239785,529576,+289791,+359260,KRX
20231016,-27300,5,-850,-3.02,1216067,10823,8873,--1950,+2051,388826,319357,--69469,+74298,KRX
20231013,-28150,5,-350,-1.23,1135370,12382,8381,--4001,--4747,442952,299185,--143767,--169892,KRX
20231012,+28500,2,+50,+0.18,1018152,7601,8347,+746,+5053,266981,293106,+26125,+179665,KRX
20231011,+28450,2,+250,+0.89,1623169,11780,7473,--4307,+729,419544,266004,--153540,+26841,KRX
20231010,+28200,2,+950,+3.49,3290133,24957,19921,--5036,--3525,874019,693638,--180381,--124675,KRX
20231006,+27250,2,+250,+0.93,458925,4316,2805,--1511,--3620,159073,103367,--55706,--133548,KRX
20231005,+27000,2,+400,+1.50,1004566,5589,7698,+2109,+7475,206457,284299,+77842,+276923,KRX
20231004,-26600,5,-1150,-4.14,1163349,11127,5761,--5366,--6071,414658,215577,--199081,--225428,KRX
20230927,+27750,2,+500,+1.83,624615,3183,3888,+705,--3310,115837,142184,+26347,--119603,KRX
20230926,-27250,5,-400,-1.45,832475,3144,7159,+4015,+1043,114231,260181,+145950,+39258,KRX
20230925,-27650,5,-550,-1.95,820414,4296,7268,+2972,+5843,154133,260825,+106692,+207797,KRX
20230922,-28200,5,-950,-3.26,1263249,9504,6633,--2871,+1934,335546,234441,--101105,+62101,KRX
20230921,-29150,5,-550,-1.85,886450,9337,4532,--4805,--7504,316404,153198,--163206,--253892,KRX
20230920,+29700,2,+150,+0.51,647631,4229,6928,+2699,+3270,143067,233753,+90686,+109807,KRX
20230919,-29550,5,-350,-1.17,537980,2904,2333,--571,--982,97862,78741,--19121,--32135,KRX
20230918,-29900,5,-50,-0.17,723281,3781,4192,+411,+11,125391,138405,+13014,--191,KRX
20230915,+29950,2,+150,+0.50,842204,5127,5527,+400,--2206,171543,184748,+13205,--74973,KRX
20230914,+29800,2,+700,+2.41,640621,3650,6256,+2606,+847,123185,211363,+88178,+27377,KRX
20230913,-29100,5,-600,-2.02,1079959,5997,7756,+1759,+19774,203313,264114,+60801,+655794,KRX
20230912,-29700,5,-1400,-4.50,1758385,21656,3641,--18015,--19983,715576,120583,--594993,--656905,KRX
20230911,+31100,2,+400,+1.30,1633691,10965,12933,+1968,+4822,355076,416988,+61912,+155603,KRX
20230908,+30700,2,+200,+0.66,979897,8312,5458,--2854,+19330,270525,176834,--93691,+624128,KRX
20230907,-30500,5,-1100,-3.48,1817887,24706,2522,--22184,--14460,799985,82166,--717819,--478644,KRX
20230906,+31600,2,+800,+2.60,3700058,25567,17843,--7724,--5322,799686,560511,--239175,--161647,KRX
20230905,-30800,5,-100,-0.32,838675,7952,5550,--2402,--822,258327,180799,--77528,--26199,KRX
20230904,+30900,2,+400,+1.31,917503,6793,5213,--1580,+3634,219949,168620,--51329,+117675,KRX
20230901,-30500,5,-250,-0.81,1163990,12842,7628,--5214,--4324,416352,247348,--169004,--140162,KRX
20230831,+30750,2,+50,+0.16,797803,6939,6049,--890,--112,225784,196942,--28842,--3380,KRX
20230830,+30700,2,+200,+0.66,962138,5571,4793,--778,+3069,181661,156199,--25462,+100592,KRX
20230829,+30500,2,+550,+1.84,1668742,11061,7214,--3847,--7493,361406,235352,--126054,--248688,KRX
20230828,+29950,2,+800,+2.74,769952,3104,6750,+3646,+2703,104268,226902,+122634,+90465,KRX
20230825,-29150,5,-250,-0.85,502856,1534,2477,+943,+5182,52567,84736,+32169,+175604,KRX
20230824,-29400,5,-300,-1.01,858389,7458,3219,--4239,--4468,252412,108977,--143435,--151083,KRX
20230823,+29700,2,+500,+1.71,941946,6290,6519,+229,+153,211743,219391,+7648,+5966,KRX
20230822,29200,3,0,0.00,877996,7051,7127,+76,--2894,242071,243753,+1682,--100108,KRX
20230821,+29200,2,+500,+1.74,860436,5901,8871,+2970,--1738,202424,304214,+101790,--62643,KRX
20230818,-28700,5,-100,-0.35,1064732,5631,10339,+4708,+10724,196592,361025,+164433,+370699,KRX
20230817,-28800,5,-800,-2.70,1536987,12293,6277,--6016,--11416,422956,216690,--206266,--387875,KRX
20230816,29600,3,0,0.00,1828355,16049,21449,+5400,+9071,537854,719463,+181609,+304200,KRX
20230814,-29600,5,-650,-2.15,1237622,15450,11779,--3671,--9930,519233,396642,--122591,--332356,KRX
20230811,+30250,2,+1300,+4.49,2104924,14286,20545,+6259,+1835,476109,685874,+209765,+56798,KRX
20230810,-28950,5,-800,-2.69,1826982,9364,13788,+4424,+4567,322207,475174,+152967,+157789,KRX
20230809,+29750,2,+100,+0.34,970231,7002,6859,--143,--10917,236773,231951,--4822,--368926,KRX
20230808,-29650,5,-350,-1.17,1443725,5344,16118,+10774,+9321,180102,544206,+364104,+314533,KRX
20230807,-30000,5,-200,-0.66,1378488,9814,11267,+1453,+4125,326498,376069,+49571,+137839,KRX
20230804,-30200,5,-150,-0.49,997421,8249,5577,--2672,+9244,272151,183883,--88268,+303044,KRX
20230803,-30350,5,-1000,-3.19,2037045,19243,7327,--11916,--854,632063,240751,--391312,--39334,KRX
20230802,31350,3,0,0.00,2657087,22436,11374,--11062,--5558,710667,358689,--351978,--174823,KRX
20230801,31350,3,0,0.00,1409578,13429,7925,--5504,--1156,430552,253397,--177155,--36847,KRX
20230731,+31350,2,+750,+2.45,1901251,17733,13385,--4348,+109,567920,427612,--140308,+5391,KRX
20230728,+30600,2,+200,+0.66,1694042,16592,12135,--4457,+13004,540681,394982,--145699,+413306,KRX
20230727,-30400,5,-200,-0.65,5462806,50494,33033,--17461,+11581,1597458,1038453,--559005,+371416,KRX
20230726,-30600,5,-1950,-5.99,5234017,57018,27976,--29042,--17988,1834265,903844,--930421,--590458,KRX
20230725,+32550,2,+750,+2.36,3290254,34811,23757,--11054,--6311,1069743,729780,--339963,--192454,KRX
20230724,-31800,5,-100,-0.31,2051967,21335,16592,--4743,--1147,668060,520551,--147509,--36105,KRX
20230721,-31900,5,-750,-2.30,1825074,17858,14262,--3596,+15418,556635,445231,--111404,+468288,KRX
20230720,+32650,2,+200,+0.62,2231821,33505,14491,--19014,--8705,1022013,442321,--579692,--267735,KRX
20230719,-32450,5,-400,-1.22,2540518,27836,17527,--10309,--6082,848853,536896,--311957,--188432,KRX
20230718,-32850,5,-850,-2.52,2934269,30087,25860,--4227,--8757,904925,781400,--123525,--260097,KRX
20230717,-33700,5,-1050,-3.02,3726154,26291,30821,+4530,+90876,772748,909320,+136572,+2539417,KRX
20230714,-34750,5,-3400,-8.91,7656540,105048,18702,--86346,--69526,2924759,521914,--2402845,--1955303,KRX
20230713,+38150,2,+350,+0.93,3778433,49530,32710,--16820,--41857,1311991,864449,--447542,--1111920,KRX
20230712,+37800,2,+550,+1.48,3108606,23556,48593,+25037,+3542,629928,1294306,+664378,+85713,KRX
20230711,+37250,2,+950,+2.62,3129881,19147,40642,+21495,+47287,515280,1093945,+578665,+1282705,KRX
20230710,-36300,5,-1350,-3.59,3766431,39293,13501,--25792,--24509,1072979,368939,--704040,--670071,KRX
20230707,-37650,5,-250,-0.66,2105493,16487,15204,--1283,+13515,439366,405397,--33969,+353778,KRX
20230706,-37900,5,-650,-1.69,2464193,28672,13874,--14798,+4420,753257,365510,--387747,+116220,KRX
20230705,+38550,2,+700,+1.85,4205242,40295,21077,--19218,--7218,1048581,544614,--503967,--185081,KRX
20230704,+37850,2,+1600,+4.41,4314391,43769,31769,--12000,+817,1165500,846614,--318886,+33755,KRX
20230703,-36250,5,-300,-0.82,2209143,25697,12880,--12817,+25804,706837,354196,--352641,+690591,KRX
20230630,+36550,2,+900,+2.52,7394417,72815,34194,--38621,--46413,1963338,920106,--1043232,--1261709,KRX
20230629,-35650,5,-100,-0.28,1700566,11698,19490,+7792,+3874,324518,542995,+218477,+107322,KRX
20230628,-35750,5,-950,-2.59,1535161,10037,13955,+3918,--17,275551,386706,+111155,+3294,KRX
20230627,-36700,5,-350,-0.94,1311308,9058,12993,+3935,+2297,246080,353941,+107861,+61187,KRX
20230626,+37050,2,+150,+0.41,2369244,20494,22132,+1638,--16842,556465,603139,+46674,--454836,KRX
20230623,-36900,5,-1500,-3.91,3427907,15158,33638,+18480,+1708,404557,906067,+501510,+64773,KRX
20230622,-38400,5,-100,-0.26,3258900,23174,39946,+16772,--19810,601398,1038135,+436737,--500351,KRX
20230621,-38500,5,-850,-2.16,7294249,37358,73940,+36582,+11032,949434,1886522,+937088,+273395,KRX
20230620,+39350,2,+1850,+4.93,11328030,58391,83941,+25550,--5300,1537594,2201287,+663693,--181613,KRX
20230619,+37500,2,+3700,+10.95,11119907,51621,82471,+30850,+30927,1421448,2266754,+845306,+848156,KRX
20230616,+33800,2,+1200,+3.68,3084186,21512,21435,--77,+17051,641772,638922,--2850,+524114,KRX
20230615,32600,3,0,0.00,2149231,22853,5725,--17128,--5654,703064,176100,--526964,--173840,KRX
20230614,+32600,2,+1350,+4.32,4933659,38246,26772,--11474,+12364,1178871,825747,--353124,+403069,KRX
20230613,-31250,5,-900,-2.80,2051679,29091,5253,--23838,--12240,923046,166853,--756193,--396857,KRX
20230612,+32150,2,+1000,+3.21,2937927,23960,12362,--11598,--7585,744592,385256,--359336,--230209,KRX
20230609,-31150,5,-200,-0.64,831869,8030,4017,--4013,+695,258045,128918,--129127,+21279,KRX
20230608,+31350,2,+100,+0.32,1045037,10887,6179,--4708,--5053,347313,196907,--150406,--161251,KRX
20230607,+31250,2,+150,+0.48,805851,4608,4953,+345,+15845,147604,158449,+10845,+504269,KRX
20230605,-31100,5,-800,-2.51,1548950,19386,3886,--15500,--18108,617516,124092,--493424,--576581,KRX
20230602,+31900,2,+1000,+3.24,1603712,10444,13052,+2608,+7905,329231,412388,+83157,+252927,KRX
20230601,-30900,5,-50,-0.16,1131634,12353,7056,--5297,--585,395735,225965,--169770,--18731,KRX
20230531,-30950,5,-300,-0.96,743775,7857,3145,--4712,--3197,252314,101275,--151039,--102288,KRX
20230530,31250,3,0,0.00,1201606,8419,6904,--1515,+512,270903,222152,--48751,+17062,KRX
20230526,-31250,5,-300,-0.95,1099121,9778,7751,--2027,+3007,311124,245311,--65813,+93457,KRX
20230525,31550,3,0,0.00,1094322,11774,6740,--5034,--2073,372442,213172,--159270,--64752,KRX
20230524,-31550,5,-100,-0.32,1066698,11880,8919,--2961,+569,377547,283029,--94518,+16970,KRX
20230523,-31650,5,-400,-1.25,1026579,9157,5627,--3530,+4609,288709,177221,--111488,+142489,KRX
20230522,+32050,2,+650,+2.07,1744205,17162,9023,--8139,--7152,536646,282669,--253977,--222086,KRX
20230519,+31400,2,+250,+0.80,1230484,9172,8185,--987,+1798,293141,261250,--31891,+57521,KRX
20230518,31150,3,0,0.00,1519918,14846,12061,--2785,+109,476524,387112,--89412,--1197,KRX
20230517,-31150,5,-1800,-5.46,3151455,18198,15304,--2894,--488,574929,486714,--88215,--15039,KRX
20230516,+32950,2,+200,+0.61,1161286,12603,10197,--2406,--3494,382792,309616,--73176,--106627,KRX
20230515,-32750,5,-150,-0.46,1433968,11262,12350,+1088,--308,343098,376549,+33451,--10491,KRX
20230512,-32900,5,-1150,-3.38,2010699,10752,12148,+1396,+3661,323773,367715,+43942,+110549,KRX
20230511,+34050,2,+450,+1.34,1580843,14503,12238,--2265,--3082,425350,358743,--66607,--90814,KRX
20230510,-33600,5,-100,-0.30,1971674,14492,15309,+817,+828,425386,449593,+24207,+23275,KRX
20230509,-33700,5,-500,-1.46,1759609,12679,12668,--11,--4897,371244,372176,+932,--139372,KRX
20230508,+34200,2,+650,+1.94,2575448,17289,22175,+4886,+5277,500191,640495,+140304,+145614,KRX
20230504,-33550,5,-1100,-3.17,3664963,22975,22584,--391,--3186,664574,659264,--5310,--87558,KRX
20230503,+34650,2,+700,+2.06,4152079,19798,22593,+2795,+3768,567471,649719,+82248,+108174,KRX
20230502,+33950,2,+1050,+3.19,4009441,31450,30477,--973,--26714,935214,909288,--25926,--809482,KRX
20230428,-32900,5,-1850,-5.32,6291237,28932,54673,+25741,+7093,873154,1656710,+783556,+235131,KRX
20230427,+34750,2,+350,+1.02,5736710,39428,58076,+18648,--17503,1144487,1692912,+548425,--485096,KRX
20230426,-34400,5,-2000,-5.49,10007075,63645,99796,+36151,+1146,1821756,2855277,+1033521,+75555,KRX
20230425,+36400,2,+1250,+3.56,18242874,79724,114729,+35005,--13692,2185647,3143613,+957966,--423906,KRX
20230424,+35150,2,+1950,+5.87,18168255,68269,116966,+48697,--1857,1948193,3330065,+1381872,--158400,KRX
20230421,+33200,2,+1500,+4.73,23819442,81141,131695,+50554,--28197,2485641,4025913,+1540272,--988787,KRX
20230420,+31700,2,+3300,+11.62,30787700,89012,167763,+78751,+74953,2812724,5341783,+2529059,+2395280,KRX
20230419,+28400,2,+50,+0.18,1445169,6524,10322,+3798,--3262,230091,363870,+133779,--116929,KRX
20230418,+28350,2,+200,+0.71,2027383,8006,15066,+7060,--1981,284679,535387,+250708,--71090,KRX
20230417,+28150,2,+900,+3.30,3024458,7836,16877,+9041,+6076,280185,601983,+321798,+212931,KRX
20230414,+27250,2,+50,+0.18,1452864,7197,10162,+2965,--4007,264185,373052,+108867,--148276,KRX
20230413,+27200,2,+350,+1.30,1257286,4312,11284,+6972,--3166,160542,417685,+257143,--122660,KRX
20230412,+26850,2,+650,+2.48,1847716,6717,16855,+10138,+6312,251339,631142,+379803,+234171,KRX
20230411,-26200,5,-100,-0.38,1303642,6194,10020,+3826,--2851,236873,382505,+145632,--108336,KRX
20230410,-26300,5,-250,-0.94,1425658,4925,11602,+6677,+7846,186911,440879,+253968,+298053,KRX
20230407,-26550,5,-200,-0.75,1091069,6756,5587,--1169,+2923,254649,210564,--44085,+107051,KRX
20230406,-26750,5,-650,-2.37,1907496,12270,8178,--4092,--15680,453201,302065,--151136,--578949,KRX
20230405,+27400,2,+950,+3.59,4278245,14462,26050,+11588,+11083,530084,957897,+427813,+409341,KRX
20230404,+26450,2,+100,+0.38,1576414,8006,8511,+505,--3203,301848,320320,+18472,--122124,KRX
20230403,+26350,2,+550,+2.13,2733446,13510,17218,+3708,+1965,511248,651844,+140596,+73179,KRX
20230331,+25800,2,+50,+0.19,1081721,4572,6315,+1743,--6429,177443,244860,+67417,--250412,KRX
20230330,+25750,2,+200,+0.78,1121382,4202,12374,+8172,+7556,163658,481487,+317829,+293522,KRX
20230329,-25550,5,-150,-0.58,829288,4688,5304,+616,--10106,183262,207569,+24307,--394316,KRX
20230328,+25700,2,+600,+2.39,1638532,4552,15274,+10722,+6840,177401,596024,+418623,+262449,KRX
20230327,+25100,2,+100,+0.40,819981,1537,5419,+3882,+3649,61670,217844,+156174,+147003,KRX
20230324,25000,3,0,0.00,682772,3228,3461,+233,--5502,129128,138299,+9171,--219379,KRX
20230323,+25000,2,+50,+0.20,1182858,3279,9014,+5735,+6901,130864,359414,+228550,+273831,KRX
20230322,-24950,5,-900,-3.48,1968830,8864,7698,--1166,--6502,351376,306095,--45281,--250800,KRX
20230321,+25850,2,+50,+0.19,1209986,4104,9440,+5336,+3498,158113,363632,+205519,+134016,KRX
20230320,+25800,2,+250,+0.98,1434881,5167,7005,+1838,+330,200092,271595,+71503,+12416,KRX
20230317,-25550,5,-50,-0.20,1366299,7274,8782,+1508,--2328,284319,343406,+59087,--93382,KRX
20230316,+25600,2,+350,+1.39,1323289,6661,10497,+3836,--12619,264001,416470,+152469,--506340,KRX
20230315,+25250,2,+1200,+4.99,1713387,5175,21630,+16455,+10076,206803,865612,+658809,+395283,KRX
20230314,-24050,5,-500,-2.04,1203733,5640,12019,+6379,+382,231602,495128,+263526,+17002,KRX
20230313,-24550,5,-50,-0.20,1603186,6680,12677,+5997,+8302,278403,524927,+246524,+339400,KRX
20230310,-24600,5,-800,-3.15,1391139,8242,5937,--2305,--11747,333186,240310,--92876,--467226,KRX
20230309,+25400,2,+500,+2.01,1980615,9655,19097,+9442,+9763,382676,757026,+374350,+387155,KRX
20230308,-24900,5,-400,-1.58,1177924,5896,5575,--321,--705,236572,223767,--12805,--28073,KRX
20230307,-25300,5,-100,-0.39,1098277,5057,5441,+384,+1525,200285,215553,+15268,+59865,KRX
20230306,+25400,2,+300,+1.20,1519361,9113,7972,--1141,--871,356718,312121,--44597,--33559,KRX
20230303,+25100,2,+50,+0.20,906155,3431,3161,--270,--1338,136318,125280,--11038,--53417,KRX
20230302,+25050,2,+100,+0.40,1006093,4776,5844,+1068,+3502,189814,232193,+42379,+139220,KRX
20230228,-24950,5,-200,-0.80,1347212,7548,5114,--2434,+676,300892,204051,--96841,+26250,KRX
20230227,-25150,5,-600,-2.33,1400976,8713,5603,--3110,--496,345601,222510,--123091,--21688,KRX
20230224,+25750,2,+150,+0.59,1304327,7686,5072,--2614,+14577,298723,197320,--101403,+555169,KRX
20230223,+25600,2,+200,+0.79,2914767,23021,5830,--17191,--17322,881312,224740,--656572,--661844,KRX
20230222,-25400,5,-500,-1.93,1484713,5772,5903,+131,+273,226224,231496,+5272,+10972,KRX
20230221,+25900,2,+100,+0.39,835145,3689,3547,--142,+4361,142503,136803,--5700,+168802,KRX
20230220,+25800,2,+100,+0.39,834043,7175,2672,--4503,--7772,277793,103291,--174502,--301625,KRX
20230217,25700,3,0,0.00,868403,4234,7503,+3269,--1250,164787,291910,+127123,--48505,KRX
20230216,+25700,2,+350,+1.38,1216529,4693,9212,+4519,+3025,182844,358472,+175628,+115184,KRX
20230215,-25350,5,-1050,-3.98,3137300,13885,15379,+1494,--1902,540299,600743,+60444,--67279,KRX
20230214,-26400,5,-200,-0.75,1430992,7490,10886,+3396,--758,281839,409562,+127723,--27854,KRX
20230213,-26600,5,-300,-1.12,1639044,8651,12805,+4154,--2411,324120,479697,+155577,--90346,KRX
20230210,+26900,2,+200,+0.75,1929842,7193,13758,+6565,+4180,268499,514422,+245923,+155889,KRX
20230209,26700,3,0,0.00,1447777,5714,8099,+2385,+3555,214040,304074,+90034,+134366,KRX
20230208,+26700,2,+300,+1.14,2343426,11168,9998,--1170,+1339,417637,373305,--44332,+49772,KRX
20230207,-26400,5,-300,-1.12,2423965,11566,9057,--2509,+26750,434395,340291,--94104,+996685,KRX
20230206,-26700,5,-1650,-5.82,6126510,46796,17537,--29259,--43252,1744593,653804,--1090789,--1583527,KRX
20230203,+28350,2,+100,+0.35,1592112,4115,18108,+13993,+7547,145206,637944,+492738,+263712,KRX
20230202,+28250,2,+100,+0.36,2516047,10743,17189,+6446,--17639,378328,607354,+229026,--626328,KRX
20230201,+28150,2,+550,+1.99,3336060,11976,36061,+24085,+18726,426573,1281927,+855354,+662697,KRX
20230131,+27600,2,+600,+2.22,3715462,18772,24131,+5359,+35326,688451,881108,+192657,+1268764,KRX
20230130,-27000,5,-1800,-6.25,17330042,79891,49924,--29967,--43092,2805465,1729358,--1076107,--1525364,KRX
20230127,-28800,5,-500,-1.71,4323667,20357,33482,+13125,+6054,698677,1147934,+449257,+201677,KRX
20230126,+29300,2,+2850,+10.78,7337326,24882,31953,+7071,+13247,883667,1131247,+247580,+479915,KRX
20230125,-26450,5,-50,-0.19,1359635,10041,3865,--6176,--5911,378236,145901,--232335,--221963,KRX
20230120,+26500,2,+200,+0.76,1105974,5074,4809,--265,+2003,193374,183002,--10372,+75618,KRX
20230119,-26300,5,-400,-1.50,1365237,8048,5780,--2268,+6605,305650,219660,--85990,+242518,KRX
20230118,-26700,5,-900,-3.26,1730408,11841,2968,--8873,--7430,438646,110138,--328508,--274897,KRX
20230117,-27600,5,-200,-0.72,2134976,11354,9911,--1443,+9788,406169,352558,--53611,+344949,KRX
20230116,-27800,5,-600,-2.11,2368626,18302,7071,--11231,--20847,651430,252870,--398560,--740283,KRX
20230113,+28400,2,+1050,+3.84,2714868,7965,17581,+9616,+16395,285943,627666,+341723,+589599,KRX
20230112,+27350,2,+300,+1.11,2838646,19588,12809,--6779,--7220,711059,463183,--247876,--263771,KRX
20230111,+27050,2,+400,+1.50,1497471,9033,9474,+441,+2773,335988,351883,+15895,+102631,KRX
20230110,-26650,5,-350,-1.30,1368942,8592,6260,--2332,--6425,319693,232957,--86736,--240208,KRX
20230109,+27000,2,+900,+3.45,1395372,5651,9744,+4093,--1211,211989,365461,+153472,--51032,KRX
20230106,+26100,2,+300,+1.16,1564810,6297,11601,+5304,+8689,241718,446222,+204504,+331313,KRX
20230105,-25800,5,-800,-3.01,2684678,11640,8255,--3385,--3397,446832,320023,--126809,--126589,KRX
20230104,-26600,5,-400,-1.48,1529638,8145,8157,+12,+5248,308016,307796,--220,+193173,KRX
20230103,-27000,5,-850,-3.05,1673004,10352,5116,--5236,+4513,382385,188992,--193393,+150689,KRX
20230102,-27850,5,-550,-1.94,1637980,13554,3805,--9749,--7282,478447,134365,--344082,--256220,KRX
20221229,+28400,2,+300,+1.07,1722904,12283,9816,--2467,+2138,435250,347388,--87862,+75687,KRX
20221228,-28100,5,-750,-2.60,1759396,15046,10441,--4605,--11627,530042,366493,--163549,--408934,KRX
20221227,+28850,2,+1250,+4.53,2838401,12591,19613,+7022,+5883,443657,689042,+245385,+202440,KRX
20221226,+27600,2,+650,+2.41,1753688,7942,9081,+1139,+599,291692,334637,+42945,+23832,KRX
20221223,-26950,5,-700,-2.53,1408619,6116,6656,+540,+2443,225761,244874,+19113,+89203,KRX
20221222,+27650,2,+250,+0.91,1280591,8703,6800,--1903,--7477,316951,246861,--70090,--272573,KRX
20221221,+27400,2,+100,+0.37,1070513,2132,7706,+5574,+10115,77593,280076,+202483,+361765,KRX
20221220,-27300,5,-300,-1.09,2348084,13765,9224,--4541,--9585,493564,334282,--159282,--342372,KRX
20221219,+27600,2,+150,+0.55,1016037,4166,9210,+5044,+4079,151632,334722,+183090,+146713,KRX
20221216,-27450,5,-950,-3.35,1877911,7730,8695,+965,+9031,278835,315212,+36377,+318012,KRX
20221215,-28400,5,-150,-0.53,1766338,13488,5422,--8066,--9540,470208,188573,--281635,--333259,KRX
20221214,+28550,2,+550,+1.96,1479027,9213,10687,+1474,+12661,325975,377599,+51624,+443316,KRX
20221213,-28000,5,-400,-1.41,1969831,17921,6734,--11187,--3274,629639,237947,--391692,--108094,KRX
20221212,+28400,2,+800,+2.90,2633973,21351,13438,--7913,+4448,760548,476950,--283598,+164519,KRX
20221209,-27600,5,-200,-0.72,2617405,18606,6245,--12361,--12863,675976,227859,--448117,--466885,KRX
20221208,-27800,5,-700,-2.46,2436742,13107,13609,+502,+414,466427,485195,+18768,+15267,KRX
20221207,-28500,5,-700,-2.40,2582903,13915,14003,+88,+6013,482247,485748,+3501,+204081,KRX
20221206,-29200,5,-400,-1.35,2342991,15725,9800,--5925,--24338,536215,335635,--200580,--819947,KRX
20221205,-29600,5,-550,-1.82,3487644,13094,31507,+18413,+20983,435001,1054368,+619367,+698789,KRX
20221202,-30150,5,-1850,-5.78,5795039,29971,27401,--2570,--18372,973974,894552,--79422,--573195,KRX
20221201,+32000,2,+150,+0.47,4874778,26034,41836,+15802,+5000,821910,1315683,+493773,+154487,KRX
20221130,+31850,2,+850,+2.74,4866092,21221,32023,+10802,--6563,673407,1012693,+339286,--223240,KRX
20221129,+31000,2,+1300,+4.38,6046685,18893,36258,+17365,+16477,615357,1177883,+562526,+532331,KRX
20221128,-29700,5,-500,-1.66,2482008,12010,12898,+888,--11265,399828,430023,+30195,--378879,KRX
20221125,+30200,2,+200,+0.67,4271057,16605,28758,+12153,+6806,560241,969315,+409074,+230379,KRX
20221124,+30000,2,+100,+0.33,3107458,10812,16159,+5347,--3197,361822,540517,+178695,--102460,KRX
20221123,+29900,2,+1050,+3.64,11255060,48804,57348,+8544,+18132,1650046,1931201,+281155,+612754,KRX
20221122,-28850,5,-300,-1.03,4387215,31813,22225,--9588,--17064,1103259,771660,--331599,--583715,KRX
20221121,+29150,2,+1800,+6.58,16144080,74361,81837,+7476,+30373,2568899,2821015,+252116,+1051508,KRX
20221118,-27350,5,-700,-2.50,11360799,58950,36053,--22897,--5103,2075830,1276438,--799392,--137259,KRX
20221117,+28050,2,+1450,+5.45,25930518,95517,77723,--17794,--16952,3411887,2749754,--662133,--622885,KRX
20221116,+26600,2,+1300,+5.14,7036601,30671,29829,--842,+7697,1185849,1146601,--39248,+296001,KRX
20221115,+25300,2,+50,+0.20,1840586,14724,6185,--8539,--18148,577573,242324,--335249,--715593,KRX
20221114,-25250,5,-450,-1.75,2276318,7273,16882,+9609,+23250,288481,668825,+380344,+908047,KRX
20221111,+25700,2,+100,+0.39,2761315,20093,6452,--13641,--7539,775938,248235,--527703,--298442,KRX
20221110,+25600,2,+900,+3.64,5167070,29099,22997,--6102,--1332,1122773,893512,--229261,--36673,KRX
20221109,-24700,5,-200,-0.80,1284433,11599,6829,--4770,--17111,468132,275544,--192588,--690540,KRX
20221108,+24900,2,+600,+2.47,1344045,3616,15957,+12341,+15232,145880,643832,+497952,+615249,KRX
20221107,-24300,5,-700,-2.80,1784778,9859,6968,--2891,--870,401150,283853,--117297,--36311,KRX
20221104,+25000,2,+150,+0.60,1358010,8503,6482,--2021,--9278,341135,260149,--80986,--374443,KRX
20221103,+24850,2,+50,+0.20,1507028,5252,12509,+7257,+16957,211821,505278,+293457,+679224,KRX
20221102,-24800,5,-700,-2.75,2229939,20835,11135,--9700,--6614,829211,443444,--385767,--263917,KRX
20221101,+25500,2,+1150,+4.72,2623709,15564,12478,--3086,--5102,623103,501253,--121850,--205118,KRX
20221031,+24350,2,+500,+2.10,1301910,7666,9682,+2016,+820,317503,400771,+83268,+34120,KRX
20221028,-23850,5,-50,-0.21,1450124,8522,9718,+1196,--4511,356977,406125,+49148,--193043,KRX
20221027,+23900,2,+700,+3.02,1532704,5001,10708,+5707,+6986,212247,454438,+242191,+295623,KRX
20221026,-23200,5,-450,-1.90,1396948,9024,7745,--1279,--1105,383095,329663,--53432,--47653,KRX
20221025,-23650,5,-300,-1.25,1198948,7174,7000,--174,--7765,300748,294969,--5779,--317475,KRX
20221024,+23950,2,+400,+1.70,1592393,7472,15063,+7591,+4999,308740,620436,+311696,+201965,KRX
20221021,-23550,5,-450,-1.88,1016767,4090,6682,+2592,+2520,171056,280787,+109731,+108418,KRX
20221020,-24000,5,-100,-0.41,1731992,12002,12074,+72,+399,495856,497169,+1313,+14973,KRX
20221019,-24100,5,-350,-1.43,1610681,11179,10852,--327,+3078,455950,442290,--13660,+125067,KRX
20221018,+24450,2,+250,+1.03,1583779,9509,6104,--3405,--11010,388451,249724,--138727,--456700,KRX
20221017,24200,3,0,0.00,1776931,8005,15610,+7605,+4273,336078,654051,+317973,+181880,KRX
20221014,+24200,2,+700,+2.98,2387437,13160,16492,+3332,--6035,540958,677051,+136093,--257616,KRX
20221013,-23500,5,-1200,-4.86,2301715,7811,17178,+9367,+9618,326120,719829,+393709,+396145,KRX
20221012,-24700,5,-100,-0.40,2945921,18836,18585,--251,--10565,765743,763307,--2436,--420270,KRX
20221011,-24800,5,-400,-1.59,2446202,10872,21186,+10314,+20991,436016,853850,+417834,+829580,KRX
20221007,-25200,5,-1350,-5.08,2849194,18808,8131,--10677,--7899,730828,319082,--411746,--306972,KRX
20221006,26550,3,0,0.00,1278571,8274,5496,--2778,+7607,311853,207079,--104774,+277778,KRX
20221005,-26550,5,-400,-1.48,2632510,23365,12980,--10385,--28085,868094,485542,--382552,--1044824,KRX
20221004,+26950,2,+1650,+6.52,3938335,19001,36701,+17700,+18643,716913,1379185,+662272,+697723,KRX
20220930,-25300,5,-850,-3.25,4830006,31657,30714,--943,--17933,1251364,1215913,--35451,--678841,KRX
20220929,+26150,2,+700,+2.75,4981199,20273,37263,+16990,+8285,765209,1408599,+643390,+298480,KRX
20220928,-25450,5,-1250,-4.68,4073434,15867,24572,+8705,+7090,608373,953283,+344910,+283972,KRX
20220927,-26700,5,-250,-0.93,3431899,16641,18256,+1615,--4816,621197,682135,+60938,--182776,KRX
20220926,-26950,5,-200,-0.74,5951813,29604,36035,+6431,+17286,1088408,1332122,+243714,+623229,KRX
20220923,-27150,5,-1900,-6.54,4973171,30493,19638,--10855,--9607,1070717,691202,--379515,--335402,KRX
20220922,+29050,2,+200,+0.69,3467114,22628,21380,--1248,+155,783338,739225,--44113,+7307,KRX
20220921,+28850,2,+400,+1.41,2986619,23553,22150,--1403,--14725,822231,770811,--51420,--520960,KRX
20220920,+28450,2,+750,+2.71,2648816,10272,23594,+13322,+19426,363237,832777,+469540,+686439,KRX
20220919,-27700,5,-150,-0.54,3616022,21159,15055,--6104,--8079,751898,534999,--216899,--288359,KRX
20220916,-27850,5,-250,-0.89,3149365,18318,20293,+1975,+715,651493,722953,+71460,+25383,KRX
20220915,-28100,5,-350,-1.23,3180734,14209,15469,+1260,--7848,495845,541922,+46077,--278105,KRX
20220914,28450,3,0,0.00,3038188,15939,25047,+9108,+1723,563624,887806,+324182,+56433,KRX
20220913,-28450,5,-850,-2.90,6611538,27443,34828,+7385,--8631,969201,1236950,+267749,--279343,KRX
20220908,+29300,2,+250,+0.86,3475555,12642,28658,+16016,+8503,431200,978292,+547092,+290047,KRX
20220907,-29050,5,-850,-2.84,6125085,24104,31617,+7513,+19361,814767,1071812,+257045,+649964,KRX
20220906,-29900,5,-600,-1.97,3567614,21244,9396,--11848,--14152,705449,312530,--392919,--466346,KRX
20220905,+30500,2,+300,+0.99,4622247,20091,22395,+2304,+18,665099,738526,+73427,--2759,KRX
20220902,+30200,2,+350,+1.17,5138416,28346,30632,+2286,--4950,950087,1026273,+76186,--163737,KRX
20220901,-29850,5,-450,-1.49,5809768,31623,38859,+7236,+8345,1050612,1290535,+239923,+278002,KRX
20220831,+30300,2,+850,+2.89,8990933,44677,43568,--1109,+20061,1505013,1466934,--38079,+660759,KRX
20220830,-29450,5,-650,-2.16,7899572,41700,20530,--21170,+21893,1386160,687322,--698838,+697704,KRX
20220829,-30100,5,-450,-1.47,11932377,92540,49477,--43063,--13690,3008332,1611790,--1396542,--503329,KRX
20220826,-30550,5,-600,-1.93,12602955,67055,37682,--29373,--41035,2107358,1214145,--893213,--1266141,KRX
20220825,-31150,5,-250,-0.80,12636684,59481,71143,+11662,--77551,1910889,2283817,+372928,--2619848,KRX
20220824,+31400,2,+4600,+17.16,34853568,103082,192295,+89213,+90445,3391693,6384469,+2992776,+3044248,KRX
20220823,+26800,2,+550,+2.10,7077764,27357,26125,--1232,--2207,1028621,977149,--51472,--89462,KRX
20220822,+26250,2,+200,+0.77,2807247,8967,9942,+975,+3428,344315,382305,+37990,+132086,KRX
20220819,+26050,2,+300,+1.17,6043818,20717,18264,--2453,--2468,789175,695079,--94096,--94043,KRX
20220818,-25750,5,-50,-0.19,4669665,16379,16394,+15,--4710,629505,629452,--53,--186251,KRX
20220817,+25800,2,+200,+0.78,2573411,5139,9864,+4725,+12366,200010,386208,+186198,+485644,KRX
20220816,+25600,2,+50,+0.20,4612907,24192,16551,--7641,+832,933643,634197,--299446,+23612,KRX
20220812,+25550,2,+500,+2.00,6511380,28388,19915,--8473,--2245,1092787,769729,--323058,--75786,KRX
20220811,+25050,2,+350,+1.42,2550052,12566,6338,--6228,--9397,500321,253049,--247272,--374694,KRX
20220810,-24700,5,-150,-0.60,2055538,7974,11143,+3169,+12492,319258,446680,+127422,+496877,KRX
20220809,-24850,5,-850,-3.31,3908085,20984,11661,--9323,--263,832611,463156,--369455,--9761,KRX
20220808,+25700,2,+1050,+4.26,5568646,22935,13875,--9060,--3202,910456,550762,--359694,--121139,KRX
20220805,+24650,2,+250,+1.02,3548773,18885,13027,--5858,--7854,771341,532786,--238555,--332162,KRX
20220804,-24400,5,-700,-2.79,4669106,18287,20283,+1996,--532,730947,824554,+93607,--8203,KRX
20220803,-25100,5,-500,-1.95,4548111,20175,22703,+2528,+4116,795553,897363,+101810,+160831,KRX
20220802,-25600,5,-300,-1.16,7918874,32191,30603,--1588,+13086,1229824,1170803,--59021,+491375,KRX
20220801,-25900,5,-650,-2.45,5901512,30907,16233,--14674,--38150,1165854,615458,--550396,--1458845,KRX
20220729,+26550,2,+1600,+6.41,15951347,45654,69130,+23476,+24796,1755093,2663542,+908449,+958067,KRX
20220728,-24950,5,-50,-0.20,11215232,40532,39212,--1320,--6433,1595331,1545713,--49618,--240846,KRX
20220727,-25000,5,-300,-1.19,13917584,55998,61111,+5113,--15794,2241470,2432698,+191228,--640986,KRX
20220726,+25300,2,+250,+1.00,13799507,38766,59673,+20907,+19299,1516661,2348875,+832214,+771116,KRX
20220725,+25050,2,+650,+2.66,16464385,48719,50327,+1608,--21468,1964989,2026087,+61098,--954513,KRX
20220722,+24400,2,+4200,+20.79,31111778,67898,90974,+23076,+23017,2922037,3937648,+1015611,+1012516,KRX
20220721,+20200,2,+250,+1.25,836904,2174,2233,+59,+2160,108067,111162,+3095,+108049,KRX
20220720,-19950,5,-650,-3.16,1685948,6859,4758,--2101,+2697,341167,236213,--104954,+126338,KRX
20220719,+20600,2,+600,+3.00,2918673,11901,7103,--4798,--3473,577267,345975,--231292,--163714,KRX
20220718,+20000,2,+800,+4.17,1716158,6731,5406,--1325,+1699,338740,271162,--67578,+93541,KRX
20220715,+19200,2,+700,+3.78,1352128,6826,3802,--3024,--1661,362626,201507,--161119,--86847,KRX
20220714,+18500,2,+300,+1.65,674965,3533,2170,--1363,+691,192502,118230,--74272,+38273,KRX
20220713,+18200,2,+50,+0.28,813282,3656,1602,--2054,--1535,201021,88476,--112545,--85112,KRX
20220712,-18150,5,-750,-3.97,931907,2839,2320,--519,+909,153973,126540,--27433,+47279,KRX
20220711,-18900,5,-400,-2.07,749521,3306,1878,--1428,+2968,173408,98696,--74712,+150599,KRX
20220708,+19300,2,+250,+1.31,1477123,6735,2339,--4396,--3079,344759,119448,--225311,--156063,KRX
20220707,+19050,2,+250,+1.33,844123,3249,1932,--1317,+38,171511,102263,--69248,+1766,KRX
20220706,-18800,5,-800,-4.08,918850,3947,2592,--1355,--1414,206515,135501,--71014,--74366,KRX
20220705,+19600,2,+300,+1.55,1093224,4638,4697,+59,+7406,240937,244289,+3352,+374841,KRX
20220704,-19300,5,-1600,-7.66,2541365,17868,10521,--7347,--5170,915554,544065,--371489,--267910,KRX
20220701,+20900,2,+100,+0.48,1656353,8662,6485,--2177,--2526,412487,308908,--103579,--122458,KRX
20220630,-20800,5,-300,-1.42,1519800,6541,6890,+349,--881,310647,329526,+18879,--39953,KRX
20220629,21100,3,0,0.00,1743437,6576,7806,+1230,+579,308772,367604,+58832,+26398,KRX
20220628,+21100,2,+1200,+6.03,1690618,5222,5873,+651,--1017,252514,284948,+32434,--52350,KRX
20220627,+19900,2,+1000,+5.29,1032518,3518,5186,+1668,+2833,178586,263370,+84784,+146204,KRX
20220624,+18900,2,+500,+2.72,920312,3966,2801,--1165,--3464,210449,149029,--61420,--186075,KRX
20220623,-18400,5,-850,-4.42,1845875,5962,8261,+2299,+882,314156,438811,+124655,+50702,KRX
20220622,-19250,5,-1000,-4.94,1481804,4689,6106,+1417,+1819,237183,311136,+73953,+93996,KRX
20220621,+20250,2,+250,+1.25,1136351,4773,4371,--402,+6366,236467,216424,--20043,+313254,KRX
20220620,+20000,2,+100,+0.50,1773187,10419,3651,--6768,--8154,514239,180942,--333297,--408143,KRX
20220617,+19900,2,+50,+0.25,1858497,6808,8194,+1386,--88,344605,419451,+74846,--565,KRX
20220616,-19850,5,-400,-1.98,2369719,7059,8533,+1474,+9274,346517,421928,+75411,+444055,KRX
20220615,-20250,5,-2100,-9.40,4093581,18388,10588,--7800,--5502,879124,510480,--368644,--266900,KRX
20220614,+22350,2,+200,+0.90,3080038,12482,10184,--2298,--5968,565593,463849,--101744,--268369,KRX
20220613,-22150,5,-650,-2.85,4034813,10585,14255,+3670,--4503,468962,635587,+166625,--190821,KRX
20220610,-22800,5,-50,-0.22,4985635,15394,23567,+8173,--3198,671336,1028782,+357446,--152387,KRX
20220609,+22850,2,+1800,+8.55,16607375,44296,55667,+11371,+25709,1965392,2475225,+509833,+1166010,KRX
20220608,+21050,2,+800,+3.95,7461549,23400,9062,--14338,--14114,1078922,422745,--656177,--644697,KRX
20220607,+20250,2,+650,+3.32,2057566,4492,4268,--224,--2625,223539,212059,--11480,--134529,KRX
20220603,+19600,2,+100,+0.51,448229,1120,3521,+2401,+2127,57736,180785,+123049,+108868,KRX
20220602,+19500,2,+150,+0.78,524542,2159,2433,+274,--2633,111405,125586,+14181,--137351,KRX
20220531,+19350,2,+450,+2.38,696333,1225,4132,+2907,+1437,63745,215277,+151532,+73684,KRX
20220530,+18900,2,+350,+1.89,381923,728,2198,+1470,+506,38638,116486,+77848,+25618,KRX
20220527,+18550,2,+100,+0.54,290442,592,1556,+964,--272,31905,84135,+52230,--14532,KRX
20220526,+18450,2,+50,+0.27,278131,688,1924,+1236,+541,37242,104004,+66762,+28933,KRX
20220525,+18400,2,+250,+1.38,254225,834,1529,+695,--511,45516,83345,+37829,--27984,KRX
20220524,-18150,5,-250,-1.36,275765,709,1915,+1206,--358,38696,104509,+65813,--19343,KRX
20220523,+18400,2,+100,+0.55,277362,722,2286,+1564,+488,39323,124479,+85156,+25738,KRX
20220520,+18300,2,+500,+2.81,269405,743,1819,+1076,+1128,40943,100361,+59418,+62320,KRX
20220519,-17800,5,-500,-2.73,347054,936,884,--52,+397,52387,49485,--2902,+21478,KRX
20220518,-18300,5,-150,-0.81,318341,1317,868,--449,--1072,71900,47520,--24380,--58399,KRX
20220517,+18450,2,+250,+1.37,303406,896,1519,+623,+471,48806,82825,+34019,+25763,KRX
20220516,-18200,5,-50,-0.27,290542,800,952,+152,--159,43780,52036,+8256,--9133,KRX
20220513,+18250,2,+450,+2.53,410244,1223,1534,+311,+686,67270,84659,+17389,+38732,KRX
20220512,-17800,5,-500,-2.73,535704,2170,1795,--375,+473,121276,99933,--21343,+24945,KRX
20220511,-18300,5,-200,-1.08,353084,2410,1562,--848,--1719,131247,84959,--46288,--94104,KRX
20220510,18500,3,0,0.00,526399,1825,2696,+871,+5126,100000,147816,+47816,+275014,KRX
20220509,-18500,5,-650,-3.39,692732,5121,866,--4255,--5462,273348,46150,--227198,--290849,KRX
20220506,+19150,2,+100,+0.52,365546,1281,2488,+1207,+563,67462,131113,+63651,+29723,KRX
20220504,19050,3,0,0.00,356433,870,1514,+644,+603,45775,79703,+33928,+31745,KRX
20220503,-19050,5,-50,-0.26,266451,851,892,+41,--688,44432,46615,+2183,--36184,KRX
20220502,+19100,2,+50,+0.26,439140,1666,2395,+729,+495,86905,125272,+38367,+26031,KRX
20220429,19050,3,0,0.00,282944,1156,1390,+234,--374,60837,73173,+12336,--19846,KRX
20220428,+19050,2,+250,+1.33,330453,997,1605,+608,+224,52797,84979,+32182,+11749,KRX
20220427,-18800,5,-200,-1.05,400016,1479,1863,+384,--747,79092,99525,+20433,--38832,KRX
20220426,+19000,2,+150,+0.80,324987,1090,2221,+1131,+2249,57252,116517,+59265,+118268,KRX
20220425,-18850,5,-600,-3.08,467155,1837,719,--1118,--611,96989,37986,--59003,--32915,KRX
20220422,-19450,5,-150,-0.77,305238,1166,659,--507,--3479,59977,33889,--26088,--178270,KRX
20220421,+19600,2,+350,+1.82,492076,535,3507,+2972,+1960,27441,179623,+152182,+99642,KRX
20220420,-19250,5,-50,-0.26,277649,695,1707,+1012,--66,36094,88634,+52540,--3473,KRX
20220419,+19300,2,+200,+1.05,282186,474,1552,+1078,+725,24680,80693,+56013,+37614,KRX
20220418,-19100,5,-100,-0.52,289682,996,1349,+353,--773,52273,70672,+18399,--40496,KRX
20220415,19200,3,0,0.00,284354,861,1987,+1126,+798,45120,104015,+58895,+41796,KRX
20220414,+19200,2,+50,+0.26,312477,1152,1480,+328,+708,60144,77243,+17099,+37100,KRX
20220413,+19150,2,+350,+1.86,467535,1898,1518,--380,--736,99053,79052,--20001,--39037,KRX
20220412,-18800,5,-150,-0.79,356245,1413,1769,+356,+742,75216,94252,+19036,+39354,KRX
20220411,-18950,5,-150,-0.79,346480,1010,624,--386,+560,53189,32871,--20318,+29309,KRX
20220408,+19100,2,+50,+0.26,319995,1573,627,--946,+588,82581,32954,--49627,+30594,KRX
20220407,-19050,5,-350,-1.80,432421,2058,524,--1534,--1097,107533,27312,--80221,--57835,KRX
20220406,-19400,5,-450,-2.27,592729,1266,829,--437,+176,65155,42769,--22386,+8329,KRX
20220405,-19850,5,-100,-0.50,308330,1242,629,--613,--1120,62369,31654,--30715,--55997,KRX
20220404,-19950,5,-100,-0.50,366206,894,1401,+507,+1609,44774,70056,+25282,+80025,KRX
20220401,-20050,5,-300,-1.47,358528,1967,865,--1102,--3410,97779,43036,--54743,--167709,KRX
20220331,+20350,2,+500,+2.52,1030461,4073,6381,+2308,+1969,199213,312179,+112966,+95862,KRX
20220330,-19850,5,-100,-0.50,451306,1643,1982,+339,+643,82193,99297,+17104,+31851,KRX
20220329,-19950,5,-350,-1.72,501557,1910,1606,--304,--1548,94740,79993,--14747,--76178,KRX
20220328,+20300,2,+150,+0.74,373672,832,2076,+1244,+865,41228,102659,+61431,+42811,KRX
20220325,+20150,2,+50,+0.25,760904,2818,3197,+379,--2518,138572,157192,+18620,--126417,KRX
20220324,+20100,2,+250,+1.26,485959,671,3568,+2897,+2618,33721,178758,+145037,+130897,KRX
20220323,-19850,5,-50,-0.25,363751,1357,1636,+279,--206,68240,82380,+14140,--10168,KRX
20220322,+19900,2,+100,+0.51,460847,1653,2138,+485,+348,83205,107513,+24308,+17479,KRX
20220321,+19800,2,+50,+0.25,446697,1679,1816,+137,--2146,84531,91360,+6829,--109576,KRX
20220318,+19750,2,+350,+1.80,417135,1597,3880,+2283,+1875,81359,197764,+116405,+95381,KRX
20220317,+19400,2,+100,+0.52,442949,2122,2530,+408,--676,108705,129729,+21024,--35653,KRX
20220316,+19300,2,+350,+1.85,426029,1666,2750,+1084,+1097,87139,143816,+56677,+57331,KRX
20220315,-18950,5,-350,-1.81,367323,1310,1297,--13,+859,68637,67983,--654,+43966,KRX
20220314,-19300,5,-400,-2.03,547274,3375,2503,--872,--3062,172543,127923,--44620,--157646,KRX
20220311,+19700,2,+550,+2.87,572832,1445,3635,+2190,+2053,74890,187916,+113026,+106992,KRX
20220310,-19150,5,-400,-2.05,1067678,5553,5690,+137,--608,290094,296128,+6034,--31841,KRX
20220308,-19550,5,-350,-1.76,457211,2147,2892,+745,+748,109239,147114,+37875,+37917,KRX
20220307,-19900,5,-350,-1.73,528853,2415,2412,--3,--1386,120417,120375,--42,--69039,KRX
20220304,+20250,2,+100,+0.50,481928,1345,2728,+1383,+741,66855,135852,+68997,+36987,KRX
20220303,20150,3,0,0.00,497022,1503,2145,+642,--189,74907,106917,+32010,--8999,KRX
20220302,+20150,2,+350,+1.77,752523,2057,2888,+831,+999,101954,142963,+41009,+49446,KRX
20220228,+19800,2,+400,+2.06,985413,3324,3156,--168,--1529,168061,159624,--8437,--78756,KRX
20220225,+19400,2,+400,+2.11,615889,2243,3604,+1361,+2295,116278,186597,+70319,+119075,KRX
20220224,-19000,5,-450,-2.31,760057,3331,2397,--934,--2641,173964,125208,--48756,--137881,KRX
20220223,+19450,2,+600,+3.18,574844,1472,3179,+1707,+2166,76513,165638,+89125,+113392,KRX
20220222,-18850,5,-350,-1.82,508895,2074,1615,--459,--799,109640,85373,--24267,--42079,KRX
20220221,+19200,2,+100,+0.52,307007,854,1194,+340,--538,44978,62790,+17812,--28528,KRX
20220218,+19100,2,+250,+1.33,368389,1175,2053,+878,+217,62017,108357,+46340,+11317,KRX
20220217,-18850,5,-200,-1.05,635148,3048,3709,+661,--465,160778,195801,+35023,--25067,KRX
20220216,+19050,2,+900,+4.96,469117,1989,3115,+1126,+407,105848,165938,+60090,+21262,KRX
20220215,-18150,5,-200,-1.09,468593,1802,2521,+719,--2,98413,137241,+38828,--477,KRX
20220214,-18350,5,-500,-2.65,481650,1350,2071,+721,--1454,73058,112363,+39305,--75881,KRX
20220211,-18850,5,-250,-1.31,496902,1270,3445,+2175,+1493,67380,182566,+115186,+79592,KRX
20220210,-19100,5,-250,-1.29,426055,1745,2427,+682,--350,90797,126391,+35594,--17889,KRX
20220209,+19350,2,+250,+1.31,328779,1064,2096,+1032,+682,55269,108752,+53483,+35010,KRX
20220208,-19100,5,-50,-0.26,462724,2034,2384,+350,+193,105778,124251,+18473,+10180,KRX
20220207,-19150,5,-100,-0.52,488911,2443,2600,+157,--942,127608,135901,+8293,--49420,KRX
20220204,+19250,2,+250,+1.32,533798,3256,4355,+1099,+1395,171248,228961,+57713,+73233,KRX
20220203,+19000,2,+400,+2.15,647522,3644,3348,--296,--337,191377,175857,--15520,--17558,KRX
20220128,+18600,2,+750,+4.20,788160,3575,3616,+41,+651,196968,199006,+2038,+33041,KRX
20220127,-17850,5,-900,-4.80,1137941,5145,4535,--610,+1423,279790,248787,--31003,+76198,KRX
20220126,-18750,5,-150,-0.79,785330,5134,3101,--2033,--1027,270945,163744,--107201,--54944,KRX
20220125,-18900,5,-400,-2.07,1016915,5262,4256,--1006,--3556,275237,222980,--52257,--182760,KRX
20220124,-19300,5,-700,-3.50,1050035,3233,5783,+2550,+8412,166043,296546,+130503,+419729,KRX
20220121,-20000,5,-1400,-6.54,2071795,11444,5582,--5862,--6438,565858,276632,--289226,--317440,KRX
20220120,+21400,2,+600,+2.88,732154,3146,3722,+576,+534,149337,177551,+28214,+27085,KRX
20220119,-20800,5,-550,-2.58,907260,5071,5113,+42,+175,243055,244184,+1129,+7633,KRX
20220118,-21350,5,-1100,-4.90,1330655,6675,6542,--133,+2362,308437,301933,--6504,+104818,KRX
20220117,22450,3,0,0.00,1155542,5411,2916,--2495,+899,240220,128898,--111322,+40780,KRX
20220114,22450,3,0,0.00,899182,4772,1378,--3394,--2183,213663,61561,--152102,--98681,KRX
20220113,+22450,2,+750,+3.46,1772673,6992,5781,--1211,--1590,311561,258140,--53421,--71227,KRX
20220112,+21700,2,+150,+0.70,604323,1969,2348,+379,+3218,91235,109041,+17806,+148997,KRX
20220111,21550,3,0,0.00,643936,4112,1273,--2839,+1070,190102,58911,--131191,+48533,KRX
20220110,+21550,2,+150,+0.70,1177965,6451,2542,--3909,--3372,296596,116872,--179724,--154359,KRX
20220107,+21400,2,+250,+1.18,509011,1843,1306,--537,+2568,86722,61357,--25365,+119942,KRX
20220106,-21150,5,-200,-0.94,916940,4906,1801,--3105,--3432,229951,84644,--145307,--160588,KRX
20220105,+21350,2,+50,+0.23,601989,2588,2915,+327,+2558,122094,137375,+15281,+120183,KRX
20220104,+21300,2,+50,+0.24,582369,3468,1237,--2231,+733,163107,58205,--104902,+34777,KRX
20220103,+21250,2,+450,+2.16,757377,4136,1172,--2964,--134,195041,55362,--139679,--3864,KRX
20211230,-20800,5,-250,-1.19,476815,3387,557,--2830,--5853,162562,26747,--135815,--280987,KRX
20211229,+21050,2,+650,+3.19,961433,3486,6509,+3023,+1411,166599,311771,+145172,+66049,KRX
20211228,-20400,5,-100,-0.49,640378,814,2426,+1612,+4445,39864,118987,+79123,+216062,KRX
20211227,-20500,5,-50,-0.24,702297,3936,1103,--2833,--3295,190480,53541,--136939,--159412,KRX
20211224,+20550,2,+200,+0.98,463367,1123,1585,+462,--950,54616,77089,+22473,--47041,KRX
20211223,+20350,2,+150,+0.74,362089,610,2022,+1412,+1310,30062,99576,+69514,+64546,KRX
20211222,20200,3,0,0.00,307275,1134,1236,+102,+978,55960,60928,+4968,+48380,KRX
20211221,20200,3,0,0.00,412651,2366,1490,--876,+98,116711,73299,--43412,+4132,KRX
20211220,-20200,5,-600,-2.88,444999,1690,716,--974,--2318,82708,35164,--47544,--112649,KRX
20211217,+20800,2,+150,+0.73,365344,1370,2714,+1344,+428,66034,131139,+65105,+20624,KRX
20211216,+20650,2,+50,+0.24,322895,980,1896,+916,+54,47473,91954,+44481,+2611,KRX
20211215,-20600,5,-250,-1.20,338011,1010,1872,+862,+702,48894,90764,+41870,+33934,KRX
20211214,-20850,5,-50,-0.24,348775,1786,1946,+160,+1214,85490,93426,+7936,+57964,KRX
20211213,-20900,5,-200,-0.95,500834,2712,1658,--1054,--1522,128422,78394,--50028,--72254,KRX
20211210,+21100,2,+50,+0.24,316790,1428,1896,+468,+1563,68133,90359,+22226,+73711,KRX
20211209,+21050,2,+300,+1.45,808056,6650,5555,--1095,--2080,314840,263355,--51485,--98882,KRX
20211208,-20750,5,-150,-0.72,572155,2406,3391,+985,+1653,115278,162675,+47397,+79779,KRX
20211207,+20900,2,+300,+1.46,535076,2904,2236,--668,--746,140205,107823,--32382,--36351,KRX
20211206,20600,3,0,0.00,483201,2261,2339,+78,+2583,110225,114194,+3969,+126831,KRX
20211203,+20600,2,+500,+2.49,818336,5426,2921,--2505,--1849,265871,143009,--122862,--86569,KRX
20211202,+20100,2,+800,+4.15,1064040,6033,5377,--656,--1281,308483,272190,--36293,--69884,KRX
20211201,+19300,2,+400,+2.12,977837,5936,6561,+625,--3645,309691,343282,+33591,--189259,KRX
20211130,-18900,5,-900,-4.55,1409999,4330,8600,+4270,+280,224413,447263,+222850,+21984,KRX
20211129,-19800,5,-500,-2.46,1067840,4335,8325,+3990,+6121,218585,419451,+200866,+302832,KRX
20211126,-20300,5,-850,-4.02,974707,4381,2250,--2131,--3122,212003,110037,--101966,--148788,KRX
20211125,+21150,2,+150,+0.71,409947,1284,2275,+991,+347,60799,107621,+46822,+16111,KRX
20211124,-21000,5,-200,-0.94,504037,2095,2739,+644,+686,99596,130307,+30711,+32785,KRX
20211123,-21200,5,-150,-0.70,492629,2561,2519,--42,--1653,120217,118143,--2074,--79231,KRX
20211122,+21350,2,+200,+0.95,799635,2505,4116,+1611,+128,118802,195959,+77157,+7058,KRX
20211119,-21150,5,-50,-0.24,515872,1641,3124,+1483,--387,77400,147499,+70099,--18559,KRX
20211118,+21200,2,+50,+0.24,514256,1347,3217,+1870,+3511,63597,152255,+88658,+164864,KRX
20211117,-21150,5,-700,-3.20,661262,3299,1658,--1641,+888,153958,77752,--76206,+40261,KRX
20211116,+21850,2,+150,+0.69,552074,3774,1245,--2529,--1358,173771,57304,--116467,--62267,KRX
20211115,+21700,2,+400,+1.88,587781,2714,1543,--1171,--726,125620,71420,--54200,--33351,KRX
20211112,+21300,2,+250,+1.19,537225,2442,1997,--445,+1163,114695,93846,--20849,+55177,KRX
20211111,+21050,2,+300,+1.45,991966,6797,5189,--1608,--4422,324000,247974,--76026,--210684,KRX
20211110,-20750,5,-650,-3.04,904034,1776,4590,+2814,+3317,84627,219285,+134658,+157206,KRX
20211109,-21400,5,-400,-1.83,628332,3433,2930,--503,--2820,158547,135999,--22548,--131380,KRX
20211108,+21800,2,+300,+1.40,610455,2304,4621,+2317,--449,106718,215550,+108832,--20953,KRX
20211105,-21500,5,-250,-1.15,836733,2845,5611,+2766,+2623,131975,261760,+129785,+123085,KRX
20211104,-21750,5,-50,-0.23,636301,3008,3151,+143,+119,137281,143981,+6700,+5024,KRX
20211103,-21800,5,-500,-2.24,671379,2781,2805,+24,--3273,125911,127587,+1676,--146613,KRX
20211102,+22300,2,+350,+1.59,574188,1519,4816,+3297,+5221,68248,216537,+148289,+235004,KRX
20211101,-21950,5,-550,-2.44,1047262,4398,2474,--1924,--1193,198075,111360,--86715,--54886,KRX
20211029,-22500,5,-250,-1.10,791301,3489,2758,--731,+1159,153697,121868,--31829,+50775,KRX
20211028,-22750,5,-200,-0.87,784295,4107,2217,--1890,+5305,179731,97127,--82604,+228980,KRX
20211027,-22950,5,-950,-3.97,1633054,10117,2922,--7195,--9279,437859,126275,--311584,--399288,KRX
20211026,+23900,2,+300,+1.27,570122,1288,3372,+2084,+285,54292,141996,+87704,+11020,KRX
20211025,-23600,5,-100,-0.42,637079,1891,3690,+1799,--311,80675,157359,+76684,--12517,KRX
20211022,+23700,2,+100,+0.42,658317,1927,4037,+2110,+3722,81543,170744,+89201,+156790,KRX
20211021,-23600,5,-300,-1.26,600188,3931,2319,--1612,--3347,165153,97564,--67589,--140475,KRX
20211020,+23900,2,+100,+0.42,666376,1888,3623,+1735,+2353,79410,152296,+72886,+98867,KRX
20211019,-23800,5,-50,-0.21,563726,2368,1750,--618,+1446,99000,73019,--25981,+60824,KRX
20211018,23850,3,0,0.00,691516,4382,2318,--2064,--1300,184227,97422,--86805,--54832,KRX
20211015,+23850,2,+300,+1.27,967871,5583,4819,--764,--986,235125,203152,--31973,--41350,KRX
20211014,+23550,2,+350,+1.51,584262,4044,4266,+222,+3234,171842,181219,+9377,+138448,KRX
20211013,+23200,2,+300,+1.31,789704,6093,3081,--3012,--3069,261563,132492,--129071,--131471,KRX
20211012,-22900,5,-50,-0.22,798402,4585,4642,+57,+2771,199496,201896,+2400,+119063,KRX
20211008,22950,3,0,0.00,1020666,7311,4597,--2714,--3153,316204,199541,--116663,--135796,KRX
20211007,+22950,2,+400,+1.77,869670,3666,4105,+439,+39,160143,179276,+19133,--350,KRX
20211006,-22550,5,-900,-3.84,1624294,7174,7574,+400,+6162,312149,331632,+19483,+260368,KRX
20211005,-23450,5,-400,-1.68,1648380,9002,3240,--5762,--1509,376959,136074,--240885,--63241,KRX
20211001,-23850,5,-350,-1.45,1266783,9368,5115,--4253,+1297,390898,213254,--177644,+49613,KRX
20210930,+24200,2,+100,+0.41,1862141,13771,8221,--5550,--4589,561087,333830,--227257,--187126,KRX
20210929,-24100,5,-350,-1.43,1430504,7365,6404,--961,+757,308196,268065,--40131,+29498,KRX
20210928,-24450,5,-700,-2.78,1490086,6243,4525,--1718,+2502,252789,183160,--69629,+97811,KRX
20210927,+25150,2,+450,+1.82,2733835,12406,8186,--4220,+13253,488349,320909,--167440,+548992,KRX
20210924,+24700,2,+1000,+4.22,3605447,27080,9607,--17473,--13329,1110909,394477,--716432,--542230,KRX
20210923,-23700,5,-400,-1.66,997864,6769,2625,--4144,--1589,284865,110663,--174202,--67409,KRX
20210917,-24100,5,-50,-0.21,927072,6911,4356,--2555,--2258,288486,181693,--106793,--95260,KRX
20210916,-24150,5,-300,-1.23,890471,4504,4207,--297,+1702,185066,173533,--11533,+69495,KRX
20210915,-24450,5,-150,-0.61,876769,6043,4044,--1999,+7125,246036,165008,--81028,+285942,KRX
20210914,+24600,2,+100,+0.41,1156025,11525,2401,--9124,--3869,463776,96806,--366970,--153551,KRX
20210913,-24500,5,-200,-0.81,1228600,9607,4352,--5255,--6099,391409,177990,--213419,--249077,KRX
20210910,-24700,5,-200,-0.80,1536381,8108,8952,+844,+4038,329170,364828,+35658,+159952,KRX
20210909,-24900,5,-550,-2.16,1698962,11704,8510,--3194,--15715,465706,341412,--124294,--619046,KRX
20210908,-25450,5,-600,-2.30,2423630,6747,19268,+12521,+11735,264164,758916,+494752,+462741,KRX
20210907,-26050,5,-450,-1.70,1841402,6180,6966,+786,--2583,236394,268405,+32011,--95562,KRX
20210906,+26500,2,+250,+0.95,1180226,3624,6993,+3369,+8104,137209,264782,+127573,+307100,KRX
20210903,-26250,5,-250,-0.94,1164088,8003,3268,--4735,--5875,303799,124272,--179527,--224545,KRX
20210902,+26500,2,+350,+1.34,2310579,11773,12913,+1140,+8000,445461,490479,+45018,+305943,KRX
20210901,-26150,5,-450,-1.69,1931810,12158,5298,--6860,--9158,462709,201784,--260925,--348718,KRX
20210831,+26600,2,+800,+3.10,2691543,11035,13333,+2298,+7039,417081,504874,+87793,+267137,KRX
20210830,25800,3,0,0.00,3412906,16636,11895,--4741,--382,630953,451609,--179344,--12468,KRX
20210827,+25800,2,+100,+0.39,2608837,12892,8533,--4359,--22969,497251,330375,--166876,--893358,KRX
20210826,+25700,2,+1600,+6.64,6283336,18273,36883,+18610,+24836,717057,1443539,+726482,+984894,KRX
20210825,+24100,2,+150,+0.63,1251883,11129,4903,--6226,--51,462470,204058,--258412,+512,KRX
20210824,+23950,2,+700,+3.01,1155044,9667,3492,--6175,--418,405268,146344,--258924,--12238,KRX
20210823,+23250,2,+650,+2.88,1215132,10634,4877,--5757,--5888,456465,209779,--246686,--253363,KRX
20210820,-22600,5,-500,-2.16,1524807,10246,10377,+131,+2309,446200,452877,+6677,+95972,KRX
20210819,-23100,5,-750,-3.14,1573896,8646,6468,--2178,+257,364764,275469,--89295,+11523,KRX
20210818,+23850,2,+200,+0.85,915065,7147,4712,--2435,+957,298493,197675,--100818,+40278,KRX
20210817,-23650,5,-950,-3.86,1662185,9482,6090,--3392,--3686,396523,255427,--141096,--154953,KRX
20210813,-24600,5,-100,-0.40,1642435,6783,7077,+294,+3058,278277,292134,+13857,+125391,KRX
20210812,+24700,2,+200,+0.82,1597300,9113,6349,--2764,--7391,367735,256201,--111534,--298106,KRX
20210811,-24500,5,-1100,-4.30,2940397,12676,17303,+4627,+6586,511075,697647,+186572,+262115,KRX
20210810,-25600,5,-1150,-4.30,3223212,13729,11770,--1959,+11604,530771,455228,--75543,+430250,KRX
20210809,+26750,2,+150,+0.56,4286888,25779,12216,--13563,--50749,964360,458567,--505793,--1923382,KRX
20210806,+26600,2,+1400,+5.56,5186679,8145,45331,+37186,+34370,310737,1728326,+1417589,+1306578,KRX
20210805,-25200,5,-200,-0.79,2042306,6274,9090,+2816,--9635,244867,355878,+111011,--380548,KRX
20210804,+25400,2,+350,+1.40,1996029,3844,16295,+12451,+6585,152434,643993,+491559,+255523,KRX
20210803,+25050,2,+200,+0.80,1830067,5789,11655,+5866,+4991,232132,468168,+236036,+200956,KRX
20210802,24850,3,0,0.00,1919922,8153,9028,+875,--5412,330857,365937,+35080,--219907,KRX
20210730,+24850,2,+600,+2.47,2826954,6507,12794,+6287,+2431,264230,519217,+254987,+95751,KRX
20210729,+24250,2,+100,+0.41,1082250,3615,7471,+3856,+10398,149451,308687,+159236,+431382,KRX
20210728,+24150,2,+350,+1.47,3037973,16056,9514,--6542,--15334,669222,397076,--272146,--639360,KRX
20210727,+23800,2,+1000,+4.39,5859277,11977,20769,+8792,+10874,498155,865369,+367214,+457896,KRX
20210726,22800,3,0,0.00,919999,3268,1186,--2082,--3450,142473,51791,--90682,--150762,KRX
20210723,+22800,2,+150,+0.66,716507,1648,3016,+1368,+1715,72348,132428,+60080,+75286,KRX
20210722,+22650,2,+350,+1.57,778025,2585,2238,--347,--331,114696,99490,--15206,--14444,KRX
20210721,-22300,5,-250,-1.11,919021,3154,3138,--16,+2602,140422,139660,--762,+114307,KRX
20210720,+22550,2,+350,+1.58,1388186,6798,4180,--2618,--4594,302004,186935,--115069,--204190,KRX
20210719,-22200,5,-550,-2.42,1100949,1796,3772,+1976,+2265,80736,169857,+89121,+101793,KRX
20210716,+22750,2,+100,+0.44,1063316,4947,4658,--289,+575,215931,203259,--12672,+25339,KRX
20210715,+22650,2,+100,+0.44,786578,2962,2098,--864,--1749,130526,92515,--38011,--77063,KRX
20210714,-22550,5,-550,-2.38,1375157,3149,4034,+885,+4391,138375,177427,+39052,+189923,KRX
20210713,-23100,5,-50,-0.22,908591,5045,1539,--3506,--5578,216867,65996,--150871,--240296,KRX
20210712,+23150,2,+50,+0.22,913792,1723,3795,+2072,--3669,74247,163672,+89425,--161120,KRX
20210709,-23100,5,-500,-2.12,2305253,4703,10444,+5741,+8573,204500,455045,+250545,+369517,KRX
20210708,-23600,5,-700,-2.88,2391056,6685,3853,--2832,--1587,281718,162746,--118972,--68477,KRX
20210707,24300,3,0,0.00,1812346,4012,2767,--1245,+5312,163885,113390,--50495,+213054,KRX
20210706,-24300,5,-550,-2.21,2628931,8676,2119,--6557,--7114,350167,86618,--263549,--285723,KRX
20210705,+24850,2,+400,+1.64,2828257,6429,6986,+557,--643,257262,279436,+22174,--26393,KRX
20210702,+24450,2,+400,+1.66,1819387,4221,5421,+1200,+1732,172462,221029,+48567,+70014,KRX
20210701,-24050,5,-200,-0.82,1347808,3123,2591,--532,+2229,129286,107839,--21447,+91788,KRX
20210630,-24250,5,-350,-1.42,1214359,4642,1881,--2761,+652,190587,77352,--113235,+26805,KRX
20210629,+24600,2,+200,+0.82,1692804,4859,1446,--3413,+1813,199273,59233,--140040,+74708,KRX
20210628,+24400,2,+550,+2.31,1988287,7274,2048,--5226,--3227,299358,84610,--214748,--131434,KRX
20210625,+23850,2,+250,+1.06,1826728,6258,4259,--1999,--450,260603,177289,--83314,--18907,KRX
20210624,-23600,5,-400,-1.67,2403542,7940,6391,--1549,+3661,335543,271136,--64407,+152312,KRX
20210623,-24000,5,-400,-1.64,2083349,7733,2523,--5210,--3104,321681,104962,--216719,--130294,KRX
20210622,+24400,2,+150,+0.62,2532616,7034,4928,--2106,+12222,286916,200491,--86425,+497737,KRX
20210621,-24250,5,-700,-2.81,3252315,17697,3369,--14328,--24466,721637,137475,--584162,--990767,KRX
20210618,+24950,2,+1100,+4.61,6696236,17613,27751,+10138,+15855,707138,1113743,+406605,+642592,KRX
20210617,-23850,5,-350,-1.45,2792632,10540,4823,--5717,+326,437419,201432,--235987,+13253,KRX
20210616,+24200,2,+200,+0.83,3411919,13678,7635,--6043,+31521,565563,316323,--249240,+1263263,KRX
20210615,-24000,5,-2000,-7.69,8379609,52149,14585,--37564,--57590,2103280,590777,--1512503,--2274381,KRX
20210614,+26000,2,+1000,+4.00,7916778,23359,43385,+20026,+14040,910774,1672652,+761878,+524056,KRX
20210611,+25000,2,+400,+1.63,5343627,13215,19201,+5986,+8750,528358,766180,+237822,+349625,KRX
20210610,+24600,2,+650,+2.71,4732489,19237,16473,--2764,--15804,787289,675486,--111803,--642756,KRX
20210609,+23950,2,+100,+0.42,6784110,15700,28740,+13040,+20515,645045,1175998,+530953,+838786,KRX
20210608,+23850,2,+50,+0.21,5782861,18981,11506,--7475,--5445,790139,482306,--307833,--193855,KRX
20210607,+23800,2,+1250,+5.54,9691796,32792,30762,--2030,--26806,1422145,1308167,--113978,--1226167,KRX
20210604,+22550,2,+1000,+4.64,5408275,6087,30863,+24776,+26286,273975,1386164,+1112189,+1182204,KRX
20210603,-21550,5,-300,-1.37,1365180,4069,2559,--1510,--205,188459,118444,--70015,--10863,KRX
20210602,+21850,2,+50,+0.23,1964033,6408,5103,--1305,--6015,293099,233947,--59152,--273725,KRX
20210601,+21800,2,+600,+2.83,4789600,9108,13818,+4710,+4562,420276,634849,+214573,+207724,KRX
20210531,+21200,2,+100,+0.47,1332537,3941,4089,+148,+1621,187466,194315,+6849,+76421,KRX
20210528,-21100,5,-50,-0.24,1179825,4044,2571,--1473,--1715,191815,122243,--69572,--81526,KRX
20210527,+21150,2,+150,+0.71,2247607,7664,7906,+242,--14515,362655,374609,+11954,--695045,KRX
20210526,+21000,2,+650,+3.19,2381385,1743,16500,+14757,+14571,83550,790549,+706999,+697952,KRX
20210525,+20350,2,+150,+0.74,978271,1936,2122,+186,+3631,95013,104060,+9047,+178081,KRX
20210524,-20200,5,-600,-2.88,1643562,6049,2604,--3445,+3627,297389,128355,--169034,+177843,KRX
20210521,+20800,2,+100,+0.48,4235367,19680,12608,--7072,--3712,938221,591344,--346877,--185454,KRX
20210520,-20700,5,-200,-0.96,1371837,6949,3589,--3360,--5096,334329,172906,--161423,--245294,KRX
20210518,+20900,2,+650,+3.21,1542989,2407,4143,+1736,+2877,116472,200343,+83871,+139936,KRX
20210517,+20250,2,+150,+0.75,958892,3329,2188,--1141,+2903,164051,107986,--56065,+144194,KRX
20210514,20100,3,0,0.00,834428,5336,1292,--4044,+2007,264363,64104,--200259,+98533,KRX
20210513,-20100,5,-150,-0.74,1686459,10649,4598,--6051,+2803,527078,228286,--298792,+121645,KRX
20210512,-20250,5,-900,-4.26,3478199,17438,8584,--8854,--23903,834441,414004,--420437,--1132794,KRX
20210511,+21150,2,+650,+3.17,4803940,12598,27647,+15049,+8682,598232,1310589,+712357,+401794,KRX
20210510,+20500,2,+450,+2.24,1759265,3827,10194,+6367,+4927,187503,498066,+310563,+238135,KRX
20210507,+20050,2,+550,+2.82,1350818,3713,5153,+1440,+3366,186023,258451,+72428,+171724,KRX
20210506,+19500,2,+150,+0.78,1050752,5034,3108,--1926,+12709,259682,160386,--99296,+656009,KRX
20210504,-19350,5,-850,-4.21,3726812,20784,6149,--14635,--8588,1075419,320114,--755305,--457790,KRX
20210503,+20200,2,+50,+0.25,2002641,10447,4400,--6047,--4347,513268,215753,--297515,--214150,KRX
20210430,-20150,5,-300,-1.47,1355342,3097,1397,--1700,--1702,152223,68858,--83365,--83634,KRX
20210429,20450,3,0,0.00,1390810,1862,1864,+2,+3443,90861,91130,+269,+166479,KRX
20210428,-20450,5,-200,-0.97,2300166,7317,3876,--3441,--5529,352337,186127,--166210,--267489,KRX
20210427,+20650,2,+100,+0.49,1315427,1722,3810,+2088,--39,83757,185036,+101279,--2306,KRX
20210426,+20550,2,+200,+0.98,1824715,2121,4248,+2127,+4134,102466,206051,+103585,+200783,KRX
20210423,20350,3,0,0.00,2384665,4501,2494,--2007,--3148,218309,121111,--97198,--153360,KRX
20210422,20350,3,0,0.00,2193353,2089,3230,+1141,+13493,102361,158523,+56162,+656400,KRX
20210421,-20350,5,-1050,-4.91,5430329,17649,5297,--12352,--24712,856087,255849,--600238,--1174128,KRX
20210420,+21400,2,+650,+3.13,11473068,13338,25698,+12360,+8994,615512,1189402,+573890,+412358,KRX
20210419,+20750,2,+300,+1.47,1879554,2283,5649,+3366,+3912,109976,271508,+161532,+188208,KRX
20210416,+20450,2,+150,+0.74,2037558,2253,1707,--546,--4416,109383,82707,--26676,--218031,KRX
20210415,+20300,2,+300,+1.50,1800862,2418,6288,+3870,+3845,119262,310617,+191355,+189916,KRX
20210414,+20000,2,+50,+0.25,742715,1206,1231,+25,+216,60105,61544,+1439,+10873,KRX
20210413,19950,3,0,0.00,1017228,1386,1195,--191,--1293,69036,59602,--9434,--64591,KRX
20210412,-19950,5,-100,-0.50,894962,668,1770,+1102,+1840,33463,88620,+55157,+91915,KRX
20210409,-20050,5,-50,-0.25,783889,1207,469,--738,+2296,60026,23268,--36758,+113624,KRX
20210408,-20100,5,-100,-0.50,1282305,5856,2822,--3034,--4973,289550,139168,--150382,--246439,KRX
20210407,+20200,2,+100,+0.50,1029037,1907,3846,+1939,+3495,94201,190258,+96057,+172887,KRX
20210406,+20100,2,+50,+0.25,1218294,2467,911,--1556,--2229,121951,45121,--76830,--110538,KRX
20210405,20050,3,0,0.00,870352,688,1361,+673,+498,34323,68031,+33708,+24856,KRX
20210402,+20050,2,+150,+0.75,803521,1116,1291,+175,+6493,55606,64458,+8852,+323485,KRX
20210401,-19900,5,-450,-2.21,1831838,8447,2129,--6318,--5764,420569,105936,--314633,--287576,KRX
20210331,-20350,5,-50,-0.25,813728,2065,1511,--554,+2176,101165,74108,--27057,+106557,KRX
20210330,20400,3,0,0.00,1025500,4117,1387,--2730,--1162,201149,67535,--133614,--57705,KRX
20210329,-20400,5,-150,-0.73,1277563,3667,2099,--1568,--2210,177820,101911,--75909,--107753,KRX
20210326,+20550,2,+400,+1.99,1273609,2734,3376,+642,+1163,133584,165428,+31844,+57646,KRX
20210325,+20150,2,+100,+0.50,721285,1647,1126,--521,--1290,81807,56005,--25802,--64562,KRX
20210324,-20050,5,-50,-0.25,926966,2144,2913,+769,+490,106832,145592,+38760,+24802,KRX
20210323,-20100,5,-400,-1.95,971235,1082,1361,+279,+777,53311,67269,+13958,+37993,KRX
20210322,-20500,5,-150,-0.73,957234,2286,1788,--498,--1099,110627,86592,--24035,--54497,KRX
20210319,+20650,2,+350,+1.72,3869038,12645,13246,+601,+3204,611854,642316,+30462,+156584,KRX
20210318,-20300,5,-550,-2.64,1624434,5494,2891,--2603,--5001,266528,140406,--126122,--241856,KRX
20210317,-20850,5,-50,-0.24,937622,1036,3434,+2398,+1728,49973,165707,+115734,+83392,KRX
20210316,+20900,2,+100,+0.48,1373613,3091,3761,+670,+7168,148532,180874,+32342,+342074,KRX
20210315,20800,3,0,0.00,1716549,7639,1141,--6498,--15349,364277,54545,--309732,--736808,KRX
20210312,+20800,2,+900,+4.52,3604091,5619,14470,+8851,+7426,270788,697864,+427076,+355785,KRX
20210311,+19900,2,+200,+1.02,864378,2308,3733,+1425,+1004,115968,187259,+71291,+49721,KRX
20210310,-19700,5,-300,-1.50,779785,1713,2134,+421,--366,85350,106920,+21570,--18388,KRX
20210309,+20000,2,+100,+0.50,1114807,2542,3329,+787,+727,127770,167728,+39958,+37706,KRX
20210308,-19900,5,-50,-0.25,1359590,3307,3367,+60,+470,163777,166029,+2252,+23076,KRX
20210305,-19950,5,-100,-0.50,743593,2744,2334,--410,+594,138270,117446,--20824,+29374,KRX
20210304,-20050,5,-250,-1.23,779131,2455,1451,--1004,--2971,122637,72439,--50198,--148734,KRX
20210303,+20300,2,+550,+2.78,1560909,2676,4643,+1967,+4863,132396,230932,+98536,+244078,KRX
20210302,+19750,2,+150,+0.77,1380459,6379,3483,--2896,--4839,319860,174318,--145542,--245217,KRX
20210226,-19600,5,-400,-2.00,1439768,2725,4668,+1943,+2180,140291,239966,+99675,+111582,KRX
20210225,+20000,2,+550,+2.83,926114,1853,1616,--237,--680,93410,81503,--11907,--36157,KRX
20210224,-19450,5,-950,-4.66,1640361,3575,4018,+443,--3850,177133,201383,+24250,--188822,KRX
20210223,+20400,2,+500,+2.51,2028547,4336,8629,+4293,+4022,215044,428116,+213072,+198772,KRX
20210222,+19900,2,+200,+1.02,1361245,3495,3766,+271,--853,173939,188239,+14300,--43890,KRX
20210219,+19700,2,+150,+0.77,1329857,2090,3214,+1124,+1958,106676,164866,+58190,+100650,KRX
20210218,-19550,5,-450,-2.25,1250035,2234,1400,--834,+3249,113221,70761,--42460,+160515,KRX
20210217,-20000,5,-500,-2.44,1249138,5390,1307,--4083,--4941,267955,64980,--202975,--244977,KRX
20210216,-20500,5,-200,-0.97,1286329,1414,2272,+858,+981,68951,110953,+42002,+48070,KRX
20210215,+20700,2,+150,+0.73,1337660,2372,2249,--123,--1194,114618,108550,--6068,--58331,KRX
20210210,+20550,2,+50,+0.24,1010903,1847,2918,+1071,+1426,90366,142629,+52263,+69485,KRX
20210209,+20500,2,+100,+0.49,1267577,2622,2267,--355,--2177,126841,109619,--17222,--106681,KRX
20210208,-20400,5,-500,-2.39,1771997,2871,4693,+1822,+5336,140805,230264,+89459,+251395,KRX
20210205,-20900,5,-150,-0.71,3571635,6984,3470,--3514,--8440,325873,163937,--161936,--402998,KRX
20210204,+21050,2,+1200,+6.05,3783708,8165,13091,+4926,+4862,398324,639386,+241062,+237458,KRX
20210203,+19850,2,+200,+1.02,1357614,3901,3965,+64,+673,195384,198988,+3604,+33861,KRX
20210202,+19650,2,+100,+0.51,1358930,4541,3932,--609,--1007,228822,198565,--30257,--52701,KRX
20210201,+19550,2,+300,+1.56,1637433,4586,4984,+398,--2099,236735,259179,+22444,--106722,KRX
20210129,-19250,5,-800,-3.99,2288605,4612,7109,+2497,+2172,237230,366396,+129166,+113139,KRX
20210128,-20050,5,-600,-2.91,1818159,3940,4265,+325,+2663,196809,212836,+16027,+127065,KRX
20210127,-20650,5,-750,-3.50,2324588,6097,3759,--2338,--553,289495,178457,--111038,--28157,KRX
20210126,+21400,2,+250,+1.18,3033602,6874,5089,--1785,--767,324286,241405,--82881,--35404,KRX
20210125,-21150,5,-200,-0.94,1523386,3788,2770,--1018,+2628,177786,130309,--47477,+120980,KRX
20210122,-21350,5,-600,-2.73,2159763,4935,1289,--3646,--3232,228339,59882,--168457,--149851,KRX
20210121,+21950,2,+1000,+4.77,4711591,6744,6330,--414,+1992,308187,289581,--18606,+93914,KRX
20210120,+20950,2,+150,+0.72,2390585,5043,2637,--2406,+1545,237978,125458,--112520,+77743,KRX
20210119,+20800,2,+900,+4.52,3400442,9025,5074,--3951,--5288,436127,245864,--190263,--258365,KRX
20210118,-19900,5,-450,-2.21,2509143,5608,6945,+1337,+839,277989,346091,+68102,+43879,KRX
20210115,-20350,5,-650,-3.10,1946976,3671,4169,+498,--1001,177666,201889,+24223,--48277,KRX
20210114,+21000,2,+350,+1.69,2277774,5250,6749,+1499,+5372,250990,323490,+72500,+256933,KRX
20210113,-20650,5,-450,-2.13,2481247,10401,6528,--3873,--10419,497075,312642,--184433,--506076,KRX
20210112,+21100,2,+100,+0.48,4481709,10293,16839,+6546,+12176,484827,806470,+321643,+577730,KRX
20210111,-21000,5,-1350,-6.04,11230469,25819,20189,--5630,--1770,1184875,928788,--256087,--87580,KRX
20210108,+22350,2,+650,+3.00,15432236,17669,13809,--3860,--3280,783089,614582,--168507,--144804,KRX
20210107,-21700,5,-200,-0.91,7937103,9964,9384,--580,--9912,453843,430140,--23703,--459953,KRX
20210106,+21900,2,+250,+1.15,12299836,12472,21804,+9332,+14640,570727,1006977,+436250,+705701,KRX
20210105,+21650,2,+2000,+10.18,52212004,29183,23875,--5308,--15219,1354600,1085149,--269451,--797051,KRX
20210104,+19650,2,+2450,+14.24,21091762,15839,25750,+9911,+7570,837223,1364823,+527600,+390878,KRX
20201230,+17200,2,+400,+2.38,2365008,1814,4155,+2341,+1909,105962,242684,+136722,+111164,KRX
20201229,+16800,2,+350,+2.13,1314794,1829,2261,+432,--3300,108893,134451,+25558,--199715,KRX
20201228,-16450,5,-200,-1.20,1591650,1620,5352,+3732,+3406,97334,322607,+225273,+205604,KRX
20201224,+16650,2,+300,+1.83,1668145,1895,2221,+326,+585,113223,132892,+19669,+34884,KRX
20201223,-16350,5,-150,-0.91,1829356,2808,2549,--259,--39,170032,154817,--15215,--5661,KRX
20201222,-16500,5,-550,-3.23,3320360,2877,2657,--220,+2145,168090,158536,--9554,+128807,KRX
20201221,+17050,2,+200,+1.19,2639296,4215,1850,--2365,--3645,247010,108649,--138361,--210614,KRX
20201218,+16850,2,+450,+2.74,4265837,6152,7432,+1280,+1429,361574,433827,+72253,+80540,KRX
20201217,-16400,5,-450,-2.67,2311640,2276,2127,--149,+1215,137511,129224,--8287,+71339,KRX
20201216,-16850,5,-200,-1.17,1906891,2788,1424,--1364,--3713,163705,84079,--79626,--221149,KRX
20201215,+17050,2,+800,+4.92,6412828,5754,8103,+2349,+6547,340475,481998,+141523,+396987,KRX
20201214,-16250,5,-50,-0.31,2340351,5859,1661,--4198,--2267,356883,101419,--255464,--139915,KRX
20201211,16300,3,0,0.00,2662680,5289,3358,--1931,--11976,320986,205437,--115549,--731911,KRX
20201210,+16300,2,+700,+4.49,5594169,5058,15103,+10045,+9213,312600,928962,+616362,+563264,KRX
20201209,+15600,2,+250,+1.63,1010388,956,1788,+832,+1147,61661,114759,+53098,+73596,KRX
20201208,-15350,5,-50,-0.32,830433,964,649,--315,+187,62475,41977,--20498,+11622,KRX
20201207,-15400,5,-200,-1.28,1014365,1319,817,--502,--310,85047,52927,--32120,--20003,KRX
20201204,-15600,5,-150,-0.95,1479848,1708,1516,--192,+182,108842,96725,--12117,+11343,KRX
20201203,-15750,5,-150,-0.94,973263,925,551,--374,--147,58423,34963,--23460,--9255,KRX
20201202,-15900,5,-50,-0.31,1025844,1523,1296,--227,--881,95556,81351,--14205,--55381,KRX
20201201,+15950,2,+150,+0.95,1614623,1053,1707,+654,--3097,66376,107552,+41176,--197148,KRX
20201130,+15800,2,+150,+0.96,1581404,3675,7426,+3751,+3312,232918,471242,+238324,+210215,KRX
20201127,15650,3,0,0.00,752239,414,853,+439,+588,26511,54620,+28109,+37680,KRX
20201126,15650,3,0,0.00,977009,1338,1189,--149,+2541,85371,75800,--9571,+160479,KRX
20201125,-15650,5,-250,-1.57,1605478,4602,1912,--2690,--4814,290973,120923,--170050,--302278,KRX
20201124,+15900,2,+200,+1.27,2046798,3101,5225,+2124,--453,194881,327109,+132228,--32101,KRX
20201123,+15700,2,+50,+0.32,1009315,605,3182,+2577,+2204,38661,202990,+164329,+140436,KRX
20201120,+15650,2,+100,+0.64,780971,636,1009,+373,+1429,40694,64587,+23893,+92188,KRX
20201119,-15550,5,-50,-0.32,864266,1726,670,--1056,--1248,111501,43206,--68295,--80997,KRX
20201118,15600,3,0,0.00,979941,1428,1620,+192,+2061,90846,103548,+12702,+131426,KRX
20201117,-15600,5,-250,-1.58,1269058,3217,1348,--1869,--4683,204453,85729,--118724,--296222,KRX
20201116,+15850,2,+50,+0.32,1140015,735,3549,+2814,+5729,46513,224011,+177498,+361178,KRX
20201113,-15800,5,-300,-1.86,1112036,4018,1103,--2915,--5354,253267,69587,--183680,--335162,KRX
20201112,+16100,2,+50,+0.31,1272908,1621,4060,+2439,+2104,100722,252204,+151482,+130484,KRX
20201111,16050,3,0,0.00,938112,1307,1642,+335,--882,81720,102718,+20998,--55312,KRX
20201110,+16050,2,+100,+0.63,1563516,1942,3159,+1217,--311,120826,197136,+76310,--20520,KRX
20201109,+15950,2,+550,+3.57,1413306,1065,2593,+1528,+2794,67440,164270,+96830,+175781,KRX
20201106,-15400,5,-200,-1.28,2070870,3286,2020,--1266,--1282,208506,129555,--78951,--79964,KRX
20201105,-15600,5,-300,-1.89,1844011,2712,2728,+16,--1487,175414,176427,+1013,--94516,KRX
20201104,+15900,2,+550,+3.58,3456447,4658,6161,+1503,+578,295700,391229,+95529,+34808,KRX
20201103,+15350,2,+300,+1.99,769414,550,1475,+925,+103,36087,96808,+60721,+6088,KRX
20201102,+15050,2,+150,+1.01,604706,800,1622,+822,+1490,53330,107963,+54633,+99076,KRX
20201030,-14900,5,-200,-1.32,748272,1295,627,--668,--117,86191,41748,--44443,--7461,KRX
20201029,-15100,5,-200,-1.31,747556,1471,920,--551,--557,98150,61168,--36982,--37342,KRX
20201028,+15300,2,+150,+0.99,562632,512,518,+6,+8,33767,34127,+360,+290,KRX
20201027,-15150,5,-150,-0.98,921248,1020,1018,--2,--122,66567,66637,+70,--8212,KRX
20201026,-15300,5,-400,-2.55,1445072,1612,1732,+120,--27,104482,112764,+8282,--996,KRX
20201023,-15700,5,-250,-1.57,851059,434,581,+147,+691,27558,36836,+9278,+43282,KRX
20201022,15950,3,0,0.00,824959,867,323,--544,--1147,54221,20217,--34004,--71742,KRX
20201021,15950,3,0,0.00,771119,544,1147,+603,+902,33995,71733,+37738,+56164,KRX
20201020,-15950,5,-150,-0.93,1127081,1086,787,--299,--162,68082,49656,--18426,--9938,KRX
20201019,+16100,2,+100,+0.63,1639137,657,520,--137,--482,40490,32002,--8488,--30582,KRX
20201016,+16000,2,+250,+1.59,1385481,1580,1925,+345,+105,99062,121156,+22094,+6932,KRX
20201015,+15750,2,+50,+0.32,1018059,1494,1734,+240,--241,95237,110399,+15162,--15252,KRX
20201014,-15700,5,-350,-2.18,817626,489,970,+481,+1134,30864,61278,+30414,+70918,KRX
20201013,-16050,5,-150,-0.93,958363,1293,640,--653,--763,80521,40017,--40504,--47665,KRX
20201012,+16200,2,+400,+2.53,2023191,2594,2704,+110,+1970,159219,166380,+7161,+124008,KRX
20201008,15800,3,0,0.00,957382,3338,1478,--1860,--2281,209915,93068,--116847,--143589,KRX
20201007,-15800,5,-50,-0.32,647220,684,1105,+421,+795,43396,70138,+26742,+49943,KRX
20201006,-15850,5,-100,-0.63,947674,1420,1046,--374,--1609,89139,65938,--23201,--101962,KRX
20201005,15950,3,0,0.00,1253093,1416,2651,+1235,+642,88480,167241,+78761,+41472,KRX
20200929,+15950,2,+200,+1.27,1361498,1427,2020,+593,--561,89104,126393,+37289,--35184,KRX
20200928,+15750,2,+100,+0.64,1716462,1197,2351,+1154,+2590,75880,148353,+72473,+160975,KRX
20200925,+15650,2,+650,+4.33,3985539,4763,3327,--1436,--953,305665,217163,--88502,--58041,KRX
20200924,-15000,5,-450,-2.91,2119321,3054,2571,--483,+101,199926,169465,--30461,+6493,KRX
20200923,-15450,5,-100,-0.64,1450764,2444,1860,--584,+15,158259,121305,--36954,+2471,KRX
20200922,-15550,5,-700,-4.31,2176110,3585,2986,--599,+26,228740,189315,--39425,--3739,KRX
20200921,-16250,5,-750,-4.41,2325709,2875,2250,--625,+1478,172995,137309,--35686,+88755,KRX
20200918,+17000,2,+250,+1.49,1624404,3760,1657,--2103,--4453,222575,98134,--124441,--263714,KRX
20200917,-16750,5,-350,-2.05,1919715,2230,4580,+2350,+855,132200,271473,+139273,+52779,KRX
20200916,-17100,5,-100,-0.58,2899855,1874,3369,+1495,+2932,108015,194509,+86494,+169533,KRX
20200915,-17200,5,-350,-1.99,2311782,2857,1420,--1437,--2933,165536,82497,--83039,--171821,KRX
20200914,+17550,2,+800,+4.78,4671578,2366,3862,+1496,+2941,137969,226751,+88782,+174736,KRX
20200911,+16750,2,+250,+1.52,4152833,2539,1094,--1445,--2083,151098,65144,--85954,--124947,KRX
20200910,+16500,2,+200,+1.23,2251430,1835,2473,+638,+1418,111279,150272,+38993,+85586,KRX
20200909,-16300,5,-100,-0.61,2422284,2566,1786,--780,+3145,155435,108842,--46593,+188717,KRX
20200908,+16400,2,+150,+0.92,6695614,8620,4695,--3925,--3131,515205,279895,--235310,--190482,KRX
20200907,+16250,2,+750,+4.84,5718522,5739,4945,--794,--424,354865,310037,--44828,--21556,KRX
20200904,-15500,5,-250,-1.59,1703908,2520,2150,--370,--726,163516,140244,--23272,--47540,KRX
20200903,+15750,2,+350,+2.27,2245919,2278,2634,+356,+1764,145722,169990,+24268,+115785,KRX
20200902,+15400,2,+250,+1.65,1699697,2740,1332,--1408,--706,178534,87017,--91517,--45447,KRX
20200901,15150,3,0,0.00,1680696,2233,1531,--702,--2027,146715,100645,--46070,--132469,KRX
20200831,+15150,2,+100,+0.66,1848894,2204,3529,+1325,+388,144836,231235,+86399,+23929,KRX
20200828,+15050,2,+200,+1.35,1163874,870,1807,+937,+1085,57942,120412,+62470,+72289,KRX
20200827,-14850,5,-400,-2.62,1436286,1158,1010,--148,--75,77190,67371,--9819,--4734,KRX
20200826,-15250,5,-200,-1.29,1344497,1803,1730,--73,--739,118448,113363,--5085,--48492,KRX
20200825,+15450,2,+300,+1.98,1618028,1585,2251,+666,+462,102795,146202,+43407,+29234,KRX
20200824,-15150,5,-100,-0.66,1408164,1848,2052,+204,+497,122568,136741,+14173,+32507,KRX
20200821,+15250,2,+100,+0.66,2552129,2802,2509,--293,+1048,179901,161567,--18334,+67437,KRX
20200820,+15150,2,+300,+2.02,4419568,3962,2621,--1341,--2513,256573,170802,--85771,--164145,KRX
20200819,+14850,2,+50,+0.34,1845499,1601,2773,+1172,+2677,107561,185935,+78374,+176358,KRX
20200818,-14800,5,-1350,-8.36,3387147,3591,2086,--1505,--1111,233074,135090,--97984,--74463,KRX
20200814,+16150,2,+150,+0.94,3397768,3971,3577,--394,--48,246431,222910,--23521,--3527,KRX
20200813,-16000,5,-50,-0.31,4192564,6020,5674,--346,--3157,376774,356780,--19994,--194640,KRX
20200812,-16050,5,-1950,-10.83,10458600,7249,10060,+2811,+3436,441652,616298,+174646,+207472,KRX
20200811,+18000,2,+150,+0.84,6417142,5641,5016,--625,--1139,303360,270534,--32826,--62647,KRX
20200810,+17850,2,+200,+1.13,1668909,1912,2426,+514,+1163,109514,139335,+29821,+66214,KRX
20200807,-17650,5,-50,-0.28,1303632,1845,1196,--649,+115,103643,67250,--36393,+5919,KRX
20200806,-17700,5,-50,-0.28,1704515,2236,1472,--764,--430,124341,82029,--42312,--24051,KRX
20200805,-17750,5,-200,-1.11,1134272,1929,1595,--334,--1529,108229,89968,--18261,--85588,KRX
20200804,+17950,2,+450,+2.57,1938496,1690,2885,+1195,+1692,93664,160991,+67327,+94431,KRX
20200803,-17500,5,-550,-3.05,1424372,1963,1466,--497,+973,110148,83044,--27104,+54300,KRX
20200731,-18050,5,-300,-1.63,1892042,3198,1728,--1470,--4163,177423,96019,--81404,--235827,KRX
20200730,+18350,2,+800,+4.56,4489560,5445,8138,+2693,+2246,301329,455752,+154423,+127573,KRX
20200729,-17550,5,-50,-0.28,4763020,3135,3582,+447,+744,172505,199355,+26850,+35288,KRX
20200728,+17600,2,+1600,+10.00,16865720,8410,8113,--297,--641,476264,467826,--8438,--30019,KRX
20200727,+16000,2,+300,+1.91,994670,765,1109,+344,+1697,47966,69547,+21581,+104962,KRX
20200724,+15700,2,+350,+2.28,2067869,2796,1443,--1353,--884,176311,92930,--83381,--53073,KRX
20200723,-15350,5,-350,-2.23,776067,1264,795,--469,+25,81828,51520,--30308,+801,KRX
20200722,-15700,5,-100,-0.63,533874,970,476,--494,--1092,61345,30236,--31109,--68874,KRX
20200721,+15800,2,+200,+1.28,659909,710,1308,+598,+172,44999,82764,+37765,+10493,KRX
20200720,-15600,5,-300,-1.89,667291,316,742,+426,+1767,20238,47510,+27272,+112489,KRX
20200717,+15900,2,+300,+1.92,969474,1652,311,--1341,--1656,104929,19712,--85217,--105555,KRX
20200716,-15600,5,-200,-1.27,869013,987,1302,+315,--922,63363,83701,+20338,--57359,KRX
20200715,-15800,5,-100,-0.63,1109139,867,2104,+1237,+1941,54671,132368,+77697,+121989,KRX
20200714,-15900,5,-150,-0.93,588844,1349,645,--704,--1863,84913,40621,--44292,--118422,KRX
20200713,+16050,2,+150,+0.94,1044223,821,1980,+1159,+1229,52095,126225,+74130,+77767,KRX
20200710,-15900,5,-400,-2.45,1024735,1009,939,--70,+103,62193,58556,--3637,+6749,KRX
20200709,-16300,5,-350,-2.10,901421,1079,906,--173,--979,65500,55114,--10386,--60205,KRX
20200708,+16650,2,+350,+2.15,1807986,2596,3402,+806,+816,156502,206321,+49819,+49868,KRX
20200707,-16300,5,-600,-3.55,1817382,2477,2467,--10,--765,149306,149257,--49,--44852,KRX
20200706,+16900,2,+150,+0.90,2298926,1418,2173,+755,+1052,84053,128856,+44803,+62908,KRX
20200703,+16750,2,+650,+4.04,2586105,1491,1194,--297,--682,91164,73059,--18105,--42000,KRX
20200702,+16100,2,+350,+2.22,1605326,1110,1495,+385,+1142,68997,92892,+23895,+70597,KRX
20200701,+15750,2,+400,+2.61,2450739,2983,2226,--757,--467,188969,142267,--46702,--27638,KRX
20200630,+15350,2,+200,+1.32,1374673,1866,1576,--290,--623,121084,102020,--19064,--41076,KRX
20200629,-15150,5,-150,-0.98,1196688,982,1315,+333,+1356,64007,86019,+22012,+85448,KRX
20200626,-15300,5,-250,-1.61,2311672,2926,1903,--1023,--2483,185900,122464,--63436,--151394,KRX
20200625,-15550,5,-1350,-7.99,4420102,5122,6582,+1460,+2412,323204,411162,+87958,+140458,KRX
20200624,+16900,2,+2450,+16.96,34078554,8583,7631,--952,--377,514138,461638,--52500,--13695,KRX
20200623,-14450,5,-50,-0.34,1292480,2287,1712,--575,+827,155598,116793,--38805,+54441,KRX
20200622,-14500,5,-150,-1.02,1434526,3591,2189,--1402,--2088,241787,148541,--93246,--142048,KRX
20200619,+14650,2,+500,+3.53,6958675,7079,7765,+686,+1932,466461,515263,+48802,+134554,KRX
20200618,-14150,5,-100,-0.70,1953467,3808,2562,--1246,--1434,266770,181018,--85752,--99133,KRX
20200617,-14250,5,-850,-5.63,1513292,2984,3172,+188,--85,207586,220967,+13381,--11448,KRX
20200616,+15100,2,+1600,+11.85,2317609,3098,3371,+273,+221,209518,234347,+24829,+20705,KRX
20200615,-13500,5,-1550,-10.30,1536731,2252,2304,+52,+63,158670,162794,+4124,+4071,KRX
20200612,-15050,5,-350,-2.27,1248984,2079,2068,--11,+1539,139139,139192,+53,+99527,KRX
20200611,+15400,2,+200,+1.32,2984794,5601,4051,--1550,--1588,360752,261278,--99474,--103563,KRX
20200610,+15200,2,+300,+2.01,1864857,3245,3283,+38,--1787,219620,223709,+4089,--115926,KRX
20200609,-14900,5,-750,-4.79,1704327,2006,3831,+1825,+6120,133091,253106,+120015,+391687,KRX
20200608,-15650,5,-700,-4.28,1394490,5858,1563,--4295,--6228,370368,98696,--271672,--391385,KRX
20200605,+16350,2,+350,+2.19,1120767,1336,3269,+1933,+2403,82907,202620,+119713,+149212,KRX
20200604,-16000,5,-50,-0.31,976313,3025,2555,--470,--1157,188085,158586,--29499,--72419,KRX
20200603,+16050,2,+50,+0.31,1043855,2410,3097,+687,--368,149893,192813,+42920,--22835,KRX
20200602,16000,3,0,0.00,670647,699,1754,+1055,+626,43604,109359,+65755,+38889,KRX
20200601,+16000,2,+250,+1.59,690831,1641,2070,+429,+348,102666,129532,+26866,+22009,KRX
20200529,-15750,5,-300,-1.87,628151,2020,2101,+81,+235,127589,132446,+4857,+13862,KRX
20200528,-16050,5,-500,-3.02,868041,2097,1943,--154,--76,128232,119227,--9005,--4358,KRX
20200527,16550,3,0,0.00,845853,1914,1836,--78,--1169,115216,110569,--4647,--72777,KRX
20200526,+16550,2,+450,+2.80,1497548,2535,3626,+1091,+389,151542,219672,+68130,+24508,KRX
20200525,-16100,5,-250,-1.53,493727,630,1332,+702,+659,39139,82761,+43622,+40747,KRX
20200522,-16350,5,-350,-2.10,499885,966,1009,+43,+553,58497,61372,+2875,+33179,KRX
20200521,-16700,5,-100,-0.60,607773,1978,1468,--510,--2597,118191,87887,--30304,--157604,KRX
20200520,+16800,2,+550,+3.38,906948,1883,3970,+2087,+2276,113799,241099,+127300,+138736,KRX
20200519,+16250,2,+400,+2.52,1205170,3032,2843,--189,--1432,186121,174685,--11436,--89105,KRX
20200518,-15850,5,-250,-1.55,1003631,2214,3457,+1243,--793,137665,215334,+77669,--47832,KRX
20200515,-16100,5,-800,-4.73,1847388,2888,4924,+2036,+6152,177108,302609,+125501,+366069,KRX
20200514,-16900,5,-1100,-6.11,2203727,6799,2683,--4116,--6809,396949,156381,--240568,--391235,KRX
20200513,+18000,2,+500,+2.86,2039782,3761,6454,+2693,+64,210228,360895,+150667,--6893,KRX
20200512,17500,3,0,0.00,1609912,3323,5952,+2629,+3178,191143,348703,+157560,+188466,KRX
20200511,-17500,5,-1000,-5.41,1859475,3178,2629,--549,--1688,180021,149115,--30906,--93279,KRX
20200508,+18500,2,+500,+2.78,2206830,2526,3665,+1139,+1350,138011,200384,+62373,+73335,KRX
20200507,-18000,5,-50,-0.28,2168771,3386,3175,--211,--2290,186116,175154,--10962,--127681,KRX
20200506,+18050,2,+400,+2.27,2112073,2083,4162,+2079,+3077,115883,232602,+116719,+168931,KRX
20200504,-17650,5,-350,-1.94,2624106,3344,2346,--998,--1548,181761,129549,--52212,--82993,KRX
20200429,-18000,5,-150,-0.83,2706912,2301,2851,+550,+195,127300,158081,+30781,+9457,KRX
20200428,+18150,2,+200,+1.11,9090469,3667,4022,+355,--151,199357,220681,+21324,--6968,KRX
20200427,+17950,2,+650,+3.76,1279397,244,750,+506,+759,13695,41987,+28292,+42763,KRX
20200424,-17300,5,-300,-1.70,1071874,690,437,--253,--438,39571,25100,--14471,--24951,KRX
20200423,-17600,5,-650,-3.56,1475276,485,670,+185,--2463,27361,37841,+10480,--141753,KRX
20200422,+18250,2,+350,+1.96,12716905,5903,8551,+2648,+4844,329236,481469,+152233,+257324,KRX
20200421,+17900,2,+950,+5.60,28378145,17634,15438,--2196,--1927,974532,869441,--105091,--92427,KRX
20200420,+16950,2,+3000,+21.51,14275707,7422,7153,--269,+274,467957,455293,--12664,+24372,KRX
20200417,-13950,5,-250,-1.76,1868326,2672,2129,--543,+104,188582,151546,--37036,+8732,KRX
20200416,+14200,2,+1700,+13.60,5625847,7407,6760,--647,--430,546574,500806,--45768,--29141,KRX
20200414,+12500,2,+600,+5.04,1634848,2418,2201,--217,--584,194003,177376,--16627,--47319,KRX
20200413,-11900,5,-250,-2.06,546316,1015,1382,+367,+414,84533,115225,+30692,+34360,KRX
20200410,-12150,5,-50,-0.41,749606,1571,1524,--47,+148,129020,125352,--3668,+12159,KRX
20200409,+12200,2,+100,+0.83,579392,1362,1167,--195,--317,111166,95339,--15827,--25451,KRX
20200408,-12100,5,-400,-3.20,742997,1187,1309,+122,+794,97138,106762,+9624,+64369,KRX
20200407,+12500,2,+500,+4.17,1764690,3716,3044,--672,--920,299122,244377,--54745,--75671,KRX
20200406,+12000,2,+200,+1.69,868638,1202,1450,+248,+418,100390,121316,+20926,+34425,KRX
20200403,-11800,5,-100,-0.84,786994,2224,2054,--170,--781,188056,174557,--13499,--68030,KRX
20200402,+11900,2,+300,+2.59,876767,2268,2879,+611,+250,195037,249568,+54531,+20265,KRX
20200401,-11600,5,-850,-6.83,1773579,3708,4069,+361,+640,302680,336946,+34266,+50931,KRX
20200331,+12450,2,+1700,+15.81,6482964,7526,7247,--279,--1015,613972,597307,--16665,--87563,KRX
20200330,-10750,5,-50,-0.46,690493,1491,2227,+736,+892,141886,212784,+70898,+84451,KRX
20200327,10800,3,0,0.00,1021944,2755,2599,--156,--556,253059,239506,--13553,--51029,KRX
20200326,-10800,5,-150,-1.37,1121237,2921,3321,+400,--726,266026,303502,+37476,--66945,KRX
20200325,+10950,2,+850,+8.42,1278832,2867,3993,+1126,--274,267923,372344,+104421,--38660,KRX
20200324,+10100,2,+810,+8.72,979252,1760,3160,+1400,+725,181345,324426,+143081,+69961,KRX
20200323,-9290,5,-410,-4.23,836533,1923,2598,+675,--756,209095,282215,+73120,--80683,KRX
20200320,+9700,2,+850,+9.60,1394067,2745,4176,+1431,+778,299732,453535,+153803,+78761,KRX
20200319,-8850,5,-1080,-10.88,1620007,4630,5283,+653,+476,494358,569400,+75042,+57738,KRX
20200318,-9930,5,-420,-4.06,854284,2651,2828,+177,--1448,255747,273051,+17304,--145591,KRX
20200317,+10350,2,+150,+1.47,985290,2221,3846,+1625,--40,220665,383560,+162895,+5064,KRX
20200316,-10200,5,-300,-2.86,905196,1701,3366,+1665,+950,159174,317005,+157831,+87849,KRX
20200313,-10500,5,-850,-7.49,2102875,5422,6137,+715,+546,533970,603952,+69982,+55373,KRX
20200312,-11350,5,-1150,-9.20,1295822,4178,4347,+169,--54,358330,372939,+14609,--3632,KRX
20200311,-12500,5,-550,-4.21,725031,1931,2154,+223,--624,151222,169463,+18241,--47259,KRX
20200310,-13050,5,-200,-1.51,768342,1954,2801,+847,+685,150202,215702,+65500,+52967,KRX
20200309,-13250,5,-550,-3.99,571182,1612,1774,+162,+1388,121692,134225,+12533,+99753,KRX
20200306,-13800,5,-100,-0.72,591496,2702,1476,--1226,--2818,193778,106558,--87220,--201523,KRX
20200305,+13900,2,+150,+1.09,465980,689,2281,+1592,+1345,49490,163793,+114303,+96143,KRX
20200304,+13750,2,+200,+1.48,342438,945,1192,+247,--938,69002,87162,+18160,--67626,KRX
20200303,+13550,2,+300,+2.26,558657,1276,2461,+1185,+1519,93216,179002,+85786,+110880,KRX
20200302,+13250,2,+50,+0.38,513616,2481,2147,--334,+700,187305,162211,--25094,+52988,KRX
20200228,-13200,5,-500,-3.65,647492,2513,1479,--1034,--128,189305,111223,--78082,--12737,KRX
20200227,-13700,5,-300,-2.14,429964,2026,1120,--906,--1815,146162,80817,--65345,--130630,KRX
20200226,14000,3,0,0.00,381461,1358,2267,+909,+697,97091,162376,+65285,+48991,KRX
20200225,+14000,2,+400,+2.94,571264,1991,2203,+212,+2195,143178,159472,+16294,+159508,KRX
20200224,-13600,5,-850,-5.88,847340,3098,1115,--1983,--1638,223748,80534,--143214,--119628,KRX
20200221,-14450,5,-500,-3.34,489332,1250,905,--345,--906,85452,61866,--23586,--60887,KRX
20200220,-14950,5,-400,-2.61,397848,880,1441,+561,--457,58462,95763,+37301,--30070,KRX
20200219,-15350,5,-100,-0.65,380758,1174,2192,+1018,+573,76782,144153,+67371,+38618,KRX
20200218,-15450,5,-350,-2.22,326006,867,1312,+445,--748,55832,84585,+28753,--47543,KRX
20200217,+15800,2,+100,+0.64,276594,338,1531,+1193,+96,21610,97906,+76296,+5891,KRX
20200214,+15700,2,+300,+1.95,311303,730,1827,+1097,--258,46845,117250,+70405,--15703,KRX
20200213,-15400,5,-150,-0.96,548471,1732,3087,+1355,+482,111155,197263,+86108,+29698,KRX
20200212,-15550,5,-50,-0.32,348697,836,1709,+873,+696,54006,110416,+56410,+45053,KRX
20200211,-15600,5,-250,-1.58,455702,1313,1490,+177,--1211,84640,95997,+11357,--78812,KRX
20200210,+15850,2,+750,+4.97,633716,1175,2563,+1388,+811,75719,165888,+90169,+51950,KRX
20200207,+15100,2,+50,+0.33,470182,1228,1805,+577,--871,81265,119484,+38219,--58347,KRX
20200206,+15050,2,+450,+3.08,453150,758,2206,+1448,+1020,50503,147069,+96566,+67461,KRX
20200205,+14600,2,+50,+0.34,392867,1246,1674,+428,+285,85433,114538,+29105,+19162,KRX
20200204,+14550,2,+350,+2.46,415543,1595,1738,+143,+958,110156,120099,+9943,+67952,KRX
20200203,-14200,5,-50,-0.35,674035,2550,1735,--815,+476,182186,124177,--58009,+30484,KRX
20200131,-14250,5,-150,-1.04,535258,2798,1507,--1291,--1061,192521,104028,--88493,--73025,KRX
20200130,-14400,5,-550,-3.68,582874,1328,1098,--230,+304,90594,75126,--15468,+19944,KRX
20200129,-14950,5,-50,-0.33,430331,1464,930,--534,+848,97454,62042,--35412,+55845,KRX
20200128,-15000,5,-1100,-6.83,958055,3012,1630,--1382,--1596,198559,107302,--91257,--104728,KRX
20200123,-16100,5,-50,-0.31,377966,990,1204,+214,+1506,61386,74857,+13471,+93243,KRX
20200122,-16150,5,-150,-0.92,501098,1984,692,--1292,--1011,122596,42824,--79772,--62395,KRX
20200121,+16300,2,+100,+0.62,525619,1943,1662,--281,+58,118323,100946,--17377,+3178,KRX
20200120,-16200,5,-50,-0.31,435046,1218,879,--339,+201,74327,53772,--20555,+11501,KRX
20200117,-16250,5,-350,-2.11,648650,2030,1490,--540,+1991,122634,90578,--32056,+117670,KRX
20200116,-16600,5,-850,-4.87,1096929,4340,1809,--2531,--2307,257361,107635,--149726,--137219,KRX
20200115,+17450,2,+300,+1.75,875528,2426,2202,--224,--241,140055,127548,--12507,--14010,KRX
20200114,-17150,5,-100,-0.58,1102477,2170,2187,+17,--3278,126431,127934,+1503,--207264,KRX
20200113,+17250,2,+1650,+10.58,3474466,4452,7747,+3295,+2246,261752,470519,+208767,+140871,KRX
20200110,+15600,2,+200,+1.30,428378,1047,2096,+1049,+153,67564,135460,+67896,+8980,KRX
20200109,+15400,2,+1100,+7.69,694244,2006,2902,+896,+2400,132276,191192,+58916,+162366,KRX
20200108,-14300,5,-750,-4.98,792494,2898,1394,--1504,--1878,199846,96396,--103450,--128176,KRX
20200107,+15050,2,+100,+0.67,335907,1056,1430,+374,+1536,69421,94147,+24726,+101382,KRX
20200106,-14950,5,-500,-3.24,570371,2592,1430,--1162,--1447,171622,94966,--76656,--94953,KRX
20200103,15450,3,0,0.00,414893,1292,1577,+285,+95,83382,101679,+18297,+6041,KRX
20200102,-15450,5,-150,-0.96,313009,590,780,+190,--196,38111,50367,+12256,--12413,KRX
20191230,-15600,5,-100,-0.64,367185,873,1259,+386,+229,55826,80495,+24669,+14842,KRX
20191227,+15700,2,+50,+0.32,322411,805,962,+157,+76,51558,61385,+9827,+4664,KRX
20191226,+15650,2,+150,+0.97,361216,1254,1335,+81,+780,79994,85157,+5163,+49905,KRX
20191224,-15500,5,-50,-0.32,360247,1363,664,--699,--1590,86916,42174,--44742,--102081,KRX
20191223,-15550,5,-350,-2.20,413140,988,1879,+891,+193,63388,120727,+57339,+13566,KRX
20191220,+15900,2,+50,+0.32,481392,961,1659,+698,+1963,60192,103965,+43773,+123392,KRX
20191219,-15850,5,-100,-0.63,508484,2141,876,--1265,--1369,134785,55166,--79619,--86977,KRX
20191218,+15950,2,+650,+4.25,555849,1483,1587,+104,+3131,95244,102602,+7358,+197856,KRX
20191217,-15300,5,-300,-1.92,810635,3863,836,--3027,--2422,244437,53939,--190498,--151542,KRX
20191216,+15600,2,+50,+0.32,368162,1598,993,--605,--720,102726,63770,--38956,--46357,KRX
20191213,+15550,2,+100,+0.65,328505,1110,1225,+115,+285,71663,79064,+7401,+17532,KRX
20191212,+15450,2,+450,+3.00,541977,3011,2841,--170,+138,195399,185268,--10131,+10381,KRX
20191211,+15000,2,+200,+1.35,249460,1230,922,--308,+21,81945,61433,--20512,+1861,KRX
20191210,+14800,2,+100,+0.68,191582,710,381,--329,--910,48226,25853,--22373,--61937,KRX
20191209,-14700,5,-50,-0.34,218476,269,850,+581,+58,18304,57868,+39564,+4047,KRX
20191206,+14750,2,+250,+1.72,207339,557,1080,+523,+1141,37926,73443,+35517,+77728,KRX
20191205,-14500,5,-250,-1.69,301190,1166,548,--618,--471,79696,37485,--42211,--32373,KRX
20191204,-14750,5,-450,-2.96,265592,1178,1031,--147,+604,79534,69696,--9838,+40061,KRX
20191203,+15200,2,+300,+2.01,540278,2124,1373,--751,--666,142329,92430,--49899,--44373,KRX
20191202,-14900,5,-250,-1.65,370104,1186,1101,--85,+218,79469,73943,--5526,+14422,KRX
20191129,-15150,5,-50,-0.33,309701,1263,960,--303,--86,82966,63018,--19948,--5646,KRX
20191128,-15200,5,-100,-0.65,265114,935,718,--217,+675,61383,47081,--14302,+44175,KRX
20191127,+15300,2,+150,+0.99,417421,2446,1554,--892,--200,160400,101923,--58477,--12506,KRX
20191126,+15150,2,+150,+1.00,414141,1725,1033,--692,+44,114466,68495,--45971,+3175,KRX
20191125,+15000,2,+50,+0.33,439112,1484,748,--736,+919,98950,49804,--49146,+60262,KRX
20191122,-14950,5,-350,-2.29,765198,2958,1303,--1655,+1784,195616,86208,--109408,+111125,KRX
20191121,-15300,5,-750,-4.67,732303,4721,1282,--3439,--1515,302933,82400,--220533,--101442,KRX
20191120,-16050,5,-350,-2.13,403415,2830,906,--1924,--891,175257,56166,--119091,--56425,KRX
20191119,-16400,5,-450,-2.67,334941,1882,849,--1033,--1098,114243,51577,--62666,--66289,KRX
20191118,+16850,2,+450,+2.74,694163,2012,2077,+65,+761,119582,123205,+3623,+46130,KRX
20191115,-16400,5,-50,-0.30,316980,1282,586,--696,--759,78324,35817,--42507,--46021,KRX
20191114,+16450,2,+400,+2.49,290118,1230,1293,+63,+209,75675,79189,+3514,+12549,KRX
20191113,-16050,5,-150,-0.93,254252,962,816,--146,--121,59467,50432,--9035,--7502,KRX
20191112,-16200,5,-150,-0.92,322474,1128,1103,--25,+1331,69578,68045,--1533,+81009,KRX
20191111,-16350,5,-550,-3.25,327225,1847,491,--1356,--2069,112494,29952,--82542,--125532,KRX
20191108,+16900,2,+500,+3.05,386117,939,1652,+713,+1204,56305,99295,+42990,+72890,KRX
20191107,-16400,5,-300,-1.80,348122,1426,935,--491,+1926,86834,56934,--29900,+114069,KRX
20191106,16700,3,0,0.00,524519,3303,886,--2417,--2298,196763,52794,--143969,--136640,KRX
20191105,+16700,2,+600,+3.73,749911,3416,3297,--119,--233,204566,197237,--7329,--14532,KRX
20191104,+16100,2,+150,+0.94,580116,1670,1784,+114,--164,103916,111119,+7203,--10202,KRX
20191101,-15950,5,-150,-0.93,407999,1103,1381,+278,--252,69056,86461,+17405,--15468,KRX
20191031,-16100,5,-150,-0.92,436634,1357,1887,+530,--195,83864,116737,+32873,--11585,KRX
20191030,-16250,5,-350,-2.11,373957,723,1448,+725,+110,44332,88790,+44458,+7445,KRX
20191029,+16600,2,+50,+0.30,383408,1122,1737,+615,+1869,67429,104442,+37013,+113225,KRX
20191028,-16550,5,-950,-5.43,1022584,4611,3357,--1254,--1701,277651,201439,--76212,--101706,KRX
20191025,-17500,5,-150,-0.85,234853,793,1240,+447,--656,45181,70675,+25494,--37211,KRX
20191024,+17650,2,+400,+2.32,392945,1270,2373,+1103,+1598,72559,135264,+62705,+90788,KRX
20191023,-17250,5,-850,-4.70,584562,1900,1405,--495,--2701,108764,80681,--28083,--150961,KRX
20191022,+18100,2,+500,+2.84,346116,305,2511,+2206,+2938,16982,139860,+122878,+163920,KRX
20191021,-17600,5,-800,-4.35,516760,2233,1501,--732,--1268,125534,84492,--41042,--69774,KRX
20191018,18400,3,0,0.00,186978,577,1113,+536,+267,31042,59774,+28732,+14471,KRX
20191017,-18400,5,-350,-1.87,235164,1022,1291,+269,--119,55188,69449,+14261,--6356,KRX
20191016,18750,3,0,0.00,238336,1034,1422,+388,+600,55092,75709,+20617,+31872,KRX
20191015,-18750,5,-150,-0.79,175983,835,623,--212,--2004,44314,33059,--11255,--106356,KRX
20191014,+18900,2,+600,+3.28,367747,1058,2850,+1792,+2049,56164,151265,+95101,+109064,KRX
20191011,-18300,5,-100,-0.54,220432,1130,873,--257,--1107,61359,47396,--13963,--60153,KRX
20191010,-18400,5,-50,-0.27,344487,1751,2601,+850,--2938,95206,141396,+46190,--162488,KRX
20191008,+18450,2,+650,+3.65,634352,985,4773,+3788,+1100,53994,262672,+208678,+58492,KRX
20191007,-17800,5,-1600,-8.25,1288807,2468,5156,+2688,+4629,137781,287967,+150186,+249204,KRX
20191004,-19400,5,-350,-1.77,453904,2862,921,--1941,+887,145918,46900,--99018,+42234,KRX
20191002,+19750,2,+350,+1.80,831953,4753,1925,--2828,--2912,238380,97128,--141252,--145723,KRX
20191001,-19400,5,-100,-0.51,446383,1062,1146,+84,--127,54245,58716,+4471,--6391,KRX
20190930,-19500,5,-150,-0.76,323941,978,1189,+211,--615,50346,61208,+10862,--31812,KRX
20190927,19650,3,0,0.00,431253,1081,1907,+826,--338,54948,97622,+42674,--16517,KRX
20190926,+19650,2,+200,+1.03,532790,1472,2636,+1164,--1445,74466,133657,+59191,--73214,KRX
20190925,-19450,5,-1200,-5.81,1046381,1771,4380,+2609,+1398,88673,221078,+132405,+72868,KRX
20190924,-20650,5,-150,-0.72,655962,840,2051,+1211,+3698,40892,100429,+59537,+179030,KRX
20190923,+20800,2,+250,+1.22,796523,4109,1622,--2487,--3074,197418,77925,--119493,--148221,KRX
20190920,+20550,2,+500,+2.49,621350,1847,2434,+587,+1777,91036,119764,+28728,+87610,KRX
20190919,-20050,5,-200,-0.99,470868,2197,1007,--1190,--1309,108845,49963,--58882,--64707,KRX
20190918,+20250,2,+350,+1.76,676945,2343,2462,+119,+1230,116517,122342,+5825,+61012,KRX
20190917,-19900,5,-50,-0.25,922771,2857,1746,--1111,--1209,142962,87775,--55187,--60789,KRX
20190916,+19950,2,+1100,+5.84,1683927,3695,3793,+98,+4476,186021,191623,+5602,+237647,KRX
20190911,+18850,2,+250,+1.34,1348991,7040,2662,--4378,--4923,373135,141090,--232045,--262095,KRX
20190910,+18600,2,+1350,+7.83,1418860,2819,3364,+545,--452,156178,186228,+30050,--27437,KRX
20190909,-17250,5,-150,-0.86,264100,432,1429,+997,+563,24894,82381,+57487,+32541,KRX
20190906,17400,3,0,0.00,205179,563,997,+434,+191,32331,57277,+24946,+10912,KRX
20190905,-17400,5,-100,-0.57,407834,1101,1344,+243,+223,62897,76931,+14034,+12856,KRX
20190904,+17500,2,+50,+0.29,387223,1646,1666,+20,--1069,94311,95489,+1178,--61547,KRX
20190903,+17450,2,+400,+2.35,441645,822,1911,+1089,+298,47198,109923,+62725,+15968,KRX
20190902,-17050,5,-100,-0.58,341046,914,1705,+791,--1378,53918,100675,+46757,--80299,KRX
20190830,+17150,2,+550,+3.31,495179,480,2649,+2169,+2358,28129,155185,+127056,+138148,KRX
20190829,-16600,5,-200,-1.19,372682,1283,1094,--189,--2708,76630,65538,--11092,--162446,KRX
20190828,+16800,2,+550,+3.38,516088,560,3079,+2519,+11345,33648,185002,+151354,+667398,KRX
20190827,-16250,5,-50,-0.31,1907524,10770,1944,--8826,--11004,631582,115538,--516044,--649880,KRX
20190826,-16300,5,-250,-1.51,321301,505,2683,+2178,+975,30949,164785,+133836,+61487,KRX
20190823,-16550,5,-200,-1.19,334161,763,1966,+1203,+863,45840,118189,+72349,+52005,KRX
20190822,-16750,5,-300,-1.76,417039,1442,1782,+340,+341,85842,106186,+20344,+20309,KRX
20190821,17050,3,0,0.00,304315,1412,1411,--1,+433,83360,83395,+35,+25672,KRX
20190820,+17050,2,+100,+0.59,358836,1763,1329,--434,--1729,103939,78302,--25637,--104050,KRX
20190819,+16950,2,+1050,+6.60,650250,1367,2662,+1295,+216,81492,159905,+78413,+9768,KRX
20190816,-15900,5,-50,-0.31,277614,1027,2106,+1079,+1000,65279,133924,+68645,+63727,KRX
20190814,+15950,2,+200,+1.27,337418,1259,1338,+79,+546,79118,84036,+4918,+34388,KRX
20190813,-15750,5,-200,-1.25,335144,1847,1380,--467,--595,116923,87453,--29470,--37401,KRX
20190812,+15950,2,+350,+2.24,350661,1077,1205,+128,+281,67666,75597,+7931,+17705,KRX
20190809,+15600,2,+100,+0.65,357141,1854,1701,--153,+1615,118980,109206,--9774,+104069,KRX
20190808,+15500,2,+450,+2.99,534555,3473,1705,--1768,--2109,223848,110005,--113843,--136603,KRX
20190807,+15050,2,+400,+2.73,634510,2334,2675,+341,--4463,156204,178964,+22760,--303988,KRX
20190806,-14650,5,-200,-1.35,1202981,2981,7785,+4804,+4065,200663,527411,+326748,+276892,KRX
20190805,-14850,5,-1250,-7.76,931951,2248,2987,+739,--433,146391,196247,+49856,--23978,KRX
20190802,16100,3,0,0.00,450380,872,2044,+1172,+2571,54418,128252,+73834,+159717,KRX
20190801,-16100,5,-500,-3.01,529258,2782,1383,--1399,--1129,171143,85260,--85883,--69720,KRX
20190731,+16600,2,+100,+0.61,365291,1935,1665,--270,--2179,116602,100439,--16163,--131136,KRX
20190730,+16500,2,+250,+1.54,579585,1458,3367,+1909,+598,87785,202758,+114973,+35000,KRX
20190729,-16250,5,-1150,-6.61,1013290,2298,3609,+1311,+368,139158,219131,+79973,+25780,KRX
20190726,-17400,5,-350,-1.97,488158,1320,2263,+943,+1269,75536,129729,+54193,+73083,KRX
20190725,-17750,5,-600,-3.27,687125,3013,2687,--326,+321,168416,149526,--18890,+15682,KRX
20190724,-18350,5,-400,-2.13,444817,2200,1553,--647,+461,118302,83730,--34572,+24024,KRX
20190723,-18750,5,-50,-0.27,302905,1765,657,--1108,--687,93381,34785,--58596,--36303,KRX
20190722,-18800,5,-150,-0.79,227741,1484,1063,--421,--650,78624,56331,--22293,--34446,KRX
20190719,+18950,2,+300,+1.61,272200,1640,1869,+229,+2397,86751,98904,+12153,+126807,KRX
20190718,-18650,5,-400,-2.10,490156,3250,1082,--2168,+577,172046,57392,--114654,+28576,KRX
20190717,-19050,5,-650,-3.30,537886,3808,1063,--2745,--2823,198771,55541,--143230,--147198,KRX
20190716,+19700,2,+50,+0.25,299239,1383,1461,+78,+917,70220,74188,+3968,+46553,KRX
20190715,-19650,5,-150,-0.76,333548,1744,905,--839,--99,88307,45722,--42585,--5044,KRX
20190712,-19800,5,-100,-0.50,359781,1642,902,--740,--46,83141,45600,--37541,--2180,KRX
20190711,+19900,2,+700,+3.65,510042,2928,2234,--694,--830,149957,114596,--35361,--42703,KRX
20190710,19200,3,0,0.00,416258,1816,1952,+136,--493,94184,101526,+7342,--25186,KRX
20190709,-19200,5,-550,-2.78,617256,2377,3006,+629,+1076,121895,154423,+32528,+55027,KRX
20190708,-19750,5,-1050,-5.05,651714,2425,1978,--447,+10,121584,99085,--22499,--553,KRX
20190705,+20800,2,+100,+0.48,359801,1605,1148,--457,+503,77032,55086,--21946,+24502,KRX
20190704,20700,3,0,0.00,467639,2131,1171,--960,+1253,103101,56653,--46448,+58175,KRX
20190703,-20700,5,-1100,-5.05,964840,4068,1855,--2213,--1289,193538,88915,--104623,--62593,KRX
20190702,-21800,5,-500,-2.24,483302,2462,1538,--924,+2623,111950,69920,--42030,+118265,KRX
20190701,+22300,2,+1250,+5.94,1471852,6775,3228,--3547,--2906,306376,146081,--160295,--129687,KRX
20190628,-21050,5,-250,-1.17,552515,2420,1779,--641,+279,115351,84743,--30608,+11511,KRX
20190627,-21300,5,-400,-1.84,489888,2297,1377,--920,+936,106111,63992,--42119,+43251,KRX
20190626,+21700,2,+50,+0.23,613501,2808,952,--1856,--562,129427,44057,--85370,--26631,KRX
20190625,-21650,5,-450,-2.04,587116,2633,1339,--1294,--1980,120194,61455,--58739,--90011,KRX
20190624,+22100,2,+850,+4.00,889395,2833,3519,+686,+438,128667,159939,+31272,+19399,KRX
20190621,-21250,5,-450,-2.07,582822,2548,2796,+248,+359,119135,131008,+11873,+16769,KRX
20190620,-21700,5,-250,-1.14,483943,2033,1922,--111,--896,93419,88523,--4896,--40746,KRX
20190619,+21950,2,+400,+1.86,801604,2716,3501,+785,+583,123935,159785,+35850,+26583,KRX
20190618,-21550,5,-100,-0.46,496362,1138,1340,+202,+19,52421,61688,+9267,+834,KRX
20190617,+21650,2,+50,+0.23,438527,1310,1493,+183,+7,60383,68816,+8433,+351,KRX
20190614,+21600,2,+100,+0.47,621866,1714,1890,+176,+2021,79313,87395,+8082,+93695,KRX
20190613,+21500,2,+100,+0.47,887522,4440,2595,--1845,+1644,206233,120620,--85613,+77558,KRX
20190612,+21400,2,+1150,+5.68,3223226,8983,5494,--3489,--2148,416789,253618,--163171,--96852,KRX
20190611,+20250,2,+100,+0.50,502321,2755,1414,--1341,--3083,136288,69969,--66319,--154256,KRX
20190610,+20150,2,+850,+4.40,771690,1744,3486,+1742,+1719,87223,175160,+87937,+86902,KRX
20190607,+19300,2,+300,+1.58,453275,2528,2551,+23,+68,131575,132610,+1035,+3146,KRX
20190605,-19000,5,-250,-1.30,404878,1661,1616,--45,+632,86481,84370,--2111,+33486,KRX
20190604,+19250,2,+100,+0.52,363789,2420,1743,--677,--536,125428,89831,--35597,--28305,KRX
20190603,-19150,5,-50,-0.26,289902,1380,1239,--141,+629,71931,64639,--7292,+32829,KRX
20190531,+19200,2,+50,+0.26,261443,1939,1169,--770,+511,100904,60783,--40121,+26327,KRX
20190530,-19150,5,-450,-2.30,336489,2113,832,--1281,+546,109688,43240,--66448,+25875,KRX
20190529,-19600,5,-700,-3.45,385242,3221,1394,--1827,--1797,162973,70650,--92323,--89510,KRX
20190528,+20300,2,+900,+4.64,927229,7866,7836,--30,--1533,390348,387535,--2813,--80610,KRX
20190527,+19400,2,+550,+2.92,390242,930,2433,+1503,+507,48126,125923,+77797,+24713,KRX
20190524,-18850,5,-250,-1.31,405791,1434,2430,+996,--506,76252,129336,+53084,--25402,KRX
20190523,-19100,5,-350,-1.80,335621,835,2337,+1502,+482,43685,122171,+78486,+25867,KRX
20190522,+19450,2,+150,+0.78,248336,861,1881,+1020,--31,44398,97017,+52619,--1609,KRX
20190521,-19300,5,-150,-0.77,293877,945,1996,+1051,+1768,48678,102906,+54228,+90372,KRX
20190520,-19450,5,-350,-1.77,302995,1623,906,--717,+108,82153,46009,--36144,+5197,KRX
20190517,+19800,2,+350,+1.80,517747,2115,1290,--825,+45,106565,65224,--41341,+3061,KRX
20190516,+19450,2,+400,+2.10,664078,3156,2286,--870,--1889,160728,116326,--44402,--98419,KRX
20190515,+19050,2,+350,+1.87,395029,1006,2025,+1019,+1139,53251,107268,+54017,+60263,KRX
20190514,-18700,5,-250,-1.32,578319,2459,2339,--120,--848,130647,124401,--6246,--44450,KRX
20190513,-18950,5,-150,-0.79,437509,1235,1963,+728,--1656,64848,103052,+38204,--85733,KRX
20190510,-19100,5,-700,-3.54,1046212,1422,3806,+2384,+3905,73655,197592,+123937,+200260,KRX
20190509,-19800,5,-600,-2.94,788955,3063,1542,--1521,--2550,153057,76734,--76323,--126088,KRX
20190508,+20400,2,+100,+0.49,749346,1636,2665,+1029,--612,79348,129113,+49765,--30950,KRX
20190507,-20300,5,-600,-2.87,815056,2452,4093,+1641,+2618,120475,201190,+80715,+126956,KRX
20190503,-20900,5,-550,-2.56,718132,2044,1067,--977,--674,97018,50777,--46241,--32193,KRX
20190502,-21450,5,-250,-1.15,558170,1574,1271,--303,--735,73116,59068,--14048,--33869,KRX
20190430,-21700,5,-100,-0.46,385959,1363,1795,+432,+1002,62827,82648,+19821,+45844,KRX
20190429,-21800,5,-550,-2.46,553780,1487,917,--570,--1706,68089,42066,--26023,--76718,KRX
20190426,+22350,2,+250,+1.13,411934,1283,2419,+1136,+898,57409,108104,+50695,+39965,KRX
20190425,-22100,5,-450,-2.00,396562,1453,1691,+238,+403,65309,76039,+10730,+18054,KRX
20190424,-22550,5,-250,-1.10,348983,1412,1247,--165,--740,62147,54823,--7324,--32685,KRX
20190423,+22800,2,+50,+0.22,276527,1106,1681,+575,+810,48737,74098,+25361,+35553,KRX
20190422,-22750,5,-50,-0.22,299191,1205,970,--235,+179,52718,42526,--10192,+7903,KRX
20190419,+22800,2,+50,+0.22,218256,747,333,--414,--556,32668,14573,--18095,--24282,KRX
20190418,-22750,5,-200,-0.87,389295,736,878,+142,--698,32052,38239,+6187,--30241,KRX
20190417,-22950,5,-500,-2.13,454540,1102,1942,+840,--447,47564,83992,+36428,--18050,KRX
20190416,+23450,2,+50,+0.21,621412,1448,2735,+1287,+967,62166,116644,+54478,+40792,KRX
20190415,+23400,2,+50,+0.21,489575,1010,1330,+320,+230,42948,56634,+13686,+9790,KRX
20190412,-23350,5,-750,-3.11,771697,1589,1679,+90,--1106,67976,71872,+3896,--45856,KRX
20190411,+24100,2,+250,+1.05,736122,1779,2975,+1196,--499,73889,123641,+49752,--21175,KRX
20190410,+23850,2,+150,+0.63,413974,725,2420,+1695,+1174,30365,101292,+70927,+48934,KRX
20190409,-23700,5,-100,-0.42,455464,1014,1535,+521,+1304,42990,64983,+21993,+54838,KRX
20190408,-23800,5,-150,-0.63,425404,1535,752,--783,--2324,64399,31554,--32845,--97627,KRX
20190405,+23950,2,+600,+2.57,700574,485,2026,+1541,+785,20314,85096,+64782,+32379,KRX
20190404,-23350,5,-300,-1.27,417816,968,1724,+756,+563,41248,73651,+32403,+24229,KRX
20190403,+23650,2,+300,+1.28,538109,1900,2093,+193,+557,80669,88843,+8174,+23758,KRX
20190402,-23350,5,-100,-0.43,495813,1811,1447,--364,+2347,77535,61951,--15584,+99934,KRX
20190401,+23450,2,+200,+0.86,870487,5659,2948,--2711,--8649,241390,125872,--115518,--375548,KRX
20190329,+23250,2,+1350,+6.16,1547241,1862,7800,+5938,+5288,80635,340665,+260030,+230556,KRX
20190328,-21900,5,-150,-0.68,291787,656,1306,+650,+773,29739,59213,+29474,+34869,KRX
20190327,-22050,5,-300,-1.34,388953,1409,1286,--123,+1514,63227,57832,--5395,+67241,KRX
20190326,-22350,5,-200,-0.89,467469,2942,1305,--1637,--1318,130871,58235,--72636,--59431,KRX
20190325,+22550,2,+700,+3.20,1036302,3464,3145,--319,--1650,155344,142139,--13205,--74091,KRX
20190322,+21850,2,+150,+0.69,601831,1160,2491,+1331,+1209,53155,114041,+60886,+55264,KRX
20190321,-21700,5,-550,-2.47,592293,1792,1914,+122,--2847,81732,87354,+5622,--128736,KRX
20190320,-22250,5,-50,-0.22,682111,2382,5351,+2969,+3349,108149,242507,+134358,+151465,KRX
20190319,+22300,2,+200,+0.90,588224,2217,1837,--380,--2628,99471,82364,--17107,--119281,KRX
20190318,+22100,2,+800,+3.76,874686,2296,4544,+2248,--2105,104208,206382,+102174,--105271,KRX
20190315,-21300,5,-1250,-5.54,2406980,6798,11151,+4353,+5193,312992,520437,+207445,+244016,KRX
20190314,22550,3,0,0.00,761677,5832,4992,--840,+897,257265,220694,--36571,+40253,KRX
20190313,+22550,2,+50,+0.22,533584,3404,1667,--1737,--1835,150457,73633,--76824,--81081,KRX
20190312,+22500,2,+600,+2.74,1168725,4670,4768,+98,--135,206484,210741,+4257,--6608,KRX
20190311,-21900,5,-50,-0.23,1012947,3005,3238,+233,+1493,137225,148090,+10865,+67487,KRX
20190308,-21950,5,-400,-1.79,1350211,5873,4613,--1260,--3326,265690,209068,--56622,--149065,KRX
20190307,-22350,5,-800,-3.46,1813103,3301,5367,+2066,+4186,145650,238093,+92443,+180866,KRX
20190306,-23150,5,-1000,-4.14,1732762,5664,3544,--2120,--226,239937,151514,--88423,--9997,KRX
20190305,+24150,2,+100,+0.42,1877566,4819,2925,--1894,+5335,200327,121901,--78426,+214778,KRX
20190304,-24050,5,-1850,-7.14,4811634,16689,9460,--7229,--2511,679542,386338,--293204,--146537,KRX
20190228,-25900,5,-3600,-12.20,4488599,18883,14165,--4718,--4717,675999,529332,--146667,--145680,KRX
20190227,+29500,2,+300,+1.03,1872443,4900,4899,--1,--9723,166898,165911,--987,--333464,KRX
20190226,+29200,2,+1250,+4.47,2774389,3652,13374,+9722,+10753,125658,458135,+332477,+369430,KRX
20190225,-27950,5,-500,-1.76,1036448,3033,2002,--1031,--2832,107896,70943,--36953,--100340,KRX
20190222,+28450,2,+400,+1.43,716084,785,2586,+1801,+1718,27591,90978,+63387,+60628,KRX
20190221,-28050,5,-550,-1.92,969730,3010,3093,+83,+2419,107098,109857,+2759,+83236,KRX
20190220,-28600,5,-250,-0.87,1040220,3845,1509,--2336,--3895,132917,52440,--80477,--134182,KRX
20190219,+28850,2,+550,+1.94,1250779,4700,6259,+1559,+2659,162317,216022,+53705,+92751,KRX
20190218,+28300,2,+200,+0.71,530152,2007,907,--1100,--512,71171,32125,--39046,--17971,KRX
20190215,+28100,2,+250,+0.90,725743,2043,1455,--588,+637,73141,52066,--21075,+23084,KRX
20190214,-27850,5,-350,-1.24,950687,3343,2118,--1225,--481,120444,76285,--44159,--18069,KRX
20190213,-28200,5,-300,-1.05,834767,2756,2012,--744,--875,97170,71080,--26090,--30557,KRX
20190212,-28500,5,-300,-1.04,927003,3836,3967,+131,+4070,133132,137599,+4467,+139465,KRX
20190211,-28800,5,-750,-2.54,1152826,6467,2528,--3939,--8537,221850,86852,--134998,--291415,KRX
20190208,+29550,2,+150,+0.51,1306581,2630,7228,+4598,+6110,89200,245617,+156417,+208340,KRX
20190207,+29400,2,+1000,+3.52,2306251,8731,7219,--1512,--2699,297926,246003,--51923,--94561,KRX
20190201,+28400,2,+1950,+7.37,3329269,6823,8010,+1187,+2680,243467,286105,+42638,+98986,KRX
20190131,-26450,5,-50,-0.19,673701,2783,1290,--1493,--1325,104957,48609,--56348,--49914,KRX
20190130,+26500,2,+350,+1.34,1095945,3122,2954,--168,+4439,116974,110540,--6434,+168018,KRX
20190129,-26150,5,-1300,-4.74,1766229,7115,2508,--4607,--279,269316,94864,--174452,--17979,KRX
20190128,-27450,5,-500,-1.79,840192,5683,1355,--4328,--4144,205595,49122,--156473,--149061,KRX
20190125,+27950,2,+100,+0.36,1730662,5260,5076,--184,+2431,191232,183820,--7412,+85591,KRX
20190124,-27850,5,-500,-1.76,979657,3895,1280,--2615,--1520,138466,45463,--93003,--54148,KRX
20190123,+28350,2,+250,+0.89,604331,3334,2239,--1095,--2842,118214,79359,--38855,--100498,KRX
20190122,28100,3,0,0.00,665295,1756,3503,+1747,+2909,62043,123686,+61643,+102381,KRX
20190121,-28100,5,-650,-2.26,978644,3233,2071,--1162,--1523,113960,73222,--40738,--52779,KRX
20190118,28750,3,0,0.00,1097437,2148,2509,+361,+956,74719,86760,+12041,+32128,KRX
20190117,-28750,5,-900,-3.04,1427278,4659,4064,--595,+136,160429,140342,--20087,+4437,KRX
20190116,29650,3,0,0.00,1413622,4042,3311,--731,+1632,135535,111011,--24524,+55321,KRX
20190115,29650,3,0,0.00,1728082,5217,2854,--2363,--5310,176186,96341,--79845,--181070,KRX
20190114,+29650,2,+1350,+4.77,2351486,3670,6617,+2947,+3438,126599,227824,+101225,+118971,KRX
20190111,+28300,2,+500,+1.80,1064494,4823,4332,--491,+1656,171508,153762,--17746,+58621,KRX
20190110,-27800,5,-900,-3.14,1383820,5614,3467,--2147,--731,199621,123254,--76367,--27109,KRX
20190109,28700,3,0,0.00,982343,4133,2717,--1416,--3406,143569,94311,--49258,--117063,KRX
20190108,+28700,2,+450,+1.59,2009963,5382,7372,+1990,+1253,186635,254440,+67805,+42109,KRX
20190107,+28250,2,+150,+0.53,1105569,4152,4889,+737,+2737,145931,171627,+25696,+97338,KRX
20190104,-28100,5,-350,-1.23,1072464,5514,3514,--2000,--24331,197336,125694,--71642,--868997,KRX
20190103,+28450,2,+1700,+6.36,2698290,3455,25786,+22331,+26598,122263,919618,+797355,+951564,KRX
20190102,-26750,5,-1100,-3.95,1621370,8840,4573,--4267,--7607,322070,167861,--154209,--274104,KRX
20181228,+27850,2,+500,+1.83,1142262,2919,6259,+3340,--8261,105084,224979,+119895,--297958,KRX
20181227,+27350,2,+400,+1.48,1557744,3031,14632,+11601,+15905,109778,527631,+417853,+574754,KRX
20181226,-26950,5,-1450,-5.11,1892995,8581,4277,--4304,--1196,313743,156842,--156901,--45787,KRX
20181224,28400,3,0,0.00,1753330,6037,2929,--3108,--1204,214329,103215,--111114,--43129,KRX
20181221,+28400,2,+350,+1.25,1490526,5002,3098,--1904,--5345,177647,109662,--67985,--190869,KRX
20181220,+28050,2,+800,+2.94,1513769,2184,5625,+3441,+3329,78293,201177,+122884,+118843,KRX
20181219,-27250,5,-50,-0.18,794436,2127,2239,+112,--5837,77749,81790,+4041,--214179,KRX
20181218,+27300,2,+250,+0.92,1355133,2302,8251,+5949,+5697,84130,302350,+218220,+209249,KRX
20181217,-27050,5,-1400,-4.92,1514710,3240,3492,+252,--529,118538,127509,+8971,--18469,KRX
20181214,+28450,2,+200,+0.71,1841602,5213,5994,+781,--3988,184964,212404,+27440,--144786,KRX
20181213,+28250,2,+1050,+3.86,2355896,8580,13349,+4769,+2100,305809,478035,+172226,+75630,KRX
20181212,-27200,5,-1450,-5.06,2568205,5401,8070,+2669,--2859,194648,291244,+96596,--99975,KRX
20181211,-28650,5,-150,-0.52,2237774,5085,10613,+5528,+5486,178447,375018,+196571,+195106,KRX
20181210,-28800,5,-1350,-4.48,2254414,7132,7174,+42,--2639,245629,247094,+1465,--88028,KRX
20181207,+30150,2,+1350,+4.69,2463205,4342,7023,+2681,+2977,145691,235184,+89493,+98744,KRX
20181206,-28800,5,-1050,-3.52,1697654,4854,4558,--296,--590,165513,156262,--9251,--20369,KRX
20181205,+29850,2,+650,+2.23,3238959,5938,6232,+294,+790,200499,211617,+11118,+28316,KRX
20181204,+29200,2,+150,+0.52,1912760,7667,7171,--496,--14389,263725,246527,--17198,--502662,KRX
20181203,+29050,2,+1950,+7.20,3583199,5946,19839,+13893,+12764,207729,693193,+485464,+443315,KRX
20181130,+27100,2,+450,+1.69,1128193,3463,4592,+1129,+777,129297,171446,+42149,+29408,KRX
20181129,+26650,2,+400,+1.52,1278088,3440,3792,+352,--2343,128340,141081,+12741,--89765,KRX
20181128,-26250,5,-450,-1.69,1295157,2153,4848,+2695,+1334,81612,184118,+102506,+51324,KRX
20181127,26700,3,0,0.00,1679592,3061,4422,+1361,+7719,115049,166231,+51182,+275928,KRX
20181126,-26700,5,-150,-0.56,3878094,11013,4655,--6358,+233,395137,170391,--224746,+13044,KRX
20181123,+26850,2,+850,+3.27,4666816,10818,4227,--6591,--4975,393566,155776,--237790,--175131,KRX
20181122,+26000,2,+200,+0.78,1245149,4318,2702,--1616,--37,167552,104893,--62659,--2556,KRX
20181121,+25800,2,+700,+2.79,2766285,8849,7270,--1579,--297,343290,283187,--60103,--9102,KRX
20181120,+25100,2,+500,+2.03,1581734,6667,5385,--1282,--2995,267740,216739,--51001,--121308,KRX
20181119,+24600,2,+1250,+5.35,1918888,6197,7910,+1713,+3798,253420,323727,+70307,+159893,KRX
20181116,-23350,5,-100,-0.43,826930,3964,1879,--2085,--5231,170098,80512,--89586,--226487,KRX
20181115,+23450,2,+1200,+5.39,1257600,3117,6263,+3146,+6860,135387,272288,+136901,+302801,KRX
20181114,+22250,2,+50,+0.23,864041,6026,2312,--3714,--5239,268880,102980,--165900,--234979,KRX
20181113,-22200,5,-300,-1.33,892750,3827,5352,+1525,+1529,173795,242874,+69079,+69029,KRX
20181112,-22500,5,-150,-0.66,818208,3136,3132,--4,+907,138527,138577,+50,+40541,KRX
20181109,-22650,5,-550,-2.37,799216,3418,2507,--911,--1901,150704,110213,--40491,--82385,KRX
20181108,+23200,2,+700,+3.11,1531860,5669,6659,+990,--2654,244635,286529,+41894,--119816,KRX
20181107,-22500,5,-1500,-6.25,3366815,10089,13733,+3644,+4764,431188,592898,+161710,+208120,KRX
20181106,-24000,5,-250,-1.03,1056444,3846,2726,--1120,+1133,159673,113263,--46410,+47474,KRX
20181105,+24250,2,+150,+0.62,1693774,5641,3388,--2253,--2296,234618,140734,--93884,--96627,KRX
20181102,+24100,2,+1650,+7.35,2107592,4865,4908,+43,--2316,204946,207689,+2743,--100903,KRX
20181101,+22450,2,+600,+2.75,1893452,3452,5811,+2359,+8544,151131,254777,+103646,+380367,KRX
20181031,-21850,5,-1050,-4.59,2023114,10898,4713,--6185,--17318,489425,212704,--276721,--818417,KRX
20181030,+22900,2,+2150,+10.36,6250226,20797,31930,+11133,+1028,963122,1504818,+541696,+74274,KRX
20181029,-20750,5,-1750,-7.78,2677472,7091,17196,+10105,+7719,323424,790846,+467422,+354723,KRX
20181026,-22500,5,-2000,-8.16,2878225,9359,11745,+2386,--466,397706,510405,+112699,--4953,KRX
20181025,-24500,5,-350,-1.41,1805957,6460,9312,+2852,+2369,263484,381136,+117652,+97007,KRX
20181024,-24850,5,-1250,-4.79,1820489,5557,6040,+483,--693,218830,239475,+20645,--24383,KRX
20181023,-26100,5,-300,-1.14,1378770,3322,4498,+1176,+3842,125434,170462,+45028,+145746,KRX
20181022,-26400,5,-1450,-5.21,1551368,5351,2685,--2666,--4473,202029,101311,--100718,--165784,KRX
20181019,+27850,2,+350,+1.27,1448864,3049,4856,+1807,+5419,109528,174594,+65066,+194674,KRX
20181018,-27500,5,-250,-0.90,1267025,5612,2000,--3612,--2569,201021,71413,--129608,--91576,KRX
20181017,+27750,2,+700,+2.59,1856049,4409,3366,--1043,+795,159265,121233,--38032,+29410,KRX
20181016,+27050,2,+50,+0.19,1537143,4932,3094,--1838,+2141,181460,114018,--67442,+77416,KRX
20181015,+27000,2,+800,+3.05,3198520,10126,6147,--3979,--4459,373804,228946,--144858,--162914,KRX
20181012,+26200,2,+900,+3.56,2380105,7410,7890,+480,--3360,286545,304601,+18056,--135521,KRX
20181011,-25300,5,-1750,-6.47,3652567,12774,16614,+3840,+7015,496175,649752,+153577,+255424,KRX
20181010,-27050,5,-4750,-14.94,4867261,17482,14307,--3175,--3031,598516,496669,--101847,--96698,KRX
20181008,+31800,2,+200,+0.63,1920478,4367,4223,--144,+2213,138506,133357,--5149,+69492,KRX
20181005,-31600,5,-900,-2.77,2405962,8072,5715,--2357,--7985,253414,178773,--74641,--248432,KRX
20181004,+32500,2,+1200,+3.83,4296475,10398,16026,+5628,--5126,321442,495233,+173791,--167118,KRX
20181002,+31300,2,+400,+1.29,2853466,5467,16221,+10754,+11274,174970,515879,+340909,+357287,KRX
20181001,+30900,2,+400,+1.31,2451129,5479,4959,--520,--1029,175698,159320,--16378,--33320,KRX
20180928,-30500,5,-1100,-3.48,2814649,7512,8021,+509,+10988,244919,261861,+16942,+340227,KRX
20180927,-31600,5,-850,-2.62,3723865,17214,6735,--10479,--29166,533693,210408,--323285,--915478,KRX
20180921,+32450,2,+2100,+6.92,6477907,8511,27198,+18687,+22262,268500,860693,+592193,+706739,KRX
20180920,+30350,2,+200,+0.66,4037963,10782,7207,--3575,--10507,350931,236385,--114546,--345713,KRX
20180919,-30150,5,-700,-2.27,6747111,11753,18685,+6932,+7441,379672,610839,+231167,+247113,KRX
20180918,-30850,5,-750,-2.37,3431659,8699,8190,--509,+3190,277426,261480,--15946,+101952,KRX
20180917,+31600,2,+50,+0.16,3770932,8929,5230,--3699,--4834,282752,164854,--117898,--153558,KRX
20180914,+31550,2,+550,+1.77,3042416,7937,9072,+1135,+904,254717,290377,+35660,+28235,KRX
20180913,-31000,5,-250,-0.80,1657870,5859,6090,+231,--2197,188742,196167,+7425,--71253,KRX
20180912,+31250,2,+200,+0.64,2876081,4769,7197,+2428,+7996,155297,233975,+78678,+256116,KRX
20180911,-31050,5,-50,-0.16,3288096,10567,4999,--5568,--1256,337449,160011,--177438,--36205,KRX
20180910,+31100,2,+1600,+5.42,4359753,11920,7608,--4312,--13916,389723,248490,--141233,--476209,KRX
20180907,+29500,2,+1650,+5.92,3992315,5522,15126,+9604,+10717,190477,525453,+334976,+374245,KRX
20180906,-27850,5,-100,-0.36,6216143,13241,12128,--1113,+990,461151,421882,--39269,+35799,KRX
20180905,27950,3,0,0.00,2077875,4961,2858,--2103,+2717,176166,101098,--75068,+97961,KRX
20180904,+27950,2,+250,+0.90,1918592,7829,3009,--4820,+1514,281207,108178,--173029,+54458,KRX
20180903,+27700,2,+450,+1.65,2303382,8886,2552,--6334,--2315,319474,91987,--227487,--77505,KRX
20180831,+27250,2,+200,+0.74,1789287,6047,2028,--4019,--1557,225747,75765,--149982,--59350,KRX
20180830,+27050,2,+300,+1.12,2948149,9415,6953,--2462,--3753,343171,252539,--90632,--139383,KRX
20180829,-26750,5,-150,-0.56,1759480,4412,5703,+1291,--2132,164327,213078,+48751,--78043,KRX
20180828,-26900,5,-550,-2.00,3102434,8326,11749,+3423,+10222,304060,430854,+126794,+366834,KRX
20180827,-27450,5,-3600,-11.59,7069043,21109,14310,--6799,--2013,748543,508503,--240040,--85262,KRX
20180824,+31050,2,+200,+0.65,1854311,7842,3056,--4786,--3758,253802,99024,--154778,--121448,KRX
20180823,+30850,2,+50,+0.16,2651192,9995,8967,--1028,--2762,322865,289535,--33330,--88552,KRX
20180822,-30800,5,-750,-2.38,3026603,6286,8020,+1734,+10690,204069,259291,+55222,+338690,KRX
20180821,+31550,2,+100,+0.32,3237555,14125,5169,--8956,--3392,446618,163150,--283468,--107527,KRX
20180820,+31450,2,+200,+0.64,3780127,12841,7277,--5564,--2080,407434,231493,--175941,--60411,KRX
20180817,+31250,2,+1250,+4.17,3414181,9625,6141,--3484,+15940,318317,202787,--115530,+528567,KRX
20180816,+30000,2,+2000,+7.14,7890644,31561,12137,--19424,--17597,1048035,403938,--644097,--576762,KRX
20180814,+28000,2,+900,+3.32,3226303,10018,8191,--1827,--1457,364507,297172,--67335,--54127,KRX
20180813,-27100,5,-700,-2.52,10298810,25244,24874,--370,+3745,887720,874512,--13208,+134634,KRX
20180810,+27800,2,+1200,+4.51,7301917,14189,10074,--4115,--3533,509156,361314,--147842,--125774,KRX
20180809,-26600,5,-300,-1.12,1444275,2845,2263,--582,--6015,107006,84938,--22068,--221740,KRX
20180808,+26900,2,+400,+1.51,2502429,3536,8969,+5433,+5025,131139,330811,+199672,+184370,KRX
20180807,26500,3,0,0.00,1003338,2829,3237,+408,--4208,106730,122032,+15302,--158377,KRX
20180806,-26500,5,-600,-2.21,1532490,3073,7689,+4616,+2648,116287,289966,+173679,+101362,KRX
20180803,-27100,5,-100,-0.37,1548317,1927,3895,+1968,+2793,70542,142859,+72317,+103337,KRX
20180802,-27200,5,-400,-1.45,2347170,6943,6118,--825,--3809,253792,222772,--31020,--138183,KRX
20180801,+27600,2,+400,+1.47,2711892,7258,10242,+2984,+4439,262227,369390,+107163,+157542,KRX
20180731,-27200,5,-1050,-3.72,3805684,9830,8375,--1455,--7648,352658,302279,--50379,--269957,KRX
20180730,+28250,2,+950,+3.48,4524356,6719,12912,+6193,+8527,235622,455200,+219578,+301798,KRX
20180727,-27300,5,-250,-0.91,3098243,6482,4148,--2334,--2567,232216,149996,--82220,--91433,KRX
20180726,+27550,2,+1050,+3.96,5019581,12228,12461,+233,+5135,441119,450332,+9213,+188310,KRX
20180725,-26500,5,-600,-2.21,6248626,18270,13368,--4902,--10039,676293,497196,--179097,--387837,KRX
20180724,+27100,2,+4300,+18.86,13644316,27466,32603,+5137,+3030,1047340,1256080,+208740,+118008,KRX
20180723,-22800,5,-1150,-4.80,1674533,6795,8902,+2107,+9785,292364,383096,+90732,+404196,KRX
20180720,23950,3,0,0.00,2404409,14059,6381,--7678,--9524,578738,265274,--313464,--392934,KRX
20180719,-23950,5,-100,-0.42,2081894,6301,8147,+1846,--959,259917,339387,+79470,--37600,KRX
20180718,-24050,5,-1450,-5.69,2179799,4430,7235,+2805,+3871,180279,297349,+117070,+158213,KRX
20180717,-25500,5,-600,-2.30,1251110,3710,2644,--1066,+2603,143346,102203,--41143,+99751,KRX
20180716,-26100,5,-50,-0.19,1868329,8792,5123,--3669,--4210,335423,194529,--140894,--160281,KRX
20180713,+26150,2,+850,+3.36,2718196,6840,7381,+541,+9287,263703,283090,+19387,+356577,KRX
20180712,-25300,5,-600,-2.32,3216039,14281,5535,--8746,--7187,551334,214144,--337190,--279500,KRX
20180711,+25900,2,+1900,+7.92,5859169,8230,6671,--1559,--5619,321816,264126,--57690,--225638,KRX
20180710,+24000,2,+600,+2.56,1997567,4958,9018,+4060,+5331,205793,373741,+167948,+219372,KRX
20180709,-23400,5,-2650,-10.17,3472571,10839,9568,--1271,+5021,453363,401939,--51424,+196076,KRX
20180706,+26050,2,+1100,+4.41,3657462,13992,7700,--6292,--7493,553558,306058,--247500,--295528,KRX
20180705,-24950,5,-900,-3.48,2372173,6725,7926,+1201,+6084,268479,316507,+48028,+235711,KRX
20180704,-25850,5,-350,-1.34,1936076,8867,3984,--4883,--6383,341257,153574,--187683,--245760,KRX
20180703,+26200,2,+650,+2.54,3415898,10416,11916,+1500,--395,404034,462111,+58077,--21623,KRX
20180702,-25550,5,-2500,-8.91,3464850,11724,13619,+1895,+1224,439433,519133,+79700,+55777,KRX
20180629,+28050,2,+750,+2.75,3848704,14215,14886,+671,--7757,513328,537251,+23923,--276469,KRX
20180628,-27300,5,-1700,-5.86,3692093,8729,17157,+8428,+12533,305241,605633,+300392,+437972,KRX
20180627,-29000,5,-200,-0.68,4345668,13424,9319,--4105,+6402,455234,317654,--137580,+192886,KRX
20180626,-29200,5,-1050,-3.47,7147044,17912,7405,--10507,--11728,574520,244054,--330466,--373488,KRX
20180625,+30250,2,+600,+2.02,3897210,9741,10962,+1221,+3414,323312,366334,+43022,+109550,KRX
20180622,-29650,5,-800,-2.63,4318210,15860,13667,--2193,+4236,525360,458832,--66528,+137821,KRX
20180621,-30450,5,-1700,-5.29,3202594,16731,10302,--6429,--7594,534354,330005,--204349,--241920,KRX
20180620,+32150,2,+1050,+3.38,4142048,17293,18458,+1165,--4820,556075,593646,+37571,--155071,KRX
20180619,-31100,5,-1700,-5.18,4483046,10775,16760,+5985,+4484,335502,528144,+192642,+146235,KRX
20180618,+32800,2,+350,+1.08,4715326,15208,16709,+1501,--1707,464861,511268,+46407,--52136,KRX
20180615,+32450,2,+450,+1.41,6990987,17215,20423,+3208,--8277,527879,626422,+98543,--259432,KRX
20180614,-32000,5,-4600,-12.57,8252137,17475,28960,+11485,+15906,525322,883297,+357975,+476525,KRX
20180612,-36600,5,-1800,-4.69,12616070,33296,28875,--4421,--2833,881614,763064,--118550,--76384,KRX
20180611,+38400,2,+1800,+4.92,6441650,15991,14403,--1588,+336,427496,385330,--42166,--5194,KRX
20180608,-36600,5,-1350,-3.56,8369729,23764,21840,--1924,--3917,621999,585027,--36972,--89662,KRX
20180607,-37950,5,-900,-2.32,7716867,11061,13054,+1993,+21362,288248,340938,+52690,+567879,KRX
20180605,-38850,5,-1700,-4.19,22245556,44390,25021,--19369,--7885,1186245,671056,--515189,--244054,KRX
20180604,+40550,2,+300,+0.75,11881814,24528,13044,--11484,--34126,582128,310993,--271135,--835474,KRX
20180601,+40250,2,+1600,+4.14,22001937,28346,50988,+22642,+66510,684142,1248481,+564339,+1711149,KRX
20180531,-38650,5,-1450,-3.62,7359146,51088,7220,--43868,--34067,1333373,186563,--1146810,--901190,KRX
20180530,+40100,2,+1350,+3.48,6512522,11781,1980,--9801,--7579,295146,49526,--245620,--187559,KRX
20180529,+38750,2,+2350,+6.46,15113382,8981,6759,--2222,--1031,231558,173497,--58061,--25241,KRX
20180528,+36400,1,+8400,+30.00,3131890,1209,18,--1191,--3209,33329,509,--32820,--108741,KRX
20180525,-28000,5,-6650,-19.19,10079385,7009,9027,+2018,+1539,244425,320346,+75921,+62212,KRX
20180524,-34650,5,-900,-2.53,2961087,2454,2933,+479,+2047,71166,84875,+13709,+58733,KRX
20180523,-35550,5,-550,-1.52,5529814,4745,3177,--1568,+315,133499,88475,--45024,+7347,KRX
20180521,-36100,5,-700,-1.90,3416889,2913,1030,--1883,--4805,81042,28671,--52371,--134980,KRX
20180518,+36800,2,+1700,+4.84,4923482,3199,6121,+2922,--10572,89646,172255,+82609,--297425,KRX
20180517,+35100,2,+1250,+3.69,8185949,3042,16536,+13494,+14151,85048,465082,+380034,+394964,KRX
20180516,-33850,5,-6300,-15.69,13631799,11557,10900,--657,+19756,325068,310138,--14930,+504722,KRX
20180515,+40150,2,+100,+0.25,11415264,26885,6472,--20413,--14978,684371,164719,--519652,--380996,KRX
20180514,+40050,2,+5700,+16.59,4645879,8490,3055,--5435,--7283,218429,79773,--138656,--196385,KRX
20180511,+34350,2,+700,+2.08,2641532,2751,4599,+1848,+3233,81378,139107,+57729,+94198,KRX
20180510,-33650,5,-200,-0.59,4234634,3808,2423,--1385,--3654,107244,70775,--36469,--109572,KRX
20180509,+33850,2,+2200,+6.95,19345621,38497,40766,+2269,+26471,1173281,1246384,+73103,+830450,KRX
20180508,-31650,5,-150,-0.47,14579476,37530,13328,--24202,--28623,1178947,421600,--757347,--908597,KRX
20180504,+31800,2,+4800,+17.78,22579694,28470,32891,+4421,+25201,943137,1094387,+151250,+893301,KRX
20180503,-27000,5,-5600,-17.18,25997078,33469,12689,--20780,+33692,1191818,449767,--742051,+901059,KRX
20180502,+32600,2,+5900,+22.10,18670217,71925,17453,--54472,--40809,2178784,535674,--1643110,--1112449,KRX
20180430,+26700,1,+6150,+29.93,11232336,23728,10065,--13663,--9577,914014,383353,--530661,--335208,KRX
20180427,+20550,2,+850,+4.31,4958797,9222,5136,--4086,--4843,445001,249548,--195453,--234994,KRX
20180426,+19700,2,+200,+1.03,627678,1714,2471,+757,+530,86282,125823,+39541,+26595,KRX
20180425,-19500,5,-600,-2.99,695132,1462,1689,+227,+3469,72456,85402,+12946,+175042,KRX
20180424,+20100,2,+150,+0.75,1266561,5204,1962,--3242,--3193,261236,99140,--162096,--162290,KRX
20180423,+19950,2,+1450,+7.84,3036339,5267,5218,--49,+70,260290,260484,+194,+6351,KRX
20180420,+18500,2,+300,+1.65,334147,870,751,--119,--260,47052,40895,--6157,--14259,KRX
20180419,18200,3,0,0.00,532004,1143,1284,+141,--839,61857,69959,+8102,--45923,KRX
20180418,+18200,2,+550,+3.12,492237,824,1804,+980,+805,45628,99653,+54025,+44064,KRX
20180417,-17650,5,-50,-0.28,372883,1078,1253,+175,--1183,60679,70640,+9961,--67658,KRX
20180416,+17700,2,+600,+3.51,426328,795,2153,+1358,+417,45338,122957,+77619,+22152,KRX
20180413,+17100,2,+400,+2.40,271679,638,1579,+941,+669,37603,93070,+55467,+39310,KRX
20180412,-16700,5,-350,-2.05,171765,499,771,+272,--480,29653,45810,+16157,--28211,KRX
20180411,+17050,2,+50,+0.29,207217,1123,1875,+752,--450,66290,110658,+44368,--27237,KRX
20180410,+17000,2,+150,+0.89,239253,1101,2303,+1202,+371,65209,136814,+71605,+22119,KRX
20180409,+16850,2,+150,+0.90,181653,707,1538,+831,--705,42077,91563,+49486,--42512,KRX
20180406,-16700,5,-300,-1.76,381566,1025,2561,+1536,--2215,61036,153034,+91998,--129709,KRX
20180405,+17000,2,+400,+2.41,520310,856,4607,+3751,+4008,50908,272615,+221707,+236955,KRX
20180404,+16600,2,+750,+4.73,1004986,1557,1300,--257,--926,93358,78110,--15248,--57402,KRX
20180403,+15850,2,+50,+0.32,156094,460,1129,+669,--211,28958,71112,+42154,--13839,KRX
20180402,15800,3,0,0.00,209974,442,1322,+880,+275,28057,84050,+55993,+17371,KRX
20180330,+15800,2,+150,+0.96,158284,628,1233,+605,+1116,39938,78560,+38622,+71148,KRX
20180329,-15650,5,-150,-0.95,181288,979,468,--511,+742,62472,29946,--32526,+46513,KRX
20180328,-15800,5,-250,-1.56,226524,1971,718,--1253,--2060,124322,45283,--79039,--130472,KRX
20180327,+16050,2,+650,+4.22,325645,1323,2130,+807,+772,83754,135187,+51433,+49158,KRX
20180326,+15400,2,+300,+1.99,131427,578,613,+35,+461,37827,40102,+2275,+30146,KRX
20180323,-15100,5,-650,-4.13,305683,1018,592,--426,--87,66780,38909,--27871,--6646,KRX
20180322,+15750,2,+150,+0.96,288253,1229,890,--339,--415,77377,56152,--21225,--26108,KRX
20180321,+15600,2,+100,+0.65,157892,558,634,+76,+470,35887,40770,+4883,+30212,KRX
20180320,-15500,5,-100,-0.64,151555,794,400,--394,--142,51016,25687,--25329,--9122,KRX
20180319,+15600,2,+150,+0.97,265725,1348,1096,--252,+1573,86224,70017,--16207,+101385,KRX
20180316,-15450,5,-100,-0.64,293642,2716,891,--1825,--1546,175092,57500,--117592,--99610,KRX
20180315,+15550,2,+50,+0.32,159659,1155,876,--279,+1187,74473,56491,--17982,+76634,KRX
20180314,-15500,5,-100,-0.64,226317,1848,382,--1466,+183,119305,24689,--94616,+9760,KRX
20180313,-15600,5,-350,-2.19,464883,2263,614,--1649,+2768,143466,39090,--104376,+170073,KRX
20180312,-15950,5,-100,-0.62,546130,5424,1007,--4417,--1672,336779,62330,--274449,--103787,KRX
20180309,+16050,2,+550,+3.55,694825,5562,2817,--2745,--2043,346329,175667,--170662,--125400,KRX
20180308,-15500,5,-300,-1.90,319677,2117,1415,--702,+375,136766,91504,--45262,+21463,KRX
20180307,-15800,5,-50,-0.32,330083,1523,446,--1077,--712,94454,27729,--66725,--43780,KRX
20180306,+15850,2,+100,+0.63,186369,1034,669,--365,+238,64831,41886,--22945,+15404,KRX
20180305,+15750,2,+300,+1.94,237004,1133,530,--603,+413,72096,33747,--38349,+27172,KRX
20180302,15450,3,0,0.00,158919,1326,310,--1016,--630,85628,20107,--65521,--40604,KRX
20180228,-15450,5,-150,-0.96,128184,784,398,--386,+33,50582,25665,--24917,+1972,KRX
20180227,+15600,2,+100,+0.65,124561,724,305,--419,--51,46385,19496,--26889,--3182,KRX
20180226,15500,3,0,0.00,144881,610,242,--368,--292,39302,15595,--23707,--18595,KRX
20180223,+15500,2,+400,+2.65,143307,737,661,--76,--253,48046,42934,--5112,--16822,KRX
20180222,-15100,5,-50,-0.33,101995,402,579,+177,--89,26601,38311,+11710,--5811,KRX
20180221,+15150,2,+100,+0.66,107796,433,699,+266,+387,28591,46112,+17521,+25465,KRX
20180220,-15050,5,-200,-1.31,118577,534,413,--121,+2,35086,27142,--7944,+186,KRX
20180219,+15250,2,+250,+1.67,140401,969,846,--123,--822,63931,55801,--8130,--54905,KRX
20180214,15000,3,0,0.00,167971,533,1232,+699,+688,35599,82374,+46775,+45479,KRX
20180213,-15000,5,-400,-2.60,227978,956,967,+11,+132,62643,63939,+1296,+9138,KRX
20180212,+15400,2,+50,+0.33,138652,797,676,--121,--587,51784,43942,--7842,--38406,KRX
20180209,-15350,5,-200,-1.29,223144,1576,2042,+466,+1112,102806,133370,+30564,+72081,KRX
20180208,+15550,2,+100,+0.65,227102,1947,1301,--646,--406,125315,83798,--41517,--26239,KRX
20180207,-15450,5,-300,-1.90,240362,1057,817,--240,+799,67365,52087,--15278,+51380,KRX
20180206,-15750,5,-400,-2.48,489811,3482,2443,--1039,+1149,222829,156171,--66658,+67208,KRX
20180205,-16150,5,-800,-4.72,509303,3393,1205,--2188,--1414,207295,73429,--133866,--88009,KRX
20180202,-16950,5,-250,-1.45,220780,1320,546,--774,--335,78040,32183,--45857,--20350,KRX
20180201,+17200,2,+50,+0.29,187981,1284,845,--439,+57,74694,49187,--25507,+3314,KRX
20180131,+17150,2,+200,+1.18,305682,1660,1164,--496,+505,97189,68368,--28821,+29709,KRX
20180130,-16950,5,-150,-0.88,287898,2086,1085,--1001,--490,122153,63623,--58530,--28769,KRX
20180129,-17100,5,-200,-1.16,260164,1305,794,--511,--598,75842,46081,--29761,--34741,KRX
20180126,17300,3,0,0.00,236151,844,931,+87,--180,48810,53790,+4980,--10420,KRX
20180125,+17300,2,+150,+0.87,346175,1283,1550,+267,+321,73861,89261,+15400,+18444,KRX
20180124,+17150,2,+300,+1.78,245273,1455,1401,--54,--280,85040,81996,--3044,--16402,KRX
20180123,16850,3,0,0.00,233198,1216,1442,+226,+284,72054,85412,+13358,+16863,KRX
20180122,+16850,2,+100,+0.60,242203,1609,1551,--58,--1,95578,92073,--3505,--88,KRX
20180119,-16750,5,-300,-1.76,259024,866,809,--57,+606,51439,48022,--3417,+35785,KRX
20180118,+17050,2,+250,+1.49,239077,1427,764,--663,--510,84027,44825,--39202,--30145,KRX
20180117,-16800,5,-100,-0.59,297614,973,820,--153,--194,57898,48841,--9057,--11429,KRX
20180116,-16900,5,-50,-0.29,317355,1174,1215,+41,+300,69248,71620,+2372,+17422,KRX
20180115,-16950,5,-200,-1.17,374420,1274,1015,--259,+2367,74827,59777,--15050,+137749,KRX
20180112,-17150,5,-1550,-8.29,4165872,4465,1839,--2626,--2651,259992,107193,--152799,--154104,KRX
20180111,-18700,5,-200,-1.06,95130,848,873,+25,--354,45211,46516,+1305,--18739,KRX
20180110,+18900,2,+200,+1.07,93980,471,850,+379,+682,24930,44974,+20044,+36235,KRX
20180109,-18700,5,-250,-1.32,82589,725,422,--303,--447,38751,22560,--16191,--23741,KRX
20180108,-18950,5,-300,-1.56,100982,356,500,+144,--185,18691,26241,+7550,--9518,KRX
20180105,+19250,2,+250,+1.32,104010,231,560,+329,--374,11989,29057,+17068,--19766,KRX
20180104,+19000,2,+150,+0.80,117514,259,962,+703,+526,13568,50402,+36834,+27486,KRX
20180103,18850,3,0,0.00,90513,574,751,+177,--75,30470,39818,+9348,--4038,KRX
20180102,+18850,2,+100,+0.53,65357,321,573,+252,+226,17045,30431,+13386,+11977,KRX
20171228,-18750,5,-50,-0.27,44304,232,258,+26,+472,12333,13742,+1409,+25185,KRX
20171227,-18800,5,-450,-2.34,68311,740,294,--446,--1064,39441,15665,--23776,--55928,KRX
20171226,+19250,2,+250,+1.32,88850,442,1060,+618,+251,23021,55173,+32152,+12745,KRX
20171222,-19000,5,-50,-0.26,70641,402,769,+367,+10,21295,40702,+19407,+454,KRX
20171221,+19050,2,+50,+0.26,75036,482,839,+357,+47,25626,44579,+18953,+2566,KRX
20171220,+19000,2,+100,+0.53,62248,333,643,+310,+216,17581,33968,+16387,+11435,KRX
20171219,-18900,5,-150,-0.79,55373,444,538,+94,--205,23460,28412,+4952,--10651,KRX
20171218,-19050,5,-250,-1.30,76980,569,868,+299,--935,29841,45444,+15603,--48752,KRX
20171215,+19300,2,+1300,+7.22,177340,821,2055,+1234,+2501,42758,107113,+64355,+134882,KRX
20171214,-18000,5,-1650,-8.40,256665,3210,1943,--1267,--1962,173224,102697,--70527,--106214,KRX
20171213,+19650,2,+450,+2.34,156539,594,1289,+695,+863,30385,66072,+35687,+44409,KRX
20171212,-19200,5,-100,-0.52,94175,701,533,--168,--775,36432,27710,--8722,--40352,KRX
20171211,+19300,2,+350,+1.85,134509,284,891,+607,+1186,14817,46447,+31630,+62051,KRX
20171208,-18950,5,-100,-0.52,131475,940,361,--579,--847,49478,19057,--30421,--44678,KRX
20171207,+19050,2,+300,+1.60,138901,931,1199,+268,+636,49271,63528,+14257,+33027,KRX
20171206,-18750,5,-600,-3.10,180002,897,529,--368,--996,46657,27887,--18770,--51393,KRX
20171205,+19350,2,+400,+2.11,159286,700,1328,+628,+666,36596,69219,+32623,+34178,KRX
20171204,+18950,2,+300,+1.61,290562,937,899,--38,--75,48520,46965,--1555,--3507,KRX
20171201,-18650,5,-200,-1.06,100586,437,474,+37,--27,23340,25292,+1952,--1338,KRX
20171130,+18850,2,+50,+0.27,98010,695,759,+64,+47,36887,40177,+3290,+2361,KRX
20171129,+18800,2,+200,+1.08,76368,449,466,+17,--312,23927,24856,+929,--16778,KRX
20171128,+18600,2,+200,+1.09,82260,447,776,+329,--81,23997,41704,+17707,--4491,KRX
20171127,-18400,5,-350,-1.87,115051,457,867,+410,+365,24662,46860,+22198,+19806,KRX
20171124,+18750,2,+50,+0.27,47670,178,223,+45,+74,9498,11890,+2392,+3998,KRX
20171123,+18700,2,+50,+0.27,56477,335,306,--29,--23,17883,16277,--1606,--1300,KRX
20171122,-18650,5,-100,-0.53,119268,777,771,--6,--479,41546,41240,--306,--25558,KRX
20171121,-18750,5,-300,-1.57,136539,551,1024,+473,+480,29047,54299,+25252,+25644,KRX
20171120,-19050,5,-200,-1.04,91738,610,603,--7,--158,31860,31468,--392,--8164,KRX
20171117,-19250,5,-100,-0.52,85671,544,695,+151,+131,28148,35920,+7772,+6756,KRX
20171116,-19350,5,-200,-1.02,57952,400,420,+20,--73,20582,21598,+1016,--3707,KRX
20171115,-19550,5,-250,-1.26,77758,477,570,+93,--158,24389,29112,+4723,--8076,KRX
20171114,+19800,2,+250,+1.28,100562,407,658,+251,+36,20714,33513,+12799,+1860,KRX
20171113,-19550,5,-300,-1.51,71473,321,536,+215,+188,16359,27298,+10939,+9379,KRX
20171110,-19850,5,-50,-0.25,126507,632,659,+27,--228,32033,33593,+1560,--11297,KRX
20171109,19900,3,0,0.00,117275,861,1116,+255,+77,43401,56258,+12857,+3828,KRX
20171108,+19900,2,+100,+0.51,149323,1163,1341,+178,--173,58647,67676,+9029,--8539,KRX
20171107,+19800,2,+250,+1.28,148861,661,1012,+351,+524,33335,50903,+17568,+26505,KRX
20171106,+19550,2,+300,+1.56,113112,704,531,--173,--541,36219,27282,--8937,--27871,KRX
20171103,19250,3,0,0.00,110450,343,711,+368,+253,17750,36684,+18934,+12960,KRX
20171102,-19250,5,-200,-1.03,117053,583,698,+115,+280,30294,36268,+5974,+14393,KRX
20171101,-19450,5,-150,-0.77,231600,904,739,--165,--1400,46466,38047,--8419,--71730,KRX
20171031,+19600,2,+600,+3.16,554707,2294,3529,+1235,+596,117522,180833,+63311,+31405,KRX
20171030,+19000,2,+1250,+7.04,482072,1279,1918,+639,+531,70125,102031,+31906,+25845,KRX
20171027,-17750,5,-50,-0.28,105537,259,367,+108,--26,14607,20668,+6061,--1479,KRX
20171026,+17800,2,+250,+1.42,72762,140,274,+134,+287,7932,15472,+7540,+16289,KRX
20171025,-17550,5,-100,-0.57,54798,364,211,--153,--231,20830,12081,--8749,--13155,KRX
20171024,+17650,2,+350,+2.02,41205,156,234,+78,+341,8914,13320,+4406,+19435,KRX
20171023,-17300,5,-600,-3.35,148146,836,573,--263,--111,47777,32748,--15029,--6571,KRX
20171020,-17900,5,-150,-0.83,56908,445,293,--152,--276,24682,16224,--8458,--15401,KRX
20171019,+18050,2,+400,+2.27,155002,398,522,+124,+154,21997,28940,+6943,+8659,KRX
20171018,+17650,2,+400,+2.32,100987,418,388,--30,+157,23768,22052,--1716,+8936,KRX
20171017,-17250,5,-400,-2.27,110772,470,283,--187,--301,26977,16325,--10652,--17087,KRX
20171016,+17650,2,+300,+1.73,71759,251,365,+114,--9,14328,20763,+6435,--684,KRX
20171013,+17350,2,+50,+0.29,73998,374,497,+123,--192,21641,28760,+7119,--11363,KRX
20171012,+17300,2,+300,+1.76,99538,483,798,+315,+177,28133,46615,+18482,+10392,KRX
20171011,-17000,5,-100,-0.58,79565,383,521,+138,+126,22530,30620,+8090,+7423,KRX
20171010,-17100,5,-600,-3.39,95753,447,459,+12,+3,25760,26427,+667,+151,KRX
20170929,+17700,2,+50,+0.28,44191,405,414,+9,--80,22974,23490,+516,--4498,KRX
20170928,+17650,2,+200,+1.15,65875,463,552,+89,+191,26586,31600,+5014,+10845,KRX
20170927,-17450,5,-350,-1.97,39803,321,219,--102,--725,18323,12492,--5831,--42088,KRX
20170926,+17800,2,+1150,+6.91,151924,539,1162,+623,+745,30797,67054,+36257,+43444,KRX
20170925,-16650,5,-600,-3.48,99067,486,364,--122,--259,28770,21583,--7187,--15087,KRX
20170922,-17250,5,-150,-0.86,94124,700,837,+137,+255,40273,48173,+7900,+14696,KRX
20170921,-17400,5,-300,-1.69,86776,602,484,--118,+7,34516,27720,--6796,+205,KRX
20170920,-17700,5,-350,-1.94,75831,605,480,--125,--412,33858,26857,--7001,--22742,KRX
20170919,-18050,5,-100,-0.55,83806,420,707,+287,--112,23131,38872,+15741,--6343,KRX
20170918,+18150,2,+250,+1.40,110721,601,1000,+399,+95,33252,55336,+22084,+5069,KRX
20170915,+17900,2,+200,+1.13,108247,783,1087,+304,+194,44037,61052,+17015,+10872,KRX
20170914,+17700,2,+350,+2.02,160038,1472,1582,+110,+128,83936,90079,+6143,+7169,KRX
20170913,-17350,5,-350,-1.98,84156,690,672,--18,--108,39610,38584,--1026,--6084,KRX
20170912,+17700,2,+50,+0.28,56414,344,434,+90,--720,19518,24576,+5058,--40905,KRX
20170911,+17650,2,+150,+0.86,110126,455,1265,+810,+657,25770,71733,+45963,+37236,KRX
20170908,+17500,2,+200,+1.16,50735,261,414,+153,--17,14978,23705,+8727,--1065,KRX
20170907,17300,3,0,0.00,105014,425,595,+170,+196,24485,34277,+9792,+11259,KRX
20170906,-17300,5,-350,-1.98,205454,578,552,--26,--288,33035,31568,--1467,--16186,KRX
20170905,-17650,5,-100,-0.56,91395,498,760,+262,+187,28055,42774,+14719,+10557,KRX
20170904,-17750,5,-350,-1.93,98251,508,583,+75,+908,28538,32700,+4162,+50059,KRX
20170901,-18100,5,-400,-2.16,146403,1249,416,--833,--1807,68772,22875,--45897,--99539,KRX
20170831,+18500,2,+450,+2.49,156813,388,1362,+974,+830,21224,74866,+53642,+45656,KRX
20170830,-18050,5,-100,-0.55,57483,253,397,+144,+172,14071,22057,+7986,+9514,KRX
20170829,-18150,5,-100,-0.55,89792,646,618,--28,--157,35702,34174,--1528,--8646,KRX
20170828,+18250,2,+100,+0.55,45177,223,352,+129,--514,12217,19335,+7118,--28528,KRX
20170825,+18150,2,+450,+2.54,94409,136,779,+643,+388,7579,43225,+35646,+21227,KRX
20170824,-17700,5,-150,-0.84,111473,121,376,+255,+68,6826,21245,+14419,+3971,KRX
20170823,-17850,5,-100,-0.56,79082,189,376,+187,+273,10569,21017,+10448,+15246,KRX
20170822,-17950,5,-50,-0.28,94966,427,341,--86,--134,23623,18825,--4798,--7479,KRX
20170821,-18000,5,-50,-0.28,56582,248,296,+48,+81,13710,16391,+2681,+4522,KRX
20170818,-18050,5,-100,-0.55,66948,384,351,--33,+211,21198,19357,--1841,+11637,KRX
20170817,+18150,2,+100,+0.55,82588,752,508,--244,+190,41535,28057,--13478,+10484,KRX
20170816,-18050,5,-250,-1.37,101519,926,492,--434,--32,51138,27176,--23962,--2060,KRX
20170814,-18300,5,-300,-1.61,60931,592,190,--402,--184,32285,10383,--21902,--10172,KRX
20170811,-18600,5,-200,-1.06,132148,894,676,--218,--92,48171,36441,--11730,--4867,KRX
20170810,+18800,2,+300,+1.62,133539,1337,1211,--126,+441,71539,64676,--6863,+23679,KRX
20170809,-18500,5,-50,-0.27,102974,911,344,--567,+525,49108,18566,--30542,+28195,KRX
20170808,-18550,5,-550,-2.88,282884,1502,410,--1092,--210,80737,22000,--58737,--12374,KRX
20170807,+19100,2,+700,+3.80,273425,1636,754,--882,--505,86538,40175,--46363,--25720,KRX
20170804,+18400,2,+250,+1.38,136447,1650,1273,--377,+111,90115,69472,--20643,+6160,KRX
20170803,-18150,5,-300,-1.63,252672,1969,1481,--488,+1026,108550,81747,--26803,+54363,KRX
20170802,-18450,5,-400,-2.12,223812,2092,578,--1514,--1525,112178,31012,--81166,--81746,KRX
20170801,+18850,2,+100,+0.53,203308,1412,1423,+11,+954,74771,75351,+580,+50535,KRX
20170731,-18750,5,-550,-2.85,256079,2013,1070,--943,--930,106103,56148,--49955,--49295,KRX
20170728,-19300,5,-250,-1.28,223607,1284,1271,--13,--465,66544,65884,--660,--23710,KRX
20170727,-19550,5,-100,-0.51,144623,582,1034,+452,--178,29608,52658,+23050,--9148,KRX
20170726,+19650,2,+50,+0.26,136973,279,909,+630,+1867,14250,46448,+32198,+95447,KRX
20170725,-19600,5,-150,-0.76,182727,2312,1075,--1237,--1073,118159,54910,--63249,--54937,KRX
20170724,-19750,5,-50,-0.25,80372,504,340,--164,+163,25531,17219,--8312,+8198,KRX
20170721,+19800,2,+150,+0.76,88716,472,145,--327,+197,23860,7350,--16510,+10106,KRX
20170720,-19650,5,-100,-0.51,120346,842,318,--524,--919,42839,16223,--26616,--46726,KRX
20170719,+19750,2,+450,+2.33,140512,577,972,+395,+452,29263,49373,+20110,+22965,KRX
20170718,-19300,5,-350,-1.78,171718,563,506,--57,+381,28966,26111,--2855,+19350,KRX
20170717,-19650,5,-100,-0.51,135653,1303,865,--438,--925,66054,43849,--22205,--46916,KRX
20170714,+19750,2,+100,+0.51,131569,604,1091,+487,+1552,30631,55342,+24711,+78605,KRX
20170713,-19650,5,-200,-1.01,212158,1837,772,--1065,--506,93009,39115,--53894,--25929,KRX
20170712,-19850,5,-200,-1.00,128073,844,285,--559,--456,42073,14108,--27965,--22849,KRX
20170711,-20050,5,-50,-0.25,112513,556,453,--103,+865,27637,22521,--5116,+42891,KRX
20170710,-20100,5,-250,-1.23,146543,1643,675,--968,--1480,81399,33392,--48007,--73155,KRX
20170707,+20350,2,+300,+1.50,120597,293,805,+512,+868,14414,39562,+25148,+42712,KRX
20170706,-20050,5,-550,-2.67,266784,1442,1086,--356,--624,71202,53638,--17564,--30530,KRX
20170705,-20600,5,-100,-0.48,172738,577,845,+268,+762,28003,40969,+12966,+36793,KRX
20170704,-20700,5,-50,-0.24,238292,1282,788,--494,--335,62143,38316,--23827,--16094,KRX
20170703,+20750,2,+100,+0.48,190852,1123,964,--159,+785,54708,46975,--7733,+38032,KRX
20170630,-20650,5,-300,-1.43,208856,1744,800,--944,--1404,84444,38679,--45765,--67806,KRX
20170629,+20950,2,+500,+2.44,204758,1399,1859,+460,+410,66906,88947,+22041,+19565,KRX
20170628,20450,3,0,0.00,193562,1444,1494,+50,--330,70850,73326,+2476,--16033,KRX
20170627,-20450,5,-150,-0.73,203965,1243,1623,+380,+562,60489,78998,+18509,+27255,KRX
20170626,-20600,5,-550,-2.60,173653,951,769,--182,--319,45933,37187,--8746,--15222,KRX
20170623,+21150,2,+600,+2.92,331048,2155,2292,+137,--118,102468,108944,+6476,--6160,KRX
20170622,-20550,5,-250,-1.20,437388,1755,2010,+255,+631,85557,98193,+12636,+30125,KRX
20170621,-20800,5,-800,-3.70,506763,2045,1669,--376,+627,96827,79338,--17489,+28151,KRX
20170620,-21600,5,-900,-4.00,578347,3711,2708,--1003,--476,169358,123718,--45640,--22211,KRX
20170619,-22500,5,-50,-0.22,200279,1895,1368,--527,--2249,84251,60822,--23429,--100222,KRX
20170616,+22550,2,+550,+2.50,784745,12225,13947,+1722,--1255,542346,619139,+76793,--53648,KRX
20170615,-22000,5,-100,-0.45,898432,3471,6448,+2977,+2431,153709,284150,+130441,+105805,KRX
20170614,-22100,5,-150,-0.67,167357,1236,1782,+546,--900,55807,80443,+24636,--40666,KRX
20170613,22250,3,0,0.00,201830,425,1871,+1446,+720,19183,84485,+65302,+32806,KRX
20170612,-22250,5,-150,-0.67,155402,605,1331,+726,+527,27202,59698,+32496,+23666,KRX
20170609,-22400,5,-100,-0.44,186696,1485,1684,+199,--1007,66283,75113,+8830,--44904,KRX
20170608,+22500,2,+450,+2.04,305756,2519,3725,+1206,+1464,113043,166777,+53734,+65182,KRX
20170607,-22050,5,-600,-2.65,238447,1576,1318,--258,--1899,70687,59239,--11448,--84480,KRX
20170605,+22650,2,+550,+2.49,294337,908,2549,+1641,+800,40653,113685,+73032,+35151,KRX
20170602,22100,3,0,0.00,180019,1033,1874,+841,+616,46634,84515,+37881,+27850,KRX
20170601,+22100,2,+200,+0.91,174478,1573,1798,+225,+410,72318,82349,+10031,+18404,KRX
20170531,-21900,5,-150,-0.68,212805,1754,1569,--185,--432,80297,71924,--8373,--19573,KRX
20170530,+22050,2,+150,+0.68,177711,1014,1261,+247,--39,45930,57130,+11200,--1772,KRX
20170529,-21900,5,-200,-0.90,169055,782,1068,+286,+1531,35608,48580,+12972,+68922,KRX
20170526,+22100,2,+250,+1.14,369525,2383,1138,--1245,--1680,107219,51269,--55950,--75900,KRX
20170525,+21850,2,+450,+2.10,216560,1063,1498,+435,+551,48855,68805,+19950,+25388,KRX
20170524,+21400,2,+300,+1.42,99825,589,473,--116,--328,27564,22126,--5438,--15361,KRX
20170523,+21100,2,+50,+0.24,124267,995,1207,+212,+1425,46913,56836,+9923,+67043,KRX
20170522,-21050,5,-600,-2.77,188728,1832,619,--1213,--951,86327,29207,--57120,--45029,KRX
20170519,+21650,2,+150,+0.70,136473,782,520,--262,--185,36008,23917,--12091,--8452,KRX
20170518,-21500,5,-300,-1.38,90591,750,673,--77,+48,34883,31244,--3639,+2199,KRX
20170517,+21800,2,+100,+0.46,147212,794,669,--125,--35,36937,31099,--5838,--1632,KRX
20170516,-21700,5,-100,-0.46,91912,625,535,--90,--775,28967,24761,--4206,--35516,KRX
20170515,+21800,2,+50,+0.23,130858,366,1051,+685,+668,16727,48037,+31310,+30477,KRX
20170512,-21750,5,-400,-1.81,109678,713,730,+17,--411,32505,33338,+833,--18519,KRX
20170511,22150,3,0,0.00,215988,1202,1630,+428,--966,54461,73813,+19352,--43436,KRX
20170510,+22150,2,+450,+2.07,391185,1628,3022,+1394,+932,73673,136461,+62788,+41671,KRX
20170508,+21700,2,+100,+0.46,151298,594,1056,+462,--55,27613,48730,+21117,--2777,KRX
20170504,+21600,2,+300,+1.41,128291,715,1232,+517,--324,33174,57068,+23894,--15482,KRX
20170502,+21300,2,+350,+1.67,169179,803,1644,+841,+329,37708,77084,+39376,+15316,KRX
20170428,-20950,5,-50,-0.24,171673,1122,1634,+512,+526,53456,77516,+24060,+24833,KRX
20170427,-21000,5,-450,-2.10,169998,666,652,--14,+39,31563,30790,--773,+1727,KRX
20170426,+21450,2,+1000,+4.89,341537,1380,1327,--53,--100,65462,62962,--2500,--4782,KRX
20170425,+20450,2,+100,+0.49,95675,331,378,+47,--147,16222,18504,+2282,--7322,KRX
20170424,-20350,5,-100,-0.49,104373,189,383,+194,+115,9319,18923,+9604,+5726,KRX
20170421,20450,3,0,0.00,96484,435,514,+79,--661,21435,25313,+3878,--32538,KRX
20170420,+20450,2,+250,+1.24,134602,587,1327,+740,+631,28932,65348,+36416,+31003,KRX
20170419,-20200,5,-550,-2.65,223868,682,791,+109,--94,33527,38940,+5413,--4390,KRX
20170418,20750,3,0,0.00,83940,405,608,+203,--137,19536,29339,+9803,--6714,KRX
20170417,+20750,2,+250,+1.22,143087,550,890,+340,+591,26674,43191,+16517,+28537,KRX
20170414,-20500,5,-450,-2.15,176532,876,625,--251,--144,42221,30201,--12020,--7065,KRX
20170413,-20950,5,-750,-3.46,340944,1316,1209,--107,+283,62591,57636,--4955,+12903,KRX
20170412,+21700,2,+300,+1.40,268083,1369,979,--390,+660,62753,44895,--17858,+31273,KRX
20170411,+21400,2,+100,+0.47,198894,1624,574,--1050,--494,76124,26993,--49131,--23260,KRX
20170410,-21300,5,-650,-2.96,206501,1157,601,--556,--2371,53642,27771,--25871,--109329,KRX
20170407,+21950,2,+900,+4.28,502697,881,2696,+1815,+1271,40652,124110,+83458,+57387,KRX
20170406,+21050,2,+450,+2.18,139639,384,928,+544,+125,18496,44567,+26071,+5774,KRX
20170405,20600,3,0,0.00,100662,205,624,+419,+1002,9947,30244,+20297,+48563,KRX
20170404,-20600,5,-350,-1.67,82691,701,118,--583,--348,34019,5753,--28266,--17028,KRX
20170403,20950,3,0,0.00,98004,671,436,--235,--810,32093,20855,--11238,--38960,KRX
20170331,+20950,2,+500,+2.44,104974,175,750,+575,+764,8425,36147,+27722,+36930,KRX
20170330,-20450,5,-250,-1.21,82568,494,305,--189,--20,24080,14872,--9208,--1133,KRX
20170329,-20700,5,-200,-0.96,79567,591,422,--169,--420,28441,20366,--8075,--20012,KRX
20170328,+20900,2,+200,+0.97,90990,351,602,+251,+492,16724,28661,+11937,+23600,KRX
20170327,-20700,5,-100,-0.48,105799,872,631,--241,--705,42269,30606,--11663,--33902,KRX
20170324,-20800,5,-150,-0.72,136876,404,868,+464,+175,19405,41644,+22239,+8427,KRX
20170323,20950,3,0,0.00,141248,312,601,+289,--31,14831,28643,+13812,--1428,KRX
20170322,-20950,5,-50,-0.24,150840,725,1045,+320,+154,34599,49839,+15240,+7273,KRX
20170321,+21000,2,+450,+2.19,191754,639,805,+166,+251,30534,38501,+7967,+12108,KRX
20170320,-20550,5,-250,-1.20,95593,368,283,--85,--490,17879,13738,--4141,--23546,KRX
20170317,+20800,2,+50,+0.24,125216,547,952,+405,+198,26303,45708,+19405,+9216,KRX
20170316,+20750,2,+450,+2.22,175662,635,842,+207,--579,30762,40951,+10189,--28679,KRX
20170315,+20300,2,+500,+2.53,173327,652,1438,+786,+1481,32194,71062,+38868,+73815,KRX
20170314,-19800,5,-350,-1.74,132332,1008,313,--695,--606,50638,15691,--34947,--30522,KRX
20170313,+20150,2,+300,+1.51,94099,480,391,--89,+230,23917,19492,--4425,+11815,KRX
20170310,-19850,5,-100,-0.50,100936,805,486,--319,--376,40706,24466,--16240,--19107,KRX
20170309,19950,3,0,0.00,125523,979,1036,+57,+46,49077,51944,+2867,+2115,KRX
20170308,-19950,5,-700,-3.39,242033,1181,1192,+11,--595,58631,59383,+752,--29048,KRX
20170307,+20650,2,+850,+4.29,172283,436,1042,+606,+561,21244,51044,+29800,+27609,KRX
20170306,-19800,5,-300,-1.49,174271,1272,1317,+45,--408,64273,66464,+2191,--20153,KRX
20170303,-20100,5,-200,-0.99,111781,489,942,+453,+473,24173,46517,+22344,+23171,KRX
20170302,-20300,5,-300,-1.46,155557,848,828,--20,--27,41178,40351,--827,--1047,KRX
20170228,-20600,5,-100,-0.48,141907,794,801,+7,+72,38713,38933,+220,+3344,KRX
20170227,+20700,2,+150,+0.73,87787,481,416,--65,+18,23174,20050,--3124,+798,KRX
20170224,-20550,5,-600,-2.84,124778,368,285,--83,+448,17752,13830,--3922,+21067,KRX
20170223,-21150,5,-300,-1.40,148611,1221,690,--531,--735,57371,32382,--24989,--34504,KRX
20170222,+21450,2,+650,+3.13,282230,744,948,+204,+226,34850,44365,+9515,+10579,KRX
20170221,20800,3,0,0.00,161530,709,687,--22,--68,33908,32844,--1064,--3252,KRX
20170220,-20800,5,-150,-0.72,178596,1101,1147,+46,--189,53079,55267,+2188,--9027,KRX
20170217,-20950,5,-100,-0.48,159428,913,1148,+235,--341,43211,54426,+11215,--15863,KRX
20170216,-21050,5,-750,-3.44,235467,1039,1615,+576,+166,48839,75917,+27078,+8267,KRX
20170215,-21800,5,-100,-0.46,113251,425,835,+410,+335,19526,38337,+18811,+15401,KRX
20170214,21900,3,0,0.00,236055,815,890,+75,--419,37415,40825,+3410,--19070,KRX
20170213,-21900,5,-100,-0.45,183979,329,823,+494,+1169,14892,37372,+22480,+53251,KRX
20170210,+22000,2,+350,+1.62,297780,1342,667,--675,--1196,61120,30349,--30771,--55480,KRX
20170209,+21650,2,+950,+4.59,387644,986,1507,+521,+547,45726,70435,+24709,+25883,KRX
20170208,-20700,5,-350,-1.66,210079,757,731,--26,--414,36573,35399,--1174,--19636,KRX
20170207,+21050,2,+250,+1.20,265605,589,977,+388,--682,27925,46387,+18462,--32901,KRX
20170206,+20800,2,+600,+2.97,498468,702,1772,+1070,+1092,33455,84818,+51363,+52613,KRX
20170203,-20200,5,-200,-0.98,370021,2459,2437,--22,--3474,122055,120805,--1250,--174047,KRX
20170202,+20400,2,+1250,+6.53,623017,1195,4647,+3452,+3260,59641,232438,+172797,+162837,KRX
20170201,+19150,2,+200,+1.06,135868,590,782,+192,--186,30727,40687,+9960,--10075,KRX
20170131,+18950,2,+150,+0.80,88669,299,677,+378,+591,15845,35880,+20035,+31259,KRX
20170126,-18800,5,-250,-1.31,174558,686,473,--213,+1099,36105,24881,--11224,+58982,KRX
20170125,+19050,2,+650,+3.53,309508,1741,429,--1312,--594,92882,22676,--70206,--31196,KRX
20170124,-18400,5,-400,-2.13,178818,1212,494,--718,--606,65793,26783,--39010,--33072,KRX
20170123,-18800,5,-100,-0.53,101076,540,428,--112,--164,28663,22725,--5938,--8719,KRX
20170120,+18900,2,+50,+0.27,75857,465,517,+52,+577,24574,27355,+2781,+30337,KRX
20170119,-18850,5,-600,-3.08,130876,944,419,--525,--158,49637,22081,--27556,--8822,KRX
20170118,-19450,5,-100,-0.51,80664,572,205,--367,--556,29242,10508,--18734,--28418,KRX
20170117,+19550,2,+200,+1.03,88682,228,417,+189,+333,11780,21464,+9684,+17079,KRX
20170116,-19350,5,-100,-0.51,87829,434,290,--144,+257,22449,15054,--7395,+13326,KRX
20170113,+19450,2,+50,+0.26,95383,850,449,--401,--247,43856,23135,--20721,--12624,KRX
20170112,-19400,5,-50,-0.26,110764,620,466,--154,--1152,32146,24049,--8097,--59504,KRX
20170111,+19450,2,+550,+2.91,285455,458,1456,+998,+762,23584,74991,+51407,+38919,KRX
20170110,+18900,2,+150,+0.80,92269,296,532,+236,+438,15750,28238,+12488,+23279,KRX
20170109,-18750,5,-50,-0.27,140015,1006,804,--202,--988,53457,42666,--10791,--52875,KRX
20170106,+18800,2,+550,+3.01,204661,461,1247,+786,+575,24671,66755,+42084,+30574,KRX
20170105,+18250,2,+300,+1.67,141575,439,650,+211,+1193,24090,35600,+11510,+65831,KRX
20170104,-17950,5,-250,-1.37,136765,1199,217,--982,--247,66308,11987,--54321,--14106,KRX
20170103,-18200,5,-300,-1.62,118227,965,230,--735,--704,52815,12600,--40215,--38540,KRX
20170102,+18500,2,+350,+1.93,59380,226,195,--31,--496,12193,10518,--1675,--27255,KRX
20161229,+18150,2,+100,+0.55,78996,114,579,+465,+280,6297,31877,+25580,+15411,KRX
20161228,-18050,5,-150,-0.82,79310,274,459,+185,+183,15135,25304,+10169,+10094,KRX
20161227,-18200,5,-350,-1.89,66997,398,400,+2,+173,21695,21770,+75,+9251,KRX
20161226,+18550,2,+150,+0.82,73079,548,377,--171,--225,29400,20224,--9176,--12091,KRX
20161223,+18400,2,+150,+0.82,69311,231,285,+54,--92,12545,15460,+2915,--5093,KRX
20161222,-18250,5,-50,-0.27,95723,156,302,+146,+96,8521,16529,+8008,+5320,KRX
20161221,-18300,5,-150,-0.81,114009,330,380,+50,+149,18101,20789,+2688,+7950,KRX
20161220,-18450,5,-150,-0.81,96181,428,329,--99,+302,22969,17707,--5262,+16066,KRX
20161219,-18600,5,-450,-2.36,77322,677,276,--401,--120,35981,14653,--21328,--6418,KRX
20161216,-19050,5,-50,-0.26,106434,893,612,--281,+10,47146,32236,--14910,+487,KRX
20161215,+19100,2,+350,+1.87,65013,535,244,--291,--163,28263,12866,--15397,--8630,KRX
20161214,-18750,5,-100,-0.53,71243,707,579,--128,+42,37377,30610,--6767,+2238,KRX
20161213,+18850,2,+150,+0.80,96196,804,634,--170,+16,42394,33389,--9005,+881,KRX
20161212,+18700,2,+500,+2.75,134025,871,685,--186,+181,46367,36481,--9886,+10148,KRX
20161209,-18200,5,-400,-2.15,80056,777,410,--367,--707,42412,22378,--20034,--38310,KRX
20161208,+18600,2,+600,+3.33,102523,579,919,+340,+560,31460,49736,+18276,+30456,KRX
20161207,-18000,5,-200,-1.10,101730,793,573,--220,--195,44077,31897,--12180,--10808,KRX
20161206,+18200,2,+200,+1.11,92356,649,624,--25,--642,35551,34179,--1372,--35849,KRX
20161205,-18000,5,-50,-0.28,152613,635,1252,+617,+1726,35339,69816,+34477,+94390,KRX
20161202,-18050,5,-1150,-5.99,250508,2064,955,--1109,--1313,111737,51824,--59913,--70532,KRX
20161201,+19200,2,+450,+2.40,132700,515,719,+204,+807,26699,37318,+10619,+42045,KRX
20161130,-18750,5,-500,-2.60,207520,1578,975,--603,+205,83019,51593,--31426,+9762,KRX
20161129,-19250,5,-200,-1.03,183623,1450,642,--808,--1099,74014,32826,--41188,--56013,KRX
20161128,+19450,2,+250,+1.30,156690,275,566,+291,+868,14069,28894,+14825,+44644,KRX
20161125,-19200,5,-150,-0.78,84720,952,375,--577,--406,49286,19467,--29819,--20987,KRX
20161124,19350,3,0,0.00,86568,502,331,--171,--89,25846,17014,--8832,--4868,KRX
20161123,-19350,5,-550,-2.76,111495,504,422,--82,--916,25460,21496,--3964,--46200,KRX
20161122,+19900,2,+500,+2.58,126363,514,1348,+834,+698,26063,68299,+42236,+35302,KRX
20161121,-19400,5,-450,-2.27,68342,248,384,+136,--224,12760,19694,+6934,--11517,KRX
20161118,-19850,5,-200,-1.00,203350,993,1353,+360,--42,50480,68931,+18451,--1481,KRX
20161117,-20050,5,-300,-1.47,111950,498,900,+402,--1027,24579,44511,+19932,--51180,KRX
20161116,+20350,2,+700,+3.56,310700,1196,2625,+1429,+2210,58947,130059,+71112,+110273,KRX
20161115,-19650,5,-800,-3.91,409946,2223,1442,--781,--680,110975,71814,--39161,--34532,KRX
20161114,+20450,2,+1000,+5.14,723810,2734,2633,--101,+1150,133379,128750,--4629,+61068,KRX
20161111,+19450,2,+850,+4.57,323657,2136,885,--1251,--1809,112103,46406,--65697,--96166,KRX
20161110,+18600,2,+1250,+7.20,281881,1078,1636,+558,+1231,58405,88874,+30469,+68321,KRX
20161109,-17350,5,-450,-2.53,290820,1937,1264,--673,--680,110413,72561,--37852,--38142,KRX
20161108,+17800,2,+100,+0.56,157420,1377,1384,+7,--371,76994,77284,+290,--21410,KRX
20161107,+17700,2,+1000,+5.99,147689,754,1132,+378,+855,43092,64792,+21700,+50146,KRX
20161104,-16700,5,-300,-1.76,105623,1139,662,--477,--483,67864,39418,--28446,--28820,KRX
20161103,+17000,2,+450,+2.72,162499,960,966,+6,--375,56665,57039,+374,--22498,KRX
20161102,-16550,5,-550,-3.22,363756,1554,1935,+381,+1914,93708,116580,+22872,+109744,KRX
20161101,-17100,5,-1600,-8.56,353273,1958,425,--1533,--849,111358,24486,--86872,--50790,KRX
20161031,+18700,2,+650,+3.60,408768,2011,1327,--684,--620,110496,74414,--36082,--32690,KRX
20161028,-18050,5,-650,-3.48,122185,441,377,--64,+49,24136,20744,--3392,+2600,KRX
20161027,-18700,5,-50,-0.27,93443,486,373,--113,+1090,25886,19894,--5992,+58628,KRX
20161026,-18750,5,-300,-1.57,146518,1307,104,--1203,--146,70211,5591,--64620,--8832,KRX
20161025,+19050,2,+50,+0.26,124550,1313,256,--1057,--1289,69250,13462,--55788,--68295,KRX
20161024,+19000,2,+800,+4.40,276664,1337,1569,+232,+225,70490,82997,+12507,+12072,KRX
20161021,-18200,5,-350,-1.89,107382,392,399,+7,+421,21355,21790,+435,+22776,KRX
20161020,+18550,2,+200,+1.09,143122,1117,703,--414,--1018,60442,38101,--22341,--55209,KRX
20161019,-18350,5,-700,-3.67,263802,858,1462,+604,+635,46174,79042,+32868,+34437,KRX
20161018,+19050,2,+150,+0.79,208051,1379,1348,--31,--1984,73083,71514,--1569,--104197,KRX
20161017,-18900,5,-950,-4.79,441768,608,2561,+1953,+1278,31945,134573,+102628,+68865,KRX
20161014,-19850,5,-900,-4.34,284362,1011,1686,+675,+656,50559,84322,+33763,+32846,KRX
20161013,-20750,5,-650,-3.04,148357,475,494,+19,--538,22689,23606,+917,--25130,KRX
20161012,+21400,2,+50,+0.23,132561,186,743,+557,+897,8711,34758,+26047,+41880,KRX
20161011,-21350,5,-100,-0.47,114882,718,378,--340,+360,33522,17689,--15833,+16817,KRX
20161010,+21450,2,+400,+1.90,266534,1521,821,--700,--147,70881,38231,--32650,--6172,KRX
20161007,+21050,2,+100,+0.48,155323,947,394,--553,--198,45358,18880,--26478,--9379,KRX
20161006,20950,3,0,0.00,184665,1211,856,--355,--992,58211,41112,--17099,--47505,KRX
20161005,-20950,5,-150,-0.71,168253,784,1421,+637,+400,37570,67976,+30406,+19273,KRX
20161004,+21100,2,+500,+2.43,244531,1634,1871,+237,+1431,77202,88335,+11133,+68177,KRX
20160930,-20600,5,-350,-1.67,242412,2528,1334,--1194,--1257,121129,64085,--57044,--60144,KRX
20160929,+20950,2,+600,+2.95,404857,2688,2751,+63,+836,128328,131428,+3100,+41017,KRX
20160928,-20350,5,-200,-0.97,170581,1476,703,--773,--1287,72330,34413,--37917,--63557,KRX
20160927,+20550,2,+600,+3.01,360767,1649,2163,+514,+1144,80850,106490,+25640,+56690,KRX
20160926,-19950,5,-350,-1.72,203167,1372,742,--630,--654,67780,36730,--31050,--32408,KRX
20160923,+20300,2,+250,+1.25,342804,1480,1504,+24,+1764,72801,74159,+1358,+87022,KRX
20160922,-20050,5,-50,-0.25,514940,2669,929,--1740,--1042,130991,45327,--85664,--51168,KRX
20160921,-20100,5,-150,-0.74,175273,1436,738,--698,--1083,71122,36626,--34496,--53820,KRX
20160920,-20250,5,-350,-1.70,386779,1567,1952,+385,--73,77852,97176,+19324,--2906,KRX
20160919,-20600,5,-650,-3.06,353395,1871,2329,+458,+1144,90782,113012,+22230,+54458,KRX
20160913,+21250,2,+100,+0.47,176030,1814,1128,--686,--1242,85393,53165,--32228,--58477,KRX
20160912,-21150,5,-800,-3.64,274110,1688,2244,+556,+547,79346,105595,+26249,+25615,KRX
20160909,-21950,5,-650,-2.88,261425,1742,1751,+9,--1291,79253,79887,+634,--57353,KRX
20160908,+22600,2,+300,+1.35,215227,1284,2584,+1300,+173,57248,115235,+57987,+7421,KRX
20160907,-22300,5,-1000,-4.29,627695,2019,3146,+1127,+551,90569,141135,+50566,+25929,KRX
20160906,-23300,5,-300,-1.27,127535,367,943,+576,--211,15662,40299,+24637,--8750,KRX
20160905,+23600,2,+300,+1.29,173244,903,1690,+787,+501,38336,71723,+33387,+21088,KRX
20160902,-23300,5,-450,-1.89,179924,1067,1353,+286,+1146,45684,57983,+12299,+48632,KRX
20160901,-23750,5,-200,-0.84,189219,1565,705,--860,--2108,66043,29710,--36333,--89176,KRX
20160831,+23950,2,+900,+3.90,422373,1483,2731,+1248,+1286,62420,115263,+52843,+54371,KRX
20160830,+23050,2,+50,+0.22,163194,566,528,--38,--747,24419,22891,--1528,--32566,KRX
20160829,-23000,5,-150,-0.65,214726,462,1171,+709,+907,20173,51211,+31038,+39592,KRX
20160826,-23150,5,-650,-2.73,302788,1173,975,--198,+114,50683,42129,--8554,+4527,KRX
20160825,-23800,5,-150,-0.63,219601,1181,869,--312,--1027,49471,36390,--13081,--43283,KRX
20160824,+23950,2,+500,+2.13,264282,590,1305,+715,+625,24786,54988,+30202,+26243,KRX
20160823,-23450,5,-550,-2.29,392161,961,1051,+90,--824,40843,44802,+3959,--34818,KRX
20160822,+24000,2,+150,+0.63,445202,2245,3159,+914,--122,94005,132782,+38777,--2403,KRX
20160819,23850,3,0,0.00,1047064,4177,5213,+1036,--1846,172204,213384,+41180,--81742,KRX
20160818,+23850,2,+1350,+6.00,1068880,2280,5162,+2882,+1930,96557,219479,+122922,+80341,KRX
20160817,-22500,5,-550,-2.39,402113,1681,2633,+952,--220,74447,117028,+42581,--8058,KRX
20160816,+23050,2,+200,+0.88,277429,931,2103,+1172,+481,40333,90972,+50639,+20133,KRX
20160812,+22850,2,+100,+0.44,276969,944,1635,+691,--2565,41485,71991,+30506,--113460,KRX
20160811,+22750,2,+650,+2.94,381962,730,3986,+3256,+2246,32308,176274,+143966,+98505,KRX
20160810,+22100,2,+50,+0.23,305676,768,1778,+1010,--113,34473,79934,+45461,--5607,KRX
20160809,+22050,2,+850,+4.01,483546,1239,2362,+1123,+1330,57048,108116,+51068,+60724,KRX
20160808,-21200,5,-300,-1.40,176405,958,751,--207,--2318,44783,35127,--9656,--108165,KRX
20160805,+21500,2,+800,+3.86,359306,488,2599,+2111,+1410,22845,121354,+98509,+64595,KRX
20160804,+20700,2,+200,+0.98,167570,708,1409,+701,--585,34282,68196,+33914,--29391,KRX
20160803,+20500,2,+100,+0.49,215331,805,2091,+1286,+1351,39480,102785,+63305,+66396,KRX
20160802,+20400,2,+150,+0.74,287901,2478,2413,--65,+202,121811,118720,--3091,+10310,KRX
20160801,-20250,5,-1050,-4.93,446864,2386,2119,--267,--1361,115995,102594,--13401,--64795,KRX
20160729,-21300,5,-200,-0.93,325728,1120,2214,+1094,--168,52488,103882,+51394,--7830,KRX
20160728,+21500,2,+100,+0.47,307853,955,2217,+1262,--3563,44851,104075,+59224,--168729,KRX
20160727,+21400,2,+1200,+5.94,736833,306,5131,+4825,+3495,14411,242364,+227953,+162409,KRX
20160726,+20200,2,+100,+0.50,183371,200,1530,+1330,+967,9848,75392,+65544,+47560,KRX
20160725,-20100,5,-250,-1.23,178776,463,826,+363,--513,23049,41033,+17984,--24701,KRX
20160722,-20350,5,-50,-0.25,255942,516,1392,+876,--1724,25125,67810,+42685,--85721,KRX
20160721,+20400,2,+700,+3.55,433022,255,2855,+2600,+2428,12610,141016,+128406,+119769,KRX
20160720,-19700,5,-100,-0.51,223410,573,745,+172,--2250,29102,37739,+8637,--115270,KRX
20160719,+19800,2,+900,+4.76,567661,764,3186,+2422,+1429,39206,163113,+123907,+71192,KRX
20160718,+18900,2,+400,+2.16,206243,507,1500,+993,+261,26978,79693,+52715,+13465,KRX
20160715,18500,3,0,0.00,143901,645,1377,+732,+372,34709,73959,+39250,+19886,KRX
20160714,+18500,2,+50,+0.27,115878,331,691,+360,--202,17844,37208,+19364,--10912,KRX
20160713,+18450,2,+50,+0.27,123263,431,993,+562,+114,23343,53619,+30276,+6110,KRX
20160712,-18400,5,-50,-0.27,110794,361,809,+448,--49,19522,43688,+24166,--2789,KRX
20160711,+18450,2,+100,+0.54,166258,277,774,+497,+1931,15041,41996,+26955,+107566,KRX
20160708,+18350,2,+200,+1.10,582569,3326,1892,--1434,--1361,184985,104374,--80611,--76544,KRX
20160707,-18150,5,-200,-1.09,180834,812,739,--73,+543,44592,40525,--4067,+29458,KRX
20160706,-18350,5,-250,-1.34,232959,1083,467,--616,--536,58880,25355,--33525,--29324,KRX
20160705,+18600,2,+300,+1.64,272455,574,494,--80,--644,30762,26561,--4201,--35014,KRX
20160704,+18300,2,+200,+1.10,123084,213,777,+564,+529,11640,42453,+30813,+28864,KRX
20160701,+18100,2,+250,+1.40,111661,393,428,+35,+130,21674,23623,+1949,+7084,KRX
20160630,-17850,5,-400,-2.19,180489,437,342,--95,--546,24030,18895,--5135,--29717,KRX
20160629,+18250,2,+200,+1.11,201429,254,705,+451,--286,13963,38545,+24582,--16179,KRX
20160628,+18050,2,+150,+0.84,206873,394,1131,+737,--328,22065,62826,+40761,--19721,KRX
20160627,+17900,2,+500,+2.87,260561,497,1562,+1065,--2558,27888,88370,+60482,--143640,KRX
20160624,-17400,5,-950,-5.18,867855,2122,5745,+3623,+3388,120124,324246,+204122,+191159,KRX
20160623,+18350,2,+200,+1.10,298253,766,1001,+235,--1263,41593,54556,+12963,--68572,KRX
20160622,-18150,5,-150,-0.82,333658,281,1779,+1498,+1635,15354,96889,+81535,+88567,KRX
20160621,-18300,5,-50,-0.27,675393,1036,899,--137,+2389,56056,49024,--7032,+127941,KRX
20160620,+18350,2,+1150,+6.69,1801907,3713,1187,--2526,--2329,198541,63568,--134973,--123299,KRX
20160617,+17200,2,+100,+0.58,106809,600,403,--197,--582,35006,23332,--11674,--34176,KRX
20160616,-17100,5,-100,-0.58,79948,214,599,+385,+175,12499,35001,+22502,+10365,KRX
20160615,-17200,5,-650,-3.64,129513,283,493,+210,+29,16254,28391,+12137,+2063,KRX
20160614,-17850,5,-150,-0.83,115414,833,1014,+181,--337,46565,56639,+10074,--18646,KRX
20160613,18000,3,0,0.00,129865,563,1081,+518,+167,31287,60007,+28720,+9268,KRX
20160610,18000,3,0,0.00,127056,457,808,+351,--523,25282,44734,+19452,--29242,KRX
20160609,+18000,2,+350,+1.98,286136,1641,2515,+874,--183,91744,140438,+48694,--11643,KRX
20160608,+17650,2,+400,+2.32,160977,239,1296,+1057,+1031,13660,73997,+60337,+58827,KRX
20160607,-17250,5,-100,-0.58,109036,744,770,+26,--934,43150,44660,+1510,--54122,KRX
20160603,+17350,2,+350,+2.06,95235,44,1004,+960,+56,2554,58186,+55632,+3134,KRX
20160602,-17000,5,-150,-0.87,91575,217,1121,+904,+368,12696,65194,+52498,+21328,KRX
20160601,-17150,5,-300,-1.72,125858,599,1135,+536,--271,35188,66358,+31170,--15358,KRX
20160531,+17450,2,+350,+2.05,148438,1198,2005,+807,+568,69049,115577,+46528,+32371,KRX
20160530,17100,3,0,0.00,97007,543,782,+239,+128,32016,46173,+14157,+7772,KRX
20160527,-17100,5,-150,-0.87,75850,474,585,+111,--115,27581,33966,+6385,--6744,KRX
20160526,+17250,2,+150,+0.88,91752,367,593,+226,+79,21357,34486,+13129,+4614,KRX
20160525,+17100,2,+200,+1.18,144491,370,517,+147,--377,21664,30179,+8515,--22405,KRX
20160524,-16900,5,-50,-0.29,98113,229,753,+524,+526,13498,44418,+30920,+31050,KRX
20160523,+16950,2,+150,+0.89,116238,449,447,--2,--643,26348,26218,--130,--38150,KRX
20160520,+16800,2,+550,+3.38,299715,738,1379,+641,+359,44056,82076,+38020,+20833,KRX
20160519,-16250,5,-250,-1.52,127426,358,640,+282,--22,21879,39066,+17187,--1172,KRX
20160518,16500,3,0,0.00,131796,594,898,+304,+578,36082,54441,+18359,+34871,KRX
20160517,-16500,5,-250,-1.49,98085,788,514,--274,+275,47601,31089,--16512,+16292,KRX
20160516,+16750,2,+50,+0.30,114271,988,439,--549,--607,59053,26249,--32804,--36275,KRX
20160513,+16700,2,+300,+1.83,90969,413,471,+58,+114,24782,28253,+3471,+6843,KRX
20160512,-16400,5,-50,-0.30,164315,1040,984,--56,+468,63004,59632,--3372,+28400,KRX
20160511,-16450,5,-600,-3.52,286213,1389,865,--524,--770,84266,52494,--31772,--46361,KRX
20160510,-17050,5,-50,-0.29,183259,875,1121,+246,--401,51795,66384,+14589,--22721,KRX
20160509,-17100,5,-350,-2.01,181658,519,1166,+647,+815,29901,67211,+37310,+46487,KRX
20160504,-17450,5,-700,-3.86,235467,983,815,--168,--658,54916,45739,--9177,--36042,KRX
20160503,+18150,2,+400,+2.25,246700,657,1147,+490,+390,35938,62803,+26865,+21209,KRX
20160502,-17750,5,-200,-1.11,99783,363,463,+100,+327,20424,26080,+5656,+18242,KRX
20160429,-17950,5,-350,-1.91,140003,816,589,--227,--1023,45332,32746,--12586,--56443,KRX
20160428,+18300,2,+300,+1.67,294604,160,956,+796,--959,8777,52634,+43857,--53754,KRX
20160427,18000,3,0,0.00,281966,309,2064,+1755,+668,17175,114786,+97611,+36178,KRX
20160426,+18000,2,+750,+4.35,392268,569,1656,+1087,+1597,31894,93327,+61433,+90093,KRX
20160425,-17250,5,-150,-0.86,290661,1339,829,--510,--100,76339,47679,--28660,--5197,KRX
20160422,-17400,5,-300,-1.69,226322,1001,591,--410,--315,57395,33932,--23463,--18187,KRX
20160421,+17700,2,+50,+0.28,210014,890,795,--95,+1384,50532,45256,--5276,+77517,KRX
20160420,-17650,5,-600,-3.29,256637,1983,504,--1479,--2476,110998,28205,--82793,--136879,KRX
20160419,+18250,2,+150,+0.83,245048,938,1935,+997,+1357,51302,105388,+54086,+73827,KRX
20160418,-18100,5,-100,-0.55,252538,977,617,--360,--1212,53897,34156,--19741,--67137,KRX
20160415,+18200,2,+500,+2.82,310592,554,1406,+852,+29,30732,78128,+47396,+792,KRX
20160414,+17700,2,+300,+1.72,195597,637,1460,+823,--309,36328,82932,+46604,--18576,KRX
20160412,+17400,2,+400,+2.35,218415,515,1647,+1132,+1178,29718,94898,+65180,+67818,KRX
20160411,+17000,2,+350,+2.10,129935,516,470,--46,--50,30430,27792,--2638,--2543,KRX
20160408,+16650,2,+50,+0.30,120306,555,559,+4,--206,33716,33621,--95,--12644,KRX
20160407,-16600,5,-50,-0.30,90497,269,479,+210,+367,16166,28715,+12549,+21959,KRX
20160406,-16650,5,-250,-1.48,101054,517,360,--157,--63,30980,21570,--9410,--3557,KRX
20160405,+16900,2,+100,+0.60,163117,565,471,--94,--25,34039,28186,--5853,--1776,KRX
20160404,-16800,5,-350,-2.04,118180,348,279,--69,+238,20511,16434,--4077,+13705,KRX
20160401,-17150,5,-200,-1.15,185334,877,570,--307,--776,50697,32915,--17782,--44689,KRX
20160331,+17350,2,+350,+2.06,260187,577,1046,+469,--931,33502,60409,+26907,--56327,KRX
20160330,+17000,2,+750,+4.62,239342,245,1645,+1400,+1410,14583,97817,+83234,+83879,KRX
20160329,+16250,2,+50,+0.31,153701,1130,1120,--10,+9,69498,68853,--645,+539,KRX
20160328,16200,3,0,0.00,118738,604,585,--19,+231,37277,36093,--1184,+14084,KRX
20160325,-16200,5,-150,-0.92,128417,891,641,--250,--317,54671,39403,--15268,--19361,KRX
20160324,-16350,5,-150,-0.91,116827,554,621,+67,--874,33746,37839,+4093,--52623,KRX
20160323,+16500,2,+50,+0.30,166543,565,1506,+941,+359,34221,90937,+56716,+21011,KRX
20160322,+16450,2,+450,+2.81,164693,425,1007,+582,+206,25840,61545,+35705,+12253,KRX
20160321,-16000,5,-450,-2.74,325659,783,1159,+376,+206,49219,72671,+23452,+13105,KRX
20160318,-16450,5,-100,-0.60,198000,867,1037,+170,+357,52226,62573,+10347,+21736,KRX
20160317,-16550,5,-200,-1.19,260217,985,798,--187,--249,59131,47742,--11389,--15107,KRX
20160316,+16750,2,+350,+2.13,243434,656,718,+62,--733,39419,43137,+3718,--45312,KRX
20160315,+16400,2,+500,+3.14,196751,398,1193,+795,+1114,24365,73395,+49030,+68995,KRX
20160314,-15900,5,-50,-0.31,119092,563,244,--319,--414,35225,15260,--19965,--26056,KRX
20160311,-15950,5,-50,-0.31,241798,679,774,+95,--54,42255,48346,+6091,--3356,KRX
20160310,+16000,2,+250,+1.59,193646,693,842,+149,+400,43531,52978,+9447,+25362,KRX
20160309,-15750,5,-100,-0.63,154533,520,269,--251,--157,33085,17170,--15915,--9933,KRX
20160308,+15850,2,+150,+0.96,145494,476,382,--94,--17,30237,24255,--5982,--1152,KRX
20160307,-15700,5,-150,-0.95,170633,408,331,--77,--576,25991,21161,--4830,--37113,KRX
20160304,+15850,2,+50,+0.32,310843,524,1023,+499,+668,33243,65526,+32283,+42792,KRX
20160303,+15800,2,+700,+4.64,321575,553,384,--169,--1098,35360,24851,--10509,--71583,KRX
20160302,+15100,2,+350,+2.37,432490,472,1401,+929,+1460,31200,92274,+61074,+97105,KRX
20160229,+14750,2,+450,+3.15,457350,1210,679,--531,+12,81953,45922,--36031,+2558,KRX
20160226,+14300,2,+750,+5.54,311280,999,456,--543,--324,71406,32817,--38589,--22442,KRX
20160225,13550,3,0,0.00,122247,441,222,--219,+34,32525,16378,--16147,+2553,KRX
20160224,+13550,2,+250,+1.88,135314,446,193,--253,+98,33138,14438,--18700,+7722,KRX
20160223,13300,3,0,0.00,86918,489,138,--351,--163,36828,10406,--26422,--12276,KRX
20160222,+13300,2,+250,+1.92,120908,486,298,--188,--203,36673,22527,--14146,--15221,KRX
20160219,-13050,5,-100,-0.76,136495,469,484,+15,+603,35869,36944,+1075,+45371,KRX
20160218,-13150,5,-250,-1.87,191209,1013,425,--588,--303,76155,31859,--44296,--22822,KRX
20160217,+13400,2,+100,+0.75,198869,769,484,--285,+233,57598,36124,--21474,+17517,KRX
20160216,13300,3,0,0.00,180362,972,454,--518,--790,73133,34142,--38991,--59713,KRX
20160215,+13300,2,+500,+3.91,212656,591,863,+272,+540,44807,65529,+20722,+41490,KRX
20160212,-12800,5,-150,-1.16,299393,1163,895,--268,--1000,90668,69900,--20768,--77838,KRX
20160211,-12950,5,-300,-2.26,241026,290,1022,+732,+1475,22547,79617,+57070,+112064,KRX
20160205,+13250,2,+150,+1.15,540404,1169,426,--743,--911,86837,31843,--54994,--67930,KRX
20160204,+13100,2,+1000,+8.26,1036571,1355,1523,+168,+984,101904,114840,+12936,+79957,KRX
20160203,+12100,2,+150,+1.26,336272,1195,379,--816,+726,97888,30867,--67021,+60940,KRX
20160202,-11950,5,-150,-1.24,236681,1726,184,--1542,--2012,143245,15284,--127961,--168743,KRX
20160201,-12100,5,-50,-0.41,440244,515,985,+470,+301,43586,84368,+40782,+26756,KRX
20160129,-12150,5,-50,-0.41,228851,554,723,+169,+297,45604,59630,+14026,+24313,KRX
20160128,-12200,5,-150,-1.21,229738,601,473,--128,--119,48899,38612,--10287,--9559,KRX
20160127,+12350,2,+100,+0.82,238951,624,615,--9,+91,50394,49666,--728,+7350,KRX
20160126,12250,3,0,0.00,277079,349,249,--100,--398,28348,20270,--8078,--32294,KRX
20160125,-12250,5,-350,-2.78,414935,364,662,+298,+741,29618,53834,+24216,+55897,KRX
20160122,+12600,2,+1600,+14.55,3159747,2164,1721,--443,--697,163831,132150,--31681,--54855,KRX
20160121,+11000,2,+100,+0.92,320661,373,627,+254,--139,33455,56629,+23174,--12873,KRX
20160120,-10900,5,-500,-4.39,344863,536,929,+393,+37,48414,84461,+36047,+4830,KRX
20160119,-11400,5,-750,-6.17,463700,475,831,+356,--517,41361,72578,+31217,--40816,KRX
20160118,-12150,5,-200,-1.62,258011,340,1213,+873,+941,28155,100188,+72033,+76946,KRX
20160115,-12350,5,-500,-3.89,262385,758,690,--68,+147,59976,55063,--4913,+11906,KRX
20160114,-12850,5,-250,-1.91,141573,472,257,--215,+11,36873,20054,--16819,+482,KRX
20160113,+13100,2,+150,+1.16,176437,563,337,--226,--26,43042,25741,--17301,--1997,KRX
20160112,-12950,5,-250,-1.89,147422,395,195,--200,--302,30258,14954,--15304,--23068,KRX
20160111,-13200,5,-250,-1.86,138217,195,297,+102,+120,14733,22497,+7764,+9083,KRX
20160108,-13450,5,-50,-0.37,168787,337,319,--18,+40,25083,23764,--1319,+2935,KRX
20160107,-13500,5,-300,-2.17,176904,313,255,--58,+254,23010,18756,--4254,+17964,KRX
20160106,-13800,5,-250,-1.78,212023,803,491,--312,--375,57755,35537,--22218,--26772,KRX
20160105,14050,3,0,0.00,149160,640,703,+63,+775,45387,49941,+4554,+54345,KRX
20160104,-14050,5,-600,-4.10,215350,1049,337,--712,--146,73471,23680,--49791,--11432,KRX
20151230,-14650,5,-300,-2.01,167951,737,171,--566,--432,49958,11599,--38359,--29449,KRX
20151229,-14950,5,-50,-0.33,95509,325,191,--134,+224,21707,12797,--8910,+14866,KRX
20151228,-15000,5,-650,-4.15,175074,727,369,--358,--751,47959,24183,--23776,--49019,KRX
20151224,+15650,2,+100,+0.64,85600,197,590,+393,--11,12604,37847,+25243,--678,KRX
20151223,+15550,2,+50,+0.32,95521,261,665,+404,+504,16782,42703,+25921,+32444,KRX
20151222,15500,3,0,0.00,74214,332,232,--100,--381,21496,14973,--6523,--24625,KRX
20151221,-15500,5,-200,-1.27,74577,174,455,+281,+86,11241,29343,+18102,+5622,KRX
20151218,+15700,2,+500,+3.29,167687,419,614,+195,--150,26788,39268,+12480,--10389,KRX
20151217,+15200,2,+250,+1.67,112104,121,466,+345,--363,7960,30829,+22869,--23943,KRX
20151216,-14950,5,-50,-0.33,182625,205,913,+708,+278,13515,60327,+46812,+18050,KRX
20151215,+15000,2,+150,+1.01,100083,140,570,+430,+36,9392,38154,+28762,+2688,KRX
20151214,-14850,5,-1000,-6.31,267037,126,520,+394,--121,8390,34464,+26074,--6340,KRX
20151211,+15850,2,+50,+0.32,95350,118,633,+515,+467,7440,39854,+32414,+29232,KRX
20151210,-15800,5,-300,-1.86,135087,577,625,+48,--90,36168,39350,+3182,--5393,KRX
20151209,+16100,2,+100,+0.63,93784,249,387,+138,+8,15546,24121,+8575,+484,KRX
20151208,-16000,5,-450,-2.74,183371,471,601,+130,--296,29201,37292,+8091,--17643,KRX
20151207,-16450,5,-200,-1.20,125044,456,882,+426,--31,27473,53207,+25734,--1732,KRX
20151204,-16650,5,-50,-0.30,97000,256,713,+457,+149,15356,42822,+27466,+8995,KRX
20151203,-16700,5,-100,-0.60,142371,401,709,+308,--380,24199,42670,+18471,--22958,KRX
20151202,+16800,2,+300,+1.82,225910,360,1048,+688,+486,21594,63023,+41429,+29327,KRX
20151201,-16500,5,-150,-0.90,150833,711,913,+202,--1129,42905,55007,+12102,--67675,KRX
20151130,+16650,2,+200,+1.22,339385,1033,2364,+1331,+182,62065,141842,+79777,+9539,KRX
20151127,+16450,2,+250,+1.54,255451,256,1405,+1149,+672,15590,85828,+70238,+40935,KRX
20151126,-16200,5,-50,-0.31,151141,147,624,+477,+700,8982,38285,+29303,+43069,KRX
20151125,-16250,5,-150,-0.91,88245,307,84,--223,--310,18930,5164,--13766,--19097,KRX
20151124,+16400,2,+300,+1.86,232069,224,311,+87,--2,13653,18984,+5331,--255,KRX
20151123,+16100,2,+250,+1.58,175080,161,250,+89,--238,10001,15587,+5586,--14977,KRX
20151120,-15850,5,-50,-0.31,118977,153,480,+327,+301,9639,30202,+20563,+18937,KRX
20151119,15900,3,0,0.00,85338,77,103,+26,--90,4831,6457,+1626,--5624,KRX
20151118,-15900,5,-100,-0.63,109358,278,394,+116,+333,17419,24669,+7250,+20848,KRX
20151117,+16000,2,+50,+0.31,100229,487,270,--217,--282,30439,16841,--13598,--17696,KRX
20151116,-15950,5,-350,-2.15,111631,233,298,+65,--3,14551,18649,+4098,+1,KRX
20151113,-16300,5,-250,-1.51,77419,228,296,+68,--120,13999,18096,+4097,--7432,KRX
20151112,+16550,2,+300,+1.85,69435,98,286,+188,--22,5986,17515,+11529,--1310,KRX
20151111,+16250,2,+50,+0.31,86437,238,448,+210,--203,14619,27458,+12839,--12786,KRX
20151110,-16200,5,-100,-0.61,140595,339,752,+413,+347,21087,46712,+25625,+21536,KRX
20151109,-16300,5,-150,-0.91,94134,373,439,+66,+151,22920,27009,+4089,+9188,KRX
20151106,-16450,5,-450,-2.66,143989,453,368,--85,--238,27379,22280,--5099,--14214,KRX
20151105,+16900,2,+150,+0.90,111008,211,364,+153,+453,12619,21734,+9115,+27136,KRX
20151104,-16750,5,-100,-0.59,115149,724,424,--300,--1482,43402,25381,--18021,--88849,KRX
20151103,+16850,2,+700,+4.33,182740,214,1396,+1182,+1548,12797,83625,+70828,+93460,KRX
20151102,-16150,5,-150,-0.92,119778,805,439,--366,--441,49820,27188,--22632,--27225,KRX
20151030,-16300,5,-100,-0.61,116441,365,440,+75,+148,22415,27008,+4593,+9037,KRX
20151029,+16400,2,+50,+0.31,86444,294,221,--73,0,17909,13465,--4444,--36,KRX
20151028,-16350,5,-400,-2.39,161174,355,282,--73,--11,21562,17154,--4408,--581,KRX
20151027,+16750,2,+50,+0.30,148630,499,437,--62,--296,29700,25873,--3827,--17897,KRX
20151026,+16700,2,+150,+0.91,260198,537,771,+234,+222,31745,45815,+14070,+13390,KRX
20151023,+16550,2,+150,+0.91,128467,588,600,+12,+181,35532,36212,+680,+10928,KRX
20151022,-16400,5,-300,-1.80,127145,362,193,--169,--51,21953,11705,--10248,--3160,KRX
20151021,-16700,5,-50,-0.30,129508,420,302,--118,--84,25018,17930,--7088,--4965,KRX
20151020,+16750,2,+100,+0.60,92040,276,242,--34,+39,16627,14504,--2123,+2332,KRX
20151019,+16650,2,+50,+0.30,89390,413,340,--73,+329,24906,20451,--4455,+19603,KRX
20151016,-16600,5,-250,-1.48,107151,558,156,--402,--898,33402,9344,--24058,--53522,KRX
20151015,+16850,2,+100,+0.60,106381,220,716,+496,+598,13110,42574,+29464,+35528,KRX
20151014,-16750,5,-650,-3.74,176692,590,488,--102,--636,34660,28596,--6064,--37438,KRX
20151013,+17400,2,+600,+3.57,304413,409,943,+534,--194,23882,55256,+31374,--12132,KRX
20151012,+16800,2,+400,+2.44,224438,284,1012,+728,+345,16883,60389,+43506,+20027,KRX
20151008,+16400,2,+200,+1.23,132580,415,798,+383,+522,25437,48916,+23479,+32067,KRX
20151007,-16200,5,-100,-0.61,116376,391,252,--139,--40,24033,15445,--8588,--2364,KRX
20151006,-16300,5,-250,-1.51,228821,562,463,--99,+331,34430,28206,--6224,+19469,KRX
20151005,-16550,5,-300,-1.78,185784,773,343,--430,+72,46232,20539,--25693,+3876,KRX
20151002,-16850,5,-250,-1.46,154389,1008,506,--502,--898,59318,29749,--29569,--52615,KRX
20151001,-17100,5,-100,-0.58,189738,181,577,+396,+522,10588,33634,+23046,+30404,KRX
20150930,-17200,5,-300,-1.71,84780,457,331,--126,--19,26493,19135,--7358,--1151,KRX
20150925,+17500,2,+750,+4.48,170457,925,818,--107,--120,54013,47806,--6207,--6939,KRX
20150924,+16750,2,+50,+0.30,68267,113,126,+13,+338,6795,7527,+732,+20097,KRX
20150923,-16700,5,-500,-2.91,129070,496,171,--325,--594,29489,10124,--19365,--34947,KRX
20150922,+17200,2,+100,+0.58,94903,230,499,+269,+499,13341,28923,+15582,+29019,KRX
20150921,-17100,5,-400,-2.29,88553,407,177,--230,--911,23726,10289,--13437,--52572,KRX
20150918,+17500,2,+300,+1.74,125566,352,1033,+681,+626,20236,59371,+39135,+36031,KRX
20150917,-17200,5,-450,-2.55,173875,732,787,+55,--337,42079,45183,+3104,--19266,KRX
20150916,+17650,2,+350,+2.02,146441,303,695,+392,+309,17127,39497,+22370,+17608,KRX
20150915,-17300,5,-150,-0.86,114561,195,278,+83,--221,11151,15913,+4762,--12580,KRX
20150914,-17450,5,-100,-0.57,120682,204,508,+304,+263,11659,29001,+17342,+15053,KRX
20150911,-17550,5,-50,-0.28,118345,374,415,+41,--1607,21380,23669,+2289,--92803,KRX
20150910,+17600,2,+700,+4.14,270376,367,2015,+1648,+711,21062,116154,+95092,+39205,KRX
20150909,+16900,2,+400,+2.42,167846,336,1273,+937,+838,20071,75958,+55887,+49901,KRX
20150908,-16500,5,-150,-0.90,95345,298,397,+99,--678,17971,23957,+5986,--40570,KRX
20150907,+16650,2,+450,+2.78,152135,200,977,+777,+142,12069,58625,+46556,+7598,KRX
20150904,16200,3,0,0.00,226216,630,1265,+635,+1706,39073,78031,+38958,+104594,KRX
20150903,-16200,5,-250,-1.52,139346,1283,212,--1071,--1505,78649,13013,--65636,--92197,KRX
20150902,-16450,5,-100,-0.60,156659,278,712,+434,+914,17003,43564,+26561,+55133,KRX
20150901,-16550,5,-600,-3.50,128762,726,246,--480,--272,43293,14721,--28572,--16205,KRX
20150831,+17150,2,+150,+0.88,160047,1267,1059,--208,--291,74172,61805,--12367,--17230,KRX
20150828,+17000,2,+250,+1.49,148345,733,816,+83,+151,42954,47817,+4863,+8890,KRX
20150827,-16750,5,-200,-1.18,192231,1163,1095,--68,--373,68659,64632,--4027,--22016,KRX
20150826,+16950,2,+550,+3.35,202111,441,746,+305,+590,26680,44669,+17989,+35260,KRX
20150825,+16400,2,+100,+0.61,180999,711,426,--285,+73,43313,26042,--17271,+5309,KRX
20150824,+16300,2,+350,+2.19,174236,947,589,--358,--1228,59109,36529,--22580,--77435,KRX
20150821,-15950,5,-400,-2.45,226914,201,1071,+870,+814,12660,67515,+54855,+51410,KRX
20150820,-16350,5,-400,-2.39,96736,262,318,+56,--837,15709,19154,+3445,--49679,KRX
20150819,-16750,5,-250,-1.47,177513,252,1145,+893,+519,14892,68016,+53124,+30940,KRX
20150818,+17000,2,+50,+0.29,110919,278,652,+374,+423,16435,38619,+22184,+25070,KRX
20150817,-16950,5,-150,-0.88,103124,419,370,--49,--293,24849,21963,--2886,--17749,KRX
20150813,+17100,2,+850,+5.23,182318,691,935,+244,--170,40839,55702,+14863,--10586,KRX
20150812,16250,3,0,0.00,138558,488,902,+414,+63,30042,55491,+25449,+4005,KRX
20150811,+16250,2,+100,+0.62,129281,270,621,+351,--39,16530,37974,+21444,--2715,KRX
20150810,-16150,5,-600,-3.58,227067,440,830,+390,+330,26822,50981,+24159,+20615,KRX
20150807,-16750,5,-200,-1.18,140745,403,463,+60,+154,23920,27464,+3544,+9063,KRX
20150806,-16950,5,-150,-0.88,135744,443,349,--94,+46,26150,20631,--5519,+2695,KRX
20150805,+17100,2,+50,+0.29,144784,341,201,--140,+236,20151,11937,--8214,+13819,KRX
20150804,+17050,2,+100,+0.59,103787,672,296,--376,--151,39372,17339,--22033,--8804,KRX
20150803,-16950,5,-600,-3.42,154522,693,468,--225,+291,40722,27493,--13229,+16147,KRX
20150731,-17550,5,-300,-1.68,157993,1078,562,--516,--313,61283,31907,--29376,--17973,KRX
20150730,+17850,2,+800,+4.69,327449,877,674,--203,+482,49485,38082,--11403,+28560,KRX
20150729,-17050,5,-100,-0.58,133180,853,168,--685,--469,49784,9821,--39963,--27375,KRX
20150728,+17150,2,+400,+2.39,169558,525,309,--216,+156,30833,18245,--12588,+9656,KRX
20150727,-16750,5,-300,-1.76,244836,728,356,--372,--345,43555,21311,--22244,--20694,KRX
20150724,-17050,5,-550,-3.13,223566,602,575,--27,+359,34987,33437,--1550,+20389,KRX
20150723,+17600,2,+50,+0.28,163346,646,260,--386,+285,36766,14827,--21939,+15740,KRX
20150722,-17550,5,-750,-4.10,357351,1024,353,--671,--885,57712,20033,--37679,--49458,KRX
20150721,+18300,2,+250,+1.39,237827,483,697,+214,+366,26514,38293,+11779,+20059,KRX
20150720,-18050,5,-500,-2.70,244597,440,288,--152,+607,24101,15821,--8280,+32753,KRX
20150717,-18550,5,-250,-1.33,531688,2414,1655,--759,+165,131339,90306,--41033,+6773,KRX
20150716,-18800,5,-850,-4.33,554816,1826,902,--924,--331,94831,47025,--47806,--18115,KRX
20150715,-19650,5,-50,-0.25,269552,961,368,--593,+60,48202,18511,--29691,+3177,KRX
20150714,-19700,5,-350,-1.75,224694,1423,770,--653,+134,71402,38534,--32868,+6534,KRX
20150713,-20050,5,-250,-1.23,206034,1234,447,--787,--1714,61692,22290,--39402,--85291,KRX
20150710,+20300,2,+350,+1.75,184925,567,1494,+927,+943,28034,73923,+45889,+46725,KRX
20150709,-19950,5,-100,-0.50,271078,1636,1620,--16,--463,81658,80822,--836,--23125,KRX
20150708,+20050,2,+50,+0.25,194777,1051,1498,+447,--665,52402,74691,+22289,--33794,KRX
20150707,+20000,2,+350,+1.78,296785,1128,2240,+1112,+931,57306,113389,+56083,+46817,KRX
20150706,-19650,5,-500,-2.48,268657,841,1022,+181,+190,42516,51782,+9266,+9711,KRX
20150703,-20150,5,-250,-1.23,193708,1571,1562,--9,+378,77915,77470,--445,+18631,KRX
20150702,-20400,5,-150,-0.73,186833,1424,1037,--387,--654,70009,50933,--19076,--32138,KRX
20150701,+20550,2,+300,+1.48,224441,967,1234,+267,--653,47829,60891,+13062,--33268,KRX
20150630,+20250,2,+500,+2.53,270613,1293,2213,+920,+372,64487,110817,+46330,+18876,KRX
20150629,-19750,5,-700,-3.42,310179,527,1075,+548,+1089,26449,53903,+27454,+53553,KRX
20150626,-20450,5,-550,-2.62,226395,1069,528,--541,--1266,51569,25470,--26099,--60614,KRX
20150625,-21000,5,-100,-0.47,172396,457,1182,+725,+448,21786,56301,+34515,+21276,KRX
20150624,-21100,5,-100,-0.47,160703,207,484,+277,--358,9831,23070,+13239,--16624,KRX
20150623,+21200,2,+450,+2.17,247972,844,1479,+635,+416,39839,69702,+29863,+19455,KRX
20150622,-20750,5,-500,-2.35,305369,891,1110,+219,--947,42472,52880,+10408,--44826,KRX
20150619,21250,3,0,0.00,317308,985,2151,+1166,+224,46379,101613,+55234,+11052,KRX
20150618,-21250,5,-400,-1.85,351506,530,1472,+942,--174,24812,68994,+44182,--7207,KRX
20150617,+21650,2,+150,+0.70,265929,631,1747,+1116,--665,29054,80443,+51389,--30760,KRX
20150616,-21500,5,-1350,-5.91,726731,931,2712,+1781,+569,42786,124935,+82149,+28898,KRX
20150615,+22850,2,+100,+0.44,361541,308,1520,+1212,--2688,13494,66745,+53251,--119191,KRX
20150612,+22750,2,+250,+1.11,610209,1002,4902,+3900,--7824,44386,216828,+172442,--350385,KRX
20150611,+22500,2,+500,+2.27,1541417,10331,22055,+11724,+10273,460028,982855,+522827,+456901,KRX
20150610,22000,3,0,0.00,569194,825,2276,+1451,--1435,37470,103396,+65926,--66021,KRX
20150609,+22000,2,+400,+1.85,820199,1278,4164,+2886,+2389,58373,190320,+131947,+109007,KRX
20150608,+21600,2,+450,+2.13,472986,810,1307,+497,--339,37553,60493,+22940,--16583,KRX
20150605,21150,3,0,0.00,527140,342,1178,+836,+844,16153,55676,+39523,+40172,KRX
20150604,+21150,2,+450,+2.17,1038374,1026,1018,--8,--1034,48358,47709,--649,--50814,KRX
20150603,+20700,2,+550,+2.73,522750,275,1301,+1026,--678,13365,63530,+50165,--34867,KRX
20150602,20150,3,0,0.00,251022,270,1974,+1704,+1880,13474,98506,+85032,+93753,KRX
20150601,-20150,5,-300,-1.47,351292,851,675,--176,--2157,41934,33213,--8721,--106095,KRX
20150529,+20450,2,+450,+2.25,366157,1288,3269,+1981,--807,63091,160465,+97374,--40846,KRX
20150528,+20000,2,+100,+0.50,454573,811,3599,+2788,+2226,40317,178537,+138220,+109765,KRX
20150527,+19900,2,+300,+1.53,206332,127,689,+562,+66,6403,34858,+28455,+3248,KRX
20150526,-19600,5,-300,-1.51,138300,62,558,+496,+383,3167,28374,+25207,+19688,KRX
20150522,+19900,2,+100,+0.51,272815,953,1066,+113,--897,47842,53361,+5519,--45772,KRX
20150521,+19800,2,+350,+1.80,312629,112,1122,+1010,+973,5692,56983,+51291,+49424,KRX
20150520,19450,3,0,0.00,189091,341,378,+37,+53,17519,19386,+1867,+2767,KRX
20150519,19450,3,0,0.00,163599,539,523,--16,--554,27971,27071,--900,--28717,KRX
20150518,+19450,2,+150,+0.78,138596,480,1018,+538,+428,24932,52749,+27817,+22135,KRX
20150515,+19300,2,+150,+0.78,122312,506,616,+110,+130,26534,32216,+5682,+6778,KRX
20150514,-19150,5,-150,-0.78,102750,418,398,--20,+39,21778,20682,--1096,+2035,KRX
20150513,19300,3,0,0.00,131261,525,466,--59,--170,27411,24280,--3131,--9058,KRX
20150512,+19300,2,+350,+1.85,196254,497,608,+111,+250,25956,31883,+5927,+13295,KRX
20150511,+18950,2,+450,+2.43,169061,309,170,--139,--208,16319,8951,--7368,--11110,KRX
20150508,18500,3,0,0.00,71729,177,246,+69,+253,9569,13311,+3742,+13764,KRX
20150507,+18500,2,+100,+0.54,112903,371,187,--184,--678,20234,10212,--10022,--36896,KRX
20150506,+18400,2,+100,+0.55,187500,464,958,+494,+710,25166,52040,+26874,+38253,KRX
20150504,-18300,5,-750,-3.94,305355,637,421,--216,--279,34292,22913,--11379,--14867,KRX
20150430,-19050,5,-300,-1.55,412216,396,459,+63,+662,20739,24227,+3488,+34270,KRX
20150429,-19350,5,-50,-0.26,264905,744,145,--599,--370,38317,7535,--30782,--19038,KRX
20150428,-19400,5,-400,-2.02,327442,437,208,--229,+443,22327,10583,--11744,+22194,KRX
20150427,-19800,5,-650,-3.18,667376,1190,518,--672,--2083,59968,26030,--33938,--100309,KRX
20150424,+20450,2,+450,+2.25,1661548,655,2066,+1411,+1376,31304,97675,+66371,+64668,KRX
20150423,+20000,2,+100,+0.50,164036,403,438,+35,+96,20346,22049,+1703,+4862,KRX
20150422,-19900,5,-100,-0.50,254249,478,417,--61,--414,24097,20938,--3159,--20862,KRX
20150421,+20000,2,+350,+1.78,197980,242,595,+353,--115,12150,29853,+17703,--6153,KRX
20150420,-19650,5,-150,-0.76,133948,29,497,+468,+935,1475,25331,+23856,+47151,KRX
20150417,-19800,5,-250,-1.25,263590,771,304,--467,+107,38507,15212,--23295,+5585,KRX
20150416,+20050,2,+150,+0.75,192823,656,82,--574,--378,32974,4094,--28880,--19096,KRX
20150415,-19900,5,-250,-1.24,248114,339,143,--196,+78,16960,7176,--9784,+4111,KRX
20150414,+20150,2,+700,+3.60,407442,447,173,--274,--196,22600,8705,--13895,--9874,KRX
20150413,+19450,2,+150,+0.78,257368,248,170,--78,+28,12836,8815,--4021,+1590,KRX
20150410,-19300,5,-100,-0.52,292928,218,112,--106,--169,11451,5840,--5611,--8824,KRX
20150409,19400,3,0,0.00,125324,134,197,+63,+258,6962,10175,+3213,+13273,KRX
20150408,-19400,5,-300,-1.52,220847,687,492,--195,+703,35443,25383,--10060,+35505,KRX
20150407,-19700,5,-200,-1.01,186977,921,23,--898,--454,46729,1164,--45565,--23351,KRX
20150406,19900,3,0,0.00,210214,564,120,--444,--461,28254,6040,--22214,--23145,KRX
20150403,+19900,2,+1000,+5.29,313446,510,527,+17,+207,25906,26837,+931,+10964,KRX
20150402,+18900,2,+150,+0.80,126030,331,141,--190,+1014,17541,7508,--10033,+54081,KRX
20150401,-18750,5,-350,-1.83,250639,1520,316,--1204,--1305,80922,16808,--64114,--69396,KRX
20150331,+19100,2,+50,+0.26,202169,511,612,+101,+226,26877,32159,+5282,+11842,KRX
20150330,-19050,5,-750,-3.79,260539,810,685,--125,--571,42192,35632,--6560,--29193,KRX
20150327,+19800,2,+450,+2.33,160041,353,799,+446,+198,17903,40536,+22633,+9867,KRX
20150326,-19350,5,-250,-1.28,176917,401,649,+248,+669,20628,33394,+12766,+34207,KRX
20150325,-19600,5,-750,-3.69,386200,740,319,--421,--470,37610,16169,--21441,--23875,KRX
20150324,-20350,5,-150,-0.73,133323,112,161,+49,--612,5534,7968,+2434,--30476,KRX
20150323,+20500,2,+200,+0.99,327663,458,1119,+661,--197,22880,55790,+32910,--9282,KRX
20150320,+20300,2,+300,+1.50,325774,211,1069,+858,+225,10394,52586,+42192,+10541,KRX
20150319,+20000,2,+150,+0.76,223858,399,1032,+633,+404,20015,51666,+31651,+20138,KRX
20150318,+19850,2,+100,+0.51,189545,173,402,+229,--95,8694,20207,+11513,--4870,KRX
20150317,19750,3,0,0.00,174158,333,657,+324,+53,16903,33286,+16383,+2664,KRX
20150316,19750,3,0,0.00,204038,170,441,+271,--499,8571,22290,+13719,--24980,KRX
20150313,+19750,2,+50,+0.25,392264,103,873,+770,+743,5185,43884,+38699,+37330,KRX
20150312,+19700,2,+600,+3.14,345103,161,188,+27,--72,8216,9585,+1369,--3837,KRX
20150311,+19100,2,+50,+0.26,161589,226,325,+99,--170,11829,17035,+5206,--8823,KRX
20150310,-19050,5,-400,-2.06,172696,36,305,+269,+358,1868,15897,+14029,+18626,KRX
20150309,+19450,2,+250,+1.30,167110,172,83,--89,--102,8862,4265,--4597,--5286,KRX
20150306,+19200,2,+100,+0.52,166680,44,57,+13,--49,2287,2976,+689,--2528,KRX
20150305,+19100,2,+50,+0.26,393035,289,351,+62,+556,14996,18213,+3217,+29338,KRX
20150304,+19050,2,+650,+3.53,404774,708,214,--494,--494,37451,11330,--26121,--26095,KRX
20150303,+18400,2,+100,+0.55,203971,158,158,0,+23,8612,8586,--26,+1234,KRX
20150302,+18300,2,+300,+1.67,190794,100,77,--23,+205,5493,4233,--1260,+11330,KRX
20150227,-18000,5,-200,-1.10,211387,291,63,--228,--196,16042,3452,--12590,--10837,KRX
20150226,+18200,2,+150,+0.83,185161,86,54,--32,+402,4772,3019,--1753,+22385,KRX
20150225,+18050,2,+300,+1.69,200021,508,74,--434,--243,28259,4121,--24138,--13391,KRX
20150224,-17750,5,-100,-0.56,126061,224,33,--191,--86,12612,1865,--10747,--4863,KRX
20150223,+17850,2,+100,+0.56,181315,151,46,--105,--26,8452,2568,--5884,--1409,KRX
20150217,+17750,2,+250,+1.43,179204,184,105,--79,--120,10378,5903,--4475,--6853,KRX
20150216,+17500,2,+100,+0.57,140378,180,221,+41,+69,10307,12685,+2378,+4011,KRX
20150213,+17400,2,+150,+0.87,132245,65,37,--28,+402,3742,2109,--1633,+23204,KRX
20150212,-17250,5,-300,-1.71,106891,431,1,--430,--108,24874,37,--24837,--6305,KRX
20150211,+17550,2,+100,+0.57,136278,322,0,--322,--781,18546,14,--18532,--45014,KRX
20150210,+17450,2,+150,+0.87,144204,147,606,+459,+818,8418,34900,+26482,+46952,KRX
20150209,-17300,5,-550,-3.08,227533,405,46,--359,--882,23132,2662,--20470,--50119,KRX
20150206,+17850,2,+300,+1.71,246435,289,812,+523,+512,16352,46001,+29649,+29045,KRX
20150205,+17550,2,+50,+0.29,180204,303,314,+11,+330,17350,17954,+604,+18958,KRX
20150204,+17500,2,+200,+1.16,226228,534,215,--319,--502,30680,12326,--18354,--28997,KRX
20150203,+17300,2,+550,+3.28,303035,436,619,+183,--843,25550,36193,+10643,--51005,KRX
20150202,+16750,2,+50,+0.30,456436,245,1271,+1026,+941,14733,76381,+61648,+56383,KRX
20150130,-16700,5,-550,-3.19,437994,530,615,+85,+652,31246,36511,+5265,+37877,KRX
20150129,-17250,5,-400,-2.27,183481,741,174,--567,--461,42670,10058,--32612,--26818,KRX
20150128,+17650,2,+700,+4.13,379693,543,437,--106,--673,31375,25581,--5794,--39105,KRX
20150127,+16950,2,+50,+0.30,281356,484,1051,+567,+37,28447,61758,+33311,+2152,KRX
20150126,-16900,5,-550,-3.15,343649,191,721,+530,+594,11173,42332,+31159,+34718,KRX
20150123,-17450,5,-200,-1.13,368894,532,468,--64,+166,30237,26678,--3559,+9505,KRX
20150122,-17650,5,-50,-0.28,198383,661,431,--230,+246,37383,24319,--13064,+14143,KRX
20150121,-17700,5,-250,-1.39,280685,1046,570,--476,+483,59527,32320,--27207,+25527,KRX
20150120,-17950,5,-350,-1.91,232813,1078,119,--959,--958,59220,6486,--52734,--52430,KRX
20150119,+18300,2,+650,+3.68,279296,1075,1074,--1,--28,60045,59741,--304,--1853,KRX
20150116,-17650,5,-600,-3.29,383744,729,756,+27,+186,41152,42701,+1549,+10111,KRX
20150115,-18250,5,-450,-2.41,375685,854,695,--159,--176,46556,37994,--8562,--9457,KRX
20150114,-18700,5,-250,-1.32,296010,356,373,+17,+566,18984,19879,+895,+29666,KRX
20150113,-18950,5,-300,-1.56,214994,669,120,--549,--41,35074,6303,--28771,--2441,KRX
20150112,-19250,5,-150,-0.77,133472,693,185,--508,--409,35905,9575,--26330,--21175,KRX
20150109,+19400,2,+350,+1.84,180086,217,118,--99,+96,11274,6119,--5155,+5028,KRX
20150108,-19050,5,-50,-0.26,140220,323,128,--195,--400,16855,6672,--10183,--20982,KRX
20150107,+19100,2,+250,+1.33,146814,259,464,+205,+928,13659,24458,+10799,+49044,KRX
20150106,-18850,5,-600,-3.08,336205,923,200,--723,--65,48779,10534,--38245,--4273,KRX
20150105,-19450,5,-450,-2.26,262132,788,130,--658,--593,40629,6657,--33972,--30695,KRX
20150102,-19900,5,-50,-0.25,173534,120,55,--65,+664,6023,2746,--3277,+32970,KRX
20141230,-19950,5,-300,-1.48,166862,757,28,--729,--908,37634,1387,--36247,--45094,KRX
20141229,+20250,2,+300,+1.50,148144,87,266,+179,+158,4304,13151,+8847,+7787,KRX
20141226,-19950,5,-50,-0.25,141240,30,51,+21,--28,1488,2548,+1060,--1397,KRX
20141224,20000,3,0,0.00,100567,17,66,+49,+57,849,3306,+2457,+2851,KRX
20141223,-20000,5,-300,-1.48,228004,180,172,--8,--106,8950,8556,--394,--5230,KRX
20141222,-20300,5,-250,-1.22,159127,58,156,+98,+318,2831,7667,+4836,+15472,KRX
20141219,-20550,5,-350,-1.67,153975,352,132,--220,+97,16997,6361,--10636,+4762,KRX
20141218,+20900,2,+50,+0.24,171745,499,182,--317,--579,24238,8840,--15398,--28018,KRX
20141217,+20850,2,+600,+2.96,270523,223,485,+262,+218,10775,23395,+12620,+10434,KRX
20141216,-20250,5,-50,-0.25,160334,240,284,+44,+927,11776,13962,+2186,+45637,KRX
20141215,20300,3,0,0.00,190179,1008,125,--883,--613,49621,6170,--43451,--30111,KRX
20141212,-20300,5,-50,-0.25,125278,341,71,--270,--563,16835,3495,--13340,--27635,KRX
20141211,+20350,2,+400,+2.01,294579,169,462,+293,--284,8281,22576,+14295,--13934,KRX
20141210,-19950,5,-1550,-7.21,1450419,590,1167,+577,+592,29411,57640,+28229,+28870,KRX
20141209,+21500,2,+350,+1.65,550041,291,276,--15,--139,13415,12774,--641,--6564,KRX
20141208,-21150,5,-50,-0.24,155192,76,200,+124,--596,3592,9515,+5923,--27668,KRX
20141205,+21200,2,+450,+2.17,539835,177,897,+720,+1092,8283,41874,+33591,+51723,KRX
20141204,+20750,2,+250,+1.22,195059,487,115,--372,--170,23717,5585,--18132,--8280,KRX
20141203,20500,3,0,0.00,137316,311,109,--202,+318,15128,5276,--9852,+15593,KRX
20141202,+20500,2,+400,+1.99,161104,550,30,--520,--222,26897,1452,--25445,--10567,KRX
20141201,-20100,5,-50,-0.25,195216,337,39,--298,+288,16799,1921,--14878,+14182,KRX
20141128,-20150,5,-300,-1.47,237727,842,256,--586,+260,41760,12700,--29060,+12519,KRX
20141127,-20450,5,-50,-0.24,159130,886,40,--846,--1006,43522,1943,--41579,--49585,KRX
20141126,-20500,5,-800,-3.76,717049,327,487,+160,+515,16038,24044,+8006,+24655,KRX
20141125,-21300,5,-250,-1.16,237963,887,532,--355,--941,41351,24702,--16649,--43947,KRX
20141124,+21550,2,+500,+2.38,237057,249,835,+586,+766,11634,38932,+27298,+35725,KRX
20141121,-21050,5,-250,-1.17,317534,427,247,--180,--364,20105,11678,--8427,--17099,KRX
20141120,-21300,5,-250,-1.16,249500,85,269,+184,+227,3999,12671,+8672,+10632,KRX
20141119,-21550,5,-450,-2.05,197122,257,214,--43,+305,11822,9862,--1960,+13796,KRX
20141118,22000,3,0,0.00,185421,488,140,--348,--59,22081,6325,--15756,--2679,KRX
20141117,22000,3,0,0.00,194423,426,137,--289,--357,19237,6160,--13077,--16203,KRX
20141114,-22000,5,-50,-0.23,126998,186,254,+68,+263,8488,11614,+3126,+11840,KRX
20141113,-22050,5,-100,-0.45,335597,417,222,--195,--109,18692,9978,--8714,--4754,KRX
20141112,+22150,2,+1050,+4.98,477567,529,443,--86,--435,24235,20275,--3960,--20807,KRX
20141111,+21100,2,+500,+2.43,256632,422,771,+349,+850,20230,37077,+16847,+40928,KRX
20141110,-20600,5,-300,-1.44,213965,883,382,--501,--611,42404,18323,--24081,--29365,KRX
20141107,+20900,2,+350,+1.70,154214,257,367,+110,+219,12245,17529,+5284,+10572,KRX
20141106,-20550,5,-150,-0.72,224465,361,252,--109,+248,17482,12194,--5288,+12035,KRX
20141105,-20700,5,-50,-0.24,145522,440,83,--357,--387,21341,4018,--17323,--18861,KRX
20141104,-20750,5,-50,-0.24,251688,458,488,+30,--104,22363,23901,+1538,--4874,KRX
20141103,-20800,5,-500,-2.35,196925,132,266,+134,--32,6330,12742,+6412,--1461,KRX
20141031,-21300,5,-550,-2.52,241636,169,335,+166,+599,7853,15726,+7873,+27603,KRX
20141030,-21850,5,-250,-1.13,175620,755,322,--433,--52,34433,14703,--19730,--2413,KRX
20141029,+22100,2,+550,+2.55,290301,699,318,--381,+378,31753,14436,--17317,+17989,KRX
20141028,-21550,5,-50,-0.23,170285,862,103,--759,--1236,40127,4821,--35306,--57269,KRX
20141027,+21600,2,+1100,+5.37,508429,821,1298,+477,+34,38674,60637,+21963,+19,KRX
20141024,-20500,5,-100,-0.49,380646,290,733,+443,--140,14156,36100,+21944,--6345,KRX
20141023,-20600,5,-850,-3.96,577774,218,801,+583,+618,10448,38737,+28289,+29905,KRX
20141022,-21450,5,-450,-2.05,376541,581,546,--35,+1177,26907,25291,--1616,+53591,KRX
20141021,-21900,5,-1750,-7.40,892970,1616,404,--1212,--1374,73573,18366,--55207,--62043,KRX
20141020,+23650,2,+250,+1.07,308088,250,412,+162,--554,10561,17397,+6836,--23821,KRX
20141017,+23400,2,+150,+0.65,268609,266,982,+716,--210,11323,41980,+30657,--8959,KRX
20141016,-23250,5,-600,-2.52,351636,341,1267,+926,+859,14696,54312,+39616,+36798,KRX
20141015,+23850,2,+100,+0.42,292993,244,311,+67,--224,10247,13065,+2818,--9513,KRX
20141014,+23750,2,+550,+2.37,235434,332,623,+291,+622,14160,26491,+12331,+26488,KRX
20141013,-23200,5,-900,-3.73,355360,596,265,--331,--386,25380,11223,--14157,--16574,KRX
20141010,+24100,2,+100,+0.42,327114,301,356,+55,+43,12519,14936,+2417,+1856,KRX
20141008,+24000,2,+300,+1.27,320661,156,168,+12,+454,6503,7064,+561,+19408,KRX
20141007,+23700,2,+200,+0.85,921594,1666,1224,--442,--1350,69905,51058,--18847,--57550,KRX
20141006,+23500,2,+1650,+7.55,970547,488,1396,+908,+976,21179,59882,+38703,+41739,KRX
20141002,+21850,2,+350,+1.63,177150,337,269,--68,--134,15511,12475,--3036,--6125,KRX
20141001,+21500,2,+50,+0.23,255376,327,393,+66,--281,15021,18110,+3089,--13266,KRX
20140930,-21450,5,-150,-0.69,286470,244,591,+347,+637,11446,27801,+16355,+29558,KRX
20140929,-21600,5,-1100,-4.85,479589,369,79,--290,--140,16830,3627,--13203,--6586,KRX
20140926,-22700,5,-250,-1.09,232543,365,215,--150,+63,16079,9462,--6617,+2681,KRX
20140925,+22950,2,+500,+2.23,370208,234,21,--213,--360,10222,924,--9298,--15876,KRX
20140924,-22450,5,-100,-0.44,221264,261,408,+147,+212,11656,18234,+6578,+9224,KRX
20140923,+22550,2,+400,+1.81,418383,781,716,--65,--99,34632,31986,--2646,--4052,KRX
20140922,-22150,5,-600,-2.64,416322,799,833,+34,--657,35972,37378,+1406,--28891,KRX
20140919,-22750,5,-100,-0.44,246487,21,712,+691,+808,929,31226,+30297,+35300,KRX
20140918,-22850,5,-650,-2.77,468265,450,333,--117,+320,19449,14446,--5003,+13641,KRX
20140917,-23500,5,-50,-0.21,225877,613,176,--437,--689,26132,7488,--18644,--29757,KRX
20140916,+23550,2,+550,+2.39,350762,67,319,+252,+274,2871,13984,+11113,+12104,KRX
20140915,-23000,5,-350,-1.50,245103,82,60,--22,+352,3582,2591,--991,+15008,KRX
20140912,-23350,5,-200,-0.85,255090,515,141,--374,--30,22045,6046,--15999,--1300,KRX
20140911,+23550,2,+500,+2.17,529215,458,114,--344,+202,19562,4863,--14699,+9119,KRX
20140905,+23050,2,+700,+3.13,670946,1003,457,--546,--3,43867,20049,--23818,+841,KRX
20140904,+22350,2,+1100,+5.18,462664,884,341,--543,--746,40270,15611,--24659,--34141,KRX
20140903,-21250,5,-500,-2.30,417049,1018,1221,+203,+959,47536,57018,+9482,+43884,KRX
20140902,-21750,5,-750,-3.33,427403,841,85,--756,+112,38283,3881,--34402,+4383,KRX
20140901,+22500,2,+200,+0.90,414750,1111,243,--868,--2818,49708,10923,--38785,--125368,KRX
20140829,+22300,2,+1500,+7.21,1649301,737,2687,+1950,+1693,32804,119387,+86583,+74297,KRX
20140828,-20800,5,-150,-0.72,282895,777,1034,+257,+394,37078,49364,+12286,+18868,KRX
20140827,+20950,2,+350,+1.70,294738,403,266,--137,+154,19350,12768,--6582,+7451,KRX
20140826,-20600,5,-200,-0.96,216515,340,49,--291,--484,16390,2357,--14033,--23734,KRX
20140825,+20800,2,+350,+1.71,301999,406,599,+193,+129,19735,29436,+9701,+6581,KRX
20140822,-20450,5,-200,-0.97,288008,156,220,+64,+649,7617,10737,+3120,+31509,KRX
20140821,-20650,5,-300,-1.43,556779,1068,483,--585,--697,51842,23453,--28389,--33747,KRX
20140820,-20950,5,-700,-3.23,623522,227,339,+112,+602,10749,16107,+5358,+27873,KRX
20140819,-21650,5,-450,-2.04,352170,609,119,--490,+44,28012,5497,--22515,+1779,KRX
20140818,+22100,2,+250,+1.14,340812,564,30,--534,--1007,25640,1346,--24294,--46153,KRX
20140814,+21850,2,+550,+2.58,369682,167,640,+473,--390,7716,29575,+21859,--18477,KRX
20140813,21300,3,0,0.00,264532,42,905,+863,+1057,1971,42307,+40336,+49225,KRX
20140812,-21300,5,-800,-3.62,569366,496,302,--194,--101,22994,14105,--8889,--4672,KRX
20140811,+22100,2,+150,+0.68,200328,294,201,--93,+143,13283,9066,--4217,+6547,KRX
20140808,+21950,2,+200,+0.92,421343,708,472,--236,--682,32267,21503,--10764,--31155,KRX
20140807,-21750,5,-200,-0.91,352587,272,718,+446,+790,12427,32818,+20391,+35807,KRX
20140806,-21950,5,-500,-2.23,528208,1105,761,--344,+1842,50180,34764,--15416,+81152,KRX
20140805,-22450,5,-500,-2.18,580954,2484,298,--2186,+654,109695,13127,--96568,+26565,KRX
20140804,-22950,5,-1450,-5.94,1227188,2958,118,--2840,--3631,128194,5061,--123133,--155469,KRX
20140801,-24400,5,-300,-1.21,305439,441,1232,+791,+1219,18057,50393,+32336,+49605,KRX
20140731,-24700,5,-600,-2.37,282687,754,326,--428,--83,30359,13090,--17269,--3528,KRX
20140730,+25300,2,+50,+0.20,471319,552,207,--345,+467,21988,8247,--13741,+19426,KRX
20140729,+25250,2,+550,+2.23,391910,1472,660,--812,--341,59596,26429,--33167,--14160,KRX
20140728,-24700,5,-250,-1.00,217093,659,188,--471,--387,26597,7590,--19007,--15612,KRX
20140725,+24950,2,+250,+1.01,186569,418,334,--84,+101,16790,13395,--3395,+4079,KRX
20140724,-24700,5,-100,-0.40,280993,406,221,--185,--430,16416,8942,--7474,--17245,KRX
20140723,+24800,2,+100,+0.40,289674,512,757,+245,+487,20644,30415,+9771,+19611,KRX
20140722,+24700,2,+200,+0.82,282797,571,329,--242,+296,23242,13402,--9840,+11938,KRX
20140721,-24500,5,-400,-1.61,439725,914,376,--538,--66,36929,15151,--21778,--2860,KRX
20140718,24900,3,0,0.00,359853,644,172,--472,--235,25813,6895,--18918,--9380,KRX
20140717,-24900,5,-250,-0.99,404174,550,313,--237,+511,22048,12510,--9538,+20163,KRX
20140716,-25150,5,-150,-0.59,305876,1084,336,--748,+317,42986,13285,--29701,+12248,KRX
20140715,-25300,5,-200,-0.78,360683,1742,677,--1065,+900,68597,26648,--41949,+34756,KRX
20140714,-25500,5,-550,-2.11,384259,2181,216,--1965,--1402,85176,8471,--76705,--55324,KRX
20140711,-26050,5,-600,-2.25,212181,665,102,--563,+861,25272,3891,--21381,+32589,KRX
20140710,+26650,2,+500,+1.91,316415,1435,11,--1424,--1006,54369,399,--53970,--37869,KRX
20140709,-26150,5,-550,-2.06,493784,794,376,--418,--337,30465,14364,--16101,--12950,KRX
20140708,+26700,2,+900,+3.49,307752,408,327,--81,+310,15687,12536,--3151,+11963,KRX
20140707,-25800,5,-300,-1.15,189830,552,161,--391,--292,21340,6226,--15114,--11329,KRX
20140704,-26100,5,-300,-1.14,150196,449,350,--99,+143,17150,13365,--3785,+5429,KRX
20140703,+26400,2,+200,+0.76,129425,360,118,--242,--399,13682,4468,--9214,--15155,KRX
20140702,+26200,2,+100,+0.38,175363,567,724,+157,+524,21469,27410,+5941,+19945,KRX
20140701,-26100,5,-250,-0.95,128173,741,374,--367,+109,28293,14289,--14004,+4097,KRX
20140630,+26350,2,+50,+0.19,112057,677,201,--476,--520,25730,7629,--18101,--19767,KRX
20140627,+26300,2,+250,+0.96,99511,356,400,+44,+1437,13557,15223,+1666,+55187,KRX
20140626,-26050,5,-50,-0.19,135035,1581,188,--1393,--1062,60720,7199,--53521,--40877,KRX
20140625,-26100,5,-100,-0.38,112834,500,169,--331,--345,19127,6483,--12644,--13199,KRX
20140624,-26200,5,-400,-1.50,216299,232,246,+14,+173,8817,9372,+555,+6499,KRX
20140623,-26600,5,-550,-2.03,93173,235,76,--159,--2392,8768,2824,--5944,--88718,KRX
20140620,+27150,2,+150,+0.56,238029,2334,4567,+2233,+1124,86020,168794,+82774,+41530,KRX
20140619,+27000,2,+650,+2.47,235560,124,1233,+1109,+299,4612,45856,+41244,+10805,KRX
20140618,-26350,5,-250,-0.94,132997,129,939,+810,+658,4867,35306,+30439,+24769,KRX
20140617,-26600,5,-500,-1.85,201875,501,653,+152,+133,18739,24409,+5670,+4983,KRX
20140616,-27100,5,-50,-0.18,134472,395,414,+19,--516,14602,15289,+687,--19087,KRX
20140613,+27150,2,+450,+1.69,149419,258,793,+535,+595,9606,29380,+19774,+22081,KRX
20140612,-26700,5,-50,-0.19,106691,459,399,--60,--610,17243,14936,--2307,--22952,KRX
20140611,+26750,2,+450,+1.71,141788,247,797,+550,+550,9270,29915,+20645,+20641,KRX
20140610,+26300,2,+450,+1.74,116576,112,112,0,+541,4274,4278,+4,+20811,KRX
20140609,-25850,5,-100,-0.39,206389,794,253,--541,--399,30542,9735,--20807,--15256,KRX
20140605,-25950,5,-400,-1.52,344880,1175,1033,--142,+1266,45241,39690,--5551,+46533,KRX
20140603,-26350,5,-1200,-4.36,623354,1837,429,--1408,--1151,67975,15891,--52084,--42621,KRX
20140602,+27550,2,+450,+1.66,157356,406,149,--257,+413,14912,5449,--9463,+15159,KRX
20140530,-27100,5,-500,-1.81,181266,1829,1159,--670,--112,67232,42610,--24622,--4462,KRX
20140529,-27600,5,-200,-0.72,287849,772,214,--558,--877,27870,7710,--20160,--31880,KRX
20140528,+27800,2,+1200,+4.51,406148,264,583,+319,+621,9630,21350,+11720,+23180,KRX
20140527,-26600,5,-150,-0.56,183179,842,540,--302,--277,31750,20290,--11460,--10541,KRX
20140526,-26750,5,-50,-0.19,100572,265,240,--25,+817,9889,8970,--919,+30691,KRX
20140523,+26800,2,+200,+0.75,148697,882,40,--842,--1417,33090,1480,--31610,--53400,KRX
20140522,+26600,2,+400,+1.53,188100,93,668,+575,+768,3540,25330,+21790,+29140,KRX
20140521,-26200,5,-150,-0.57,186955,504,311,--193,+865,19150,11800,--7350,+32520,KRX
20140520,-26350,5,-650,-2.41,297848,1619,561,--1058,+241,61090,21220,--39870,+8230,KRX
20140519,+27000,2,+450,+1.69,310092,1833,534,--1299,+173,67900,19800,--48100,+7190,KRX
20140516,-26550,5,-400,-1.48,244181,1722,250,--1472,--112,64650,9360,--55290,--4860,KRX
20140515,-26950,5,-150,-0.55,224501,1612,252,--1360,--850,59780,9350,--50430,--31735,KRX
20140514,-27100,5,-50,-0.18,136195,575,65,--510,--683,21070,2375,--18695,--25035,KRX
20140513,+27150,2,+300,+1.12,167355,278,451,+173,+472,10300,16640,+6340,+17530,KRX
20140512,+26850,2,+150,+0.56,174650,485,186,--299,+74,18130,6940,--11190,+2780,KRX
20140509,+26700,2,+300,+1.14,202848,546,173,--373,+1462,20430,6460,--13970,+55390,KRX
20140508,-26400,5,-750,-2.76,484106,2034,199,--1835,+415,76860,7500,--69360,+13350,KRX
20140507,-27150,5,-250,-0.91,387186,2616,366,--2250,--2170,96150,13440,--82710,--79792,KRX
20140502,-27400,5,-650,-2.32,330627,2036,1956,--80,--2121,74090,71172,--2918,--76008,KRX
20140430,+28050,2,+600,+2.19,253976,139,2180,+2041,+1936,4990,78080,+73090,+69340,KRX
20140429,-27450,5,-150,-0.54,190098,403,508,+105,--341,14640,18390,+3750,--12360,KRX
20140428,-27600,5,-100,-0.36,156706,70,516,+446,--986,2510,18620,+16110,--35190,KRX
20140425,-27700,5,-300,-1.07,237962,9,1441,+1432,+135,320,51620,+51300,+5100,KRX
20140424,-28000,5,-400,-1.41,341312,628,1925,+1297,+1115,22420,68620,+46200,+39760,KRX
20140423,-28400,5,-400,-1.39,218215,688,870,+182,+50,24090,30530,+6440,+1840,KRX
20140422,-28800,5,-150,-0.52,228630,527,659,+132,+120,18230,22830,+4600,+4170,KRX
20140421,+28950,2,+300,+1.05,447619,384,396,+12,--215,13300,13730,+430,--7530,KRX
20140418,+28650,2,+400,+1.42,211356,379,606,+227,+180,13340,21300,+7960,+6320,KRX
20140417,-28250,5,-150,-0.53,143399,170,217,+47,--592,5990,7630,+1640,--20850,KRX
20140416,+28400,2,+200,+0.71,196161,91,730,+639,+1060,3190,25680,+22490,+37330,KRX
20140415,-28200,5,-300,-1.05,191726,639,218,--421,--950,22560,7720,--14840,--33440,KRX
20140414,+28500,2,+300,+1.06,211770,263,792,+529,+705,9270,27870,+18600,+24870,KRX
20140411,28200,3,0,0.00,186101,543,367,--176,+1796,19320,13050,--6270,+64410,KRX
20140410,+28200,2,+100,+0.36,383516,3841,1869,--1972,+2333,136990,66310,--70680,+82320,KRX
20140409,-28100,5,-250,-0.88,439390,4562,257,--4305,--3888,162150,9150,--153000,--138300,KRX
20140408,+28350,2,+100,+0.35,179291,746,329,--417,--324,26300,11600,--14700,--11360,KRX
20140407,+28250,2,+50,+0.18,322152,1609,1516,--93,--74,56800,53460,--3340,--2570,KRX
20140404,-28200,5,-650,-2.25,518183,1514,1495,--19,--2322,53760,52990,--770,--80230,KRX
20140403,+28850,2,+100,+0.35,321789,540,2843,+2303,+1320,18660,98120,+79460,+45610,KRX
20140402,-28750,5,-850,-2.87,763260,861,1844,+983,+596,29870,63720,+33850,+20850,KRX
20140401,-29600,5,-200,-0.67,215564,117,504,+387,--956,3940,16940,+13000,--32000,KRX
20140331,-29800,5,-150,-0.50,303279,65,1408,+1343,+1067,2160,47160,+45000,+35760,KRX
20140328,+29950,2,+200,+0.67,239375,131,407,+276,--1112,4380,13620,+9240,--37525,KRX
20140327,+29750,2,+250,+0.85,230975,621,2009,+1388,+1166,20995,67760,+46765,+39265,KRX
20140326,-29500,5,-50,-0.17,196113,160,382,+222,--716,5430,12930,+7500,--24150,KRX
20140325,-29550,5,-450,-1.50,202782,275,1213,+938,+1173,9260,40910,+31650,+39520,KRX
20140324,+30000,2,+150,+0.50,284157,461,226,--235,--1182,15420,7550,--7870,--39680,KRX
20140321,+29850,2,+850,+2.93,283417,211,1158,+947,+607,7130,38940,+31810,+20190,KRX
20140320,-29000,5,-500,-1.69,232429,142,482,+340,+486,4860,16480,+11620,+16590,KRX
20140319,+29500,2,+100,+0.34,421989,325,179,--146,--123,11000,6030,--4970,--4172,KRX
20140318,+29400,2,+700,+2.44,395646,167,144,--23,+679,5708,4910,--798,+23362,KRX
20140317,-28700,5,-300,-1.03,257127,711,9,--702,--1420,24480,320,--24160,--48980,KRX
20140314,+29000,2,+400,+1.40,534082,565,1283,+718,+1030,19430,44250,+24820,+35680,KRX
20140313,+28600,2,+950,+3.44,401522,823,511,--312,--237,28850,17990,--10860,--8190,KRX
20140312,-27650,5,-100,-0.36,241799,713,638,--75,--366,25710,23040,--2670,--13090,KRX
20140311,+27750,2,+100,+0.36,336020,141,432,+291,--1173,5070,15490,+10420,--42438,KRX
20140310,-27650,5,-100,-0.36,282298,231,1695,+1464,+764,8352,61210,+52858,+27698,KRX
20140307,-27750,5,-1050,-3.65,1042376,320,1020,+700,+562,11460,36620,+25160,+20400,KRX
20140306,-28800,5,-200,-0.69,238124,203,341,+138,+34,7050,11810,+4760,+1173,KRX
20140305,+29000,2,+250,+0.87,487648,483,587,+104,--83,16683,20270,+3587,--2866,KRX
20140304,-28750,5,-250,-0.86,281593,963,1150,+187,--1095,33357,39810,+6453,--37757,KRX
20140303,-29000,5,-400,-1.36,358000,313,1595,+1282,+1205,10810,55020,+44210,+41610,KRX
20140228,-29400,5,-150,-0.51,271453,893,970,+77,--66,30240,32840,+2600,--2218,KRX
20140227,+29550,2,+600,+2.07,417486,762,905,+143,+669,26292,31110,+4818,+23048,KRX
20140226,-28950,5,-100,-0.34,271632,897,371,--526,--480,31040,12810,--18230,--16579,KRX
20140225,+29050,2,+650,+2.29,596646,873,827,--46,--203,30581,28930,--1651,--7181,KRX
20140224,+28400,2,+100,+0.35,285832,189,346,+157,--416,6660,12190,+5530,--14269,KRX
20140221,-28300,5,-300,-1.05,505592,397,970,+573,+351,13751,33550,+19799,+12119,KRX
20140220,+28600,2,+300,+1.06,434383,863,1085,+222,+333,30090,37770,+7680,+11660,KRX
20140219,+28300,2,+250,+0.89,441599,323,212,--111,--398,11480,7500,--3980,--14300,KRX
20140218,+28050,2,+50,+0.18,393327,101,388,+287,+364,3600,13920,+10320,+13055,KRX
20140217,+28000,2,+1150,+4.28,1626329,648,571,--77,--2439,23295,20560,--2735,--90055,KRX
20140214,-26850,5,-3100,-10.35,4414473,1991,4353,+2362,+2047,73110,160430,+87320,+76810,KRX
20140213,-29950,5,-150,-0.50,159970,51,366,+315,+690,1710,12220,+10510,+23040,KRX
20140212,-30100,5,-250,-0.82,364135,484,109,--375,--1038,16180,3650,--12530,--33820,KRX
20140211,+30350,2,+200,+0.66,546123,85,748,+663,+967,2750,24040,+21290,+31300,KRX
20140210,-30150,5,-250,-0.82,243822,345,41,--304,--473,11360,1350,--10010,--15570,KRX
20140207,+30400,2,+150,+0.50,491895,817,986,+169,--121,26910,32470,+5560,--3958,KRX
20140206,+30250,2,+1500,+5.22,834475,597,887,+290,+1334,20022,29540,+9518,+45542,KRX
20140205,+28750,2,+350,+1.23,294985,1513,469,--1044,--636,52304,16280,--36024,--21504,KRX
20140204,-28400,5,-350,-1.22,254499,752,344,--408,--440,26650,12130,--14520,--15610,KRX
20140203,-28750,5,-100,-0.35,267617,202,234,+32,--43,7020,8110,+1090,--1510,KRX
20140129,+28850,2,+1450,+5.29,515884,49,124,+75,--302,1750,4350,+2600,--11101,KRX
20140128,-27400,5,-650,-2.32,556062,169,546,+377,+122,6139,19840,+13701,+4701,KRX
20140127,-28050,5,-1250,-4.27,517428,29,284,+255,--16,1030,10030,+9000,--300,KRX
20140124,-29300,5,-100,-0.34,191966,13,284,+271,+97,430,9730,+9300,+3380,KRX
20140123,-29400,5,-850,-2.81,448259,193,367,+174,+290,6500,12420,+5920,+9755,KRX
20140122,+30250,2,+150,+0.50,309596,145,29,--116,--132,4785,950,--3835,--4365,KRX
20140121,+30100,2,+800,+2.73,313691,132,148,+16,--111,4460,4990,+530,--3830,KRX
20140120,-29300,5,-100,-0.34,213839,6,133,+127,+971,210,4570,+4360,+32869,KRX
20140117,-29400,5,-400,-1.34,189277,904,60,--844,--854,30529,2020,--28509,--28845,KRX
20140116,-29800,5,-100,-0.33,193879,180,190,+10,+106,5994,6330,+336,+3536,KRX
20140115,-29900,5,-250,-0.83,218510,98,2,--96,--10,3270,70,--3200,--350,KRX
20140114,-30150,5,-450,-1.47,199070,135,49,--86,+57,4450,1600,--2850,+1850,KRX
20140113,-30600,5,-100,-0.33,152034,148,5,--143,+351,4880,180,--4700,+11380,KRX
20140110,-30700,5,-200,-0.65,262974,500,6,--494,--276,16290,210,--16080,--8965,KRX
20140109,+30900,2,+150,+0.49,349508,251,33,--218,--38,8185,1070,--7115,--1225,KRX
20140108,+30750,2,+750,+2.50,555590,218,38,--180,--234,7140,1250,--5890,--7710,KRX
20140107,+30000,2,+150,+0.50,206683,57,111,+54,+25,1900,3720,+1820,+830,KRX
20140106,-29850,5,-550,-1.81,306619,78,107,+29,+906,2600,3590,+990,+30040,KRX
20140103,+30400,2,+100,+0.33,480768,1008,131,--877,--1189,33360,4310,--29050,--39510,KRX
20140102,+30300,2,+1500,+5.21,804798,760,1072,+312,+27,25160,35620,+10460,+600,KRX
20131230,+28800,2,+150,+0.52,342769,72,357,+285,+47,2470,12330,+9860,+1650,KRX
20131227,28650,3,0,0.00,312091,61,299,+238,+135,2130,10340,+8210,+4614,KRX
20131226,-28650,5,-750,-2.55,450991,191,294,+103,+197,6504,10100,+3596,+6812,KRX
20131224,-29400,5,-400,-1.34,317305,322,228,--94,--193,10936,7720,--3216,--6506,KRX
20131223,-29800,5,-300,-1.00,283382,238,337,+99,--608,7890,11180,+3290,--20040,KRX
20131220,+30100,2,+200,+0.67,239758,888,1595,+707,+278,29910,53240,+23330,+8940,KRX
20131219,+29900,2,+400,+1.36,342326,241,670,+429,--106,8120,22510,+14390,--3940,KRX
20131218,+29500,2,+300,+1.03,492037,454,989,+535,--558,15670,34000,+18330,--18940,KRX
20131217,-29200,5,-450,-1.52,434318,64,1157,+1093,+1037,2180,39450,+37270,+35296,KRX
20131216,-29650,5,-1550,-4.97,732684,321,377,+56,+1799,10586,12560,+1974,+57604,KRX
20131213,-31200,5,-150,-0.48,335425,1888,145,--1743,--2760,60270,4640,--55630,--88102,KRX
20131212,-31350,5,-50,-0.16,295035,99,1116,+1017,+1229,3148,35620,+32472,+39252,KRX
20131211,-31400,5,-600,-1.88,400609,601,389,--212,--225,19030,12250,--6780,--7180,KRX
20131210,-32000,5,-1100,-3.32,343482,21,34,+13,+542,640,1040,+400,+16413,KRX
20131209,-33100,5,-100,-0.30,348969,659,130,--529,--512,19973,3960,--16013,--15483,KRX
20131206,+33200,2,+150,+0.45,376660,187,170,--17,+369,5700,5170,--530,+11207,KRX
20131205,+33050,2,+500,+1.54,579978,470,84,--386,+193,14287,2550,--11737,+6163,KRX
20131204,+32550,2,+50,+0.15,367975,1072,493,--579,--295,33140,15240,--17900,--9151,KRX
20131203,+32500,2,+900,+2.85,814436,964,680,--284,--832,29739,20990,--8749,--25901,KRX
20131202,-31600,5,-350,-1.10,653579,124,672,+548,--776,3898,21050,+17152,--23984,KRX
20131129,-31950,5,-1200,-3.62,2366739,594,1918,+1324,+811,18494,59630,+41136,+25136,KRX
20131128,+33150,2,+1450,+4.57,698694,88,601,+513,--197,2760,18760,+16000,--6330,KRX
20131127,-31700,5,-750,-2.31,397652,40,750,+710,+1307,1260,23590,+22330,+40672,KRX
20131126,+32450,2,+650,+2.04,688714,850,253,--597,--1797,26072,7730,--18342,--56260,KRX
20131125,+31800,2,+150,+0.47,513819,162,1362,+1200,+402,5132,43050,+37918,+12674,KRX
20131122,-31650,5,-1100,-3.36,654528,364,1162,+798,+306,11166,36410,+25244,+10334,KRX
20131121,-32750,5,-950,-2.82,375291,18,510,+492,+652,540,15450,+14910,+19590,KRX
20131120,-33700,5,-100,-0.30,349307,430,270,--160,--355,12660,7980,--4680,--10410,KRX
20131119,-33800,5,-300,-0.88,367999,136,331,+195,--237,4030,9760,+5730,--6920,KRX
20131118,+34100,2,+600,+1.79,621179,9,441,+432,--29,270,12920,+12650,--1050,KRX
20131115,-33500,5,-50,-0.15,501548,26,487,+461,+587,760,14460,+13700,+17490,KRX
20131114,-33550,5,-650,-1.90,1120559,717,591,--126,--359,21520,17730,--3790,--10470,KRX
20131113,-34200,5,-1650,-4.60,873530,50,283,+233,--180,1460,8140,+6680,--5250,KRX
20131112,+35850,2,+1400,+4.06,766202,227,640,+413,+11,6430,18360,+11930,+265,KRX
20131111,+34450,2,+100,+0.29,650733,50,452,+402,+281,1455,13120,+11665,+8235,KRX
20131108,+34350,2,+550,+1.63,1250427,68,189,+121,--379,2010,5440,+3430,--11290,KRX
20131107,-33800,5,-1200,-3.43,1265278,282,782,+500,+618,8050,22770,+14720,+18040,KRX
20131106,-35000,5,-50,-0.14,1258031,146,28,--118,--269,4130,810,--3320,--7682,KRX
20131105,-35050,5,-1650,-4.50,2254062,575,726,+151,--386,16358,20720,+4362,--10268,KRX
20131104,-36700,5,-650,-1.74,2261819,91,628,+537,+465,2430,17060,+14630,+12690,KRX
20131101,+37350,2,+900,+2.47,2685352,17,89,+72,+10862,460,2400,+1940,+278884,KRX
20131031,-36450,5,-2300,-5.94,8952654,11176,386,--10790,--10790,287124,10180,--276944,--276944,KRX
