일자,현재가,대비부호,전일대비,등락율,체결수량,프로그램매도금액,프로그램매수금액,프로그램순매수금액,프로그램순매수금액증감,프로그램매도수량,프로그램매수수량,프로그램순매수수량,프로그램순매수수량증감,거래소구분
20260720,35900,0,0,0.00,0,0,0,0,--6499,0,0,0,--184361,KRX
20260716,+35900,2,+1000,+2.87,2680070,49939,56438,+6499,--2397,1405350,1589711,+184361,--66675,KRX
20260715,+34900,2,+1050,+3.10,1890167,28860,37756,+8896,+5827,821770,1072806,+251036,+162023,KRX
20260714,-33850,5,-900,-2.59,2147915,30846,33915,+3069,+2339,902516,991529,+89013,+68645,KRX
20260713,-34750,5,-600,-1.70,1677515,24137,24867,+730,--20183,687277,707645,+20368,--565209,KRX
20260710,+35350,2,+1700,+5.05,2167200,20633,41546,+20913,+16592,578807,1164384,+585577,+460775,KRX
20260709,-33650,5,-1000,-2.89,1897906,25811,30132,+4321,+1818,760602,885404,+124802,+54650,KRX
20260708,-34650,5,-750,-2.12,2205415,29155,31658,+2503,+228,848545,918697,+70152,+5254,KRX
20260707,-35400,5,-200,-0.56,1704255,26182,28457,+2275,--2779,747235,812133,+64898,--77174,KRX
20260706,+35600,2,+100,+0.28,1289188,15825,20879,+5054,+1689,445473,587545,+142072,+48193,KRX
20260703,+35500,2,+250,+0.71,1867705,30152,33517,+3365,--2615,860291,954170,+93879,--76034,KRX
20260702,+35250,2,+450,+1.29,2227923,28057,34037,+5980,+1416,793526,963439,+169913,+39539,KRX
20260701,+34800,2,+250,+0.72,1541412,15940,20504,+4564,+7786,456328,586702,+130374,+223013,KRX
20260630,-34550,5,-1300,-3.63,1238767,28074,24852,--3222,--18689,806289,713650,--92639,--536497,KRX
20260629,+35850,2,+2700,+8.14,1802862,26061,41528,+15467,+19387,741821,1185679,+443858,+563016,KRX
20260626,-33150,5,-1100,-3.21,1776988,30830,26910,--3920,--18989,930884,811726,--119158,--549764,KRX
20260625,+34250,2,+250,+0.74,1678291,21487,36556,+15069,+15977,615709,1046315,+430606,+458649,KRX
20260624,-34000,5,-250,-0.73,1655613,25694,24786,--908,+5591,755178,727135,--28043,+159856,KRX
20260623,-34250,5,-2550,-6.93,1929040,28656,22157,--6499,+7702,815046,627147,--187899,+193552,KRX
20260622,-36800,5,-950,-2.52,1352403,29454,15253,--14201,--3166,789667,408216,--381451,--91018,KRX
20260619,-37750,5,-1550,-3.94,2414692,41486,30451,--11035,--3716,1089381,798948,--290433,--105651,KRX
20260618,-39300,5,-1250,-3.08,1196377,20781,13462,--7319,--13362,525514,340732,--184782,--332148,KRX
20260617,+40550,2,+100,+0.25,1138416,15782,21825,+6043,+5652,388779,536145,+147366,+137631,KRX
20260616,-40450,5,-300,-0.74,1427296,31936,32327,+391,+10599,785291,795026,+9735,+259109,KRX
20260615,-40750,5,-750,-1.81,1908601,35017,24809,--10208,--32420,855464,606090,--249374,--773585,KRX
20260612,+41500,2,+2200,+5.60,4079208,43037,65249,+22212,+32786,1030666,1554877,+524211,+798417,KRX
20260611,+39300,2,+1150,+3.01,2013343,39273,28699,--10574,+6024,1019140,744934,--274206,+163436,KRX
20260610,-38150,5,-1350,-3.42,2127595,43159,26561,--16598,--28701,1135686,698044,--437642,--743454,KRX
20260609,+39500,2,+900,+2.33,2013579,31018,43121,+12103,--758,786402,1092214,+305812,--23524,KRX
20260608,-38600,5,-1650,-4.10,2625755,35017,47878,+12861,+14007,905259,1234595,+329336,+358403,KRX
20260605,-40250,5,-1750,-4.17,1968515,26026,24880,--1146,--9377,647009,617942,--29067,--225235,KRX
20260604,-42000,5,-550,-1.29,2029148,33338,41569,+8231,--7994,792146,988314,+196168,--189639,KRX
20260602,-42550,5,-150,-0.35,3434966,37844,54069,+16225,+115338,899713,1285520,+385807,+2598887,KRX
20260601,+42700,2,+750,+1.79,11795777,191536,92423,--99113,--103471,4319301,2106221,--2213080,--2320442,KRX
20260529,+41950,2,+1850,+4.61,7448112,157636,161994,+4358,+3684,3743784,3851146,+107362,+93192,KRX
20260528,-40100,5,-400,-0.99,2571868,38647,39321,+674,--3113,972680,986850,+14170,--78485,KRX
20260527,-40500,5,-950,-2.29,1652378,27175,30962,+3787,+5236,670912,763567,+92655,+127129,KRX
20260526,-41450,5,-400,-0.96,1507976,27092,25643,--1449,--3356,654343,619869,--34474,--78886,KRX
20260522,+41850,2,+50,+0.12,1413790,29447,31354,+1907,--18862,700677,745089,+44412,--454305,KRX
20260521,+41800,2,+1650,+4.11,1732522,23744,44513,+20769,+24544,569003,1067720,+498717,+592402,KRX
20260520,-40150,5,-1450,-3.49,2019858,35241,31466,--3775,--1213,873221,779536,--93685,--31186,KRX
20260519,-41600,5,-850,-2.00,1545131,30455,27893,--2562,+9242,729200,666701,--62499,+216905,KRX
20260518,-42450,5,-1550,-3.52,1876958,42074,30270,--11804,--18078,993783,714379,--279404,--416905,KRX
20260515,-44000,5,-1950,-4.24,2235112,34722,40996,+6274,--32796,776766,914267,+137501,--731107,KRX
20260514,+45950,2,+3000,+6.98,3640858,48254,87324,+39070,+27546,1067096,1935704,+868608,+600599,KRX
20260513,-42950,5,-600,-1.38,2337765,35144,46668,+11524,+9007,818987,1086996,+268009,+208431,KRX
20260512,-43550,5,-1150,-2.57,2900712,56091,58608,+2517,+16288,1283020,1342598,+59578,+365890,KRX
20260511,-44700,5,-1300,-2.83,2628330,47989,34218,--13771,--20604,1065850,759538,--306312,--452624,KRX
20260508,+46000,2,+750,+1.66,3381737,56904,63737,+6833,+61175,1227918,1374230,+146312,+1335347,KRX
20260507,-45250,5,-1050,-2.27,3342858,88960,34618,--54342,--55846,1948446,759411,--1189035,--1219343,KRX
20260506,-46300,5,-800,-1.70,2392733,40817,42321,+1504,+20129,874799,905107,+30308,+424977,KRX
20260504,-47100,5,-200,-0.42,1520475,35955,17330,--18625,--13061,761933,367264,--394669,--277542,KRX
20260430,-47300,5,-1100,-2.27,1484406,31132,25568,--5564,+8438,656432,539305,--117127,+172354,KRX
20260429,-48400,5,-450,-0.92,1123582,26546,12544,--14002,--18719,548948,259467,--289481,--385888,KRX
20260428,+48850,2,+400,+0.83,1274968,15359,20076,+4717,--3650,314581,410988,+96407,--75102,KRX
20260427,+48450,2,+400,+0.83,1436742,22119,30486,+8367,+8659,455443,626952,+171509,+177783,KRX
20260424,-48050,5,-350,-0.72,1064052,16531,16239,--292,+8130,345039,338765,--6274,+167810,KRX
20260423,-48400,5,-50,-0.10,1658254,33121,24699,--8422,--5279,684785,510701,--174084,--109202,KRX
20260422,-48450,5,-500,-1.02,1143499,24756,21613,--3143,+9623,511909,447027,--64882,+196853,KRX
20260421,+48950,2,+100,+0.20,1316511,30972,18206,--12766,--305,634575,372840,--261735,--8267,KRX
20260420,-48850,5,-1150,-2.30,1125279,28073,15612,--12461,--12501,571097,317629,--253468,--254323,KRX
20260417,-50000,5,-600,-1.19,890443,18197,18237,+40,--4026,363813,364668,+855,--78866,KRX
20260416,+50600,2,+1000,+2.02,1290032,27978,32044,+4066,+7552,553340,633061,+79721,+150112,KRX
20260415,+49600,2,+1500,+3.12,1413990,28471,24985,--3486,--6375,573508,503117,--70391,--129515,KRX
20260414,+48100,2,+1100,+2.34,1049751,16733,19622,+2889,--4077,345950,405074,+59124,--89142,KRX
20260413,-47000,5,-700,-1.47,829991,15791,22757,+6966,+2812,336801,485067,+148266,+61328,KRX
20260410,+47700,2,+400,+0.85,691399,12486,16640,+4154,+7015,262140,349078,+86938,+147405,KRX
20260409,-47300,5,-550,-1.15,1128075,26511,23650,--2861,--1116,560079,499612,--60467,--23396,KRX
20260408,+47850,2,+1450,+3.13,1615185,34645,32900,--1745,--32887,724293,687222,--37071,--706373,KRX
20260407,+46400,2,+1550,+3.46,1991813,26708,57850,+31142,+28762,575991,1245293,+669302,+615579,KRX
20260406,-44850,5,-350,-0.77,1223887,22662,25042,+2380,--352,506074,559797,+53723,--6846,KRX
20260403,-45200,5,-200,-0.44,1076743,11292,14024,+2732,+8337,248439,309008,+60569,+182098,KRX
20260402,-45400,5,-2850,-5.91,1527044,23642,18037,--5605,--8504,508750,387221,--121529,--181489,KRX
20260401,+48250,2,+2450,+5.35,1269138,22143,25042,+2899,+7195,463731,523691,+59960,+153935,KRX
20260331,-45800,5,-1300,-2.76,1706215,37040,32744,--4296,+557,804480,710505,--93975,+10194,KRX
20260330,-47100,5,-1700,-3.48,1053235,24613,19760,--4853,--15726,523987,419818,--104169,--329640,KRX
20260327,+48800,2,+150,+0.31,1271649,16578,27451,+10873,+4523,344386,569857,+225471,+96307,KRX
20260326,-48650,5,-400,-0.82,1231315,15532,21882,+6350,+7082,317467,446631,+129164,+144628,KRX
20260325,+49050,2,+850,+1.76,1232140,23473,22741,--732,--12304,475879,460415,--15464,--256763,KRX
20260324,+48200,2,+1300,+2.77,1301472,17693,29265,+11572,+41763,368481,609780,+241299,+875104,KRX
20260323,-46900,5,-3100,-6.20,2105077,47314,17123,--30191,--32407,994177,360372,--633805,--678115,KRX
20260320,50000,3,0,0.00,1270502,30693,32909,+2216,+9868,612260,656570,+44310,+197215,KRX
20260319,-50000,5,-1500,-2.91,1164390,22791,15139,--7652,+5134,455004,302099,--152905,+94837,KRX
20260318,+51500,2,+200,+0.39,1814895,37558,24772,--12786,--25231,730066,482324,--247742,--489667,KRX
20260317,+51300,2,+1100,+2.19,1021895,14492,26937,+12445,+12038,282454,524379,+241925,+233404,KRX
20260316,-50200,5,-400,-0.79,1248665,25394,25801,+407,--8916,503392,511913,+8521,--176125,KRX
20260313,+50600,2,+200,+0.40,1196401,21294,30617,+9323,--1743,422414,607060,+184646,--35017,KRX
20260312,-50400,5,-500,-0.98,1596311,24269,35335,+11066,+32948,479958,699621,+219663,+638899,KRX
20260311,-50900,5,-900,-1.74,1975641,54443,32561,--21882,--20157,1048296,629060,--419236,--385946,KRX
20260310,+51800,2,+1400,+2.78,1860754,39100,37375,--1725,--3935,755274,721984,--33290,--77177,KRX
20260309,-50400,5,-3200,-5.97,2045023,32385,34595,+2210,--11750,650565,694452,+43887,--217351,KRX
20260306,+53600,2,+2400,+4.69,2823937,43885,57845,+13960,+46545,828015,1089253,+261238,+898212,KRX
20260305,+51200,2,+4150,+8.82,3724178,91786,59201,--32585,--10824,1790775,1153801,--636974,--217240,KRX
20260304,-47050,5,-9150,-16.28,6214956,111048,89287,--21761,+131684,2212885,1793151,--419734,+2242929,KRX
20260303,-56200,5,-6100,-9.79,6691339,195771,42326,--153445,--233603,3385704,723041,--2662663,--3932563,KRX
20260227,+62300,2,+900,+1.47,7242478,95038,175196,+80158,--101642,1520007,2789907,+1269900,--1717544,KRX
20260226,+61400,2,+4000,+6.97,9617787,76702,258502,+181800,+202937,1257492,4244936,+2987444,+3355856,KRX
20260225,-57400,5,-500,-0.86,2078203,50048,28911,--21137,+6098,871787,503375,--368412,+102403,KRX
20260224,-57900,5,-200,-0.34,1803888,53142,25907,--27235,--27874,917922,447107,--470815,--481325,KRX
20260223,+58100,2,+200,+0.35,1657993,31997,32636,+639,--4820,550649,561159,+10510,--81721,KRX
20260220,+57900,2,+300,+0.52,1950669,36950,42409,+5459,+43322,635387,727618,+92231,+749393,KRX
20260219,+57600,2,+200,+0.35,1988817,68173,30310,--37863,+17277,1182793,525631,--657162,+298448,KRX
20260213,-57400,5,-1400,-2.38,3156946,74419,19279,--55140,+41321,1289223,333613,--955610,+664317,KRX
20260212,-58800,5,-100,-0.17,7889505,183446,86985,--96461,--113592,3054851,1434924,--1619927,--1910466,KRX
20260211,+58900,2,+600,+1.03,1673583,23661,40792,+17131,--12741,402825,693364,+290539,--219599,KRX
20260210,+58300,2,+800,+1.39,1863119,17956,47828,+29872,+25331,307523,817661,+510138,+432594,KRX
20260209,+57500,2,+1300,+2.31,1879959,31838,36379,+4541,+86955,552834,630378,+77544,+1551257,KRX
20260206,-56200,5,-2000,-3.44,3889924,109644,27230,--82414,--76460,1958883,485170,--1473713,--1368631,KRX
20260205,-58200,5,-300,-0.51,2892778,53276,47322,--5954,+39144,908495,803413,--105082,+668387,KRX
20260204,-58500,5,-700,-1.18,2530890,67883,22785,--45098,--24706,1163280,389811,--773469,--425726,KRX
20260203,+59200,2,+800,+1.37,1997907,52025,31633,--20392,--1412,884087,536344,--347743,--26032,KRX
20260202,-58400,5,-3000,-4.89,2860783,57544,38564,--18980,--44586,972950,651239,--321711,--730444,KRX
20260130,-61400,5,-400,-0.65,3375524,51629,77235,+25606,--26666,833335,1242068,+408733,--438046,KRX
20260129,61800,3,0,0.00,3199995,34197,86469,+52272,+14553,553696,1400475,+846779,+239113,KRX
20260128,-61800,5,-400,-0.64,3496009,50343,88062,+37719,--10086,813641,1421307,+607666,--160801,KRX
20260127,+62200,2,+400,+0.65,4016704,29953,77758,+47805,--20742,480650,1249117,+768467,--346740,KRX
20260126,+61800,2,+800,+1.31,4143093,38826,107373,+68547,--31133,632585,1747792,+1115207,--536926,KRX
20260123,+61000,2,+2600,+4.45,7214439,49902,149582,+99680,+64014,828409,2480542,+1652133,+1041515,KRX
20260122,+58400,2,+1100,+1.92,2364798,27516,63182,+35666,+54042,475128,1085746,+610618,+931708,KRX
20260121,-57300,5,-1700,-2.88,2013702,45084,26708,--18376,--54659,786691,465601,--321090,--941292,KRX
20260120,+59000,2,+2400,+4.24,2772592,21344,57627,+36283,+54851,365336,985538,+620202,+947142,KRX
20260119,-56600,5,-700,-1.22,2189567,33045,14477,--18568,+22721,582299,255359,--326940,+391652,KRX
20260116,-57300,5,-1200,-2.05,2844292,58842,17553,--41289,--32037,1024199,305607,--718592,--560056,KRX
20260115,-58500,5,-300,-0.51,1963363,35073,25821,--9252,+6505,597781,439245,--158536,+110221,KRX
20260114,-58800,5,-500,-0.84,1586704,36153,20396,--15757,--23509,616191,347434,--268757,--399653,KRX
20260113,+59300,2,+1100,+1.89,1855912,23029,30781,+7752,+27455,392446,523342,+130896,+471044,KRX
20260112,58200,3,0,0.00,1915854,38730,19027,--19703,+14738,667452,327304,--340148,+253244,KRX
20260109,+58200,2,+400,+0.69,1851838,59844,25403,--34441,--8953,1030607,437215,--593392,--157863,KRX
20260108,-57800,5,-1500,-2.53,3659666,62872,37384,--25488,+141572,1079547,644018,--435529,+2352915,KRX
20260107,-59300,5,-4500,-7.05,6117494,201747,34687,--167060,--230761,3363749,575305,--2788444,--3788170,KRX
20260106,+63800,2,+1000,+1.59,2772246,25244,88945,+63701,+18894,397483,1397209,+999726,+285945,KRX
20260105,+62800,2,+700,+1.13,2289841,27572,72379,+44807,--20832,439441,1153222,+713781,--343491,KRX
20260102,+62100,2,+2000,+3.33,2903206,26321,91960,+65639,+66496,427177,1484449,+1057272,+1071612,KRX
20251230,-60100,5,-1100,-1.80,1472867,26169,25312,--857,--104375,433441,419101,--14340,--1727980,KRX
20251229,+61200,2,+3100,+5.34,3682579,21603,125121,+103518,+114051,363038,2076678,+1713640,+1892363,KRX
20251226,-58100,5,-1700,-2.84,1880555,33443,22910,--10533,--60328,569430,390707,--178723,--1016057,KRX
20251224,+59800,2,+800,+1.36,1948824,14002,63797,+49795,+23925,235829,1073163,+837334,+399409,KRX
20251223,+59000,2,+300,+0.51,1324562,12757,38627,+25870,+507,216319,654244,+437925,+7145,KRX
20251222,+58700,2,+500,+0.86,1454365,12761,38124,+25363,+8433,216855,647635,+430780,+139512,KRX
20251219,+58200,2,+1100,+1.93,1440858,21835,38765,+16930,+3899,375929,667197,+291268,+63140,KRX
20251218,+57100,2,+100,+0.18,1453355,14421,27452,+13031,+40799,253371,481499,+228128,+711955,KRX
20251217,-57000,5,-900,-1.55,1746055,41460,13692,--27768,+13343,722519,238692,--483827,+222003,KRX
20251216,-57900,5,-1700,-2.85,2297669,56775,15664,--41111,--57227,975951,270121,--705830,--973852,KRX
20251215,-59600,5,-200,-0.33,1648246,23843,39959,+16116,+6173,399386,667408,+268022,+101123,KRX
20251212,+59800,2,+600,+1.01,1252395,15194,25137,+9943,+25552,255843,422742,+166899,+431080,KRX
20251211,59200,3,0,0.00,2510659,59925,44316,--15609,+32897,1013627,749446,--264181,+550811,KRX
20251210,-59200,5,-1600,-2.63,2378957,65198,16692,--48506,--46155,1095215,280223,--814992,--776685,KRX
20251209,-60800,5,-1200,-1.94,1385209,27616,25265,--2351,--26963,452335,414028,--38307,--435310,KRX
20251208,+62000,2,+500,+0.81,2032027,22318,46930,+24612,--24685,361079,758082,+397003,--409760,KRX
20251205,+61500,2,+1300,+2.16,2164350,17428,66725,+49297,+54162,286073,1092836,+806763,+887870,KRX
20251204,-60200,5,-400,-0.66,1262524,21378,16513,--4865,--31422,356439,275332,--81107,--518338,KRX
20251203,+60600,2,+1100,+1.85,2256089,29434,55991,+26557,+27513,485158,922389,+437231,+453443,KRX
20251202,59500,3,0,0.00,1158789,20850,19894,--956,--5914,350888,334676,--16212,--99051,KRX
20251201,+59500,2,+800,+1.36,1811973,28569,33527,+4958,+30567,479271,562110,+82839,+517059,KRX
20251128,-58700,5,-1000,-1.68,1603848,44204,18595,--25609,--20342,749583,315363,--434220,--347319,KRX
20251127,-59700,5,-1300,-2.13,1632051,30772,25505,--5267,--75838,510444,423543,--86901,--1259079,KRX
20251126,+61000,2,+3000,+5.17,3312601,23301,93872,+70571,+70266,386296,1558474,+1172178,+1165876,KRX
20251125,-58000,5,-800,-1.36,1912277,33292,33597,+305,+2986,569130,575432,+6302,+52593,KRX
20251124,+58800,2,+100,+0.17,2217014,50017,47336,--2681,--8637,853093,806802,--46291,--149946,KRX
20251121,-58700,5,-400,-0.68,2528224,32774,38730,+5956,--1372,560837,664492,+103655,--19844,KRX
20251120,+59100,2,+900,+1.55,2269237,36173,43501,+7328,+9426,611344,734843,+123499,+157292,KRX
20251119,+58200,2,+700,+1.22,2946680,53276,51178,--2098,+54042,921026,887233,--33793,+920268,KRX
20251118,-57500,5,-3200,-5.27,5810827,106494,50354,--56140,--16918,1815798,861737,--954061,--312350,KRX
20251117,-60700,5,-700,-1.14,2541985,60752,21530,--39222,--2621,995152,353441,--641711,--51717,KRX
20251114,-61400,5,-2300,-3.61,3530001,64167,27566,--36601,--23331,1034710,444716,--589994,--376773,KRX
20251113,-63700,5,-100,-0.16,3253680,60583,47313,--13270,+21121,957364,744143,--213221,+323947,KRX
20251112,-63800,5,-300,-0.47,3227242,67518,33127,--34391,--201239,1056013,518845,--537168,--3088236,KRX
20251111,+64100,2,+1800,+2.89,12337247,126624,293472,+166848,+229770,1955927,4506995,+2551068,+3564702,KRX
20251110,-62300,5,-500,-0.80,7999819,151860,88938,--62922,--97352,2393156,1379522,--1013634,--1547282,KRX
20251107,+62800,2,+2100,+3.46,9719245,115436,149866,+34430,+72114,1842782,2376430,+533648,+1151371,KRX
20251106,-60700,5,-2000,-3.19,4335582,93584,55900,--37684,--22272,1528033,910310,--617723,--365960,KRX
20251105,-62700,5,-1500,-2.34,5643655,90042,74630,--15412,--26279,1448865,1197102,--251763,--420570,KRX
20251104,-64200,5,-300,-0.47,1815606,24182,35049,+10867,+47955,374382,543189,+168807,+740176,KRX
20251103,-64500,5,-600,-0.92,3029755,70561,33473,--37088,--47408,1087595,516226,--571369,--727809,KRX
20251031,+65100,2,+1600,+2.52,3412818,57564,67884,+10320,+92491,881386,1037826,+156440,+1422815,KRX
20251030,-63500,5,-4200,-6.20,5185767,125511,43340,--82171,--223769,1934677,668302,--1266375,--3365814,KRX
20251029,+67700,2,+4000,+6.28,11877149,110437,252035,+141598,+76264,1638889,3738328,+2099439,+1069575,KRX
20251028,+63700,2,+2800,+4.60,5224554,49011,114345,+65334,+48719,775233,1805097,+1029864,+756114,KRX
20251027,+60900,2,+1700,+2.87,2592815,32383,48998,+16615,+23664,533284,807034,+273750,+392771,KRX
20251024,+59200,2,+200,+0.34,1101507,18275,11226,--7049,+14887,308603,189582,--119021,+250292,KRX
20251023,-59000,5,-1900,-3.12,2234207,36026,14090,--21936,+15658,605912,236599,--369313,+246239,KRX
20251022,-60900,5,-1400,-2.25,2244634,60398,22804,--37594,--57973,990582,375030,--615552,--949127,KRX
20251021,+62300,2,+3500,+5.95,6975312,76558,96937,+20379,+7491,1247922,1581497,+333575,+113942,KRX
20251020,+58800,2,+800,+1.38,1646974,18597,31485,+12888,+15556,320554,540187,+219633,+266416,KRX
20251017,-58000,5,-600,-1.02,2052888,29941,27273,--2668,+7897,513346,466563,--46783,+132548,KRX
20251016,-58600,5,-600,-1.01,2296149,30440,19875,--10565,+5959,516986,337655,--179331,+98683,KRX
20251015,-59200,5,-400,-0.67,1659217,30534,14010,--16524,--2461,513120,235106,--278014,--42365,KRX
20251014,-59600,5,-200,-0.33,2138963,48548,34485,--14063,+57769,808542,572893,--235649,+961680,KRX
20251013,-59800,5,-2300,-3.70,2615559,92480,20648,--71832,--128418,1541592,344263,--1197329,--2119013,KRX
20251010,+62100,2,+2500,+4.19,2984964,43784,100370,+56586,+55704,712133,1633817,+921684,+908005,KRX
20251002,-59600,5,-400,-0.67,2321148,53928,54810,+882,--12973,899555,913234,+13679,--215868,KRX
20251001,+60000,2,+400,+0.67,1644566,28230,42085,+13855,+38119,469485,699032,+229547,+630346,KRX
20250930,-59600,5,-700,-1.16,2019879,53221,28957,--24264,--11179,882681,481882,--400799,--180094,KRX
20250929,+60300,2,+1000,+1.69,3131452,64840,51755,--13085,+59888,1081567,860862,--220705,+991833,KRX
20250926,-59300,5,-3900,-6.17,4899137,109921,36948,--72973,--60098,1828662,616124,--1212538,--1009013,KRX
20250925,+63200,2,+400,+0.64,2815412,56889,44014,--12875,+31891,900187,696662,--203525,+504796,KRX
20250924,-62800,5,-500,-0.79,2786106,71279,26513,--44766,+9540,1127248,418927,--708321,+145489,KRX
20250923,-63300,5,-3100,-4.67,4850268,102612,48306,--54306,--53629,1604976,751166,--853810,--843931,KRX
20250922,-66400,5,-600,-0.90,2276896,37389,36712,--677,--47287,562749,552870,--9879,--707533,KRX
20250919,+67000,2,+2300,+3.55,5009911,76150,122760,+46610,+30022,1135084,1832738,+697654,+441752,KRX
20250918,+64700,2,+2200,+3.52,2541491,35985,52573,+16588,+24533,559091,814993,+255902,+382455,KRX
20250917,-62500,5,-400,-0.64,992359,22859,14914,--7945,+33042,364320,237767,--126553,+522739,KRX
20250916,-62900,5,-1100,-1.72,2130735,56095,15108,--40987,+5914,889177,239885,--649292,+82579,KRX
20250915,-64000,5,-1500,-2.29,2370450,66865,19964,--46901,--182448,1043336,311465,--731871,--2844740,KRX
20250912,+65500,2,+5600,+9.35,6828797,48078,183625,+135547,+138505,750207,2863076,+2112869,+2162777,KRX
20250911,59900,3,0,0.00,1793242,53315,50357,--2958,+7832,888993,839085,--49908,+130720,KRX
20250910,+59900,2,+300,+0.50,1665136,40826,30036,--10790,--7634,680125,499497,--180628,--126854,KRX
20250909,+59600,2,+400,+0.68,1361280,32434,29278,--3156,--21453,546727,492953,--53774,--360404,KRX
20250908,+59200,2,+700,+1.20,1665995,26910,45207,+18297,+36424,452752,759382,+306630,+612397,KRX
20250905,58500,3,0,0.00,1536092,34961,16834,--18127,--20089,591622,285855,--305767,--341352,KRX
20250904,-58500,5,-400,-0.68,2592577,38286,40248,+1962,--14041,655716,691301,+35585,--233885,KRX
20250903,-58900,5,-400,-0.67,1641908,20541,36544,+16003,+40495,346623,616093,+269470,+679095,KRX
20250902,-59300,5,-1900,-3.10,3661180,65619,41127,--24492,--43397,1101671,692046,--409625,--717766,KRX
20250901,-61200,5,-1300,-2.08,2491823,34780,53685,+18905,+12685,570564,878705,+308141,+208054,KRX
20250829,-62500,5,-1000,-1.57,1704037,30965,37185,+6220,--2375,493625,593712,+100087,--34482,KRX
20250828,-63500,5,-600,-0.94,1229932,24881,33476,+8595,+16885,391109,525678,+134569,+262720,KRX
20250827,-64100,5,-900,-1.38,1845944,55352,47062,--8290,--17335,862043,733892,--128151,--267164,KRX
20250826,+65000,2,+300,+0.46,2393834,64116,73161,+9045,--32202,988004,1127017,+139013,--499511,KRX
20250825,+64700,2,+1100,+1.73,1853582,20903,62150,+41247,+5500,325382,963906,+638524,+78578,KRX
20250822,-63600,5,-400,-0.63,2234317,25581,61328,+35747,+51084,401020,960966,+559946,+791532,KRX
20250821,-64000,5,-1300,-1.99,4221004,67377,52040,--15337,--18079,1033422,801836,--231586,--275728,KRX
20250820,+65300,2,+100,+0.15,3436218,49868,52610,+2742,--19808,775048,819190,+44142,--301573,KRX
20250819,+65200,2,+200,+0.31,2712501,34963,57513,+22550,+12244,536538,882253,+345715,+186827,KRX
20250818,+65000,2,+600,+0.93,1926649,27639,37945,+10306,--31029,426755,585643,+158888,--482159,KRX
20250814,+64400,2,+900,+1.42,3339635,32964,74299,+41335,+24287,511728,1152775,+641047,+368099,KRX
20250813,-63500,5,-200,-0.31,2791808,37554,54602,+17048,--16168,590996,863944,+272948,--247691,KRX
20250812,-63700,5,-500,-0.78,2620057,31821,65037,+33216,--8401,498585,1019224,+520639,--123135,KRX
20250811,+64200,2,+400,+0.63,4002999,58603,100220,+41617,+9671,905960,1549734,+643774,+143158,KRX
20250808,+63800,2,+200,+0.31,7219790,76269,108215,+31946,--95036,1191348,1691964,+500616,--1580092,KRX
20250807,+63600,2,+6800,+11.97,11910000,83857,210839,+126982,+120229,1373468,3454176,+2080708,+1968149,KRX
20250806,+56800,2,+2100,+3.84,3966137,60449,67202,+6753,+27676,1084794,1197353,+112559,+501013,KRX
20250805,-54700,5,-700,-1.26,4343070,70992,50069,--20923,--58991,1309302,920848,--388454,--1037546,KRX
20250804,-55400,5,-100,-0.18,8113567,96737,134805,+38068,+56522,1702708,2351800,+649092,+978042,KRX
20250801,-55500,5,-2500,-4.31,2256317,49445,30991,--18454,--21343,884114,555164,--328950,--379619,KRX
20250731,+58000,2,+1700,+3.02,2062382,34919,37808,+2889,+34185,609796,660465,+50669,+599143,KRX
20250730,+56300,2,+300,+0.54,3314430,64258,32962,--31296,--13042,1126650,578176,--548474,--221922,KRX
20250729,+56000,2,+100,+0.18,1272773,27924,9670,--18254,+4933,499238,172686,--326552,+89004,KRX
20250728,+55900,2,+100,+0.18,1437014,40359,17172,--23187,--24918,722671,307115,--415556,--445996,KRX
20250725,+55800,2,+1700,+3.14,1822409,34118,35849,+1731,--5765,618253,648693,+30440,--109877,KRX
20250724,-54100,5,-900,-1.64,1968455,33481,40977,+7496,--3603,614815,755132,+140317,--62725,KRX
20250723,-55000,5,-1500,-2.65,1861734,25363,36462,+11099,+6815,460282,663324,+203042,+126653,KRX
20250722,-56500,5,-400,-0.70,1274106,21209,25493,+4284,+7402,376015,452404,+76389,+131439,KRX
20250721,56900,3,0,0.00,1111739,21462,18344,--3118,+5253,377629,322579,--55050,+91821,KRX
20250718,-56900,5,-600,-1.04,1334076,30136,21765,--8371,--43206,530229,383358,--146871,--747668,KRX
20250717,+57500,2,+1400,+2.50,3318001,40394,75229,+34835,+41033,701006,1301803,+600797,+709370,KRX
20250716,-56100,5,-1100,-1.92,1844953,36339,30141,--6198,--34628,642962,534389,--108573,--608260,KRX
20250715,-57200,5,-1100,-1.89,2979693,23015,51445,+28430,+11067,404189,903876,+499687,+197431,KRX
20250714,-58300,5,-1700,-2.83,3469359,41367,58730,+17363,+52029,715226,1017482,+302256,+870620,KRX
20250711,-60000,5,-800,-1.32,2465478,63016,28350,--34666,--52550,1036325,467961,--568364,--862197,KRX
20250710,+60800,2,+300,+0.50,3149990,70276,88160,+17884,+22888,1157244,1451077,+293833,+377804,KRX
20250709,-60500,5,-300,-0.49,2152533,44980,39976,--5004,--6017,748320,664349,--83971,--100294,KRX
20250708,+60800,2,+700,+1.16,2354516,48690,49703,+1013,--8267,803791,820114,+16323,--140178,KRX
20250707,+60100,2,+1700,+2.91,3213170,52776,62056,+9280,+21078,880495,1036996,+156501,+354365,KRX
20250704,-58400,5,-1100,-1.85,2125150,38711,26913,--11798,+4439,654438,456574,--197864,+72420,KRX
20250703,+59500,2,+800,+1.36,3330017,76746,60509,--16237,--11295,1278820,1008536,--270284,--190187,KRX
20250702,-58700,5,-1400,-2.33,2974555,49921,44979,--4942,+18409,843173,763076,--80097,+298295,KRX
20250701,+60100,2,+100,+0.17,4862065,89804,66453,--23351,--38586,1465081,1086689,--378392,--636545,KRX
20250630,-60000,5,-900,-1.48,4067265,53533,68768,+15235,+4922,882737,1140890,+258153,+87203,KRX
20250627,-60900,5,-2200,-3.49,7751588,133373,143686,+10313,--45102,2193628,2364578,+170950,--701625,KRX
20250626,-63100,5,-6300,-9.08,12516562,131874,187289,+55415,+36263,2072587,2945162,+872575,+591988,KRX
20250625,-69400,5,-1000,-1.42,6399440,82425,101577,+19152,+7567,1188923,1469510,+280587,+102417,KRX
20250624,+70400,2,+2800,+4.14,12083420,160650,172235,+11585,+93378,2310773,2488943,+178170,+1388707,KRX
20250623,+67600,2,+1000,+1.50,12708128,254364,172571,--81793,--103140,3779598,2569061,--1210537,--1581628,KRX
20250620,+66600,2,+6200,+10.26,16754279,238852,260199,+21347,--8474,3710960,4082051,+371091,--125512,KRX
20250619,+60400,2,+5200,+9.42,14753547,149704,179525,+29821,+47873,2498899,2995502,+496603,+830744,KRX
20250618,+55200,2,+3400,+6.56,8380598,107572,89520,--18052,+3151,1983030,1648889,--334141,+65943,KRX
20250617,-51800,5,-1400,-2.63,3981660,57763,36560,--21203,--22991,1096772,696688,--400084,--434795,KRX
20250616,+53200,2,+1700,+3.30,4949701,55797,57585,+1788,+54937,1068680,1103391,+34711,+1056928,KRX
20250613,+51500,2,+1000,+1.98,5408390,87456,34307,--53149,--61333,1687077,664860,--1022217,--1186503,KRX
20250612,-50500,5,-900,-1.75,4071665,77475,85659,+8184,+10731,1527309,1691595,+164286,+210016,KRX
20250611,+51400,2,+1400,+2.80,5300436,77064,74517,--2547,+35120,1508833,1463103,--45730,+686308,KRX
20250610,-50000,5,-1400,-2.72,8896042,116607,78940,--37667,--60834,2304075,1572037,--732038,--1190035,KRX
20250609,+51400,2,+7100,+16.03,12784767,104390,127557,+23167,--12322,2114203,2572200,+457997,--353470,KRX
20250605,+44300,2,+2700,+6.49,5070135,38951,74440,+35489,+37855,888443,1699910,+811467,+867572,KRX
20250604,-41600,5,-1550,-3.59,3838475,46895,44529,--2366,--9457,1114474,1058369,--56105,--220749,KRX
20250602,+43150,2,+450,+1.05,2075682,23447,30538,+7091,--3489,546331,710975,+164644,--82226,KRX
20250530,-42700,5,-1300,-2.95,3539065,75890,86470,+10580,--2060,1770883,2017753,+246870,--43984,KRX
20250529,+44000,2,+2300,+5.52,4644875,27972,40612,+12640,--4409,647179,938033,+290854,--118307,KRX
20250528,+41700,2,+750,+1.83,2787745,23580,40629,+17049,--18165,568074,977235,+409161,--470559,KRX
20250527,+40950,2,+1950,+5.00,3448700,15899,51113,+35214,--238,395201,1274921,+879720,--48528,KRX
20250526,+39000,2,+1600,+4.28,2676578,12852,48304,+35452,+29190,335291,1263539,+928248,+760967,KRX
20250523,+37400,2,+150,+0.40,1081143,8169,14431,+6262,+4647,219021,386302,+167281,+124032,KRX
20250522,-37250,5,-200,-0.53,884129,10674,12289,+1615,--10952,286505,329754,+43249,--291064,KRX
20250521,+37450,2,+900,+2.46,1327371,7918,20485,+12567,+19360,211156,545469,+334313,+520590,KRX
20250520,+36550,2,+100,+0.27,1680015,17528,10735,--6793,+7340,479751,293474,--186277,+199769,KRX
20250519,-36450,5,-950,-2.54,1389926,21332,7199,--14133,--13215,583321,197275,--386046,--361340,KRX
20250516,-37400,5,-250,-0.66,912660,9560,8642,--918,+6810,255075,230369,--24706,+181410,KRX
20250515,-37650,5,-300,-0.79,1346122,25748,18020,--7728,--6496,684459,478343,--206116,--173022,KRX
20250514,+37950,2,+400,+1.07,1623377,23385,22153,--1232,+5409,618192,585098,--33094,+143482,KRX
20250513,-37550,5,-550,-1.44,1270052,21605,14964,--6641,--31156,572492,395916,--176576,--829269,KRX
20250512,+38100,2,+1150,+3.11,1737798,9394,33909,+24515,+32916,250139,902832,+652693,+879870,KRX
20250509,-36950,5,-50,-0.14,1076784,19731,11330,--8401,+43519,533557,306380,--227177,+1168507,KRX
20250508,-37000,5,-1350,-3.52,4639380,84338,32418,--51920,--67243,2271085,875401,--1395684,--1794330,KRX
20250507,+38350,2,+300,+0.79,1891623,25247,40570,+15323,+5937,660028,1058674,+398646,+154180,KRX
20250502,-38050,5,-200,-0.52,1350989,16825,26211,+9386,+3063,439817,684283,+244466,+79926,KRX
20250430,-38250,5,-200,-0.52,1857478,25455,31778,+6323,--9261,667661,832201,+164540,--240665,KRX
20250429,+38450,2,+400,+1.05,1787062,16960,32544,+15584,+15036,441003,846208,+405205,+391262,KRX
20250428,+38050,2,+100,+0.26,1779369,20232,20780,+548,+43444,529236,543179,+13943,+1156152,KRX
20250425,-37950,5,-1500,-3.80,16562277,82931,40035,--42896,--45122,2200161,1057952,--1142209,--1198522,KRX
20250424,+39450,2,+50,+0.13,497262,5954,8180,+2226,+6269,150988,207301,+56313,+159035,KRX
20250423,+39400,2,+200,+0.51,687852,6851,2808,--4043,--7158,173983,71261,--102722,--180589,KRX
20250422,+39200,2,+300,+0.77,1247375,12941,16056,+3115,+5141,329773,407640,+77867,+130072,KRX
20250421,-38900,5,-100,-0.26,464726,5709,3683,--2026,--5575,146466,94261,--52205,--143368,KRX
20250418,+39000,2,+800,+2.09,841087,6107,9656,+3549,+6657,157250,248413,+91163,+172998,KRX
20250417,+38200,2,+450,+1.19,845939,16306,13198,--3108,+16295,427740,345905,--81835,+427189,KRX
20250416,-37750,5,-1100,-2.83,1386130,32253,12850,--19403,--14135,846893,337869,--509024,--373661,KRX
20250415,-38850,5,-150,-0.38,1049886,13890,8622,--5268,--6565,356523,221160,--135363,--168476,KRX
20250414,39000,3,0,0.00,962491,10513,11810,+1297,+9184,268436,301549,+33113,+237631,KRX
20250411,-39000,5,-1000,-2.50,1364871,21770,13883,--7887,--14104,562739,358221,--204518,--355208,KRX
20250410,+40000,2,+2850,+7.67,1977485,24375,30592,+6217,+13076,624128,774818,+150690,+334104,KRX
20250409,-37150,5,-1900,-4.87,1861781,23399,16540,--6859,+9844,618779,435365,--183414,+235736,KRX
20250408,-39050,5,-1600,-3.94,2588453,46056,29353,--16703,--3348,1158356,739206,--419150,--91527,KRX
20250407,-40650,5,-1200,-2.87,2124791,31238,17883,--13355,+10933,766818,439195,--327623,+259945,KRX
20250404,-41850,5,-1000,-2.33,4844975,72662,48374,--24288,--37909,1726040,1138472,--587568,--907199,KRX
20250403,+42850,2,+1950,+4.77,2508882,14153,27774,+13621,+40411,335424,655055,+319631,+971971,KRX
20250402,-40900,5,-1300,-3.08,1549771,34895,8105,--26790,--40338,849956,197616,--652340,--975870,KRX
20250401,+42200,2,+3100,+7.93,2570592,19773,33321,+13548,+21917,474680,798210,+323530,+534432,KRX
20250331,-39100,5,-2050,-4.98,1711143,29452,21083,--8369,--4604,744013,533111,--210902,--119300,KRX
20250328,-41150,5,-450,-1.08,728635,9940,6175,--3765,+980,242073,150471,--91602,+21521,KRX
20250327,-41600,5,-1300,-3.03,1360153,13709,8964,--4745,--6643,328751,215628,--113123,--156971,KRX
20250326,+42900,2,+700,+1.66,1180900,8492,10390,+1898,--1511,201572,245420,+43848,--37254,KRX
20250325,+42200,2,+300,+0.72,827099,7931,11340,+3409,+5196,188446,269548,+81102,+121973,KRX
20250324,-41900,5,-1700,-3.90,1792693,11886,10099,--1787,--15929,280146,239275,--40871,--369784,KRX
20250321,+43600,2,+950,+2.23,1900729,21159,35301,+14142,+17850,490416,819329,+328913,+415011,KRX
20250320,-42650,5,-650,-1.50,1761461,18536,14828,--3708,+6532,430436,344338,--86098,+149034,KRX
20250319,-43300,5,-700,-1.59,1642570,21725,11485,--10240,--20473,499480,264348,--235132,--464719,KRX
20250318,+44000,2,+500,+1.15,2475410,15984,26217,+10233,+3920,361629,591216,+229587,+84595,KRX
20250317,+43500,2,+50,+0.12,1693348,11608,17921,+6313,+15884,269024,414016,+144992,+365169,KRX
20250314,+43450,2,+300,+0.70,1733603,18004,8433,--9571,--18410,414270,194093,--220177,--430752,KRX
20250313,-43150,5,-950,-2.15,3269454,33325,42164,+8839,+19347,764869,975444,+210575,+448264,KRX
20250312,44100,3,0,0.00,1976354,21683,11175,--10508,+2023,491137,253448,--237689,+46821,KRX
20250311,-44100,5,-1300,-2.86,2486551,26075,13544,--12531,--27921,591451,306941,--284510,--620904,KRX
20250310,+45400,2,+1650,+3.77,4010592,19919,35309,+15390,+36810,444511,780905,+336394,+824437,KRX
20250307,-43750,5,-1350,-2.99,3099161,32994,11574,--21420,--62959,750716,262673,--488043,--1417954,KRX
20250306,+45100,2,+2000,+4.64,6180767,47166,88705,+41539,+51122,1064812,1994723,+929911,+1153287,KRX
20250305,+43100,2,+1200,+2.86,2525062,30093,20510,--9583,--15818,699869,476493,--223376,--377852,KRX
20250304,-41900,5,-1250,-2.90,3387888,32930,39165,+6235,+59315,777084,931560,+154476,+1370095,KRX
20250228,-43150,5,-1300,-2.92,6591090,96902,43822,--53080,--78707,2225608,1009989,--1215619,--1797759,KRX
20250227,+44450,2,+2350,+5.58,10185706,60643,86270,+25627,--11541,1379739,1961879,+582140,--319363,KRX
20250226,+42100,2,+2350,+5.91,7598359,32332,69500,+37168,+32943,776186,1677689,+901503,+794781,KRX
20250225,+39750,2,+200,+0.51,1505555,8377,12602,+4225,+4309,211786,318508,+106722,+109064,KRX
20250224,-39550,5,-350,-0.88,1834667,11547,11463,--84,--6481,292313,289971,--2342,--162397,KRX
20250221,+39900,2,+150,+0.38,2460853,12231,18628,+6397,+24266,306019,466074,+160055,+606099,KRX
20250220,+39750,2,+450,+1.15,4599415,43202,25333,--17869,+162,1077509,631465,--446044,+12930,KRX
20250219,+39300,2,+350,+0.90,2977884,36527,18496,--18031,--9200,928694,469720,--458974,--232560,KRX
20250218,-38950,5,-100,-0.26,2601628,28593,19762,--8831,+486,732612,506198,--226414,+12756,KRX
20250217,+39050,2,+300,+0.77,3131805,40983,31666,--9317,+15819,1049623,810453,--239170,+397935,KRX
20250214,-38750,5,-1450,-3.61,6091721,42658,17522,--25136,--18512,1083528,446423,--637105,--479960,KRX
20250213,-40200,5,-1800,-4.29,8123275,74239,67615,--6624,--22423,1825700,1668555,--157145,--534305,KRX
20250212,-42000,5,-850,-1.98,2941517,16264,32063,+15799,--4197,387357,764517,+377160,--91198,KRX
20250211,+42850,2,+350,+0.82,3387582,28662,48658,+19996,+22991,669404,1137762,+468358,+526455,KRX
20250210,-42500,5,-2000,-4.49,6162748,46151,43156,--2995,+8118,1042211,984114,--58097,+190736,KRX
20250207,-44500,5,-800,-1.77,5102434,48154,37041,--11113,--61727,1082535,833702,--248833,--1374776,KRX
20250206,+45300,2,+2100,+4.86,9121099,61804,112418,+50614,+47648,1380904,2506847,+1125943,+1060851,KRX
20250205,+43200,2,+2300,+5.62,10732661,71497,74463,+2966,--1594,1681299,1746391,+65092,--53936,KRX
20250204,-40900,5,-900,-2.15,12331280,66066,70626,+4560,+15604,1576625,1695653,+119028,+414940,KRX
20250203,+41800,2,+3450,+9.00,14720792,79421,68377,--11044,--45412,1993622,1697710,--295912,--1210829,KRX
20250131,+38350,2,+2600,+7.27,6846406,33142,67510,+34368,+33896,872269,1787186,+914917,+902417,KRX
20250124,35750,3,0,0.00,1076274,9129,9601,+472,+5435,254774,267274,+12500,+149865,KRX
20250123,-35750,5,-550,-1.52,1220022,12209,7246,--4963,+1851,338911,201546,--137365,+50792,KRX
20250122,-36300,5,-150,-0.41,1154547,13233,6419,--6814,--8267,363881,175724,--188157,--227306,KRX
20250121,36450,3,0,0.00,1166887,8274,9727,+1453,--2261,226697,265846,+39149,--63518,KRX
20250120,+36450,2,+50,+0.14,1356111,6538,10252,+3714,+4958,179998,282665,+102667,+136697,KRX
20250117,-36400,5,-500,-1.36,1135029,8895,7651,--1244,+3630,243516,209486,--34030,+97457,KRX
20250116,-36900,5,-100,-0.27,1271977,12450,7576,--4874,+14953,335969,204482,--131487,+406085,KRX
20250115,+37000,2,+150,+0.41,2186274,29050,9223,--19827,--16139,784660,247088,--537572,--436971,KRX
20250114,+36850,2,+350,+0.96,1087274,14945,11257,--3688,--1505,407596,306995,--100601,--40728,KRX
20250113,-36500,5,-50,-0.14,1170255,15910,13727,--2183,+1088,435766,375893,--59873,+28107,KRX
20250110,-36550,5,-650,-1.75,2240282,21844,18573,--3271,--8241,595394,507414,--87980,--221969,KRX
20250109,-37200,5,-200,-0.53,2219066,24204,29174,+4970,+6911,647276,781265,+133989,+183447,KRX
20250108,-37400,5,-1250,-3.23,2887696,20414,18473,--1941,+3414,536072,486614,--49458,+88328,KRX
20250107,-38650,5,-500,-1.28,1438838,19204,13849,--5355,--5801,491571,353785,--137786,--148406,KRX
20250106,+39150,2,+1100,+2.89,1459048,10113,10559,+446,+7583,261646,272266,+10620,+195446,KRX
20250103,+38050,2,+600,+1.60,1971546,19045,11908,--7137,--7313,495036,310210,--184826,--190757,KRX
20250102,-37450,5,-750,-1.96,1391090,12343,12519,+176,+3651,327675,333606,+5931,+95515,KRX
20241230,-38200,5,-650,-1.67,1110508,14425,10950,--3475,--3760,374256,284672,--89584,--96818,KRX
20241227,+38850,2,+300,+0.78,1236769,10610,10895,+285,--15978,273260,280494,+7234,--412311,KRX
20241226,-38550,5,-950,-2.41,1921654,7411,23674,+16263,+11542,190312,609857,+419545,+300645,KRX
20241224,-39500,5,-200,-0.50,1110417,7518,12239,+4721,--5082,189329,308229,+118900,--128616,KRX
20241223,-39700,5,-1100,-2.70,2132239,9747,19550,+9803,+4219,244586,492102,+247516,+110543,KRX
20241220,-40800,5,-400,-0.97,1973168,24205,29789,+5584,+6929,592744,729717,+136973,+168152,KRX
20241219,-41200,5,-2200,-5.07,2407758,18941,17596,--1345,--11660,454436,423257,--31179,--268571,KRX
20241218,+43400,2,+550,+1.28,1516552,10257,20572,+10315,+2131,236639,474031,+237392,+47609,KRX
20241217,-42850,5,-1100,-2.50,2019873,15157,23341,+8184,+34321,350273,540056,+189783,+766563,KRX
20241216,-43950,5,-1950,-4.25,4206177,42309,16172,--26137,--35580,939135,362355,--576780,--782700,KRX
20241213,+45900,2,+2200,+5.03,4615083,30890,40333,+9443,--3531,679953,885873,+205920,--90755,KRX
20241212,-43700,5,-900,-2.02,3811891,33214,46188,+12974,+18219,755271,1051946,+296675,+415545,KRX
20241211,+44600,2,+750,+1.71,2218036,20440,15195,--5245,--3053,460448,341578,--118870,--68238,KRX
20241210,+43850,2,+1550,+3.66,2629946,23374,21182,--2192,--18988,536875,486243,--50632,--450193,KRX
20241209,-42300,5,-2200,-4.94,4184554,29010,45806,+16796,+31353,666568,1066129,+399561,+721278,KRX
20241206,+44500,2,+400,+0.91,6696783,56581,42024,--14557,--21712,1272229,950512,--321717,--483225,KRX
20241205,-44100,5,-2500,-5.36,5207632,29961,37116,+7155,--27783,674003,835511,+161508,--604416,KRX
20241204,+46600,2,+3650,+8.50,13795722,77769,112707,+34938,+19796,1714049,2479973,+765924,+411111,KRX
20241203,+42950,2,+800,+1.90,3152958,26204,41346,+15142,+13295,614209,969022,+354813,+314168,KRX
20241202,+42150,2,+2050,+5.11,5583827,40965,42812,+1847,--808,983240,1023885,+40645,--27562,KRX
20241129,+40100,2,+1900,+4.97,5364138,32841,35496,+2655,+1517,824740,892947,+68207,+38020,KRX
20241128,-38200,5,-150,-0.39,1210453,6975,8113,+1138,--8406,182439,212626,+30187,--221787,KRX
20241127,+38350,2,+1350,+3.65,2268347,8561,18105,+9544,+2502,225765,477739,+251974,+59898,KRX
20241126,+37000,2,+850,+2.35,1228125,12139,19181,+7042,+7685,332366,524442,+192076,+209990,KRX
20241125,+36150,2,+100,+0.28,1189187,20699,20056,--643,--7301,572565,554651,--17914,--202041,KRX
20241122,+36050,2,+900,+2.56,1095476,5968,12626,+6658,--1093,166487,350614,+184127,--35612,KRX
20241121,-35150,5,-350,-0.99,1106598,5143,12894,+7751,+3602,145791,365530,+219739,+103155,KRX
20241120,-35500,5,-750,-2.07,1012884,5793,9942,+4149,--9520,162717,279301,+116584,--264243,KRX
20241119,+36250,2,+1150,+3.28,1485633,10815,24484,+13669,+15996,300870,681697,+380827,+447890,KRX
20241118,+35100,2,+1050,+3.08,1298626,11350,9023,--2327,--4097,326754,259691,--67063,--119930,KRX
20241115,+34050,2,+1250,+3.81,1328815,9873,11643,+1770,+2832,292379,345246,+52867,+87087,KRX
20241114,-32800,5,-600,-1.80,1837035,17175,16113,--1062,--6121,517809,483589,--34220,--186448,KRX
20241113,+33400,2,+150,+0.45,1190150,8686,13745,+5059,+849,261697,413925,+152228,+26849,KRX
20241112,-33250,5,-450,-1.34,1444893,6620,10830,+4210,+5683,196884,322263,+125379,+168919,KRX
20241111,-33700,5,-1300,-3.71,1507751,10102,8629,--1473,+12283,296694,253154,--43540,+344081,KRX
20241108,-35000,5,-1550,-4.24,2225394,23684,9928,--13756,--16179,663646,276025,--387621,--453900,KRX
20241107,36550,3,0,0.00,745736,8694,11117,+2423,+8900,237969,304248,+66279,+240974,KRX
20241106,-36550,5,-1200,-3.18,981949,13882,7405,--6477,--13949,376368,201673,--174695,--373113,KRX
20241105,+37750,2,+400,+1.07,740056,3556,11028,+7472,--1405,95025,293443,+198418,--40959,KRX
20241104,+37350,2,+1200,+3.32,873319,6595,15472,+8877,+15156,177664,417041,+239377,+412115,KRX
20241101,-36150,5,-800,-2.17,689940,13636,7357,--6279,--503,375021,202283,--172738,--16047,KRX
20241031,-36950,5,-400,-1.07,1258900,24686,18910,--5776,--2587,668689,511998,--156691,--71411,KRX
20241030,37350,3,0,0.00,847115,13599,10410,--3189,--3890,362903,277623,--85280,--104007,KRX
20241029,-37350,5,-100,-0.27,450611,3966,4667,+701,--4750,106295,125022,+18727,--128311,KRX
20241028,+37450,2,+950,+2.60,686130,4569,10020,+5451,+8287,123616,270654,+147038,+224132,KRX
20241025,-36500,5,-950,-2.54,852346,6417,3581,--2836,--2568,175123,98029,--77094,--69890,KRX
20241024,-37450,5,-250,-0.66,637040,6012,5744,--268,--1304,160885,153681,--7204,--34208,KRX
20241023,+37700,2,+350,+0.94,811188,4035,5071,+1036,+10641,107535,134539,+27004,+280984,KRX
20241022,-37350,5,-2050,-5.20,1787402,23519,13914,--9605,--14783,618657,364677,--253980,--385845,KRX
20241021,+39400,2,+900,+2.34,1774111,20499,25677,+5178,--11950,520229,652094,+131865,--314605,KRX
20241018,+38500,2,+1150,+3.08,1975410,12166,29294,+17128,+14538,316579,763049,+446470,+377327,KRX
20241017,-37350,5,-250,-0.66,774171,10919,13509,+2590,+239,291554,360697,+69143,+6784,KRX
20241016,-37600,5,-50,-0.13,1084146,15254,17605,+2351,--22483,406365,468724,+62359,--603843,KRX
20241015,+37650,2,+1150,+3.15,1486111,8611,33445,+24834,+30969,230985,897187,+666202,+833663,KRX
20241014,-36500,5,-900,-2.41,1085483,11726,5591,--6135,--13399,319752,152291,--167461,--362137,KRX
20241011,+37400,2,+50,+0.13,866028,6144,13408,+7264,+1277,164753,359429,+194676,+34363,KRX
20241010,+37350,2,+350,+0.95,1900499,19208,25195,+5987,+2600,514820,675133,+160313,+68291,KRX
20241008,+37000,2,+250,+0.68,1017162,10230,13617,+3387,+700,277076,369098,+92022,+19686,KRX
20241007,+36750,2,+50,+0.14,1092340,10616,13303,+2687,--7682,289381,361717,+72336,--209648,KRX
20241004,+36700,2,+700,+1.94,1058670,10665,21034,+10369,+1579,291406,573390,+281984,+37967,KRX
20241002,-36000,5,-150,-0.41,1085080,13953,22743,+8790,+4757,387655,631672,+244017,+134209,KRX
20240930,-36150,5,-500,-1.36,1575319,15141,19174,+4033,+1977,415100,524908,+109808,+53995,KRX
20240927,-36650,5,-100,-0.27,764657,6153,8209,+2056,--6573,167989,223802,+55813,--180702,KRX
20240926,+36750,2,+900,+2.51,956351,5230,13859,+8629,+7464,143476,379991,+236515,+205243,KRX
20240925,-35850,5,-250,-0.69,957615,9908,11073,+1165,--4406,274402,305674,+31272,--123993,KRX
20240924,+36100,2,+600,+1.69,864475,4552,10123,+5571,+1718,127791,283056,+155265,+46418,KRX
20240923,+35500,2,+600,+1.72,788030,4023,7876,+3853,+3523,114055,222902,+108847,+100936,KRX
20240920,-34900,5,-400,-1.13,1194728,15079,15409,+330,+3046,429108,437019,+7911,+86164,KRX
20240919,-35300,5,-300,-0.84,973775,12332,9616,--2716,--4585,349317,271064,--78253,--130844,KRX
20240913,+35600,2,+250,+0.71,712365,3824,5693,+1869,--21125,107592,160183,+52591,--598148,KRX
20240912,+35350,2,+900,+2.61,2063865,16841,39835,+22994,+18071,478641,1129380,+650739,+508773,KRX
20240911,+34450,2,+400,+1.17,975995,4650,9573,+4923,+2760,134690,276656,+141966,+78920,KRX
20240910,+34050,2,+50,+0.15,1017498,4332,6495,+2163,+591,127245,190291,+63046,+16411,KRX
20240909,34000,3,0,0.00,962302,5878,7450,+1572,+4597,175090,221725,+46635,+135359,KRX
20240906,-34000,5,-450,-1.31,1105965,9811,6786,--3025,--12720,287705,198981,--88724,--367483,KRX
20240905,+34450,2,+300,+0.88,1313025,5211,14906,+9695,+35964,150708,429467,+278759,+1034284,KRX
20240904,-34150,5,-2050,-5.66,3028343,34287,8018,--26269,--18721,986065,230540,--755525,--549024,KRX
20240903,-36200,5,-700,-1.90,1238880,10366,2818,--7548,--2676,283683,77182,--206501,--74463,KRX
20240902,-36900,5,-300,-0.81,734047,8596,3724,--4872,--536,232892,100854,--132038,--15968,KRX
20240830,+37200,2,+200,+0.54,1353912,29838,25502,--4336,--2331,800442,684372,--116070,--62012,KRX
20240829,-37000,5,-150,-0.40,820801,6074,4069,--2005,--1320,164003,109945,--54058,--35589,KRX
20240828,-37150,5,-850,-2.24,1183525,6787,6102,--685,+3361,181717,163248,--18469,+87311,KRX
20240827,-38000,5,-700,-1.81,1148870,9225,5179,--4046,--12292,240889,135109,--105780,--320744,KRX
20240826,+38700,2,+1250,+3.34,1753855,5333,13579,+8246,+10238,139070,354034,+214964,+268396,KRX
20240823,-37450,5,-100,-0.27,872362,7956,5964,--1992,--9836,212822,159390,--53432,--263711,KRX
20240822,+37550,2,+950,+2.60,1653724,4808,12652,+7844,+1796,128379,338658,+210279,+45091,KRX
20240821,+36600,2,+100,+0.27,669506,1565,7613,+6048,+10043,42792,207980,+165188,+274360,KRX
20240820,-36500,5,-150,-0.41,950218,8848,4853,--3995,--10280,241946,132774,--109172,--278048,KRX
20240819,+36650,2,+100,+0.27,1211287,7367,13652,+6285,+9206,200791,369667,+168876,+248571,KRX
20240816,-36550,5,-250,-0.68,1170171,10833,7912,--2921,--12126,293921,214226,--79695,--330562,KRX
20240814,+36800,2,+400,+1.10,1074501,4043,13248,+9205,+8974,110283,361150,+250867,+244468,KRX
20240813,-36400,5,-700,-1.89,1205169,6614,6845,+231,--8151,180908,187307,+6399,--218390,KRX
20240812,+37100,2,+100,+0.27,1342896,7133,15515,+8382,+45465,191980,416769,+224789,+1216126,KRX
20240809,-37000,5,-1450,-3.77,3189269,43496,6413,--37083,--28014,1162990,171653,--991337,--752945,KRX
20240808,+38450,2,+150,+0.39,1878038,31377,22308,--9069,--11885,818418,580026,--238392,--311396,KRX
20240807,+38300,2,+300,+0.79,1361364,14678,17494,+2816,--10825,384658,457662,+73004,--283949,KRX
20240806,+38000,2,+1700,+4.68,1744154,12990,26631,+13641,+32364,340593,697546,+356953,+854258,KRX
20240805,-36300,5,-3250,-8.22,2685140,39104,20381,--18723,--18937,1044438,547133,--497305,--502477,KRX
20240802,-39550,5,-250,-0.63,1041566,8516,8730,+214,--9624,215063,220235,+5172,--241086,KRX
20240801,+39800,2,+600,+1.53,877795,4707,14545,+9838,+11711,118451,364709,+246258,+294647,KRX
20240731,+39200,2,+150,+0.38,1137172,20035,18162,--1873,--1940,512848,464459,--48389,--49680,KRX
20240730,-39050,5,-900,-2.25,1029339,4996,5063,+67,--1408,126410,127701,+1291,--35604,KRX
20240729,+39950,2,+150,+0.38,655444,5448,6923,+1475,+7823,136532,173427,+36895,+195607,KRX
20240726,-39800,5,-750,-1.85,950430,12072,5724,--6348,--14584,301841,143129,--158712,--363216,KRX
20240725,+40550,2,+1000,+2.53,1532071,8765,17001,+8236,--5811,218868,423372,+204504,--148862,KRX
20240724,+39550,2,+700,+1.80,2560151,16124,30171,+14047,+57174,407798,761164,+353366,+1453937,KRX
20240723,-38850,5,-2200,-5.36,4258210,55277,12150,--43127,--42077,1405457,304886,--1100571,--1074829,KRX
20240722,-41050,5,-300,-0.73,880598,12839,11789,--1050,+281,311831,286089,--25742,+7966,KRX
20240719,+41350,2,+200,+0.49,1145416,14681,13350,--1331,--6959,356443,322735,--33708,--171495,KRX
20240718,-41150,5,-50,-0.12,936043,6007,11635,+5628,--3111,147116,284903,+137787,--74480,KRX
20240717,+41200,2,+300,+0.73,1538706,12593,21332,+8739,+14900,306673,518940,+212267,+361892,KRX
20240716,-40900,5,-1000,-2.39,1196676,12743,6582,--6161,--2412,309411,159786,--149625,--60482,KRX
20240715,-41900,5,-350,-0.83,1108465,13505,9756,--3749,+9980,320259,231116,--89143,+235531,KRX
20240712,-42250,5,-100,-0.24,1870201,30747,17018,--13729,--15375,722013,397339,--324674,--364289,KRX
20240711,-42350,5,-400,-0.94,1381961,21293,22939,+1646,+146,501502,541117,+39615,+4047,KRX
20240710,+42750,2,+300,+0.71,1285909,9506,11006,+1500,+3619,224614,260182,+35568,+85482,KRX
20240709,+42450,2,+50,+0.12,1123272,13277,11158,--2119,--9310,311632,261718,--49914,--219184,KRX
20240708,+42400,2,+900,+2.17,1595728,11871,19062,+7191,+382,280566,449836,+169270,+3811,KRX
20240705,+41500,2,+1200,+2.98,1530900,11656,18465,+6809,+5467,283746,449205,+165459,+132412,KRX
20240704,+40300,2,+200,+0.50,861325,9541,10883,+1342,--1010,237122,270169,+33047,--23425,KRX
20240703,+40100,2,+100,+0.25,1173859,9673,12025,+2352,+10109,240444,296916,+56472,+249206,KRX
20240702,-40000,5,-1000,-2.44,1130668,13932,6175,--7757,--13067,346402,153668,--192734,--322766,KRX
20240701,+41000,2,+350,+0.86,714241,4938,10248,+5310,--4373,121366,251398,+130032,--106654,KRX
20240628,+40650,2,+250,+0.62,936191,5252,14935,+9683,+15241,128980,365666,+236686,+372232,KRX
20240627,-40400,5,-1200,-2.88,1203554,13515,7957,--5558,--16000,331257,195711,--135546,--386668,KRX
20240626,+41600,2,+600,+1.46,1244850,10772,21214,+10442,+16707,260677,511799,+251122,+402522,KRX
20240625,-41000,5,-1050,-2.50,1607274,17207,10942,--6265,+6289,416683,265283,--151400,+145383,KRX
20240624,-42050,5,-1100,-2.55,891039,19737,7183,--12554,--22263,466250,169467,--296783,--523525,KRX
20240621,+43150,2,+750,+1.77,2111727,62429,72138,+9709,+4485,1450158,1676900,+226742,+104199,KRX
20240620,-42400,5,-400,-0.93,783732,7708,12932,+5224,--6698,181514,304057,+122543,--158535,KRX
20240619,+42800,2,+500,+1.18,1430015,10092,22014,+11922,+10075,238013,519091,+281078,+238022,KRX
20240618,-42300,5,-100,-0.24,871491,7915,9762,+1847,+22172,186400,229456,+43056,+518873,KRX
20240617,-42400,5,-1500,-3.42,1321022,24854,4529,--20325,--10542,581775,105958,--475817,--251368,KRX
20240614,+43900,2,+250,+0.57,1154685,17452,7669,--9783,--8230,399831,175382,--224449,--188332,KRX
20240613,+43650,2,+600,+1.39,2477617,35087,33534,--1553,+3366,804563,768446,--36117,+78286,KRX
20240612,-43050,5,-100,-0.23,1047526,13851,8932,--4919,--8706,321807,207404,--114403,--201408,KRX
20240611,+43150,2,+50,+0.12,707905,6002,9789,+3787,+10091,138591,225596,+87005,+233065,KRX
20240610,-43100,5,-1150,-2.60,913040,13044,6740,--6304,--2907,301576,155516,--146060,--69767,KRX
20240607,-44250,5,-300,-0.67,922538,14925,11528,--3397,--2413,335601,259308,--76293,--54199,KRX
20240605,-44550,5,-50,-0.11,652883,9503,8519,--984,--1275,213241,191147,--22094,--28292,KRX
20240604,+44600,2,+300,+0.68,710096,8976,9267,+291,--3045,202537,208735,+6198,--69217,KRX
20240603,+44300,2,+1000,+2.31,904573,7301,10637,+3336,+15146,164421,239836,+75415,+348049,KRX
20240531,-43300,5,-350,-0.80,2172503,53229,41419,--11810,--9648,1228085,955451,--272634,--223263,KRX
20240530,-43650,5,-100,-0.23,798465,9939,7777,--2162,+17117,227881,178510,--49371,+388494,KRX
20240529,-43750,5,-1350,-2.99,1439203,25738,6459,--19279,--11782,584773,146908,--437865,--273083,KRX
20240528,-45100,5,-750,-1.64,734989,12115,4618,--7497,--14227,266753,101971,--164782,--311242,KRX
20240527,+45850,2,+1400,+3.15,1500538,10280,17010,+6730,+10003,224736,371196,+146460,+219427,KRX
20240524,-44450,5,-1000,-2.20,1280352,14844,11571,--3273,--6740,332689,259722,--72967,--148915,KRX
20240523,-45450,5,-350,-0.76,894733,9135,12602,+3467,+17512,200516,276464,+75948,+382651,KRX
20240522,-45800,5,-150,-0.33,1200115,23156,9111,--14045,--11239,505579,198876,--306703,--245092,KRX
20240521,-45950,5,-100,-0.22,1159453,9341,6535,--2806,+1955,204496,142885,--61611,+41504,KRX
20240520,-46050,5,-400,-0.86,947656,15262,10501,--4761,+2136,329986,226871,--103115,+44996,KRX
20240517,-46450,5,-350,-0.75,923404,15822,8925,--6897,--7191,339433,191322,--148111,--153830,KRX
20240516,+46800,2,+150,+0.32,1445556,19712,20006,+294,+4849,418880,424599,+5719,+102892,KRX
20240514,-46650,5,-350,-0.74,1185101,9400,4845,--4555,--323,200469,103296,--97173,--7572,KRX
20240513,-47000,5,-800,-1.67,995194,9627,5395,--4232,+11286,204054,114453,--89601,+233654,KRX
20240510,-47800,5,-800,-1.65,1407165,21878,6360,--15518,+6243,455140,131885,--323255,+119349,KRX
20240509,-48600,5,-1200,-2.41,2000421,36386,14625,--21761,--24844,742426,299822,--442604,--504272,KRX
20240508,+49800,2,+100,+0.20,737154,11862,14945,+3083,+4644,238559,300227,+61668,+93926,KRX
20240507,+49700,2,+500,+1.02,1465976,23513,21952,--1561,--9235,471100,438842,--32258,--186782,KRX
20240503,+49200,2,+900,+1.86,1373246,10902,18576,+7674,+5634,221213,375737,+154524,+112456,KRX
20240502,-48300,5,-300,-0.62,889047,13855,15895,+2040,--4819,287157,329225,+42068,--98979,KRX
20240430,+48600,2,+100,+0.21,1015126,17029,23888,+6859,--9960,350573,491620,+141047,--208241,KRX
20240429,+48500,2,+1200,+2.54,950410,5520,22339,+16819,+14247,114141,463429,+349288,+294987,KRX
20240426,-47300,5,-100,-0.21,656101,5351,7923,+2572,--4284,112920,167221,+54301,--89795,KRX
20240425,-47400,5,-700,-1.46,847788,7011,13867,+6856,--4201,147759,291855,+144096,--85785,KRX
20240424,+48100,2,+600,+1.26,725443,3096,14153,+11057,+10341,64432,294313,+229881,+215833,KRX
20240423,-47500,5,-1500,-3.06,1782455,19910,20626,+716,+2869,417629,431677,+14048,+58387,KRX
20240422,+49000,2,+400,+0.82,641194,9876,7723,--2153,+8962,201799,157460,--44339,+184542,KRX
20240419,-48600,5,-500,-1.02,1184289,20259,9144,--11115,--4940,417401,188520,--228881,--102358,KRX
20240418,+49100,2,+2200,+4.69,2262675,21763,15588,--6175,--3527,448345,321822,--126523,--70441,KRX
20240417,+46900,2,+150,+0.32,1043806,14615,11967,--2648,--2388,309520,253438,--56082,--50513,KRX
20240416,-46750,5,-1000,-2.09,1144123,11392,11132,--260,--1148,242754,237185,--5569,--24834,KRX
20240415,-47750,5,-100,-0.21,801117,9275,10163,+888,+6206,195160,214425,+19265,+130146,KRX
20240412,-47850,5,-200,-0.42,946914,17297,11979,--5318,+6972,360587,249706,--110881,+144909,KRX
20240411,-48050,5,-1200,-2.44,2005085,30502,18212,--12290,--12629,634077,378287,--255790,--262507,KRX
20240409,+49250,2,+100,+0.20,775713,7235,7574,+339,--618,145923,152640,+6717,--12442,KRX
20240408,+49150,2,+400,+0.82,1006988,9432,10389,+957,+7621,192385,211544,+19159,+156164,KRX
20240405,-48750,5,-550,-1.12,1559612,17741,11077,--6664,--3339,364632,227627,--137005,--71157,KRX
20240404,-49300,5,-1700,-3.33,2658438,22087,18762,--3325,+15804,441900,376052,--65848,+307653,KRX
20240403,-51000,5,-200,-0.39,1332410,29265,10136,--19129,+14969,570826,197325,--373501,+285777,KRX
20240402,-51200,5,-2600,-4.83,2856932,41268,7170,--34098,--32924,797415,138137,--659278,--637556,KRX
20240401,+53800,2,+100,+0.19,775737,11842,10668,--1174,--3588,219407,197685,--21722,--66577,KRX
20240329,-53700,5,-700,-1.29,870563,9935,12349,+2414,+1954,184487,229342,+44855,+36322,KRX
20240328,-54400,5,-400,-0.73,955506,12672,13132,+460,+1536,230940,239473,+8533,+28528,KRX
20240327,-54800,5,-100,-0.18,779339,11512,10436,--1076,--12424,210518,190523,--19995,--227606,KRX
20240326,+54900,2,+1100,+2.04,1170288,11464,22812,+11348,+7208,209289,416900,+207611,+131038,KRX
20240325,+53800,2,+200,+0.37,717693,6821,10961,+4140,+6006,126631,203204,+76573,+111292,KRX
20240322,53600,3,0,0.00,881388,14422,12556,--1866,--1188,267751,233032,--34719,--21147,KRX
20240321,+53600,2,+700,+1.32,1359646,21924,21246,--678,+1328,409931,396359,--13572,+24563,KRX
20240320,+52900,2,+900,+1.73,869967,12934,10928,--2006,+6221,245029,206894,--38135,+119974,KRX
20240319,-52000,5,-1000,-1.89,1116159,23593,15366,--8227,--5601,453371,295262,--158109,--108613,KRX
20240318,-53000,5,-1100,-2.03,1168724,16188,13562,--2626,--763,304502,255006,--49496,--15216,KRX
20240315,-54100,5,-800,-1.46,926038,21101,19238,--1863,--35170,389426,355146,--34280,--639423,KRX
20240314,+54900,2,+300,+0.55,1792414,24099,57406,+33307,+37011,437323,1042466,+605143,+672581,KRX
20240313,-54600,5,-1200,-2.15,1088171,14598,10894,--3704,--11469,266143,198705,--67438,--207185,KRX
20240312,+55800,2,+1200,+2.20,1388337,12762,20527,+7765,+2695,229681,369428,+139747,+46302,KRX
20240311,+54600,2,+1400,+2.63,1047193,7606,12676,+5070,--1156,141112,234557,+93445,--22145,KRX
20240308,+53200,2,+300,+0.57,1466862,17069,23295,+6226,+11352,318479,434069,+115590,+213249,KRX
20240307,+52900,2,+1000,+1.93,1425978,23304,18178,--5126,+5239,441476,343817,--97659,+102055,KRX
20240306,+51900,2,+200,+0.39,902578,17063,6698,--10365,+1861,328800,129086,--199714,+35068,KRX
20240305,-51700,5,-1400,-2.64,1737655,27464,15238,--12226,--14046,527619,292837,--234782,--267576,KRX
20240304,-53100,5,-200,-0.38,1830422,26056,27876,+1820,+26735,485102,517896,+32794,+498189,KRX
20240229,-53300,5,-2300,-4.14,3056344,64499,39584,--24915,--17767,1204962,739567,--465395,--337471,KRX
20240228,-55600,5,-1200,-2.11,1463434,18692,11544,--7148,--13871,334528,206604,--127924,--246433,KRX
20240227,-56800,5,-300,-0.53,1022628,16296,23019,+6723,--1757,286789,405298,+118509,--29473,KRX
20240226,57100,3,0,0.00,871467,11438,19918,+8480,+6983,199602,347584,+147982,+121265,KRX
20240223,-57100,5,-800,-1.38,1330016,12614,14111,+1497,+436,219942,246659,+26717,+8665,KRX
20240222,-57900,5,-100,-0.17,972001,11966,13027,+1061,+4689,205758,223810,+18052,+80351,KRX
20240221,-58000,5,-700,-1.19,844219,14071,10443,--3628,--1335,241331,179032,--62299,--24223,KRX
20240220,+58700,2,+500,+0.86,1943466,28967,26674,--2293,--2360,491127,453051,--38076,--39234,KRX
20240219,-58200,5,-200,-0.34,1409033,22644,22711,+67,+6603,387112,388270,+1158,+112355,KRX
20240216,-58400,5,-800,-1.35,2310632,31333,24797,--6536,--86538,531726,420529,--111197,--1447463,KRX
20240215,+59200,2,+4300,+7.83,10199107,65939,145941,+80002,+86719,1105174,2441440,+1336266,+1460731,KRX
20240214,+54900,2,+200,+0.37,886156,13960,7243,--6717,--14187,257913,133448,--124465,--261052,KRX
20240213,+54700,2,+700,+1.30,957145,12604,20074,+7470,+18284,230378,366965,+136587,+337290,KRX
20240208,+54000,2,+200,+0.37,1532750,35419,24605,--10814,--16048,655463,454760,--200703,--296811,KRX
20240207,-53800,5,-200,-0.37,1256600,13068,18302,+5234,+8462,239048,335156,+96108,+155712,KRX
20240206,-54000,5,-1000,-1.82,982600,16015,12787,--3228,+6107,295684,236080,--59604,+108495,KRX
20240205,-55000,5,-1300,-2.31,1564624,32793,23458,--9335,--25222,592500,424401,--168099,--452560,KRX
20240202,+56300,2,+3600,+6.83,2428683,19051,34938,+15887,+10586,343088,627549,+284461,+183132,KRX
20240201,+52700,2,+200,+0.38,1422821,14705,20006,+5301,--1414,279545,380874,+101329,--26119,KRX
20240131,-52500,5,-1800,-3.31,1794783,22457,29172,+6715,--4431,425131,552579,+127448,--79208,KRX
20240130,-54300,5,-1000,-1.81,2011521,21810,32956,+11146,+10377,401299,607955,+206656,+191820,KRX
20240129,-55300,5,-1300,-2.30,1329616,16026,16795,+769,--2726,286008,300844,+14836,--46350,KRX
20240126,+56600,2,+600,+1.07,904913,8851,12346,+3495,--6291,155795,216981,+61186,--114127,KRX
20240125,-56000,5,-700,-1.23,1817363,14951,24737,+9786,+13698,268215,443528,+175313,+244145,KRX
20240124,-56700,5,-1000,-1.73,927568,16817,12905,--3912,--9521,296046,227214,--68832,--166288,KRX
20240123,+57700,2,+1300,+2.30,1100723,9650,15259,+5609,+8218,168097,265553,+97456,+140651,KRX
20240122,-56400,5,-1200,-2.08,1934438,18981,16372,--2609,+5226,331810,288615,--43195,+92102,KRX
20240119,+57600,2,+800,+1.41,1736180,24473,16638,--7835,--12894,422974,287677,--135297,--224880,KRX
20240118,-56800,5,-700,-1.22,2237185,26569,31628,+5059,+2112,466011,555594,+89583,+39126,KRX
20240117,-57500,5,-2100,-3.52,3326071,35584,38531,+2947,+5547,615873,666330,+50457,+92693,KRX
20240116,-59600,5,-1500,-2.45,1918777,19790,17190,--2600,+4396,327824,285588,--42236,+72055,KRX
20240115,+61100,2,+700,+1.16,1737021,16254,9258,--6996,+10542,266120,151829,--114291,+177568,KRX
20240112,-60400,5,-400,-0.66,2014084,29457,11919,--17538,--52696,490255,198396,--291859,--868731,KRX
20240111,+60800,2,+1600,+2.70,4601300,25142,60300,+35158,+36812,412877,989749,+576872,+605036,KRX
20240110,+59200,2,+500,+0.85,2729859,18029,16375,--1654,--14327,303989,275825,--28164,--243459,KRX
20240109,+58700,2,+1500,+2.62,2166853,10014,22687,+12673,+10004,170555,385850,+215295,+169172,KRX
20240108,+57200,2,+1400,+2.51,2497737,20291,22960,+2669,+10506,351391,397514,+46123,+184718,KRX
20240105,-55800,5,-1400,-2.45,1316579,19453,11616,--7837,--3859,345376,206781,--138595,--68190,KRX
20240104,+57200,2,+600,+1.06,1884358,26906,22928,--3978,+10221,472255,401850,--70405,+179583,KRX
20240103,-56600,5,-1300,-2.25,1917854,29434,15235,--14199,--51940,518895,268907,--249988,--912330,KRX
20240102,+57900,2,+3600,+6.63,3726752,16331,54072,+37741,+21276,290262,952604,+662342,+357492,KRX
20231228,+54300,2,+900,+1.69,979793,9626,26091,+16465,+8279,178071,482921,+304850,+150979,KRX
20231227,+53400,2,+1000,+1.91,940418,6959,15145,+8186,--4388,131482,285353,+153871,--85462,KRX
20231226,-52400,5,-400,-0.76,957793,4455,17029,+12574,+4526,84820,324153,+239333,+87929,KRX
20231222,52800,3,0,0.00,1215421,9844,17892,+8048,+9231,185249,336653,+151404,+173379,KRX
20231221,-52800,5,-900,-1.68,1536311,17360,16177,--1183,--12945,329052,307077,--21975,--240981,KRX
20231220,-53700,5,-100,-0.19,1132733,11954,23716,+11762,+8772,222412,441418,+219006,+163082,KRX
20231219,-53800,5,-100,-0.19,933314,9040,12030,+2990,+6314,167911,223835,+55924,+117450,KRX
20231218,-53900,5,-1000,-1.82,1357544,14269,10945,--3324,--18201,264092,202566,--61526,--333104,KRX
20231215,+54900,2,+600,+1.10,2212939,28357,43234,+14877,--29146,517827,789405,+271578,--545743,KRX
20231214,+54300,2,+3400,+6.68,4990407,32663,76686,+44023,+40560,603937,1421258,+817321,+749559,KRX
20231213,-50900,5,-900,-1.74,886654,6812,10275,+3463,+1685,133190,200952,+67762,+33762,KRX
20231212,-51800,5,-300,-0.58,966939,16045,17823,+1778,--3943,308103,342103,+34000,--74617,KRX
20231211,+52100,2,+400,+0.77,1538081,20248,25969,+5721,--15056,386380,494997,+108617,--294091,KRX
20231208,+51700,2,+1200,+2.38,1481560,7277,28054,+20777,+13998,141312,544020,+402708,+268526,KRX
20231207,50500,3,0,0.00,723544,7240,14019,+6779,+10223,143271,277453,+134182,+202554,KRX
20231206,-50500,5,-300,-0.59,1039034,15759,12315,--3444,--12143,311326,242954,--68372,--239446,KRX
20231205,50800,3,0,0.00,1142447,15260,23959,+8699,--954,300750,471824,+171074,--19858,KRX
20231204,+50800,2,+1100,+2.21,1785113,13605,23258,+9653,+12478,267822,458754,+190932,+247587,KRX
20231201,-49700,5,-800,-1.58,1105367,12781,9956,--2825,--2628,256041,199386,--56655,--52290,KRX
20231130,50500,3,0,0.00,1613598,33847,33650,--197,+4519,671423,667058,--4365,+88463,KRX
20231129,-50500,5,-600,-1.17,1284120,17823,13107,--4716,--9209,351482,258654,--92828,--182604,KRX
20231128,+51100,2,+1250,+2.51,1423510,11959,16452,+4493,+4535,236288,326064,+89776,+89930,KRX
20231127,-49850,5,-650,-1.29,1480318,14308,14266,--42,+2720,285914,285760,--154,+54714,KRX
20231124,+50500,2,+200,+0.40,1011208,11430,8668,--2762,--5264,226906,172038,--54868,--104572,KRX
20231123,50300,3,0,0.00,1394573,9771,12273,+2502,--7588,194601,244305,+49704,--150854,KRX
20231122,+50300,2,+1050,+2.13,2467921,10181,20271,+10090,--7324,205381,405939,+200558,--153179,KRX
20231121,+49250,2,+1450,+3.03,2483017,12141,29555,+17414,+14077,246772,600509,+353737,+284001,KRX
20231120,+47800,2,+300,+0.63,929546,7905,11242,+3337,+6315,165413,235149,+69736,+132538,KRX
20231117,-47500,5,-700,-1.45,1144308,16863,13885,--2978,--5076,354452,291650,--62802,--106720,KRX
20231116,-48200,5,-100,-0.21,1565115,15545,17643,+2098,--10943,325086,369004,+43918,--227613,KRX
20231115,+48300,2,+1950,+4.21,2792797,23886,36927,+13041,+12488,497510,769041,+271531,+259774,KRX
20231114,+46350,2,+1350,+3.00,1718239,18372,18925,+553,+567,396729,408486,+11757,+12645,KRX
20231113,-45000,5,-650,-1.42,1288632,10646,10632,--14,+6655,234198,233310,--888,+144650,KRX
20231110,+45650,2,+50,+0.11,1978790,24626,17957,--6669,--25696,539642,394104,--145538,--564335,KRX
20231109,+45600,2,+1650,+3.75,3198261,18790,37817,+19027,+16088,415337,834134,+418797,+351978,KRX
20231108,+43950,2,+200,+0.46,1515109,11136,14075,+2939,--4442,251701,318520,+66819,--103420,KRX
20231107,-43750,5,-950,-2.13,2026104,18083,25464,+7381,+13354,413328,583567,+170239,+309937,KRX
20231106,+44700,2,+3400,+8.23,4871031,46104,40131,--5973,--11273,1058677,918979,--139698,--273111,KRX
20231103,+41300,2,+2750,+7.13,3675484,20649,25949,+5300,--6592,507467,640880,+133413,--175871,KRX
20231102,+38550,2,+950,+2.53,1529650,6390,18282,+11892,+12661,166653,475937,+309284,+329359,KRX
20231101,-37600,5,-200,-0.53,1272093,15758,14989,--769,--5742,416908,396833,--20075,--151912,KRX
20231031,-37800,5,-200,-0.53,1791726,14768,19741,+4973,--5168,388038,519875,+131837,--135234,KRX
20231030,+38000,2,+250,+0.66,1290753,7836,17977,+10141,+9804,206029,473100,+267071,+258030,KRX
20231027,+37750,2,+100,+0.27,1323041,15003,15340,+337,--5938,397444,406485,+9041,--156773,KRX
20231026,-37650,5,-1300,-3.34,2073618,14599,20874,+6275,--278,385927,551741,+165814,--1690,KRX
20231025,-38950,5,-650,-1.64,1422352,8586,15139,+6553,--14485,219621,387125,+167504,--374263,KRX
20231024,+39600,2,+1650,+4.35,2739742,11677,32715,+21038,+6801,301726,843493,+541767,+170251,KRX
20231023,-37950,5,-1100,-2.82,2585077,16649,30886,+14237,+3625,434620,806136,+371516,+103029,KRX
20231020,-39050,5,-1450,-3.58,2483524,13293,23905,+10612,+1390,339399,607886,+268487,+42158,KRX
20231019,-40500,5,-1300,-3.11,1699061,14635,23857,+9222,--7329,359482,585811,+226329,--166439,KRX
20231018,-41800,5,-1000,-2.34,1389354,9353,25904,+16551,+9506,222644,615412,+392768,+230025,KRX
20231017,-42800,5,-350,-0.81,1063385,7477,14522,+7045,+10914,172978,335721,+162743,+252830,KRX
20231016,-43150,5,-50,-0.12,941701,11826,7957,--3869,--5242,274596,184509,--90087,--121753,KRX
20231013,-43200,5,-450,-1.03,589597,6932,8305,+1373,--5920,159970,191636,+31666,--135422,KRX
20231012,+43650,2,+1000,+2.34,1373599,14472,21765,+7293,+4662,331752,498840,+167088,+105408,KRX
20231011,+42650,2,+1250,+3.02,1343809,13624,16255,+2631,+7300,319451,381131,+61680,+173526,KRX
20231010,-41400,5,-650,-1.55,1273485,16530,11861,--4669,--11101,396189,284343,--111846,--266416,KRX
20231006,+42050,2,+1200,+2.94,1130815,9263,15695,+6432,--2295,221907,376477,+154570,--58804,KRX
20231005,-40850,5,-750,-1.80,1859309,14283,23010,+8727,+7061,343605,556979,+213374,+172044,KRX
20231004,-41600,5,-2350,-5.35,2511805,32535,34201,+1666,+3525,769573,810903,+41330,+84360,KRX
20230927,+43950,2,+200,+0.46,1134533,15327,13468,--1859,+15734,350037,307007,--43030,+357579,KRX
20230926,-43750,5,-1050,-2.34,1875514,27550,9957,--17593,--9787,627720,227111,--400609,--226562,KRX
20230925,-44800,5,-250,-0.55,1141723,17174,9368,--7806,+2242,382898,208851,--174047,+48327,KRX
20230922,-45050,5,-600,-1.31,1395423,20941,10893,--10048,+19094,463344,240970,--222374,+408260,KRX
20230921,-45650,5,-1450,-3.08,2463267,38635,9493,--29142,--11697,835833,205199,--630634,--262324,KRX
20230920,-47100,5,-750,-1.57,1245851,22768,5323,--17445,--3835,480588,112278,--368310,--84944,KRX
20230919,-47850,5,-750,-1.54,991657,17216,3606,--13610,--14638,358188,74822,--283366,--304243,KRX
20230918,-48600,5,-250,-0.51,876697,10787,11815,+1028,--2122,220995,241872,+20877,--43740,KRX
20230915,+48850,2,+550,+1.14,1695681,35091,38241,+3150,--2250,719462,784079,+64617,--46893,KRX
20230914,+48300,2,+500,+1.05,1687973,21300,26700,+5400,+395,443452,554962,+111510,+6989,KRX
20230913,-47800,5,-600,-1.24,1898035,17287,22292,+5005,--4890,362799,467320,+104521,--99648,KRX
20230912,+48400,2,+150,+0.31,1383694,8702,18597,+9895,+8494,179699,383868,+204169,+175160,KRX
20230911,48250,3,0,0.00,1017094,8957,10358,+1401,+6326,186200,215209,+29009,+130967,KRX
20230908,-48250,5,-500,-1.03,1116295,16235,11310,--4925,--4703,336351,234393,--101958,--96585,KRX
20230907,-48750,5,-300,-0.61,925935,12235,12013,--222,+659,250340,244967,--5373,+13150,KRX
20230906,+49050,2,+150,+0.31,830228,11912,11031,--881,+360,244188,225665,--18523,+6902,KRX
20230905,-48900,5,-200,-0.41,676829,8284,7043,--1241,+4689,169192,143767,--25425,+96204,KRX
20230904,+49100,2,+150,+0.31,1020561,12046,6116,--5930,--23485,246427,124798,--121629,--480784,KRX
20230901,+48950,2,+850,+1.77,1371351,7417,24972,+17555,+37228,152114,511269,+359155,+766961,KRX
20230831,-48100,5,-900,-1.84,1699582,52450,32777,--19673,--21498,1088037,680231,--407806,--444904,KRX
20230830,+49000,2,+400,+0.82,888093,11485,13310,+1825,--7895,234422,271520,+37098,--163480,KRX
20230829,+48600,2,+600,+1.25,864728,5273,14993,+9720,+17067,108727,309305,+200578,+353630,KRX
20230828,-48000,5,-100,-0.21,974367,12001,4654,--7347,+1809,249818,96766,--153052,+37791,KRX
20230825,-48100,5,-1000,-2.04,1330506,19024,9868,--9156,--1102,395862,205019,--190843,--26999,KRX
20230824,+49100,2,+200,+0.41,1735760,24144,16090,--8054,+10144,489420,325576,--163844,+208977,KRX
20230823,+48900,2,+250,+0.51,1344907,28052,9854,--18198,--15953,574331,201510,--372821,--325718,KRX
20230822,+48650,2,+250,+0.52,1131155,15770,13525,--2245,+7863,323476,276373,--47103,+160853,KRX
20230821,-48400,5,-50,-0.10,1010367,18350,8242,--10108,--1716,377456,169500,--207956,--35221,KRX
20230818,-48450,5,-800,-1.62,1384622,20266,11874,--8392,+359,417217,244482,--172735,+4438,KRX
20230817,-49250,5,-1050,-2.09,1640558,23176,14425,--8751,--14168,468907,291734,--177173,--284077,KRX
20230816,-50300,5,-400,-0.79,1125125,10675,16092,+5417,+7837,211692,318596,+106904,+153708,KRX
20230814,-50700,5,-900,-1.74,1062345,11379,8959,--2420,--9679,222018,175214,--46804,--186921,KRX
20230811,-51600,5,-1000,-1.90,1591602,19895,27154,+7259,--3799,384130,524247,+140117,--70088,KRX
20230810,-52600,5,-200,-0.38,1645198,14352,25410,+11058,+3616,272800,483005,+210205,+69122,KRX
20230809,+52800,2,+1000,+1.93,1095062,9397,16839,+7442,+13520,178466,319549,+141083,+257235,KRX
20230808,-51800,5,-900,-1.71,1512333,26543,20465,--6078,--25140,507580,391428,--116152,--475313,KRX
20230807,+52700,2,+900,+1.74,2755342,19215,38277,+19062,+33345,361669,720830,+359161,+631623,KRX
20230804,-51800,5,-1500,-2.81,3173204,50182,35899,--14283,--10573,955516,683054,--272462,--203998,KRX
20230803,+53300,2,+100,+0.19,2146867,31787,28077,--3710,--9283,597498,529034,--68464,--175654,KRX
20230802,-53200,5,-1700,-3.10,2936126,28585,34158,+5573,--55873,533274,640464,+107190,--1023066,KRX
20230801,+54900,2,+3600,+7.02,7074120,37998,99444,+61446,+51091,700040,1830296,+1130256,+929462,KRX
20230731,+51300,2,+700,+1.38,2204300,23639,33994,+10355,+8466,463449,664243,+200794,+162673,KRX
20230728,50600,3,0,0.00,1539813,18895,20784,+1889,--41963,373404,411525,+38121,--841864,KRX
20230727,+50600,2,+2800,+5.86,2861543,13821,57673,+43852,+30419,278168,1158153,+879985,+596338,KRX
20230726,-47800,5,-1050,-2.15,3798977,29927,43360,+13433,+22765,629724,913371,+283647,+474071,KRX
20230725,-48850,5,-1000,-2.01,1788062,19731,10399,--9332,--13804,402363,211939,--190424,--280139,KRX
20230724,-49850,5,-750,-1.48,1943708,18252,22724,+4472,--7125,367329,457044,+89715,--139947,KRX
20230721,+50600,2,+100,+0.20,1203404,9817,21414,+11597,+2204,194889,424551,+229662,+44443,KRX
20230720,+50500,2,+100,+0.20,1150775,11672,21065,+9393,+5828,230480,415699,+185219,+114512,KRX
20230719,-50400,5,-1400,-2.70,1674191,15947,19512,+3565,--15177,314915,385622,+70707,--291237,KRX
20230718,-51800,5,-900,-1.71,1486148,8829,27571,+18742,+7938,169421,531365,+361944,+156428,KRX
20230717,-52700,5,-100,-0.19,1411212,14987,25791,+10804,--1286,284721,490237,+205516,--24500,KRX
20230714,+52800,2,+900,+1.73,1900674,19414,31504,+12090,+9610,370881,600897,+230016,+182812,KRX
20230713,+51900,2,+300,+0.58,1955527,32213,34693,+2480,+2018,619459,666663,+47204,+38213,KRX
20230712,+51600,2,+900,+1.78,1658795,16372,16834,+462,+991,320951,329942,+8991,+20201,KRX
20230711,+50700,2,+850,+1.71,1212718,14330,13801,--529,--379,284318,273108,--11210,--8213,KRX
20230710,49850,3,0,0.00,1068139,12486,12336,--150,+12926,250205,247208,--2997,+257893,KRX
20230707,-49850,5,-1050,-2.06,1974639,28715,15639,--13076,--24457,572123,311233,--260890,--485504,KRX
20230706,+50900,2,+2050,+4.20,3139685,28521,39902,+11381,+25275,566001,790615,+224614,+507203,KRX
20230705,-48850,5,-1100,-2.20,2700066,38776,24882,--13894,+7358,787662,505073,--282589,+141685,KRX
20230704,-49950,5,-1050,-2.06,1445459,27783,6531,--21252,--19469,554106,129832,--424274,--389388,KRX
20230703,+51000,2,+1900,+3.87,1691513,16729,14946,--1783,+6951,330322,295436,--34886,+143046,KRX
20230630,+49100,2,+100,+0.20,1268925,21510,12776,--8734,--2984,438098,260166,--177932,--60879,KRX
20230629,49000,3,0,0.00,1287518,16142,10392,--5750,+3767,328143,211090,--117053,+77305,KRX
20230628,-49000,5,-350,-0.71,1659730,23193,13676,--9517,+7466,473347,278989,--194358,+148798,KRX
20230627,-49350,5,-650,-1.30,1333727,24452,7469,--16983,+3678,493884,150728,--343156,+70076,KRX
20230626,+50000,2,+300,+0.60,1872956,35475,14814,--20661,--3860,711764,298532,--413232,--75803,KRX
20230623,-49700,5,-600,-1.19,1755166,24957,8156,--16801,--11973,501033,163604,--337429,--242038,KRX
20230622,-50300,5,-200,-0.40,1336297,15048,10220,--4828,+4980,297173,201782,--95391,+97426,KRX
20230621,-50500,5,-1200,-2.32,2027881,24210,14402,--9808,--1808,475571,282754,--192817,--39183,KRX
20230620,-51700,5,-800,-1.52,1767021,18023,10023,--8000,--1793,346787,193153,--153634,--35418,KRX
20230619,-52500,5,-1100,-2.05,2131119,21817,15610,--6207,+3093,416358,298142,--118216,+53799,KRX
20230616,-53600,5,-300,-0.56,1745708,27026,17726,--9300,+16969,501538,329523,--172015,+306904,KRX
20230615,-53900,5,-1800,-3.23,2719928,38673,12404,--26269,--6377,706242,227323,--478919,--121480,KRX
20230614,-55700,5,-700,-1.24,2051297,31749,11857,--19892,--4911,569413,211974,--357439,--92330,KRX
20230613,-56400,5,-200,-0.35,1101921,23552,8571,--14981,--17216,416820,151711,--265109,--304051,KRX
20230612,+56600,2,+200,+0.35,867990,12016,14251,+2235,+10079,212009,250951,+38942,+177447,KRX
20230609,-56400,5,-100,-0.18,1732451,30095,22251,--7844,--938,531751,393246,--138505,--16198,KRX
20230608,-56500,5,-900,-1.57,1734613,39300,32394,--6906,--14346,694776,572469,--122307,--251451,KRX
20230607,+57400,2,+300,+0.53,1012086,12024,19464,+7440,+12256,209090,338234,+129144,+213417,KRX
20230605,-57100,5,-100,-0.17,1035494,16848,12032,--4816,--4732,293769,209496,--84273,--81331,KRX
20230602,+57200,2,+1100,+1.96,1677624,22010,21926,--84,+2039,387763,384821,--2942,+35002,KRX
20230601,-56100,5,-100,-0.18,1004709,17542,15419,--2123,+13145,312036,274092,--37944,+233472,KRX
20230531,-56200,5,-600,-1.06,1992398,70354,55086,--15268,--13660,1250880,979464,--271416,--242733,KRX
20230530,+56800,2,+200,+0.35,1155964,21310,19702,--1608,--2049,376060,347377,--28683,--36344,KRX
20230526,-56600,5,-100,-0.18,709988,7044,7485,+441,+4990,124366,132027,+7661,+88053,KRX
20230525,-56700,5,-100,-0.18,1177829,22834,18285,--4549,+12761,403091,322699,--80392,+223106,KRX
20230524,-56800,5,-1200,-2.07,1258754,26221,8911,--17310,--24548,459945,156447,--303498,--428388,KRX
20230523,+58000,2,+100,+0.17,1015317,9450,16688,+7238,+4993,163305,288195,+124890,+86153,KRX
20230522,57900,3,0,0.00,985462,10839,13084,+2245,--8107,187174,225911,+38737,--140428,KRX
20230519,+57900,2,+700,+1.22,1375866,10879,21231,+10352,+22894,188359,367524,+179165,+399297,KRX
20230518,-57200,5,-500,-0.87,1112295,22767,10225,--12542,--22629,397876,177744,--220132,--393636,KRX
20230517,+57700,2,+1600,+2.85,2035175,17242,27329,+10087,+18307,301432,474936,+173504,+319289,KRX
20230516,-56100,5,-700,-1.23,922948,14982,6762,--8220,--7594,265056,119271,--145785,--134766,KRX
20230515,+56800,2,+200,+0.35,879909,16682,16056,--626,--11449,294596,283577,--11019,--201838,KRX
20230512,+56600,2,+600,+1.07,1236080,10930,21753,+10823,+9630,193231,384050,+190819,+169889,KRX
20230511,-56000,5,-500,-0.88,1190339,20954,22147,+1193,+12223,371709,392639,+20930,+215483,KRX
20230510,-56500,5,-1000,-1.74,1364811,26769,15739,--11030,--15202,472240,277687,--194553,--266929,KRX
20230509,-57500,5,-200,-0.35,1412568,17025,21197,+4172,+6748,294696,367072,+72376,+117071,KRX
20230508,+57700,2,+500,+0.87,1821528,26250,23674,--2576,+5810,454428,409733,--44695,+104449,KRX
20230504,-57200,5,-1100,-1.89,2288474,37442,29056,--8386,--13390,660578,511434,--149144,--234771,KRX
20230503,-58300,5,-200,-0.34,1047114,13144,18148,+5004,+2997,225292,310919,+85627,+51354,KRX
20230502,+58500,2,+400,+0.69,1124552,18236,20243,+2007,--18911,313408,347681,+34273,--326667,KRX
20230428,+58100,2,+2300,+4.12,3124682,31938,52856,+20918,+16903,551948,912888,+360940,+288695,KRX
20230427,-55800,5,-700,-1.24,1311670,11297,15312,+4015,--13811,202674,274919,+72245,--243422,KRX
20230426,+56500,2,+500,+0.89,1452179,14208,32034,+17826,+16039,251725,567392,+315667,+282807,KRX
20230425,-56000,5,-1200,-2.10,1791028,20648,22435,+1787,+6520,365672,398532,+32860,+115602,KRX
20230424,-57200,5,-700,-1.21,961915,17248,12515,--4733,--4157,301036,218294,--82742,--72700,KRX
20230421,57900,3,0,0.00,1212125,16133,15557,--576,+3484,279273,269231,--10042,+60461,KRX
20230420,-57900,5,-700,-1.19,1342600,18826,14766,--4060,+1197,324119,253616,--70503,+19098,KRX
20230419,-58600,5,-400,-0.68,1086274,15419,10162,--5257,+8229,262599,172998,--89601,+139445,KRX
20230418,-59000,5,-1100,-1.83,1731564,27440,13954,--13486,--10224,462948,233902,--229046,--173968,KRX
20230417,-60100,5,-400,-0.66,1450046,22087,18825,--3262,--28088,368541,313463,--55078,--465876,KRX
20230414,+60500,2,+1000,+1.68,2464952,19289,44115,+24826,+24826,320902,731700,+410798,+411120,KRX
20230413,+59500,2,+800,+1.36,1591961,29165,29165,0,--1710,492169,491847,--322,--29376,KRX
20230412,-58700,5,-600,-1.01,1486194,13776,15486,+1710,--1049,234352,263406,+29054,--17753,KRX
20230411,+59300,2,+1200,+2.07,2184527,19795,22554,+2759,+4141,335553,382360,+46807,+71702,KRX
20230410,-58100,5,-500,-0.85,2103339,22830,21448,--1382,+9985,394666,369771,--24895,+169001,KRX
20230407,58600,3,0,0.00,1650319,27569,16202,--11367,+16342,469740,275844,--193896,+274059,KRX
20230406,-58600,5,-1900,-3.14,2659408,39423,11714,--27709,--41961,666835,198880,--467955,--702551,KRX
20230405,-60500,5,-200,-0.33,1227329,7310,21562,+14252,+1838,120452,355048,+234596,+29759,KRX
20230404,+60700,2,+500,+0.83,1380518,16296,28710,+12414,+15222,270507,475344,+204837,+251835,KRX
20230403,-60200,5,-900,-1.47,1683150,22458,19650,--2808,--24782,370515,323517,--46998,--408786,KRX
20230331,+61100,2,+1000,+1.66,1745559,19711,41685,+21974,+22662,325018,686806,+361788,+373552,KRX
20230330,-60100,5,-300,-0.50,1707493,18183,17495,--688,--1223,301848,290084,--11764,--20519,KRX
20230329,-60400,5,-300,-0.49,1144119,11111,11646,+535,+3081,183426,192181,+8755,+50653,KRX
20230328,60700,3,0,0.00,1326335,13410,10864,--2546,--11770,221527,179629,--41898,--194905,KRX
20230327,-60700,5,-700,-1.14,1490567,10505,19729,+9224,--829,173561,326568,+153007,--10704,KRX
20230324,-61400,5,-200,-0.32,1323550,11392,21445,+10053,+12532,185372,349083,+163711,+204378,KRX
20230323,-61600,5,-1100,-1.75,1685484,17707,15228,--2479,--29063,288432,247765,--40667,--468326,KRX
20230322,+62700,2,+1800,+2.96,2243729,8677,35261,+26584,+23389,140069,567728,+427659,+375141,KRX
20230321,-60900,5,-100,-0.16,1093952,14595,17790,+3195,--458,239329,291847,+52518,--6019,KRX
20230320,+61000,2,+800,+1.33,2051491,18900,22553,+3653,+1541,309317,367854,+58537,+23413,KRX
20230317,+60200,2,+300,+0.50,1658486,18266,20378,+2112,--17904,302711,337835,+35124,--301479,KRX
20230316,+59900,2,+600,+1.01,1976894,18756,38772,+20016,+46281,314987,651590,+336603,+777414,KRX
20230315,-59300,5,-100,-0.17,1885060,33457,7192,--26265,--15435,561947,121136,--440811,--259203,KRX
20230314,-59400,5,-1400,-2.30,2192551,38285,27455,--10830,--19865,638806,457198,--181608,--326692,KRX
20230313,+60800,2,+2700,+4.65,5720123,61085,70120,+9035,+4925,1009983,1155067,+145084,+74383,KRX
20230310,-58100,5,-900,-1.53,2009728,24082,28192,+4110,+22715,416069,486770,+70701,+385723,KRX
20230309,-59000,5,-100,-0.17,1949722,41107,22502,--18605,+7561,694495,379473,--315022,+123264,KRX
20230308,-59100,5,-2400,-3.90,2935338,45657,19491,--26166,+5264,764633,326347,--438286,+70441,KRX
20230307,-61500,5,-2100,-3.30,2322926,46007,14577,--31430,--75131,744082,235355,--508727,--1203715,KRX
20230306,+63600,2,+2600,+4.26,2768767,20543,64244,+43701,+60212,325009,1019997,+694988,+965125,KRX
20230303,-61000,5,-200,-0.33,1250945,25394,8883,--16511,+5408,414644,144507,--270137,+86322,KRX
20230302,-61200,5,-1200,-1.92,1842975,31391,9472,--21919,--12846,510785,154326,--356459,--210711,KRX
20230228,+62400,2,+500,+0.81,1870108,45697,36624,--9073,--9730,731671,585923,--145748,--156263,KRX
20230227,+61900,2,+100,+0.16,1407458,18016,18673,+657,+13365,292543,303058,+10515,+215716,KRX
20230224,-61800,5,-700,-1.12,1339514,24059,11351,--12708,--5985,387873,182672,--205201,--97719,KRX
20230223,+62500,2,+300,+0.48,1217488,18812,12089,--6723,--12102,300393,192911,--107482,--193562,KRX
20230222,-62200,5,-900,-1.43,1904538,24159,29538,+5379,+22914,389768,475848,+86080,+362459,KRX
20230221,-63100,5,-1100,-1.71,1644407,27956,10421,--17535,--23888,440689,164310,--276379,--375376,KRX
20230220,+64200,2,+900,+1.42,1424392,12846,19199,+6353,+3097,200729,299726,+98997,+48159,KRX
20230217,-63300,5,-900,-1.40,1584836,17876,21132,+3256,+39143,282332,333170,+50838,+608411,KRX
20230216,+64200,2,+600,+0.94,2542941,58964,23077,--35887,--40884,916616,359043,--557573,--636768,KRX
20230215,-63600,5,-1400,-2.15,2984239,42615,47612,+4997,+7939,672830,752025,+79195,+124057,KRX
20230214,+65000,2,+700,+1.09,2249182,30723,27781,--2942,+30913,470029,425167,--44862,+476056,KRX
20230213,-64300,5,-3300,-4.88,4298565,60758,26903,--33855,+34725,933901,412983,--520918,+490335,KRX
20230210,-67600,5,-3300,-4.65,5370780,109148,40568,--68580,--57316,1606185,594932,--1011253,--843246,KRX
20230209,+70900,2,+1800,+2.60,3602387,50855,39591,--11264,+18974,738042,570035,--168007,+269382,KRX
20230208,+69100,2,+1100,+1.62,3109216,56152,25914,--30238,--30039,812505,375116,--437389,--433377,KRX
20230207,+68000,2,+2800,+4.29,3026310,34126,33927,--199,+18360,509636,505624,--4012,+276686,KRX
20230206,-65200,5,-2000,-2.98,2276799,41961,23402,--18559,--35213,635075,354377,--280698,--527397,KRX
20230203,+67200,2,+2700,+4.19,5019685,35034,51688,+16654,--13327,528472,775171,+246699,--216995,KRX
20230202,+64500,2,+2300,+3.70,2936610,19794,49775,+29981,+17128,306778,770472,+463694,+256894,KRX
20230201,+62200,2,+800,+1.30,1582425,18513,31366,+12853,+21604,298267,505067,+206800,+346667,KRX
20230131,-61400,5,-2100,-3.31,2394547,47607,38856,--8751,--1292,768482,628615,--139867,--23470,KRX
20230130,-63500,5,-1200,-1.85,1888795,28331,20872,--7459,--13208,443169,326772,--116397,--204284,KRX
20230127,+64700,2,+1000,+1.57,2588030,26204,31953,+5749,+4766,407088,494975,+87887,+73683,KRX
20230126,+63700,2,+1100,+1.76,1658008,17443,18426,+983,+3627,277503,291707,+14204,+56997,KRX
20230125,+62600,2,+1400,+2.29,2018473,28170,25526,--2644,+8774,447893,405100,--42793,+144063,KRX
20230120,+61200,2,+400,+0.66,1376217,24665,13247,--11418,--15449,403940,217084,--186856,--253247,KRX
20230119,-60800,5,-800,-1.30,1687361,20834,24865,+4031,+3489,343065,409456,+66391,+57145,KRX
20230118,-61600,5,-200,-0.32,1650067,19634,20176,+542,+35039,317296,326542,+9246,+557608,KRX
20230117,-61800,5,-2700,-4.19,3194397,56100,21603,--34497,--38746,894490,346128,--548362,--615537,KRX
20230116,+64500,2,+2500,+4.03,2989321,32928,37177,+4249,+5180,513532,580707,+67175,+82923,KRX
20230113,+62000,2,+500,+0.81,2248562,26323,25392,--931,--1694,423112,407364,--15748,--28924,KRX
20230112,-61500,5,-400,-0.65,2197974,33718,34481,+763,+6757,544690,557866,+13176,+109448,KRX
20230111,+61900,2,+1200,+1.98,2544430,35494,29500,--5994,+5198,573624,477352,--96272,+86932,KRX
20230110,-60700,5,-400,-0.65,2178323,28627,17435,--11192,--27028,469778,286574,--183204,--445800,KRX
20230109,+61100,2,+3900,+6.82,3482961,23574,39410,+15836,+29081,393851,656447,+262596,+493874,KRX
20230106,-57200,5,-500,-0.87,1420345,29576,16331,--13245,--24797,516734,285456,--231278,--431064,KRX
20230105,+57700,2,+2000,+3.59,3046064,28452,40004,+11552,--8614,495003,694789,+199786,--168576,KRX
20230104,+55700,2,+2400,+4.50,2241411,17737,37903,+20166,+5521,321741,690103,+368362,+90637,KRX
20230103,+53300,2,+600,+1.14,1420569,13814,28459,+14645,+14511,263280,541005,+277725,+275704,KRX
20230102,-52700,5,-400,-0.75,887667,8257,8391,+134,--9382,156048,158069,+2021,--173139,KRX
20221229,-53100,5,-500,-0.93,1319611,13553,23069,+9516,--1643,253269,428429,+175160,--29831,KRX
20221228,-53600,5,-800,-1.47,1268005,14628,25787,+11159,+3364,272934,477925,+204991,+61379,KRX
20221227,+54400,2,+800,+1.49,1226474,11909,19704,+7795,+3320,220184,363796,+143612,+59947,KRX
20221226,+53600,2,+200,+0.37,988777,9113,13588,+4475,+21912,170580,254245,+83665,+409222,KRX
20221223,-53400,5,-1700,-3.09,1339673,29333,11896,--17437,--16902,547681,222124,--325557,--314504,KRX
20221222,+55100,2,+900,+1.66,1228266,22654,22119,--535,+4182,413403,402350,--11053,+75713,KRX
20221221,-54200,5,-100,-0.18,980179,20041,15324,--4717,+12538,368726,281960,--86766,+228896,KRX
20221220,-54300,5,-1500,-2.69,1390754,31375,14120,--17255,--33479,574151,258489,--315662,--607633,KRX
20221219,+55800,2,+1400,+2.57,1364858,10603,26827,+16224,+24807,191192,483163,+291971,+451738,KRX
20221216,-54400,5,-900,-1.63,2477820,46050,37467,--8583,+22081,851462,691695,--159767,+382977,KRX
20221215,-55300,5,-3400,-5.79,3034680,50304,19640,--30664,--30333,894204,351460,--542744,--536370,KRX
20221214,+58700,2,+500,+0.86,1550967,21509,21178,--331,+14112,366484,360110,--6374,+241892,KRX
20221213,+58200,2,+100,+0.17,1532110,27330,12887,--14443,--9390,468635,220369,--248266,--160197,KRX
20221212,58100,3,0,0.00,1402888,27328,22275,--5053,--35540,472010,383941,--88069,--616375,KRX
20221209,+58100,2,+2600,+4.68,2404261,15499,45986,+30487,+24801,269075,797381,+528306,+425897,KRX
20221208,55500,3,0,0.00,1376893,30147,35833,+5686,+8692,543203,645612,+102409,+156547,KRX
20221207,-55500,5,-500,-0.89,1014142,16141,13135,--3006,+8706,289570,235432,--54138,+153755,KRX
20221206,-56000,5,-2000,-3.45,1380887,22273,10561,--11712,--9617,394096,186203,--207893,--171341,KRX
20221205,+58000,2,+1100,+1.93,2050445,24853,22758,--2095,+9017,427294,390742,--36552,+156744,KRX
20221202,-56900,5,-1000,-1.73,1165966,19391,8279,--11112,--27348,337564,144268,--193296,--468936,KRX
20221201,+57900,2,+1500,+2.66,2895695,23027,39263,+16236,+3182,393135,668775,+275640,+43666,KRX
20221130,+56400,2,+500,+0.89,1825885,26631,39685,+13054,+1749,474048,706022,+231974,+28020,KRX
20221129,+55900,2,+1300,+2.38,1358761,18621,29926,+11305,+12110,335444,539398,+203954,+218854,KRX
20221128,-54600,5,-1500,-2.67,1365592,16518,15713,--805,+2643,300933,286033,--14900,+46328,KRX
20221125,-56100,5,-1300,-2.26,1322780,18295,14847,--3448,+2684,324476,263248,--61228,+46174,KRX
20221124,+57400,2,+1700,+3.05,1816392,18116,11984,--6132,--2955,317124,209722,--107402,--48437,KRX
20221123,+55700,2,+1400,+2.58,2551968,32708,29531,--3177,--1570,582826,523861,--58965,--30584,KRX
20221122,-54300,5,-2000,-3.55,1793196,23865,22258,--1607,--11228,433043,404662,--28381,--199009,KRX
20221121,-56300,5,-1400,-2.43,1765878,18371,27992,+9621,+16604,323024,493652,+170628,+289949,KRX
20221118,-57700,5,-1400,-2.37,1742383,26272,19289,--6983,--13554,451036,331715,--119321,--230596,KRX
20221117,+59100,2,+500,+0.85,1744238,21934,28505,+6571,+24810,373849,485124,+111275,+423550,KRX
20221116,-58600,5,-100,-0.17,2451864,45433,27194,--18239,--21326,776341,464066,--312275,--365470,KRX
20221115,+58700,2,+200,+0.34,2373778,29359,32446,+3087,+33375,505200,558395,+53195,+560619,KRX
20221114,-58500,5,-200,-0.34,5392366,89584,59296,--30288,--36189,1516125,1008701,--507424,--668803,KRX
20221111,+58700,2,+7900,+15.55,17375821,174083,179984,+5901,+4338,2995801,3157180,+161379,+129720,KRX
20221110,-50800,5,-1300,-2.50,2284351,38790,40353,+1563,+25226,758722,790381,+31659,+479992,KRX
20221109,+52100,2,+600,+1.17,4005676,68368,44705,--23663,--34851,1297118,848785,--448333,--663043,KRX
20221108,+51500,2,+1650,+3.31,4457042,76693,87881,+11188,+6627,1507559,1722269,+214710,+124202,KRX
20221107,-49850,5,-450,-0.89,2527175,33055,37616,+4561,--3484,660311,750819,+90508,--70284,KRX
20221104,+50300,2,+200,+0.40,3242294,35591,43636,+8045,+51151,714216,875008,+160792,+1019910,KRX
20221103,-50100,5,-2200,-4.21,3572826,64324,21218,--43106,--48426,1281673,422555,--859118,--951483,KRX
20221102,+52300,2,+1600,+3.16,4937758,66032,71352,+5320,+22686,1275000,1367365,+92365,+437796,KRX
20221101,50700,3,0,0.00,1653708,28887,11521,--17366,--25002,574373,228942,--345431,--494696,KRX
20221031,+50700,2,+1950,+4.00,3130880,36544,44180,+7636,+11933,732359,881624,+149265,+237064,KRX
20221028,48750,3,0,0.00,1867478,26412,22115,--4297,--8486,541640,453841,--87799,--171390,KRX
20221027,+48750,2,+1050,+2.20,2442155,26865,31054,+4189,+15025,557721,641312,+83591,+308976,KRX
20221026,-47700,5,-1100,-2.25,2149830,29848,19012,--10836,--5662,620305,394920,--225385,--119259,KRX
20221025,+48800,2,+350,+0.72,1910362,25159,19985,--5174,+16573,514444,408318,--106126,+334906,KRX
20221024,-48450,5,-400,-0.82,2848346,33712,11965,--21747,--47095,684312,243280,--441032,--959980,KRX
20221021,+48850,2,+1100,+2.30,3354625,22722,48070,+25348,+50521,468318,987266,+518948,+1040794,KRX
20221020,-47750,5,-2050,-4.12,4240904,57927,32754,--25173,--34503,1204804,682958,--521846,--704584,KRX
20221019,+49800,2,+400,+0.81,4540597,36801,46131,+9330,--858,729046,911784,+182738,--22154,KRX
20221018,+49400,2,+1050,+2.17,6284583,55116,65304,+10188,+75885,1124510,1329402,+204892,+1608971,KRX
20221017,-48350,5,-3050,-5.93,9711382,127124,61427,--65697,--89578,2679807,1275728,--1404079,--1874986,KRX
20221014,+51400,2,+4100,+8.67,3872919,33263,57144,+23881,+12232,658985,1129892,+470907,+224445,KRX
20221013,-47300,5,-2550,-5.12,2538948,20214,31863,+11649,+24209,421791,668253,+246462,+500252,KRX
20221012,-49850,5,-250,-0.50,2106857,29213,16653,--12560,--31460,589702,335912,--253790,--632489,KRX
20221011,-50100,5,-800,-1.57,2430880,35656,54556,+18900,+11751,717133,1095832,+378699,+237240,KRX
20221007,-50900,5,-3900,-7.12,4265238,54111,61260,+7149,+28132,1045338,1186797,+141459,+525080,KRX
20221006,+54800,2,+300,+0.55,2123384,55030,34047,--20983,--23206,1004414,620793,--383621,--424486,KRX
20221005,-54500,5,-1400,-2.50,2107661,32971,35194,+2223,+16327,596361,637226,+40865,+291176,KRX
20221004,-55900,5,-1200,-2.10,2220578,42580,28476,--14104,--37287,756017,505706,--250311,--657105,KRX
20220930,+57100,2,+1200,+2.15,1882206,22251,45434,+23183,+25174,391637,798431,+406794,+444299,KRX
20220929,-55900,5,-1000,-1.76,2212133,40977,38986,--1991,--3401,717932,680427,--37505,--62918,KRX
20220928,-56900,5,-2400,-4.05,2387527,33947,35357,+1410,+14881,594063,619476,+25413,+253542,KRX
20220927,-59300,5,-400,-0.67,1807942,31250,17779,--13471,--5252,528585,300456,--228129,--90368,KRX
20220926,-59700,5,-1300,-2.13,1983320,33709,25490,--8219,+4435,562969,425208,--137761,+68939,KRX
20220923,-61000,5,-300,-0.49,1660303,37345,24691,--12654,--2800,609896,403196,--206700,--46846,KRX
20220922,-61300,5,-2700,-4.22,1743099,28218,18364,--9854,--8298,458514,298660,--159854,--135607,KRX
20220921,-64000,5,-1300,-1.99,1056852,12986,11430,--1556,--12,202634,178387,--24247,--668,KRX
20220920,-65300,5,-100,-0.15,854697,20460,18916,--1544,+6867,311721,288142,--23579,+104178,KRX
20220919,-65400,5,-1500,-2.24,1132357,23143,14732,--8411,--2296,352243,224486,--127757,--36391,KRX
20220916,-66900,5,-500,-0.74,922538,23572,17457,--6115,+142,352354,260988,--91366,+1251,KRX
20220915,-67400,5,-700,-1.03,984996,22709,16452,--6257,--1031,334644,242027,--92617,--11733,KRX
20220914,-68100,5,-1900,-2.71,1827706,29353,24127,--5226,--23543,436409,355525,--80884,--342234,KRX
20220913,+70000,2,+2000,+2.94,2103796,18329,36646,+18317,+24529,262750,524100,+261350,+352832,KRX
20220908,+68000,2,+500,+0.74,1169203,30475,24263,--6212,+29537,447217,355735,--91482,+437533,KRX
20220907,-67500,5,-2200,-3.16,1793068,53112,17363,--35749,--26455,786095,257080,--529015,--395784,KRX
20220906,-69700,5,-300,-0.43,744418,19317,10023,--9294,--6740,276538,143307,--133231,--96903,KRX
20220905,-70000,5,-200,-0.28,865940,19895,17341,--2554,+12512,283755,247427,--36328,+176405,KRX
20220902,-70200,5,-1200,-1.68,1201760,33513,18447,--15066,+7436,472339,259606,--212733,+101190,KRX
20220901,-71400,5,-2000,-2.72,1275977,46693,24191,--22502,--24605,651925,338002,--313923,--341425,KRX
20220831,+73400,2,+200,+0.27,1348480,50982,53085,+2103,+3779,698441,725943,+27502,+50598,KRX
20220830,+73200,2,+1000,+1.39,802825,17889,16213,--1676,+21652,244952,221856,--23096,+298488,KRX
20220829,-72200,5,-3800,-5.00,1632297,40924,17596,--23328,--20890,564501,242917,--321584,--289559,KRX
20220826,-76000,5,-100,-0.13,993727,20750,18312,--2438,--13548,272108,240083,--32025,--178265,KRX
20220825,+76100,2,+1200,+1.60,1252757,19318,30428,+11110,+14653,254613,400853,+146240,+193874,KRX
20220824,+74900,2,+100,+0.13,936191,22863,19320,--3543,--4465,305839,258205,--47634,--59867,KRX
20220823,-74800,5,-200,-0.27,1327312,28947,29869,+922,--4152,386469,398702,+12233,--55183,KRX
20220822,-75000,5,-1700,-2.22,1250643,24145,29219,+5074,+36862,321049,388465,+67416,+479919,KRX
20220819,-76700,5,-2500,-3.16,1804047,46289,14501,--31788,--20729,600477,187974,--412503,--271522,KRX
20220818,-79200,5,-900,-1.12,1640906,31707,20648,--11059,--3563,403133,262152,--140981,--47801,KRX
20220817,-80100,5,-600,-0.74,1041971,21646,14150,--7496,+11838,269531,176351,--93180,+145005,KRX
20220816,-80700,5,-1800,-2.18,1798225,40298,20964,--19334,--9640,496869,258684,--238185,--120507,KRX
20220812,-82500,5,-1200,-1.43,1069578,26030,16336,--9694,--34094,316093,198415,--117678,--409882,KRX
20220811,+83700,2,+3400,+4.23,1918391,30139,54539,+24400,+37122,361526,653730,+292204,+448987,KRX
20220810,-80300,5,-2900,-3.49,1428961,34251,21529,--12722,--1536,422320,265537,--156783,--22476,KRX
20220809,+83200,2,+1200,+1.46,1541966,29036,17850,--11186,+5628,350738,216431,--134307,+71922,KRX
20220808,+82000,2,+800,+0.99,1674063,49080,32266,--16814,+2866,602482,396253,--206229,+34869,KRX
20220805,-81200,5,-500,-0.61,2511627,62620,42940,--19680,--76700,766454,525356,--241098,--956160,KRX
20220804,+81700,2,+5700,+7.50,5803458,74340,131360,+57020,--13403,926960,1642022,+715062,--231365,KRX
20220803,+76000,2,+4200,+5.85,2893725,13071,83494,+70423,+99646,175782,1122209,+946427,+1351265,KRX
20220802,-71800,5,-2200,-2.97,1786920,43678,14455,--29223,--17274,604835,199997,--404838,--244534,KRX
20220801,-74000,5,-800,-1.07,907903,22831,10882,--11949,--25095,306474,146170,--160304,--336193,KRX
20220729,+74800,2,+2400,+3.31,2164565,38468,51614,+13146,+4018,515901,691790,+175889,+52253,KRX
20220728,+72400,2,+500,+0.70,1226484,18405,27533,+9128,+27953,252487,376123,+123636,+386709,KRX
20220727,-71900,5,-500,-0.69,924477,36516,17691,--18825,--12368,509736,246663,--263073,--173398,KRX
20220726,-72400,5,-600,-0.82,696076,18463,12006,--6457,--23331,255903,166228,--89675,--321679,KRX
20220725,+73000,2,+900,+1.25,1038303,15840,32714,+16874,+35316,219255,451259,+232004,+487536,KRX
20220722,-72100,5,-1600,-2.17,1601677,43309,24867,--18442,--30985,599125,343593,--255532,--424504,KRX
20220721,+73700,2,+300,+0.41,1244024,15023,27566,+12543,+12075,203307,372279,+168972,+164364,KRX
20220720,+73400,2,+600,+0.82,1758524,27814,28282,+468,--3206,375089,379697,+4608,--46058,KRX
20220719,72800,3,0,0.00,949001,16108,19782,+3674,--9181,222774,273440,+50666,--126257,KRX
20220718,+72800,2,+2700,+3.85,1690739,17792,30647,+12855,+26673,246355,423278,+176923,+373312,KRX
20220715,-70100,5,-2000,-2.77,1605289,32954,19136,--13818,--581,468677,272288,--196389,--12048,KRX
20220714,+72100,2,+200,+0.28,1597400,35558,22321,--13237,--17046,495020,310679,--184341,--237419,KRX
20220713,+71900,2,+1600,+2.28,1156844,17816,21625,+3809,--4163,249285,302363,+53078,--60972,KRX
20220712,-70300,5,-1000,-1.40,1082539,19716,27688,+7972,+5433,281726,395776,+114050,+79000,KRX
20220711,-71300,5,-500,-0.70,979002,17531,20070,+2539,+8510,244208,279258,+35050,+116365,KRX
20220708,-71800,5,-1200,-1.64,1418763,26514,20543,--5971,+12336,364696,283381,--81315,+168314,KRX
20220707,-73000,5,-500,-0.68,1603464,51394,33087,--18307,--11852,701456,451827,--249629,--161799,KRX
20220706,+73500,2,+1500,+2.08,2724220,44305,37850,--6455,--21534,601148,513318,--87830,--297950,KRX
20220705,+72000,2,+3900,+5.73,2125688,31941,47020,+15079,+12634,451000,661120,+210120,+174176,KRX
20220704,+68100,2,+800,+1.19,1019171,15118,17563,+2445,+15321,222962,258906,+35944,+224349,KRX
20220701,-67300,5,-2600,-3.72,1817276,47400,34524,--12876,--22586,691564,503159,--188405,--326563,KRX
20220630,-69900,5,-900,-1.27,1339031,37586,47296,+9710,--6850,535444,673602,+138158,--96762,KRX
20220629,-70800,5,-800,-1.12,1185471,15298,31858,+16560,+8098,216451,451371,+234920,+115991,KRX
20220628,-71600,5,-200,-0.28,1082711,19334,27796,+8462,+8136,271646,390575,+118929,+114693,KRX
20220627,+71800,2,+300,+0.42,1470633,23959,24285,+326,--44430,332974,337210,+4236,--632229,KRX
20220624,+71500,2,+4400,+6.56,2331632,20262,65018,+44756,+40107,287686,924151,+636465,+568200,KRX
20220623,-67100,5,-1400,-2.04,2005224,33175,37824,+4649,+1340,489067,557332,+68265,+19666,KRX
20220622,-68500,5,-2000,-2.84,1908000,41956,45265,+3309,--10964,606008,654607,+48599,--154360,KRX
20220621,+70500,2,+900,+1.29,1525415,18253,32526,+14273,+32879,260608,463567,+202959,+469545,KRX
20220620,-69600,5,-2600,-3.60,2436471,56171,37565,--18606,--27286,806316,539730,--266586,--388044,KRX
20220617,-72200,5,-100,-0.14,3044377,111275,119955,+8680,--12637,1542401,1663859,+121458,--165765,KRX
20220616,-72300,5,-400,-0.55,2053257,30965,52282,+21317,+27493,422215,709438,+287223,+367692,KRX
20220615,-72700,5,-3900,-5.09,2844798,48017,41841,--6176,--15203,652991,572522,--80469,--200161,KRX
20220614,+76600,2,+100,+0.13,2342617,42390,51417,+9027,+16184,559293,678985,+119692,+212715,KRX
20220613,-76500,5,-3600,-4.49,2176053,35151,27994,--7157,+2508,457150,364127,--93023,+27436,KRX
20220610,-80100,5,-1200,-1.48,1430382,31434,21769,--9665,+337,391616,271157,--120459,+3107,KRX
20220609,-81300,5,-200,-0.25,1732196,51773,41771,--10002,--21096,638411,514845,--123566,--259107,KRX
20220608,-81500,5,-400,-0.49,1317967,24202,35296,+11094,+76296,296154,431695,+135541,+923844,KRX
20220607,-81900,5,-3800,-4.43,2373935,88398,23196,--65202,--69038,1069308,281005,--788303,--833050,KRX
20220603,+85700,2,+2000,+2.39,2371620,37293,41129,+3836,+5675,433234,477981,+44747,+66898,KRX
20220602,-83700,5,-1300,-1.53,1147185,29631,27792,--1839,--17458,354914,332763,--22151,--205278,KRX
20220531,+85000,2,+1100,+1.31,2170810,83975,99594,+15619,--8787,995573,1178700,+183127,--109415,KRX
20220530,+83900,2,+2200,+2.69,2091429,52656,77062,+24406,+34999,631243,923785,+292542,+422033,KRX
20220527,+81700,2,+200,+0.25,1038755,30253,19660,--10593,--14714,368900,239409,--129491,--179893,KRX
20220526,-81500,5,-300,-0.37,1338305,29621,33742,+4121,--14929,360502,410904,+50402,--183055,KRX
20220525,+81800,2,+1200,+1.49,1365261,25162,44212,+19050,+29267,309397,542854,+233457,+358634,KRX
20220524,-80600,5,-2300,-2.77,1154150,26617,16400,--10217,+4557,326916,201739,--125177,+53172,KRX
20220523,-82900,5,-100,-0.12,933750,29367,14593,--14774,--45656,354473,176124,--178349,--554069,KRX
20220520,+83000,2,+2600,+3.23,1561541,21930,52812,+30882,+32521,265363,641083,+375720,+396302,KRX
20220519,-80400,5,-2200,-2.66,1519533,32925,31286,--1639,+1056,409309,388727,--20582,+10938,KRX
20220518,-82600,5,-600,-0.72,1208755,27060,24365,--2695,+6415,325226,293706,--31520,+78164,KRX
20220517,+83200,2,+900,+1.09,1218935,31541,22431,--9110,--9639,379961,270277,--109684,--115907,KRX
20220516,+82300,2,+500,+0.61,1598561,31271,31800,+529,--3769,376331,382554,+6223,--46244,KRX
20220513,+81800,2,+1100,+1.36,1528530,26246,30544,+4298,+62437,322917,375384,+52467,+760406,KRX
20220512,-80700,5,-4700,-5.50,2971934,84349,26210,--58139,--61529,1028616,320677,--707939,--748490,KRX
20220511,+85400,2,+1800,+2.15,1367542,34789,38179,+3390,+8132,409955,450506,+40551,+96609,KRX
20220510,-83600,5,-500,-0.59,2390050,65722,60980,--4742,--17409,789932,733874,--56058,--206333,KRX
20220509,-84100,5,-200,-0.24,1533542,26743,39410,+12667,+68983,317572,467847,+150275,+813695,KRX
20220506,-84300,5,-4700,-5.28,3592237,124736,68420,--56316,--34904,1469275,805855,--663420,--424718,KRX
20220504,+89000,2,+500,+0.56,1865993,54784,33372,--21412,--20408,611537,372835,--238702,--225976,KRX
20220503,+88500,2,+1200,+1.37,1435047,41161,40157,--1004,+14539,466947,454221,--12726,+164988,KRX
20220502,-87300,5,-2600,-2.89,1726505,48965,33422,--15543,+3990,559949,382235,--177714,+40566,KRX
20220429,+89900,2,+600,+0.67,1110597,39323,19790,--19533,--4339,439034,220754,--218280,--47214,KRX
20220428,+89300,2,+900,+1.02,1216554,40113,24919,--15194,--10094,450784,279718,--171066,--113286,KRX
20220427,-88400,5,-1800,-2.00,1390581,26447,21347,--5100,--10701,299520,241740,--57780,--118714,KRX
20220426,+90200,2,+500,+0.56,1368258,33979,39580,+5601,+10014,375577,436511,+60934,+110188,KRX
20220425,-89700,5,-2300,-2.50,1511408,33938,29525,--4413,--15081,376208,326954,--49254,--165534,KRX
20220422,-92000,5,-1600,-1.71,1553904,21889,32557,+10668,+39319,238308,354588,+116280,+422517,KRX
20220421,-93600,5,-1500,-1.58,1809576,57902,29251,--28651,--27021,618935,312698,--306237,--289065,KRX
20220420,95100,3,0,0.00,880905,19985,18355,--1630,+927,209764,192592,--17172,+9997,KRX
20220419,+95100,2,+700,+0.74,836819,21671,19114,--2557,+3578,227318,200149,--27169,+37823,KRX
20220418,-94400,5,-1000,-1.05,774064,16424,10289,--6135,+12129,173928,108936,--64992,+128006,KRX
20220415,-95400,5,-700,-0.73,1080260,26034,7770,--18264,+1869,274445,81447,--192998,+17604,KRX
20220414,+96100,2,+300,+0.31,1299995,39811,19678,--20133,--10046,415889,205287,--210602,--105054,KRX
20220413,+95800,2,+1700,+1.81,1403239,38792,28705,--10087,--14445,406340,300792,--105548,--152447,KRX
20220412,-94100,5,-1000,-1.05,1909946,36907,41265,+4358,+18179,394131,441030,+46899,+191604,KRX
20220411,-95100,5,-2900,-2.96,2061220,40193,26372,--13821,+3346,421342,276637,--144705,+30175,KRX
20220408,-98000,5,-1900,-1.90,2929790,53964,36797,--17167,+7777,550747,375867,--174880,+72520,KRX
20220407,-99900,5,-5100,-4.86,2885845,53358,28414,--24944,--14944,529601,282201,--247400,--152234,KRX
20220406,-105000,5,-2500,-2.33,1529617,37087,27087,--10000,--51297,353265,258099,--95166,--480575,KRX
20220405,+107500,2,+2000,+1.90,1617662,12071,53368,+41297,+35558,112904,498313,+385409,+331248,KRX
20220404,-105500,5,-500,-0.47,1276251,22725,28464,+5739,--9416,217141,271302,+54161,--89085,KRX
20220401,-106000,5,-500,-0.47,1163804,21201,36356,+15155,+15985,200660,343906,+143246,+151421,KRX
20220331,106500,3,0,0.00,1065806,30379,29549,--830,--10154,285614,277439,--8175,--95136,KRX
20220330,+106500,2,+1000,+0.95,1115413,25769,35093,+9324,+3362,241621,328582,+86961,+30987,KRX
20220329,+105500,2,+500,+0.48,1318977,20865,26827,+5962,--5516,197705,253679,+55974,--54311,KRX
20220328,105000,3,0,0.00,1534357,21039,32517,+11478,+908,201842,312127,+110285,+10387,KRX
20220325,105000,3,0,0.00,1944089,40561,51131,+10570,+11827,385866,485764,+99898,+112272,KRX
20220324,-105000,5,-1500,-1.41,2071398,50246,48989,--1257,+1975,482803,470429,--12374,+18459,KRX
20220323,106500,3,0,0.00,2310401,43269,40037,--3232,--20036,405923,375090,--30833,--188155,KRX
20220322,+106500,2,+1500,+1.43,2052237,39996,56800,+16804,+31982,375655,532977,+157322,+296425,KRX
20220321,-105000,5,-3500,-3.23,3284518,74314,59136,--15178,--42801,696525,557422,--139103,--393157,KRX
20220318,+108500,2,+2000,+1.88,2993197,73923,101546,+27623,--39578,685218,939272,+254054,--371333,KRX
20220317,+106500,2,+2500,+2.40,3504355,38067,105268,+67201,+87524,354493,979880,+625387,+822453,KRX
20220316,+104000,2,+1000,+0.97,1763654,42785,22462,--20323,--7211,413575,216509,--197066,--69600,KRX
20220315,-103000,5,-500,-0.48,1778162,44635,31523,--13112,+1660,434429,306963,--127466,+14867,KRX
20220314,+103500,2,+2000,+1.97,3656814,72363,57591,--14772,+6874,697500,555167,--142333,+77128,KRX
20220311,+101500,2,+1500,+1.50,3160552,85333,63687,--21646,--117985,849966,630505,--219461,--1200978,KRX
20220310,+100000,2,+7900,+8.58,5742398,108104,204443,+96339,+96293,1100379,2081896,+981517,+981460,KRX
20220308,+92100,2,+500,+0.55,1774311,53345,53391,+46,+29672,579018,579075,+57,+321809,KRX
20220307,-91600,5,-3100,-3.27,1950179,61989,32363,--29626,+13486,672451,350699,--321752,+132319,KRX
20220304,-94700,5,-1900,-1.97,1539472,52864,9752,--43112,--21075,556870,102799,--454071,--225902,KRX
20220303,+96600,2,+1300,+1.36,1738057,43012,20975,--22037,--41708,445409,217240,--228169,--435391,KRX
20220302,+95300,2,+1200,+1.28,2173330,35005,54676,+19671,+45423,369096,576318,+207222,+481470,KRX
20220228,-94100,5,-300,-0.32,2175339,82433,56681,--25752,--93176,876937,602689,--274248,--991765,KRX
20220225,+94400,2,+4400,+4.89,3690345,43545,110969,+67424,+97986,464195,1181712,+717517,+1055018,KRX
20220224,-90000,5,-2600,-2.81,2176721,54506,23944,--30562,--35492,602883,265382,--337501,--390150,KRX
20220223,+92600,2,+800,+0.87,1738804,40203,45133,+4930,+17197,433773,486422,+52649,+185936,KRX
20220222,-91800,5,-1400,-1.50,1904605,42231,29964,--12267,+11758,458913,325626,--133287,+125101,KRX
20220221,+93200,2,+1800,+1.97,2855108,62637,38612,--24025,--11943,675001,416613,--258388,--124514,KRX
20220218,+91400,2,+800,+0.88,2232912,41915,29833,--12082,+20851,460994,327120,--133874,+228007,KRX
20220217,-90600,5,-1300,-1.41,2851978,70610,37677,--32933,--39995,775538,413657,--361881,--440553,KRX
20220216,+91900,2,+3600,+4.08,2468864,46799,53861,+7062,+24369,513441,592113,+78672,+273243,KRX
20220215,-88300,5,-500,-0.56,2250253,50027,32720,--17307,+123429,560833,366262,--194571,+1393496,KRX
20220214,-88800,5,-2900,-3.16,4002853,173326,32590,--140736,--132564,1954717,366650,--1588067,--1491758,KRX
20220211,+91700,2,+4400,+5.04,7012496,153238,145066,--8172,+12854,1692361,1596052,--96309,+148129,KRX
20220210,+87300,2,+1200,+1.39,3401352,114555,93529,--21026,--14603,1311738,1067300,--244438,--170220,KRX
20220209,-86100,5,-400,-0.46,1640629,44908,38485,--6423,+44077,519992,445774,--74218,+503895,KRX
20220208,-86500,5,-1500,-1.70,2030457,84066,33566,--50500,--40150,961038,382925,--578113,--458419,KRX
20220207,+88000,2,+900,+1.03,2224116,63358,53008,--10350,--29763,727710,608016,--119694,--343902,KRX
20220204,+87100,2,+2000,+2.35,1870626,24992,44405,+19413,+36991,288871,513079,+224208,+426595,KRX
20220203,+85100,2,+100,+0.12,3118696,103348,85770,--17578,--8106,1197811,995424,--202387,--88250,KRX
20220128,+85000,2,+2400,+2.91,2958280,75421,65949,--9472,+17479,898334,784197,--114137,+206810,KRX
20220127,-82600,5,-4300,-4.95,3793749,90050,63099,--26951,--9854,1070995,750048,--320947,--125832,KRX
20220126,-86900,5,-700,-0.80,2204197,45908,28811,--17097,+7390,524192,329077,--195115,+81575,KRX
20220125,-87600,5,-2400,-2.67,2844579,65109,40622,--24487,+3172,735586,458896,--276690,+28733,KRX
20220124,-90000,5,-1800,-1.96,2021697,51459,23800,--27659,--32489,567602,262179,--305423,--358572,KRX
20220121,-91800,5,-500,-0.54,2954607,58842,63672,+4830,+2891,636596,689745,+53149,+30895,KRX
20220120,+92300,2,+1900,+2.10,3004684,69282,71221,+1939,--38217,760972,783226,+22254,--427224,KRX
20220119,-90400,5,-1600,-1.74,4587643,74639,114795,+40156,+44185,839924,1289402,+449478,+493184,KRX
20220118,-92000,5,-900,-0.97,1650829,44202,40173,--4029,--39853,475369,431663,--43706,--429683,KRX
20220117,-92900,5,-1000,-1.06,2589273,31057,66881,+35824,+49688,334175,720152,+385977,+533007,KRX
20220114,-93900,5,-2800,-2.90,2685014,58653,44789,--13864,+14690,623702,476672,--147030,+146591,KRX
20220113,-96700,5,-500,-0.51,2519096,76024,47470,--28554,--3044,782906,489285,--293621,--33009,KRX
20220112,+97200,2,+2200,+2.32,3354459,91305,65795,--25510,+45358,934736,674124,--260612,+478193,KRX
20220111,-95000,5,-1600,-1.66,4382380,161257,90389,--70868,--94033,1683613,944808,--738805,--980373,KRX
20220110,-96600,5,-3400,-3.40,5377749,70380,93545,+23165,+31232,725885,967453,+241568,+321819,KRX
20220107,100000,3,0,0.00,3962672,69032,60965,--8067,+55326,686786,606535,--80251,+548519,KRX
20220106,-100000,5,-5500,-5.21,7120428,134895,71502,--63393,+68420,1338547,709777,--628770,+607348,KRX
20220105,-105500,5,-6000,-5.38,5108428,174438,42625,--131813,--49589,1635577,399459,--1236118,--503580,KRX
20220104,-111500,5,-3000,-2.62,2396207,101065,18841,--82224,--104066,900115,167577,--732538,--922345,KRX
20220103,+114500,2,+2000,+1.78,1846049,28558,50400,+21842,+34579,248687,438494,+189807,+302401,KRX
20211230,-112500,5,-1500,-1.32,1223078,25426,12689,--12737,--4192,224998,112404,--112594,--37154,KRX
20211229,+114000,2,+500,+0.44,1791503,39041,30496,--8545,--36225,339715,264275,--75440,--319081,KRX
20211228,+113500,2,+500,+0.44,2370856,26114,53794,+27680,+31532,230405,474046,+243641,+277860,KRX
20211227,-113000,5,-1500,-1.31,1116701,15241,11389,--3852,--24935,134427,100208,--34219,--218200,KRX
20211224,+114500,2,+1500,+1.33,1484508,14800,35883,+21083,+25527,129576,313557,+183981,+223462,KRX
20211223,-113000,5,-1500,-1.31,1113550,23005,18561,--4444,--12473,202924,163443,--39481,--109740,KRX
20211222,114500,3,0,0.00,1036505,20877,28906,+8029,--26541,182578,252837,+70259,--232346,KRX
20211221,+114500,2,+1500,+1.33,1366889,19183,53753,+34570,+26990,168167,470772,+302605,+235240,KRX
20211220,-113000,5,-4500,-3.83,2989796,56911,64491,+7580,+43193,497598,564963,+67365,+369664,KRX
20211217,-117500,5,-2000,-1.67,1265074,76471,40858,--35613,--36469,649090,346791,--302299,--308591,KRX
20211216,+119500,2,+1000,+0.84,1168717,36452,37308,+856,--18816,305859,312151,+6292,--160063,KRX
20211215,118500,3,0,0.00,1070223,21174,40846,+19672,+33621,179234,345589,+166355,+285061,KRX
20211214,-118500,5,-1500,-1.25,1718411,54902,40953,--13949,+24156,465164,346458,--118706,+197144,KRX
20211213,-120000,5,-2500,-2.04,1405089,49567,11462,--38105,--63405,410076,94226,--315850,--523462,KRX
20211210,122500,3,0,0.00,974383,32086,57386,+25300,--5544,263227,470839,+207612,--44604,KRX
20211209,+122500,2,+1500,+1.24,2338843,90067,120911,+30844,--19211,739681,991897,+252216,--157048,KRX
20211208,+121000,2,+500,+0.41,2288195,42697,92752,+50055,+41231,351360,760624,+409264,+336637,KRX
20211207,-120500,5,-500,-0.41,1218740,26663,35487,+8824,+42805,220926,293553,+72627,+353286,KRX
20211206,-121000,5,-2500,-2.02,1477396,45925,11944,--33981,--75963,379122,98463,--280659,--620954,KRX
20211203,+123500,2,+1000,+0.82,1488902,30290,72272,+41982,+40647,245879,586174,+340295,+331421,KRX
20211202,122500,3,0,0.00,2028101,58470,59805,+1335,--4511,482334,491208,+8874,--38906,KRX
20211201,+122500,2,+500,+0.41,1482581,39585,45431,+5846,+74320,323830,371610,+47780,+611020,KRX
20211130,-122000,5,-1000,-0.81,3807209,288139,219665,--68474,--67863,2359108,1795868,--563240,--557964,KRX
20211129,-123000,5,-2500,-1.99,2031484,64162,63551,--611,+5016,518907,513631,--5276,+41406,KRX
20211126,-125500,5,-2500,-1.95,1679040,47889,42262,--5627,--91425,380206,333524,--46682,--720616,KRX
20211125,+128000,2,+3500,+2.81,2906344,30914,116712,+85798,+79181,243352,917286,+673934,+621009,KRX
20211124,124500,3,0,0.00,1589036,30143,36760,+6617,+69839,242636,295561,+52925,+557878,KRX
20211123,-124500,5,-4000,-3.11,1981200,92955,29733,--63222,--114969,742071,237118,--504953,--909131,KRX
20211122,+128500,2,+1500,+1.18,2213290,28042,79789,+51747,--2495,220424,624602,+404178,--24105,KRX
20211119,+127000,2,+2500,+2.01,1512294,26742,80984,+54242,+43446,211643,639926,+428283,+343705,KRX
20211118,-124500,5,-500,-0.40,1543924,40963,51759,+10796,+26555,329229,413807,+84578,+211095,KRX
20211117,-125000,5,-2500,-1.96,1675657,40445,24686,--15759,--10862,322009,195492,--126517,--87418,KRX
20211116,-127500,5,-1500,-1.16,1591390,46752,41855,--4897,--29799,366119,327020,--39099,--232267,KRX
20211115,+129000,2,+2000,+1.57,1714170,35138,60040,+24902,+247,273456,466624,+193168,+919,KRX
20211112,+127000,2,+1500,+1.20,2100660,43782,68437,+24655,--17634,346024,538273,+192249,--148493,KRX
20211111,+125500,2,+1500,+1.21,1955371,43861,86150,+42289,+46646,353286,694028,+340742,+377401,KRX
20211110,-124000,5,-1500,-1.20,1598893,36207,31850,--4357,--23072,290385,253726,--36659,--185644,KRX
20211109,+125500,2,+500,+0.40,1990889,26396,45111,+18715,+106330,210622,359607,+148985,+853547,KRX
20211108,-125000,5,-3500,-2.72,4026899,144136,56521,--87615,--41931,1156330,451768,--704562,--348879,KRX
20211105,-128500,5,-1500,-1.15,2810726,89942,44258,--45684,--197725,699241,343558,--355683,--1533146,KRX
20211104,+130000,2,+5500,+4.42,6001098,102230,254271,+152041,+189010,793172,1970635,+1177463,+1474986,KRX
20211103,-124500,5,-3500,-2.73,2937805,85841,48872,--36969,--65579,686723,389200,--297523,--521656,KRX
20211102,+128000,2,+2500,+1.99,1642378,28221,56831,+28610,+25682,221032,445165,+224133,+200903,KRX
20211101,125500,3,0,0.00,1081519,32197,35125,+2928,--10680,255973,279203,+23230,--85528,KRX
20211029,125500,3,0,0.00,1891355,65801,79409,+13608,+35265,526620,635378,+108758,+280944,KRX
20211028,-125500,5,-3000,-2.33,1783396,58482,36825,--21657,--66777,460893,288707,--172186,--524812,KRX
20211027,+128500,2,+1000,+0.78,1449071,23350,68470,+45120,+20406,182564,535190,+352626,+158253,KRX
20211026,+127500,2,+1500,+1.19,1265299,14551,39265,+24714,+23733,114283,308656,+194373,+186361,KRX
20211025,-126000,5,-1500,-1.18,2309608,52870,53851,+981,--10305,420823,428835,+8012,--81420,KRX
20211022,-127500,5,-500,-0.39,1985417,31692,42978,+11286,+5946,249085,338517,+89432,+48552,KRX
20211021,128000,3,0,0.00,2297507,53419,58759,+5340,+54671,415367,456247,+40880,+424134,KRX
20211020,+128000,2,+500,+0.39,4959740,140111,90780,--49331,--116090,1088810,705556,--383254,--914377,KRX
20211019,+127500,2,+6000,+4.94,4075027,28837,95596,+66759,+73035,231679,762802,+531123,+582885,KRX
20211018,-121500,5,-500,-0.41,1831322,39817,33541,--6276,+3577,326594,274832,--51762,+29343,KRX
20211015,+122000,2,+500,+0.41,2331425,63125,53272,--9853,--36734,518921,437816,--81105,--304063,KRX
20211014,+121500,2,+4500,+3.85,3891958,86925,113806,+26881,+8728,719151,942109,+222958,+67673,KRX
20211013,+117000,2,+3500,+3.08,2731883,41037,59190,+18153,+4464,351363,506648,+155285,+36158,KRX
20211012,-113500,5,-4000,-3.40,3810466,69639,83328,+13689,+33038,608995,728122,+119127,+281681,KRX
20211008,-117500,5,-2000,-1.67,3930836,97657,78308,--19349,+1703,821966,659412,--162554,+16136,KRX
20211007,+119500,2,+6500,+5.75,5146917,114343,93291,--21052,--64676,968234,789544,--178690,--558706,KRX
20211006,+113000,2,+2000,+1.80,4610915,80036,123660,+43624,+75604,704456,1084472,+380016,+665046,KRX
20211005,-111000,5,-5500,-4.72,4885065,116904,84924,--31980,--23923,1043629,758599,--285030,--213941,KRX
20211001,-116500,5,-1500,-1.27,2329103,47108,39051,--8057,--10818,402809,331720,--71089,--94593,KRX
20210930,+118000,2,+1500,+1.29,4649917,82380,85141,+2761,+22338,697960,721464,+23504,+193798,KRX
20210929,-116500,5,-1000,-0.85,3172350,88781,69204,--19577,--7829,768558,598264,--170294,--72549,KRX
20210928,-117500,5,-2500,-2.08,3445583,68793,57045,--11748,+35340,579783,482038,--97745,+290828,KRX
20210927,+120000,2,+500,+0.42,3635942,84663,37575,--47088,--79393,699734,311161,--388573,--660371,KRX
20210924,+119500,2,+4500,+3.91,5327603,73364,105669,+32305,+16182,615891,887689,+271798,+131627,KRX
20210923,-115000,5,-4500,-3.77,6314773,143651,159774,+16123,+42816,1240698,1380869,+140171,+363863,KRX
20210917,-119500,5,-2000,-1.65,4807631,133679,106986,--26693,--43019,1119710,896018,--223692,--357625,KRX
20210916,-121500,5,-1000,-0.82,4770936,70140,86466,+16326,+74748,571169,705102,+133933,+600528,KRX
20210915,-122500,5,-1500,-1.21,9078817,165501,107079,--58422,+90550,1325703,859108,--466595,+765093,KRX
20210914,-124000,5,-500,-0.40,18895148,413860,264888,--148972,--212038,3422191,2190503,--1231688,--1739388,KRX
20210913,-124500,5,-5500,-4.23,8675498,132039,195105,+63066,+136083,1052550,1560250,+507700,+1061789,KRX
20210910,+130000,2,+1500,+1.17,9918050,248016,174999,--73017,--53243,1897947,1343858,--554089,--394593,KRX
20210909,-128500,5,-10000,-7.22,14534253,289748,269974,--19774,+326323,2226085,2066589,--159496,+2270757,KRX
20210908,-138500,5,-15500,-10.06,16920382,512481,166384,--346097,--358815,3607750,1177497,--2430253,--2512554,KRX
20210907,-154000,5,-1500,-0.96,1072249,26628,39346,+12718,+24757,172828,255129,+82301,+160657,KRX
20210906,-155500,5,-1000,-0.64,1883428,39666,27627,--12039,--42851,257055,178699,--78356,--275160,KRX
20210903,+156500,2,+1500,+0.97,1934669,37967,68779,+30812,--30297,242739,439543,+196804,--197974,KRX
20210902,+155000,2,+1000,+0.65,1649156,29489,90598,+61109,+48858,190818,585596,+394778,+315669,KRX
20210901,-154000,5,-1000,-0.65,2011434,39977,52228,+12251,--138185,258313,337422,+79109,--898133,KRX
20210831,+155000,2,+3500,+2.31,3078357,37517,187953,+150436,+124685,244164,1221406,+977242,+807738,KRX
20210830,+151500,2,+1500,+1.00,1628144,25651,51402,+25751,+35623,169301,338805,+169504,+236175,KRX
20210827,+150000,2,+500,+0.33,1430634,51880,42008,--9872,+14048,348230,281559,--66671,+93474,KRX
20210826,-149500,5,-1500,-0.99,2360164,88021,64101,--23920,--68874,588806,428661,--160145,--457335,KRX
20210825,+151000,2,+2000,+1.34,2900928,42259,87213,+44954,+10782,280532,577722,+297190,+67818,KRX
20210824,+149000,2,+500,+0.34,2032632,34515,68687,+34172,--56985,231749,461121,+229372,--390918,KRX
20210823,+148500,2,+4500,+3.13,2678395,26895,118052,+91157,+113940,182955,803245,+620290,+778810,KRX
20210820,-144000,5,-2500,-1.71,2776813,105369,82586,--22783,--76880,726236,567716,--158520,--527229,KRX
20210819,+146500,2,+1000,+0.69,2813914,48075,102172,+54097,--32924,327722,696431,+368709,--233295,KRX
20210818,+145500,2,+3500,+2.46,2720552,41452,128473,+87021,+111587,288376,890380,+602004,+773405,KRX
20210817,-142000,5,-4000,-2.74,3322347,110521,85955,--24566,--85337,772857,601456,--171401,--587033,KRX
20210813,-146000,5,-1500,-1.02,2285992,52909,113680,+60771,--1653,362946,778578,+415632,--12314,KRX
20210812,+147500,2,+3500,+2.43,2950088,55872,118296,+62424,+132758,380754,808700,+427946,+913115,KRX
20210811,-144000,5,-2500,-1.71,1754472,93010,22676,--70334,--71845,641419,156250,--485169,--494638,KRX
20210810,-146500,5,-1500,-1.01,2074409,41598,43109,+1511,--43723,284970,294439,+9469,--297528,KRX
20210809,+148000,2,+2500,+1.72,3017396,37561,82795,+45234,+194224,255411,562408,+306997,+1329378,KRX
20210806,-145500,5,-3500,-2.35,4155669,207497,58507,--148990,--141317,1421951,399570,--1022381,--971255,KRX
20210805,-149000,5,-500,-0.33,2254087,96895,89222,--7673,--73330,647408,596282,--51126,--498376,KRX
20210804,+149500,2,+5500,+3.82,3136752,29151,94808,+65657,+20848,197332,644582,+447250,+135865,KRX
20210803,-144000,5,-2000,-1.37,2697098,29158,73967,+44809,+67421,202296,513681,+311385,+465759,KRX
20210802,-146000,5,-1000,-0.68,2172117,69209,46597,--22612,--7731,472259,317885,--154374,--52415,KRX
20210730,-147000,5,-1500,-1.01,2057332,87188,72307,--14881,--59153,590506,488547,--101959,--400607,KRX
20210729,+148500,2,+500,+0.34,1766172,32846,77118,+44272,--867,221690,520338,+298648,--5586,KRX
20210728,148000,3,0,0.00,2716816,70653,115792,+45139,--25367,475829,780063,+304234,--173451,KRX
20210727,+148000,2,+500,+0.34,3357695,59852,130358,+70506,+50670,405354,883039,+477685,+344363,KRX
20210726,-147500,5,-2000,-1.34,4071898,73861,93697,+19836,+19035,498143,631465,+133322,+126784,KRX
20210723,+149500,2,+2000,+1.36,5249906,111002,111803,+801,--44491,738086,744624,+6538,--302958,KRX
20210722,+147500,2,+2500,+1.72,5759268,66420,111712,+45292,+169232,453617,763113,+309496,+1150158,KRX
20210721,-145000,5,-7000,-4.61,10409836,245604,121664,--123940,--229027,1661656,820994,--840662,--1536435,KRX
20210720,-152000,5,-2000,-1.30,6652856,82741,187828,+105087,+93785,548163,1243936,+695773,+623355,KRX
20210719,-154000,5,-3000,-1.91,3475792,69330,80632,+11302,+25605,449142,521560,+72418,+163488,KRX
20210716,-157000,5,-2500,-1.57,3423188,45798,31495,--14303,+56429,290842,199772,--91070,+352323,KRX
20210715,-159500,5,-2500,-1.54,3821843,101133,30401,--70732,--129724,633571,190178,--443393,--805190,KRX
20210714,+162000,2,+1000,+0.62,3352019,39505,98497,+58992,+90165,243325,605122,+361797,+556862,KRX
20210713,-161000,5,-1000,-0.62,3859736,97161,65988,--31173,--61749,602001,406936,--195065,--384130,KRX
20210712,+162000,2,+1500,+0.93,3248064,48140,78716,+30576,+67009,300144,489209,+189065,+417172,KRX
20210709,-160500,5,-2500,-1.53,3795528,108912,72479,--36433,--59929,680725,452618,--228107,--370836,KRX
20210708,+163000,2,+2000,+1.24,4121257,96597,120093,+23496,--50752,594992,737721,+142729,--317253,KRX
20210707,+161000,2,+3500,+2.22,4413394,44705,118953,+74248,+66240,277651,737633,+459982,+409597,KRX
20210706,+157500,2,+500,+0.32,2045164,42629,50637,+8008,+14145,270511,320896,+50385,+89935,KRX
20210705,-157000,5,-2500,-1.57,4506967,55201,49064,--6137,+12786,348536,308986,--39550,+79703,KRX
20210702,-159500,5,-500,-0.31,4407703,66032,47109,--18923,+79227,415227,295974,--119253,+488241,KRX
20210701,-160000,5,-3000,-1.84,4630280,134853,36703,--98150,--14522,833994,226500,--607494,--87303,KRX
20210630,+163000,2,+5000,+3.16,7305590,174309,90681,--83628,--103273,1083447,563256,--520191,--645885,KRX
20210629,+158000,2,+3000,+1.94,3938542,42556,62201,+19645,+67758,271817,397511,+125694,+436388,KRX
20210628,+155000,2,+500,+0.32,5141409,106570,58457,--48113,--44971,687065,376371,--310694,--302122,KRX
20210625,-154500,5,-2500,-1.59,12271446,200530,197388,--3142,+234316,1292017,1283445,--8572,+1429583,KRX
20210624,-157000,5,-12500,-7.37,18408195,335409,97951,--237458,--254053,2041487,603332,--1438155,--1542049,KRX
20210623,+169500,2,+10500,+6.60,9078797,117377,133972,+16595,--14315,703750,807644,+103894,--90592,KRX
20210622,+159000,2,+4000,+2.58,4662042,61641,92551,+30910,+169712,392569,587055,+194486,+1087269,KRX
20210621,155000,3,0,0.00,8324948,208122,69320,--138802,--59758,1340691,447908,--892783,--381867,KRX
20210618,+155000,2,+7000,+4.73,7706345,198301,119257,--79044,--85548,1281200,770284,--510916,--555002,KRX
20210617,+148000,2,+5000,+3.50,5408889,103359,109863,+6504,+175843,708448,752534,+44086,+1223861,KRX
20210616,-143000,5,-1500,-1.04,4996272,226264,56925,--169339,--115480,1576259,396484,--1179775,--800651,KRX
20210615,+144500,2,+2000,+1.40,4950329,105949,52090,--53859,--43729,743844,364720,--379124,--308119,KRX
20210614,+142500,2,+7000,+5.17,6240394,101052,90922,--10130,+23,717119,646114,--71005,+6478,KRX
20210611,+135500,2,+2000,+1.50,3674400,82820,72667,--10153,--93529,616132,538649,--77483,--702288,KRX
20210610,+133500,2,+4500,+3.49,5564011,101051,184427,+83376,+45247,757273,1382078,+624805,+330402,KRX
20210609,+129000,2,+500,+0.39,1936747,22692,60821,+38129,+11619,175626,470029,+294403,+87574,KRX
20210608,+128500,2,+2500,+1.98,2248373,31278,57788,+26510,+10324,244918,451747,+206829,+78641,KRX
20210607,+126000,2,+2000,+1.61,1905198,25798,41984,+16186,+49233,205268,333456,+128188,+395150,KRX
20210604,-124000,5,-2500,-1.98,2668254,59399,26352,--33047,--20901,479023,212061,--266962,--170972,KRX
20210603,-126500,5,-500,-0.39,1737466,44269,32123,--12146,+2358,348481,252491,--95990,+18637,KRX
20210602,127000,3,0,0.00,2597446,61318,46814,--14504,--81674,481943,367316,--114627,--648227,KRX
20210601,+127000,2,+4000,+3.25,3573808,27051,94221,+67170,+7255,215032,748632,+533600,+44815,KRX
20210531,+123000,2,+1000,+0.82,2299358,29992,89907,+59915,+164876,245533,734318,+488785,+1352589,KRX
20210528,-122000,5,-3000,-2.40,3685820,159377,54416,--104961,--135251,1309338,445534,--863804,--1126828,KRX
20210527,+125000,2,+5500,+4.60,7398732,339772,370062,+30290,--46247,2725419,2988443,+263024,--378607,KRX
20210526,+119500,2,+1500,+1.27,2308405,38659,115196,+76537,+52208,324960,966591,+641631,+434648,KRX
20210525,+118000,2,+1500,+1.29,1777001,34301,58630,+24329,+11074,293003,499986,+206983,+93172,KRX
20210524,-116500,5,-500,-0.43,1715308,32887,46142,+13255,--58552,281378,395189,+113811,--498741,KRX
20210521,+117000,2,+3500,+3.08,3018548,39138,110945,+71807,+30060,334788,947340,+612552,+246735,KRX
20210520,+113500,2,+500,+0.44,2135101,31733,73480,+41747,+45541,279085,644902,+365817,+398973,KRX
20210518,+113000,2,+2500,+2.26,1585701,35572,31778,--3794,--25671,314363,281207,--33156,--231557,KRX
20210517,+110500,2,+1500,+1.38,1656454,26028,47905,+21877,+17263,236510,434911,+198401,+156461,KRX
20210514,-109000,5,-500,-0.46,2276082,30064,34678,+4614,+91934,275498,317438,+41940,+842462,KRX
20210513,-109500,5,-3500,-3.10,4201490,125734,38414,--87320,--49810,1151891,351369,--800522,--467674,KRX
20210512,-113000,5,-1500,-1.31,2558482,75851,38341,--37510,--29666,670256,337408,--332848,--264081,KRX
20210511,-114500,5,-1500,-1.29,1875600,52142,44298,--7844,--15754,453311,384544,--68767,--136900,KRX
20210510,+116000,2,+1500,+1.31,1898994,25378,33288,+7910,+57460,219632,287765,+68133,+499219,KRX
20210507,-114500,5,-500,-0.43,2040844,93765,44215,--49550,+42170,814621,383535,--431086,+370750,KRX
20210506,-115000,5,-500,-0.43,3234424,129339,37619,--91720,--86069,1128765,326929,--801836,--752608,KRX
20210504,+115500,2,+1000,+0.87,2228466,51973,46322,--5651,--15313,454584,405356,--49228,--135329,KRX
20210503,+114500,2,+1000,+0.88,2832622,33141,42803,+9662,+30575,290380,376481,+86101,+269310,KRX
20210430,-113500,5,-3500,-2.99,4405688,58998,38085,--20913,+16061,517818,334609,--183209,+131124,KRX
20210429,-117000,5,-2500,-2.09,3445462,68890,31916,--36974,--21349,585360,271027,--314333,--183475,KRX
20210428,-119500,5,-2000,-1.65,2276272,43295,27670,--15625,--42170,361348,230490,--130858,--348559,KRX
20210427,+121500,2,+3500,+2.97,5332544,40081,66626,+26545,--4279,329863,547564,+217701,--43909,KRX
20210426,+118000,2,+500,+0.43,1729458,20698,51522,+30824,+35127,175734,437344,+261610,+299103,KRX
20210423,117500,3,0,0.00,2473720,29041,24738,--4303,+15047,248441,210948,--37493,+127009,KRX
20210422,-117500,5,-500,-0.42,2279180,44306,24956,--19350,+22632,375632,211130,--164502,+192435,KRX
20210421,-118000,5,-1500,-1.26,4461636,72087,30105,--41982,--9562,612250,255313,--356937,--85701,KRX
20210420,+119500,2,+500,+0.42,2952174,59712,27292,--32420,+51153,499571,228335,--271236,+425684,KRX
20210419,119000,3,0,0.00,5441693,103589,20016,--83573,+127713,863626,166706,--696920,+1107091,KRX
20210416,-119000,5,-1500,-1.24,13709555,261577,50291,--211286,--93286,2230417,426406,--1804011,--841792,KRX
20210415,+120500,2,+8500,+7.59,17115015,169291,51291,--118000,--118000,1379960,417741,--962219,--962219,KRX
20210414,0,0,0,0.00,0,0,0,0,0,0,0,0,0,KRX
20210413,0,0,0,0.00,0,0,0,0,0,0,0,0,0,KRX
20210412,0,0,0,0.00,0,0,0,0,--8275,0,0,0,--14805,KRX
20210409,+558000,2,+10000,+1.82,788839,35454,43729,+8275,+17950,63879,78684,+14805,+32255,KRX
20210408,+548000,2,+6000,+1.11,912514,84817,75142,--9675,+84745,154593,137143,--17450,+159171,KRX
20210407,-542000,5,-2000,-0.37,820896,136928,42508,--94420,--412717,256001,79380,--176621,--776137,KRX
20210406,+544000,2,+42000,+8.37,1724958,25679,343976,+318297,+299068,48423,647939,+599516,+561243,KRX
20210405,+502000,2,+1000,+0.20,310400,12044,31273,+19229,+23793,23958,62231,+38273,+47386,KRX
20210402,+501000,2,+2000,+0.40,298641,30952,26388,--4564,+17175,61708,52595,--9113,+34784,KRX
20210401,+499000,2,+1000,+0.20,412423,51718,29979,--21739,--59050,103902,60005,--43897,--118533,KRX
20210331,+498000,2,+4500,+0.91,503036,44734,82045,+37311,+19029,89697,164333,+74636,+37699,KRX
20210330,+493500,2,+6000,+1.23,311073,25486,43768,+18282,+40719,51674,88611,+36937,+82933,KRX
20210329,-487500,5,-7500,-1.52,349113,40929,18492,--22437,--76855,83874,37878,--45996,--156495,KRX
20210326,+495000,2,+10000,+2.06,384547,16459,70877,+54418,+96513,33460,143959,+110499,+197373,KRX
20210325,-485000,5,-7000,-1.42,388531,56032,13937,--42095,--49593,115544,28670,--86874,--102254,KRX
20210324,+492000,2,+1500,+0.31,288563,23035,30533,+7498,+8445,47123,62503,+15380,+17705,KRX
20210323,-490500,5,-3500,-0.71,379964,37232,36285,--947,+8255,75632,73307,--2325,+16400,KRX
20210322,+494000,2,+1500,+0.30,315035,34692,25490,--9202,+8174,70461,51736,--18725,+17017,KRX
20210319,-492500,5,-5500,-1.10,516981,61663,44287,--17376,--86706,125698,89956,--35742,--174929,KRX
20210318,+498000,2,+13000,+2.68,771697,35306,104636,+69330,+59024,71270,210457,+139187,+118090,KRX
20210317,+485000,2,+6000,+1.25,403953,24304,34610,+10306,+20485,50252,71349,+21097,+42361,KRX
20210316,479000,3,0,0.00,270853,29586,19407,--10179,+1881,61672,40408,--21264,+3997,KRX
20210315,-479000,5,-2000,-0.42,345981,29297,17237,--12060,--9526,61353,36092,--25261,--20174,KRX
20210312,+481000,2,+2000,+0.42,435063,29796,27262,--2534,--7166,61604,56517,--5087,--13566,KRX
20210311,+479000,2,+19000,+4.13,928091,93947,98579,+4632,+8587,198487,206966,+8479,+17006,KRX
20210310,+460000,2,+19000,+4.31,899669,53410,49455,--3955,--4763,116861,108334,--8527,--10204,KRX
20210309,-441000,5,-13000,-2.86,1068670,64491,65299,+808,+31235,146385,148062,+1677,+67451,KRX
20210308,-454000,5,-17000,-3.61,681524,52409,21982,--30427,+4646,113377,47603,--65774,+9404,KRX
20210305,-471000,5,-11000,-2.28,712633,66474,31401,--35073,+22972,142135,66957,--75178,+44563,KRX
20210304,-482000,5,-11500,-2.33,694890,91812,33767,--58045,--65367,189341,69600,--119741,--134626,KRX
20210303,+493500,2,+2000,+0.41,528321,41342,48664,+7322,+7960,84103,98988,+14885,+16587,KRX
20210302,+491500,2,+3500,+0.72,922034,90168,89530,--638,+199533,181544,179842,--1702,+408430,KRX
20210226,+488000,2,+3500,+0.72,1617276,283381,83210,--200171,--170791,580725,170593,--410132,--348721,KRX
20210225,+484500,2,+11000,+2.32,562549,49670,20290,--29380,--10887,103713,42302,--61411,--22801,KRX
20210224,-473500,5,-13500,-2.77,667209,63327,44834,--18493,+5544,131292,92682,--38610,+10828,KRX
20210223,-487000,5,-3500,-0.71,665417,74130,50093,--24037,+54856,152833,103395,--49438,+109316,KRX
20210222,-490500,5,-13500,-2.68,640993,108174,29281,--78893,--54073,217370,58616,--158754,--108649,KRX
20210219,+504000,2,+3000,+0.60,695664,80608,55788,--24820,--13716,162021,111916,--50105,--28100,KRX
20210218,-501000,5,-8000,-1.57,466922,49117,38013,--11104,+49190,97100,75095,--22005,+96712,KRX
20210217,-509000,5,-5000,-0.97,562572,118169,57875,--60294,--178721,232545,113828,--118717,--351445,KRX
20210216,+514000,2,+12000,+2.39,1076048,52604,171031,+118427,+54978,103658,336386,+232728,+106191,KRX
20210215,+502000,2,+12500,+2.55,1052548,90470,153919,+63449,--74019,181553,308090,+126537,--160428,KRX
20210210,+489500,2,+28500,+6.18,1814483,79410,216878,+137468,+113585,165231,452196,+286965,+235777,KRX
20210209,+461000,2,+4000,+0.88,735565,42883,66766,+23883,+14950,93055,144243,+51188,+31763,KRX
20210208,+457000,2,+2000,+0.44,516115,30321,39254,+8933,+23598,66287,85712,+19425,+51850,KRX
20210205,+455000,2,+500,+0.11,408416,37688,23023,--14665,+15266,83233,50808,--32425,+33701,KRX
20210204,-454500,5,-7500,-1.62,516837,55929,25998,--29931,--42921,123138,57012,--66126,--94371,KRX
20210203,+462000,2,+16500,+3.70,758097,44637,57627,+12990,+3093,98146,126391,+28245,+6340,KRX
20210202,+445500,2,+4000,+0.91,662905,43013,52910,+9897,+83226,95754,117659,+21905,+189792,KRX
20210201,+441500,2,+500,+0.11,910101,128351,55022,--73329,--16377,294113,126226,--167887,--40615,KRX
20210129,-441000,5,-17000,-3.71,1070093,122015,65063,--56952,--1924,273690,146418,--127272,--6941,KRX
20210128,-458000,5,-7000,-1.51,921812,120509,65481,--55028,--65694,262611,142280,--120331,--142923,KRX
20210127,+465000,2,+4000,+0.87,719814,40294,50960,+10666,+111118,86125,108717,+22592,+238783,KRX
20210126,-461000,5,-12500,-2.64,812266,123842,23390,--100452,--58992,266499,50308,--216191,--127679,KRX
20210125,+473500,2,+10500,+2.27,720170,87247,45787,--41460,--82427,185957,97445,--88512,--176088,KRX
20210122,+463000,2,+9000,+1.98,1162395,83150,124117,+40967,+29654,178371,265947,+87576,+62746,KRX
20210121,+454000,2,+10000,+2.25,679093,32298,43611,+11313,+23426,70904,95734,+24830,+52197,KRX
20210120,+444000,2,+4000,+0.91,596340,51525,39412,--12113,--15148,116231,88864,--27367,--34642,KRX
20210119,+440000,2,+12500,+2.92,583997,44474,47509,+3035,--11565,101642,108917,+7275,--26202,KRX
20210118,-427500,5,-10000,-2.29,839984,55550,70150,+14600,--14960,128221,161698,+33477,--33416,KRX
20210115,-437500,5,-14000,-3.10,995726,69151,98711,+29560,+48847,155735,222628,+66893,+109290,KRX
20210114,-451500,5,-3000,-0.66,802076,92609,73322,--19287,+8927,203674,161277,--42397,+19607,KRX
20210113,-454500,5,-3000,-0.66,806402,76794,48580,--28214,+21609,168712,106708,--62004,+49149,KRX
20210112,+457500,2,+4500,+0.99,1577872,119331,69508,--49823,--27303,266353,155200,--111153,--62948,KRX
20210111,+453000,2,+19000,+4.38,3157747,205287,182767,--22520,--120838,458011,409806,--48205,--278277,KRX
20210108,+434000,2,+31500,+7.83,2466715,63177,161495,+98318,+125523,148715,378787,+230072,+298552,KRX
20210107,+402500,2,+7000,+1.77,775191,69143,41938,--27205,--96040,172995,104515,--68480,--238011,KRX
20210106,+395500,2,+2500,+0.64,1435715,69865,138700,+68835,+99121,173797,343328,+169531,+247124,KRX
20210105,-393000,5,-3000,-0.76,748559,70991,40705,--30286,--49716,181577,103984,--77593,--126567,KRX
20210104,+396000,2,+6500,+1.67,853740,42111,61541,+19430,--5931,107312,156286,+48974,--15648,KRX
20201230,+389500,2,+5000,+1.30,813142,48516,73877,+25361,--56117,124487,189109,+64622,--148249,KRX
20201229,+384500,2,+11500,+3.08,857404,28177,109655,+81478,+65996,73685,286556,+212871,+171610,KRX
20201228,-373000,5,-1000,-0.27,646464,23761,39243,+15482,+23956,63845,105106,+41261,+63925,KRX
20201224,-374000,5,-3500,-0.93,465132,26724,18250,--8474,--10881,71191,48527,--22664,--28583,KRX
20201223,+377500,2,+1500,+0.40,629952,31695,34102,+2407,--21797,83527,89446,+5919,--56863,KRX
20201222,-376000,5,-3500,-0.92,876516,38423,62627,+24204,--22880,100403,163185,+62782,--62888,KRX
20201221,+379500,2,+12500,+3.41,819879,18732,65816,+47084,+56922,50029,175699,+125670,+152550,KRX
20201218,-367000,5,-2000,-0.54,427433,55538,45700,--9838,--15326,151407,124527,--26880,--41724,KRX
20201217,-369000,5,-3000,-0.81,455131,27781,33269,+5488,+6629,75047,89891,+14844,+17952,KRX
20201216,+372000,2,+1000,+0.27,269253,19022,17881,--1141,+24611,51111,48003,--3108,+66398,KRX
20201215,-371000,5,-2500,-0.67,393157,40094,14342,--25752,--14413,108132,38626,--69506,--39114,KRX
20201214,-373500,5,-1000,-0.27,480288,30543,19204,--11339,--14465,81585,51193,--30392,--38653,KRX
20201211,+374500,2,+4000,+1.08,438405,25280,28406,+3126,--4664,67420,75681,+8261,--12149,KRX
20201210,-370500,5,-4500,-1.20,818557,81866,89656,+7790,+34987,220487,240897,+20410,+93128,KRX
20201209,+375000,2,+500,+0.13,579905,56323,29126,--27197,+31977,150379,77661,--72718,+84156,KRX
20201208,-374500,5,-10500,-2.73,768600,73709,14535,--59174,+14227,195328,38454,--156874,+33446,KRX
20201207,-385000,5,-4500,-1.16,894743,95259,21858,--73401,--145848,246952,56632,--190320,--378077,KRX
20201204,+389500,2,+15500,+4.14,1561745,60656,133103,+72447,+69762,157291,345048,+187757,+180710,KRX
20201203,+374000,2,+1000,+0.27,464371,40413,43098,+2685,+15995,108669,115716,+7047,+42800,KRX
20201202,-373000,5,-1500,-0.40,440500,35449,22139,--13310,--30234,95122,59369,--35753,--81130,KRX
20201201,+374500,2,+6500,+1.77,452723,18788,35712,+16924,+68990,50510,95887,+45377,+186671,KRX
20201130,-368000,5,-5000,-1.34,544990,96885,44819,--52066,--40591,262898,121604,--141294,--110390,KRX
20201127,-373000,5,-1000,-0.27,335836,24698,13223,--11475,--40238,66359,35455,--30904,--107947,KRX
20201126,+374000,2,+7000,+1.91,539570,20053,48816,+28763,+60415,54015,131058,+77043,+162798,KRX
20201125,-367000,5,-6000,-1.61,703279,61935,30283,--31652,--55676,167725,81970,--85755,--149945,KRX
20201124,+373000,2,+6000,+1.63,649755,48536,72560,+24024,+12576,130621,194811,+64190,+33030,KRX
20201123,+367000,2,+1500,+0.41,363196,18518,29966,+11448,+16998,50495,81655,+31160,+46395,KRX
20201120,365500,3,0,0.00,267266,19824,14274,--5550,--14816,54221,38986,--15235,--40195,KRX
20201119,365500,3,0,0.00,430120,20151,29417,+9266,--6402,54928,79888,+24960,--17746,KRX
20201118,+365500,2,+3500,+0.97,484493,16295,31963,+15668,+13046,44548,87254,+42706,+35436,KRX
20201117,362000,3,0,0.00,452275,28341,30963,+2622,+33373,78659,85929,+7270,+92378,KRX
20201116,-362000,5,-3500,-0.96,557987,58661,27910,--30751,--69446,162149,77041,--85108,--191551,KRX
20201113,+365500,2,+8000,+2.24,538206,22117,60812,+38695,+45305,61233,167676,+106443,+124932,KRX
20201112,+357500,2,+2000,+0.56,555279,38285,31675,--6610,--5725,106883,88394,--18489,--16372,KRX
20201111,-355500,5,-500,-0.14,713843,32900,32015,--885,+42450,92700,90583,--2117,+119356,KRX
20201110,-356000,5,-15500,-4.17,1105100,78076,34741,--43335,--11479,218801,97328,--121473,--35629,KRX
20201109,+371500,2,+1000,+0.27,593735,50443,18587,--31856,--84418,135880,50036,--85844,--225174,KRX
20201106,+370500,2,+7500,+2.07,1315572,40268,92830,+52562,+63080,108264,247594,+139330,+168618,KRX
20201105,+363000,2,+3500,+0.97,1061367,71258,60740,--10518,--25136,197661,168373,--29288,--70176,KRX
20201104,+359500,2,+23000,+6.84,1431026,43545,58163,+14618,+15891,124448,165336,+40888,+44789,KRX
20201103,+336500,2,+2000,+0.60,403786,20261,18988,--1273,--9122,60505,56604,--3901,--27410,KRX
20201102,+334500,2,+4500,+1.36,319856,11196,19045,+7849,+66207,33664,57173,+23509,+197842,KRX
20201030,-330000,5,-13000,-3.79,553748,75801,17443,--58358,--29621,226561,52228,--174333,--90002,KRX
20201029,-343000,5,-3500,-1.01,491546,40770,12033,--28737,--20413,119524,35193,--84331,--59568,KRX
20201028,+346500,2,+12500,+3.74,629567,44060,35736,--8324,--10192,129294,104531,--24763,--30524,KRX
20201027,+334000,2,+4500,+1.37,812610,45705,47573,+1868,--24334,135914,141675,+5761,--73046,KRX
20201026,-329500,5,-10500,-3.09,714722,29077,55279,+26202,+36839,87580,166387,+78807,+109897,KRX
20201023,-340000,5,-9000,-2.58,622592,26397,15760,--10637,--12583,77147,46057,--31090,--36652,KRX
20201022,-349000,5,-4500,-1.27,376380,11512,13458,+1946,+36251,33036,38598,+5562,+102379,KRX
20201021,+353500,2,+1000,+0.28,516282,52977,18672,--34305,--29021,149371,52554,--96817,--81112,KRX
20201020,-352500,5,-500,-0.14,759973,35296,30012,--5284,+1958,102029,86324,--15705,+4755,KRX
20201019,-353000,5,-4500,-1.26,362402,19728,12486,--7242,--943,55438,34978,--20460,--2725,KRX
20201016,-357500,5,-4500,-1.24,400405,22457,16158,--6299,--6543,62807,45072,--17735,--18325,KRX
20201015,-362000,5,-6500,-1.76,422566,15821,16065,+244,--5989,43661,44251,+590,--16206,KRX
20201014,-368500,5,-3500,-0.94,333008,13840,20073,+6233,+3786,37327,54123,+16796,+10248,KRX
20201013,+372000,2,+500,+0.13,302317,14756,17203,+2447,+3789,39531,46079,+6548,+10136,KRX
20201012,-371500,5,-7500,-1.98,471624,22375,21033,--1342,--29141,59700,56112,--3588,--76495,KRX
20201008,-379000,5,-1500,-0.39,624658,32909,60708,+27799,+32009,86397,159304,+72907,+83963,KRX
20201007,-380500,5,-1000,-0.26,398285,18032,13822,--4210,--47240,47445,36389,--11056,--125459,KRX
20201006,+381500,2,+11000,+2.97,765339,24437,67467,+43030,+33792,64696,179099,+114403,+89309,KRX
20201005,+370500,2,+6000,+1.65,522228,26712,35950,+9238,+56297,73029,98123,+25094,+153235,KRX
20200929,-364500,5,-4500,-1.22,612054,71717,24658,--47059,--56022,195092,66951,--128141,--153378,KRX
20200928,+369000,2,+17500,+4.98,674705,22269,31232,+8963,+11781,60633,85870,+25237,+33340,KRX
20200925,-351500,5,-500,-0.14,449701,22509,19691,--2818,+43587,63935,55832,--8103,+122752,KRX
20200924,-352000,5,-13500,-3.69,763638,59868,13463,--46405,--49102,168791,37936,--130855,--138110,KRX
20200923,+365500,2,+12500,+3.54,930394,39307,42004,+2697,--6377,108713,115968,+7255,--18221,KRX
20200922,-353000,5,-11500,-3.16,880318,32549,41623,+9074,+27691,91536,117012,+25476,+76023,KRX
20200921,-364500,5,-8500,-2.28,530255,28812,10195,--18617,--20625,78221,27674,--50547,--55912,KRX
20200918,+373000,2,+2000,+0.54,495271,28678,30686,+2008,+5937,76971,82336,+5365,+15973,KRX
20200917,-371000,5,-6000,-1.59,617702,25590,21661,--3929,+31757,69028,58420,--10608,+83348,KRX
20200916,-377000,5,-4000,-1.05,485743,43126,7440,--35686,--13059,113606,19650,--93956,--34287,KRX
20200915,+381000,2,+7500,+2.01,860038,64306,41679,--22627,--39068,169642,109973,--59669,--103853,KRX
20200914,-373500,5,-5500,-1.45,830231,37186,53627,+16441,+34152,99593,143777,+44184,+91056,KRX
20200911,-379000,5,-6500,-1.69,792840,49445,31734,--17711,--5324,130932,84060,--46872,--15349,KRX
20200910,+385500,2,+1500,+0.39,936708,81464,69077,--12387,+1931,210021,178498,--31523,+5630,KRX
20200909,-384000,5,-6000,-1.54,935573,52455,38137,--14318,--2742,136618,99465,--37153,--7838,KRX
20200908,-390000,5,-2000,-0.51,1020539,36680,25104,--11576,+21599,93561,64246,--29315,+54929,KRX
20200907,-392000,5,-10000,-2.49,928939,40879,7704,--33175,--13093,103822,19578,--84244,--34345,KRX
20200904,-402000,5,-8000,-1.95,1168529,54794,34712,--20082,--2829,136658,86759,--49899,--7425,KRX
20200903,-410000,5,-2000,-0.49,739215,54509,37256,--17253,--57985,133399,90925,--42474,--142278,KRX
20200902,+412000,2,+10500,+2.62,921655,26987,67719,+40732,+66611,66251,166055,+99804,+164372,KRX
20200901,-401500,5,-5500,-1.35,1100736,60692,34813,--25879,+40423,149817,85249,--64568,+97828,KRX
20200831,+407000,2,+1500,+0.37,1629751,123628,57326,--66302,+25929,301401,139005,--162396,+66184,KRX
20200828,-405500,5,-5000,-1.22,1506996,132900,40669,--92231,--111771,328737,100157,--228580,--276735,KRX
20200827,+410500,2,+18500,+4.72,1981840,44186,63726,+19540,--50217,108456,156611,+48155,--130657,KRX
20200826,+392000,2,+11000,+2.89,1351029,31257,101014,+69757,+78200,80408,259220,+178812,+201137,KRX
20200825,+381000,2,+1000,+0.26,887733,46587,38144,--8443,--21199,122580,100255,--22325,--55828,KRX
20200824,+380000,2,+10000,+2.70,969648,25228,37984,+12756,--2483,66825,100328,+33503,--8054,KRX
20200821,+370000,2,+5500,+1.51,1021460,25279,40518,+15239,+38993,68365,109922,+41557,+106134,KRX
20200820,-364500,5,-12000,-3.19,1686740,62095,38341,--23754,+61763,167731,103154,--64577,+162217,KRX
20200819,-376500,5,-1500,-0.40,1359266,111945,26428,--85517,--191561,296827,70033,--226794,--505510,KRX
20200818,+378000,2,+15500,+4.28,3032037,63901,169945,+106044,+117433,169031,447747,+278716,+310102,KRX
20200814,+362500,2,+2000,+0.55,825802,35308,23919,--11389,--11185,97545,66159,--31386,--30671,KRX
20200813,+360500,2,+6500,+1.84,1117859,46747,46543,--204,+17039,129796,129081,--715,+48372,KRX
20200812,+354000,2,+1500,+0.43,729434,36851,19608,--17243,+16428,104800,55713,--49087,+46731,KRX
20200811,-352500,5,-3500,-0.98,750285,52109,18438,--33671,--21706,148127,52309,--95818,--62672,KRX
20200810,+356000,2,+3000,+0.85,1086391,53087,41122,--11965,+29688,150107,116961,--33146,+83812,KRX
20200807,-353000,5,-11000,-3.02,1899111,73171,31518,--41653,+18460,204678,87720,--116958,+48224,KRX
20200806,-364000,5,-6500,-1.75,1848898,98211,38098,--60113,--30114,269926,104744,--165182,--83847,KRX
20200805,+370500,2,+500,+0.14,1075879,44985,14986,--29999,+5465,121983,40648,--81335,+14914,KRX
20200804,+370000,2,+4000,+1.09,1714642,69133,33669,--35464,--37623,187161,90912,--96249,--102171,KRX
20200803,+366000,2,+22500,+6.55,1636803,48452,50611,+2159,--19435,135275,141197,+5922,--57432,KRX
20200731,+343500,2,+11500,+3.46,1078837,32181,53775,+21594,+27372,94010,157364,+63354,+80840,KRX
20200730,+332000,2,+500,+0.15,615872,22389,16611,--5778,--7534,67229,49743,--17486,--22728,KRX
20200729,+331500,2,+2000,+0.61,618435,19298,21054,+1756,--7578,58410,63652,+5242,--22602,KRX
20200728,+329500,2,+3000,+0.92,873063,31856,41190,+9334,--12986,96182,124026,+27844,--40513,KRX
20200727,+326500,2,+2000,+0.62,603322,16968,39288,+22320,+49880,51995,120352,+68357,+152963,KRX
20200724,-324500,5,-5000,-1.52,907643,37683,10123,--27560,--53138,115724,31118,--84606,--162842,KRX
20200723,+329500,2,+11500,+3.62,1260435,38219,63797,+25578,+35169,117243,195479,+78236,+108000,KRX
20200722,+318000,2,+2000,+0.63,1159298,41171,31580,--9591,+24418,130375,100611,--29764,+76632,KRX
20200721,+316000,2,+6000,+1.94,1676630,83842,49833,--34009,+431,262394,155998,--106396,+2728,KRX
20200720,-310000,5,-15000,-4.62,1534422,56843,22403,--34440,--13810,180861,71737,--109124,--45407,KRX
20200717,+325000,2,+3000,+0.93,1268587,52438,31808,--20630,--38665,162291,98574,--63717,--120234,KRX
20200716,-322000,5,-15500,-4.59,1941508,64199,82234,+18035,+12057,197177,253694,+56517,+38589,KRX
20200715,-337500,5,-5500,-1.60,1487417,45500,51478,+5978,+13651,134113,152041,+17928,+40233,KRX
20200714,-343000,5,-9000,-2.56,1212519,47167,39494,--7673,+22895,137675,115370,--22305,+64847,KRX
20200713,-352000,5,-3500,-0.98,1391744,57059,26491,--30568,+50383,162786,75634,--87152,+138673,KRX
20200710,355500,3,0,0.00,2566935,109040,28089,--80951,--65468,304767,78942,--225825,--180001,KRX
20200709,+355500,2,+27500,+8.38,2463503,70112,54629,--15483,--16898,202483,156659,--45824,--50249,KRX
20200708,+328000,2,+17500,+5.64,1869663,41251,42666,+1415,--32966,130034,134459,+4425,--106356,KRX
20200707,+310500,2,+10000,+3.33,1552820,45776,80157,+34381,+68836,147390,258171,+110781,+225178,KRX
20200706,+300500,2,+6500,+2.21,1344851,54883,20428,--34455,--65007,182152,67755,--114397,--218456,KRX
20200703,+294000,2,+8500,+2.98,1604493,22843,53395,+30552,--15645,78465,182524,+104059,--60904,KRX
20200702,+285500,2,+16000,+5.94,1378545,37414,83611,+46197,+31919,133572,298535,+164963,+112734,KRX
20200701,+269500,2,+2000,+0.75,578023,19585,33863,+14278,+19430,72297,124526,+52229,+71425,KRX
20200630,267500,3,0,0.00,624089,38559,33407,--5152,--16479,143311,124115,--19196,--60930,KRX
20200629,-267500,5,-7000,-2.55,778818,29214,40541,+11327,+7383,108314,150048,+41734,+27085,KRX
20200626,274500,3,0,0.00,812726,34566,38510,+3944,+36387,126175,140824,+14649,+131774,KRX
20200625,-274500,5,-8000,-2.83,900258,62115,29672,--32443,--13102,224289,107164,--117125,--47653,KRX
20200624,+282500,2,+1000,+0.36,1081233,49380,30039,--19341,+3988,176557,107085,--69472,+12737,KRX
20200623,+281500,2,+7500,+2.74,2166267,58893,35564,--23329,--84885,207724,125515,--82209,--307742,KRX
20200622,+274000,2,+10500,+3.98,2008656,46516,108072,+61556,+64211,170930,396463,+225533,+235689,KRX
20200619,263500,3,0,0.00,920126,47189,44534,--2655,--30574,178831,168675,--10156,--115699,KRX
20200618,+263500,2,+500,+0.19,981144,22946,50865,+27919,+25656,87093,192636,+105543,+96857,KRX
20200617,263000,3,0,0.00,1162204,31768,34031,+2263,--15784,120746,129432,+8686,--60287,KRX
20200616,+263000,2,+10500,+4.16,915456,20999,39046,+18047,+27827,80276,149249,+68973,+106206,KRX
20200615,-252500,5,-13500,-5.08,1549230,37822,28042,--9780,--28436,143685,106452,--37233,--107373,KRX
20200612,+266000,2,+1000,+0.38,1688975,40771,59427,+18656,--28395,155570,225710,+70140,--107720,KRX
20200611,+265000,2,+3000,+1.15,1724551,74918,121969,+47051,+20963,283096,460956,+177860,+78068,KRX
20200610,+262000,2,+7500,+2.95,1575452,27064,53152,+26088,+41525,103622,203414,+99792,+160055,KRX
20200609,-254500,5,-2000,-0.78,834862,45859,30422,--15437,--2801,179827,119564,--60263,--10503,KRX
20200608,+256500,2,+5500,+2.19,1417078,39044,26408,--12636,+3660,153677,103917,--49760,+15677,KRX
20200605,-251000,5,-3000,-1.18,1007264,43821,27525,--16296,--45449,175734,110297,--65437,--180833,KRX
20200604,+254000,2,+4500,+1.80,1228950,33989,63142,+29153,+38651,134359,249755,+115396,+153007,KRX
20200603,-249500,5,-10000,-3.85,2302391,56240,46742,--9498,--6959,223491,185880,--37611,--27860,KRX
20200602,-259500,5,-4500,-1.70,978846,29153,26614,--2539,--10804,112130,102379,--9751,--41095,KRX
20200601,+264000,2,+500,+0.19,1083698,21125,29390,+8265,+21270,80176,111520,+31344,+82389,KRX
20200529,-263500,5,-3500,-1.31,1645822,135853,122848,--13005,--22626,519101,468056,--51045,--89281,KRX
20200528,+267000,2,+6500,+2.50,2495048,58461,68082,+9621,+11149,223603,261839,+38236,+42962,KRX
20200527,-260500,5,-9500,-3.52,2015974,55127,53599,--1528,+66056,209672,204946,--4726,+244639,KRX
20200526,+270000,2,+2000,+0.75,3274293,97692,30108,--67584,--58161,361505,112140,--249365,--211508,KRX
20200525,+268000,2,+21000,+8.50,2653776,44728,35305,--9423,--22800,172342,134485,--37857,--92649,KRX
20200522,+247000,2,+9500,+4.00,1887064,25786,39163,+13377,+31882,105456,160248,+54792,+132825,KRX
20200521,+237500,2,+6000,+2.59,1408737,42658,24153,--18505,--30665,179747,101714,--78033,--132472,KRX
20200520,+231500,2,+11500,+5.23,1773960,29454,41614,+12160,--468,127885,182324,+54439,--3430,KRX
20200519,-220000,5,-1000,-0.45,1308903,24028,36656,+12628,+9425,109872,167741,+57869,+43499,KRX
20200518,-221000,5,-500,-0.23,744533,17986,21189,+3203,+20615,80867,95237,+14370,+92444,KRX
20200515,-221500,5,-3500,-1.56,1524083,45964,28552,--17412,--16186,206743,128669,--78074,--72131,KRX
20200514,+225000,2,+8500,+3.93,1459813,37890,36664,--1226,+8374,170440,164497,--5943,+39093,KRX
20200513,+216500,2,+2000,+0.93,1113608,40003,30403,--9600,--37235,186654,141618,--45036,--176052,KRX
20200512,+214500,2,+7000,+3.37,1563095,29545,57180,+27635,+14470,139623,270639,+131016,+68180,KRX
20200511,+207500,2,+1500,+0.73,1048413,23409,36574,+13165,+7854,112365,175201,+62836,+37232,KRX
20200508,206000,3,0,0.00,1405404,27127,32438,+5311,--19717,130882,156486,+25604,--95995,KRX
20200507,+206000,2,+6500,+3.26,2629709,52995,78023,+25028,+13892,260528,382127,+121599,+64544,KRX
20200506,+199500,2,+13000,+6.97,2035947,35561,46697,+11136,--6678,183050,240105,+57055,--38334,KRX
20200504,+186500,2,+2500,+1.36,1019409,29222,47036,+17814,+22261,158542,253931,+95389,+119542,KRX
20200429,-184000,5,-1000,-0.54,659512,25661,21214,--4447,--12225,139715,115562,--24153,--66593,KRX
20200428,+185000,2,+1000,+0.54,668638,21348,29126,+7778,+18996,115985,158425,+42440,+103336,KRX
20200427,+184000,2,+1000,+0.55,721963,20754,9536,--11218,+7835,112567,51671,--60896,+42249,KRX
20200424,-183000,5,-2500,-1.35,1073684,34247,15194,--19053,--56951,185357,82212,--103145,--308822,KRX
20200423,+185500,2,+8500,+4.80,1509799,20783,58681,+37898,+46074,112898,318575,+205677,+252721,KRX
20200422,+177000,2,+1500,+0.85,686146,26095,17919,--8176,--14257,149328,102284,--47044,--82212,KRX
20200421,+175500,2,+500,+0.29,1232126,25658,31739,+6081,+1242,147500,182668,+35168,+7606,KRX
20200420,+175000,2,+3000,+1.74,859303,22238,27077,+4839,--1207,126462,154024,+27562,--7458,KRX
20200417,+172000,2,+6500,+3.93,947794,19678,25724,+6046,+2442,115403,150423,+35020,+13069,KRX
20200416,+165500,2,+6000,+3.76,1005533,29539,33143,+3604,+7829,179417,201368,+21951,+48388,KRX
20200414,+159500,2,+2000,+1.27,430759,13119,8894,--4225,+8574,82129,55692,--26437,+54284,KRX
20200413,-157500,5,-3500,-2.17,470251,24506,11707,--12799,--794,154376,73655,--80721,--5404,KRX
20200410,+161000,2,+3000,+1.90,753323,25804,13799,--12005,--12804,161791,86474,--75317,--80523,KRX
20200409,158000,3,0,0.00,726920,18606,19405,+799,+5693,117269,122475,+5206,+36114,KRX
20200408,-158000,5,-2000,-1.25,738303,22282,17388,--4894,+6812,140265,109357,--30908,+41809,KRX
20200407,-160000,5,-500,-0.31,920798,29464,17758,--11706,--2970,183356,110639,--72717,--17304,KRX
20200406,+160500,2,+3000,+1.90,807805,24315,15579,--8736,--3159,153112,97699,--55413,--19782,KRX
20200403,+157500,2,+500,+0.32,545749,20996,15419,--5577,--3067,133661,98030,--35631,--18524,KRX
20200402,+157000,2,+6500,+4.32,1043790,35927,33417,--2510,+23458,233163,216056,--17107,+150653,KRX
20200401,-150500,5,-5000,-3.22,794295,41066,15098,--25968,--20236,266020,98260,--167760,--130807,KRX
20200331,+155500,2,+2500,+1.63,1042474,33518,27786,--5732,--7808,215408,178455,--36953,--50727,KRX
20200330,+153000,2,+500,+0.33,668254,22323,24399,+2076,+5002,147495,161269,+13774,+33069,KRX
20200327,+152500,2,+2000,+1.33,958988,31427,28501,--2926,+8903,206571,187276,--19295,+58310,KRX
20200326,-150500,5,-4000,-2.59,893688,29581,17752,--11829,+13011,194251,116646,--77605,+83260,KRX
20200325,154500,3,0,0.00,1290376,49396,24556,--24840,--33434,318335,157470,--160865,--217125,KRX
20200324,+154500,2,+11000,+7.67,1271387,28248,36842,+8594,+14903,185768,242028,+56260,+100696,KRX
20200323,-143500,5,-6000,-4.01,1569378,49989,43680,--6309,--11203,349527,305091,--44436,--80646,KRX
20200320,+149500,2,+15500,+11.57,1765756,47186,52080,+4894,+28068,329440,365650,+36210,+209206,KRX
20200319,-134000,5,-7000,-4.96,2157141,66646,43472,--23174,--5738,497529,324533,--172996,--55380,KRX
20200318,-141000,5,-6500,-4.41,1107527,41550,24114,--17436,+1241,280730,163114,--117616,+7643,KRX
20200317,147500,3,0,0.00,1221046,54084,35407,--18677,+18673,368440,243181,--125259,+115477,KRX
20200316,-147500,5,-11500,-7.23,1252484,66237,28887,--37350,--32043,428849,188113,--240736,--205452,KRX
20200313,-159000,5,-2000,-1.24,1601985,62538,57231,--5307,+19216,410408,375124,--35284,+115728,KRX
20200312,-161000,5,-8000,-4.73,1218070,69125,44602,--24523,--10496,425713,274701,--151012,--68660,KRX
20200311,-169000,5,-4000,-2.31,550227,33322,19295,--14027,--2985,195800,113448,--82352,--18515,KRX
20200310,+173000,2,+5500,+3.28,950875,43955,32913,--11042,+4717,257596,193759,--63837,+29845,KRX
20200309,-167500,5,-8000,-4.56,805638,40388,24629,--15759,--13487,240443,146761,--93682,--80971,KRX
20200306,-175500,5,-4000,-2.23,568424,22218,19946,--2272,+9763,126498,113787,--12711,+54501,KRX
20200305,179500,3,0,0.00,821744,43203,31168,--12035,--39402,241148,173936,--67212,--220179,KRX
20200304,+179500,2,+4500,+2.57,709188,28721,56088,+27367,+43301,160367,313334,+152967,+242956,KRX
20200303,175000,3,0,0.00,629017,38686,22752,--15934,--8028,218011,128022,--89989,--43999,KRX
20200302,+175000,2,+3000,+1.74,793495,43974,36068,--7906,--16913,253581,207591,--45990,--97492,KRX
20200228,-172000,5,-6500,-3.64,1022917,46242,55249,+9007,--5214,268068,319570,+51502,--28446,KRX
20200227,-178500,5,-5500,-2.99,785062,26457,40678,+14221,+6116,147070,227018,+79948,+35735,KRX
20200226,-184000,5,-1500,-0.81,516378,30321,38426,+8105,+3388,165182,209395,+44213,+18661,KRX
20200225,+185500,2,+2000,+1.09,596763,18975,23692,+4717,+5657,103109,128661,+25552,+30813,KRX
20200224,-183500,5,-6000,-3.17,792733,35348,34408,--940,--16471,192485,187224,--5261,--87040,KRX
20200221,-189500,5,-1000,-0.52,558497,23603,39134,+15531,+20853,124527,206306,+81779,+109734,KRX
20200220,+190500,2,+500,+0.26,547405,27410,22088,--5322,--10087,144522,116567,--27955,--54500,KRX
20200219,+190000,2,+8000,+4.40,1362998,52538,57303,+4765,+5794,280617,307162,+26545,+32041,KRX
20200218,+182000,2,+1500,+0.83,587253,32891,31862,--1029,--673,181003,175507,--5496,--3527,KRX
20200217,+180500,2,+500,+0.28,329408,9479,9123,--356,+4353,52445,50476,--1969,+23977,KRX
20200214,+180000,2,+1000,+0.56,948085,38099,33390,--4709,--61506,209983,184037,--25946,--343821,KRX
20200213,+179000,2,+7000,+4.07,1877980,43336,100133,+56797,+58646,242837,560712,+317875,+329182,KRX
20200212,+172000,2,+2000,+1.18,407917,19739,17890,--1849,--1064,116360,105053,--11307,--6487,KRX
20200211,+170000,2,+1000,+0.59,307120,13847,13062,--785,--5169,81821,77001,--4820,--30781,KRX
20200210,+169000,2,+1500,+0.90,375209,10214,14598,+4384,+4519,60655,86616,+25961,+26763,KRX
20200207,+167500,2,+1500,+0.90,522100,17823,17688,--135,+4918,106203,105401,--802,+29611,KRX
20200206,+166000,2,+3000,+1.84,552044,30701,25648,--5053,--7136,184365,153952,--30413,--43065,KRX
20200205,-163000,5,-1500,-0.91,456954,19674,21757,+2083,--476,120074,132726,+12652,--2963,KRX
20200204,+164500,2,+5000,+3.13,394773,16963,19522,+2559,+1468,103659,119274,+15615,+8526,KRX
20200203,+159500,2,+500,+0.31,423907,18532,19623,+1091,+7234,116569,123658,+7089,+45111,KRX
20200131,-159000,5,-3000,-1.85,346067,19624,13481,--6143,--2898,121874,83852,--38022,--18111,KRX
20200130,-162000,5,-1500,-0.92,418908,17127,13882,--3245,--2902,105313,85402,--19911,--17780,KRX
20200129,+163500,2,+1000,+0.62,255167,11359,11016,--343,--1551,69466,67335,--2131,--9676,KRX
20200128,-162500,5,-3000,-1.81,513228,21882,23090,+1208,--4659,135249,142794,+7545,--28036,KRX
20200123,-165500,5,-500,-0.30,323420,11367,17234,+5867,--3617,68412,103993,+35581,--21835,KRX
20200122,+166000,2,+1000,+0.61,504350,10312,19796,+9484,--3423,61872,119288,+57416,--20813,KRX
20200121,-165000,5,-3500,-2.08,389155,6557,19464,+12907,--3544,39636,117865,+78229,--19538,KRX
20200120,168500,3,0,0.00,380510,7457,23908,+16451,+17524,44304,142071,+97767,+104133,KRX
20200117,-168500,5,-3000,-1.75,354724,12025,10952,--1073,+3328,71016,64650,--6366,+19341,KRX
20200116,+171500,2,+1500,+0.88,260049,11562,7161,--4401,--12411,67502,41795,--25707,--73007,KRX
20200115,+170000,2,+3000,+1.80,462119,13873,21883,+8010,+5590,82016,129316,+47300,+32919,KRX
20200114,167000,3,0,0.00,423286,17419,19839,+2420,+2854,104255,118636,+14381,+16977,KRX
20200113,+167000,2,+2000,+1.21,475667,15019,14585,--434,--13166,90191,87595,--2596,--79992,KRX
20200110,+165000,2,+1000,+0.61,401906,9670,22402,+12732,+9523,58876,136272,+77396,+58135,KRX
20200109,+164000,2,+4500,+2.82,878319,19559,22768,+3209,--7658,119628,138889,+19261,--49408,KRX
20200108,-159500,5,-500,-0.31,851619,17681,28548,+10867,--10238,110971,179640,+68669,--64567,KRX
20200107,+160000,2,+5500,+3.56,840186,11717,32822,+21105,+14127,74160,207396,+133236,+87723,KRX
20200106,+154500,2,+2000,+1.31,393715,8888,15866,+6978,+9990,57972,103485,+45513,+65319,KRX
20200103,152500,3,0,0.00,314848,10821,7809,--3012,+1465,70901,51095,--19806,+9483,KRX
20200102,-152500,5,-1000,-0.65,241047,9708,5231,--4477,+64,63491,34202,--29289,+292,KRX
20191230,153500,3,0,0.00,428587,14562,10021,--4541,--18769,94605,65024,--29581,--122601,KRX
20191227,+153500,2,+5500,+3.72,690548,18795,33023,+14228,+10541,123570,216590,+93020,+68028,KRX
20191226,+148000,2,+1500,+1.02,320921,4822,8509,+3687,+172,32685,57677,+24992,+951,KRX
20191224,-146500,5,-2000,-1.35,367817,9162,12677,+3515,+7292,62270,86311,+24041,+49267,KRX
20191223,-148500,5,-1500,-1.00,283403,14450,10673,--3777,--9702,96775,71549,--25226,--64304,KRX
20191220,150000,3,0,0.00,545445,24971,30896,+5925,+3654,166159,205237,+39078,+23939,KRX
20191219,-150000,5,-1000,-0.66,175849,6665,8936,+2271,--3138,44478,59617,+15139,--20650,KRX
20191218,+151000,2,+500,+0.33,252752,9715,15124,+5409,+7572,64539,100328,+35789,+50174,KRX
20191217,-150500,5,-1000,-0.66,275832,14570,12407,--2163,--2984,96822,82437,--14385,--19789,KRX
20191216,+151500,2,+500,+0.33,297095,12737,13558,+821,--1260,84411,89815,+5404,--8307,KRX
20191213,+151000,2,+1500,+1.00,456822,19403,21484,+2081,+2508,129702,143413,+13711,+16633,KRX
20191212,-149500,5,-500,-0.33,710378,29165,28738,--427,--15901,194978,192056,--2922,--106645,KRX
20191211,+150000,2,+500,+0.33,480071,16876,32350,+15474,+8871,113200,216923,+103723,+59468,KRX
20191210,-149500,5,-2000,-1.32,516074,12731,19334,+6603,+4991,84996,129251,+44255,+33760,KRX
20191209,-151500,5,-2000,-1.30,267330,7114,8726,+1612,--7068,46803,57298,+10495,--46872,KRX
20191206,+153500,2,+4000,+2.68,415390,9903,18583,+8680,+3687,65100,122467,+57367,+23517,KRX
20191205,-149500,5,-6500,-4.17,841460,20357,25350,+4993,+2778,134865,168715,+33850,+19637,KRX
20191204,-156000,5,-1000,-0.64,233141,9143,11358,+2215,+4388,58803,73016,+14213,+28143,KRX
20191203,+157000,2,+500,+0.32,235453,10280,8107,--2173,--761,65961,52031,--13930,--4714,KRX
20191202,+156500,2,+1000,+0.64,250192,13700,12288,--1412,--4502,88152,78936,--9216,--29159,KRX
20191129,-155500,5,-1500,-0.96,471253,15792,18882,+3090,+5399,101079,121022,+19943,+34720,KRX
20191128,-157000,5,-500,-0.32,218221,8162,5853,--2309,--4201,52164,37387,--14777,--26681,KRX
20191127,157500,3,0,0.00,294619,12864,14756,+1892,+3950,81555,93459,+11904,+24949,KRX
20191126,+157500,2,+1000,+0.64,361401,27683,25625,--2058,--4597,175877,162832,--13045,--29288,KRX
20191125,+156500,2,+3500,+2.29,300270,8540,11079,+2539,+1375,54809,71052,+16243,+8812,KRX
20191122,-153000,5,-1000,-0.65,335038,12452,13616,+1164,--6412,81426,88857,+7431,--42343,KRX
20191121,-154000,5,-2500,-1.60,666854,21590,29166,+7576,+3068,141250,191024,+49774,+21055,KRX
20191120,156500,3,0,0.00,332676,10675,15183,+4508,--1957,68074,96793,+28719,--12569,KRX
20191119,-156500,5,-1000,-0.63,323233,9421,15886,+6465,+4912,60239,101527,+41288,+31364,KRX
20191118,+157500,2,+2000,+1.29,372362,13631,15184,+1553,--4305,86722,96646,+9924,--27847,KRX
20191115,+155500,2,+1000,+0.65,281084,5851,11709,+5858,+4133,37776,75547,+37771,+26673,KRX
20191114,+154500,2,+1000,+0.65,651414,14734,16459,+1725,--8834,95801,106899,+11098,--57922,KRX
20191113,153500,3,0,0.00,376959,7349,17908,+10559,+4502,48144,117164,+69020,+29501,KRX
20191112,-153500,5,-500,-0.32,396292,10766,16823,+6057,--15301,70383,109902,+39519,--99588,KRX
20191111,+154000,2,+2000,+1.32,509809,11394,32752,+21358,--17535,74179,213286,+139107,--114351,KRX
20191108,+152000,2,+1000,+0.66,900774,11938,50831,+38893,+33219,77962,331420,+253458,+216985,KRX
20191107,151000,3,0,0.00,1222184,29568,35242,+5674,--12604,197059,233532,+36473,--85233,KRX
20191106,+151000,2,+2500,+1.68,516744,17652,35930,+18278,+7434,117764,239470,+121706,+48432,KRX
20191105,+148500,2,+2000,+1.37,502806,16181,27025,+10844,+7050,109801,183075,+73274,+47447,KRX
20191104,+146500,2,+1000,+0.69,436509,15952,19746,+3794,--13551,109000,134827,+25827,--93997,KRX
20191101,+145500,2,+4000,+2.83,717046,12667,30012,+17345,+7474,87490,207314,+119824,+50415,KRX
20191031,+141500,2,+3500,+2.54,726151,15399,25270,+9871,+12003,108662,178071,+69409,+84889,KRX
20191030,-138000,5,-1500,-1.08,251362,9311,7179,--2132,+676,67317,51837,--15480,+4758,KRX
20191029,-139500,5,-500,-0.36,367213,13118,10310,--2808,--2625,94095,73857,--20238,--18476,KRX
20191028,140000,3,0,0.00,665988,15134,14951,--183,--4166,107133,105371,--1762,--30148,KRX
20191025,+140000,2,+500,+0.36,196552,4400,8383,+3983,+9394,31412,59798,+28386,+67099,KRX
20191024,-139500,5,-500,-0.36,490092,22525,17114,--5411,--41625,160947,122234,--38713,--299433,KRX
20191023,+140000,2,+4000,+2.94,1045771,13641,49855,+36214,+27921,98475,359195,+260720,+199502,KRX
20191022,+136000,2,+2500,+1.87,337570,12476,20769,+8293,+7695,92188,153406,+61218,+56809,KRX
20191021,+133500,2,+1000,+0.75,214102,5614,6212,+598,--9979,42194,46603,+4409,--75206,KRX
20191018,+132500,2,+2000,+1.53,332984,5364,15941,+10577,+10745,40482,120097,+79615,+81104,KRX
20191017,-130500,5,-1500,-1.14,618170,16552,16384,--168,--3001,127138,125649,--1489,--22889,KRX
20191016,-132000,5,-2000,-1.49,753513,14592,17425,+2833,+3078,111265,132665,+21400,+23247,KRX
20191015,-134000,5,-500,-0.37,190243,4387,4142,--245,+491,32748,30901,--1847,+3757,KRX
20191014,-134500,5,-500,-0.37,317555,10877,10141,--736,+3003,80819,75215,--5604,+22014,KRX
20191011,-135000,5,-1500,-1.10,238584,10748,7009,--3739,--7627,79258,51640,--27618,--56188,KRX
20191010,+136500,2,+2000,+1.49,694345,16462,20350,+3888,+4397,121564,150134,+28570,+32355,KRX
20191008,134500,3,0,0.00,224907,8999,8490,--509,--4402,67052,63267,--3785,--32755,KRX
20191007,+134500,2,+1000,+0.75,344020,4584,8477,+3893,+4768,34237,63207,+28970,+35562,KRX
20191004,-133500,5,-2000,-1.48,238417,10822,9947,--875,+194,80239,73647,--6592,+1262,KRX
20191002,-135500,5,-2000,-1.45,152309,5999,4930,--1069,--4561,44011,36157,--7854,--33251,KRX
20191001,+137500,2,+2000,+1.48,252319,4593,8085,+3492,--1111,33519,58916,+25397,--8621,KRX
20190930,135500,3,0,0.00,202006,8418,13021,+4603,+365,62343,96361,+34018,+2726,KRX
20190927,-135500,5,-1000,-0.73,168760,5914,10152,+4238,+2247,43720,75012,+31292,+16694,KRX
20190926,+136500,2,+500,+0.37,210766,7574,9565,+1991,+1640,55548,70146,+14598,+12165,KRX
20190925,-136000,5,-2000,-1.45,301919,10125,10476,+351,--9728,73916,76349,+2433,--71173,KRX
20190924,+138000,2,+3500,+2.60,466753,8282,18361,+10079,+11308,60435,134041,+73606,+82684,KRX
20190923,-134500,5,-1000,-0.74,207227,5450,4221,--1229,--3769,40303,31225,--9078,--27718,KRX
20190920,135500,3,0,0.00,358235,12607,15147,+2540,+5039,93651,112291,+18640,+37064,KRX
20190919,-135500,5,-1500,-1.09,242822,9681,7182,--2499,--15258,71222,52798,--18424,--112567,KRX
20190918,+137000,2,+5000,+3.79,684630,14274,27033,+12759,+12070,104999,199142,+94143,+88946,KRX
20190917,132000,3,0,0.00,326141,10028,10717,+689,+1964,75657,80854,+5197,+14924,KRX
20190916,-132000,5,-1000,-0.75,413424,13459,12184,--1275,--2605,101458,91731,--9727,--20010,KRX
20190911,-133000,5,-2500,-1.85,734465,19392,20722,+1330,--1817,145155,155438,+10283,--13055,KRX
20190910,+135500,2,+2500,+1.88,310565,7069,10216,+3147,--2128,52506,75844,+23338,--16362,KRX
20190909,-133000,5,-3000,-2.21,673204,12405,17680,+5275,+1099,92919,132619,+39700,+9013,KRX
20190906,+136000,2,+1000,+0.74,191271,4901,9077,+4176,--3159,36093,66780,+30687,--22839,KRX
20190905,-135000,5,-3500,-2.53,598646,15478,22813,+7335,+2645,113701,167227,+53526,+19709,KRX
20190904,+138500,2,+1000,+0.73,431250,10209,14899,+4690,--2419,74021,107838,+33817,--18037,KRX
20190903,+137500,2,+500,+0.36,291503,7205,14314,+7109,--8463,52606,104460,+51854,--62422,KRX
20190902,+137000,2,+2500,+1.86,575791,8611,24183,+15572,+11062,63369,177645,+114276,+80921,KRX
20190830,+134500,2,+1500,+1.13,402408,10041,14551,+4510,--155,74645,108000,+33355,--1852,KRX
20190829,-133000,5,-500,-0.37,351957,7619,12284,+4665,+8448,57545,92752,+35207,+63597,KRX
20190828,-133500,5,-500,-0.37,255507,9339,5556,--3783,+10444,69967,41577,--28390,+78005,KRX
20190827,+134000,2,+1500,+1.13,499775,26435,12208,--14227,--25291,197578,91183,--106395,--190456,KRX
20190826,-132500,5,-500,-0.38,374958,15631,26695,+11064,+13437,118654,202715,+84061,+102094,KRX
20190823,133000,3,0,0.00,414033,11159,8786,--2373,--8952,84468,66435,--18033,--66902,KRX
20190822,+133000,2,+1500,+1.14,597184,14745,21324,+6579,+7131,110595,159464,+48869,+53158,KRX
20190821,-131500,5,-500,-0.38,284628,9666,9114,--552,--422,73577,69288,--4289,--3354,KRX
20190820,+132000,2,+1500,+1.15,369383,7103,6973,--130,--4828,54319,53384,--935,--36897,KRX
20190819,+130500,2,+1000,+0.77,222446,4723,9421,+4698,+2713,36230,72192,+35962,+20643,KRX
20190816,-129500,5,-1000,-0.77,300046,9307,11292,+1985,+3351,72132,87451,+15319,+25874,KRX
20190814,-130500,5,-1000,-0.76,338519,9803,8437,--1366,--8595,75079,64524,--10555,--65613,KRX
20190813,+131500,2,+1500,+1.15,361927,8027,15256,+7229,+3360,61276,116334,+55058,+25593,KRX
20190812,-130000,5,-2000,-1.52,265084,2897,6766,+3869,--21749,22151,51616,+29465,--166167,KRX
20190809,+132000,2,+5000,+3.94,780515,17990,43608,+25618,+32823,136507,332139,+195632,+252759,KRX
20190808,+127000,2,+3500,+2.83,956084,25456,18251,--7205,--7289,200879,143752,--57127,--57720,KRX
20190807,+123500,2,+1500,+1.23,424495,15095,15179,+84,--5554,122428,123021,+593,--45825,KRX
20190806,-122000,5,-500,-0.41,714349,18370,24008,+5638,+8902,150074,196492,+46418,+72555,KRX
20190805,-122500,5,-6000,-4.67,597268,17702,14438,--3264,+382,142199,116062,--26137,+1699,KRX
20190802,+128500,2,+2000,+1.58,444403,12790,9144,--3646,--3762,99926,72090,--27836,--28665,KRX
20190801,-126500,5,-500,-0.39,249194,9845,9961,+116,--1042,77451,78280,+829,--8426,KRX
20190731,+127000,2,+1000,+0.79,294609,9318,10476,+1158,+6381,73550,82805,+9255,+50195,KRX
20190730,-126000,5,-3000,-2.33,467439,11386,6163,--5223,--7564,89410,48470,--40940,--59039,KRX
20190729,-129000,5,-2000,-1.53,368682,8287,10628,+2341,+10365,64047,82146,+18099,+80102,KRX
20190726,131000,3,0,0.00,701403,21044,13020,--8024,+22553,162138,100135,--62003,+172521,KRX
20190725,-131000,5,-5000,-3.68,1295817,46353,15776,--30577,--36748,355173,120649,--234524,--279720,KRX
20190724,136000,3,0,0.00,692256,23144,29315,+6171,--10520,170417,215613,+45196,--77895,KRX
20190723,+136000,2,+2000,+1.49,469494,5939,22630,+16691,+21790,43835,166926,+123091,+161226,KRX
20190722,-134000,5,-1000,-0.74,408551,11857,6758,--5099,--32103,88451,50316,--38135,--238942,KRX
20190719,+135000,2,+3500,+2.66,656218,8009,35013,+27004,+23863,59585,260392,+200807,+176953,KRX
20190718,+131500,2,+500,+0.38,170819,2694,5835,+3141,+2271,20470,44324,+23854,+17287,KRX
20190717,-131000,5,-2000,-1.50,328637,11525,12395,+870,+4675,88058,94625,+6567,+35242,KRX
20190716,133000,3,0,0.00,323628,9038,5233,--3805,--5368,68044,39369,--28675,--39823,KRX
20190715,+133000,2,+1500,+1.14,783546,11061,12624,+1563,+3478,82980,94128,+11148,+25834,KRX
20190712,+131500,2,+1000,+0.77,300566,8552,6637,--1915,--1964,65245,50559,--14686,--14872,KRX
20190711,-130500,5,-500,-0.38,525918,8073,8122,+49,+8381,61622,61808,+186,+63871,KRX
20190710,131000,3,0,0.00,312943,13237,4905,--8332,--9611,101111,37426,--63685,--73345,KRX
20190709,+131000,2,+3000,+2.34,463640,9131,10410,+1279,+14843,69882,79542,+9660,+113770,KRX
20190708,-128000,5,-5500,-4.12,581000,24009,10445,--13564,--5101,184574,80464,--104110,--40581,KRX
20190705,+133500,2,+1000,+0.75,458417,13576,5113,--8463,--9437,101902,38373,--63529,--70810,KRX
20190704,+132500,2,+1500,+1.15,362634,5721,6695,+974,+827,43616,50897,+7281,+6200,KRX
20190703,-131000,5,-500,-0.38,300667,7501,7648,+147,--321,57420,58501,+1081,--2417,KRX
20190702,+131500,2,+2000,+1.54,264488,5427,5895,+468,+3959,41837,45335,+3498,+30329,KRX
20190701,-129500,5,-2000,-1.52,433735,10626,7135,--3491,--4696,81780,54949,--26831,--35883,KRX
20190628,131500,3,0,0.00,362354,9219,10424,+1205,+8734,70103,79155,+9052,+66324,KRX
20190627,+131500,2,+2000,+1.54,704159,18624,11095,--7529,+4561,141514,84242,--57272,+35712,KRX
20190626,-129500,5,-1000,-0.77,516097,19754,7664,--12090,--2586,151952,58968,--92984,--19695,KRX
20190625,+130500,2,+4500,+3.57,956899,17558,8054,--9504,+1392,135116,61827,--73289,+12946,KRX
20190624,-126000,5,-500,-0.40,306333,14589,3693,--10896,--16526,115462,29227,--86235,--130443,KRX
20190621,+126500,2,+4500,+3.69,808423,17196,22826,+5630,+6366,135987,180195,+44208,+50127,KRX
20190620,122000,3,0,0.00,287954,5428,4692,--736,--513,44494,38575,--5919,--4102,KRX
20190619,+122000,2,+1000,+0.83,178919,4548,4325,--223,+590,37320,35503,--1817,+4959,KRX
20190618,-121000,5,-500,-0.41,344107,10023,9210,--813,+1042,82858,76082,--6776,+8315,KRX
20190617,-121500,5,-3500,-2.80,349662,8706,6851,--1855,--1489,71187,56096,--15091,--12034,KRX
20190614,-125000,5,-1500,-1.19,357300,12877,12511,--366,--11543,102341,99284,--3057,--91432,KRX
20190613,+126500,2,+2500,+2.02,747390,13769,24946,+11177,+8741,109260,197635,+88375,+68691,KRX
20190612,-124000,5,-500,-0.40,212619,6988,9424,+2436,+9595,56526,76210,+19684,+77417,KRX
20190611,+124500,2,+500,+0.40,244302,11574,4415,--7159,--5704,93326,35593,--57733,--46079,KRX
20190610,+124000,2,+4000,+3.33,506951,12131,10676,--1455,--9006,98487,86833,--11654,--75140,KRX
20190607,-120000,5,-500,-0.41,537162,11946,19497,+7551,+9670,100373,163859,+63486,+81088,KRX
20190605,+120500,2,+1000,+0.84,307665,13389,11270,--2119,--14884,111242,93640,--17602,--124329,KRX
20190604,-119500,5,-3000,-2.45,847685,18197,30962,+12765,+2758,152748,259475,+106727,+25851,KRX
20190603,-122500,5,-2000,-1.61,316035,6248,16255,+10007,+4600,50628,131504,+80876,+37634,KRX
20190531,124500,3,0,0.00,325040,9949,15356,+5407,+2170,79872,123114,+43242,+17193,KRX
20190530,+124500,2,+3000,+2.47,460680,9816,13053,+3237,--1071,79282,105331,+26049,--9300,KRX
20190529,-121500,5,-1500,-1.22,323116,10793,15101,+4308,+6189,88622,123971,+35349,+50454,KRX
20190528,+123000,2,+1000,+0.82,565899,33526,31645,--1881,--282,271997,256892,--15105,--2630,KRX
20190527,-122000,5,-2000,-1.61,550142,13345,11746,--1599,--5250,108091,95616,--12475,--42478,KRX
20190524,124000,3,0,0.00,766145,29266,32917,+3651,+8506,240413,270416,+30003,+68453,KRX
20190523,-124000,5,-1500,-1.20,425136,20402,15547,--4855,--9317,162622,124172,--38450,--75750,KRX
20190522,+125500,2,+500,+0.40,840648,19408,23870,+4462,--4637,156084,193384,+37300,--34560,KRX
20190521,-125000,5,-1500,-1.19,694961,18622,27721,+9099,--4652,147931,219791,+71860,--36373,KRX
20190520,+126500,2,+2000,+1.61,899474,27152,40903,+13751,+68107,213426,321659,+108233,+533369,KRX
20190517,-124500,5,-9000,-6.74,5222004,102459,48103,--54356,--68851,804631,379495,--425136,--534305,KRX
20190516,+133500,2,+1500,+1.14,558891,14353,28848,+14495,+6814,108108,217277,+109169,+51688,KRX
20190515,-132000,5,-2000,-1.49,1241060,27765,35446,+7681,--13339,208075,265556,+57481,--104518,KRX
20190514,+134000,2,+5500,+4.28,1360661,29805,50825,+21020,+15951,226121,388120,+161999,+122603,KRX
20190513,-128500,5,-1500,-1.15,584824,10450,15519,+5069,--18674,81405,120801,+39396,--144707,KRX
20190510,+130000,2,+3500,+2.77,1006921,14385,38128,+23743,+23103,111340,295443,+184103,+179119,KRX
20190509,-126500,5,-2000,-1.56,1352763,27186,27826,+640,--4176,210667,215651,+4984,--32791,KRX
20190508,+128500,2,+1000,+0.78,700167,11439,16255,+4816,--5842,89201,126976,+37775,--45488,KRX
20190507,-127500,5,-500,-0.39,664716,10232,20890,+10658,--18737,80054,163317,+83263,--147624,KRX
20190503,+128000,2,+5000,+4.07,1098989,9260,38655,+29395,+19423,72728,303615,+230887,+149884,KRX
20190502,+123000,2,+3000,+2.50,742545,14006,23978,+9972,+1093,114071,195074,+81003,+7057,KRX
20190430,+120000,2,+500,+0.42,494890,6238,15117,+8879,+7662,51913,125859,+73946,+63279,KRX
20190429,+119500,2,+4500,+3.91,512703,8423,9640,+1217,--8583,71230,81897,+10667,--74611,KRX
20190426,-115000,5,-1000,-0.86,366725,7472,17272,+9800,+8938,65187,150465,+85278,+77947,KRX
20190425,-116000,5,-2000,-1.69,292233,9328,10190,+862,--2353,80302,87633,+7331,--20088,KRX
20190424,+118000,2,+1500,+1.29,443136,10664,13879,+3215,--3946,91000,118419,+27419,--33679,KRX
20190423,-116500,5,-1500,-1.27,259471,3794,10955,+7161,+1706,32412,93510,+61098,+15194,KRX
20190422,+118000,2,+1000,+0.85,457505,8734,14189,+5455,+3056,73760,119664,+45904,+25289,KRX
20190419,+117000,2,+500,+0.43,329620,4696,7095,+2399,--2556,40104,60719,+20615,--21490,KRX
20190418,-116500,5,-1000,-0.85,443925,5092,10047,+4955,--8057,43509,85614,+42105,--69070,KRX
20190417,117500,3,0,0.00,653103,7468,20480,+13012,--5873,63563,174738,+111175,--52429,KRX
20190416,+117500,2,+7000,+6.33,1744272,16655,35540,+18885,+15028,144020,307624,+163604,+128136,KRX
20190415,+110500,2,+8000,+7.80,1228969,8831,12688,+3857,+3897,82492,117960,+35468,+35931,KRX
20190412,102500,3,0,0.00,162349,3433,3393,--40,+126,33644,33181,--463,+1213,KRX
20190411,102500,3,0,0.00,253796,8409,8243,--166,--1978,82211,80535,--1676,--19268,KRX
20190410,+102500,2,+2000,+1.99,263334,5706,7518,+1812,+906,56037,73629,+17592,+8628,KRX
20190409,-100500,5,-1500,-1.47,383038,4512,5418,+906,+1576,44846,53810,+8964,+15471,KRX
20190408,-102000,5,-500,-0.49,203479,4097,3427,--670,--2037,40083,33576,--6507,--19815,KRX
20190405,102500,3,0,0.00,132105,1303,2670,+1367,+139,12707,26015,+13308,+1401,KRX
20190404,102500,3,0,0.00,261063,5015,6243,+1228,+300,49075,60982,+11907,+2964,KRX
20190403,-102500,5,-1000,-0.97,294101,4712,5640,+928,--696,45895,54838,+8943,--6993,KRX
20190402,+103500,2,+500,+0.49,227338,5328,6952,+1624,--527,51662,67598,+15936,--4923,KRX
20190401,-103000,5,-500,-0.48,216132,5521,7672,+2151,--2374,53599,74458,+20859,--22946,KRX
20190329,+103500,2,+1000,+0.98,153823,2266,6791,+4525,+2760,21966,65771,+43805,+26687,KRX
20190328,102500,3,0,0.00,162966,4929,6694,+1765,+2651,47893,65011,+17118,+25714,KRX
20190327,-102500,5,-1500,-1.44,208707,4930,4044,--886,--3113,47775,39179,--8596,--30054,KRX
20190326,+104000,2,+2000,+1.96,257452,4796,7023,+2227,+2473,45994,67452,+21458,+23885,KRX
20190325,-102000,5,-2000,-1.92,171747,5324,5078,--246,--5168,51940,49513,--2427,--49817,KRX
20190322,+104000,2,+1500,+1.46,239614,4216,9138,+4922,+1195,40656,88046,+47390,+11205,KRX
20190321,+102500,2,+500,+0.49,230173,2632,6359,+3727,+8815,25540,61725,+36185,+86509,KRX
20190320,-102000,5,-500,-0.49,492001,11100,6012,--5088,+7786,109590,59266,--50324,+73261,KRX
20190319,-102500,5,-5000,-4.65,605054,22602,9728,--12874,--16024,217020,93435,--123585,--152834,KRX
20190318,107500,3,0,0.00,197291,3866,7016,+3150,+1323,35989,65238,+29249,+12359,KRX
20190315,+107500,2,+1000,+0.94,463768,15038,16865,+1827,--6504,139694,156584,+16890,--61396,KRX
20190314,+106500,2,+2500,+2.40,444051,9297,17628,+8331,+7810,87479,165765,+78286,+73327,KRX
20190313,+104000,2,+500,+0.48,240466,5076,5597,+521,+2966,48618,53577,+4959,+28234,KRX
20190312,-103500,5,-2500,-2.36,380777,8193,5748,--2445,+1105,78260,54985,--23275,+10150,KRX
20190311,-106000,5,-1500,-1.40,276026,7267,3717,--3550,--1631,68391,34966,--33425,--15479,KRX
20190308,+107500,2,+3000,+2.87,792787,17766,15847,--1919,--1818,164848,146902,--17946,--17128,KRX
20190307,-104500,5,-1000,-0.95,330354,8542,8441,--101,--2228,81283,80465,--818,--21019,KRX
20190306,-105500,5,-1000,-0.94,298220,5695,7822,+2127,+11080,53807,74008,+20201,+104020,KRX
20190305,-106500,5,-2000,-1.84,472504,17878,8925,--8953,--11725,167472,83653,--83819,--109705,KRX
20190304,+108500,2,+5000,+4.83,853038,19416,22188,+2772,--12040,180205,206091,+25886,--115322,KRX
20190228,-103500,5,-1500,-1.43,733261,15200,30012,+14812,+9065,144635,285843,+141208,+86334,KRX
20190227,+105000,2,+1500,+1.45,551979,5322,11069,+5747,--6946,50983,105857,+54874,--68706,KRX
20190226,+103500,2,+5200,+5.29,1238902,10246,22939,+12693,+20795,100167,223747,+123580,+205778,KRX
20190225,-98300,5,-1000,-1.01,370483,11174,3072,--8102,--3482,113362,31164,--82198,--35545,KRX
20190222,+99300,2,+400,+0.40,294247,10613,5993,--4620,--1722,106996,60343,--46653,--17537,KRX
20190221,-98900,5,-800,-0.80,328444,10058,7160,--2898,--1678,100974,71858,--29116,--16935,KRX
20190220,-99700,5,-300,-0.30,387109,10270,9050,--1220,--385,102815,90634,--12181,--3864,KRX
20190219,-100000,5,-2000,-1.96,231131,5669,4834,--835,+4124,56325,48008,--8317,+40533,KRX
20190218,+102000,2,+500,+0.49,355745,10563,5604,--4959,--13022,103977,55127,--48850,--127700,KRX
20190215,+101500,2,+1000,+1.00,653634,11996,20059,+8063,--4469,117602,196452,+78850,--46008,KRX
20190214,+100500,2,+2400,+2.45,849160,7775,20307,+12532,+11491,78579,203437,+124858,+114288,KRX
20190213,+98100,2,+2100,+2.19,519566,8869,9910,+1041,+11388,90896,101466,+10570,+120133,KRX
20190212,+96000,2,+400,+0.42,599314,18423,8076,--10347,+12748,194776,85213,--109563,+130692,KRX
20190211,-95600,5,-2600,-2.65,906796,29134,6039,--23095,--17972,303106,62851,--240255,--188246,KRX
20190208,-98200,5,-800,-0.81,314884,10592,5469,--5123,+1235,107552,55543,--52009,+11998,KRX
20190207,-99000,5,-600,-0.60,307297,14208,7850,--6358,--10181,142977,78970,--64007,--102369,KRX
20190201,+99600,2,+300,+0.30,388183,6779,10602,+3823,+3871,68138,106500,+38362,+38823,KRX
20190131,-99300,5,-600,-0.60,546040,10698,10650,--48,--1309,107679,107218,--461,--12999,KRX
20190130,-99900,5,-2100,-2.06,565397,8476,9737,+1261,--3540,84711,97249,+12538,--34695,KRX
20190129,102000,3,0,0.00,225138,3083,7884,+4801,+1503,30360,77593,+47233,+14989,KRX
20190128,-102000,5,-500,-0.49,275296,4474,7772,+3298,+3314,43662,75906,+32244,+32559,KRX
20190125,+102500,2,+500,+0.49,355017,6048,6032,--16,+5251,59364,59049,--315,+51410,KRX
20190124,-102000,5,-500,-0.49,282408,10204,4937,--5267,--1960,100112,48387,--51725,--19203,KRX
20190123,+102500,2,+500,+0.49,360462,7769,4462,--3307,--13082,76243,43721,--32522,--129182,KRX
20190122,+102000,2,+3200,+3.24,448490,5112,14887,+9775,+10760,50588,147248,+96660,+106614,KRX
20190121,-98800,5,-800,-0.80,252620,8692,7707,--985,--2029,87771,77817,--9954,--20474,KRX
20190118,+99600,2,+1100,+1.12,291588,7386,8430,+1044,+3476,74219,84739,+10520,+35046,KRX
20190117,-98500,5,-1500,-1.50,434803,10686,8254,--2432,--2696,107570,83044,--24526,--27130,KRX
20190116,+100000,2,+100,+0.10,217209,4988,5252,+264,+2433,49809,52413,+2604,+24695,KRX
20190115,-99900,5,-100,-0.10,381581,11480,9311,--2169,--759,114554,92463,--22091,--8070,KRX
20190114,-100000,5,-2000,-1.96,243305,6241,4831,--1410,--4087,62253,48232,--14021,--40213,KRX
20190111,+102000,2,+1000,+0.99,180561,3277,5954,+2677,--2978,32193,58385,+26192,--29481,KRX
20190110,-101000,5,-1000,-0.98,291573,3918,9573,+5655,--1488,38592,94265,+55673,--14571,KRX
20190109,+102000,2,+2100,+2.10,357096,4049,11192,+7143,+9794,39871,110115,+70244,+96731,KRX
20190108,-99900,5,-3100,-3.01,450462,10282,7631,--2651,--3205,102520,76033,--26487,--31672,KRX
20190107,-103000,5,-500,-0.48,378153,8462,9016,+554,--317,81868,87053,+5185,--3171,KRX
20190104,+103500,2,+1000,+0.98,251728,6651,7522,+871,+6335,64554,72910,+8356,+61108,KRX
20190103,+102500,2,+500,+0.49,293989,10617,5153,--5464,--2177,102812,50060,--52752,--20999,KRX
20190102,-102000,5,-1000,-0.97,173462,6498,3211,--3287,--3447,63137,31384,--31753,--33309,KRX
20181228,+103000,2,+1500,+1.48,190847,6745,6905,+160,--2512,65394,66950,+1556,--24764,KRX
20181227,+101500,2,+3000,+3.05,217247,3936,6608,+2672,--940,38825,65145,+26320,--10118,KRX
20181226,-98500,5,-2500,-2.48,492532,8389,12001,+3612,+3253,84701,121139,+36438,+33151,KRX
20181224,-101000,5,-3500,-3.35,320266,7908,8267,+359,--9882,78086,81373,+3287,--95445,KRX
20181221,+104500,2,+1500,+1.46,429650,10889,21130,+10241,+597,104582,203314,+98732,+5071,KRX
20181220,-103000,5,-5000,-4.63,579446,7792,17436,+9644,+6078,75733,169394,+93661,+60313,KRX
20181219,-108000,5,-500,-0.46,218497,4152,7718,+3566,+2302,38692,72040,+33348,+21778,KRX
20181218,-108500,5,-2000,-1.81,188963,6310,7574,+1264,--972,57962,69532,+11570,--8787,KRX
20181217,+110500,2,+500,+0.45,173155,5216,7452,+2236,--837,47349,67706,+20357,--7559,KRX
20181214,-110000,5,-1500,-1.35,196803,5875,8948,+3073,--10699,53426,81342,+27916,--94649,KRX
20181213,+111500,2,+1500,+1.36,494887,16037,29809,+13772,+8007,143083,265648,+122565,+69956,KRX
20181212,+110000,2,+3000,+2.80,393740,13141,18906,+5765,+167,121745,174354,+52609,+393,KRX
20181211,-107000,5,-4000,-3.60,461496,13282,18880,+5598,+199,123674,175890,+52216,+3558,KRX
20181210,-111000,5,-3500,-3.06,331087,6182,11581,+5399,+5281,55531,104189,+48658,+47579,KRX
20181207,-114500,5,-1500,-1.29,354995,10867,10985,+118,+66,95092,96171,+1079,+533,KRX
20181206,+116000,2,+1500,+1.31,396531,10612,10664,+52,--3629,91516,92062,+546,--31970,KRX
20181205,+114500,2,+1000,+0.88,222316,3292,6973,+3681,+1342,28833,61349,+32516,+12070,KRX
20181204,113500,3,0,0.00,264857,8959,11298,+2339,+2016,78523,98969,+20446,+17616,KRX
20181203,+113500,2,+1000,+0.89,262030,8697,9020,+323,--6060,76564,79394,+2830,--53979,KRX
20181130,+112500,2,+500,+0.45,346553,23835,30218,+6383,+123,211967,268776,+56809,+992,KRX
20181129,112000,3,0,0.00,263008,7106,13366,+6260,+5306,63235,119052,+55817,+47240,KRX
20181128,+112000,2,+1500,+1.36,185906,5806,6760,+954,--785,51852,60429,+8577,--6938,KRX
20181127,-110500,5,-2000,-1.78,270808,7700,9439,+1739,--4303,69061,84576,+15515,--39134,KRX
20181126,+112500,2,+4500,+4.17,460406,6126,12168,+6042,+7882,54905,109554,+54649,+71652,KRX
20181123,+108000,2,+1500,+1.41,242633,6937,5097,--1840,--1574,64191,47188,--17003,--14537,KRX
20181122,-106500,5,-1000,-0.93,143409,3837,3571,--266,+2432,35998,33532,--2466,+22840,KRX
20181121,+107500,2,+500,+0.47,206018,8116,5418,--2698,--1417,76149,50843,--25306,--13242,KRX
20181120,107000,3,0,0.00,234825,8370,7089,--1281,--4379,78571,66507,--12064,--41543,KRX
20181119,+107000,2,+4500,+4.39,346393,7714,10812,+3098,+3052,72653,102132,+29479,+28793,KRX
20181116,-102500,5,-1500,-1.44,206149,6034,6080,+46,+3628,57973,58659,+686,+35491,KRX
20181115,+104000,2,+1000,+0.97,170612,5893,2311,--3582,--2810,57196,22391,--34805,--27174,KRX
20181114,+103000,2,+1500,+1.48,281601,8449,7677,--772,+1420,82341,74710,--7631,+14179,KRX
20181113,+101500,2,+500,+0.50,278476,11943,9751,--2192,+2142,119319,97509,--21810,+21164,KRX
20181112,+101000,2,+500,+0.50,201208,7456,3122,--4334,+1609,73866,30892,--42974,+16142,KRX
20181109,+100500,2,+500,+0.50,292309,9981,4038,--5943,--9745,99279,40163,--59116,--97292,KRX
20181108,+100000,2,+4400,+4.60,644793,10255,14057,+3802,+7619,102025,140201,+38176,+77796,KRX
20181107,-95600,5,-1000,-1.04,269320,9232,5415,--3817,--4983,95747,56127,--39620,--51750,KRX
20181106,+96600,2,+1100,+1.15,195992,5496,6662,+1166,+4942,57035,69165,+12130,+51697,KRX
20181105,-95500,5,-2700,-2.75,339846,12389,8613,--3776,--11103,129860,90293,--39567,--115216,KRX
20181102,+98200,2,+5100,+5.48,409600,6194,13521,+7327,+2785,63828,139477,+75649,+27384,KRX
20181101,+93100,2,+1500,+1.64,372853,8585,13127,+4542,+2072,91144,139409,+48265,+21322,KRX
20181031,+91600,2,+1100,+1.22,336787,8531,11001,+2470,--260,93105,120048,+26943,--4173,KRX
20181030,+90500,2,+2900,+3.31,521229,11156,13886,+2730,--3113,125048,156164,+31116,--34373,KRX
20181029,-87600,5,-3300,-3.63,599252,8774,14617,+5843,+2052,98188,163677,+65489,+23513,KRX
20181026,-90900,5,-3300,-3.50,653419,11072,14863,+3791,--787,119983,161959,+41976,--7252,KRX
20181025,-94200,5,-5000,-5.04,1024715,22981,27559,+4578,+4589,245933,295161,+49228,+49346,KRX
20181024,-99200,5,-1300,-1.29,312593,6387,6376,--11,+822,63893,63775,--118,+8098,KRX
20181023,-100500,5,-2000,-1.95,194001,5190,4357,--833,+153,51337,43121,--8216,+1419,KRX
20181022,+102500,2,+1500,+1.49,208316,5682,4696,--986,+1209,55564,45929,--9635,+11979,KRX
20181019,+101000,2,+500,+0.50,268396,9570,7375,--2195,--1433,95077,73463,--21614,--14042,KRX
20181018,100500,3,0,0.00,173176,4509,3747,--762,+1220,44864,37292,--7572,+11880,KRX
20181017,100500,3,0,0.00,302780,5857,3875,--1982,--380,57813,38361,--19452,--3490,KRX
20181016,+100500,2,+1200,+1.21,183949,5196,3594,--1602,--1700,51787,35825,--15962,--17036,KRX
20181015,-99300,5,-1700,-1.68,219792,5919,6017,+98,--2545,59214,60288,+1074,--25247,KRX
20181012,+101000,2,+2500,+2.54,537122,10277,12920,+2643,+4349,102448,128769,+26321,+43324,KRX
20181011,-98500,5,-5500,-5.29,957608,20288,18582,--1706,--2782,203011,186008,--17003,--27431,KRX
20181010,-104000,5,-3500,-3.26,516278,11662,12738,+1076,+2141,110212,120640,+10428,+20179,KRX
20181008,-107500,5,-1500,-1.38,187871,5242,4177,--1065,+3198,48111,38360,--9751,+29014,KRX
20181005,-109000,5,-3000,-2.68,479642,10153,5890,--4263,--4817,92627,53862,--38765,--43489,KRX
20181004,-112000,5,-3500,-3.03,603136,14958,15512,+554,+8353,133171,137895,+4724,+70428,KRX
20181002,-115500,5,-4000,-3.35,615909,21117,13318,--7799,--9085,180023,114319,--65704,--76019,KRX
20181001,+119500,2,+500,+0.42,368677,8111,9397,+1286,+904,67055,77370,+10315,+7182,KRX
20180928,-119000,5,-1500,-1.24,229927,7719,8101,+382,--5772,64526,67659,+3133,--48089,KRX
20180927,+120500,2,+2000,+1.69,275536,7538,13692,+6154,+946,62771,113993,+51222,+7978,KRX
20180921,+118500,2,+1000,+0.85,667099,13840,19048,+5208,+3006,115714,158958,+43244,+24747,KRX
20180920,+117500,2,+500,+0.43,308838,9851,12053,+2202,+11788,83345,101842,+18497,+99452,KRX
20180919,-117000,5,-3500,-2.90,664304,18165,8579,--9586,--11678,153841,72886,--80955,--98129,KRX
20180918,-120500,5,-1000,-0.82,384132,15357,17449,+2092,+11337,126663,143837,+17174,+93938,KRX
20180917,+121500,2,+1500,+1.25,359811,16287,7042,--9245,--10762,135523,58759,--76764,--89372,KRX
20180914,-120000,5,-1000,-0.83,287642,7463,8980,+1517,--1027,62418,75026,+12608,--8296,KRX
20180913,+121000,2,+1000,+0.83,407528,11880,14424,+2544,+1410,98283,119187,+20904,+11271,KRX
20180912,+120000,2,+3500,+3.00,344739,8353,9487,+1134,--774,70066,79699,+9633,--6874,KRX
20180911,-116500,5,-2500,-2.10,424870,7023,8931,+1908,+5137,60013,76520,+16507,+43662,KRX
20180910,-119000,5,-1000,-0.83,216152,8733,5504,--3229,--2021,73342,46187,--27155,--17068,KRX
20180907,120000,3,0,0.00,206174,7069,5861,--1208,--865,59154,49067,--10087,--7080,KRX
20180906,-120000,5,-1000,-0.83,299195,5353,5010,--343,--5132,44572,41565,--3007,--42125,KRX
20180905,-121000,5,-1000,-0.82,215419,5027,9816,+4789,+1605,41256,80374,+39118,+13010,KRX
20180904,+122000,2,+500,+0.41,268355,5728,8912,+3184,+5391,47083,73191,+26108,+44063,KRX
20180903,-121500,5,-3500,-2.80,460200,9348,7141,--2207,+6998,76246,58291,--17955,+55957,KRX
20180831,-125000,5,-1500,-1.19,431909,24187,14982,--9205,--12889,194114,120202,--73912,--103020,KRX
20180830,126500,3,0,0.00,313774,5885,9569,+3684,--582,46529,75637,+29108,--4847,KRX
20180829,+126500,2,+1000,+0.80,750163,38112,42378,+4266,+9242,301395,335350,+33955,+73594,KRX
20180828,-125500,5,-2500,-1.95,480764,15017,10041,--4976,--8462,119907,80268,--39639,--67221,KRX
20180827,+128000,2,+4000,+3.23,588666,7713,11199,+3486,--1652,60731,88313,+27582,--13867,KRX
20180824,-124000,5,-1500,-1.20,283256,3909,9047,+5138,--3056,31558,73007,+41449,--24004,KRX
20180823,+125500,2,+1000,+0.80,292057,5625,13819,+8194,+1083,45112,110565,+65453,+8145,KRX
20180822,+124500,2,+500,+0.40,333939,3954,11065,+7111,+265,31881,89189,+57308,+2646,KRX
20180821,-124000,5,-500,-0.40,353528,6653,13499,+6846,+6839,53431,108093,+54662,+54661,KRX
20180820,-124500,5,-2500,-1.97,328660,7771,7778,+7,+196,62243,62244,+1,+1403,KRX
20180817,-127000,5,-500,-0.39,327327,7552,7363,--189,+300,59198,57796,--1402,+2238,KRX
20180816,127500,3,0,0.00,478674,12093,11604,--489,+3263,95243,91603,--3640,+25608,KRX
20180814,+127500,2,+3500,+2.82,518080,9152,5400,--3752,--4051,72284,43036,--29248,--31845,KRX
20180813,-124000,5,-4000,-3.13,636617,8503,8802,+299,--12368,68173,70770,+2597,--96329,KRX
20180810,+128000,2,+2500,+1.99,1269641,10981,23648,+12667,--4133,85629,184555,+98926,--36050,KRX
20180809,+125500,2,+6500,+5.46,1622449,16431,33231,+16800,+19707,133174,268150,+134976,+158226,KRX
20180808,-119000,5,-1000,-0.83,1216684,14422,11515,--2907,+4389,118881,95631,--23250,+38097,KRX
20180807,+120000,2,+6500,+5.73,742353,14152,6856,--7296,--6029,121261,59914,--61347,--50118,KRX
20180806,+113500,2,+500,+0.44,189971,5074,3807,--1267,--5000,44719,33490,--11229,--44340,KRX
20180803,+113000,2,+2000,+1.80,169521,3221,6954,+3733,+4190,28644,61755,+33111,+37339,KRX
20180802,-111000,5,-1500,-1.33,311779,8266,7809,--457,+76,73625,69397,--4228,+502,KRX
20180801,112500,3,0,0.00,276459,5034,4501,--533,--1151,44752,40022,--4730,--10201,KRX
20180731,-112500,5,-4000,-3.43,654749,9632,10250,+618,+4632,85126,90597,+5471,+39645,KRX
20180730,-116500,5,-3000,-2.51,308410,7647,3633,--4014,--7264,65168,30994,--34174,--61720,KRX
20180727,+119500,2,+2000,+1.70,568921,7699,10949,+3250,+5079,64724,92270,+27546,+43210,KRX
20180726,-117500,5,-500,-0.42,262125,7052,5223,--1829,--4891,60156,44492,--15664,--41776,KRX
20180725,+118000,2,+1000,+0.85,310394,3158,6220,+3062,--5146,26941,53053,+26112,--44057,KRX
20180724,+117000,2,+1500,+1.30,502533,7556,15764,+8208,+2742,64633,134802,+70169,+22629,KRX
20180723,+115500,2,+500,+0.43,346894,4128,9594,+5466,+4444,35904,83444,+47540,+38638,KRX
20180720,+115000,2,+1000,+0.88,184967,4104,5126,+1022,--2114,35809,44711,+8902,--18514,KRX
20180719,+114000,2,+1000,+0.88,267375,4638,7774,+3136,+42,40581,67997,+27416,+597,KRX
20180718,-113000,5,-1000,-0.88,351263,7521,10615,+3094,+94,65749,92568,+26819,+486,KRX
20180717,-114000,5,-2500,-2.15,372754,6897,9897,+3000,+937,60077,86410,+26333,+8446,KRX
20180716,-116500,5,-1500,-1.27,236711,4522,6585,+2063,--599,38713,56600,+17887,--4741,KRX
20180713,+118000,2,+500,+0.43,302155,4822,7484,+2662,+3036,41048,63676,+22628,+25798,KRX
20180712,+117500,2,+1000,+0.86,444272,8034,7660,--374,--4077,68618,65448,--3170,--34939,KRX
20180711,-116500,5,-500,-0.43,250313,3905,7608,+3703,+5547,33548,65317,+31769,+47515,KRX
20180710,-117000,5,-500,-0.43,222321,5263,3419,--1844,--13811,44949,29203,--15746,--118160,KRX
20180709,+117500,2,+3000,+2.62,394098,5485,17452,+11967,+16990,47008,149422,+102414,+146258,KRX
20180706,-114500,5,-2000,-1.72,383082,15746,10723,--5023,--3294,137487,93643,--43844,--28995,KRX
20180705,-116500,5,-500,-0.43,348243,9441,7712,--1729,--4902,80950,66101,--14849,--41711,KRX
20180704,+117000,2,+3000,+2.63,846154,12293,15466,+3173,+2426,105141,132003,+26862,+20302,KRX
20180703,+114000,2,+2500,+2.24,314988,6552,7299,+747,+2084,57593,64153,+6560,+18372,KRX
20180702,-111500,5,-3000,-2.62,415693,9840,8503,--1337,+284,86336,74524,--11812,+2565,KRX
20180629,+114500,2,+3000,+2.69,579530,13676,12055,--1621,--3083,120045,105668,--14377,--27497,KRX
20180628,+111500,2,+500,+0.45,221308,6999,8461,+1462,+10002,62841,75961,+13120,+89831,KRX
20180627,-111000,5,-1000,-0.89,311174,12206,3666,--8540,--893,109645,32934,--76711,--8340,KRX
20180626,-112000,5,-2000,-1.75,250298,11444,3797,--7647,--4373,102298,33927,--68371,--39446,KRX
20180625,114000,3,0,0.00,345973,12450,9176,--3274,--14380,109691,80766,--28925,--127276,KRX
20180622,+114000,2,+7000,+6.54,651617,7940,19046,+11106,+10602,70920,169271,+98351,+93809,KRX
20180621,-107000,5,-1000,-0.93,172840,6441,6945,+504,--2855,59974,64516,+4542,--26725,KRX
20180620,+108000,2,+1500,+1.41,290289,8197,11556,+3359,+1063,76355,107622,+31267,+9960,KRX
20180619,-106500,5,-1000,-0.93,250870,8429,10725,+2296,--2281,78300,99607,+21307,--21139,KRX
20180618,-107500,5,-2000,-1.83,405910,8478,13055,+4577,+4220,78951,121397,+42446,+39234,KRX
20180615,-109500,5,-2500,-2.23,336430,13365,13722,+357,--2924,121843,125055,+3212,--25922,KRX
20180614,-112000,5,-2000,-1.75,250011,9020,12301,+3281,--2420,80197,109331,+29134,--21043,KRX
20180612,114000,3,0,0.00,180468,3640,9341,+5701,+99,31991,82168,+50177,+939,KRX
20180611,+114000,2,+1000,+0.88,251178,4679,10281,+5602,--5337,41147,90385,+49238,--47697,KRX
20180608,+113000,2,+1500,+1.35,393243,7701,18640,+10939,+7991,68608,165543,+96935,+70381,KRX
20180607,111500,3,0,0.00,355080,10836,13784,+2948,--5546,97235,123789,+26554,--50711,KRX
20180605,+111500,2,+3500,+3.24,477854,9829,18323,+8494,--1123,89087,166352,+77265,--12087,KRX
20180604,+108000,2,+3500,+3.35,432581,7057,16674,+9617,+4142,66080,155432,+89352,+37408,KRX
20180601,+104500,2,+1000,+0.97,452021,14061,19536,+5475,--1490,133601,185545,+51944,--14850,KRX
20180531,-103500,5,-500,-0.48,470392,17289,24254,+6965,+9318,166597,233391,+66794,+89550,KRX
20180530,-104000,5,-4000,-3.70,600575,15101,12748,--2353,--6163,143964,121208,--22756,--57842,KRX
20180529,108000,3,0,0.00,318837,6670,10480,+3810,+7956,61382,96468,+35086,+73281,KRX
20180528,-108000,5,-4000,-3.57,679442,10832,6686,--4146,--5160,99374,61179,--38195,--47153,KRX
20180525,-112000,5,-1000,-0.88,257170,5645,6659,+1014,+1081,50213,59171,+8958,+9619,KRX
20180524,+113000,2,+500,+0.44,208135,6419,6352,--67,+1745,56910,56249,--661,+15480,KRX
20180523,-112500,5,-1000,-0.88,285620,6930,5118,--1812,--2691,61420,45279,--16141,--23825,KRX
20180521,113500,3,0,0.00,176761,4073,4952,+879,+11735,35868,43552,+7684,+103889,KRX
20180518,-113500,5,-3000,-2.58,819348,27524,16668,--10856,--5965,241061,144856,--96205,--54393,KRX
20180517,-116500,5,-500,-0.43,338096,11767,6876,--4891,--9136,100515,58703,--41812,--78130,KRX
20180516,+117000,2,+2500,+2.18,466027,9496,13741,+4245,+588,82420,118738,+36318,+4430,KRX
20180515,+114500,2,+1500,+1.33,320939,6658,10315,+3657,+10767,58430,90318,+31888,+94819,KRX
20180514,-113000,5,-4000,-3.42,657566,14523,7413,--7110,--1128,128216,65285,--62931,--11737,KRX
20180511,117000,3,0,0.00,367532,12278,6296,--5982,--11872,105140,53946,--51194,--101873,KRX
20180510,+117000,2,+4000,+3.54,840339,16077,21967,+5890,+7561,137976,188655,+50679,+65746,KRX
20180509,+113000,2,+1000,+0.89,332320,10902,9231,--1671,+2032,97433,82366,--15067,+18040,KRX
20180508,112000,3,0,0.00,331690,12611,8908,--3703,--2176,112642,79535,--33107,--19532,KRX
20180504,-112000,5,-1500,-1.32,251346,7003,5476,--1527,+4226,62344,48769,--13575,+36794,KRX
20180503,-113500,5,-1000,-0.87,350536,12576,6823,--5753,--14341,109886,59517,--50369,--126664,KRX
20180502,+114500,2,+3500,+3.15,526839,10725,19313,+8588,+4986,95302,171597,+76295,+43699,KRX
20180430,-111000,5,-2500,-2.20,618640,9362,12964,+3602,+6037,84115,116711,+32596,+53939,KRX
20180427,-113500,5,-500,-0.44,402728,12398,9963,--2435,+2573,109127,87784,--21343,+22328,KRX
20180426,-114000,5,-1500,-1.30,366727,15618,10610,--5008,--890,135701,92030,--43671,--7847,KRX
20180425,+115500,2,+500,+0.43,607008,13766,9648,--4118,--8310,118582,82758,--35824,--72808,KRX
20180424,+115000,2,+4000,+3.60,473979,10227,14419,+4192,+11636,89794,126778,+36984,+103547,KRX
20180423,-111000,5,-4000,-3.48,669590,20871,13427,--7444,--1610,186490,119927,--66563,--16068,KRX
20180420,-115000,5,-1500,-1.29,650463,16436,10602,--5834,--201,142855,92360,--50495,--2528,KRX
20180419,-116500,5,-3000,-2.51,648909,16487,10854,--5633,+971,140541,92574,--47967,+7196,KRX
20180418,+119500,2,+1500,+1.27,495833,18812,12208,--6604,--750,156777,101614,--55163,--5668,KRX
20180417,+118000,2,+1000,+0.85,399502,12368,6514,--5854,+11032,104449,54954,--49495,+93961,KRX
20180416,-117000,5,-3500,-2.90,815062,20581,3695,--16886,--11311,174756,31300,--143456,--97055,KRX
20180413,+120500,2,+500,+0.42,368169,9987,4412,--5575,--5262,82965,36564,--46401,--43793,KRX
20180412,-120000,5,-1500,-1.23,367434,6514,6201,--313,+11923,53883,51275,--2608,+96953,KRX
20180411,-121500,5,-1000,-0.82,379388,19193,6957,--12236,--7286,156221,56660,--99561,--59235,KRX
20180410,+122500,2,+1000,+0.82,322551,12739,7789,--4950,--6129,103963,63637,--40326,--50040,KRX
20180409,-121500,5,-1000,-0.82,547412,9611,10790,+1179,+3244,79461,89175,+9714,+26290,KRX
20180406,-122500,5,-2000,-1.61,376868,7468,5403,--2065,--4789,60394,43818,--16576,--38369,KRX
20180405,+124500,2,+1000,+0.81,299168,3721,6445,+2724,+10166,29736,51529,+21793,+81162,KRX
20180404,-123500,5,-5000,-3.89,730140,15688,8246,--7442,--9438,125226,65857,--59369,--75007,KRX
20180403,-128500,5,-500,-0.39,483608,9239,11235,+1996,+8109,72007,87645,+15638,+62484,KRX
20180402,-129000,5,-3000,-2.27,454496,10759,4646,--6113,--6185,82523,35677,--46846,--47208,KRX
20180330,+132000,2,+2500,+1.93,447866,6394,6466,+72,+1632,48517,48879,+362,+12441,KRX
20180329,+129500,2,+500,+0.39,437532,8468,6908,--1560,+1650,65527,53448,--12079,+12810,KRX
20180328,-129000,5,-2500,-1.90,462777,14241,11031,--3210,+2474,110343,85454,--24889,+17980,KRX
20180327,+131500,2,+500,+0.38,451505,13688,8004,--5684,+12555,103141,60272,--42869,+97479,KRX
20180326,+131000,2,+500,+0.38,962796,39096,20857,--18239,--12827,301215,160867,--140348,--99777,KRX
20180323,-130500,5,-7500,-5.43,1233587,32261,26849,--5412,+99,242946,202375,--40571,--237,KRX
20180322,138000,3,0,0.00,567619,20088,14577,--5511,--9871,146170,105836,--40334,--71606,KRX
20180321,-138000,5,-1000,-0.72,416757,11740,16100,+4360,--14941,84987,116259,+31272,--108403,KRX
20180320,+139000,2,+1500,+1.09,556447,8594,27895,+19301,+16992,62229,201904,+139675,+123056,KRX
20180319,-137500,5,-3500,-2.48,610095,11203,13512,+2309,--20404,81298,97917,+16619,--144492,KRX
20180316,-141000,5,-500,-0.35,1024727,57354,80067,+22713,--15220,406684,567795,+161111,--108989,KRX
20180315,+141500,2,+4500,+3.28,950867,13993,51926,+37933,+32306,100013,370113,+270100,+229339,KRX
20180314,-137000,5,-3500,-2.49,703764,11906,17533,+5627,--14815,86472,127233,+40761,--106332,KRX
20180313,+140500,2,+5500,+4.07,1320091,12842,33284,+20442,+14560,92492,239585,+147093,+103670,KRX
20180312,+135000,2,+1000,+0.75,384411,4629,10511,+5882,--523,34212,77635,+43423,--4492,KRX
20180309,+134000,2,+2000,+1.52,753680,13055,19460,+6405,+3998,97957,145872,+47915,+29718,KRX
20180308,+132000,2,+2500,+1.93,499256,12921,15328,+2407,+5113,98752,116949,+18197,+38795,KRX
20180307,-129500,5,-3000,-2.26,596902,17148,14442,--2706,--22476,130996,110398,--20598,--171720,KRX
20180306,+132500,2,+9500,+7.72,1167882,11326,31096,+19770,+25253,86822,237944,+151122,+194547,KRX
20180305,-123000,5,-4500,-3.53,417227,12143,6660,--5483,--6122,96907,53482,--43425,--48440,KRX
20180302,-127500,5,-500,-0.39,474394,10904,11543,+639,+6126,86249,91264,+5015,+47464,KRX
20180228,-128000,5,-3000,-2.29,857397,35135,29648,--5487,--27197,272803,230354,--42449,--210472,KRX
20180227,+131000,2,+8000,+6.50,1272000,9606,31316,+21710,+18751,75437,243460,+168023,+144092,KRX
20180226,-123000,5,-500,-0.40,303789,9139,12098,+2959,+1841,74161,98092,+23931,+14947,KRX
20180223,123500,3,0,0.00,383787,8589,9707,+1118,+4388,69908,78892,+8984,+35675,KRX
20180222,-123500,5,-1000,-0.80,306321,11711,8441,--3270,--4224,95232,68541,--26691,--34134,KRX
20180221,+124500,2,+1500,+1.22,396493,11971,12925,+954,+3011,96660,104103,+7443,+24288,KRX
20180220,-123000,5,-1000,-0.81,288935,7722,5665,--2057,+96,62921,46076,--16845,+546,KRX
20180219,+124000,2,+1500,+1.22,419351,10730,8577,--2153,--4592,86555,69164,--17391,--37441,KRX
20180214,+122500,2,+3500,+2.94,858572,15266,17705,+2439,+8379,124677,144727,+20050,+69816,KRX
20180213,+119000,2,+1000,+0.85,721603,26177,20237,--5940,--8671,219541,169775,--49766,--72694,KRX
20180212,118000,3,0,0.00,817489,14561,17292,+2731,+12517,123006,145934,+22928,+102191,KRX
20180209,-118000,5,-8500,-6.72,2074927,39663,29877,--9786,--4522,330318,251055,--79263,--38025,KRX
20180208,126500,3,0,0.00,1044087,21322,16058,--5264,--9842,167973,126735,--41238,--78552,KRX
20180207,-126500,5,-4500,-3.44,1043100,19593,24171,+4578,--6353,151004,188318,+37314,--48064,KRX
20180206,-131000,5,-3500,-2.60,2291759,26771,37702,+10931,+21885,209031,294409,+85378,+166394,KRX
20180205,-134500,5,-9000,-6.27,1624472,36741,25787,--10954,--89,269206,188190,--81016,--5954,KRX
20180202,+143500,2,+2000,+1.41,2099421,102740,91875,--10865,--11070,717377,642315,--75062,--76379,KRX
20180201,+141500,2,+1500,+1.07,910082,35982,36187,+205,+19295,256312,257629,+1317,+138832,KRX
20180131,+140000,2,+1500,+1.08,943362,48975,29885,--19090,--12093,353490,215975,--137515,--87222,KRX
20180130,-138500,5,-500,-0.36,642199,20837,13840,--6997,+4884,149935,99642,--50293,+34650,KRX
20180129,-139000,5,-1000,-0.71,708612,20390,8509,--11881,--12623,145849,60906,--84943,--90542,KRX
20180126,+140000,2,+5000,+3.70,1271640,26873,27615,+742,+14700,193274,198873,+5599,+108517,KRX
20180125,135000,3,0,0.00,649676,23419,9461,--13958,--7826,172657,69739,--102918,--57925,KRX
20180124,-135000,5,-1500,-1.10,760888,23739,17607,--6132,+17562,174627,129634,--44993,+128946,KRX
20180123,+136500,2,+1000,+0.74,965243,43661,19967,--23694,--18758,320208,146269,--173939,--137649,KRX
20180122,-135500,5,-2500,-1.81,815041,21454,16518,--4936,+21878,156982,120692,--36290,+159862,KRX
20180119,+138000,2,+2500,+1.85,1132433,49736,22922,--26814,+66146,363876,167724,--196152,+487348,KRX
20180118,+135500,2,+1500,+1.12,1965579,126051,33091,--92960,--35081,927225,243725,--683500,--254071,KRX
20180117,-134000,5,-6500,-4.63,2415858,93871,35992,--57879,--27216,694882,265453,--429429,--211792,KRX
20180116,-140500,5,-4500,-3.10,1117873,46624,15961,--30663,--1531,330647,113010,--217637,--16416,KRX
20180115,+145000,2,+4500,+3.20,1265024,41196,12064,--29132,+8246,284546,83325,--201221,+62598,KRX
20180112,140500,3,0,0.00,1377402,62045,24667,--37378,--49364,437761,173942,--263819,--346055,KRX
20180111,-140500,5,-9000,-6.02,2474827,37712,49698,+11986,+12002,266713,348949,+82236,+82439,KRX
20180110,-149500,5,-7500,-4.78,1656798,31214,31198,--16,--5633,206255,206052,--203,--35729,KRX
20180109,-157000,5,-2500,-1.57,1010891,17563,23180,+5617,+8382,111348,146874,+35526,+52834,KRX
20180108,+159500,2,+3500,+2.24,1577403,25692,22927,--2765,--2598,160703,143395,--17308,--16231,KRX
20180105,156000,3,0,0.00,1067202,20006,19839,--167,--10967,128563,127486,--1077,--70679,KRX
20180104,+156000,2,+7000,+4.70,2265019,29063,39863,+10800,+31775,188497,258099,+69602,+210367,KRX
20180103,+149000,2,+2500,+1.71,1154361,32387,11412,--20975,--16553,217406,76641,--140765,--109887,KRX
20180102,+146500,2,+9500,+6.93,1345951,21995,17573,--4422,+3645,152850,121972,--30878,+27941,KRX
20171228,-137000,5,-2500,-1.79,948214,25483,17416,--8067,+8790,184528,125709,--58819,+67208,KRX
20171227,+139500,2,+13500,+10.71,1561744,42492,25635,--16857,--28570,316752,190725,--126027,--218402,KRX
20171226,-126000,5,-3500,-2.70,737536,13255,24968,+11713,--2941,103653,196028,+92375,--21317,KRX
20171222,+129500,2,+500,+0.39,586870,10216,24870,+14654,+4381,79602,193294,+113692,+35296,KRX
20171221,-129000,5,-4500,-3.37,717635,10252,20525,+10273,+4293,78043,156439,+78396,+34327,KRX
20171220,-133500,5,-2000,-1.48,533044,6529,12509,+5980,--7775,48183,92252,+44069,--58515,KRX
20171219,+135500,2,+1000,+0.74,681961,8862,22617,+13755,+19893,65858,168442,+102584,+147100,KRX
20171218,-134500,5,-8000,-5.61,1462446,30634,24496,--6138,--4499,224825,180309,--44516,--32974,KRX
20171215,-142500,5,-1500,-1.04,345053,13826,12187,--1639,--6512,96873,85331,--11542,--45578,KRX
20171214,+144000,2,+3000,+2.13,639895,19366,24239,+4873,+1954,134672,168708,+34036,+13331,KRX
20171213,141000,3,0,0.00,283499,5635,8554,+2919,+3730,40080,60785,+20705,+26384,KRX
20171212,+141000,2,+1000,+0.71,445846,12135,11324,--811,+55,85898,80219,--5679,+557,KRX
20171211,+140000,2,+1500,+1.08,284302,8336,7470,--866,--7797,59831,53595,--6236,--56236,KRX
20171208,+138500,2,+3000,+2.21,565316,11729,18660,+6931,--973,84448,134448,+50000,--8706,KRX
20171207,-135500,5,-2500,-1.81,813930,13423,21327,+7904,+8824,99297,158003,+58706,+64999,KRX
20171206,-138000,5,-2500,-1.78,470275,10919,9999,--920,--5801,77906,71613,--6293,--41236,KRX
20171205,+140500,2,+1000,+0.72,779716,17008,21889,+4881,+8003,123745,158688,+34943,+57128,KRX
20171204,-139500,5,-500,-0.36,481190,13222,10100,--3122,--9010,94034,71849,--22185,--64373,KRX
20171201,+140000,2,+3500,+2.56,867012,9674,15562,+5888,+2920,69626,111814,+42188,+22512,KRX
20171130,-136500,5,-8500,-5.86,1808464,38818,41786,+2968,+8686,279734,299410,+19676,+59056,KRX
20171129,-145000,5,-500,-0.34,1022981,23148,17430,--5718,--3805,160485,121105,--39380,--26277,KRX
20171128,-145500,5,-2000,-1.36,651234,21190,19277,--1913,--9943,144824,131721,--13103,--67312,KRX
20171127,-147500,5,-500,-0.34,771973,20118,28148,+8030,+29596,135660,189869,+54209,+199606,KRX
20171124,-148000,5,-1500,-1.00,1274472,49502,27936,--21566,--31540,332336,186939,--145397,--210297,KRX
20171123,-149500,5,-5000,-3.24,1224919,13544,23518,+9974,+16610,88516,153416,+64900,+107974,KRX
20171122,-154500,5,-6500,-4.04,4520630,39148,32512,--6636,--10221,251737,208663,--43074,--64663,KRX
20171121,+161000,2,+1000,+0.63,1244207,35493,39078,+3585,--3794,218246,239835,+21589,--24568,KRX
20171120,+160000,2,+2500,+1.59,714306,13854,21233,+7379,--1318,86663,132820,+46157,--9335,KRX
20171117,+157500,2,+3000,+1.94,718319,14399,23096,+8697,--2677,91257,146749,+55492,--18214,KRX
20171116,+154500,2,+500,+0.32,420594,8079,19453,+11374,+1134,52349,126055,+73706,+7299,KRX
20171115,-154000,5,-1000,-0.65,491354,12433,22673,+10240,--10553,80673,147080,+66407,--68280,KRX
20171114,+155000,2,+1000,+0.65,516918,12592,33385,+20793,+410,81409,216096,+134687,+2150,KRX
20171113,+154000,2,+1500,+0.98,604366,11501,31884,+20383,+4195,74745,207282,+132537,+25942,KRX
20171110,152500,3,0,0.00,737490,9825,26013,+16188,+33010,64005,170600,+106595,+218056,KRX
20171109,-152500,5,-5000,-3.17,1633218,60063,43241,--16822,--16896,387361,275900,--111461,--111882,KRX
20171108,+157500,2,+3500,+2.27,821591,14961,15035,+74,--5676,95660,96081,+421,--36909,KRX
20171107,+154000,2,+1000,+0.65,482499,7129,12879,+5750,+5936,46402,83732,+37330,+38701,KRX
20171106,+153000,2,+500,+0.33,497572,12195,12009,--186,--5386,79791,78420,--1371,--35572,KRX
20171103,+152500,2,+2500,+1.67,627354,10586,15786,+5200,+13791,70696,104897,+34201,+91197,KRX
20171102,-150000,5,-1000,-0.66,506579,15633,7042,--8591,--13809,103834,46838,--56996,--91848,KRX
20171101,+151000,2,+7000,+4.86,1022580,15626,20844,+5218,+2223,105682,140534,+34852,+14133,KRX
20171031,+144000,2,+2000,+1.41,465396,11652,14647,+2995,+5135,80958,101677,+20719,+35249,KRX
20171030,-142000,5,-1500,-1.05,652066,14030,11890,--2140,--11396,97208,82678,--14530,--80032,KRX
20171027,+143500,2,+3500,+2.50,1032642,14532,23788,+9256,--7490,102894,168396,+65502,--52543,KRX
20171026,-140000,5,-6000,-4.11,1893626,31989,48735,+16746,+19430,227275,345320,+118045,+135556,KRX
20171025,-146000,5,-4000,-2.67,768872,17095,14411,--2684,+1437,115384,97873,--17511,+9822,KRX
20171024,-150000,5,-1000,-0.66,467080,10458,6337,--4121,--6216,69213,41880,--27333,--41308,KRX
20171023,+151000,2,+1000,+0.67,565904,10125,12220,+2095,--5566,67594,81569,+13975,--37158,KRX
20171020,+150000,2,+3000,+2.04,667108,9663,17324,+7661,--2482,64568,115701,+51133,--17500,KRX
20171019,-147000,5,-1500,-1.01,1065448,19178,29321,+10143,+19560,129393,198026,+68633,+130149,KRX
20171018,-148500,5,-9000,-5.71,1640427,32649,23232,--9417,--5443,215225,153709,--61516,--36077,KRX
20171017,+157500,2,+1500,+0.96,719696,12960,8986,--3974,--18169,82934,57495,--25439,--120003,KRX
20171016,+156000,2,+3500,+2.30,1723984,15088,29283,+14195,+21579,98543,193107,+94564,+139466,KRX
20171013,-152500,5,-7000,-4.39,2543079,33059,25675,--7384,--13226,206214,161312,--44902,--82214,KRX
20171012,+159500,2,+9000,+5.98,1304122,18009,23851,+5842,+7562,114900,152212,+37312,+48701,KRX
20171011,+150500,2,+1500,+1.01,523485,12237,10517,--1720,--3812,81331,69942,--11389,--25589,KRX
20171010,+149000,2,+5000,+3.47,837504,17981,20073,+2092,--6785,121586,135786,+14200,--47956,KRX
20170929,+144000,2,+4500,+3.23,750550,9365,18242,+8877,+5188,65699,127855,+62156,+35762,KRX
20170928,-139500,5,-1000,-0.71,320185,7497,11186,+3689,--2124,53575,79969,+26394,--14927,KRX
20170927,-140500,5,-500,-0.35,457782,11015,16828,+5813,--1393,78227,119548,+41321,--9909,KRX
20170926,+141000,2,+2500,+1.81,548612,6255,13461,+7206,--8474,44680,95910,+51230,--62699,KRX
20170925,138500,3,0,0.00,693111,9463,25143,+15680,+6427,68436,182365,+113929,+47554,KRX
20170922,-138500,5,-3500,-2.46,917817,10099,19352,+9253,+9239,72283,138658,+66375,+66008,KRX
20170921,-142000,5,-500,-0.35,815469,18189,18203,+14,--6404,127535,127902,+367,--44621,KRX
20170920,+142500,2,+5500,+4.01,1321516,22005,28423,+6418,+5453,155353,200341,+44988,+37930,KRX
20170919,+137000,2,+1500,+1.11,646410,11256,12221,+965,--809,83750,90808,+7058,--5978,KRX
20170918,135500,3,0,0.00,718173,11861,13635,+1774,--9621,87130,100166,+13036,--71256,KRX
20170915,+135500,2,+3500,+2.65,1146819,22436,33831,+11395,--35844,167308,251600,+84292,--273609,KRX
20170914,+132000,2,+4500,+3.53,2492580,60267,107506,+47239,+34147,459654,817555,+357901,+255411,KRX
20170913,-127500,5,-3000,-2.30,972020,10772,23864,+13092,+8568,84093,186583,+102490,+67841,KRX
20170912,130500,3,0,0.00,640335,14191,18715,+4524,+6988,109096,143745,+34649,+53468,KRX
20170911,+130500,2,+1000,+0.77,664143,12567,10103,--2464,--4316,96230,77411,--18819,--33167,KRX
20170908,+129500,2,+2500,+1.97,654931,7554,9406,+1852,--9270,58652,73000,+14348,--72982,KRX
20170907,-127000,5,-1000,-0.78,635882,4524,15646,+11122,--3044,35414,122744,+87330,--24071,KRX
20170906,+128000,2,+2500,+1.99,1081421,7505,21671,+14166,+3989,59067,170468,+111401,+29315,KRX
20170905,+125500,2,+6000,+5.02,1049572,3220,13397,+10177,+1761,26265,108351,+82086,+12270,KRX
20170904,-119500,5,-2500,-2.05,727539,2903,11319,+8416,+10490,24098,93914,+69816,+87052,KRX
20170901,-122000,5,-1000,-0.81,509704,7099,5025,--2074,+4320,58507,41271,--17236,+34762,KRX
20170831,+123000,2,+1000,+0.82,615126,14080,7686,--6394,+1996,114501,62503,--51998,+16207,KRX
20170830,+122000,2,+3000,+2.52,1279951,15941,7551,--8390,--10229,129705,61500,--68205,--83786,KRX
20170829,+119000,2,+1000,+0.85,679797,6647,8486,+1839,--1575,55991,71572,+15581,--13423,KRX
20170828,+118000,2,+500,+0.43,298415,1733,5147,+3414,+2971,14728,43732,+29004,+25234,KRX
20170825,+117500,2,+1000,+0.86,411686,3678,4121,+443,--5842,31321,35091,+3770,--49956,KRX
20170824,+116500,2,+1500,+1.30,494534,2414,8699,+6285,+1091,20684,74410,+53726,+8547,KRX
20170823,-115000,5,-500,-0.43,284841,2261,7455,+5194,+3891,19619,64798,+45179,+33762,KRX
20170822,+115500,2,+1500,+1.32,434151,4017,5320,+1303,--2911,34830,46247,+11417,--25598,KRX
20170821,+114000,2,+500,+0.44,257439,2763,6977,+4214,+6087,24254,61269,+37015,+53485,KRX
20170818,-113500,5,-1000,-0.87,353415,8126,6253,--1873,--2513,71419,54949,--16470,--21862,KRX
20170817,114500,3,0,0.00,359227,7178,7818,+640,--10443,62688,68080,+5392,--91631,KRX
20170816,+114500,2,+1500,+1.33,545437,9599,20682,+11083,+14290,83989,181012,+97023,+125485,KRX
20170814,+113000,2,+3000,+2.73,705373,11529,8322,--3207,--15287,102083,73621,--28462,--139211,KRX
20170811,+110000,2,+1500,+1.38,783638,6494,18574,+12080,+8570,59506,170255,+110749,+78774,KRX
20170810,108500,3,0,0.00,790214,3776,7286,+3510,+5066,34622,66597,+31975,+46194,KRX
20170809,-108500,5,-2500,-2.25,623624,8017,6461,--1556,+871,73460,59241,--14219,+7573,KRX
20170808,+111000,2,+500,+0.45,478659,8633,6206,--2427,--9397,77523,55731,--21792,--85018,KRX
20170807,110500,3,0,0.00,678083,3839,10809,+6970,+12249,34758,97984,+63226,+110348,KRX
20170804,-110500,5,-4000,-3.49,941027,11012,5733,--5279,--6808,98459,51337,--47122,--60363,KRX
20170803,114500,3,0,0.00,1007302,5518,7047,+1529,--5360,48171,61412,+13241,--47047,KRX
20170802,-114500,5,-3500,-2.97,2152274,8262,15151,+6889,+14996,72779,133067,+60288,+126560,KRX
20170801,-118000,5,-2000,-1.67,2508504,18018,9911,--8107,--12237,149219,82947,--66272,--100900,KRX
20170731,+120000,2,+9000,+8.11,3120156,10378,14508,+4130,+7580,88149,122777,+34628,+65508,KRX
20170728,+111000,2,+1500,+1.37,1687002,8995,5545,--3450,--3780,80439,49559,--30880,--33943,KRX
20170727,+109500,2,+4000,+3.79,755654,3450,3780,+330,+590,32032,35095,+3063,+5707,KRX
20170726,-105500,5,-2000,-1.86,467047,4617,4357,--260,+862,43897,41253,--2644,+7777,KRX
20170725,-107500,5,-1500,-1.38,324849,4084,2962,--1122,--692,37740,27319,--10421,--6267,KRX
20170724,+109000,2,+1000,+0.93,628757,4686,4256,--430,--7141,43261,39107,--4154,--66508,KRX
20170721,+108000,2,+3000,+2.86,595184,1296,8007,+6711,+1400,12156,74510,+62354,+12171,KRX
20170720,105000,3,0,0.00,347492,3001,8312,+5311,+130,28488,78671,+50183,+841,KRX
20170719,+105000,2,+1500,+1.45,444737,2953,8134,+5181,+8293,28263,77605,+49342,+79436,KRX
20170718,+103500,2,+3000,+2.99,701273,5286,2174,--3112,--8756,51098,21004,--30094,--86329,KRX
20170717,+100500,2,+1500,+1.52,211816,2009,7653,+5644,+5152,19997,76232,+56235,+51386,KRX
20170714,-99000,5,-900,-0.90,197097,1728,2220,+492,--3244,17310,22159,+4849,--32624,KRX
20170713,+99900,2,+1400,+1.42,318819,1548,5284,+3736,+2659,15532,53005,+37473,+26602,KRX
20170712,-98500,5,-2000,-1.99,621240,4036,5113,+1077,--380,41045,51916,+10871,--3596,KRX
20170711,-100500,5,-1500,-1.47,352591,3037,4494,+1457,--3833,30189,44656,+14467,--37121,KRX
20170710,102000,3,0,0.00,356174,2138,7428,+5290,+13626,20905,72493,+51588,+133966,KRX
20170707,-101600,5,-2500,-2.40,996796,34520,26184,--8336,--8035,339882,257504,--82378,--79342,KRX
20170706,+104100,2,+1600,+1.56,707536,8499,8198,--301,--3693,81489,78453,--3036,--36587,KRX
20170705,+102500,2,+4200,+4.27,596647,3279,6671,+3392,+5002,32179,65730,+33551,+49745,KRX
20170704,-98300,5,-1100,-1.11,436397,4444,2834,--1610,+319,44868,28674,--16194,+2871,KRX
20170703,-99400,5,-2100,-2.07,466365,4184,2255,--1929,--5636,41683,22618,--19065,--55690,KRX
20170630,101500,3,0,0.00,322137,2580,6287,+3707,+5676,25346,61971,+36625,+56036,KRX
20170629,+101500,2,+700,+0.69,254580,3386,1417,--1969,+2630,33346,13935,--19411,+25796,KRX
20170628,-100800,5,-3000,-2.89,418589,6581,1982,--4599,--67,64700,19493,--45207,--1403,KRX
20170627,+103800,2,+3600,+3.59,729641,9884,5352,--4532,--1619,95861,52057,--43804,--14990,KRX
20170626,-100200,5,-1300,-1.28,388658,4913,2000,--2913,--3109,48730,19916,--28814,--30710,KRX
20170623,+101500,2,+3500,+3.57,540430,7197,7393,+196,--1251,71977,73873,+1896,--12959,KRX
20170622,-98000,5,-800,-0.81,552636,8132,9579,+1447,+6134,82613,97468,+14855,+62452,KRX
20170621,-98800,5,-2700,-2.66,953598,16925,12238,--4687,--4237,171134,123537,--47597,--43522,KRX
20170620,-101500,5,-2300,-2.22,557636,5805,5355,--450,--1039,56394,52319,--4075,--9767,KRX
20170619,+103800,2,+900,+0.87,395315,5363,5952,+589,--3693,51755,57447,+5692,--35848,KRX
20170616,-102900,5,-2600,-2.46,945380,5000,9282,+4282,--417,48559,90099,+41540,--3113,KRX
20170615,-105500,5,-900,-0.85,418961,2441,7140,+4699,--1713,23140,67793,+44653,--15682,KRX
20170614,-106400,5,-500,-0.47,675374,6104,12516,+6412,+4420,57357,117692,+60335,+41614,KRX
20170613,+106900,2,+1900,+1.81,655263,5564,7556,+1992,--6403,52149,70870,+18721,--61621,KRX
20170612,-105000,5,-4800,-4.37,1280193,7605,16000,+8395,+6181,72275,152617,+80342,+60055,KRX
20170609,+109800,2,+1300,+1.20,589751,4526,6740,+2214,--3849,41473,61760,+20287,--35647,KRX
20170608,+108500,2,+500,+0.46,993097,10934,16997,+6063,--7822,100855,156789,+55934,--73592,KRX
20170607,+108000,2,+3500,+3.35,1018606,4563,18448,+13885,+6321,42612,172138,+129526,+56365,KRX
20170605,+104500,2,+3700,+3.67,840185,2703,10267,+7564,+1958,26079,99240,+73161,+17289,KRX
20170602,+100800,2,+2000,+2.02,602328,5596,11202,+5606,+4045,55720,111592,+55872,+40068,KRX
20170601,98800,3,0,0.00,268742,4537,6098,+1561,+4105,45899,61703,+15804,+41605,KRX
20170531,+98800,2,+700,+0.71,543164,23409,20865,--2544,--3004,236966,211165,--25801,--30493,KRX
20170530,-98100,5,-1100,-1.11,452940,1419,1879,+460,+2329,14410,19102,+4692,+23488,KRX
20170529,-99200,5,-500,-0.50,382156,4345,2476,--1869,--2990,43701,24905,--18796,--30069,KRX
20170526,+99700,2,+1100,+1.12,495326,4549,5670,+1121,+5129,45493,56766,+11273,+51723,KRX
20170525,-98600,5,-900,-0.90,373447,5934,1926,--4008,--4212,59878,19428,--40450,--42505,KRX
20170524,+99500,2,+500,+0.51,365620,1563,1767,+204,+682,15792,17847,+2055,+6890,KRX
20170523,-99000,5,-500,-0.50,441606,4918,4440,--478,--2854,49643,44808,--4835,--28773,KRX
20170522,+99500,2,+1500,+1.53,586072,5124,7500,+2376,--24744,51936,75874,+23938,--253945,KRX
20170519,+98000,2,+2800,+2.94,864141,1101,28221,+27120,+22128,11287,289170,+277883,+225047,KRX
20170518,95200,3,0,0.00,494101,7358,12350,+4992,+2387,77556,130392,+52836,+25370,KRX
20170517,95200,3,0,0.00,367716,4235,6840,+2605,--6640,44640,72106,+27466,--70021,KRX
20170516,+95200,2,+1400,+1.49,523113,7403,16648,+9245,+6733,78080,175567,+97487,+71551,KRX
20170515,-93800,5,-2000,-2.09,637232,5863,8375,+2512,--2179,62127,88063,+25936,--23305,KRX
20170512,+95800,2,+600,+0.63,456417,2386,7077,+4691,+1346,25024,74265,+49241,+14210,KRX
20170511,+95200,2,+1200,+1.28,742959,3733,7078,+3345,+2724,39090,74121,+35031,+28402,KRX
20170510,-94000,5,-1000,-1.05,591255,4033,4654,+621,--3635,42655,49284,+6629,--38328,KRX
20170508,+95000,2,+1000,+1.06,606290,2235,6491,+4256,+10993,23645,68602,+44957,+116845,KRX
20170504,+94000,2,+1400,+1.51,641966,9747,3010,--6737,--8575,103983,32095,--71888,--91857,KRX
20170502,+92600,2,+2200,+2.43,547726,4854,6692,+1838,+964,52602,72571,+19969,+10295,KRX
20170428,-90400,5,-1000,-1.09,597202,4246,5120,+874,+4800,46884,56558,+9674,+52488,KRX
20170427,-91400,5,-1200,-1.30,487452,5171,1245,--3926,--4120,56358,13544,--42814,--45071,KRX
20170426,+92600,2,+1800,+1.98,1219425,9664,9858,+194,+6648,103910,106167,+2257,+73807,KRX
20170425,+90800,2,+600,+0.67,512570,9042,2588,--6454,--2039,100136,28586,--71550,--22635,KRX
20170424,+90200,2,+200,+0.22,609794,8222,3807,--4415,+1467,90904,41989,--48915,+15959,KRX
20170421,-90000,5,-800,-0.88,860895,11998,6116,--5882,--11553,132390,67516,--64874,--127179,KRX
20170420,+90800,2,+3600,+4.13,1559946,11312,16983,+5671,+16509,126393,188698,+62305,+186418,KRX
20170419,-87200,5,-1000,-1.13,686885,15926,5088,--10838,--7467,182284,58171,--124113,--86206,KRX
20170418,-88200,5,-900,-1.01,539494,7099,3728,--3371,+315,79990,42083,--37907,+3549,KRX
20170417,+89100,2,+300,+0.34,747833,8603,4917,--3686,--11973,96652,55196,--41456,--134110,KRX
20170414,+88800,2,+800,+0.91,1146797,6126,14413,+8287,+5658,68623,161277,+92654,+63610,KRX
20170413,+88000,2,+2100,+2.44,1362238,12952,15581,+2629,+2912,148635,177679,+29044,+32338,KRX
20170412,+85900,2,+200,+0.23,465429,4950,4667,--283,+3251,57712,54418,--3294,+38113,KRX
20170411,+85700,2,+800,+0.94,750110,8928,5394,--3534,+5023,104622,63215,--41407,+58654,KRX
20170410,-84900,5,-1700,-1.96,819880,12807,4250,--8557,+9297,149794,49733,--100061,+107196,KRX
20170407,+86600,2,+2100,+2.49,1424420,32789,14935,--17854,+9044,380302,173045,--207257,+111690,KRX
20170406,-84500,5,-1400,-1.63,3843443,33704,6806,--26898,--23445,399504,80557,--318947,--278961,KRX
20170405,+85900,2,+200,+0.23,1526823,10855,7402,--3453,+4274,125125,85139,--39986,+49393,KRX
20170404,-85700,5,-1300,-1.49,1954434,9490,1763,--7727,--19968,109792,20413,--89379,--231444,KRX
20170403,+87000,2,+3900,+4.69,862856,3152,15393,+12241,+11480,36688,178753,+142065,+132930,KRX
20170331,+83100,2,+300,+0.36,179689,2139,2900,+761,+572,25708,34843,+9135,+6809,KRX
20170330,-82800,5,-1000,-1.19,230451,1160,1349,+189,--483,13924,16250,+2326,--5718,KRX
20170329,+83800,2,+600,+0.72,245176,4020,4692,+672,+1348,48203,56247,+8044,+16178,KRX
20170328,+83200,2,+300,+0.36,346230,4942,4266,--676,+746,59374,51240,--8134,+8950,KRX
20170327,-82900,5,-1200,-1.43,319059,4055,2633,--1422,+4067,48700,31616,--17084,+47980,KRX
20170324,-84100,5,-1800,-2.10,537901,7473,1984,--5489,--4939,88626,23562,--65064,--58661,KRX
20170323,-85900,5,-700,-0.81,310710,2777,2227,--550,+1165,32328,25925,--6403,+13488,KRX
20170322,+86600,2,+500,+0.58,476268,5157,3442,--1715,+2683,60071,40180,--19891,+31655,KRX
20170321,+86100,2,+1200,+1.41,515560,7360,2962,--4398,--4770,86266,34720,--51546,--56061,KRX
20170320,+84900,2,+900,+1.07,506090,2526,2898,+372,+273,29964,34479,+4515,+3348,KRX
20170317,+84000,2,+200,+0.24,221183,2635,2734,+99,--634,31430,32597,+1167,--7660,KRX
20170316,+83800,2,+1600,+1.95,469582,3030,3763,+733,+6175,36658,45485,+8827,+74834,KRX
20170315,-82200,5,-1300,-1.56,317640,8907,3465,--5442,+3729,108029,42022,--66007,+44045,KRX
20170314,-83500,5,-1300,-1.53,625453,12028,2857,--9171,--2840,144261,34209,--110052,--35154,KRX
20170313,-84800,5,-500,-0.59,341028,9013,2682,--6331,--3743,106577,31679,--74898,--43799,KRX
20170310,+85300,2,+2500,+3.02,501305,7196,4608,--2588,--2830,85973,54874,--31099,--33957,KRX
20170309,-82800,5,-200,-0.24,350630,3282,3524,+242,+2650,39323,42181,+2858,+31875,KRX
20170308,-83000,5,-700,-0.84,286714,4580,2172,--2408,--4094,55114,26097,--29017,--49114,KRX
20170307,-83700,5,-100,-0.12,277748,3109,4795,+1686,+5281,37171,57268,+20097,+62852,KRX
20170306,-83800,5,-2000,-2.33,382382,4943,1348,--3595,--1093,58796,16041,--42755,--13363,KRX
20170303,+85800,2,+500,+0.59,396672,5629,3127,--2502,+111,66043,36651,--29392,+1134,KRX
20170302,-85300,5,-100,-0.12,354383,8082,5469,--2613,--629,94721,64195,--30526,--7370,KRX
20170228,-85400,5,-400,-0.47,444304,6650,4666,--1984,--1848,77741,54585,--23156,--21602,KRX
20170227,-85800,5,-2300,-2.61,330736,2142,2006,--136,+572,24706,23152,--1554,+6441,KRX
20170224,+88100,2,+200,+0.23,369669,3865,3157,--708,+740,43763,35768,--7995,+8515,KRX
20170223,-87900,5,-1600,-1.79,507957,6465,5017,--1448,--12838,73120,56610,--16510,--143762,KRX
20170222,+89500,2,+1100,+1.24,1034489,4695,16085,+11390,+836,52450,179702,+127252,+7356,KRX
20170221,+88400,2,+3600,+4.25,1573781,2095,12649,+10554,+12736,23727,143623,+119896,+145708,KRX
20170220,+84800,2,+100,+0.12,294768,5030,2848,--2182,--10982,59521,33709,--25812,--130118,KRX
20170217,+84700,2,+2300,+2.79,563691,1843,10643,+8800,+18569,21815,126121,+104306,+221953,KRX
20170216,-82400,5,-2500,-2.94,569723,13814,4045,--9769,--11325,166403,48756,--117647,--136017,KRX
20170215,84900,3,0,0.00,321230,1289,2845,+1556,--2057,15221,33591,+18370,--24565,KRX
20170214,+84900,2,+800,+0.95,427851,2188,5801,+3613,+6445,26027,68962,+42935,+76623,KRX
20170213,-84100,5,-1000,-1.18,397630,5295,2463,--2832,--7518,62935,29247,--33688,--88563,KRX
20170210,-85100,5,-300,-0.35,792741,8139,12825,+4686,--4323,95858,150733,+54875,--51865,KRX
20170209,+85400,2,+5600,+7.02,1550608,8490,17499,+9009,+8212,102397,209137,+106740,+96660,KRX
20170208,+79800,2,+1500,+1.92,269292,4599,5396,+797,--390,58474,68554,+10080,--5040,KRX
20170207,+78300,2,+1000,+1.29,173244,1827,3014,+1187,+1302,23348,38468,+15120,+16610,KRX
20170206,-77300,5,-700,-0.90,169147,1940,1825,--115,+211,25007,23517,--1490,+2715,KRX
20170203,+78000,2,+300,+0.39,178240,2574,2248,--326,+989,33030,28825,--4205,+12712,KRX
20170202,-77700,5,-700,-0.89,285670,4135,2820,--1315,--559,52536,35619,--16917,--7252,KRX
20170201,+78400,2,+700,+0.90,197510,4107,3351,--756,--2556,52356,42691,--9665,--32576,KRX
20170131,+77700,2,+600,+0.78,260779,2476,4276,+1800,--2691,31657,54568,+22911,--35285,KRX
20170126,+77100,2,+1000,+1.31,316390,312,4803,+4491,+4955,4049,62245,+58196,+64236,KRX
20170125,-76100,5,-2700,-3.43,557017,3769,3305,--464,+977,48775,42735,--6040,+12171,KRX
20170124,-78800,5,-200,-0.25,179068,3846,2405,--1441,+673,48540,30329,--18211,+8603,KRX
20170123,-79000,5,-1400,-1.74,338781,4923,2809,--2114,+3476,62302,35488,--26814,+42345,KRX
20170120,-80400,5,-1900,-2.31,285281,7115,1525,--5590,--2515,88002,18843,--69159,--31261,KRX
20170119,+82300,2,+1200,+1.48,246388,4973,1898,--3075,--3248,61250,23352,--37898,--40009,KRX
20170118,-81100,5,-800,-0.98,185724,1202,1375,+173,+2196,14806,16917,+2111,+26673,KRX
20170117,-81900,5,-700,-0.85,229108,2928,905,--2023,--380,35573,11011,--24562,--4827,KRX
20170116,-82600,5,-1300,-1.55,204539,2391,748,--1643,--3514,28730,8995,--19735,--42159,KRX
20170113,+83900,2,+2000,+2.44,480932,2862,4733,+1871,+4561,34123,56547,+22424,+55053,KRX
20170112,-81900,5,-1300,-1.56,251638,3966,1276,--2690,--2744,48077,15448,--32629,--33329,KRX
20170111,+83200,2,+1200,+1.46,270488,1871,1925,+54,--750,22571,23271,+700,--9032,KRX
20170110,-82000,5,-800,-0.97,329302,2353,3157,+804,+2033,28558,38290,+9732,+24525,KRX
20170109,-82800,5,-900,-1.08,236036,3419,2190,--1229,--652,41130,26337,--14793,--7771,KRX
20170106,-83700,5,-300,-0.36,410880,4367,3790,--577,--438,52543,45521,--7022,--5277,KRX
20170105,-84000,5,-300,-0.36,611713,4967,4828,--139,--13582,58736,56991,--1745,--162229,KRX
20170104,+84300,2,+4300,+5.38,1224395,4860,18303,+13443,+11270,58133,218617,+160484,+133031,KRX
20170103,+80000,2,+3300,+4.30,445180,2859,5032,+2173,+3148,36347,63800,+27453,+40127,KRX
20170102,-76700,5,-300,-0.39,143140,1042,67,--975,--2264,13542,868,--12674,--29501,KRX
20161229,+77000,2,+1500,+1.99,201605,1153,2442,+1289,+3735,15092,31919,+16827,+49324,KRX
20161228,+75500,2,+700,+0.94,201595,4487,2041,--2446,--691,59554,27057,--32497,--9041,KRX
20161227,-74800,5,-300,-0.40,236974,3892,2137,--1755,--132,51947,28491,--23456,--1904,KRX
20161226,+75100,2,+100,+0.13,132251,2423,800,--1623,+1360,32171,10619,--21552,+18239,KRX
20161223,+75000,2,+200,+0.27,267841,5688,2705,--2983,+5578,75821,36030,--39791,+73913,KRX
20161222,-74800,5,-1300,-1.71,276108,9507,946,--8561,--5278,126197,12493,--113704,--70759,KRX
20161221,-76100,5,-800,-1.04,207737,4554,1271,--3283,+1484,59510,16565,--42945,+18420,KRX
20161220,-76900,5,-1300,-1.66,175499,5722,955,--4767,--3716,73643,12278,--61365,--47953,KRX
20161219,+78200,2,+700,+0.90,151456,2897,1846,--1051,+1921,36946,23534,--13412,+24827,KRX
20161216,-77500,5,-600,-0.77,141183,4472,1500,--2972,--296,57556,19317,--38239,--3939,KRX
20161215,-78100,5,-600,-0.76,179990,3671,995,--2676,--4506,47030,12730,--34300,--57041,KRX
20161214,-78700,5,-500,-0.63,281848,3569,5399,+1830,+1427,44869,67610,+22741,+17636,KRX
20161213,-79200,5,-400,-0.50,191517,1538,1941,+403,+3079,19511,24616,+5105,+38789,KRX
20161212,+79600,2,+200,+0.25,314933,8285,5609,--2676,--244,104012,70328,--33684,--1746,KRX
20161209,+79400,2,+3100,+4.06,300441,5669,3237,--2432,--3313,73158,41220,--31938,--43408,KRX
20161208,+76300,2,+1200,+1.60,200443,3335,4216,+881,+2199,43663,55133,+11470,+29028,KRX
20161207,75100,3,0,0.00,115644,2494,1176,--1318,+80,33223,15665,--17558,+979,KRX
20161206,+75100,2,+400,+0.54,133357,2490,1092,--1398,+397,33068,14531,--18537,+5229,KRX
20161205,-74700,5,-600,-0.80,192995,4407,2612,--1795,+202,58358,34592,--23766,+2609,KRX
20161202,-75300,5,-1400,-1.83,189997,3804,1807,--1997,--1036,50255,23880,--26375,--13859,KRX
20161201,-76700,5,-1000,-1.29,188500,4736,3775,--961,+3503,61238,48722,--12516,+44442,KRX
20161130,-77700,5,-2100,-2.63,255953,7926,3462,--4464,--3747,101335,44377,--56958,--47884,KRX
20161129,+79800,2,+400,+0.50,193718,4236,3519,--717,+2751,53080,44006,--9074,+34300,KRX
20161128,-79400,5,-1900,-2.34,213000,4244,776,--3468,--2722,53088,9714,--43374,--34129,KRX
20161125,+81300,2,+600,+0.74,169643,2108,1362,--746,--361,26093,16848,--9245,--4530,KRX
20161124,-80700,5,-1200,-1.47,173751,1636,1251,--385,--2357,20135,15420,--4715,--28760,KRX
20161123,+81900,2,+100,+0.12,273571,3088,5060,+1972,--3985,37771,61816,+24045,--49049,KRX
20161122,+81800,2,+2800,+3.54,345344,1185,7142,+5957,+6729,14534,87628,+73094,+82860,KRX
20161121,-79000,5,-1700,-2.11,186638,2720,1948,--772,--252,34289,24523,--9766,--3336,KRX
20161118,-80700,5,-300,-0.37,281422,4073,3553,--520,+1179,50384,43954,--6430,+14742,KRX
20161117,+81000,2,+700,+0.87,239572,3442,1743,--1699,--3955,42824,21652,--21172,--49616,KRX
20161116,+80300,2,+4300,+5.66,566246,4268,6524,+2256,+1398,53521,81965,+28444,+17320,KRX
20161115,+76000,2,+200,+0.26,186400,3017,3875,+858,+2528,39560,50684,+11124,+33097,KRX
20161114,-75800,5,-2000,-2.57,261019,3573,1903,--1670,+3475,46831,24858,--21973,+44171,KRX
20161111,-77800,5,-1900,-2.38,433329,8821,3676,--5145,--17263,113512,47368,--66144,--222170,KRX
20161110,+79700,2,+8400,+11.78,1182920,10528,22646,+12118,+9108,133899,289925,+156026,+113490,KRX
20161109,-71300,5,-3000,-4.04,529993,3346,6356,+3010,+2223,46554,89090,+42536,+31988,KRX
20161108,+74300,2,+600,+0.81,143280,1772,2559,+787,+1989,23879,34427,+10548,+26895,KRX
20161107,+73700,2,+500,+0.68,155971,2422,1220,--1202,--945,32940,16593,--16347,--12824,KRX
20161104,+73200,2,+1800,+2.52,280780,3900,3643,--257,+1089,53450,49927,--3523,+15250,KRX
20161103,+71400,2,+100,+0.14,383722,5411,4065,--1346,+3237,75556,56783,--18773,+44719,KRX
20161102,-71300,5,-3300,-4.42,640159,10930,6347,--4583,--4250,151375,87883,--63492,--59113,KRX
20161101,-74600,5,-1800,-2.36,388432,3434,3101,--333,+567,45775,41396,--4379,+7673,KRX
20161031,-76400,5,-3200,-4.02,498234,4958,4058,--900,+1695,64199,52147,--12052,+20343,KRX
20161028,-79600,5,-1700,-2.09,299652,3503,908,--2595,--3855,43695,11300,--32395,--47888,KRX
20161027,+81300,2,+400,+0.49,123235,1003,2263,+1260,+1723,12348,27841,+15493,+21181,KRX
20161026,-80900,5,-1400,-1.70,189596,1860,1397,--463,--4202,22883,17195,--5688,--51514,KRX
20161025,+82300,2,+1600,+1.98,305185,1961,5700,+3739,+4371,23939,69765,+45826,+53641,KRX
20161024,+80700,2,+100,+0.12,150118,3496,2864,--632,--222,43268,35453,--7815,--2787,KRX
20161021,-80600,5,-400,-0.49,192255,3516,3106,--410,+1534,43512,38484,--5028,+18811,KRX
20161020,-81000,5,-700,-0.86,278568,4177,2233,--1944,--1842,50934,27095,--23839,--22429,KRX
20161019,+81700,2,+900,+1.11,246435,3769,3667,--102,+2102,46369,44959,--1410,+26053,KRX
20161018,+80800,2,+300,+0.37,169592,5304,3100,--2204,--1789,66049,38586,--27463,--22328,KRX
20161017,+80500,2,+1200,+1.51,160442,1700,1285,--415,+1532,21161,16026,--5135,+19369,KRX
20161014,79300,3,0,0.00,148730,3377,1430,--1947,--633,42523,18019,--24504,--8022,KRX
20161013,-79300,5,-900,-1.12,203778,2054,740,--1314,--1425,25741,9259,--16482,--17866,KRX
20161012,-80200,5,-1300,-1.60,534287,6848,6959,+111,+885,85798,87182,+1384,+10814,KRX
20161011,-81500,5,-1100,-1.33,257663,1801,1027,--774,--735,21951,12521,--9430,--8964,KRX
20161010,-82600,5,-800,-0.96,144551,1014,975,--39,+2023,12229,11763,--466,+24012,KRX
20161007,-83400,5,-1900,-2.23,242697,3211,1149,--2062,--4673,38156,13678,--24478,--54859,KRX
20161006,-85300,5,-200,-0.23,388287,2479,5090,+2611,--1978,29062,59443,+30381,--24021,KRX
20161005,+85500,2,+4300,+5.30,728681,2117,6706,+4589,+6822,25180,79582,+54402,+81567,KRX
20161004,-81200,5,-600,-0.73,351455,6180,3947,--2233,--2631,75328,48163,--27165,--32162,KRX
20160930,-81800,5,-900,-1.09,380670,4104,4502,+398,+356,49718,54715,+4997,+4492,KRX
20160929,-82700,5,-100,-0.12,236280,989,1031,+42,--631,12006,12511,+505,--7621,KRX
20160928,-82800,5,-800,-0.96,166639,1050,1723,+673,+1294,12645,20771,+8126,+15717,KRX
20160927,+83600,2,+1000,+1.21,163326,1757,1136,--621,+258,21248,13657,--7591,+3035,KRX
20160926,-82600,5,-1000,-1.20,176917,3644,2765,--879,+5177,44039,33413,--10626,+61747,KRX
20160923,-83600,5,-900,-1.07,265218,8483,2427,--6056,--13693,101338,28965,--72373,--163469,KRX
20160922,+84500,2,+2200,+2.67,371860,2796,10433,+7637,+7192,33550,124646,+91096,+85804,KRX
20160921,+82300,2,+100,+0.12,196029,2775,3220,+445,+1588,33922,39214,+5292,+19432,KRX
20160920,+82200,2,+1700,+2.11,493052,5370,4227,--1143,--1689,65348,51208,--14140,--20936,KRX
20160919,80500,3,0,0.00,153998,2814,3360,+546,+1794,35048,41844,+6796,+22387,KRX
20160913,+80500,2,+600,+0.75,167806,3559,2311,--1248,--1512,44369,28778,--15591,--18887,KRX
20160912,-79900,5,-700,-0.87,175099,2112,2376,+264,+72,26432,29728,+3296,+880,KRX
20160909,-80600,5,-1200,-1.47,258472,2877,3069,+192,--3783,35623,38039,+2416,--46829,KRX
20160908,+81800,2,+1800,+2.25,296809,3048,7023,+3975,+5798,37719,86964,+49245,+71988,KRX
20160907,-80000,5,-1200,-1.48,269047,3631,1808,--1823,--204,45282,22539,--22743,--2852,KRX
20160906,+81200,2,+200,+0.25,219973,3385,1766,--1619,+362,41628,21737,--19891,+4481,KRX
20160905,81000,3,0,0.00,263587,3670,1689,--1981,+7526,45117,20745,--24372,+92890,KRX
20160902,-81000,5,-1100,-1.34,270384,10576,1069,--9507,--61,130429,13167,--117262,--1479,KRX
20160901,+82100,2,+800,+0.98,334011,10441,995,--9446,--7763,127942,12159,--115783,--94626,KRX
20160831,+81300,2,+1300,+1.63,342533,7984,6301,--1683,+1994,99059,77902,--21157,+24937,KRX
20160830,+80000,2,+700,+0.88,293565,5570,1893,--3677,+3607,69772,23678,--46094,+45287,KRX
20160829,-79300,5,-1700,-2.10,478825,8546,1262,--7284,--2174,107246,15865,--91381,--28214,KRX
20160826,81000,3,0,0.00,255043,6825,1715,--5110,--805,84356,21189,--63167,--10447,KRX
20160825,-81000,5,-1500,-1.82,346409,8029,3724,--4305,+719,98404,45684,--52720,+8973,KRX
20160824,+82500,2,+2000,+2.48,696481,15225,10201,--5024,+5265,185701,124008,--61693,+64446,KRX
20160823,-80500,5,-2200,-2.66,861917,14854,4565,--10289,--9775,182430,56291,--126139,--119915,KRX
20160822,-82700,5,-2000,-2.36,449238,4918,4404,--514,+6218,58913,52689,--6224,+72656,KRX
20160819,-84700,5,-2000,-2.31,602877,9351,2619,--6732,+693,109480,30600,--78880,+6360,KRX
20160818,-86700,5,-1300,-1.48,433201,7787,362,--7425,--1755,89390,4150,--85240,--21051,KRX
20160817,-88000,5,-600,-0.68,342989,6951,1281,--5670,+2386,78710,14521,--64189,+26592,KRX
20160816,-88600,5,-900,-1.01,381711,11088,3032,--8056,+255,124923,34142,--90781,+1776,KRX
20160812,-89500,5,-1800,-1.97,762281,13895,5584,--8311,--7288,154691,62134,--92557,--81390,KRX
20160811,-91300,5,-1400,-1.51,459030,4994,3971,--1023,--365,54122,42955,--11167,--4133,KRX
20160810,-92700,5,-200,-0.22,298220,7110,6452,--658,--4413,76378,69344,--7034,--47571,KRX
20160809,+92900,2,+1400,+1.53,288342,6810,10565,+3755,+4218,73648,114185,+40537,+45559,KRX
20160808,-91500,5,-600,-0.65,198686,6875,6412,--463,--3393,75036,70014,--5022,--36683,KRX
20160805,-92100,5,-200,-0.22,209258,3834,6764,+2930,+2401,41426,73087,+31661,+25881,KRX
20160804,-92300,5,-1600,-1.70,266692,5960,6489,+529,--4843,64111,69891,+5780,--52069,KRX
20160803,+93900,2,+2900,+3.19,416577,2567,7939,+5372,+5487,27788,85637,+57849,+59109,KRX
20160802,91000,3,0,0.00,122894,2942,2827,--115,--2256,32301,31041,--1260,--24824,KRX
20160801,+91000,2,+100,+0.11,234983,5254,7395,+2141,+5866,57794,81358,+23564,+64411,KRX
20160729,-90900,5,-700,-0.76,236131,8167,4442,--3725,--642,89534,48687,--40847,--7004,KRX
20160728,+91600,2,+400,+0.44,220576,5484,2401,--3083,--4210,60133,26290,--33843,--46118,KRX
20160727,-91200,5,-300,-0.33,192058,1793,2920,+1127,+1335,19562,31837,+12275,+14565,KRX
20160726,-91500,5,-700,-0.76,223967,2504,2296,--208,--440,27327,25037,--2290,--4807,KRX
20160725,-92200,5,-500,-0.54,176203,3949,4181,+232,+2655,42673,45190,+2517,+28559,KRX
20160722,92700,3,0,0.00,188337,4433,2010,--2423,--516,47593,21551,--26042,--5538,KRX
20160721,-92700,5,-800,-0.86,183072,2606,699,--1907,--3141,28024,7520,--20504,--33689,KRX
20160720,93500,3,0,0.00,129539,1035,2269,+1234,--203,11034,24219,+13185,--2193,KRX
20160719,+93500,2,+300,+0.32,131218,2799,4236,+1437,+5739,29979,45357,+15378,+61453,KRX
20160718,-93200,5,-1100,-1.17,198412,6381,2079,--4302,--5022,68364,22289,--46075,--53629,KRX
20160715,-94300,5,-500,-0.53,197554,2997,3717,+720,+1162,31632,39186,+7554,+12257,KRX
20160714,+94800,2,+300,+0.32,149363,3231,2789,--442,+2478,34221,29518,--4703,+26005,KRX
20160713,-94500,5,-1000,-1.05,229034,5904,2984,--2920,--3048,62103,31395,--30708,--32018,KRX
20160712,+95500,2,+500,+0.53,248311,4309,4437,+128,--1632,45189,46499,+1310,--17285,KRX
20160711,+95000,2,+1300,+1.39,184007,1870,3630,+1760,+1082,19811,38406,+18595,+11380,KRX
20160708,-93700,5,-1300,-1.37,224800,2173,2851,+678,--4919,23152,30367,+7215,--51554,KRX
20160707,+95000,2,+300,+0.32,194706,1361,6958,+5597,+1288,14292,73061,+58769,+12889,KRX
20160706,+94700,2,+1400,+1.50,271543,2432,6741,+4309,+7639,25951,71831,+45880,+81584,KRX
20160705,-93300,5,-500,-0.53,187924,4398,1068,--3330,+99,47146,11442,--35704,+723,KRX
20160704,-93800,5,-900,-0.95,190799,6016,2587,--3429,--7750,63924,27497,--36427,--82097,KRX
20160701,+94700,2,+1600,+1.72,280867,2516,6837,+4321,+1224,26626,72296,+45670,+12421,KRX
20160630,+93100,2,+900,+0.98,163504,1250,4347,+3097,+1712,13433,46682,+33249,+18288,KRX
20160629,+92200,2,+1000,+1.10,237550,3927,5312,+1385,+1705,42438,57399,+14961,+18452,KRX
20160628,-91200,5,-400,-0.44,277899,6754,6434,--320,--4732,73855,70364,--3491,--52281,KRX
20160627,+91600,2,+400,+0.44,322279,3585,7997,+4412,--5380,39450,88240,+48790,--58375,KRX
20160624,-91200,5,-2000,-2.15,713158,4199,13991,+9792,+8927,45911,153076,+107165,+97906,KRX
20160623,-93200,5,-1000,-1.06,186812,3600,4465,+865,+232,38655,47914,+9259,+2524,KRX
20160622,+94200,2,+400,+0.43,139412,1657,2290,+633,+1229,17588,24323,+6735,+13029,KRX
20160621,-93800,5,-1100,-1.16,184809,2072,1476,--596,--2193,21986,15692,--6294,--23350,KRX
20160620,+94900,2,+3600,+3.94,301386,967,2564,+1597,+1084,10290,27346,+17056,+11402,KRX
20160617,+91300,2,+100,+0.11,253700,1690,2203,+513,+4240,18486,24140,+5654,+46213,KRX
20160616,-91200,5,-1600,-1.72,347392,5169,1442,--3727,--26,56283,15724,--40559,--843,KRX
20160615,-92800,5,-1300,-1.38,248917,4464,763,--3701,--870,47911,8195,--39716,--9642,KRX
20160614,+94100,2,+300,+0.32,282122,8466,5635,--2831,+1185,89862,59788,--30074,+12700,KRX
20160613,-93800,5,-1100,-1.16,262900,4691,675,--4016,+9114,49957,7183,--42774,+95283,KRX
20160610,-94900,5,-300,-0.32,394023,13943,813,--13130,+5830,146610,8553,--138057,+59844,KRX
20160609,-95200,5,-1800,-1.86,870266,24020,5060,--18960,--14798,250936,53035,--197901,--155191,KRX
20160608,-97000,5,-1200,-1.22,330359,5667,1505,--4162,--3794,58184,15474,--42710,--38906,KRX
20160607,+98200,2,+200,+0.20,278467,2342,1974,--368,+1847,23950,20146,--3804,+18962,KRX
20160603,+98000,2,+500,+0.51,321939,4686,2471,--2215,--2972,48042,25276,--22766,--30646,KRX
20160602,-97500,5,-1000,-1.02,556790,2158,2915,+757,+2002,21940,29820,+7880,+20639,KRX
20160601,-98500,5,-4300,-4.18,1011274,6452,5207,--1245,--3894,65210,52451,--12759,--38529,KRX
20160531,102800,3,0,0.00,332493,6763,9412,+2649,+4551,65942,91712,+25770,+44313,KRX
20160530,+102800,2,+2200,+2.19,353802,5088,3186,--1902,--2547,49645,31102,--18543,--24929,KRX
20160527,+100600,2,+900,+0.90,201380,1444,2089,+645,+2699,14370,20756,+6386,+27062,KRX
20160526,+99700,2,+100,+0.10,185523,2837,783,--2054,--841,28562,7886,--20676,--8403,KRX
20160525,+99600,2,+400,+0.40,232780,6885,5672,--1213,+256,69070,56797,--12273,+2495,KRX
20160524,-99200,5,-1000,-1.00,172022,2458,989,--1469,+196,24704,9936,--14768,+1824,KRX
20160523,+100200,2,+900,+0.91,171336,2543,878,--1665,+147,25333,8741,--16592,+1607,KRX
20160520,-99300,5,-1000,-1.00,322346,6035,4223,--1812,--326,60465,42266,--18199,--3690,KRX
20160519,-100300,5,-4200,-4.02,396406,2208,722,--1486,+1532,21672,7163,--14509,+14580,KRX
20160518,-104500,5,-600,-0.57,207110,5299,2281,--3018,--1368,50998,21909,--29089,--13390,KRX
20160517,-105100,5,-300,-0.28,199833,4760,3110,--1650,+198,45249,29550,--15699,+2012,KRX
20160516,+105400,2,+1600,+1.54,244587,3686,1838,--1848,+826,35203,17492,--17711,+7935,KRX
20160513,-103800,5,-2500,-2.35,260861,4525,1851,--2674,+979,43367,17721,--25646,+8701,KRX
20160512,+106300,2,+600,+0.57,559362,6162,2509,--3653,--4520,57948,23601,--34347,--42141,KRX
20160511,+105700,2,+5100,+5.07,719902,10234,11101,+867,+4441,99582,107376,+7794,+43393,KRX
20160510,-100600,5,-1100,-1.08,208613,6642,3068,--3574,--3523,66069,30470,--35599,--34995,KRX
20160509,+101700,2,+1700,+1.70,251804,6620,6569,--51,+40,65391,64787,--604,+299,KRX
20160504,+100000,2,+200,+0.20,134988,2967,2876,--91,+886,29604,28701,--903,+8862,KRX
20160503,+99800,2,+200,+0.20,110400,2118,1141,--977,--1255,21175,11410,--9765,--12544,KRX
20160502,-99600,5,-900,-0.90,129817,1710,1988,+278,+1552,17127,19906,+2779,+15528,KRX
20160429,100500,3,0,0.00,144488,2878,1604,--1274,+85,28747,15998,--12749,+756,KRX
20160428,-100500,5,-1900,-1.86,245294,3522,2163,--1359,--3306,34840,21335,--13505,--32568,KRX
20160427,+102400,2,+800,+0.79,167047,1283,3230,+1947,+6793,12576,31639,+19063,+66285,KRX
20160426,-101600,5,-2700,-2.59,345534,6884,2038,--4846,--12100,66944,19722,--47222,--118330,KRX
20160425,+104300,2,+4700,+4.72,400201,1042,8296,+7254,+6741,10171,81279,+71108,+65964,KRX
20160422,-99600,5,-1900,-1.87,266347,810,1323,+513,+357,8102,13246,+5144,+3626,KRX
20160421,-101500,5,-1600,-1.55,196377,1663,1819,+156,--2530,16284,17802,+1518,--24530,KRX
20160420,+103100,2,+600,+0.59,252591,2819,5505,+2686,--284,27339,53387,+26048,--2969,KRX
20160419,+102500,2,+300,+0.29,220187,3822,6792,+2970,--1330,37427,66444,+29017,--13211,KRX
20160418,+102200,2,+1000,+0.99,261253,4614,8914,+4300,+60,45312,87540,+42228,+330,KRX
20160415,+101200,2,+900,+0.90,180592,1061,5301,+4240,+2305,10486,52384,+41898,+23237,KRX
20160414,-100300,5,-100,-0.10,363868,8396,10331,+1935,+768,83187,101848,+18661,+7115,KRX
20160412,+100400,2,+2600,+2.66,462246,3203,4370,+1167,+3413,31831,43377,+11546,+34312,KRX
20160411,-97800,5,-1000,-1.01,200950,3813,1567,--2246,--2251,38676,15910,--22766,--22647,KRX
20160408,+98800,2,+400,+0.41,209609,2446,2451,+5,+1175,25017,24898,--119,+11857,KRX
20160407,+98400,2,+1600,+1.65,224112,3071,1901,--1170,+4600,31340,19364,--11976,+47633,KRX
20160406,+96800,2,+300,+0.31,321259,9582,3812,--5770,+7088,98945,39336,--59609,+72486,KRX
20160405,-96500,5,-2800,-2.82,498991,14157,1299,--12858,+1319,145435,13340,--132095,+10884,KRX
20160404,-99300,5,-2500,-2.46,478190,16868,2691,--14177,--13957,170037,27058,--142979,--140581,KRX
20160401,+101800,2,+2600,+2.62,366275,6973,6753,--220,+10393,68818,66420,--2398,+104692,KRX
20160331,-99200,5,-900,-0.90,561169,17133,6520,--10613,--6177,172831,65741,--107090,--63052,KRX
20160330,-100100,5,-300,-0.30,350996,10098,5662,--4436,--7351,100161,56123,--44038,--72943,KRX
20160329,-100400,5,-400,-0.40,316286,5001,7916,+2915,--1525,49706,78611,+28905,--14867,KRX
20160328,-100800,5,-1900,-1.85,383688,2892,7332,+4440,+6554,28585,72357,+43772,+64149,KRX
20160325,-102700,5,-4300,-4.02,455121,4396,2282,--2114,--1790,42418,22041,--20377,--17348,KRX
20160324,+107000,2,+400,+0.38,140530,3434,3110,--324,--643,32112,29083,--3029,--6243,KRX
20160323,-106600,5,-2900,-2.65,340552,4867,5186,+319,--9205,45180,48394,+3214,--84937,KRX
20160322,-109500,5,-200,-0.18,384549,4174,13698,+9524,+12253,38511,126662,+88151,+113145,KRX
20160321,-109700,5,-2500,-2.23,380718,10763,8034,--2729,--6221,98750,73756,--24994,--55980,KRX
20160318,-112200,5,-100,-0.09,198312,3551,7043,+3492,--5325,31646,62632,+30986,--47725,KRX
20160317,+112300,2,+2700,+2.46,284988,1753,10570,+8817,+1905,15651,94362,+78711,+16006,KRX
20160316,-109600,5,-1800,-1.62,389061,2367,9279,+6912,+762,21538,84243,+62705,+7511,KRX
20160315,-111400,5,-1200,-1.07,312098,2634,8784,+6150,+1716,23671,78865,+55194,+15769,KRX
20160314,+112600,2,+1400,+1.26,343606,2464,6898,+4434,--2532,21901,61326,+39425,--23481,KRX
20160311,+111200,2,+1100,+1.00,380648,2307,9273,+6966,--1747,20847,83753,+62906,--16051,KRX
20160310,+110100,2,+2300,+2.13,620453,4547,13260,+8713,+6412,41093,120050,+78957,+57272,KRX
20160309,+107800,2,+1600,+1.51,339001,4142,6443,+2301,--1797,38635,60320,+21685,--17099,KRX
20160308,+106200,2,+300,+0.28,341742,2660,6758,+4098,--2166,25194,63978,+38784,--20031,KRX
20160307,+105900,2,+2100,+2.02,564062,4496,10760,+6264,+7834,42362,101177,+58815,+74076,KRX
20160304,+103800,2,+2300,+2.27,562840,6737,5167,--1570,--4833,65332,50071,--15261,--47759,KRX
20160303,+101500,2,+4100,+4.21,633883,7365,10628,+3263,+9827,73721,106219,+32498,+100473,KRX
20160302,+97400,2,+2500,+2.63,416215,10087,3523,--6564,--2433,104469,36494,--67975,--24333,KRX
20160229,+94900,2,+800,+0.85,213161,7187,3056,--4131,--2024,75920,32278,--43642,--21356,KRX
20160226,-94100,5,-400,-0.42,177571,3984,1877,--2107,+1420,42099,19813,--22286,+14831,KRX
20160225,-94500,5,-500,-0.53,295384,5747,2220,--3527,+5539,60483,23366,--37117,+58403,KRX
20160224,-95000,5,-1400,-1.45,350932,11570,2504,--9066,--14081,121853,26333,--95520,--147336,KRX
20160223,+96400,2,+4000,+4.33,725979,9014,14029,+5015,+11268,94876,146692,+51816,+119329,KRX
20160222,-92400,5,-200,-0.22,285597,9857,3604,--6253,--2583,106359,38846,--67513,--27784,KRX
20160219,+92600,2,+200,+0.22,300078,8711,5041,--3670,+3539,94218,54489,--39729,+37553,KRX
20160218,+92400,2,+300,+0.33,386095,10761,3552,--7209,+2643,115352,38070,--77282,+28667,KRX
20160217,-92100,5,-2200,-2.33,382889,11355,1503,--9852,--7174,122148,16199,--105949,--77610,KRX
20160216,+94300,2,+2000,+2.17,384215,6009,3331,--2678,--3815,63649,35310,--28339,--40992,KRX
20160215,-92300,5,-500,-0.54,711070,9011,10148,+1137,--5095,96618,109271,+12653,--53518,KRX
20160212,-92800,5,-7900,-7.85,986668,7249,13481,+6232,+9448,75675,141846,+66171,+97425,KRX
20160211,-100700,5,-8200,-7.53,736337,7117,3901,--3216,--5361,69419,38165,--31254,--50565,KRX
20160205,-108900,5,-400,-0.37,372885,3710,5855,+2145,+3071,33802,53113,+19311,+27785,KRX
20160204,+109300,2,+100,+0.09,145694,3547,2621,--926,--3124,32435,23961,--8474,--28649,KRX
20160203,+109200,2,+500,+0.46,220630,6899,9097,+2198,--1974,63404,83579,+20175,--18135,KRX
20160202,-108700,5,-1100,-1.00,227072,2943,7115,+4172,+1630,27003,65313,+38310,+15137,KRX
20160201,+109800,2,+500,+0.46,192405,1813,4355,+2542,+3709,16523,39696,+23173,+33788,KRX
20160129,-109300,5,-200,-0.18,246942,3954,2787,--1167,--2142,36071,25456,--10615,--19518,KRX
20160128,+109500,2,+300,+0.27,246640,5348,6323,+975,+14414,49030,57933,+8903,+130577,KRX
20160127,-109200,5,-3200,-2.85,535449,16084,2645,--13439,--15785,145661,23987,--121674,--142515,KRX
20160126,-112400,5,-700,-0.62,153600,2241,4587,+2346,+4006,19943,40784,+20841,+35541,KRX
20160125,+113100,2,+300,+0.27,204406,4034,2374,--1660,--6408,35740,21040,--14700,--56745,KRX
20160122,+112800,2,+1800,+1.62,243916,4623,9371,+4748,+1703,41034,83079,+42045,+14721,KRX
20160121,-111000,5,-1100,-0.98,327327,6992,10037,+3045,--2127,62909,90233,+27324,--18578,KRX
20160120,-112100,5,-2000,-1.75,291592,4433,9605,+5172,--3069,39274,85176,+45902,--27068,KRX
20160119,-114100,5,-2100,-1.81,565343,3543,11784,+8241,+6523,31248,104218,+72970,+58203,KRX
20160118,-116200,5,-2500,-2.11,413388,9326,11044,+1718,--5590,80015,94782,+14767,--46579,KRX
20160115,-118700,5,-200,-0.17,257682,3975,11283,+7308,+3186,33432,94778,+61346,+26578,KRX
20160114,-118900,5,-900,-0.75,285578,5315,9437,+4122,--18471,44943,79711,+34768,--154440,KRX
20160113,+119800,2,+3400,+2.92,565479,3335,25928,+22593,+12883,27954,217162,+189208,+105930,KRX
20160112,+116400,2,+1700,+1.48,380917,1543,11253,+9710,+4452,13250,96528,+83278,+38199,KRX
20160111,-114700,5,-500,-0.43,547708,2535,7793,+5258,+8099,21888,66967,+45079,+69828,KRX
20160108,-115200,5,-2100,-1.79,400046,9303,6462,--2841,--2129,80960,56211,--24749,--18682,KRX
20160107,-117300,5,-1800,-1.51,342194,6565,5853,--712,--4876,55489,49422,--6067,--40935,KRX
20160106,+119100,2,+2000,+1.71,544137,6982,11146,+4164,+5490,58700,93568,+34868,+46398,KRX
20160105,+117100,2,+1800,+1.56,318036,8785,7459,--1326,+724,75756,64226,--11530,+6225,KRX
20160104,-115300,5,-500,-0.43,297687,4738,2688,--2050,--7068,40772,23017,--17755,--61063,KRX
20151230,+115800,2,+2400,+2.12,366075,4034,9052,+5018,+2272,34872,78180,+43308,+19144,KRX
20151229,+113400,2,+2800,+2.53,284829,3633,6379,+2746,--1218,32303,56467,+24164,--11451,KRX
20151228,110600,3,0,0.00,324229,2707,6671,+3964,+2949,24351,59966,+35615,+26468,KRX
20151224,-110600,5,-400,-0.36,192370,2855,3870,+1015,--37,25707,34854,+9147,--287,KRX
20151223,-111000,5,-400,-0.36,184184,2246,3298,+1052,+1158,20153,29587,+9434,+10405,KRX
20151222,-111400,5,-800,-0.71,200140,3621,3515,--106,--1038,32524,31553,--971,--9283,KRX
20151221,+112200,2,+100,+0.09,115538,1637,2569,+932,--1002,14621,22933,+8312,--9000,KRX
20151218,+112100,2,+700,+0.63,134608,1885,3819,+1934,+2954,16878,34190,+17312,+26416,KRX
20151217,+111400,2,+200,+0.18,137216,2401,1381,--1020,--1344,21448,12344,--9104,--11985,KRX
20151216,+111200,2,+2900,+2.68,190800,1763,2087,+324,--1662,15924,18805,+2881,--15423,KRX
20151215,+108300,2,+300,+0.28,278001,7011,8997,+1986,+4916,64674,82978,+18304,+45147,KRX
20151214,-108000,5,-4700,-4.17,347343,5477,2547,--2930,--2792,50210,23367,--26843,--25636,KRX
20151211,-112700,5,-100,-0.09,193028,2370,2232,--138,--770,20985,19778,--1207,--6780,KRX
20151210,-112800,5,-3300,-2.84,325712,1912,2544,+632,+1988,16796,22369,+5573,+17189,KRX
20151209,-116100,5,-1000,-0.85,172012,1833,477,--1356,--114,15711,4095,--11616,--1052,KRX
20151208,-117100,5,-1600,-1.35,250066,2818,1576,--1242,+5375,23953,13389,--10564,+44890,KRX
20151207,+118700,2,+400,+0.34,274104,9765,3148,--6617,--2787,81850,26396,--55454,--23346,KRX
20151204,-118300,5,-2500,-2.07,291835,6594,2764,--3830,--10517,55259,23151,--32108,--88330,KRX
20151203,+120800,2,+1000,+0.83,540467,794,7481,+6687,+2632,6669,62891,+56222,+22791,KRX
20151202,+119800,2,+400,+0.34,602515,2779,6834,+4055,+4099,22826,56257,+33431,+33807,KRX
20151201,-119400,5,-1200,-1.00,631065,3712,3668,--44,+22888,31069,30693,--376,+183233,KRX
20151130,+120600,2,+4500,+3.88,2931459,38766,15834,--22932,--28507,313592,129983,--183609,--231571,KRX
20151127,+116100,2,+3800,+3.38,578210,4167,9742,+5575,+7600,35822,83784,+47962,+65995,KRX
20151126,+112300,2,+200,+0.18,192558,5316,3291,--2025,+3540,47291,29258,--18033,+31535,KRX
20151125,-112100,5,-700,-0.62,242353,7442,1877,--5565,--1179,66245,16677,--49568,--10693,KRX
20151124,-112800,5,-1300,-1.14,330568,9952,5566,--4386,--978,88199,49324,--38875,--9014,KRX
20151123,-114100,5,-1400,-1.21,237807,5613,2205,--3408,--4775,49122,19261,--29861,--41659,KRX
20151120,+115500,2,+200,+0.17,181302,2049,3416,+1367,+2130,17745,29543,+11798,+18540,KRX
20151119,+115300,2,+700,+0.61,183187,2412,1649,--763,--1623,21077,14335,--6742,--14269,KRX
20151118,-114600,5,-200,-0.17,223064,5362,6222,+860,+1309,46875,54402,+7527,+11451,KRX
20151117,-114800,5,-300,-0.26,236184,3220,2771,--449,+1144,27977,24053,--3924,+9811,KRX
20151116,-115100,5,-4300,-3.60,348337,5463,3870,--1593,--8343,46842,33107,--13735,--70555,KRX
20151113,+119400,2,+400,+0.34,367584,4150,10900,+6750,--9516,34898,91718,+56820,--80588,KRX
20151112,+119000,2,+7500,+6.73,842435,3128,19394,+16266,+17156,26567,163975,+137408,+145358,KRX
20151111,-111500,5,-200,-0.18,188505,3365,2475,--890,+5736,30009,22059,--7950,+51287,KRX
20151110,-111700,5,-3300,-2.87,357895,8137,1511,--6626,--9572,72772,13535,--59237,--84377,KRX
20151109,-115000,5,-4000,-3.36,322087,2333,5279,+2946,+2401,20044,45184,+25140,+20612,KRX
20151106,-119000,5,-1300,-1.08,348546,3571,4116,+545,--4536,29999,34527,+4528,--37869,KRX
20151105,+120300,2,+5500,+4.79,954534,7344,12425,+5081,+1503,61805,104202,+42397,+10656,KRX
20151104,+114800,2,+3600,+3.24,307774,4366,7944,+3578,+5766,38568,70309,+31741,+51452,KRX
20151103,-111200,5,-100,-0.09,248764,5305,3117,--2188,+2015,47768,28057,--19711,+18104,KRX
20151102,-111300,5,-2300,-2.02,283375,5763,1560,--4203,--1966,51828,14013,--37815,--18127,KRX
20151030,-113600,5,-1100,-0.96,149633,4252,2015,--2237,+304,37342,17654,--19688,+2419,KRX
20151029,-114700,5,-200,-0.17,220302,3173,632,--2541,--3027,27583,5476,--22107,--26269,KRX
20151028,+114900,2,+1700,+1.50,323319,2525,3011,+486,+2596,22175,26337,+4162,+22877,KRX
20151027,-113200,5,-800,-0.70,259009,2964,854,--2110,--3070,26255,7540,--18715,--27106,KRX
20151026,-114000,5,-400,-0.35,193822,2315,3275,+960,--1708,20277,28668,+8391,--15114,KRX
20151023,+114400,2,+2200,+1.96,232919,2143,4811,+2668,--2252,18893,42398,+23505,--19997,KRX
20151022,-112200,5,-3200,-2.77,432670,2345,7265,+4920,+4640,20678,64180,+43502,+41171,KRX
20151021,-115400,5,-600,-0.52,262297,5441,5721,+280,+374,47019,49350,+2331,+3183,KRX
20151020,+116000,2,+600,+0.52,348614,4233,4139,--94,--81,36461,35609,--852,--634,KRX
20151019,+115400,2,+300,+0.26,529059,3572,3559,--13,+324,31433,31215,--218,+2696,KRX
20151016,-115100,5,-900,-0.78,465220,5207,4870,--337,--3536,45086,42172,--2914,--29101,KRX
20151015,-116000,5,-5900,-4.84,1209220,15965,19164,+3199,+380,136948,163135,+26187,+3001,KRX
20151014,+121900,2,+800,+0.66,252458,5445,8264,+2819,+1830,44935,68121,+23186,+14954,KRX
20151013,-121100,5,-1100,-0.90,343992,4656,5645,+989,+2617,38092,46324,+8232,+21563,KRX
20151012,-122200,5,-1100,-0.89,373162,6420,4792,--1628,+1597,52369,39038,--13331,+12854,KRX
20151008,-123300,5,-2600,-2.07,450074,7565,4340,--3225,--6312,60786,34601,--26185,--50816,KRX
20151007,-125900,5,-1300,-1.02,346652,5645,8732,+3087,+4164,45018,69649,+24631,+33005,KRX
20151006,-127200,5,-2600,-2.00,345355,2796,1719,--1077,--6015,21709,13335,--8374,--46324,KRX
20151005,-129800,5,-200,-0.15,329723,1010,5948,+4938,--11799,7765,45715,+37950,--90757,KRX
20151002,+130000,2,+2600,+2.04,565687,3923,20660,+16737,+12472,30252,158959,+128707,+96132,KRX
20151001,+127400,2,+1500,+1.19,1161547,4110,8375,+4265,--3369,31665,64240,+32575,--28163,KRX
20150930,+125900,2,+2900,+2.36,513808,5640,13274,+7634,+7280,45015,105753,+60738,+57905,KRX
20150925,+123000,2,+100,+0.08,164981,4318,4672,+354,--859,35296,38129,+2833,--7021,KRX
20150924,-122900,5,-500,-0.41,174389,3915,5128,+1213,--1368,31791,41645,+9854,--10949,KRX
20150923,-123400,5,-800,-0.64,233691,3958,6539,+2581,+1851,31955,52758,+20803,+14926,KRX
20150922,-124200,5,-500,-0.40,174988,3213,3943,+730,--2686,25865,31742,+5877,--21617,KRX
20150921,-124700,5,-800,-0.64,223569,2676,6092,+3416,+4839,21650,49144,+27494,+38894,KRX
20150918,+125500,2,+400,+0.32,384309,8005,6582,--1423,--6124,63719,52319,--11400,--49047,KRX
20150917,-125100,5,-1100,-0.87,318232,6111,10812,+4701,--1141,48787,86434,+37647,--9048,KRX
20150916,+126200,2,+3500,+2.85,359776,6618,12460,+5842,+5367,52987,99682,+46695,+42843,KRX
20150915,+122700,2,+700,+0.57,205063,5425,5900,+475,--2452,44254,48106,+3852,--19976,KRX
20150914,-122000,5,-2200,-1.77,410139,5894,8821,+2927,+1877,47852,71680,+23828,+15375,KRX
20150911,-124200,5,-800,-0.64,292688,4805,5855,+1050,+3987,38463,46916,+8453,+31978,KRX
20150910,-125000,5,-1900,-1.50,243984,4840,1903,--2937,+1767,38779,15254,--23525,+13924,KRX
20150909,+126900,2,+4300,+3.51,298705,7153,2449,--4704,--4688,56935,19486,--37449,--37278,KRX
20150908,-122600,5,-1400,-1.13,319209,2852,2836,--16,+2311,23195,23024,--171,+18368,KRX
20150907,-124000,5,-700,-0.56,251142,6163,3836,--2327,+1240,49223,30684,--18539,+9634,KRX
20150904,-124700,5,-4700,-3.63,403233,6182,2615,--3567,--7607,48741,20568,--28173,--58948,KRX
20150903,+129400,2,+1300,+1.01,384122,4608,8648,+4040,+2909,35202,65977,+30775,+21988,KRX
20150902,-128100,5,-2400,-1.84,534493,3966,5097,+1131,+1447,31000,39787,+8787,+11069,KRX
20150901,-130500,5,-4400,-3.26,385728,3292,2976,--316,--4556,24802,22520,--2282,--33926,KRX
20150831,+134900,2,+200,+0.15,582297,23223,27463,+4240,+881,172289,203933,+31644,+6715,KRX
20150828,+134700,2,+7000,+5.48,677207,5465,8824,+3359,+4578,41245,66174,+24929,+34252,KRX
20150827,-127700,5,-1400,-1.08,383564,7196,5977,--1219,+2642,55691,46368,--9323,+20636,KRX
20150826,+129100,2,+800,+0.62,468220,9679,5818,--3861,--3262,75155,45196,--29959,--24734,KRX
20150825,+128300,2,+4300,+3.47,619862,10065,9466,--599,--5925,78885,73660,--5225,--48157,KRX
20150824,124000,3,0,0.00,540710,7687,13013,+5326,+3504,61839,104771,+42932,+28368,KRX
20150821,-124000,5,-1200,-0.96,739573,7453,9275,+1822,--2611,60926,75490,+14564,--20249,KRX
20150820,-125200,5,-1200,-0.95,491329,6716,11149,+4433,+3858,52955,87768,+34813,+30415,KRX
20150819,-126400,5,-4900,-3.73,939091,7397,7972,+575,+10139,58311,62709,+4398,+75650,KRX
20150818,-131300,5,-5800,-4.23,776549,16667,7103,--9564,+384,124370,53118,--71252,+445,KRX
20150817,-137100,5,-3000,-2.14,729269,19720,9772,--9948,--20418,142017,70320,--71697,--145930,KRX
20150813,+140100,2,+5200,+3.85,2282915,22548,33018,+10470,--2169,164251,238484,+74233,--17718,KRX
20150812,+134900,2,+1400,+1.05,1201227,14545,27184,+12639,+1966,107972,199923,+91951,+14070,KRX
20150811,-133500,5,-2300,-1.69,1065953,14922,25595,+10673,+6859,108277,186158,+77881,+49790,KRX
20150810,+135800,2,+3600,+2.72,781228,3140,6954,+3814,+8801,23519,51610,+28091,+65782,KRX
20150807,+132200,2,+4200,+3.28,718243,11687,6700,--4987,+5926,88561,50870,--37691,+45897,KRX
20150806,+128000,2,+1100,+0.87,958046,17491,6578,--10913,--16752,134236,50648,--83588,--130060,KRX
20150805,+126900,2,+2200,+1.76,305989,1622,7461,+5839,+3708,12879,59351,+46472,+29248,KRX
20150804,+124700,2,+3700,+3.06,482406,14196,16327,+2131,--9655,114515,131739,+17224,--79300,KRX
20150803,+121000,2,+100,+0.08,449460,5946,17732,+11786,+16198,48854,145378,+96524,+131734,KRX
20150731,-120900,5,-8500,-6.57,874693,12801,8389,--4412,--7611,103915,68705,--35210,--60394,KRX
20150730,+129400,2,+100,+0.08,638133,13091,16290,+3199,+3058,102691,127875,+25184,+24171,KRX
20150729,129300,3,0,0.00,438355,4747,4888,+141,--6682,36497,37510,+1013,--52770,KRX
20150728,+129300,2,+3100,+2.46,582250,8316,15139,+6823,+13965,65132,118915,+53783,+111028,KRX
20150727,-126200,5,-1500,-1.17,623568,14091,6949,--7142,--7047,112580,55335,--57245,--56587,KRX
20150724,-127700,5,-2300,-1.77,618347,3699,3604,--95,+1210,28826,28168,--658,+9419,KRX
20150723,-130000,5,-1900,-1.44,484129,3231,1926,--1305,--6033,24850,14773,--10077,--45865,KRX
20150722,+131900,2,+700,+0.53,517546,4884,9612,+4728,+6170,36987,72775,+35788,+46796,KRX
20150721,-131200,5,-4600,-3.39,769050,4647,3205,--1442,+3138,35284,24276,--11008,+22441,KRX
20150720,-135800,5,-3700,-2.65,768014,8173,3593,--4580,+8556,59666,26217,--33449,+61411,KRX
20150717,+139500,2,+1400,+1.01,1195533,18193,5057,--13136,--17911,131160,36300,--94860,--131465,KRX
20150716,+138100,2,+7900,+6.07,1063184,2321,7096,+4775,+5676,17196,53801,+36605,+43278,KRX
20150715,-130200,5,-2400,-1.81,720192,8902,8001,--901,+608,67808,61135,--6673,+4550,KRX
20150714,-132600,5,-2200,-1.63,532595,4922,3413,--1509,--4767,36826,25603,--11223,--35474,KRX
20150713,+134800,2,+4300,+3.30,712769,4541,7799,+3258,+665,34143,58394,+24251,+4651,KRX
20150710,-130500,5,-800,-0.61,942866,11458,14051,+2593,+2339,87267,106867,+19600,+17575,KRX
20150709,-131300,5,-6800,-4.92,2046524,9051,9305,+254,+1729,68479,70504,+2025,+12686,KRX
20150708,-138100,5,-300,-0.22,838502,8148,6673,--1475,--4309,58598,47937,--10661,--30926,KRX
20150707,+138400,2,+400,+0.29,1400854,8455,11289,+2834,+2307,61314,81579,+20265,+16694,KRX
20150706,-138000,5,-1200,-0.86,1354183,5423,5950,+527,--4387,38598,42169,+3571,--32077,KRX
20150703,+139200,2,+900,+0.65,1039196,2647,7561,+4914,+24763,19324,54972,+35648,+179025,KRX
20150702,+138300,2,+1700,+1.24,1564411,27332,7483,--19849,--31769,197474,54097,--143377,--232984,KRX
20150701,+136600,2,+10400,+8.24,2931964,13934,25854,+11920,+18678,102078,191685,+89607,+143435,KRX
20150630,+126200,2,+200,+0.16,1054191,15015,8257,--6758,--19805,119233,65405,--53828,--157063,KRX
20150629,+126000,2,+2500,+2.02,1532599,5618,18665,+13047,+4638,44399,147634,+103235,+35096,KRX
20150626,+123500,2,+3700,+3.09,1914367,16746,25155,+8409,+6423,138188,206327,+68139,+51537,KRX
20150625,+119800,2,+5500,+4.81,1801342,6940,8926,+1986,--3951,58506,75108,+16602,--35879,KRX
20150624,+114300,2,+7300,+6.82,1175034,5923,11860,+5937,+8027,52386,104867,+52481,+71983,KRX
20150623,+107000,2,+400,+0.38,239791,3385,1295,--2090,+1950,31549,12047,--19502,+18292,KRX
20150622,-106600,5,-1200,-1.11,249642,4631,591,--4040,--3480,43323,5529,--37794,--32611,KRX
20150619,+107800,2,+2800,+2.67,346862,2571,2011,--560,+4112,23877,18694,--5183,+39145,KRX
20150618,-105000,5,-1400,-1.32,384281,6377,1705,--4672,--5798,60529,16201,--44328,--54745,KRX
20150617,+106400,2,+4700,+4.62,725826,10551,11677,+1126,--3053,101155,111572,+10417,--31185,KRX
20150616,-101700,5,-3900,-3.69,1319340,14764,18943,+4179,+10454,142527,184129,+41602,+100271,KRX
20150615,-105600,5,-5200,-4.69,639238,9036,2761,--6275,+7813,84480,25811,--58669,+67921,KRX
20150612,-110800,5,-3700,-3.23,669117,15639,1551,--14088,--13685,140506,13916,--126590,--122739,KRX
20150611,-114500,5,-1500,-1.29,464246,6553,6150,--403,--3370,56799,52948,--3851,--29031,KRX
20150610,-116000,5,-1000,-0.85,639825,3405,6372,+2967,--1110,29051,54231,+25180,--9409,KRX
20150609,+117000,2,+2800,+2.45,790908,4130,8207,+4077,+905,35338,69927,+34589,+6473,KRX
20150608,+114200,2,+3500,+3.16,435705,3223,6395,+3172,+4752,28590,56706,+28116,+42303,KRX
20150605,-110700,5,-3200,-2.81,379878,2034,454,--1580,+1382,18254,4067,--14187,+12188,KRX
20150604,+113900,2,+2100,+1.88,323384,4340,1378,--2962,--3260,38527,12152,--26375,--28985,KRX
20150603,+111800,2,+200,+0.18,468001,4921,5219,+298,+3672,43446,46056,+2610,+32572,KRX
20150602,-111600,5,-4700,-4.04,612457,4752,1378,--3374,+2671,42060,12098,--29962,+21839,KRX
20150601,-116300,5,-1000,-0.85,720250,9805,3760,--6045,--21859,83956,32155,--51801,--186061,KRX
20150529,+117300,2,+10200,+9.52,2409987,11426,27240,+15814,+15346,98015,232275,+134260,+129870,KRX
20150528,-107100,5,-1300,-1.20,356785,1858,2326,+468,+3785,17097,21487,+4390,+34324,KRX
20150527,-108400,5,-5200,-4.58,509228,4086,769,--3317,--4994,36990,7056,--29934,--44521,KRX
20150526,+113600,2,+600,+0.53,443005,351,2028,+1677,+4977,3066,17653,+14587,+43490,KRX
20150522,-113000,5,-2900,-2.50,447297,5099,1799,--3300,--4377,44752,15849,--28903,--38048,KRX
20150521,-115900,5,-500,-0.43,667952,6458,7535,+1077,--10949,55905,65050,+9145,--95161,KRX
20150520,+116400,2,+4900,+4.39,1267036,6316,18342,+12026,+23516,54678,158984,+104306,+209179,KRX
20150519,+111500,2,+4500,+4.21,1093027,13957,2467,--11490,--13197,127065,22192,--104873,--120887,KRX
20150518,+107000,2,+2100,+2.00,463356,1887,3594,+1707,+4215,17790,33804,+16014,+40135,KRX
20150515,-104900,5,-1000,-0.94,495087,5536,3028,--2508,+2807,52883,28762,--24121,+27560,KRX
20150514,+105900,2,+5500,+5.48,1361889,13889,8574,--5315,--5129,132546,80865,--51681,--49765,KRX
20150513,-100400,5,-700,-0.69,399074,2560,2374,--186,+2014,25451,23535,--1916,+19674,KRX
20150512,-101100,5,-3200,-3.07,393061,3166,966,--2200,--2838,31096,9506,--21590,--27651,KRX
20150511,+104300,2,+100,+0.10,262203,3711,4349,+638,+4818,35727,41788,+6061,+45840,KRX
20150508,-104200,5,-400,-0.38,356894,4744,564,--4180,--2770,45170,5391,--39779,--25915,KRX
20150507,+104600,2,+2900,+2.85,651668,3579,2169,--1410,+5051,35348,21484,--13864,+49145,KRX
20150506,-101700,5,-4400,-4.15,698164,8423,1962,--6461,+1298,82129,19120,--63009,+9219,KRX
20150504,-106100,5,-1800,-1.67,442377,10288,2529,--7759,--8182,95548,23320,--72228,--75891,KRX
20150430,+107900,2,+800,+0.75,434168,4361,4784,+423,+1712,40334,43997,+3663,+15649,KRX
20150429,-107100,5,-2100,-1.92,426578,3450,2161,--1289,+1901,32079,20093,--11986,+17114,KRX
20150428,-109200,5,-1400,-1.27,368402,5017,1827,--3190,+1048,45694,16594,--29100,+9048,KRX
20150427,-110600,5,-100,-0.09,275781,5492,1254,--4238,+1090,49439,11291,--38148,+9505,KRX
20150424,-110700,5,-2800,-2.47,607208,7294,1966,--5328,--3384,65255,17602,--47653,--30623,KRX
20150423,-113500,5,-2200,-1.90,539607,5262,3318,--1944,--2812,46091,29061,--17030,--24559,KRX
20150422,+115700,2,+1800,+1.58,883734,3339,4207,+868,+2072,29135,36664,+7529,+18089,KRX
20150421,-113900,5,-2100,-1.81,508020,3227,2023,--1204,--5098,28042,17482,--10560,--44185,KRX
20150420,+116000,2,+1500,+1.31,569108,4823,8717,+3894,+7523,41631,75256,+33625,+64715,KRX
20150417,+114500,2,+500,+0.44,1421540,7307,3678,--3629,--3576,62479,31389,--31090,--30437,KRX
20150416,+114000,2,+2200,+1.97,851465,3511,3458,--53,+9701,31150,30497,--653,+85790,KRX
20150415,-111800,5,-2100,-1.84,773307,13040,3286,--9754,--15012,115452,29009,--86443,--133042,KRX
20150414,+113900,2,+6800,+6.35,1840211,4196,9454,+5258,+9078,37762,84361,+46599,+82114,KRX
20150413,-107100,5,-900,-0.83,524864,5568,1748,--3820,--2942,51758,16243,--35515,--27402,KRX
20150410,-108000,5,-2300,-2.09,618937,3330,2452,--878,--731,30439,22326,--8113,--6966,KRX
20150409,+110300,2,+3200,+2.99,1378701,3666,3519,--147,--3094,33249,32102,--1147,--28589,KRX
20150408,-107100,5,-100,-0.09,433354,2383,5330,+2947,+3401,22217,49659,+27442,+31612,KRX
20150407,-107200,5,-200,-0.19,492885,2364,1910,--454,--5571,21894,17724,--4170,--51872,KRX
20150406,-107400,5,-2200,-2.01,801169,1663,6780,+5117,+7823,15513,63215,+47702,+72420,KRX
20150403,+109600,2,+300,+0.27,411068,3668,962,--2706,--441,33478,8760,--24718,--3968,KRX
20150402,-109300,5,-4700,-4.12,978423,4457,2192,--2265,--4191,40512,19762,--20750,--37582,KRX
20150401,-114000,5,-1400,-1.21,322494,1155,3081,+1926,+749,10103,26935,+16832,+6582,KRX
20150331,115400,3,0,0.00,458164,2143,3320,+1177,+254,18632,28882,+10250,+2311,KRX
20150330,+115400,2,+2100,+1.85,459733,2703,3626,+923,+613,23450,31389,+7939,+5228,KRX
20150327,+113300,2,+800,+0.71,293666,1614,1924,+310,--2599,14301,17012,+2711,--22434,KRX
20150326,-112500,5,-1000,-0.88,845622,3099,6008,+2909,+3268,27180,52325,+25145,+28105,KRX
20150325,-113500,5,-2000,-1.73,711779,4654,4295,--359,+3604,40727,37767,--2960,+31134,KRX
20150324,-115500,5,-5200,-4.31,955731,5099,1136,--3963,+3512,43827,9733,--34094,+27044,KRX
20150323,-120700,5,-300,-0.25,1252810,20160,12685,--7475,--13199,165417,104279,--61138,--109148,KRX
20150320,+121000,2,+7400,+6.51,1859217,5350,11074,+5724,--888,45641,93651,+48010,--10954,KRX
20150319,+113600,2,+1100,+0.98,2074193,6247,12859,+6612,+3178,55795,114759,+58964,+28670,KRX
20150318,-112500,5,-6100,-5.14,1463866,4345,7779,+3434,+8864,37559,67853,+30294,+75859,KRX
20150317,-118600,5,-400,-0.34,600567,8055,2625,--5430,+4015,67656,22091,--45565,+33217,KRX
20150316,-119000,5,-1400,-1.16,846458,13160,3715,--9445,--946,109859,31077,--78782,--8637,KRX
20150313,-120400,5,-3100,-2.51,581674,11929,3430,--8499,--7627,98444,28299,--70145,--63052,KRX
20150312,+123500,2,+2300,+1.90,341703,2009,1137,--872,+7064,16325,9232,--7093,+57933,KRX
20150311,-121200,5,-4000,-3.19,636029,10177,2241,--7936,--2598,83338,18312,--65026,--22589,KRX
20150310,-125200,5,-3600,-2.80,497432,5856,518,--5338,--971,46551,4114,--42437,--8726,KRX
20150309,-128800,5,-2100,-1.60,352289,4787,420,--4367,--2506,36965,3254,--33711,--19473,KRX
20150306,-130900,5,-1100,-0.83,363587,4028,2167,--1861,+3067,30823,16585,--14238,+22917,KRX
20150305,-132000,5,-800,-0.60,341358,6122,1194,--4928,--1063,46169,9014,--37155,--7830,KRX
20150304,+132800,2,+3300,+2.55,666853,5044,1179,--3865,--4731,38255,8930,--29325,--36008,KRX
20150303,+129500,2,+1300,+1.01,280515,2149,3015,+866,+6996,16635,23318,+6683,+53837,KRX
20150302,-128200,5,-4900,-3.68,604321,7502,1372,--6130,--14289,57804,10650,--47154,--108621,KRX
20150227,+133100,2,+2300,+1.76,417727,2836,10995,+8159,+5232,21392,82859,+61467,+38812,KRX
20150226,-130800,5,-4100,-3.04,654450,3651,6578,+2927,+5358,27588,50243,+22655,+40444,KRX
20150225,-134900,5,-800,-0.59,353365,5826,3395,--2431,--2748,42790,25001,--17789,--20060,KRX
20150224,+135700,2,+100,+0.07,422043,4352,4669,+317,+394,31937,34208,+2271,+2804,KRX
20150223,-135600,5,-3700,-2.66,458848,1891,1814,--77,+2124,13816,13283,--533,+15230,KRX
20150217,-139300,5,-500,-0.36,270608,3095,894,--2201,+1671,22169,6406,--15763,+11850,KRX
20150216,-139800,5,-1400,-0.99,294518,4245,373,--3872,--335,30270,2657,--27613,--2550,KRX
20150213,-141200,5,-4000,-2.75,558675,6749,3212,--3537,+2499,47657,22594,--25063,+16280,KRX
20150212,-145200,5,-2400,-1.63,887567,9385,3349,--6036,--5085,63703,22360,--41343,--34903,KRX
20150211,+147600,2,+7100,+5.05,575456,3952,3001,--951,--6157,27288,20848,--6440,--43495,KRX
20150210,+140500,2,+1100,+0.79,935782,4895,10101,+5206,+20390,34730,71785,+37055,+144127,KRX
20150209,-139400,5,-6300,-4.32,706608,19949,4765,--15184,--15428,140963,33891,--107072,--108719,KRX
20150206,-145700,5,-4100,-2.74,438459,1867,2111,+244,--300,12714,14361,+1647,--2034,KRX
20150205,+149800,2,+200,+0.13,270901,1709,2253,+544,--1540,11365,15046,+3681,--10190,KRX
20150204,-149600,5,-400,-0.27,310328,1123,3207,+2084,+3964,7490,21361,+13871,+26747,KRX
20150203,+150000,2,+1100,+0.74,509257,4812,2932,--1880,--2486,32817,19941,--12876,--16945,KRX
20150202,-148900,5,-3800,-2.49,449932,2133,2739,+606,+4741,14265,18334,+4069,+30842,KRX
20150130,-152700,5,-3700,-2.37,494675,6047,1912,--4135,--5837,39194,12421,--26773,--37616,KRX
20150129,-156400,5,-1000,-0.64,374502,7089,8791,+1702,+1671,45415,56258,+10843,+10696,KRX
20150128,+157400,2,+4300,+2.81,530144,2374,2405,+31,+3925,15195,15342,+147,+25590,KRX
20150127,-153100,5,-4100,-2.61,708742,5899,2005,--3894,--5033,38463,13020,--25443,--32675,KRX
20150126,+157200,2,+1400,+0.90,626975,5105,6244,+1139,--3273,32362,39594,+7232,--21587,KRX
20150123,+155800,2,+8300,+5.63,749666,3160,7572,+4412,+2197,20923,49742,+28819,+14218,KRX
20150122,-147500,5,-5500,-3.59,703600,2423,4638,+2215,+2587,16237,30838,+14601,+17014,KRX
20150121,-153000,5,-1200,-0.78,300348,1323,951,--372,--1107,8615,6202,--2413,--7134,KRX
20150120,+154200,2,+2000,+1.31,474015,5379,6114,+735,+6684,35116,39837,+4721,+43510,KRX
20150119,-152200,5,-1300,-0.85,496383,7492,1543,--5949,--4811,48746,9957,--38789,--31468,KRX
20150116,-153500,5,-900,-0.58,828330,4778,3640,--1138,--4255,30984,23663,--7321,--28189,KRX
20150115,+154400,2,+10000,+6.93,1221183,2478,5595,+3117,+10911,16369,37237,+20868,+75420,KRX
20150114,+144400,2,+1800,+1.26,469152,10136,2342,--7794,--14819,70826,16274,--54552,--102940,KRX
20150113,-142600,5,-2800,-1.93,603853,1907,8932,+7025,+6162,13252,61640,+48388,+42533,KRX
20150112,-145400,5,-4100,-2.74,997546,1730,2593,+863,--3342,11915,17770,+5855,--22327,KRX
20150109,+149500,2,+2200,+1.49,657407,3241,7446,+4205,--10752,21730,49912,+28182,--72147,KRX
20150108,-147300,5,-900,-0.61,731206,1024,15981,+14957,+15361,6901,107230,+100329,+102974,KRX
20150107,+148200,2,+2900,+2.00,859063,2067,1663,--404,+9732,14014,11369,--2645,+67346,KRX
20150106,+145300,2,+800,+0.55,1045908,14189,4053,--10136,--28514,97884,27893,--69991,--197379,KRX
20150105,+144500,2,+7300,+5.32,1374537,2763,21141,+18378,+17923,19303,146691,+127388,+123805,KRX
20150102,+137200,2,+13600,+11.00,1162901,4483,4938,+455,+6416,33994,37577,+3583,+51976,KRX
20141230,+123600,2,+500,+0.41,205936,7083,1122,--5961,+814,57476,9083,--48393,+6534,KRX
20141229,+123100,2,+1100,+0.90,274232,8493,1718,--6775,--8375,68818,13891,--54927,--67998,KRX
20141226,-122000,5,-1300,-1.05,304481,339,1939,+1600,+3100,2764,15835,+13071,+25124,KRX
20141224,-123300,5,-1900,-1.52,365764,2263,763,--1500,+674,18212,6159,--12053,+5151,KRX
20141223,-125200,5,-4600,-3.54,407251,3085,911,--2174,+667,24305,7101,--17204,+4471,KRX
20141222,-129800,5,-500,-0.38,421788,4319,1478,--2841,--3956,33039,11364,--21675,--30212,KRX
20141219,+130300,2,+6100,+4.91,558753,3241,4356,+1115,+1554,25195,33732,+8537,+12011,KRX
20141218,-124200,5,-1900,-1.51,505120,2225,1786,--439,+956,17992,14518,--3474,+7611,KRX
20141217,-126100,5,-1700,-1.33,363820,5766,4371,--1395,+2195,45778,34693,--11085,+16728,KRX
20141216,+127800,2,+900,+0.71,505397,5662,2072,--3590,--6815,43954,16141,--27813,--53506,KRX
20141215,+126900,2,+6100,+5.05,515956,1319,4544,+3225,--1329,10433,36126,+25693,--12040,KRX
20141212,-120800,5,-3200,-2.58,670440,1726,6280,+4554,+427,14152,51885,+37733,+5660,KRX
20141211,-124000,5,-4000,-3.13,658337,2876,7003,+4127,+5714,23058,55131,+32073,+44448,KRX
20141210,-128000,5,-6300,-4.69,755885,3318,1731,--1587,--3896,25830,13455,--12375,--29455,KRX
20141209,-134300,5,-500,-0.37,322993,504,2813,+2309,+327,3731,20811,+17080,+2449,KRX
20141208,-134800,5,-3000,-2.18,398731,624,2606,+1982,--2676,4590,19221,+14631,--19214,KRX
20141205,-137800,5,-2100,-1.50,481696,2884,7542,+4658,+4324,20882,54727,+33845,+31459,KRX
20141204,-139900,5,-100,-0.07,396891,1615,1949,+334,--2135,11500,13886,+2386,--15149,KRX
20141203,-140000,5,-2100,-1.48,309538,886,3355,+2469,--2662,6282,23817,+17535,--18931,KRX
20141202,+142100,2,+1200,+0.85,430671,2596,7727,+5131,+3760,18612,55078,+36466,+26691,KRX
20141201,-140900,5,-5800,-3.95,514326,7104,8475,+1371,--3887,49950,59725,+9775,--26063,KRX
20141128,+146700,2,+2900,+2.02,498395,2994,8252,+5258,+1763,20431,56269,+35838,+11703,KRX
20141127,-143800,5,-3600,-2.44,353152,2407,5902,+3495,--5738,16649,40784,+24135,--38037,KRX
20141126,-147400,5,-2900,-1.93,547397,13476,22709,+9233,--84788,90775,152947,+62172,--569198,KRX
20141125,+150300,2,+5900,+4.09,2823013,174989,269010,+94021,+85641,1166331,1797701,+631370,+572819,KRX
20141124,+144400,2,+2000,+1.40,648082,3130,11510,+8380,--2030,21880,80431,+58551,--14809,KRX
20141121,+142400,2,+1300,+0.92,459663,5225,15635,+10410,+5152,36915,110275,+73360,+35525,KRX
20141120,+141100,2,+4600,+3.37,783682,12113,17371,+5258,--6698,86419,124254,+37835,--50480,KRX
20141119,+136500,2,+2500,+1.87,424003,5026,16982,+11956,+6070,37126,125441,+88315,+44377,KRX
20141118,-134000,5,-3000,-2.19,717689,14033,19919,+5886,--7285,104710,148648,+43938,--52165,KRX
20141117,-137000,5,-1900,-1.37,427786,1260,14431,+13171,+787,9220,105323,+96103,+7093,KRX
20141114,-138900,5,-3600,-2.53,478912,7654,20038,+12384,+7579,55023,144033,+89010,+55417,KRX
20141113,142500,3,0,0.00,322234,3348,8153,+4805,--4307,23434,57027,+33593,--30060,KRX
20141112,+142500,2,+2500,+1.79,611671,7379,16491,+9112,+7091,51628,115281,+63653,+49466,KRX
20141111,+140000,2,+700,+0.50,532051,6681,8702,+2021,--4103,47297,61484,+14187,--30427,KRX
20141110,+139300,2,+4100,+3.03,713951,11764,17888,+6124,+7778,85390,130004,+44614,+59114,KRX
20141107,-135200,5,-900,-0.66,1523742,35715,34061,--1654,+11703,274129,259629,--14500,+82122,KRX
20141106,-136100,5,-3900,-2.79,478636,17356,3999,--13357,--28437,125799,29177,--96622,--203993,KRX
20141105,-140000,5,-2500,-1.75,769044,7880,22960,+15080,+19275,56044,163415,+107371,+136568,KRX
20141104,+142500,2,+500,+0.35,415400,10239,6044,--4195,--6078,71304,42107,--29197,--42166,KRX
20141103,-142000,5,-4000,-2.74,427826,3213,5096,+1883,--16308,22082,35051,+12969,--112489,KRX
20141031,+146000,2,+6000,+4.29,703071,3639,21830,+18191,+13556,25647,151105,+125458,+92367,KRX
20141030,-140000,5,-5200,-3.58,883263,3691,8326,+4635,+5462,26355,59446,+33091,+38632,KRX
20141029,-145200,5,-3800,-2.55,512946,5703,4876,--827,--8975,38639,33098,--5541,--60675,KRX
20141028,-149000,5,-2800,-1.84,766046,3604,11752,+8148,+1624,24218,79352,+55134,+12394,KRX
20141027,-151800,5,-3400,-2.19,519823,1450,7974,+6524,--2099,9490,52230,+42740,--12292,KRX
20141024,-155200,5,-600,-0.39,982971,2274,10897,+8623,+7325,14516,69548,+55032,+46666,KRX
20141023,-155800,5,-200,-0.13,371175,1888,3186,+1298,+3293,12158,20524,+8366,+20937,KRX
20141022,+156000,2,+4100,+2.70,689769,6748,4753,--1995,--34646,43133,30562,--12571,--228003,KRX
20141021,+151900,2,+2300,+1.54,893894,11210,43861,+32651,+34292,74169,289601,+215432,+226554,KRX
20141020,+149600,2,+4700,+3.24,677583,6552,4911,--1641,+4244,44091,32969,--11122,+29172,KRX
20141017,+144900,2,+3900,+2.77,996359,10661,4776,--5885,--1070,73197,32903,--40294,--6283,KRX
20141016,+141000,2,+1900,+1.37,840871,9032,4217,--4815,--805,64396,30385,--34011,--5761,KRX
20141015,139100,3,0,0.00,1040841,11277,7267,--4010,--5704,79912,51662,--28250,--40411,KRX
20141014,+139100,2,+10700,+8.33,2384231,9641,11335,+1694,--6012,72153,84314,+12161,--47626,KRX
20141013,-128400,5,-10800,-7.76,1177969,803,8509,+7706,+6931,6208,65995,+59787,+53804,KRX
20141010,-139200,5,-11900,-7.88,922129,7816,8591,+775,--1196,55022,61005,+5983,--7081,KRX
20141008,-151100,5,-5700,-3.64,593020,1288,3259,+1971,+4122,8533,21597,+13064,+26681,KRX
20141007,+156800,2,+2000,+1.29,379803,4141,1990,--2151,--1181,26298,12681,--13617,--7519,KRX
20141006,-154800,5,-4700,-2.95,405860,5000,4030,--970,+12781,31615,25517,--6098,+79263,KRX
20141002,-159500,5,-7000,-4.20,724266,16889,3138,--13751,--15841,104955,19594,--85361,--97945,KRX
20141001,+166500,2,+8800,+5.58,1503879,8664,10754,+2090,+4358,51538,64122,+12584,+26668,KRX
20140930,-157700,5,-4900,-3.01,451723,3616,1348,--2268,--3249,22527,8443,--14084,--20101,KRX
20140929,-162600,5,-400,-0.25,295198,1235,2216,+981,--296,7565,13582,+6017,--1764,KRX
20140926,-163000,5,-2000,-1.21,365615,1100,2377,+1277,+544,6725,14506,+7781,+3322,KRX
20140925,+165000,2,+3500,+2.17,391379,1655,2388,+733,+1176,10125,14584,+4459,+7281,KRX
20140924,-161500,5,-400,-0.25,438470,3901,3458,--443,--849,24179,21357,--2822,--5402,KRX
20140923,+161900,2,+6600,+4.25,637696,2252,2658,+406,+2174,14033,16613,+2580,+13962,KRX
20140922,+155300,2,+900,+0.58,209145,2344,576,--1768,--680,15082,3700,--11382,--4147,KRX
20140919,+154400,2,+1500,+0.98,338948,6320,5232,--1088,+4614,41056,33821,--7235,+29839,KRX
20140918,-152900,5,-400,-0.26,374700,7595,1893,--5702,+3175,49373,12299,--37074,+20698,KRX
20140917,+153300,2,+4100,+2.75,579818,10138,1261,--8877,--7306,65901,8129,--57772,--46675,KRX
20140916,+149200,2,+3500,+2.40,563241,4173,2602,--1571,--166,28470,17373,--11097,--1790,KRX
20140915,-145700,5,-7200,-4.71,534783,6141,4736,--1405,--1455,41206,31899,--9307,--9673,KRX
20140912,-152900,5,-2200,-1.42,468037,2589,2639,+50,+11895,16952,17318,+366,+75762,KRX
20140911,-155100,5,-3100,-1.96,629137,14961,3116,--11845,+4492,95509,20113,--75396,+27607,KRX
20140905,-158200,5,-6300,-3.83,681745,18343,2006,--16337,--12155,115633,12630,--103003,--78115,KRX
20140904,-164500,5,-5400,-3.18,426150,6060,1878,--4182,--6668,36206,11318,--24888,--39519,KRX
20140903,+169900,2,+3100,+1.86,468633,2024,4510,+2486,+2183,11911,26542,+14631,+12832,KRX
20140902,+166800,2,+3800,+2.33,576959,2220,2523,+303,--6,13111,14910,+1799,--99,KRX
20140901,-163000,5,-2100,-1.27,444597,1034,1343,+309,+1039,6248,8146,+1898,+6343,KRX
20140829,-165100,5,-6300,-3.68,775522,6572,5842,--730,--3057,39189,34744,--4445,--18710,KRX
20140828,+171400,2,+17800,+11.59,1543296,5548,7875,+2327,+2340,33219,47484,+14265,+13978,KRX
20140827,-153600,5,-9600,-5.88,1201096,4271,4258,--13,+3899,27091,27378,+287,+24161,KRX
20140826,-163200,5,-1800,-1.09,643295,7914,4002,--3912,+29,48286,24412,--23874,--567,KRX
20140825,-165000,5,-4100,-2.42,476646,4331,390,--3941,--3855,25632,2325,--23307,--22850,KRX
20140822,169100,3,0,0.00,645668,1997,1911,--86,--2354,11908,11451,--457,--13782,KRX
20140821,-169100,5,-6200,-3.54,606410,1826,4094,+2268,--973,10738,24063,+13325,--4944,KRX
20140820,-175300,5,-1800,-1.02,635595,1318,4559,+3241,+1981,7339,25608,+18269,+11097,KRX
20140819,+177100,2,+7400,+4.36,650435,627,1887,+1260,+2057,3570,10742,+7172,+11856,KRX
20140818,-169700,5,-1800,-1.05,452230,1596,799,--797,+1384,9346,4662,--4684,+7949,KRX
20140814,+171500,2,+200,+0.12,467400,2681,500,--2181,+15617,15529,2896,--12633,+91414,KRX
20140813,+171300,2,+6200,+3.76,1450700,18516,718,--17798,--18826,108247,4200,--104047,--110328,KRX
20140812,+165100,2,+12400,+8.12,841667,1606,2634,+1028,--350,10140,16421,+6281,--2575,KRX
20140811,-152700,5,-6600,-4.14,592292,320,1698,+1378,+2166,2043,10899,+8856,+13809,KRX
20140808,+159300,2,+3300,+2.12,826891,2861,2073,--788,+668,18045,13092,--4953,+3792,KRX
20140807,+156000,2,+7600,+5.12,1900996,1984,528,--1456,--4604,12134,3389,--8745,--30338,KRX
20140806,+148400,2,+2700,+1.85,555241,1001,4149,+3148,+10957,6829,28422,+21593,+75039,KRX
20140805,+145700,2,+2300,+1.60,792383,8103,294,--7809,--6935,55436,1990,--53446,--47242,KRX
20140804,+143400,2,+1800,+1.27,602367,3940,3066,--874,--59,27520,21316,--6204,--609,KRX
20140801,+141600,2,+9900,+7.52,978736,3029,2214,--815,+589,21724,16129,--5595,+5072,KRX
20140731,+131700,2,+900,+0.69,485603,2364,960,--1404,--7832,17948,7281,--10667,--59846,KRX
20140730,+130800,2,+9700,+8.01,956804,2160,8588,+6428,+4571,16675,65854,+49179,+33978,KRX
20140729,-121100,5,-6600,-5.17,448278,1373,3230,+1857,+3701,11077,26278,+15201,+29525,KRX
20140728,-127700,5,-4000,-3.04,303032,2233,389,--1844,+5442,17370,3046,--14324,+40511,KRX
20140725,-131700,5,-700,-0.53,243067,7986,700,--7286,--6567,60139,5304,--54835,--49382,KRX
20140724,+132400,2,+3400,+2.64,396761,1102,383,--719,+453,8343,2890,--5453,+3594,KRX
20140723,-129000,5,-2000,-1.53,336175,2160,988,--1172,--7506,16593,7546,--9047,--57133,KRX
20140722,+131000,2,+2000,+1.55,744031,229,6563,+6334,+7083,1737,49823,+48086,+54077,KRX
20140721,+129000,2,+5300,+4.28,537921,1217,468,--749,+3475,9725,3734,--5991,+28187,KRX
20140718,+123700,2,+200,+0.16,316759,5066,842,--4224,--3192,40981,6803,--34178,--25830,KRX
20140717,+123500,2,+4100,+3.43,350654,1618,586,--1032,+1367,13154,4806,--8348,+11472,KRX
20140716,-119400,5,-3100,-2.53,352028,2828,429,--2399,--3288,23344,3524,--19820,--27154,KRX
20140715,+122500,2,+4200,+3.55,563516,1671,2560,+889,+1761,13686,21020,+7334,+14746,KRX
20140714,+118300,2,+500,+0.42,183828,2053,1181,--872,+917,17410,9998,--7412,+7590,KRX
20140711,-117800,5,-2100,-1.75,340036,2039,250,--1789,--987,17104,2102,--15002,--8226,KRX
20140710,+119900,2,+6500,+5.73,636196,2326,1524,--802,+2222,19526,12750,--6776,+19885,KRX
20140709,-113400,5,-700,-0.61,464490,4531,1507,--3024,--4622,39996,13335,--26661,--40618,KRX
20140708,-114100,5,-1900,-1.64,244600,258,1856,+1598,+2055,2255,16212,+13957,+18023,KRX
20140707,-116000,5,-1500,-1.28,439474,2894,2437,--457,+938,25229,21163,--4066,+7714,KRX
20140704,-117500,5,-3500,-2.89,443659,1839,444,--1395,--466,15533,3753,--11780,--4082,KRX
20140703,+121000,2,+1300,+1.09,366688,2527,1598,--929,+2376,20995,13297,--7698,+19158,KRX
20140702,-119700,5,-800,-0.66,650895,3619,314,--3305,--1993,29448,2592,--26856,--15832,KRX
20140701,+120500,2,+3500,+2.99,571991,1940,628,--1312,--3522,16270,5246,--11024,--30054,KRX
20140630,+117000,2,+1200,+1.04,348072,991,3201,+2210,+4514,8488,27518,+19030,+38528,KRX
20140627,-115800,5,-2500,-2.11,548713,2547,243,--2304,--4572,21564,2066,--19498,--38340,KRX
20140626,+118300,2,+1900,+1.63,922581,2231,4499,+2268,+361,18763,37605,+18842,+2241,KRX
20140625,+116400,2,+2200,+1.93,1351549,2449,4356,+1907,+7589,20855,37456,+16601,+66563,KRX
20140624,-114200,5,-2200,-1.89,1467963,6768,1086,--5682,--3480,59419,9457,--49962,--29349,KRX
20140623,+116400,1,+15100,+14.91,1614383,5190,2988,--2202,+6052,47637,27024,--20613,+60296,KRX
20140620,+101300,2,+6600,+6.97,1307123,16052,7798,--8254,--7798,157602,76693,--80909,--76094,KRX
20140619,+94700,2,+400,+0.42,149061,3198,2742,--456,+2755,33674,28859,--4815,+28739,KRX
20140618,-94300,5,-1400,-1.46,218652,3598,387,--3211,--1924,37613,4059,--33554,--20088,KRX
20140617,+95700,2,+2300,+2.46,315157,1653,366,--1287,--847,17286,3820,--13466,--8801,KRX
20140616,-93400,5,-700,-0.74,179171,733,293,--440,--601,7814,3149,--4665,--6437,KRX
20140613,-94100,5,-400,-0.42,241693,2835,2996,+161,--989,30135,31907,+1772,--10520,KRX
20140612,+94500,2,+3000,+3.28,404762,706,1856,+1150,+5576,7532,19824,+12292,+60405,KRX
20140611,-91500,5,-1300,-1.40,329907,6640,2214,--4426,--681,72262,24149,--48113,--8007,KRX
20140610,+92800,2,+100,+0.11,301846,4815,1070,--3745,+1253,51590,11484,--40106,+13262,KRX
20140609,+92700,2,+600,+0.65,399171,5857,859,--4998,--3254,62512,9144,--53368,--34956,KRX
20140605,-92100,5,-4300,-4.46,466795,3072,1328,--1744,+7214,32609,14197,--18412,+75854,KRX
20140603,+96400,2,+2400,+2.55,801473,10917,1959,--8958,+303,114831,20565,--94266,+3388,KRX
20140602,-94000,5,-3800,-3.89,824386,10763,1502,--9261,--2598,113447,15793,--97654,--31223,KRX
20140530,-97800,5,-5400,-5.23,1163090,9249,2586,--6663,+11262,92562,26131,--66431,+106549,KRX
20140529,103200,3,0,0.00,3642174,30811,12886,--17925,--7295,296201,123221,--172980,--69975,KRX
20140528,+103200,1,+13400,+14.92,1776649,12936,2306,--10630,--10474,125351,22346,--103005,--101273,KRX
20140527,+89800,1,+11700,+14.98,13630,165,9,--156,--156,1832,100,--1732,--1732,KRX
20140526,0,0,0,0.00,0,0,0,0,+3336,0,0,0,+43169,KRX
20140523,+78100,2,+4900,+6.69,467873,4458,1122,--3336,--2943,57689,14520,--43169,--37740,KRX
20140522,+73200,2,+1600,+2.23,59556,592,199,--393,--111,8166,2737,--5429,--1503,KRX
20140521,-71600,5,-100,-0.14,30891,386,104,--282,--51,5376,1450,--3926,--668,KRX
20140520,-71700,5,-100,-0.14,57662,406,175,--231,+931,5722,2464,--3258,+12889,KRX
20140519,-71800,5,-700,-0.97,46998,1232,70,--1162,--1017,17119,972,--16147,--14124,KRX
20140516,-72500,5,-500,-0.68,87198,359,214,--145,--293,4980,2957,--2023,--4032,KRX
20140515,+73000,2,+200,+0.27,59422,289,437,+148,+684,3975,5984,+2009,+9424,KRX
20140514,72800,3,0,0.00,86351,1062,526,--536,--640,14664,7249,--7415,--8863,KRX
20140513,+72800,2,+200,+0.28,112750,570,674,+104,--45,7874,9322,+1448,--597,KRX
20140512,-72600,5,-300,-0.41,69086,229,378,+149,+479,3144,5189,+2045,+6561,KRX
20140509,-72900,5,-300,-0.41,26575,537,207,--330,--447,7317,2801,--4516,--6114,KRX
20140508,-73200,5,-800,-1.08,31290,244,361,+117,+135,3308,4906,+1598,+1855,KRX
20140507,-74000,5,-800,-1.07,78998,884,866,--18,--1536,11955,11698,--257,--20418,KRX
20140502,-74800,5,-100,-0.13,76566,241,1759,+1518,+2075,3203,23364,+20161,+27603,KRX
20140430,74900,3,0,0.00,74965,1357,800,--557,--683,18135,10693,--7442,--9106,KRX
20140429,+74900,2,+800,+1.08,83148,275,401,+126,--151,3686,5350,+1664,--2035,KRX
20140428,+74100,2,+1800,+2.49,191976,250,527,+277,--299,3348,7047,+3699,--4257,KRX
20140425,+72300,2,+300,+0.42,76046,75,651,+576,+232,1035,8991,+7956,+3181,KRX
20140424,-72000,5,-1300,-1.77,65483,46,390,+344,+229,635,5410,+4775,+3222,KRX
20140423,-73300,5,-900,-1.21,61139,105,220,+115,+512,1433,2986,+1553,+6893,KRX
20140422,-74200,5,-800,-1.07,62553,550,153,--397,--114,7400,2060,--5340,--1571,KRX
20140421,-75000,5,-100,-0.13,27219,372,89,--283,+273,4957,1188,--3769,+3722,KRX
20140418,+75100,2,+700,+0.94,36248,1070,514,--556,+263,14383,6892,--7491,+3534,KRX
20140417,+74400,2,+300,+0.40,44524,962,143,--819,+123,12950,1925,--11025,+1753,KRX
20140416,-74100,5,-100,-0.13,32679,976,34,--942,--809,13234,456,--12778,--10998,KRX
20140415,+74200,2,+200,+0.27,20437,161,28,--133,+587,2161,381,--1780,+8042,KRX
20140414,+74000,2,+800,+1.09,37025,977,257,--720,--302,13317,3495,--9822,--4077,KRX
20140411,-73200,5,-300,-0.41,64926,1092,674,--418,+996,15009,9264,--5745,+13413,KRX
20140410,-73500,5,-900,-1.21,93163,1718,304,--1414,--1062,23283,4125,--19158,--14402,KRX
20140409,+74400,2,+300,+0.40,56407,1118,766,--352,+98,15032,10276,--4756,+1325,KRX
20140408,-74100,5,-1000,-1.33,115341,1237,787,--450,--1037,16671,10590,--6081,--13817,KRX
20140407,-75100,5,-700,-0.92,67020,108,695,+587,+913,1423,9159,+7736,+11995,KRX
20140404,-75800,5,-1100,-1.43,114976,1391,1065,--326,--532,18197,13938,--4259,--6930,KRX
20140403,-76900,5,-1800,-2.29,57328,297,503,+206,--286,3782,6453,+2671,--3553,KRX
20140402,+78700,2,+800,+1.03,74564,478,970,+492,--250,6134,12358,+6224,--3210,KRX
20140401,-77900,5,-300,-0.38,179358,886,1628,+742,+2753,11270,20704,+9434,+35234,KRX
20140331,+78200,2,+900,+1.16,94802,2750,739,--2011,--2240,35283,9483,--25800,--28812,KRX
20140328,-77300,5,-100,-0.13,72448,443,672,+229,--647,5772,8784,+3012,--8360,KRX
20140327,-77400,5,-400,-0.51,69946,481,1357,+876,+393,6252,17624,+11372,+5160,KRX
20140326,+77800,2,+700,+0.91,47627,155,638,+483,+372,1988,8200,+6212,+4788,KRX
20140325,-77100,5,-1700,-2.16,49555,264,375,+111,+376,3376,4800,+1424,+4788,KRX
20140324,-78800,5,-100,-0.13,86580,609,344,--265,+473,7784,4420,--3364,+5920,KRX
20140321,-78900,5,-900,-1.13,101451,1318,580,--738,+71,16615,7331,--9284,+946,KRX
20140320,79800,3,0,0.00,128668,1347,538,--809,--464,17032,6802,--10230,--5799,KRX
20140319,+79800,2,+3700,+4.86,275170,952,607,--345,--228,12152,7721,--4431,--2886,KRX
20140318,+76100,2,+100,+0.13,123075,491,374,--117,+417,6482,4937,--1545,+5546,KRX
20140317,-76000,5,-500,-0.65,194542,2197,1663,--534,--2852,28915,21824,--7091,--37492,KRX
20140314,+76500,2,+6600,+9.44,532914,780,3098,+2318,+2822,10468,40869,+30401,+37589,KRX
20140313,-69900,5,-200,-0.29,105165,595,91,--504,--669,8491,1303,--7188,--9538,KRX
20140312,+70100,2,+700,+1.01,119795,214,379,+165,--669,3076,5426,+2350,--9612,KRX
20140311,69400,3,0,0.00,145881,209,1043,+834,+957,3014,14976,+11962,+13736,KRX
20140310,69400,3,0,0.00,135674,785,662,--123,--673,11249,9475,--1774,--9683,KRX
20140307,69400,3,0,0.00,196192,36,586,+550,+118,515,8424,+7909,+1738,KRX
20140306,69400,3,0,0.00,221204,71,503,+432,--244,1013,7184,+6171,--3513,KRX
20140305,+69400,2,+700,+1.02,123999,352,1028,+676,+120,5081,14765,+9684,+1698,KRX
20140304,-68700,5,-700,-1.01,108343,168,724,+556,--523,2429,10415,+7986,--7512,KRX
20140303,-69400,5,-600,-0.86,83840,54,1133,+1079,--841,777,16275,+15498,--11896,KRX
20140228,-70000,5,-1000,-1.41,104304,231,2151,+1920,+1576,3295,30689,+27394,+22583,KRX
20140227,-71000,5,-800,-1.11,70227,191,535,+344,+175,2670,7481,+4811,+2468,KRX
20140226,-71800,5,-1100,-1.51,72668,271,440,+169,--309,3725,6068,+2343,--4260,KRX
20140225,+72900,2,+1100,+1.53,94678,428,906,+478,+1296,5905,12508,+6603,+17666,KRX
20140224,-71800,5,-3800,-5.03,160674,1159,341,--818,--137,15732,4669,--11063,--2072,KRX
20140221,-75600,5,-300,-0.40,64058,774,93,--681,--63,10220,1229,--8991,--858,KRX
20140220,-75900,5,-600,-0.78,94852,796,178,--618,+64,10480,2347,--8133,+812,KRX
20140219,+76500,2,+100,+0.13,67067,984,302,--682,--195,12893,3948,--8945,--2555,KRX
20140218,+76400,2,+200,+0.26,56185,751,264,--487,--1207,9833,3443,--6390,--15841,KRX
20140217,-76200,5,-300,-0.39,175143,365,1085,+720,--757,4794,14245,+9451,--9805,KRX
20140214,-76500,5,-800,-1.03,132783,7,1484,+1477,+353,98,19354,+19256,+4793,KRX
20140213,-77300,5,-200,-0.26,44052,6,1130,+1124,--85,81,14544,+14463,--1097,KRX
20140212,-77500,5,-500,-0.64,59877,29,1238,+1209,+692,373,15933,+15560,+8954,KRX
20140211,-78000,5,-100,-0.13,30196,254,771,+517,+222,3256,9862,+6606,+2848,KRX
20140210,-78100,5,-1100,-1.39,30547,8,303,+295,--973,101,3859,+3758,--12321,KRX
20140207,+79200,2,+400,+0.51,52878,181,1449,+1268,+504,2286,18365,+16079,+6480,KRX
20140206,-78800,5,-1200,-1.50,40961,132,896,+764,+771,1658,11257,+9599,+9679,KRX
20140205,80000,3,0,0.00,72902,723,716,--7,--317,9098,9018,--80,--3963,KRX
20140204,-80000,5,-300,-0.37,71552,363,673,+310,--530,4571,8454,+3883,--6569,KRX
20140203,+80300,2,+300,+0.38,71100,293,1133,+840,+537,3656,14108,+10452,+6654,KRX
20140129,+80000,2,+1400,+1.78,35304,40,343,+303,+510,503,4301,+3798,+6437,KRX
20140128,+78600,2,+700,+0.90,54543,1058,851,--207,--1547,13511,10872,--2639,--19823,KRX
20140127,-77900,5,-2600,-3.23,93135,118,1458,+1340,+761,1512,18696,+17184,+10038,KRX
20140124,-80500,5,-1800,-2.19,58186,350,929,+579,+572,4328,11474,+7146,+7065,KRX
20140123,+82300,2,+500,+0.61,63151,435,442,+7,--685,5278,5359,+81,--8368,KRX
20140122,+81800,2,+500,+0.62,66985,263,955,+692,+133,3215,11664,+8449,+1555,KRX
20140121,+81300,2,+400,+0.49,77631,117,676,+559,--794,1455,8349,+6894,--9829,KRX
20140120,-80900,5,-300,-0.37,104841,88,1441,+1353,+861,1093,17816,+16723,+10685,KRX
20140117,-81200,5,-1100,-1.34,143294,50,542,+492,--560,614,6652,+6038,--6676,KRX
20140116,-82300,5,-1300,-1.56,109685,31,1083,+1052,+144,380,13094,+12714,+1978,KRX
20140115,-83600,5,-1400,-1.65,77377,510,1418,+908,+301,6042,16778,+10736,+3592,KRX
20140114,85000,3,0,0.00,58115,128,735,+607,--93,1507,8651,+7144,--1089,KRX
20140113,+85000,2,+200,+0.24,36886,178,878,+700,--243,2097,10330,+8233,--3012,KRX
20140110,+84800,2,+1400,+1.68,29821,77,1020,+943,+152,913,12158,+11245,+1781,KRX
20140109,-83400,5,-1500,-1.77,55010,112,903,+791,+153,1334,10798,+9464,+2099,KRX
20140108,-84900,5,-800,-0.93,38350,377,1015,+638,+589,4409,11774,+7365,+6783,KRX
20140107,+85700,2,+1000,+1.18,51675,109,158,+49,--415,1273,1855,+582,--4908,KRX
20140106,+84700,2,+200,+0.24,22197,115,579,+464,+133,1364,6854,+5490,+1572,KRX
20140103,-84500,5,-500,-0.59,14093,133,464,+331,--138,1572,5490,+3918,--1570,KRX
20140102,+85000,2,+1000,+1.19,26117,79,548,+469,+609,927,6415,+5488,+7155,KRX
20131230,-84000,5,-1200,-1.41,27729,518,378,--140,--270,6142,4475,--1667,--3194,KRX
20131227,-85200,5,-400,-0.47,21422,79,209,+130,+215,928,2455,+1527,+2506,KRX
20131226,-85600,5,-1900,-2.17,18395,191,106,--85,--155,2205,1226,--979,--1784,KRX
20131224,+87500,2,+800,+0.92,18320,212,282,+70,--63,2433,3238,+805,--726,KRX
20131223,-86700,5,-1200,-1.37,17655,212,345,+133,--102,2435,3966,+1531,--1145,KRX
20131220,+87900,2,+1100,+1.27,42963,287,522,+235,+298,3282,5958,+2676,+3392,KRX
20131219,-86800,5,-1700,-1.92,76689,188,125,--63,--339,2142,1426,--716,--3872,KRX
20131218,+88500,2,+200,+0.23,40494,1304,1580,+276,--352,14891,18047,+3156,--3954,KRX
20131217,+88300,2,+1800,+2.08,34046,127,755,+628,+698,1441,8551,+7110,+7940,KRX
20131216,+86500,2,+900,+1.05,44301,591,521,--70,+73,6865,6035,--830,+844,KRX
20131213,-85600,5,-100,-0.12,14228,268,125,--143,+12,3130,1456,--1674,+136,KRX
20131212,-85700,5,-1300,-1.49,24216,292,137,--155,--56,3400,1590,--1810,--685,KRX
20131211,87000,3,0,0.00,41043,282,183,--99,--236,3211,2086,--1125,--2706,KRX
20131210,+87000,2,+1300,+1.52,35960,53,190,+137,--83,619,2200,+1581,--959,KRX
20131209,-85700,5,-1100,-1.27,26760,407,627,+220,--325,4754,7294,+2540,--3831,KRX
20131206,+86800,2,+2400,+2.84,57082,119,664,+545,+341,1384,7755,+6371,+3956,KRX
20131205,-84400,5,-300,-0.35,13064,35,239,+204,+63,407,2822,+2415,+757,KRX
20131204,-84700,5,-100,-0.12,26553,17,158,+141,--225,205,1863,+1658,--2660,KRX
20131203,-84800,5,-100,-0.12,26687,66,432,+366,+119,772,5090,+4318,+1410,KRX
20131202,84900,3,0,0.00,22658,131,378,+247,+15,1551,4459,+2908,+177,KRX
20131129,+84900,2,+100,+0.12,27289,354,586,+232,--1037,4171,6902,+2731,--12229,KRX
20131128,+84800,2,+2200,+2.66,76094,56,1325,+1269,+912,668,15628,+14960,+10630,KRX
20131127,+82600,2,+100,+0.12,31439,367,724,+357,+380,4472,8802,+4330,+4608,KRX
20131126,-82500,5,-400,-0.48,18817,333,310,--23,--216,4024,3746,--278,--2580,KRX
20131125,-82900,5,-300,-0.36,15262,20,213,+193,+30,245,2547,+2302,+338,KRX
20131122,-83200,5,-300,-0.36,24471,22,185,+163,--302,266,2230,+1964,--3609,KRX
20131121,+83500,2,+500,+0.60,20784,128,593,+465,+1622,1537,7110,+5573,+19477,KRX
20131120,-83000,5,-1800,-2.12,72883,1723,566,--1157,--1314,20699,6795,--13904,--15759,KRX
20131119,+84800,2,+2100,+2.54,31427,425,582,+157,--702,5081,6936,+1855,--8531,KRX
20131118,+82700,2,+1100,+1.35,51151,171,1030,+859,+1066,2063,12449,+10386,+12928,KRX
20131115,-81600,5,-300,-0.37,46409,680,473,--207,--86,8313,5771,--2542,--1085,KRX
20131114,-81900,5,-1600,-1.92,51497,495,374,--121,--163,6004,4547,--1457,--1950,KRX
20131113,-83500,5,-1700,-2.00,60763,821,863,+42,+57,9786,10279,+493,+659,KRX
20131112,-85200,5,-1900,-2.18,37629,347,332,--15,+727,4048,3882,--166,+8405,KRX
20131111,-87100,5,-300,-0.34,46241,952,210,--742,--1285,10977,2406,--8571,--14785,KRX
20131108,+87400,2,+100,+0.11,65135,522,1065,+543,+932,5980,12194,+6214,+10658,KRX
20131107,-87300,5,-200,-0.23,16899,515,126,--389,--748,5885,1441,--4444,--8555,KRX
20131106,+87500,2,+1400,+1.63,9641,102,461,+359,+451,1167,5278,+4111,+5172,KRX
20131105,-86100,5,-1400,-1.60,14973,326,234,--92,--50,3771,2710,--1061,--567,KRX
20131104,-87500,5,-400,-0.46,13667,421,379,--42,+254,4817,4323,--494,+2897,KRX
20131101,-87900,5,-600,-0.68,21356,809,513,--296,--232,9230,5839,--3391,--2526,KRX
20131031,-88500,5,-600,-0.67,63430,1931,1867,--64,+340,21912,21047,--865,+3679,KRX
20131030,-89100,5,-900,-1.00,38907,558,154,--404,--1300,6282,1738,--4544,--14511,KRX
20131029,+90000,2,+200,+0.22,24027,443,1339,+896,+1119,4943,14910,+9967,+12474,KRX
20131028,+89800,2,+900,+1.01,32963,432,209,--223,--48,4871,2364,--2507,--546,KRX
20131025,-88900,5,-800,-0.89,27731,627,452,--175,--1018,7031,5070,--1961,--11355,KRX
20131024,+89700,2,+1200,+1.36,27700,111,954,+843,+986,1243,10637,+9394,+11002,KRX
20131023,-88500,5,-1300,-1.45,18679,449,306,--143,--815,5056,3448,--1608,--9091,KRX
20131022,+89800,2,+600,+0.67,41361,216,888,+672,--675,2418,9901,+7483,--7609,KRX
20131021,+89200,2,+1300,+1.48,31188,26,1373,+1347,+3273,296,15388,+15092,+36973,KRX
20131018,-87900,5,-1800,-2.01,47383,2410,484,--1926,--2650,27379,5498,--21881,--30104,KRX
20131017,89700,3,0,0.00,76060,216,940,+724,+301,2435,10658,+8223,+3575,KRX
20131016,-89700,5,-3200,-3.44,58939,389,812,+423,--962,4313,8961,+4648,--10299,KRX
20131015,+92900,2,+600,+0.65,45435,309,1694,+1385,+1370,3341,18288,+14947,+14801,KRX
20131014,-92300,5,-1700,-1.81,32173,270,285,+15,--41,2918,3064,+146,--439,KRX
20131011,94000,3,0,0.00,64796,400,456,+56,+214,4254,4839,+585,+2260,KRX
20131010,-94000,5,-600,-0.63,58754,390,232,--158,--409,4130,2455,--1675,--4339,KRX
20131008,-94600,5,-100,-0.11,44582,307,558,+251,+165,3275,5939,+2664,+1762,KRX
20131007,+94700,2,+200,+0.21,36533,356,442,+86,+300,3769,4671,+902,+3172,KRX
20131004,-94500,5,-1000,-1.05,48902,573,359,--214,--325,6059,3789,--2270,--3443,KRX
20131002,+95500,2,+1000,+1.06,39660,138,249,+111,--835,1455,2628,+1173,--8968,KRX
20131001,+94500,2,+1800,+1.94,45417,249,1195,+946,+943,2676,12817,+10141,+10116,KRX
20130930,-92700,5,-1100,-1.17,9883,185,188,+3,--215,1992,2017,+25,--2305,KRX
20130927,+93800,2,+200,+0.21,40276,356,574,+218,+564,3813,6143,+2330,+6115,KRX
20130926,93600,3,0,0.00,66875,864,518,--346,--190,9384,5599,--3785,--2098,KRX
20130925,+93600,2,+300,+0.32,51641,592,436,--156,--574,6355,4668,--1687,--6310,KRX
20130924,+93300,2,+1300,+1.41,82264,516,934,+418,--332,5578,10201,+4623,--3505,KRX
20130923,-92000,5,-300,-0.33,78873,579,1329,+750,+372,6282,14410,+8128,+4008,KRX
20130917,+92300,2,+1000,+1.10,51472,480,858,+378,--4,5258,9378,+4120,--56,KRX
20130916,+91300,2,+100,+0.11,19996,358,740,+382,+101,3921,8097,+4176,+1101,KRX
20130913,+91200,2,+600,+0.66,46494,289,570,+281,+1619,3146,6221,+3075,+17994,KRX
20130912,+90600,2,+800,+0.89,83757,2060,722,--1338,--957,22978,8059,--14919,--10686,KRX
20130911,+89800,2,+1800,+2.05,129153,1309,928,--381,--228,14585,10352,--4233,--2490,KRX
20130910,+88000,2,+500,+0.57,91651,836,683,--153,--123,9504,7761,--1743,--1398,KRX
20130909,87500,3,0,0.00,44213,333,303,--30,--408,3809,3464,--345,--4709,KRX
20130906,+87500,2,+1200,+1.39,59093,407,785,+378,+477,4698,9062,+4364,+5521,KRX
20130905,+86300,2,+400,+0.47,35466,428,329,--99,--333,4969,3812,--1157,--3883,KRX
20130904,+85900,2,+300,+0.35,43256,366,600,+234,+786,4267,6993,+2726,+9139,KRX
20130903,-85600,5,-1200,-1.38,43736,1241,689,--552,--79,14419,8006,--6413,--886,KRX
20130902,+86800,2,+1800,+2.12,49702,1106,633,--473,+969,12920,7393,--5527,+11394,KRX
20130830,-85000,5,-2900,-3.30,144996,2147,705,--1442,--1618,25136,8215,--16921,--18935,KRX
20130829,+87900,2,+1900,+2.21,73387,386,562,+176,--513,4406,6420,+2014,--5967,KRX
20130828,-86000,5,-1300,-1.49,109307,341,1030,+689,+1100,3944,11925,+7981,+12690,KRX
20130827,-87300,5,-400,-0.46,36333,929,518,--411,--239,10619,5910,--4709,--2757,KRX
20130826,-87700,5,-900,-1.02,39371,404,232,--172,+77,4586,2634,--1952,+863,KRX
20130823,+88600,2,+1100,+1.26,59828,545,296,--249,+148,6180,3365,--2815,+1721,KRX
20130822,-87500,5,-500,-0.57,71646,740,343,--397,--67,8443,3907,--4536,--780,KRX
20130821,88000,3,0,0.00,41482,656,326,--330,+291,7459,3703,--3756,+3297,KRX
20130820,88000,3,0,0.00,53858,753,132,--621,--877,8555,1502,--7053,--9972,KRX
20130819,+88000,2,+700,+0.80,33423,255,511,+256,+460,2911,5830,+2919,+5265,KRX
20130816,+87300,2,+1200,+1.39,47539,840,636,--204,+199,9646,7300,--2346,+2349,KRX
20130814,-86100,5,-700,-0.81,28785,682,279,--403,+32,7928,3233,--4695,+413,KRX
20130813,+86800,2,+800,+0.93,38791,540,105,--435,+740,6318,1210,--5108,+8457,KRX
20130812,-86000,5,-3200,-3.59,74873,1214,39,--1175,--1021,14015,450,--13565,--11823,KRX
20130809,-89200,5,-300,-0.34,57964,184,30,--154,+159,2088,346,--1742,+1761,KRX
20130808,+89500,2,+100,+0.11,51107,413,100,--313,--596,4616,1113,--3503,--6670,KRX
20130807,+89400,2,+800,+0.90,49058,204,487,+283,+139,2296,5463,+3167,+1544,KRX
20130806,+88600,2,+400,+0.45,74253,322,466,+144,+498,3616,5239,+1623,+5671,KRX
20130805,+88200,2,+400,+0.46,31723,586,232,--354,--407,6681,2633,--4048,--4648,KRX
20130802,+87800,2,+100,+0.11,53370,122,175,+53,+206,1391,1991,+600,+2344,KRX
20130801,87700,3,0,0.00,17317,406,253,--153,--580,4639,2895,--1744,--6623,KRX
20130731,87700,3,0,0.00,27573,157,584,+427,+611,1789,6668,+4879,+6983,KRX
20130730,+87700,2,+200,+0.23,36419,439,255,--184,--220,5017,2913,--2104,--2538,KRX
20130729,-87500,5,-800,-0.91,70435,526,562,+36,--910,6071,6505,+434,--10324,KRX
20130726,+88300,2,+1500,+1.73,42536,105,1051,+946,+740,1193,11951,+10758,+8406,KRX
20130725,-86800,5,-300,-0.34,33240,247,453,+206,+496,2841,5193,+2352,+5672,KRX
20130724,-87100,5,-500,-0.57,65051,440,150,--290,--658,5046,1726,--3320,--7512,KRX
20130723,87600,3,0,0.00,70299,396,764,+368,+110,4525,8717,+4192,+1247,KRX
20130722,+87600,2,+1900,+2.22,78019,126,384,+258,+60,1453,4398,+2945,+574,KRX
20130719,+85700,2,+1900,+2.27,69157,118,316,+198,+174,1392,3763,+2371,+2092,KRX
20130718,-83800,5,-100,-0.12,46176,118,142,+24,--211,1411,1690,+279,--2506,KRX
20130717,+83900,2,+200,+0.24,24083,192,427,+235,--401,2281,5066,+2785,--4801,KRX
20130716,+83700,2,+100,+0.12,26331,132,768,+636,+71,1568,9154,+7586,+853,KRX
20130715,+83600,2,+200,+0.24,71186,1063,1628,+565,+367,12711,19444,+6733,+4359,KRX
20130712,-83400,5,-700,-0.83,58944,187,385,+198,+288,2233,4607,+2374,+3451,KRX
20130711,84100,3,0,0.00,41612,129,39,--90,+37,1540,463,--1077,+456,KRX
20130710,+84100,2,+100,+0.12,58037,406,279,--127,+143,4879,3346,--1533,+1705,KRX
20130709,84000,3,0,0.00,105680,573,303,--270,--190,6869,3631,--3238,--2266,KRX
20130708,+84000,2,+400,+0.48,38779,232,152,--80,--408,2791,1819,--972,--4883,KRX
20130705,+83600,2,+200,+0.24,47123,219,547,+328,+413,2619,6530,+3911,+4942,KRX
20130704,+83400,2,+1100,+1.34,39513,489,404,--85,--186,5927,4896,--1031,--2245,KRX
20130703,82300,3,0,0.00,57362,402,503,+101,--1017,4870,6084,+1214,--12384,KRX
20130702,+82300,2,+2300,+2.88,68237,230,1348,+1118,+617,2795,16393,+13598,+7337,KRX
20130701,+80000,2,+1100,+1.39,36491,190,691,+501,--432,2378,8639,+6261,--5575,KRX
20130628,-78900,5,-400,-0.50,67668,170,1103,+933,+881,2154,13990,+11836,+11185,KRX
20130627,+79300,2,+1000,+1.28,45997,134,186,+52,+2256,1693,2344,+651,+28428,KRX
20130626,-78300,5,-2900,-3.57,114170,3022,818,--2204,--1458,38169,10392,--27777,--18528,KRX
20130625,-81200,5,-600,-0.73,80714,977,231,--746,--388,12107,2858,--9249,--4850,KRX
20130624,+81800,2,+300,+0.37,39366,417,59,--358,--999,5127,728,--4399,--12274,KRX
20130621,+81500,2,+100,+0.12,65569,843,1484,+641,+247,10363,18238,+7875,+3049,KRX
20130620,-81400,5,-400,-0.49,68941,535,929,+394,+771,6556,11382,+4826,+9463,KRX
20130619,+81800,2,+400,+0.49,39518,765,388,--377,--240,9388,4751,--4637,--2967,KRX
20130618,+81400,2,+300,+0.37,35010,771,634,--137,+559,9438,7768,--1670,+6903,KRX
20130617,-81100,5,-1800,-2.17,46625,975,279,--696,--688,11998,3425,--8573,--8467,KRX
20130614,+82900,2,+900,+1.10,30536,326,318,--8,+327,3950,3844,--106,+4014,KRX
20130613,+82000,2,+100,+0.12,69843,1008,673,--335,--458,12304,8184,--4120,--5623,KRX
20130612,+81900,2,+2100,+2.63,48448,270,393,+123,--66,3343,4846,+1503,--834,KRX
20130611,-79800,5,-900,-1.12,44512,487,676,+189,+478,6060,8397,+2337,+5948,KRX
20130610,+80700,2,+1600,+2.02,95700,527,238,--289,+536,6578,2967,--3611,+6935,KRX
20130607,-79100,5,-2100,-2.59,171855,1414,589,--825,+920,18082,7536,--10546,+10764,KRX
20130605,-81200,5,-2100,-2.52,96304,2298,553,--1745,--2897,28065,6755,--21310,--35144,KRX
20130604,+83300,2,+200,+0.24,60498,148,1300,+1152,+1506,1781,15615,+13834,+18043,KRX
20130603,-83100,5,-2200,-2.58,104612,1018,664,--354,--638,12139,7930,--4209,--7554,KRX
20130531,-85300,5,-400,-0.47,84874,900,1184,+284,+1357,10617,13962,+3345,+15856,KRX
20130530,-85700,5,-500,-0.58,108320,1378,305,--1073,--996,16050,3539,--12511,--11579,KRX
20130529,+86200,2,+2600,+3.11,108162,457,380,--77,+274,5374,4442,--932,+3328,KRX
20130528,+83600,2,+600,+0.72,126869,1811,1460,--351,--155,21825,17565,--4260,--1957,KRX
20130527,-83000,5,-1900,-2.24,136629,1200,1004,--196,+505,14374,12071,--2303,+5921,KRX
20130524,-84900,5,-400,-0.47,83950,1164,463,--701,--973,13659,5435,--8224,--11334,KRX
20130523,-85300,5,-2300,-2.63,63331,465,737,+272,+1365,5373,8483,+3110,+15533,KRX
20130522,-87600,5,-900,-1.02,71631,2006,913,--1093,--742,22805,10382,--12423,--8451,KRX
20130521,-88500,5,-100,-0.11,95517,973,622,--351,--1309,11006,7034,--3972,--14789,KRX
20130520,+88600,2,+800,+0.91,96088,316,1274,+958,+970,3571,14388,+10817,+10969,KRX
20130516,+87800,2,+1800,+2.09,121984,650,638,--12,+585,7429,7277,--152,+6732,KRX
20130515,-86000,5,-500,-0.58,72483,816,219,--597,+877,9418,2534,--6884,+9986,KRX
20130514,-86500,5,-1000,-1.14,126754,1941,467,--1474,--1305,22242,5372,--16870,--14934,KRX
20130513,-87500,5,-2500,-2.78,136327,771,602,--169,--730,8714,6778,--1936,--8137,KRX
20130510,-90000,5,-600,-0.66,76934,239,800,+561,+550,2649,8850,+6201,+6088,KRX
20130509,-90600,5,-1200,-1.31,97377,864,875,+11,+496,9521,9634,+113,+5369,KRX
20130508,-91800,5,-1400,-1.50,58364,694,209,--485,--747,7530,2274,--5256,--8077,KRX
20130507,+93200,2,+1500,+1.64,68088,291,553,+262,+661,3136,5957,+2821,+7168,KRX
20130506,+91700,2,+700,+0.77,34232,638,239,--399,--620,6958,2611,--4347,--6779,KRX
20130503,+91000,2,+200,+0.22,30829,177,398,+221,--61,1940,4372,+2432,--656,KRX
20130502,+90800,2,+800,+0.89,43188,1122,1404,+282,+993,12384,15472,+3088,+10954,KRX
20130430,-90000,5,-1500,-1.64,61896,968,257,--711,--755,10699,2833,--7866,--8349,KRX
20130429,+91500,2,+700,+0.77,55853,145,189,+44,+614,1577,2060,+483,+6763,KRX
20130426,90800,3,0,0.00,36071,704,134,--570,--438,7749,1469,--6280,--4822,KRX
20130425,90800,3,0,0.00,44407,795,663,--132,+360,8755,7297,--1458,+4039,KRX
20130424,-90800,5,-200,-0.22,59808,1115,623,--492,+18,12394,6897,--5497,+197,KRX
20130423,+91000,2,+2800,+3.17,137755,856,346,--510,+56,9578,3884,--5694,+759,KRX
20130422,+88200,2,+1000,+1.15,49745,1045,479,--566,--2216,11892,5439,--6453,--25296,KRX
20130419,+87200,2,+2700,+3.20,58258,406,2056,+1650,+2527,4653,23496,+18843,+29034,KRX
20130418,-84500,5,-2800,-3.21,35391,1056,179,--877,--687,12278,2087,--10191,--8010,KRX
20130417,-87300,5,-100,-0.11,63026,1508,1318,--190,--4050,17296,15115,--2181,--47169,KRX
20130416,+87400,2,+5100,+6.20,112382,322,4182,+3860,+4405,3748,48736,+44988,+51685,KRX
20130415,-82300,5,-2700,-3.18,118383,1585,1040,--545,--1787,19061,12364,--6697,--21172,KRX
20130412,-85000,5,-1700,-1.96,63434,641,1883,+1242,+108,7454,21929,+14475,+1400,KRX
20130411,-86700,5,-100,-0.12,72343,566,1700,+1134,--1458,6522,19597,+13075,--16873,KRX
20130410,+86800,2,+1400,+1.64,75773,566,3158,+2592,+3955,6526,36474,+29948,+46091,KRX
20130409,-85400,5,-500,-0.58,99281,3378,2015,--1363,+1891,39820,23677,--16143,+21801,KRX
20130408,-85900,5,-3600,-4.02,128589,4357,1103,--3254,--3465,50708,12764,--37944,--40268,KRX
20130405,-89500,5,-1000,-1.10,38102,243,454,+211,--2171,2678,5002,+2324,--24019,KRX
20130404,+90500,2,+600,+0.67,62455,396,2778,+2382,+1750,4392,30735,+26343,+19347,KRX
20130403,-89900,5,-1400,-1.53,73156,851,1483,+632,+532,9440,16436,+6996,+5900,KRX
20130402,-91300,5,-1600,-1.72,76739,723,823,+100,+861,7828,8924,+1096,+9319,KRX
20130401,+92900,2,+1200,+1.31,79096,1391,630,--761,--988,15026,6803,--8223,--10687,KRX
20130329,+91700,2,+500,+0.55,75441,388,615,+227,--32,4242,6706,+2464,--365,KRX
20130328,-91200,5,-300,-0.33,31016,380,639,+259,+2798,4162,6991,+2829,+30715,KRX
20130327,-91500,5,-500,-0.54,95789,3504,965,--2539,--3098,38472,10586,--27886,--33974,KRX
20130326,+92000,2,+300,+0.33,42384,1313,1872,+559,+512,14313,20401,+6088,+5574,KRX
20130325,91700,3,0,0.00,57579,1732,1779,+47,+609,18847,19361,+514,+6627,KRX
20130322,+91700,2,+200,+0.22,89856,1366,804,--562,+237,14854,8741,--6113,+2661,KRX
20130321,-91500,5,-100,-0.11,58308,1188,389,--799,+1248,13035,4261,--8774,+13663,KRX
20130320,-91600,5,-300,-0.33,64908,2950,903,--2047,--1833,32338,9901,--22437,--20101,KRX
20130319,+91900,2,+1100,+1.21,62278,963,749,--214,+234,10485,8149,--2336,+2571,KRX
20130318,-90800,5,-800,-0.87,54844,1352,904,--448,--2602,14873,9966,--4907,--28608,KRX
20130315,+91600,2,+2900,+3.27,90294,217,2371,+2154,+1346,2391,26092,+23701,+14655,KRX
20130314,-88700,5,-1400,-1.55,104268,270,1078,+808,+676,3028,12074,+9046,+7580,KRX
20130313,-90100,5,-2600,-2.80,170856,577,709,+132,+536,6268,7734,+1466,+5808,KRX
20130312,-92700,5,-100,-0.11,49921,934,530,--404,--607,10041,5699,--4342,--6543,KRX
20130311,-92800,5,-500,-0.54,57779,1159,1362,+203,+631,12434,14635,+2201,+6705,KRX
20130308,-93300,5,-1100,-1.17,66000,1032,604,--428,--254,10911,6407,--4504,--2660,KRX
20130307,-94400,5,-200,-0.21,41636,996,822,--174,+1040,10548,8704,--1844,+10991,KRX
20130306,-94600,5,-400,-0.42,127644,1788,574,--1214,--173,18866,6031,--12835,--1932,KRX
20130305,+95000,2,+400,+0.42,88002,2497,1456,--1041,+566,26174,15271,--10903,+5994,KRX
20130304,-94600,5,-1000,-1.05,161344,3417,1810,--1607,--1067,35841,18944,--16897,--11267,KRX
20130228,-95600,5,-100,-0.10,75732,1106,566,--540,+618,11537,5907,--5630,+6489,KRX
20130227,95700,3,0,0.00,98349,1828,670,--1158,--296,19134,7015,--12119,--3086,KRX
20130226,-95700,5,-900,-0.93,113565,2600,1738,--862,+798,27170,18137,--9033,+8053,KRX
20130225,-96600,5,-500,-0.51,70650,1788,128,--1660,+2398,18400,1314,--17086,+24744,KRX
20130222,+97100,2,+500,+0.52,98580,4585,527,--4058,--320,47255,5425,--41830,--3141,KRX
20130221,-96600,5,-900,-0.92,116923,4457,719,--3738,+2194,46148,7459,--38689,+22166,KRX
20130220,+97500,2,+100,+0.10,159402,6981,1049,--5932,--3683,71617,10762,--60855,--37763,KRX
20130219,-97400,5,-1100,-1.12,174379,4062,1813,--2249,--52,41722,18630,--23092,--804,KRX
20130218,-98500,5,-600,-0.61,114529,3900,1703,--2197,+2740,39530,17242,--22288,+27082,KRX
20130215,-99100,5,-3900,-3.79,310374,6712,1775,--4937,--6036,66965,17595,--49370,--60078,KRX
20130214,-103000,5,-6700,-6.11,278120,936,2035,+1099,+457,8831,19539,+10708,+4848,KRX
20130213,+109700,2,+1100,+1.01,105614,1043,1685,+642,+638,9517,15377,+5860,+5831,KRX
20130212,+108600,2,+100,+0.09,29381,376,380,+4,--1966,3473,3502,+29,--18101,KRX
20130208,+108500,2,+1000,+0.93,77046,883,2853,+1970,--2803,8140,26270,+18130,--25883,KRX
20130207,-107500,5,-800,-0.74,95379,510,5283,+4773,+2873,4711,48724,+44013,+26314,KRX
20130206,+108300,2,+4000,+3.84,96333,369,2269,+1900,+2605,3486,21185,+17699,+24482,KRX
20130205,-104300,5,-1400,-1.32,51659,1119,414,--705,--921,10773,3990,--6783,--8814,KRX
20130204,+105700,2,+700,+0.67,35939,217,433,+216,--1207,2053,4084,+2031,--11759,KRX
20130201,+105000,2,+2900,+2.84,74953,427,1850,+1423,+123,4144,17934,+13790,+1292,KRX
20130131,-102100,5,-1900,-1.83,35073,560,1860,+1300,--1109,5463,17961,+12498,--10811,KRX
20130130,+104000,2,+300,+0.29,61189,178,2587,+2409,+1523,1726,25035,+23309,+14743,KRX
20130129,+103700,2,+700,+0.68,26583,170,1056,+886,+530,1650,10216,+8566,+5099,KRX
20130128,103000,3,0,0.00,41607,236,592,+356,--130,2305,5772,+3467,--1252,KRX
20130125,103000,3,0,0.00,69627,277,763,+486,--1309,2685,7404,+4719,--12560,KRX
20130124,-103000,5,-1500,-1.44,64212,393,2188,+1795,+590,3794,21073,+17279,+5726,KRX
20130123,+104500,2,+1500,+1.46,108700,381,1586,+1205,+460,3667,15220,+11553,+4333,KRX
20130122,+103000,2,+300,+0.29,48582,332,1077,+745,+464,3216,10436,+7220,+4518,KRX
20130121,-102700,5,-300,-0.29,50397,1117,1398,+281,--75,10877,13579,+2702,--761,KRX
20130118,+103000,2,+100,+0.10,18605,167,523,+356,+717,1621,5084,+3463,+7046,KRX
20130117,+102900,2,+600,+0.59,36050,1188,827,--361,--610,11686,8103,--3583,--6003,KRX
20130116,+102300,2,+500,+0.49,22130,553,802,+249,+718,5422,7842,+2420,+7019,KRX
20130115,-101800,5,-2200,-2.12,66086,1342,873,--469,--333,13132,8533,--4599,--3299,KRX
20130114,+104000,2,+700,+0.68,63334,1236,1100,--136,+356,11951,10651,--1300,+3467,KRX
20130111,-103300,5,-700,-0.67,104061,1280,788,--492,--355,12351,7584,--4767,--3440,KRX
20130110,+104000,2,+1500,+1.46,77529,1249,1112,--137,--437,12202,10875,--1327,--4264,KRX
20130109,-102500,5,-500,-0.49,133854,310,610,+300,+1260,3037,5974,+2937,+12309,KRX
20130108,-103000,5,-700,-0.68,155050,1298,338,--960,--1339,12662,3290,--9372,--13064,KRX
20130107,+103700,2,+3800,+3.80,277976,1800,2179,+379,--148,17596,21288,+3692,--1517,KRX
20130104,+99900,2,+6200,+6.62,263981,1380,1907,+527,+715,14156,19365,+5209,+7241,KRX
20130103,+93700,2,+400,+0.43,81956,1155,967,--188,--112,12319,10287,--2032,--1245,KRX
20130102,+93300,2,+2200,+2.41,78764,451,375,--76,--1004,4872,4085,--787,--11042,KRX
20121228,+91100,2,+1900,+2.13,90920,215,1143,+928,+1285,2378,12633,+10255,+14273,KRX
20121227,+89200,2,+800,+0.90,50942,1045,688,--357,--215,11787,7769,--4018,--2432,KRX
20121226,-88400,5,-1600,-1.78,36611,384,242,--142,--1143,4291,2705,--1586,--12731,KRX
20121224,+90000,2,+1100,+1.24,27503,186,1187,+1001,+1882,2069,13214,+11145,+21106,KRX
20121221,-88900,5,-100,-0.11,82370,1100,219,--881,--1150,12442,2481,--9961,--13047,KRX
20121220,-89000,5,-200,-0.22,113829,757,1026,+269,--197,8663,11749,+3086,--2141,KRX
20121218,+89200,2,+600,+0.68,53706,799,1265,+466,+1140,9026,14253,+5227,+12764,KRX
20121217,-88600,5,-3200,-3.49,79274,1486,812,--674,--902,16588,9051,--7537,--10045,KRX
20121214,-91800,5,-200,-0.22,84210,420,648,+228,+1383,4625,7133,+2508,+15263,KRX
20121213,+92000,2,+300,+0.33,83323,1741,586,--1155,--38,19226,6471,--12755,--510,KRX
20121212,-91700,5,-200,-0.22,41367,1592,475,--1117,--2603,17434,5189,--12245,--28435,KRX
20121211,+91900,2,+400,+0.44,84395,1529,3015,+1486,+2874,16694,32884,+16190,+31539,KRX
20121210,+91500,2,+100,+0.11,79414,1716,328,--1388,--2466,18967,3618,--15349,--27191,KRX
20121207,+91400,2,+2800,+3.16,92435,1180,2258,+1078,+1880,13002,24844,+11842,+20800,KRX
20121206,-88600,5,-1900,-2.10,127392,2982,2180,--802,--518,32808,23850,--8958,--5786,KRX
20121205,+90500,2,+1900,+2.14,143023,848,564,--284,--1142,9469,6297,--3172,--12920,KRX
20121204,+88600,2,+2700,+3.14,85125,1474,2332,+858,+669,16792,26540,+9748,+7554,KRX
20121203,+85900,2,+1000,+1.18,45358,470,659,+189,+1053,5462,7656,+2194,+12231,KRX
20121130,-84900,5,-3300,-3.74,150609,1433,569,--864,--1780,16618,6581,--10037,--20404,KRX
20121129,-88200,5,-1100,-1.23,122554,1751,2667,+916,+1351,19826,30193,+10367,+15259,KRX
20121128,+89300,2,+400,+0.45,61472,579,144,--435,+670,6503,1611,--4892,+7589,KRX
20121127,-88900,5,-500,-0.56,62964,1219,114,--1105,--1212,13767,1286,--12481,--13701,KRX
20121126,+89400,2,+1200,+1.36,94829,420,527,+107,+339,4739,5959,+1220,+3868,KRX
20121123,+88200,2,+1100,+1.26,74888,437,205,--232,+241,4994,2346,--2648,+2803,KRX
20121122,+87100,2,+200,+0.23,55471,839,366,--473,+430,9654,4203,--5451,+4909,KRX
20121121,-86900,5,-900,-1.03,73067,1112,209,--903,--1228,12747,2387,--10360,--14032,KRX
20121120,+87800,2,+2800,+3.29,143503,915,1240,+325,+234,10494,14166,+3672,+2607,KRX
20121119,+85000,2,+1000,+1.19,67584,366,457,+91,+2695,4304,5369,+1065,+32045,KRX
20121116,-84000,5,-400,-0.47,66217,2920,316,--2604,--989,34728,3748,--30980,--11812,KRX
20121115,+84400,2,+400,+0.48,86075,2297,682,--1615,--251,27246,8078,--19168,--3041,KRX
20121114,-84000,5,-1300,-1.52,118380,2001,637,--1364,+1389,23688,7561,--16127,+16208,KRX
20121113,-85300,5,-400,-0.47,130216,4152,1399,--2753,--679,48740,16405,--32335,--8282,KRX
20121112,-85700,5,-300,-0.35,162230,4174,2100,--2074,+647,48268,24215,--24053,+7384,KRX
20121109,-86000,5,-3000,-3.37,219796,3470,749,--2721,+1301,40116,8679,--31437,+13803,KRX
20121108,-89000,5,-800,-0.89,176644,4400,378,--4022,+1039,49494,4254,--45240,+10992,KRX
20121107,-89800,5,-1500,-1.64,160931,5246,185,--5061,--2680,58289,2057,--56232,--30256,KRX
20121106,-91300,5,-1800,-1.93,153873,2715,334,--2381,--1997,29604,3628,--25976,--21845,KRX
20121105,+93100,2,+600,+0.65,41871,539,155,--384,+530,5792,1661,--4131,+5707,KRX
20121102,-92500,5,-800,-0.86,72426,983,69,--914,--950,10577,739,--9838,--10212,KRX
20121101,-93300,5,-400,-0.43,92910,1063,1099,+36,+1181,11415,11789,+374,+12578,KRX
20121031,+93700,2,+1800,+1.96,116716,1284,139,--1145,--599,13696,1492,--12204,--6242,KRX
20121030,+91900,2,+900,+0.99,87158,950,404,--546,--1040,10384,4422,--5962,--11394,KRX
20121029,+91000,2,+100,+0.11,113809,695,1189,+494,+1844,7663,13095,+5432,+20443,KRX
20121026,-90900,5,-1600,-1.73,135290,1767,417,--1350,--3188,19599,4588,--15011,--34514,KRX
20121025,-92500,5,-200,-0.22,162169,2006,3844,+1838,--289,21413,40916,+19503,--3856,KRX
20121024,+92700,2,+200,+0.22,287443,1006,3133,+2127,+2158,11102,34461,+23359,+23702,KRX
20121023,-92500,5,-1900,-2.01,169587,553,522,--31,+1029,5941,5598,--343,+10828,KRX
20121022,-94400,5,-100,-0.11,195873,1619,559,--1060,--2244,17040,5869,--11171,--23670,KRX
20121019,-94500,5,-600,-0.63,271813,1520,2704,+1184,+2125,16120,28619,+12499,+22485,KRX
20121018,-95100,5,-11000,-10.37,827636,2430,1489,--941,--574,25178,15192,--9986,--6542,KRX
20121017,-106100,5,-900,-0.84,74723,421,54,--367,--2996,3956,512,--3444,--28312,KRX
20121016,+107000,2,+2000,+1.90,123805,321,2950,+2629,+2942,3066,27934,+24868,+27889,KRX
20121015,+105000,2,+3400,+3.35,149719,943,630,--313,--494,9104,6083,--3021,--4788,KRX
20121012,-101600,5,-3100,-2.96,146817,359,540,+181,+121,3500,5267,+1767,+1229,KRX
20121011,104700,3,0,0.00,80754,1055,1115,+60,+2293,10091,10629,+538,+21280,KRX
20121010,-104700,5,-6300,-5.68,207290,3438,1205,--2233,+766,31998,11256,--20742,+6514,KRX
20121009,-111000,5,-2500,-2.20,166707,4093,1094,--2999,--4495,37160,9904,--27256,--40433,KRX
20121008,+113500,2,+100,+0.09,100812,357,1853,+1496,+1907,3156,16333,+13177,+16861,KRX
20121005,+113400,2,+3200,+2.90,101414,741,330,--411,--1094,6685,3001,--3684,--9883,KRX
20121004,-110200,5,-2500,-2.22,73089,681,1364,+683,--2072,6140,12339,+6199,--18236,KRX
20121002,-112700,5,-800,-0.70,72373,990,3745,+2755,+1700,8782,33217,+24435,+15133,KRX
20120928,+113500,2,+3000,+2.71,203117,1187,2242,+1055,+322,10469,19771,+9302,+2665,KRX
20120927,+110500,2,+2800,+2.60,98386,1296,2029,+733,--1022,11922,18559,+6637,--9793,KRX
20120926,-107700,5,-100,-0.09,74365,1342,3097,+1755,+218,12535,28965,+16430,+2250,KRX
20120925,+107800,2,+300,+0.28,128833,486,2023,+1537,+1214,4484,18664,+14180,+11198,KRX
20120924,-107500,5,-1900,-1.74,80622,788,1111,+323,--683,7307,10289,+2982,--6276,KRX
20120921,+109400,2,+900,+0.83,73965,759,1765,+1006,+632,6982,16240,+9258,+5820,KRX
20120920,-108500,5,-1600,-1.45,87758,320,694,+374,+23,2923,6361,+3438,+261,KRX
20120919,+110100,2,+300,+0.27,132294,180,531,+351,--279,1631,4808,+3177,--2569,KRX
20120918,+109800,2,+2600,+2.43,130653,275,905,+630,+782,2531,8277,+5746,+7112,KRX
20120917,-107200,5,-2400,-2.19,156618,749,597,--152,--1148,6930,5564,--1366,--10437,KRX
20120914,+109600,2,+1100,+1.01,218966,1262,2258,+996,+1152,11645,20716,+9071,+10507,KRX
20120913,-108500,5,-1500,-1.36,166048,758,602,--156,--223,6980,5544,--1436,--1971,KRX
20120912,+110000,2,+400,+0.36,191578,1245,1312,+67,+4,11514,12049,+535,--11,KRX
20120911,-109600,5,-700,-0.63,221041,1124,1187,+63,--461,10480,11026,+546,--4187,KRX
20120910,-110300,5,-5400,-4.67,219270,1849,2373,+524,+1476,16658,21391,+4733,+13094,KRX
20120907,+115700,2,+1800,+1.58,131309,1466,514,--952,--1267,12874,4513,--8361,--11144,KRX
20120906,+113900,2,+2100,+1.88,98382,1231,1546,+315,--1185,10984,13767,+2783,--10617,KRX
20120905,-111800,5,-1200,-1.06,97138,1168,2668,+1500,+873,10436,23836,+13400,+7869,KRX
20120904,-113000,5,-1000,-0.88,88396,211,838,+627,+1107,1859,7390,+5531,+9756,KRX
20120903,+114000,2,+700,+0.62,119453,1505,1025,--480,--18,13221,8996,--4225,+26,KRX
20120831,+113300,2,+3500,+3.19,208624,2780,2318,--462,--2224,24981,20730,--4251,--20187,KRX
20120830,+109800,2,+200,+0.18,142789,855,2617,+1762,--1403,7819,23755,+15936,--13330,KRX
20120829,+109600,2,+3200,+3.01,170318,322,3487,+3165,+3127,2997,32263,+29266,+28923,KRX
20120828,+106400,2,+500,+0.47,102627,478,516,+38,--191,4544,4887,+343,--1861,KRX
20120827,+105900,2,+2800,+2.72,93263,8,237,+229,+1038,74,2278,+2204,+9979,KRX
20120824,-103100,5,-2300,-2.18,107179,1218,409,--809,--35,11700,3925,--7775,--309,KRX
20120823,+105400,2,+1500,+1.44,116972,1777,1003,--774,+1588,17157,9691,--7466,+15145,KRX
20120822,-103900,5,-3100,-2.90,150996,3891,1529,--2362,--2287,37284,14673,--22611,--21901,KRX
20120821,107000,3,0,0.00,85478,873,798,--75,+593,8223,7513,--710,+5596,KRX
20120820,107000,3,0,0.00,117298,1731,1063,--668,--2254,16209,9903,--6306,--21322,KRX
20120817,+107000,2,+3100,+2.98,176121,670,2256,+1586,+1106,6368,21384,+15016,+10384,KRX
20120816,+103900,2,+200,+0.19,85756,373,853,+480,+718,3598,8230,+4632,+6930,KRX
20120814,+103700,2,+200,+0.19,128470,536,298,--238,--974,5181,2883,--2298,--9397,KRX
20120813,+103500,2,+1000,+0.98,141617,355,1091,+736,+1394,3417,10516,+7099,+13416,KRX
20120810,-102500,5,-1100,-1.06,227527,903,245,--658,--1270,8695,2378,--6317,--12218,KRX
20120809,-103600,5,-200,-0.19,96816,298,910,+612,--1439,2876,8777,+5901,--13423,KRX
20120808,-103800,5,-3800,-3.53,177406,337,2388,+2051,+2161,3177,22501,+19324,+20324,KRX
20120807,-107600,5,-4200,-3.76,83868,624,514,--110,--589,5683,4683,--1000,--5279,KRX
20120806,-111800,5,-400,-0.36,103055,621,1100,+479,+449,5577,9856,+4279,+4009,KRX
20120803,+112200,2,+400,+0.36,66270,252,282,+30,+264,2272,2542,+270,+2397,KRX
20120802,+111800,2,+1400,+1.27,64179,690,456,--234,--263,6219,4092,--2127,--2385,KRX
20120801,-110400,5,-200,-0.18,88834,1078,1107,+29,--305,9851,10109,+258,--2818,KRX
20120731,+110600,2,+600,+0.55,133130,863,1197,+334,+606,7817,10893,+3076,+5553,KRX
20120730,-110000,5,-700,-0.63,86272,638,366,--272,+660,5835,3358,--2477,+6145,KRX
20120727,+110700,2,+1300,+1.19,177745,1714,782,--932,+403,15814,7192,--8622,+3635,KRX
20120726,-109400,5,-100,-0.09,94119,2015,680,--1335,--926,18498,6241,--12257,--8558,KRX
20120725,-109500,5,-200,-0.18,128458,973,564,--409,--2468,8846,5147,--3699,--22737,KRX
20120724,+109700,2,+5500,+5.28,148883,144,2203,+2059,+1973,1347,20385,+19038,+18220,KRX
20120723,+104200,2,+700,+0.68,130378,220,306,+86,--691,2117,2935,+818,--6715,KRX
20120720,+103500,2,+700,+0.68,96499,142,919,+777,+347,1359,8892,+7533,+3314,KRX
20120719,+102800,2,+3200,+3.21,88744,238,668,+430,+92,2327,6546,+4219,+853,KRX
20120718,-99600,5,-2400,-2.35,56642,294,632,+338,--13,2906,6272,+3366,--106,KRX
20120717,+102000,2,+1000,+0.99,63124,102,453,+351,+1297,997,4469,+3472,+12786,KRX
20120716,-101000,5,-2000,-1.94,89618,1538,592,--946,--1964,15158,5844,--9314,--19510,KRX
20120713,103000,3,0,0.00,285846,1771,2789,+1018,+744,17865,28061,+10196,+7494,KRX
20120712,-103000,5,-2500,-2.37,107081,764,1038,+274,--415,7272,9974,+2702,--3840,KRX
20120711,+105500,2,+3500,+3.43,189725,455,1144,+689,+623,4335,10877,+6542,+5890,KRX
20120710,+102000,2,+100,+0.10,33042,206,272,+66,+479,2013,2665,+652,+4680,KRX
20120709,-101900,5,-800,-0.78,53887,556,143,--413,--968,5432,1404,--4028,--9438,KRX
20120706,+102700,2,+500,+0.49,26776,177,732,+555,--1,1738,7148,+5410,--47,KRX
20120705,+102200,2,+900,+0.89,48351,174,730,+556,+451,1702,7159,+5457,+4421,KRX
20120704,-101300,5,-700,-0.69,70997,417,522,+105,--104,4078,5114,+1036,--1013,KRX
20120703,+102000,2,+1700,+1.69,59811,507,716,+209,--835,4998,7047,+2049,--8134,KRX
20120702,-100300,5,-2000,-1.96,80356,542,1586,+1044,+1329,5351,15534,+10183,+12946,KRX
20120629,-102300,5,-2100,-2.01,90990,883,598,--285,+7,8579,5816,--2763,+86,KRX
20120628,-104400,5,-500,-0.48,114332,1118,826,--292,--785,10798,7949,--2849,--7720,KRX
20120627,104900,3,0,0.00,145200,938,1431,+493,+875,9029,13900,+4871,+8521,KRX
20120626,+104900,2,+800,+0.77,57685,798,416,--382,+404,7634,3984,--3650,+3957,KRX
20120625,+104100,2,+1700,+1.66,119942,1561,775,--786,--1051,15104,7497,--7607,--10240,KRX
20120622,-102400,5,-1800,-1.73,113981,299,564,+265,+915,2932,5565,+2633,+8843,KRX
20120621,-104200,5,-600,-0.57,90359,938,288,--650,--4108,8960,2750,--6210,--39205,KRX
20120620,+104800,2,+2300,+2.24,216915,1603,5061,+3458,+3097,15298,48293,+32995,+29372,KRX
20120619,+102500,2,+5500,+5.67,313376,747,1108,+361,+264,7352,10975,+3623,+2605,KRX
20120618,-97000,5,-1300,-1.32,120190,731,828,+97,--2587,7428,8446,+1018,--26528,KRX
20120615,+98300,2,+2300,+2.40,97789,384,3068,+2684,+3750,3937,31483,+27546,+38595,KRX
20120614,-96000,5,-2200,-2.24,134872,1827,761,--1066,--1888,18946,7897,--11049,--19302,KRX
20120613,-98200,5,-1300,-1.31,145956,1430,2252,+822,+1479,14313,22566,+8253,+14822,KRX
20120612,+99500,2,+4700,+4.96,534933,1414,757,--657,--1004,14156,7587,--6569,--10262,KRX
20120611,+94800,2,+2700,+2.93,97202,115,462,+347,--2077,1223,4916,+3693,--22450,KRX
20120608,-92100,5,-2800,-2.95,155110,140,2564,+2424,+276,1485,27628,+26143,+3652,KRX
20120607,+94900,2,+1600,+1.71,142064,161,2309,+2148,+1069,1681,24172,+22491,+10963,KRX
20120605,-93300,5,-200,-0.21,122434,499,1578,+1079,+503,5317,16845,+11528,+5268,KRX
20120604,-93500,5,-5800,-5.84,265963,1120,1696,+576,--200,11930,18190,+6260,--1462,KRX
20120601,-99300,5,-1800,-1.78,159082,859,1635,+776,+85,8492,16214,+7722,+963,KRX
20120531,-101100,5,-1000,-0.98,140564,991,1682,+691,+1564,9794,16553,+6759,+15306,KRX
20120530,-102100,5,-1400,-1.35,101414,1251,378,--873,--856,12265,3718,--8547,--8359,KRX
20120529,+103500,2,+2400,+2.37,109571,804,787,--17,+3664,7862,7674,--188,+35575,KRX
20120525,-101100,5,-2800,-2.69,90057,4384,703,--3681,--1281,42619,6856,--35763,--12850,KRX
20120524,-103900,5,-2600,-2.44,77712,2580,180,--2400,--842,24635,1722,--22913,--8305,KRX
20120523,-106500,5,-1000,-0.93,65640,2417,859,--1558,+874,22658,8050,--14608,+8174,KRX
20120522,+107500,2,+1600,+1.51,157702,2913,481,--2432,--149,27263,4481,--22782,--1045,KRX
20120521,-105900,5,-200,-0.19,92103,3398,1115,--2283,--691,32334,10597,--21737,--7004,KRX
20120518,-106100,5,-4900,-4.41,79524,2445,853,--1592,--1776,22596,7863,--14733,--16419,KRX
20120517,-111000,5,-3500,-3.06,75065,698,882,+184,+375,6197,7883,+1686,+3375,KRX
20120516,+114500,2,+1600,+1.42,110331,1210,1019,--191,+495,10649,8960,--1689,+4433,KRX
20120515,-112900,5,-300,-0.27,115679,1644,958,--686,+378,14726,8604,--6122,+3459,KRX
20120514,+113200,2,+2500,+2.26,160649,1711,647,--1064,--1007,15425,5844,--9581,--9087,KRX
20120511,110700,3,0,0.00,248226,1522,1465,--57,+361,13634,13140,--494,+3240,KRX
20120510,+110700,2,+8000,+7.79,275038,675,257,--418,--720,6124,2390,--3734,--6641,KRX
20120509,-102700,5,-900,-0.87,76917,359,661,+302,--194,3476,6383,+2907,--1768,KRX
20120508,-103600,5,-4000,-3.72,145915,581,1077,+496,--628,5554,10229,+4675,--5837,KRX
20120507,+107600,2,+1700,+1.61,136436,1373,2497,+1124,--612,12819,23331,+10512,--5999,KRX
20120504,+105900,2,+4900,+4.85,404617,1591,3327,+1736,+406,15305,31816,+16511,+3574,KRX
20120503,-101000,5,-3100,-2.98,368304,1273,2603,+1330,+264,12511,25448,+12937,+2793,KRX
20120502,-104100,5,-1900,-1.79,203321,902,1968,+1066,+502,8544,18688,+10144,+4795,KRX
20120430,-106000,5,-3500,-3.20,133321,757,1321,+564,+486,7037,12386,+5349,+4498,KRX
20120427,-109500,5,-7200,-6.17,236365,2664,2742,+78,+2013,23815,24666,+851,+17503,KRX
20120426,-116700,5,-3700,-3.07,365131,2354,419,--1935,--1623,20270,3618,--16652,--14063,KRX
20120425,-120400,5,-600,-0.50,119226,926,614,--312,--499,7667,5078,--2589,--4119,KRX
20120424,+121000,2,+300,+0.25,64730,989,1176,+187,+898,8201,9731,+1530,+7427,KRX
20120423,-120700,5,-300,-0.25,27111,1090,379,--711,+950,9036,3139,--5897,+7676,KRX
20120420,-121000,5,-3200,-2.58,50293,1924,263,--1661,--3001,15721,2148,--13573,--24627,KRX
20120419,+124200,2,+1600,+1.31,139750,1847,3187,+1340,--101,15241,26295,+11054,--716,KRX
20120418,122600,3,0,0.00,85024,2535,3976,+1441,--445,20667,32437,+11770,--3626,KRX
20120417,+122600,2,+3200,+2.68,151960,563,2449,+1886,+1373,4603,19999,+15396,+11085,KRX
20120416,+119400,2,+800,+0.67,97342,1090,1603,+513,--150,9110,13421,+4311,--1372,KRX
20120413,+118600,2,+6600,+5.89,171191,520,1183,+663,--321,4447,10130,+5683,--3135,KRX
20120412,+112000,2,+400,+0.36,134104,226,1210,+984,+1435,2030,10848,+8818,+12787,KRX
20120410,-111600,5,-4400,-3.79,117780,689,238,--451,--368,6087,2118,--3969,--3267,KRX
20120409,-116000,5,-4000,-3.33,69794,359,276,--83,+916,3067,2365,--702,+7783,KRX
20120406,+120000,2,+1400,+1.18,131734,1553,554,--999,--2358,13159,4674,--8485,--20002,KRX
20120405,+118600,2,+5100,+4.49,159545,593,1952,+1359,+1326,5224,16741,+11517,+11260,KRX
20120404,-113500,5,-2100,-1.82,139735,1436,1469,+33,--464,12694,12951,+257,--3797,KRX
20120403,-115600,5,-3300,-2.78,152477,2095,2592,+497,--2437,17859,21913,+4054,--20637,KRX
20120402,-118900,5,-200,-0.17,84633,548,3482,+2934,+4872,4599,29290,+24691,+41031,KRX
20120330,-119100,5,-1400,-1.16,125768,2395,457,--1938,--2243,20180,3840,--16340,--18867,KRX
20120329,-120500,5,-1000,-0.82,87466,336,641,+305,+496,2822,5349,+2527,+4080,KRX
20120328,-121500,5,-1000,-0.82,49347,497,306,--191,--611,4048,2495,--1553,--4901,KRX
20120327,-122500,5,-500,-0.41,118921,732,1152,+420,+54,5991,9339,+3348,+410,KRX
20120326,+123000,2,+1500,+1.23,142249,1258,1624,+366,+1567,10238,13176,+2938,+12850,KRX
20120323,121500,3,0,0.00,182272,1670,469,--1201,--225,13775,3863,--9912,--1865,KRX
20120322,-121500,5,-300,-0.25,102240,1191,215,--976,--377,9819,1772,--8047,--3079,KRX
20120321,+121800,2,+6300,+5.45,190864,1086,487,--599,--1347,9154,4186,--4968,--11418,KRX
20120320,-115500,5,-2400,-2.04,143638,197,945,+748,+1069,1702,8152,+6450,+9149,KRX
20120319,-117900,5,-1700,-1.42,95166,379,58,--321,+452,3185,486,--2699,+3758,KRX
20120316,-119600,5,-700,-0.58,90651,855,82,--773,+718,7142,685,--6457,+5981,KRX
20120315,+120300,2,+1800,+1.52,234547,1987,496,--1491,--2870,16554,4116,--12438,--24188,KRX
20120314,+118500,2,+4200,+3.67,220539,1070,2449,+1379,+4395,9085,20835,+11750,+38238,KRX
20120313,-114300,5,-700,-0.61,209643,3426,410,--3016,--1704,30071,3583,--26488,--14986,KRX
20120312,+115000,2,+400,+0.35,80024,1470,158,--1312,--683,12884,1382,--11502,--6025,KRX
20120309,+114600,2,+800,+0.70,111380,745,116,--629,+1358,6485,1008,--5477,+12188,KRX
20120308,+113800,2,+1900,+1.70,171238,2642,655,--1987,--2049,23510,5845,--17665,--18243,KRX
20120307,+111900,2,+800,+0.72,183295,747,809,+62,--399,6802,7380,+578,--3545,KRX
20120306,-111100,5,-400,-0.36,74804,373,834,+461,--39,3355,7478,+4123,--339,KRX
20120305,-111500,5,-1000,-0.89,99737,287,787,+500,+775,2562,7024,+4462,+6917,KRX
20120302,-112500,5,-200,-0.18,167451,463,188,--275,+2368,4138,1683,--2455,+21106,KRX
20120229,-112700,5,-1300,-1.14,211694,3372,729,--2643,--1569,30073,6512,--23561,--14210,KRX
20120228,-114000,5,-2800,-2.40,143945,1226,152,--1074,--39,10663,1312,--9351,--458,KRX
20120227,-116800,5,-1200,-1.02,109239,1616,581,--1035,--1202,13875,4982,--8893,--10208,KRX
20120224,+118000,2,+2600,+2.25,234727,2200,2367,+167,+209,18710,20025,+1315,+1713,KRX
20120223,+115400,2,+900,+0.79,165860,578,536,--42,+966,5046,4648,--398,+8531,KRX
20120222,+114500,2,+1100,+0.97,171099,1512,504,--1008,--880,13367,4438,--8929,--7820,KRX
20120221,+113400,2,+2500,+2.25,116727,576,448,--128,+505,5125,4016,--1109,+4594,KRX
20120220,-110900,5,-2300,-2.03,243682,1166,533,--633,+656,10521,4818,--5703,+5627,KRX
20120217,-113200,5,-1800,-1.57,208836,1659,370,--1289,--1081,14560,3230,--11330,--9517,KRX
20120216,-115000,5,-300,-0.26,124012,1026,818,--208,+616,8914,7101,--1813,+5230,KRX
20120215,-115300,5,-5000,-4.16,269881,1619,795,--824,+1659,13906,6863,--7043,+13613,KRX
20120214,+120300,2,+100,+0.08,87267,2684,201,--2483,--1560,22325,1669,--20656,--12806,KRX
20120213,+120200,2,+2700,+2.30,99673,972,49,--923,--525,8264,414,--7850,--4370,KRX
20120210,+117500,2,+2700,+2.35,116984,1052,654,--398,--141,9136,5656,--3480,--1260,KRX
20120209,-114800,5,-3000,-2.55,110730,678,421,--257,+1016,5882,3662,--2220,+8598,KRX
20120208,+117800,2,+1000,+0.86,116525,2004,731,--1273,--1693,17026,6208,--10818,--14431,KRX
20120207,+116800,2,+2300,+2.01,187702,1240,1660,+420,+875,10786,14399,+3613,+7489,KRX
20120206,-114500,5,-7800,-6.38,365604,1644,1189,--455,--100,14113,10237,--3876,--1006,KRX
20120203,-122300,5,-1800,-1.45,202851,1389,1034,--355,+342,11338,8468,--2870,+2707,KRX
20120202,-124100,5,-5100,-3.95,249589,2024,1327,--697,+284,16183,10606,--5577,+1959,KRX
20120201,-129200,5,-2700,-2.05,60816,1385,404,--981,--2909,10647,3111,--7536,--22131,KRX
20120131,+131900,2,+700,+0.53,143038,1750,3678,+1928,--1707,13314,27909,+14595,--13084,KRX
20120130,+131200,2,+2200,+1.71,98032,501,4136,+3635,+3298,3823,31502,+27679,+25081,KRX
20120127,+129000,2,+1500,+1.18,82876,409,746,+337,--190,3180,5778,+2598,--1510,KRX
20120126,+127500,2,+1800,+1.43,60287,395,922,+527,+1972,3099,7207,+4108,+15550,KRX
20120125,-125700,5,-2200,-1.72,132331,1630,185,--1445,--399,12905,1463,--11442,--3291,KRX
20120120,-127900,5,-3100,-2.37,138539,1206,160,--1046,--478,9405,1254,--8151,--3809,KRX
20120119,131000,3,0,0.00,70104,694,126,--568,+270,5300,958,--4342,+2039,KRX
20120118,-131000,5,-1500,-1.13,67716,1328,490,--838,--1417,10097,3716,--6381,--10729,KRX
20120117,+132500,2,+3300,+2.55,63595,797,1376,+579,+325,6031,10379,+4348,+2394,KRX
20120116,+129200,2,+3900,+3.11,77037,277,531,+254,+675,2162,4116,+1954,+5249,KRX
20120113,-125300,5,-4200,-3.24,124383,590,169,--421,+1247,4628,1333,--3295,+9526,KRX
20120112,-129500,5,-2500,-1.89,68560,1920,252,--1668,+387,14756,1935,--12821,+2814,KRX
20120111,+132000,2,+600,+0.46,84066,2811,756,--2055,--1846,21347,5712,--15635,--14038,KRX
20120110,+131400,2,+6200,+4.95,156554,604,395,--209,--1368,4654,3057,--1597,--10867,KRX
20120109,+125200,2,+3200,+2.62,83724,258,1417,+1159,+1233,2073,11343,+9270,+9846,KRX
20120106,-122000,5,-3600,-2.87,46053,516,442,--74,--9,4130,3554,--576,--61,KRX
20120105,+125600,2,+1100,+0.88,76121,651,586,--65,+2180,5145,4630,--515,+17401,KRX
20120104,-124500,5,-2600,-2.05,93494,2428,183,--2245,--2039,19382,1466,--17916,--16281,KRX
20120103,+127100,2,+3400,+2.75,104827,1340,1134,--206,--1924,10609,8974,--1635,--15572,KRX
20120102,+123700,2,+3700,+3.08,95726,352,2070,+1718,+1037,2878,16815,+13937,+8302,KRX
20111229,-120000,5,-1600,-1.32,98343,711,1392,+681,+1757,5901,11536,+5635,+14342,KRX
20111228,-121600,5,-2000,-1.62,59412,1375,299,--1076,--1340,11153,2446,--8707,--10871,KRX
20111227,-123600,5,-2400,-1.90,131206,580,844,+264,+809,4673,6837,+2164,+6416,KRX
20111226,-126000,5,-1800,-1.41,61627,831,286,--545,--510,6514,2262,--4252,--3970,KRX
20111223,-127800,5,-500,-0.39,129904,498,463,--35,+75,3909,3627,--282,+588,KRX
20111222,-128300,5,-400,-0.31,82187,309,199,--110,+23,2427,1557,--870,+164,KRX
20111221,+128700,2,+500,+0.39,107865,460,327,--133,--457,3561,2527,--1034,--3570,KRX
20111220,-128200,5,-4300,-3.25,245632,575,899,+324,--267,4506,7042,+2536,--1970,KRX
20111219,-132500,5,-4200,-3.07,123396,541,1132,+591,--1245,4107,8613,+4506,--9113,KRX
20111216,+136700,2,+3900,+2.94,56433,505,2341,+1836,+830,3746,17365,+13619,+6049,KRX
20111215,-132800,5,-2000,-1.48,60122,321,1327,+1006,+643,2411,9981,+7570,+4873,KRX
20111214,+134800,2,+700,+0.52,50171,272,635,+363,+114,2014,4711,+2697,+867,KRX
20111213,-134100,5,-3900,-2.83,34624,489,738,+249,--1044,3600,5430,+1830,--7613,KRX
20111212,+138000,2,+4800,+3.60,62745,291,1584,+1293,+178,2150,11593,+9443,+1080,KRX
20111209,-133200,5,-2000,-1.48,79510,872,1987,+1115,--797,6560,14923,+8363,--5713,KRX
20111208,-135200,5,-1400,-1.02,85585,1229,3141,+1912,+1198,9076,23152,+14076,+8875,KRX
20111207,-136600,5,-1400,-1.01,70798,1486,2200,+714,--677,10834,16035,+5201,--4809,KRX
20111206,-138000,5,-3000,-2.13,55532,340,1731,+1391,--592,2447,12457,+10010,--4144,KRX
20111205,+141000,2,+1500,+1.08,75551,801,2784,+1983,--756,5740,19894,+14154,--5457,KRX
20111202,+139500,2,+700,+0.50,83214,368,3107,+2739,+28,2638,22249,+19611,+1132,KRX
20111201,-138800,5,-7200,-4.93,279926,2060,4771,+2711,+1169,14461,32940,+18479,+8127,KRX
20111130,-146000,5,-300,-0.21,114990,1575,3117,+1542,+893,10652,21004,+10352,+5946,KRX
20111129,-146300,5,-700,-0.48,63023,1118,1767,+649,--440,7615,12021,+4406,--3139,KRX
20111128,+147000,2,+4300,+3.01,59618,481,1570,+1089,+1366,3348,10893,+7545,+9498,KRX
20111125,-142700,5,-1000,-0.70,39510,557,280,--277,--824,3920,1967,--1953,--5749,KRX
20111124,+143700,2,+2200,+1.55,51837,1196,1743,+547,+581,8364,12160,+3796,+4031,KRX
20111123,-141500,5,-200,-0.14,48729,815,781,--34,--2880,5779,5544,--235,--20441,KRX
20111122,+141700,2,+3300,+2.38,68523,296,3142,+2846,+3107,2120,22326,+20206,+22084,KRX
20111121,-138400,5,-1300,-0.93,54675,910,649,--261,--951,6577,4699,--1878,--6736,KRX
20111118,-139700,5,-2000,-1.41,58032,1553,2243,+690,+178,11081,15939,+4858,+1225,KRX
20111117,+141700,2,+3500,+2.53,46960,361,873,+512,+340,2562,6195,+3633,+2366,KRX
20111116,+138200,2,+500,+0.36,88301,611,783,+172,--142,4335,5602,+1267,--990,KRX
20111115,-137700,5,-4200,-2.96,93352,125,439,+314,+1717,894,3151,+2257,+12173,KRX
20111114,-141900,5,-300,-0.21,126458,2081,678,--1403,--2760,14692,4776,--9916,--19499,KRX
20111111,+142200,2,+900,+0.64,82513,233,1590,+1357,+1247,1643,11226,+9583,+8781,KRX
20111110,-141300,5,-2200,-1.53,204801,483,593,+110,--928,3438,4240,+802,--6606,KRX
20111109,+143500,2,+9200,+6.85,225384,451,1489,+1038,+2944,3315,10723,+7408,+21633,KRX
20111108,-134300,5,-900,-0.67,144180,2268,362,--1906,+1022,16893,2668,--14225,+7340,KRX
20111107,+135200,2,+3300,+2.50,492654,3406,478,--2928,--3198,25058,3493,--21565,--23616,KRX
20111104,+131900,2,+1900,+1.46,115892,2070,2340,+270,+43,15702,17753,+2051,+364,KRX
20111103,-130000,5,-3500,-2.62,89128,1018,1245,+227,--3161,7634,9321,+1687,--24052,KRX
20111102,+133500,2,+3300,+2.53,233470,332,3720,+3388,+4732,2500,28239,+25739,+35873,KRX
20111101,-130200,5,-5700,-4.19,182576,1615,271,--1344,--494,12186,2052,--10134,--3835,KRX
20111031,+135900,2,+1700,+1.27,199991,1030,180,--850,--2803,7638,1339,--6299,--21136,KRX
20111028,-134200,5,-5400,-3.87,363193,757,2710,+1953,+1621,5613,20450,+14837,+12495,KRX
20111027,-139600,5,-7300,-4.97,215062,1371,1703,+332,+370,9713,12055,+2342,+2607,KRX
20111026,+146900,2,+1000,+0.69,53388,403,365,--38,+7047,2751,2486,--265,+49148,KRX
20111025,-145900,5,-2100,-1.42,188841,7470,385,--7085,--5577,52072,2659,--49413,--39117,KRX
20111024,148000,3,0,0.00,93801,2205,697,--1508,--1992,15053,4757,--10296,--13588,KRX
20111021,+148000,2,+4500,+3.14,155816,836,1320,+484,--339,5679,8971,+3292,--2413,KRX
20111020,-143500,5,-2700,-1.85,90012,1202,2025,+823,+701,8346,14051,+5705,+4874,KRX
20111019,+146200,2,+200,+0.14,145909,1066,1188,+122,--4063,7184,8015,+831,--27849,KRX
20111018,+146000,2,+6400,+4.58,218981,637,4822,+4185,+3753,4407,33087,+28680,+25626,KRX
20111017,-139600,5,-1400,-0.99,140887,315,747,+432,--282,2227,5281,+3054,--2141,KRX
20111014,+141000,2,+6000,+4.44,136419,346,1060,+714,+1678,2520,7715,+5195,+12270,KRX
20111013,+135000,2,+2600,+1.96,187711,2039,1075,--964,--2569,14986,7911,--7075,--19445,KRX
20111012,+132400,2,+5400,+4.25,164294,656,2261,+1605,+1968,5050,17420,+12370,+15142,KRX
20111011,-127000,5,-2000,-1.55,136226,1461,1098,--363,--362,11358,8586,--2772,--2789,KRX
20111010,+129000,2,+3600,+2.87,106881,886,885,--1,--487,6966,6983,+17,--3766,KRX
20111007,-125400,5,-6600,-5.00,191667,1106,1592,+486,--695,8746,12529,+3783,--5152,KRX
20111006,+132000,2,+6200,+4.93,167955,918,2099,+1181,+1491,6938,15873,+8935,+11300,KRX
20111005,-125800,5,-8200,-6.12,173211,874,564,--310,--3030,6685,4320,--2365,--22654,KRX
20111004,-134000,5,-9400,-6.56,255174,1035,3755,+2720,+2977,7737,28026,+20289,+22086,KRX
20110930,+143400,2,+200,+0.14,63071,1005,748,--257,--422,7040,5243,--1797,--2938,KRX
20110929,+143200,2,+4100,+2.95,68954,599,764,+165,+1653,4256,5397,+1141,+11859,KRX
20110928,-139100,5,-900,-0.64,77411,2188,700,--1488,--2011,15759,5041,--10718,--14470,KRX
20110927,+140000,2,+7300,+5.50,71620,645,1168,+523,+126,4668,8420,+3752,+803,KRX
20110926,-132700,5,-4200,-3.07,92007,1090,1487,+397,--237,8245,11194,+2949,--1603,KRX
20110923,-136900,5,-6100,-4.27,98849,783,1417,+634,--1176,5619,10171,+4552,--8094,KRX
20110922,-143000,5,-3500,-2.39,196091,803,2613,+1810,+2197,5571,18217,+12646,+15386,KRX
20110921,+146500,2,+13000,+9.74,181795,1028,641,--387,--871,7299,4559,--2740,--6328,KRX
20110920,+133500,2,+3400,+2.61,130047,1213,1697,+484,--1214,9219,12807,+3588,--9239,KRX
20110919,-130100,5,-2400,-1.81,53558,226,1924,+1698,--349,1712,14539,+12827,--2503,KRX
20110916,+132500,2,+1100,+0.84,91832,839,2886,+2047,+1205,6312,21642,+15330,+8817,KRX
20110915,+131400,2,+3700,+2.90,83038,285,1127,+842,+1460,2197,8710,+6513,+11263,KRX
20110914,-127700,5,-800,-0.62,108455,1628,1010,--618,--613,12579,7829,--4750,--4789,KRX
20110909,-128500,5,-7500,-5.51,109365,1066,1061,--5,+144,8105,8144,+39,+1237,KRX
20110908,-136000,5,-800,-0.58,206684,912,763,--149,+349,6888,5690,--1198,+2427,KRX
20110907,+136800,2,+2800,+2.09,160726,730,232,--498,--404,5313,1688,--3625,--2937,KRX
20110906,+134000,2,+200,+0.15,193699,1223,1129,--94,--310,9098,8410,--688,--2284,KRX
20110905,-133800,5,-700,-0.52,198102,520,736,+216,+340,3891,5487,+1596,+2681,KRX
20110902,+134500,2,+6500,+5.08,315468,1007,883,--124,--314,7755,6670,--1085,--2544,KRX
20110901,+128000,2,+1000,+0.79,206243,1332,1522,+190,--2000,10401,11860,+1459,--15718,KRX
20110831,+127000,2,+2800,+2.25,356201,1554,3744,+2190,+1341,12210,29387,+17177,+10236,KRX
20110830,+124200,2,+4800,+4.02,180481,168,1017,+849,+644,1383,8324,+6941,+5230,KRX
20110829,+119400,2,+400,+0.34,141044,1627,1832,+205,--1266,13749,15460,+1711,--10518,KRX
20110826,+119000,2,+100,+0.08,150070,203,1674,+1471,+1959,1708,13937,+12229,+16354,KRX
20110825,+118900,2,+2300,+1.97,174172,1629,1141,--488,+1137,13718,9593,--4125,+9681,KRX
20110824,-116600,5,-4200,-3.48,181628,2015,390,--1625,--1591,17118,3312,--13806,--13505,KRX
20110823,-120800,5,-1700,-1.39,210071,861,827,--34,+760,7127,6826,--301,+6217,KRX
20110822,-122500,5,-2300,-1.84,312843,1935,1141,--794,--2094,15794,9276,--6518,--16846,KRX
20110819,-124800,5,-2700,-2.12,376729,1194,2494,+1300,--389,9493,19821,+10328,--2828,KRX
20110818,+127500,2,+4000,+3.24,669102,736,2425,+1689,--147,5811,18967,+13156,--2644,KRX
20110817,+123500,2,+4500,+3.78,1256536,1293,3129,+1836,--531,11093,26893,+15800,--4102,KRX
20110816,-119000,5,-10400,-8.04,1204341,1254,3621,+2367,+10571,10315,30217,+19902,+83541,KRX
20110812,-129400,5,-5600,-4.15,343136,11655,3451,--8204,--9714,90262,26623,--63639,--75205,KRX
20110811,+135000,2,+7000,+5.47,135295,190,1700,+1510,+2907,1464,13030,+11566,+22326,KRX
20110810,+128000,2,+2200,+1.75,179654,3025,1628,--1397,--2845,23269,12509,--10760,--22504,KRX
20110809,-125800,5,-5000,-3.82,119503,1047,2495,+1448,+2579,8363,20107,+11744,+20483,KRX
20110808,-130800,5,-4100,-3.04,168505,2598,1467,--1131,--2411,20110,11371,--8739,--18228,KRX
20110805,-134900,5,-2600,-1.89,238721,2182,3462,+1280,--1236,16133,25622,+9489,--8825,KRX
20110804,+137500,2,+3600,+2.69,141835,792,3308,+2516,+431,5736,24050,+18314,+2633,KRX
20110803,+133900,2,+3900,+3.00,83534,241,2326,+2085,--1862,1818,17499,+15681,--14128,KRX
20110802,-130000,5,-3400,-2.55,139704,1988,5935,+3947,+2766,14962,44771,+29809,+20950,KRX
20110801,+133400,2,+1400,+1.06,71417,315,1496,+1181,+2133,2362,11221,+8859,+15904,KRX
20110729,-132000,5,-3000,-2.22,122337,2961,2009,--952,--1404,22098,15053,--7045,--10357,KRX
20110728,-135000,5,-7000,-4.93,150406,675,1127,+452,+5776,4929,8241,+3312,+41349,KRX
20110727,-142000,5,-500,-0.35,230749,6099,775,--5324,--8156,43569,5532,--38037,--58492,KRX
20110726,+142500,2,+3900,+2.81,92067,1014,3846,+2832,+1284,7279,27734,+20455,+9298,KRX
20110725,138600,3,0,0.00,126624,123,1671,+1548,--1161,885,12042,+11157,--8401,KRX
20110722,+138600,2,+1600,+1.17,100872,695,3404,+2709,+2923,4984,24542,+19558,+21079,KRX
20110721,+137000,2,+1000,+0.74,112279,1286,1072,--214,+756,9392,7871,--1521,+5640,KRX
20110720,+136000,2,+4200,+3.19,222689,1909,939,--970,--2998,14091,6930,--7161,--22546,KRX
20110719,+131800,2,+4700,+3.70,323794,1704,3732,+2028,--259,12911,28296,+15385,--2728,KRX
20110718,+127100,2,+4600,+3.76,155080,91,2378,+2287,+158,728,18841,+18113,+564,KRX
20110715,-122500,5,-500,-0.41,203431,90,2219,+2129,+3421,734,18283,+17549,+28001,KRX
20110714,-123000,5,-3300,-2.61,145278,1851,559,--1292,--2705,14985,4533,--10452,--21722,KRX
20110713,+126300,2,+8800,+7.49,217594,962,2375,+1413,+1122,7745,19015,+11270,+8795,KRX
20110712,-117500,5,-2900,-2.41,289848,592,883,+291,+858,4954,7429,+2475,+7194,KRX
20110711,+120400,2,+3400,+2.91,144485,1153,586,--567,--751,9695,4976,--4719,--6270,KRX
20110708,+117000,2,+5000,+4.46,290978,678,862,+184,+281,5919,7470,+1551,+2422,KRX
20110707,+112000,2,+300,+0.27,123574,314,217,--97,+2,2808,1937,--871,+27,KRX
20110706,-111700,5,-300,-0.27,67278,389,290,--99,--206,3495,2597,--898,--1856,KRX
20110705,112000,3,0,0.00,69617,108,215,+107,--2,962,1920,+958,--9,KRX
20110704,+112000,2,+1900,+1.73,194898,156,265,+109,+387,1397,2364,+967,+3508,KRX
20110701,-110100,5,-900,-0.81,103381,872,594,--278,--455,7937,5396,--2541,--4134,KRX
20110630,+111000,2,+500,+0.45,48737,538,715,+177,--2323,4830,6423,+1593,--21038,KRX
20110629,+110500,2,+500,+0.45,83158,137,2637,+2500,+2374,1241,23872,+22631,+21488,KRX
20110628,-110000,5,-600,-0.54,72331,130,256,+126,+336,1186,2329,+1143,+3026,KRX
20110627,-110600,5,-3100,-2.73,34282,522,312,--210,--22,4686,2803,--1883,--233,KRX
20110624,+113700,2,+1200,+1.07,29411,321,133,--188,+180,2826,1176,--1650,+1571,KRX
20110623,-112500,5,-3100,-2.68,45504,586,218,--368,--1205,5147,1926,--3221,--10482,KRX
20110622,+115600,2,+2300,+2.03,41785,59,896,+837,+666,508,7769,+7261,+5768,KRX
20110621,+113300,2,+800,+0.71,28846,204,375,+171,+253,1832,3325,+1493,+2225,KRX
20110620,-112500,5,-1300,-1.14,15168,228,146,--82,--793,2019,1287,--732,--7031,KRX
20110617,+113800,2,+300,+0.26,39297,321,1032,+711,+525,2848,9147,+6299,+4662,KRX
20110616,+113500,2,+600,+0.53,46580,453,639,+186,--768,3988,5625,+1637,--7064,KRX
20110615,+112900,2,+1800,+1.62,106630,774,1728,+954,--195,6997,15698,+8701,--1524,KRX
20110614,-111100,5,-1700,-1.51,56469,31,1180,+1149,+1025,280,10505,+10225,+9129,KRX
20110613,+112800,2,+600,+0.53,25791,195,319,+124,+281,1736,2832,+1096,+2521,KRX
20110610,-112200,5,-800,-0.71,66672,844,687,--157,--3,7449,6024,--1425,--69,KRX
20110609,-113000,5,-1600,-1.40,37079,447,293,--154,--524,3935,2579,--1356,--4598,KRX
20110608,114600,3,0,0.00,30762,91,461,+370,--1774,798,4040,+3242,--15758,KRX
20110607,+114600,2,+2700,+2.41,64143,239,2383,+2144,+1582,2110,21110,+19000,+13967,KRX
20110603,+111900,2,+2900,+2.66,61909,424,986,+562,--521,3800,8833,+5033,--4907,KRX
20110602,+109000,2,+2000,+1.87,68860,291,1374,+1083,--65,2687,12627,+9940,--816,KRX
20110601,+107000,2,+2200,+2.10,39005,47,1195,+1148,--678,440,11196,+10756,--6730,KRX
20110531,+104800,2,+2900,+2.85,70647,38,1864,+1826,+1646,367,17853,+17486,+15718,KRX
20110530,101900,3,0,0.00,16324,41,221,+180,--14,395,2163,+1768,--134,KRX
20110527,-101900,5,-100,-0.10,29975,221,415,+194,--78,2170,4072,+1902,--770,KRX
20110526,+102000,2,+1500,+1.49,40135,192,464,+272,--950,1895,4567,+2672,--9519,KRX
20110525,+100500,2,+500,+0.50,77995,99,1321,+1222,+424,994,13185,+12191,+4241,KRX
20110524,-100000,5,-1700,-1.67,141698,233,1031,+798,--1374,2309,10259,+7950,--13110,KRX
20110523,+101700,2,+800,+0.79,106346,158,2330,+2172,+2471,1562,22622,+21060,+24000,KRX
20110520,-100900,5,-1100,-1.08,35234,883,584,--299,--43,8702,5762,--2940,--360,KRX
20110519,-102000,5,-1000,-0.97,52880,1724,1468,--256,--1349,16946,14366,--2580,--13088,KRX
20110518,-103000,5,-1100,-1.06,78930,1165,2258,+1093,--1232,11315,21823,+10508,--11875,KRX
20110517,+104100,2,+300,+0.29,112615,410,2735,+2325,+1493,3960,26343,+22383,+14352,KRX
20110516,+103800,2,+500,+0.48,87338,435,1267,+832,+638,4205,12236,+8031,+6156,KRX
20110513,+103300,2,+1800,+1.77,50798,360,554,+194,--70,3507,5382,+1875,--726,KRX
20110512,-101500,5,-600,-0.59,77256,305,569,+264,--20,3020,5621,+2601,--168,KRX
20110511,-102100,5,-400,-0.39,52945,142,426,+284,+857,1373,4142,+2769,+8339,KRX
20110509,-102500,5,-3500,-3.30,83754,1227,654,--573,--640,11936,6366,--5570,--6191,KRX
20110506,-106000,5,-2700,-2.48,100792,559,626,+67,--24,5263,5884,+621,--203,KRX
20110504,108700,3,0,0.00,62181,520,611,+91,--35,4793,5617,+824,--330,KRX
20110503,-108700,5,-4000,-3.55,74735,866,992,+126,+1493,7835,8989,+1154,+13719,KRX
20110502,+112700,2,+2900,+2.64,92586,1566,199,--1367,--2677,14381,1816,--12565,--24741,KRX
20110429,+109800,2,+3100,+2.91,105992,798,2108,+1310,+686,7431,19607,+12176,+6402,KRX
20110428,+106700,2,+1500,+1.43,155583,625,1249,+624,--105,5821,11595,+5774,--1152,KRX
20110427,-105200,5,-1000,-0.94,156406,239,968,+729,+822,2266,9192,+6926,+7806,KRX
20110426,+106200,2,+1200,+1.14,98079,440,347,--93,--695,4189,3309,--880,--6664,KRX
20110425,-105000,5,-200,-0.19,83669,343,945,+602,+2353,3290,9074,+5784,+22136,KRX
20110422,-105200,5,-4300,-3.93,123862,2483,732,--1751,--605,23305,6953,--16352,--5549,KRX
20110421,+109500,2,+500,+0.46,208579,1674,528,--1146,+25,15718,4915,--10803,--19,KRX
20110420,+109000,2,+300,+0.28,69040,1328,157,--1171,--1305,12225,1441,--10784,--12013,KRX
20110419,+108700,2,+2100,+1.97,119486,734,868,+134,--6,6750,7979,+1229,--73,KRX
20110418,-106600,5,-2000,-1.84,73147,348,488,+140,+1496,3268,4570,+1302,+14040,KRX
20110415,+108600,2,+4700,+4.52,283663,1684,328,--1356,--1328,15790,3052,--12738,--12399,KRX
20110414,+103900,2,+5100,+5.16,269272,500,472,--28,+886,4955,4616,--339,+9067,KRX
20110413,+98800,2,+800,+0.82,102538,1026,112,--914,--384,10548,1142,--9406,--3924,KRX
20110412,98000,3,0,0.00,144597,850,320,--530,+18,8805,3323,--5482,+87,KRX
20110411,-98000,5,-500,-0.51,82160,709,161,--548,--518,7204,1635,--5569,--5260,KRX
20110408,-98500,5,-400,-0.40,91177,242,212,--30,+434,2453,2144,--309,+4364,KRX
20110407,+98900,2,+700,+0.71,94769,713,249,--464,--418,7165,2492,--4673,--4215,KRX
20110406,-98200,5,-1600,-1.60,41161,308,262,--46,+553,3114,2656,--458,+5599,KRX
20110405,+99800,2,+1000,+1.01,62856,655,56,--599,--57,6626,569,--6057,--554,KRX
20110404,-98800,5,-500,-0.50,99818,654,112,--542,--830,6631,1128,--5503,--8473,KRX
20110401,+99300,2,+1300,+1.33,90421,640,928,+288,+6,6491,9461,+2970,+101,KRX
20110331,-98000,5,-1800,-1.80,54328,278,560,+282,--209,2793,5662,+2869,--2077,KRX
20110330,+99800,2,+1500,+1.53,84561,327,818,+491,--645,3305,8251,+4946,--6399,KRX
20110329,-98300,5,-500,-0.51,182299,536,1672,+1136,--1851,5382,16727,+11345,--19266,KRX
20110328,+98800,2,+2000,+2.07,107137,460,3447,+2987,+3630,4721,35332,+30611,+37290,KRX
20110325,-96800,5,-600,-0.62,72883,1163,520,--643,--436,12086,5407,--6679,--4523,KRX
20110324,+97400,2,+1600,+1.67,188066,1122,915,--207,--426,11645,9489,--2156,--4444,KRX
20110323,+95800,2,+3800,+4.13,114945,171,390,+219,+1132,1795,4083,+2288,+12377,KRX
20110322,+92000,2,+1600,+1.77,88471,982,69,--913,--294,10851,762,--10089,--3218,KRX
20110321,-90400,5,-600,-0.66,113735,1194,575,--619,--1858,13249,6378,--6871,--20378,KRX
20110318,+91000,2,+300,+0.33,110228,1595,2834,+1239,+503,17464,30971,+13507,+5303,KRX
20110317,+90700,2,+500,+0.55,59457,590,1326,+736,--691,6606,14810,+8204,--7509,KRX
20110316,+90200,2,+200,+0.22,121235,1005,2432,+1427,+1904,11142,26855,+15713,+20940,KRX
20110315,-90000,5,-1000,-1.10,142015,786,309,--477,+598,8661,3434,--5227,+6610,KRX
20110314,-91000,5,-1500,-1.62,119168,1216,141,--1075,--508,13392,1555,--11837,--5721,KRX
20110311,-92500,5,-2400,-2.53,96870,1294,727,--567,--483,14007,7891,--6116,--5297,KRX
20110310,-94900,5,-2100,-2.16,120923,444,360,--84,+507,4652,3833,--819,+5410,KRX
20110309,+97000,2,+1600,+1.68,61086,806,215,--591,--1390,8498,2269,--6229,--14743,KRX
20110308,+95400,2,+2800,+3.02,100091,200,999,+799,--105,2124,10638,+8514,--1161,KRX
20110307,-92600,5,-2000,-2.11,122908,291,1195,+904,+1334,3107,12782,+9675,+14070,KRX
20110304,-94600,5,-3900,-3.96,202019,971,541,--430,--620,10100,5705,--4395,--6379,KRX
20110303,+98500,2,+2700,+2.82,191717,37,227,+190,+2333,387,2371,+1984,+24364,KRX
20110302,-95800,5,-3800,-3.82,245244,2768,625,--2143,--3010,28893,6513,--22380,--31211,KRX
20110228,+99600,2,+1800,+1.84,260274,283,1150,+867,+905,2913,11744,+8831,+9170,KRX
20110225,+97800,2,+4900,+5.27,206255,386,348,--38,--1432,3967,3628,--339,--15286,KRX
20110224,+92900,2,+3400,+3.80,260861,1027,2421,+1394,+1893,11145,26092,+14947,+20562,KRX
20110223,+89500,2,+100,+0.11,123410,728,229,--499,--573,8205,2590,--5615,--6445,KRX
20110222,-89400,5,-100,-0.11,49251,235,309,+74,--22,2629,3459,+830,--247,KRX
20110221,+89500,2,+1000,+1.13,191062,51,147,+96,+864,573,1650,+1077,+9876,KRX
20110218,+88500,2,+1400,+1.61,117362,1080,312,--768,--846,12364,3565,--8799,--9635,KRX
20110217,+87100,2,+900,+1.04,155393,673,751,+78,+647,7906,8742,+836,+7420,KRX
20110216,-86200,5,-200,-0.23,127447,979,410,--569,--854,11296,4712,--6584,--9905,KRX
20110215,+86400,2,+1400,+1.65,315242,180,465,+285,+33,2097,5418,+3321,+364,KRX
20110214,+85000,2,+1100,+1.31,102930,337,589,+252,--548,3999,6956,+2957,--6439,KRX
20110211,+83900,2,+200,+0.24,237910,7,807,+800,+311,86,9482,+9396,+3619,KRX
20110210,+83700,2,+300,+0.36,122975,214,703,+489,+268,2553,8330,+5777,+3077,KRX
20110209,+83400,2,+400,+0.48,95618,268,489,+221,+698,3265,5965,+2700,+8455,KRX
20110208,+83000,2,+700,+0.85,71792,760,283,--477,--482,9167,3412,--5755,--5807,KRX
20110207,+82300,2,+800,+0.98,73403,564,569,+5,+620,6815,6867,+52,+7674,KRX
20110201,+81500,2,+900,+1.12,56923,697,82,--615,--257,8636,1014,--7622,--3233,KRX
20110131,-80600,5,-2600,-3.13,78802,842,484,--358,--276,10359,5970,--4389,--3388,KRX
20110128,+83200,2,+200,+0.24,107175,401,319,--82,+158,4814,3813,--1001,+1921,KRX
20110127,+83000,2,+1600,+1.97,121111,483,243,--240,--27,5898,2976,--2922,--271,KRX
20110126,+81400,2,+2400,+3.04,124754,410,197,--213,+36,5072,2421,--2651,+491,KRX
20110125,-79000,5,-500,-0.63,96381,552,303,--249,+318,6955,3813,--3142,+4044,KRX
20110124,+79500,2,+800,+1.02,74611,623,56,--567,+490,7897,711,--7186,+6415,KRX
20110121,78700,3,0,0.00,75167,1175,118,--1057,--798,15119,1518,--13601,--10313,KRX
20110120,-78700,5,-1400,-1.75,59740,315,56,--259,--35,3999,711,--3288,--470,KRX
20110119,+80100,2,+1500,+1.91,98082,275,51,--224,--258,3462,644,--2818,--3282,KRX
20110118,-78600,5,-2200,-2.72,76728,229,263,+34,+89,2884,3348,+464,+1167,KRX
20110117,+80800,2,+200,+0.25,118108,362,307,--55,+33,4535,3832,--703,+391,KRX
20110114,-80600,5,-600,-0.74,192936,202,114,--88,+41,2502,1408,--1094,+526,KRX
20110113,+81200,2,+1100,+1.37,109322,224,95,--129,+247,2805,1185,--1620,+3078,KRX
20110112,-80100,5,-900,-1.11,89229,450,74,--376,--153,5623,925,--4698,--1862,KRX
20110111,+81000,2,+1700,+2.14,83664,226,3,--223,--212,2874,38,--2836,--2700,KRX
20110110,-79300,5,-800,-1.00,57982,138,127,--11,--60,1724,1588,--136,--736,KRX
20110107,+80100,2,+1900,+2.43,131875,144,193,+49,--528,1825,2425,+600,--6760,KRX
20110106,+78200,2,+200,+0.26,44358,95,672,+577,+563,1217,8577,+7360,+7172,KRX
20110105,+78000,2,+400,+0.52,55443,164,178,+14,--86,2096,2284,+188,--1123,KRX
20110104,+77600,2,+800,+1.04,77414,89,189,+100,+654,1140,2451,+1311,+8550,KRX
20110103,-76800,5,-400,-0.52,67366,724,170,--554,--263,9448,2209,--7239,--3410,KRX
20101230,+77200,2,+900,+1.18,105189,481,190,--291,+540,6321,2492,--3829,+7303,KRX
20101229,+76300,2,+3200,+4.38,115503,1190,359,--831,+111,15959,4827,--11132,+1664,KRX
20101228,-73100,5,-500,-0.68,62743,1361,419,--942,--370,18506,5710,--12796,--5123,KRX
20101227,-73600,5,-1700,-2.26,40542,819,247,--572,+1183,11024,3351,--7673,+15695,KRX
20101224,-75300,5,-800,-1.05,72492,1891,136,--1755,--950,25165,1797,--23368,--12685,KRX
20101223,+76100,2,+900,+1.20,78764,884,79,--805,--1066,11726,1043,--10683,--14142,KRX
20101222,+75200,2,+300,+0.40,29347,51,312,+261,+1211,674,4133,+3459,+16062,KRX
20101221,74900,3,0,0.00,62665,1273,323,--950,--305,16879,4276,--12603,--4100,KRX
20101220,-74900,5,-2800,-3.60,80109,740,95,--645,--491,9740,1237,--8503,--6506,KRX
20101217,-77700,5,-200,-0.26,75607,283,129,--154,--837,3658,1661,--1997,--10792,KRX
20101216,+77900,2,+200,+0.26,61566,163,846,+683,--486,2097,10892,+8795,--6299,KRX
20101215,+77700,2,+400,+0.52,55240,550,1719,+1169,+708,7139,22233,+15094,+9126,KRX
20101214,+77300,2,+800,+1.05,82496,251,712,+461,+154,3264,9232,+5968,+1959,KRX
20101213,+76500,2,+200,+0.26,55940,133,440,+307,+653,1737,5746,+4009,+8615,KRX
20101210,76300,3,0,0.00,87978,1162,816,--346,--368,15359,10753,--4606,--4898,KRX
20101209,+76300,2,+1300,+1.73,85423,166,188,+22,+318,2201,2493,+292,+4245,KRX
20101208,-75000,5,-500,-0.66,36295,438,142,--296,--290,5843,1890,--3953,--3866,KRX
20101207,+75500,2,+800,+1.07,68233,115,109,--6,+10,1542,1455,--87,+119,KRX
20101206,-74700,5,-1000,-1.32,95070,782,766,--16,+62,10466,10260,--206,+825,KRX
20101203,+75700,2,+100,+0.13,60923,307,229,--78,--244,4064,3033,--1031,--3213,KRX
20101202,-75600,5,-700,-0.92,55083,261,427,+166,+899,3433,5615,+2182,+11980,KRX
20101201,-76300,5,-200,-0.26,197412,1179,446,--733,--418,15704,5906,--9798,--5616,KRX
20101130,+76500,2,+1700,+2.27,152294,1129,814,--315,--374,15016,10834,--4182,--4964,KRX
20101129,-74800,5,-600,-0.80,85081,2056,2115,+59,+1370,27313,28095,+782,+17671,KRX
20101126,-75400,5,-4100,-5.16,85845,1650,339,--1311,--963,21356,4467,--16889,--12506,KRX
20101125,-79500,5,-500,-0.63,76639,812,464,--348,--1158,10254,5871,--4383,--14761,KRX
20101124,+80000,2,+300,+0.38,182123,291,1101,+810,--498,3725,14103,+10378,--6164,KRX
20101123,+79700,2,+700,+0.89,94417,102,1410,+1308,+785,1298,17840,+16542,+9976,KRX
20101122,+79000,2,+700,+0.89,322226,264,787,+523,+291,3340,9906,+6566,+3601,KRX
20101119,-78300,5,-300,-0.38,58541,290,522,+232,--1585,3718,6683,+2965,--20740,KRX
20101118,+78600,2,+4200,+5.65,129054,131,1948,+1817,+1306,1709,25414,+23705,+16927,KRX
20101117,-74400,5,-1500,-1.98,103213,413,924,+511,+700,5516,12294,+6778,+9275,KRX
20101116,-75900,5,-2000,-2.57,83116,476,287,--189,--1552,6242,3745,--2497,--20175,KRX
20101115,-77900,5,-300,-0.38,91359,504,1867,+1363,+2344,6521,24199,+17678,+30354,KRX
20101112,-78200,5,-100,-0.13,128242,1429,448,--981,--911,18493,5817,--12676,--11735,KRX
20101111,-78300,5,-1900,-2.37,147162,456,386,--70,--524,5805,4864,--941,--6542,KRX
20101110,-80200,5,-200,-0.25,55664,468,922,+454,+219,5778,11379,+5601,+2684,KRX
20101109,-80400,5,-500,-0.62,69149,294,529,+235,--291,3645,6562,+2917,--3519,KRX
20101108,-80900,5,-300,-0.37,52903,507,1033,+526,+1157,6248,12684,+6436,+14127,KRX
20101105,-81200,5,-1900,-2.29,119069,1797,1166,--631,--1197,22031,14340,--7691,--14558,KRX
20101104,+83100,2,+400,+0.48,114369,950,1516,+566,+374,11526,18393,+6867,+4598,KRX
20101103,+82700,2,+900,+1.10,368713,1325,1517,+192,--2915,15874,18143,+2269,--35013,KRX
20101102,+81800,2,+500,+0.62,256540,674,3781,+3107,+2425,8142,45424,+37282,+28807,KRX
20101101,+81300,2,+2800,+3.57,118500,692,1374,+682,--1271,8677,17152,+8475,--16603,KRX
20101029,+78500,2,+200,+0.26,80367,297,2250,+1953,+2292,3807,28885,+25078,+29438,KRX
20101028,-78300,5,-400,-0.51,45935,429,90,--339,--710,5513,1153,--4360,--9134,KRX
20101027,+78700,2,+400,+0.51,155254,608,979,+371,+643,7848,12622,+4774,+8197,KRX
20101026,-78300,5,-2000,-2.49,90012,634,362,--272,--458,7990,4567,--3423,--5757,KRX
20101025,+80300,2,+1300,+1.65,58721,146,332,+186,+108,1836,4170,+2334,+1359,KRX
20101022,-79000,5,-1400,-1.74,65679,95,173,+78,--150,1192,2167,+975,--1855,KRX
20101021,-80400,5,-1000,-1.23,44540,307,535,+228,+54,3834,6664,+2830,+712,KRX
20101020,+81400,2,+500,+0.62,70616,278,452,+174,--428,3470,5588,+2118,--5304,KRX
20101019,+80900,2,+400,+0.50,82481,243,845,+602,+652,3005,10427,+7422,+8049,KRX
20101018,+80500,2,+100,+0.12,98029,187,137,--50,--29,2311,1684,--627,--366,KRX
20101015,-80400,5,-700,-0.86,124166,219,198,--21,+523,2755,2494,--261,+6455,KRX
20101014,-81100,5,-1300,-1.58,134687,666,122,--544,--114,8241,1525,--6716,--1452,KRX
20101013,+82400,2,+400,+0.49,68291,566,136,--430,--560,6924,1660,--5264,--6843,KRX
20101012,+82000,2,+700,+0.86,348878,95,225,+130,--691,1162,2741,+1579,--8455,KRX
20101011,+81300,2,+200,+0.25,91653,179,1000,+821,+1391,2193,12227,+10034,+17057,KRX
20101008,-81100,5,-900,-1.10,108928,1470,900,--570,--2047,18096,11073,--7023,--25084,KRX
20101007,+82000,2,+100,+0.12,209062,113,1590,+1477,--258,1387,19448,+18061,--3301,KRX
20101006,+81900,2,+2200,+2.76,328268,359,2094,+1735,+3936,4448,25810,+21362,+49640,KRX
20101005,+79700,2,+3600,+4.73,270232,2751,550,--2201,--2371,35338,7060,--28278,--30567,KRX
20101004,-76100,5,-2500,-3.18,169057,260,430,+170,+1212,3322,5611,+2289,+15591,KRX
20101001,-78600,5,-200,-0.25,222394,1169,127,--1042,+1280,14921,1619,--13302,+16345,KRX
20100930,+78800,2,+1800,+2.34,316472,4923,2601,--2322,+3170,62802,33155,--29647,+41062,KRX
20100929,+77000,2,+1500,+1.99,358524,6324,832,--5492,--2478,81482,10773,--70709,--31275,KRX
20100928,-75500,5,-100,-0.13,224079,3384,370,--3014,--3533,44301,4867,--39434,--46317,KRX
20100927,+75600,2,+400,+0.53,129288,349,868,+519,+3170,4653,11536,+6883,+42587,KRX
20100924,+75200,2,+700,+0.94,123344,2996,345,--2651,--2348,40327,4623,--35704,--31594,KRX
20100920,-74500,5,-100,-0.13,81459,777,474,--303,+444,10470,6360,--4110,+5980,KRX
20100917,+74600,2,+1100,+1.50,156667,1573,826,--747,--68,21252,11162,--10090,--871,KRX
20100916,-73500,5,-1200,-1.61,116617,946,267,--679,+145,12826,3607,--9219,+1868,KRX
20100915,-74700,5,-100,-0.13,315035,1067,243,--824,--1045,14356,3269,--11087,--14040,KRX
20100914,+74800,2,+3300,+4.62,644607,764,985,+221,+171,10329,13282,+2953,+2249,KRX
20100913,+71500,2,+1600,+2.29,241382,365,415,+50,+64,5146,5850,+704,+893,KRX
20100910,+69900,2,+1100,+1.60,196650,90,76,--14,--231,1292,1103,--189,--3311,KRX
20100909,-68800,5,-1000,-1.43,158190,85,302,+217,+568,1222,4344,+3122,+8219,KRX
20100908,69800,3,0,0.00,242202,533,182,--351,+1794,7723,2626,--5097,+25630,KRX
20100907,-69800,5,-900,-1.27,191485,2199,54,--2145,--2009,31499,772,--30727,--28817,KRX
20100906,-70700,5,-800,-1.12,113092,158,22,--136,+369,2226,316,--1910,+5121,KRX
20100903,-71500,5,-500,-0.69,117849,1370,865,--505,--1125,19001,11970,--7031,--15670,KRX
20100902,-72000,5,-200,-0.28,175887,178,798,+620,+798,2492,11131,+8639,+11127,KRX
20100901,+72200,2,+1900,+2.70,105618,653,475,--178,--729,9121,6633,--2488,--10337,KRX
20100831,-70300,5,-1100,-1.54,152492,88,639,+551,+634,1247,9096,+7849,+9004,KRX
20100830,-71400,5,-100,-0.14,77342,213,130,--83,--139,2980,1825,--1155,--1935,KRX
20100827,71500,3,0,0.00,137000,186,242,+56,--1174,2579,3359,+780,--16331,KRX
20100826,+71500,2,+2500,+3.62,328378,154,1384,+1230,+829,2146,19257,+17111,+11362,KRX
20100825,+69000,2,+600,+0.88,131563,435,836,+401,+300,6268,12017,+5749,+4307,KRX
20100824,-68400,5,-4700,-6.43,248751,30,131,+101,+892,429,1871,+1442,+12250,KRX
20100823,73100,3,0,0.00,66787,1009,218,--791,--1293,13786,2978,--10808,--17609,KRX
20100820,-73100,5,-700,-0.95,113441,121,623,+502,+404,1641,8442,+6801,+5474,KRX
20100819,+73800,2,+1000,+1.37,198023,85,183,+98,+973,1150,2477,+1327,+13418,KRX
20100818,-72800,5,-2100,-2.80,232336,1087,212,--875,+266,14988,2897,--12091,+3147,KRX
20100817,+74900,2,+1100,+1.49,203428,1869,728,--1141,--644,24962,9724,--15238,--8507,KRX
20100816,+73800,2,+500,+0.68,122803,760,263,--497,--76,10306,3575,--6731,--972,KRX
20100813,+73300,2,+300,+0.41,103881,606,185,--421,--758,8278,2519,--5759,--10350,KRX
20100812,+73000,2,+200,+0.27,103693,136,473,+337,--70,1857,6448,+4591,--998,KRX
20100811,-72800,5,-2100,-2.80,168675,216,623,+407,+1474,2920,8509,+5589,+19917,KRX
20100810,-74900,5,-300,-0.40,213581,1478,411,--1067,--1150,19835,5507,--14328,--15369,KRX
20100809,-75200,5,-3100,-3.96,239304,180,263,+83,+254,2363,3404,+1041,+3230,KRX
20100806,-78300,5,-800,-1.01,78927,373,202,--171,--296,4768,2579,--2189,--3763,KRX
20100805,+79100,2,+100,+0.13,89228,651,776,+125,+480,8213,9787,+1574,+6006,KRX
20100804,-79000,5,-1000,-1.25,356324,976,621,--355,--366,12323,7891,--4432,--4610,KRX
20100803,-80000,5,-6000,-6.98,263829,774,785,+11,+523,9232,9410,+178,+6141,KRX
20100802,+86000,2,+1000,+1.18,61237,824,312,--512,--1943,9613,3650,--5963,--22858,KRX
20100730,+85000,2,+1200,+1.43,70257,314,1745,+1431,+663,3712,20607,+16895,+7734,KRX
20100729,-83800,5,-100,-0.12,69915,323,1091,+768,+965,3880,13041,+9161,+11487,KRX
20100728,-83900,5,-1100,-1.29,46114,307,110,--197,--917,3620,1294,--2326,--10726,KRX
20100727,-85000,5,-500,-0.58,82504,1409,2129,+720,+251,16484,24884,+8400,+2931,KRX
20100726,-85500,5,-200,-0.23,84554,549,1018,+469,--593,6411,11880,+5469,--6940,KRX
20100723,+85700,2,+700,+0.82,95882,1652,2714,+1062,--264,19302,31711,+12409,--3208,KRX
20100722,+85000,2,+500,+0.59,187906,1294,2620,+1326,+244,15229,30846,+15617,+2748,KRX
20100721,+84500,2,+1000,+1.20,83344,666,1748,+1082,+822,7950,20819,+12869,+9774,KRX
20100720,+83500,2,+2100,+2.58,107364,179,439,+260,+64,2139,5234,+3095,+700,KRX
20100719,-81400,5,-1100,-1.33,52171,96,292,+196,+631,1172,3567,+2395,+7694,KRX
20100716,-82500,5,-200,-0.24,88315,1068,633,--435,+94,12947,7648,--5299,+1109,KRX
20100715,-82700,5,-100,-0.12,186280,975,446,--529,--159,11788,5380,--6408,--1947,KRX
20100714,-82800,5,-1000,-1.19,170654,930,560,--370,+208,11174,6713,--4461,+2427,KRX
20100713,-83800,5,-700,-0.83,81033,822,244,--578,--979,9791,2903,--6888,--11626,KRX
20100712,+84500,2,+600,+0.72,54958,301,702,+401,+449,3555,8293,+4738,+5318,KRX
20100709,+83900,2,+1200,+1.45,52593,216,168,--48,--349,2603,2023,--580,--4193,KRX
20100708,+82700,2,+200,+0.24,39545,11,312,+301,--252,134,3747,+3613,--3035,KRX
20100707,-82500,5,-800,-0.96,65448,361,914,+553,+506,4341,10989,+6648,+6084,KRX
20100706,+83300,2,+200,+0.24,69287,424,471,+47,+150,5103,5667,+564,+1773,KRX
20100705,+83100,2,+3300,+4.14,83123,309,206,--103,--566,3731,2522,--1209,--6926,KRX
20100702,-79800,5,-2200,-2.68,120909,224,687,+463,--83,2767,8484,+5717,--926,KRX
20100701,-82000,5,-2600,-3.07,108563,59,605,+546,--251,717,7360,+6643,--2871,KRX
20100630,+84600,2,+700,+0.83,74434,332,1129,+797,+991,3976,13490,+9514,+11826,KRX
20100629,-83900,5,-1400,-1.64,80886,875,681,--194,--642,10401,8089,--2312,--7577,KRX
20100628,+85300,2,+600,+0.71,70475,410,858,+448,+884,4816,10081,+5265,+10409,KRX
20100625,+84700,2,+1000,+1.19,90996,900,464,--436,--1018,10626,5482,--5144,--12072,KRX
20100624,-83700,5,-400,-0.48,115308,310,892,+582,+1182,3679,10607,+6928,+14016,KRX
20100623,-84100,5,-2500,-2.89,177738,1123,523,--600,+118,13301,6213,--7088,+1239,KRX
20100622,+86600,2,+300,+0.35,98315,1018,300,--718,+791,11798,3471,--8327,+9197,KRX
20100621,+86300,2,+1300,+1.53,208395,1808,299,--1509,--1375,21004,3480,--17524,--15924,KRX
20100618,+85000,2,+600,+0.71,145416,556,422,--134,--795,6584,4984,--1600,--9459,KRX
20100617,-84400,5,-500,-0.59,182805,1016,1677,+661,+1503,12120,19979,+7859,+17720,KRX
20100616,-84900,5,-100,-0.12,290986,1350,508,--842,--1235,15837,5976,--9861,--14492,KRX
20100615,-85000,5,-500,-0.58,316942,1202,1595,+393,+1778,14152,18783,+4631,+21044,KRX
20100614,+85500,2,+2300,+2.76,290470,1468,83,--1385,--557,17399,986,--16413,--6414,KRX
20100611,-83200,5,-1500,-1.77,349058,855,27,--828,+97,10323,324,--9999,+1067,KRX
20100610,+84700,2,+400,+0.47,175181,989,64,--925,--110,11829,763,--11066,--1410,KRX
20100609,+84300,2,+800,+0.96,359599,961,146,--815,--1839,11384,1728,--9656,--21948,KRX
20100608,+83500,2,+5300,+6.78,280396,490,1514,+1024,+1696,5932,18224,+12292,+21011,KRX
20100607,78200,3,0,0.00,137235,778,106,--672,--823,10092,1373,--8719,--10664,KRX
20100604,-78200,5,-300,-0.38,205421,64,215,+151,+638,822,2767,+1945,+8143,KRX
20100603,+78500,2,+700,+0.90,245194,972,485,--487,--264,12303,6105,--6198,--3300,KRX
20100601,-77800,5,-800,-1.02,197531,479,256,--223,--173,6170,3272,--2898,--2182,KRX
20100531,+78600,2,+5300,+7.23,432674,1307,1257,--50,+427,17006,16290,--716,+5768,KRX
20100528,-73300,5,-2300,-3.04,405736,722,245,--477,--247,9819,3335,--6484,--3483,KRX
20100527,-75600,5,-2600,-3.32,252567,471,241,--230,--83,6163,3162,--3001,--1083,KRX
20100526,-78200,5,-700,-0.89,118739,1023,876,--147,--2215,13154,11236,--1918,--28461,KRX
20100525,-78900,5,-800,-1.00,161444,1220,3288,+2068,+2084,15692,42235,+26543,+26715,KRX
20100524,-79700,5,-600,-0.75,118921,314,298,--16,+654,3944,3772,--172,+8206,KRX
20100520,-80300,5,-900,-1.11,150089,1089,419,--670,--752,13619,5241,--8378,--9354,KRX
20100519,-81200,5,-200,-0.25,182146,758,840,+82,+214,9428,10404,+976,+2598,KRX
20100518,+81400,2,+400,+0.49,261205,787,655,--132,--187,9752,8130,--1622,--2197,KRX
20100517,81000,3,0,0.00,152597,697,752,+55,+312,8758,9333,+575,+3737,KRX
20100514,-81000,5,-1500,-1.82,217944,781,524,--257,--428,9578,6416,--3162,--5209,KRX
20100513,+82500,2,+1300,+1.60,979912,720,891,+171,--327,8721,10768,+2047,--4334,KRX
20100512,+81200,2,+3700,+4.77,301510,302,800,+498,+245,3796,10177,+6381,+3122,KRX
20100511,-77500,5,-800,-1.02,275125,88,341,+253,--986,1115,4374,+3259,--12642,KRX
20100510,-78300,5,-1200,-1.51,371886,189,1428,+1239,--857,2423,18324,+15901,--11091,KRX
20100507,+79500,2,+3100,+4.06,366437,268,2364,+2096,--333,3402,30394,+26992,--4963,KRX
20100506,+76400,2,+1100,+1.46,389869,75,2504,+2429,--5727,977,32932,+31955,--79749,KRX
20100504,+75300,2,+6300,+9.13,1018963,78,8234,+8156,+7205,1088,112792,+111704,+97860,KRX
20100503,+69000,2,+2400,+3.60,509057,2,953,+951,+864,35,13879,+13844,+12539,KRX
20100430,-66600,5,-1400,-2.06,112324,275,362,+87,--290,4115,5420,+1305,--4263,KRX
20100429,-68000,5,-200,-0.29,58473,42,419,+377,+585,627,6195,+5568,+8616,KRX
20100428,-68200,5,-800,-1.16,104260,359,151,--208,+128,5286,2238,--3048,+1899,KRX
20100427,69000,3,0,0.00,89989,518,182,--336,--198,7592,2645,--4947,--2940,KRX
20100426,+69000,2,+100,+0.15,56831,241,103,--138,--322,3503,1496,--2007,--4675,KRX
20100423,-68900,5,-100,-0.14,37649,7,191,+184,--261,105,2773,+2668,--3820,KRX
20100422,69000,3,0,0.00,42255,31,476,+445,+294,446,6934,+6488,+4290,KRX
20100421,69000,3,0,0.00,81750,42,193,+151,--1703,604,2802,+2198,--24710,KRX
20100420,+69000,2,+500,+0.73,58576,50,1904,+1854,+1891,734,27642,+26908,+27455,KRX
20100419,+68500,2,+200,+0.29,135050,44,7,--37,--77,651,104,--547,--1144,KRX
20100416,-68300,5,-200,-0.29,77551,84,124,+40,--18,1237,1834,+597,--250,KRX
20100415,+68500,2,+1500,+2.24,85267,120,178,+58,--11,1794,2641,+847,--195,KRX
20100414,+67000,2,+1500,+2.29,96837,28,97,+69,+249,418,1460,+1042,+3807,KRX
20100413,-65500,5,-200,-0.30,109978,282,102,--180,--40,4332,1567,--2765,--612,KRX
20100412,-65700,5,-800,-1.20,98918,177,37,--140,--268,2709,556,--2153,--4090,KRX
20100409,+66500,2,+400,+0.61,96880,227,355,+128,+390,3443,5380,+1937,+5849,KRX
20100408,-66100,5,-1900,-2.79,256701,343,81,--262,+83,5137,1225,--3912,+1139,KRX
20100407,-68000,5,-700,-1.02,120865,389,44,--345,--176,5703,652,--5051,--2587,KRX
20100406,-68700,5,-400,-0.58,85387,435,266,--169,+242,6316,3852,--2464,+3489,KRX
20100405,-69100,5,-400,-0.58,377787,523,112,--411,--36,7567,1614,--5953,--471,KRX
20100402,+69500,2,+900,+1.31,91470,474,99,--375,+126,6931,1449,--5482,+1958,KRX
20100401,+68600,2,+1200,+1.78,254830,519,18,--501,--572,7706,266,--7440,--8475,KRX
20100331,-67400,5,-900,-1.32,86343,187,258,+71,+247,2786,3821,+1035,+3644,KRX
20100330,+68300,2,+400,+0.59,104676,221,45,--176,--316,3275,666,--2609,--4668,KRX
20100329,-67900,5,-400,-0.59,80521,250,390,+140,+191,3687,5746,+2059,+2815,KRX
20100326,-68300,5,-500,-0.73,53030,168,117,--51,--878,2455,1699,--756,--12741,KRX
20100325,+68800,2,+300,+0.44,103077,99,926,+827,+1023,1434,13419,+11985,+14861,KRX
20100324,+68500,2,+100,+0.15,91368,476,280,--196,+479,6957,4081,--2876,+6995,KRX
20100323,-68400,5,-600,-0.87,80971,808,133,--675,--445,11813,1942,--9871,--6511,KRX
20100322,+69000,2,+300,+0.44,77863,313,83,--230,+680,4562,1202,--3360,+9891,KRX
20100319,-68700,5,-400,-0.58,87472,1013,103,--910,--760,14753,1502,--13251,--11053,KRX
20100318,+69100,2,+400,+0.58,48942,278,128,--150,+251,4063,1865,--2198,+3649,KRX
20100317,+68700,2,+1700,+2.54,206273,581,180,--401,--414,8450,2603,--5847,--6038,KRX
20100316,-67000,5,-500,-0.74,28195,45,58,+13,+150,667,858,+191,+2222,KRX
20100315,-67500,5,-200,-0.30,35569,155,18,--137,--169,2299,268,--2031,--2501,KRX
20100312,-67700,5,-1100,-1.60,59691,150,182,+32,--352,2208,2678,+470,--5119,KRX
20100311,+68800,2,+400,+0.58,101072,26,410,+384,+172,371,5960,+5589,+2470,KRX
20100310,+68400,2,+1200,+1.79,50812,52,264,+212,+579,758,3877,+3119,+8577,KRX
20100309,-67200,5,-1600,-2.33,125428,447,80,--367,--250,6630,1172,--5458,--3741,KRX
20100308,68800,3,0,0.00,77090,204,87,--117,--96,2989,1272,--1717,--1401,KRX
20100305,+68800,2,+1000,+1.47,67113,94,73,--21,--209,1379,1063,--316,--3037,KRX
20100304,-67800,5,-1900,-2.73,98903,281,469,+188,+184,4092,6813,+2721,+2667,KRX
20100303,-69700,5,-400,-0.57,59252,71,75,+4,--473,1014,1068,+54,--6781,KRX
20100302,-70100,5,-200,-0.28,76025,212,689,+477,+648,3047,9882,+6835,+9300,KRX
20100226,-70300,5,-500,-0.71,36660,256,85,--171,--397,3667,1202,--2465,--5639,KRX
20100225,-70800,5,-1000,-1.39,52504,47,273,+226,--585,667,3841,+3174,--8106,KRX
20100224,-71800,5,-1000,-1.37,37085,26,837,+811,+683,368,11648,+11280,+9525,KRX
20100223,+72800,2,+1200,+1.68,54520,76,204,+128,--59,1049,2804,+1755,--872,KRX
20100222,+71600,2,+800,+1.13,28555,134,321,+187,+234,1871,4498,+2627,+3281,KRX
20100219,-70800,5,-1700,-2.34,29588,91,44,--47,--300,1274,620,--654,--4104,KRX
20100218,-72500,5,-400,-0.55,49991,292,545,+253,--447,4033,7483,+3450,--6251,KRX
20100217,+72900,2,+1100,+1.53,64903,438,1138,+700,--145,6043,15744,+9701,--2108,KRX
20100216,-71800,5,-100,-0.14,43993,272,1117,+845,+1190,3798,15607,+11809,+16724,KRX
20100212,+71900,2,+400,+0.56,145248,920,575,--345,--95,12815,7900,--4915,--1390,KRX
20100211,+71500,2,+2300,+3.32,110516,311,61,--250,+174,4384,859,--3525,+2659,KRX
20100210,+69200,2,+2100,+3.13,113336,632,208,--424,--802,9223,3039,--6184,--11849,KRX
20100209,+67100,2,+600,+0.90,82177,78,456,+378,+130,1167,6832,+5665,+1948,KRX
20100208,-66500,5,-1300,-1.92,63183,146,394,+248,+1308,2177,5894,+3717,+19593,KRX
20100205,-67800,5,-2200,-3.14,121509,1202,142,--1060,--1078,18003,2127,--15876,--16122,KRX
20100204,-70000,5,-2200,-3.05,108450,2,20,+18,+528,31,277,+246,+7382,KRX
20100203,-72200,5,-600,-0.82,162244,1081,571,--510,--612,15087,7951,--7136,--8541,KRX
20100202,+72800,2,+1000,+1.39,116512,230,332,+102,+171,3161,4566,+1405,+2420,KRX
20100201,+71800,2,+1200,+1.70,74728,450,381,--69,--777,6364,5349,--1015,--10997,KRX
20100129,-70600,5,-1800,-2.49,133663,323,1031,+708,+304,4536,14518,+9982,+4452,KRX
20100128,+72400,2,+2700,+3.87,146932,234,638,+404,+396,3331,8861,+5530,+5464,KRX
20100127,-69700,5,-800,-1.13,166836,733,741,+8,--1067,10680,10746,+66,--15211,KRX
20100126,-70500,5,-1600,-2.22,163202,175,1250,+1075,+737,2470,17747,+15277,+10602,KRX
20100125,-72100,5,-800,-1.10,131876,194,532,+338,+506,2729,7404,+4675,+6972,KRX
20100122,-72900,5,-1100,-1.49,109417,298,130,--168,--17,4082,1785,--2297,--229,KRX
20100121,-74000,5,-900,-1.20,181159,337,186,--151,+1671,4557,2489,--2068,+22966,KRX
20100120,-74900,5,-100,-0.13,192798,2243,421,--1822,--1043,30774,5740,--25034,--14561,KRX
20100119,-75000,5,-1900,-2.47,169655,1285,506,--779,--415,17248,6775,--10473,--5640,KRX
20100118,-76900,5,-600,-0.77,162430,838,474,--364,--1431,11046,6213,--4833,--18931,KRX
20100115,+77500,2,+6400,+9.00,292527,138,1205,+1067,+1029,1896,15994,+14098,+13568,KRX
20100114,-71100,5,-700,-0.97,132968,92,130,+38,+215,1289,1819,+530,+3022,KRX
20100113,-71800,5,-700,-0.97,70397,230,53,--177,--2523,3227,735,--2492,--35378,KRX
20100112,+72500,2,+500,+0.69,98142,473,2819,+2346,+856,6620,39506,+32886,+12091,KRX
20100111,-72000,5,-900,-1.23,125740,176,1666,+1490,+1340,2450,23245,+20795,+18723,KRX
20100108,-72900,5,-500,-0.68,114818,58,208,+150,+716,791,2863,+2072,+9796,KRX
20100107,-73400,5,-900,-1.21,99241,606,40,--566,--972,8262,538,--7724,--13188,KRX
20100106,+74300,2,+300,+0.41,72453,104,510,+406,+663,1408,6872,+5464,+8945,KRX
20100105,+74000,2,+600,+0.82,124156,563,306,--257,+429,7609,4128,--3481,+5775,KRX
20100104,+73400,2,+3100,+4.41,158976,1018,332,--686,--2230,13874,4618,--9256,--31248,KRX
20091230,-70300,5,-200,-0.28,261253,560,2104,+1544,+2695,8009,30001,+21992,+38410,KRX
20091229,+70500,2,+200,+0.28,185293,1275,124,--1151,+13,18172,1754,--16418,+308,KRX
20091228,-70300,5,-300,-0.42,106622,1223,59,--1164,--1199,17576,850,--16726,--17231,KRX
20091224,+70600,2,+500,+0.71,122582,159,194,+35,--230,2247,2752,+505,--3308,KRX
20091223,+70100,2,+4700,+7.19,438531,406,671,+265,+629,5847,9660,+3813,+9406,KRX
20091222,-65400,5,-100,-0.15,122641,535,171,--364,--278,8204,2611,--5593,--4255,KRX
20091221,+65500,2,+1000,+1.55,101912,450,364,--86,--98,6900,5562,--1338,--1534,KRX
20091218,+64500,2,+500,+0.78,73338,115,127,+12,+651,1787,1983,+196,+10053,KRX
20091217,-64000,5,-1900,-2.88,157566,971,332,--639,--331,15017,5160,--9857,--5189,KRX
20091216,-65900,5,-300,-0.45,59849,367,59,--308,--452,5568,900,--4668,--6850,KRX
20091215,+66200,2,+1700,+2.64,91738,136,280,+144,+327,2080,4262,+2182,+5012,KRX
20091214,+64500,2,+700,+1.10,89718,283,100,--183,+300,4383,1553,--2830,+4778,KRX
20091211,63800,3,0,0.00,45931,592,109,--483,--889,9324,1716,--7608,--13999,KRX
20091210,-63800,5,-100,-0.16,92712,60,466,+406,+571,947,7338,+6391,+8990,KRX
20091209,-63900,5,-600,-0.93,61436,183,18,--165,--523,2877,278,--2599,--8170,KRX
20091208,+64500,2,+500,+0.78,49166,64,422,+358,--563,1003,6574,+5571,--8878,KRX
20091207,+64000,2,+200,+0.31,60308,244,1165,+921,--521,3831,18280,+14449,--8192,KRX
20091204,+63800,2,+300,+0.47,108132,196,1638,+1442,+1586,3077,25718,+22641,+24920,KRX
20091203,63500,3,0,0.00,119263,236,92,--144,+89,3736,1457,--2279,+1395,KRX
20091202,63500,3,0,0.00,87026,257,24,--233,--236,4054,380,--3674,--3721,KRX
20091201,+63500,2,+800,+1.28,336974,232,235,+3,--2352,3639,3686,+47,--37362,KRX
20091130,+62700,2,+1900,+3.13,158774,325,2680,+2355,+2058,5270,42679,+37409,+32334,KRX
20091127,-60800,5,-200,-0.33,125145,382,679,+297,+270,6350,11425,+5075,+4630,KRX
20091126,61000,3,0,0.00,58082,116,143,+27,--252,1901,2346,+445,--4130,KRX
20091125,-61000,5,-700,-1.13,93550,130,409,+279,--606,2132,6707,+4575,--9772,KRX
20091124,+61700,2,+600,+0.98,184449,221,1106,+885,+550,3574,17921,+14347,+8899,KRX
20091123,+61100,2,+1500,+2.52,192270,108,443,+335,+349,1762,7210,+5448,+5682,KRX
20091120,+59600,2,+400,+0.68,36147,29,15,--14,+208,487,253,--234,+3561,KRX
20091119,+59200,2,+800,+1.37,98403,244,22,--222,+332,4169,374,--3795,+5829,KRX
20091118,+58400,2,+600,+1.04,121236,585,31,--554,--375,10148,524,--9624,--6502,KRX
20091117,+57800,2,+800,+1.40,181177,358,179,--179,--52,6171,3049,--3122,--877,KRX
20091116,+57000,2,+800,+1.42,39265,148,21,--127,--143,2619,374,--2245,--2526,KRX
20091113,+56200,2,+300,+0.54,67810,47,63,+16,--218,836,1117,+281,--3899,KRX
20091112,-55900,5,-500,-0.89,48151,105,339,+234,--348,1893,6073,+4180,--6256,KRX
20091111,+56400,2,+1900,+3.49,93210,147,729,+582,+430,2620,13056,+10436,+7628,KRX
20091110,+54500,2,+1100,+2.06,40920,33,185,+152,+113,604,3412,+2808,+2072,KRX
20091109,-53400,5,-1100,-2.02,62090,8,47,+39,--79,146,882,+736,--1434,KRX
20091106,+54500,2,+300,+0.55,46212,76,194,+118,--132,1403,3573,+2170,--2459,KRX
20091105,+54200,2,+200,+0.37,46235,11,261,+250,--226,197,4826,+4629,--4255,KRX
20091104,+54000,2,+600,+1.12,67297,180,656,+476,+559,3343,12227,+8884,+10485,KRX
20091103,-53400,5,-900,-1.66,157820,356,273,--83,--469,6716,5115,--1601,--8720,KRX
20091102,-54300,5,-800,-1.45,129840,77,463,+386,+188,1409,8528,+7119,+3532,KRX
20091030,+55100,2,+1600,+2.99,141345,33,231,+198,--522,606,4193,+3587,--9905,KRX
20091029,-53500,5,-2200,-3.95,273578,419,1139,+720,+1169,7888,21380,+13492,+21580,KRX
20091028,-55700,5,-1300,-2.28,121404,582,133,--449,--705,10479,2391,--8088,--12531,KRX
20091027,+57000,2,+200,+0.35,165210,80,336,+256,+509,1397,5840,+4443,+8930,KRX
20091026,+56800,2,+2000,+3.65,131539,387,134,--253,--262,6864,2377,--4487,--4644,KRX
20091023,-54800,5,-100,-0.18,58377,184,193,+9,--89,3357,3514,+157,--1612,KRX
20091022,-54900,5,-900,-1.61,93114,105,203,+98,+39,1922,3691,+1769,+714,KRX
20091021,-55800,5,-900,-1.59,67771,63,122,+59,--25,1135,2190,+1055,--394,KRX
20091020,-56700,5,-1200,-2.07,119303,99,183,+84,+276,1735,3184,+1449,+4767,KRX
20091019,+57900,2,+1200,+2.12,133421,214,22,--192,+34,3702,384,--3318,+716,KRX
20091016,+56700,2,+1800,+3.28,76125,341,115,--226,--234,6099,2065,--4034,--4166,KRX
20091015,+54900,2,+400,+0.73,158591,57,65,+8,+69,1035,1167,+132,+1269,KRX
20091014,+54500,2,+1000,+1.87,84865,131,70,--61,+215,2410,1273,--1137,+4031,KRX
20091013,-53500,5,-900,-1.65,50682,361,85,--276,--744,6752,1584,--5168,--13977,KRX
20091012,+54400,2,+2500,+4.82,118544,5,473,+468,+144,86,8895,+8809,+2580,KRX
20091009,-51900,5,-300,-0.57,150504,11,335,+324,+496,203,6432,+6229,+9606,KRX
20091008,52200,3,0,0.00,78555,862,690,--172,--1020,16635,13258,--3377,--19712,KRX
20091007,+52200,2,+200,+0.38,52213,20,868,+848,+431,384,16719,+16335,+8295,KRX
20091006,+52000,2,+1400,+2.77,86224,317,734,+417,--43,6171,14211,+8040,--970,KRX
20091005,-50600,5,-500,-0.98,60730,311,771,+460,+699,6120,15130,+9010,+13548,KRX
20091001,-51100,5,-3100,-5.72,123635,477,238,--239,--601,9114,4576,--4538,--11162,KRX
20090930,-54200,5,-700,-1.28,75692,181,543,+362,+426,3314,9938,+6624,+7781,KRX
20090929,+54900,2,+400,+0.73,125122,79,15,--64,--205,1437,280,--1157,--3754,KRX
20090928,+54500,2,+500,+0.93,128011,31,172,+141,--220,578,3175,+2597,--4114,KRX
20090925,54000,3,0,0.00,57981,142,503,+361,+335,2637,9348,+6711,+6263,KRX
20090924,+54000,2,+200,+0.37,96206,321,347,+26,--79,6008,6456,+448,--1490,KRX
20090923,+53800,2,+700,+1.32,124914,171,276,+105,--568,3186,5124,+1938,--11026,KRX
20090922,+53100,2,+2700,+5.36,195897,104,777,+673,+1165,1999,14963,+12964,+22801,KRX
20090921,-50400,5,-500,-0.98,68054,679,187,--492,+687,13560,3723,--9837,+13627,KRX
20090918,-50900,5,-100,-0.20,116636,1437,258,--1179,--1482,28565,5101,--23464,--29391,KRX
20090917,+51000,2,+500,+0.99,135450,524,827,+303,+589,10339,16266,+5927,+11722,KRX
20090916,+50500,2,+900,+1.81,89527,374,88,--286,--461,7535,1740,--5795,--9327,KRX
20090915,-49600,5,-400,-0.80,85176,61,236,+175,--116,1239,4771,+3532,--2269,KRX
20090914,50000,3,0,0.00,94927,213,504,+291,+309,4269,10070,+5801,+6173,KRX
20090911,+50000,2,+1650,+3.41,400435,382,364,--18,+192,7653,7281,--372,+4061,KRX
20090910,+48350,2,+1050,+2.22,78755,227,17,--210,+141,4775,342,--4433,+3056,KRX
20090909,-47300,5,-100,-0.21,64128,371,20,--351,--333,7919,430,--7489,--7084,KRX
20090908,-47400,5,-850,-1.76,117597,168,150,--18,+5,3584,3179,--405,+58,KRX
20090907,-48250,5,-550,-1.13,151467,55,32,--23,+67,1136,673,--463,+1415,KRX
20090904,+48800,2,+600,+1.24,138162,94,4,--90,--220,1952,74,--1878,--4556,KRX
20090903,+48200,2,+1200,+2.55,331838,77,207,+130,+285,1583,4261,+2678,+5995,KRX
20090902,-47000,5,-300,-0.63,226930,674,519,--155,--1230,14339,11022,--3317,--26926,KRX
20090901,+47300,2,+2600,+5.82,681402,89,1164,+1075,+817,1937,25546,+23609,+17666,KRX
20090831,+44700,2,+600,+1.36,124694,48,306,+258,+78,1097,7040,+5943,+1812,KRX
20090828,-44100,5,-150,-0.34,149913,36,216,+180,+19,829,4960,+4131,+502,KRX
20090827,+44250,2,+350,+0.80,174531,210,371,+161,+223,4745,8374,+3629,+5030,KRX
20090826,-43900,5,-600,-1.35,80888,134,72,--62,--11,3042,1641,--1401,--240,KRX
20090825,-44500,5,-400,-0.89,100363,99,48,--51,+32,2248,1087,--1161,+710,KRX
20090824,+44900,2,+50,+0.11,143804,83,0,--83,--482,1871,0,--1871,--10792,KRX
20090821,+44850,2,+1550,+3.58,268542,62,461,+399,+241,1424,10345,+8921,+5245,KRX
20090820,-43300,5,-1300,-2.91,186041,18,176,+158,--154,404,4080,+3676,--3328,KRX
20090819,+44600,2,+550,+1.25,76381,62,374,+312,--46,1411,8415,+7004,--1076,KRX
20090818,+44050,2,+300,+0.69,159605,71,429,+358,+1006,1600,9680,+8080,+22505,KRX
20090817,-43750,5,-3350,-7.11,158066,670,22,--648,+1013,14914,489,--14425,+21257,KRX
20090814,-47100,5,-400,-0.84,142810,1868,207,--1661,--1786,40081,4399,--35682,--38329,KRX
20090813,+47500,2,+1200,+2.59,199647,149,274,+125,+206,3158,5805,+2647,+4429,KRX
20090812,-46300,5,-300,-0.64,210794,369,288,--81,+349,7957,6175,--1782,+7410,KRX
20090811,-46600,5,-1550,-3.22,199087,524,94,--430,--181,11191,1999,--9192,--4021,KRX
20090810,-48150,5,-800,-1.63,162685,257,8,--249,--168,5347,176,--5171,--3464,KRX
20090807,-48950,5,-200,-0.41,110321,151,70,--81,--11,3142,1435,--1707,--298,KRX
20090806,-49150,5,-650,-1.31,65618,108,38,--70,--61,2188,779,--1409,--1224,KRX
20090805,-49800,5,-50,-0.10,91973,57,48,--9,+262,1139,954,--185,+5254,KRX
20090804,+49850,2,+250,+0.50,100900,319,48,--271,--544,6413,974,--5439,--10948,KRX
20090803,-49600,5,-400,-0.80,104326,118,391,+273,+232,2368,7877,+5509,+4693,KRX
20090731,+50000,2,+100,+0.20,135486,23,64,+41,--296,471,1287,+816,--5939,KRX
20090730,-49900,5,-100,-0.20,264951,40,377,+337,+283,802,7557,+6755,+5684,KRX
20090729,+50000,2,+200,+0.40,117752,137,191,+54,+181,2736,3807,+1071,+3611,KRX
20090728,+49800,2,+300,+0.61,141436,215,88,--127,--816,4316,1776,--2540,--16411,KRX
20090727,+49500,2,+500,+1.02,139745,120,809,+689,--1078,2441,16312,+13871,--21808,KRX
20090724,-49000,5,-500,-1.01,184470,132,1899,+1767,+1109,2684,38363,+35679,+22443,KRX
20090723,+49500,2,+200,+0.41,182494,150,808,+658,+398,3056,16292,+13236,+7974,KRX
20090722,+49300,2,+1250,+2.60,304663,157,417,+260,--97,3185,8447,+5262,--2200,KRX
20090721,-48050,5,-150,-0.31,173827,91,448,+357,+429,1891,9353,+7462,+8965,KRX
20090720,+48200,2,+750,+1.58,173405,73,1,--72,--27,1533,30,--1503,--532,KRX
20090717,+47450,2,+1650,+3.60,183668,55,10,--45,+337,1190,219,--971,+7401,KRX
20090716,-45800,5,-600,-1.29,174080,382,0,--382,--441,8379,7,--8372,--9650,KRX
20090715,+46400,2,+1500,+3.34,98880,12,71,+59,+27,260,1538,+1278,+559,KRX
20090714,44900,3,0,0.00,95603,97,129,+32,--20,2154,2873,+719,--493,KRX
20090713,-44900,5,-700,-1.54,117649,110,162,+52,+631,2426,3638,+1212,+13789,KRX
20090710,-45600,5,-2000,-4.20,176719,710,131,--579,--549,15434,2857,--12577,--11924,KRX
20090709,-47600,5,-50,-0.10,191133,134,104,--30,+84,2843,2190,--653,+1762,KRX
20090708,+47650,2,+1950,+4.27,567966,242,128,--114,--383,5091,2676,--2415,--8402,KRX
20090707,+45700,2,+2150,+4.94,335631,54,323,+269,+73,1204,7191,+5987,+1488,KRX
20090706,43550,3,0,0.00,108253,18,214,+196,--379,405,4904,+4499,--8756,KRX
20090703,+43550,2,+900,+2.11,167299,1,576,+575,+276,33,13288,+13255,+6309,KRX
20090702,-42650,5,-400,-0.93,166083,54,353,+299,+226,1277,8223,+6946,+5155,KRX
20090701,-43050,5,-2150,-4.76,160485,269,342,+73,--531,6069,7860,+1791,--11769,KRX
20090630,-45200,5,-200,-0.44,220702,52,656,+604,+740,1165,14725,+13560,+16525,KRX
20090629,-45400,5,-1100,-2.37,175002,199,63,--136,+148,4343,1378,--2965,+3315,KRX
20090626,+46500,2,+1450,+3.22,335748,424,140,--284,--168,9378,3098,--6280,--3626,KRX
20090625,+45050,2,+1650,+3.80,194382,172,56,--116,--81,3901,1247,--2654,--1797,KRX
20090624,-43400,5,-100,-0.23,183327,254,219,--35,--114,6067,5210,--857,--2658,KRX
20090623,+43500,2,+100,+0.23,269256,73,152,+79,+109,1677,3478,+1801,+2501,KRX
20090622,-43400,5,-1600,-3.56,279149,38,8,--30,+120,876,176,--700,+2700,KRX
20090619,45000,3,0,0.00,253094,253,103,--150,--648,5677,2277,--3400,--15007,KRX
20090618,+45000,2,+3050,+7.27,606036,6,504,+498,--252,130,11737,+11607,--6282,KRX
20090617,-41950,5,-250,-0.59,184961,154,904,+750,+714,3689,21578,+17889,+17050,KRX
20090616,+42200,2,+600,+1.44,302032,135,171,+36,+142,3288,4127,+839,+3388,KRX
20090615,+41600,2,+1050,+2.59,517862,118,12,--106,--447,2828,279,--2549,--11272,KRX
20090612,+40550,2,+2050,+5.32,675030,147,488,+341,+344,3668,12391,+8723,+8862,KRX
20090611,+38500,2,+1300,+3.49,1590584,259,256,--3,+108,6799,6660,--139,+2917,KRX
20090610,+37200,2,+1650,+4.64,140950,129,18,--111,+100,3552,496,--3056,+2862,KRX
20090609,-35550,5,-1950,-5.20,180977,270,59,--211,--218,7558,1640,--5918,--6097,KRX
20090608,-37500,5,-750,-1.96,174221,167,174,+7,+95,4470,4649,+179,+2480,KRX
20090605,-38250,5,-550,-1.42,171669,91,3,--88,+37,2381,80,--2301,+949,KRX
20090604,38800,3,0,0.00,241158,129,4,--125,+253,3344,94,--3250,+6716,KRX
20090603,+38800,2,+400,+1.04,146339,394,16,--378,--176,10393,427,--9966,--4681,KRX
20090602,+38400,2,+400,+1.05,345628,263,61,--202,+190,6874,1589,--5285,+5180,KRX
20090601,+38000,2,+1050,+2.84,513609,655,263,--392,--686,17409,6944,--10465,--18464,KRX
20090529,+36950,2,+1100,+3.07,472634,38,332,+294,+328,1037,9036,+7999,+9003,KRX
20090528,+35850,2,+2250,+6.70,157219,442,408,--34,+144,12402,11398,--1004,+4197,KRX
20090527,-33600,5,-1100,-3.17,184221,214,36,--178,--84,6259,1058,--5201,--2425,KRX
20090526,-34700,5,-1600,-4.41,303940,189,95,--94,--96,5504,2728,--2776,--2847,KRX
20090525,+36300,2,+800,+2.25,441531,63,65,+2,+43,1727,1798,+71,+1236,KRX
20090522,-35500,5,-500,-1.39,201393,60,19,--41,--26,1689,524,--1165,--759,KRX
20090521,-36000,5,-700,-1.91,157570,39,24,--15,--18,1086,680,--406,--464,KRX
20090520,+36700,2,+500,+1.38,329775,61,64,+3,--65,1684,1742,+58,--1879,KRX
20090519,+36200,2,+2650,+7.90,218299,7,75,+68,+51,211,2148,+1937,+1439,KRX
20090518,-33550,5,-750,-2.19,120870,0,17,+17,+27,0,498,+498,+774,KRX
20090515,-34300,5,-200,-0.58,136176,11,1,--10,+408,306,30,--276,+11653,KRX
20090514,-34500,5,-2150,-5.87,230889,444,26,--418,--425,12657,728,--11929,--12123,KRX
20090513,+36650,2,+750,+2.09,343099,16,23,+7,--16,425,619,+194,--425,KRX
20090512,35900,3,0,0.00,251487,35,58,+23,+178,977,1596,+619,+4981,KRX
20090511,-35900,5,-100,-0.28,167762,157,2,--155,--135,4412,50,--4362,--3807,KRX
20090508,36000,3,0,0.00,198367,51,31,--20,+232,1429,874,--555,+6532,KRX
20090507,+36000,2,+800,+2.27,260152,541,289,--252,--5,15118,8031,--7087,--71,KRX
20090506,35200,3,0,0.00,185484,262,15,--247,+518,7438,422,--7016,+14975,KRX
20090504,35200,3,0,0.00,239598,766,1,--765,--295,22021,30,--21991,--8561,KRX
20090430,+35200,2,+1100,+3.23,383094,523,53,--470,--340,15008,1578,--13430,--9627,KRX
20090429,+34100,2,+2100,+6.56,287015,561,431,--130,--437,16961,13158,--3803,--12858,KRX
20090428,-32000,5,-3000,-8.57,369971,10,317,+307,+507,306,9361,+9055,+14735,KRX
20090427,-35000,5,-500,-1.41,254252,215,15,--200,--130,6094,414,--5680,--3696,KRX
20090424,-35500,5,-1200,-3.27,408421,118,48,--70,+158,3319,1335,--1984,+4238,KRX
20090423,-36700,5,-1250,-3.29,251782,246,18,--228,+139,6702,480,--6222,+3469,KRX
20090422,+37950,2,+500,+1.34,376897,367,0,--367,--577,9691,0,--9691,--15566,KRX
20090421,+37450,2,+1600,+4.46,358861,172,382,+210,+259,4835,10710,+5875,+7292,KRX
20090420,+35850,2,+350,+0.99,536026,112,63,--49,--191,3196,1779,--1417,--5549,KRX
20090417,-35500,5,-1500,-4.05,499157,103,245,+142,--197,2929,7061,+4132,--4840,KRX
20090416,-37000,5,-1000,-2.63,279550,66,405,+339,+277,1750,10722,+8972,+7327,KRX
20090415,-38000,5,-1250,-3.18,196775,1,63,+62,--52,15,1660,+1645,--1250,KRX
20090414,+39250,2,+500,+1.29,174688,157,271,+114,+12,4031,6926,+2895,+285,KRX
20090413,-38750,5,-1150,-2.88,501461,107,209,+102,+474,2723,5333,+2610,+11818,KRX
20090410,+39900,2,+100,+0.25,331707,386,14,--372,--374,9560,352,--9208,--9254,KRX
20090409,+39800,2,+2800,+7.57,776198,29,31,+2,+15,756,802,+46,+375,KRX
20090408,+37000,2,+200,+0.54,690292,102,89,--13,+149,2703,2374,--329,+4134,KRX
20090407,+36800,2,+2400,+6.98,1115804,180,18,--162,+190,4962,499,--4463,+5730,KRX
20090406,+34400,2,+1950,+6.01,957566,375,23,--352,--513,10855,662,--10193,--15129,KRX
20090403,+32450,2,+1600,+5.19,529202,115,276,+161,+192,3601,8537,+4936,+5990,KRX
20090402,+30850,2,+1400,+4.75,317654,144,113,--31,--116,4777,3723,--1054,--3958,KRX
20090401,+29450,2,+800,+2.79,207108,9,94,+85,+113,303,3207,+2904,+3872,KRX
20090331,-28650,5,-350,-1.21,126883,32,4,--28,--39,1113,145,--968,--1351,KRX
20090330,-29000,5,-100,-0.34,157050,1,12,+11,+22,30,413,+383,+743,KRX
20090327,-29100,5,-1600,-5.21,378178,19,8,--11,+960,642,282,--360,+31608,KRX
20090326,+30700,2,+250,+0.82,243000,1026,55,--971,--960,33786,1818,--31968,--31602,KRX
20090325,+30450,2,+50,+0.16,205739,76,65,--11,+18,2518,2152,--366,+607,KRX
20090324,+30400,2,+1300,+4.47,353022,121,92,--29,--119,4016,3043,--973,--4067,KRX
20090323,+29100,2,+300,+1.04,299985,51,141,+90,--171,1754,4848,+3094,--5948,KRX
20090320,+28800,2,+1150,+4.16,492688,0,261,+261,+125,0,9042,+9042,+4210,KRX
20090319,+27650,2,+350,+1.28,281197,1,137,+136,+668,20,4852,+4832,+24306,KRX
20090318,-27300,5,-200,-0.73,266777,646,114,--532,--696,23574,4100,--19474,--25515,KRX
20090317,-27500,5,-200,-0.72,332613,133,297,+164,+148,4872,10913,+6041,+5469,KRX
20090316,-27700,5,-200,-0.72,172625,2,18,+16,--14,81,653,+572,--539,KRX
20090313,+27900,2,+700,+2.57,232723,45,75,+30,+118,1632,2743,+1111,+4387,KRX
20090312,-27200,5,-50,-0.18,309494,158,70,--88,--109,5802,2526,--3276,--4051,KRX
20090311,+27250,2,+1650,+6.45,314639,49,70,+21,+323,1821,2596,+775,+12904,KRX
20090310,+25600,2,+1650,+6.89,441646,366,64,--302,--330,14651,2522,--12129,--13314,KRX
20090309,+23950,2,+750,+3.23,126539,52,80,+28,+18,2175,3360,+1185,+743,KRX
20090306,-23200,5,-700,-2.93,145136,17,27,+10,+60,729,1171,+442,+2525,KRX
20090305,-23900,5,-600,-2.45,104081,102,52,--50,+36,4191,2108,--2083,+1421,KRX
20090304,+24500,2,+650,+2.73,72759,134,48,--86,--35,5514,2010,--3504,--1312,KRX
20090303,-23850,5,-150,-0.63,144482,68,17,--51,--49,2902,710,--2192,--2113,KRX
20090302,-24000,5,-1500,-5.88,127930,20,18,--2,--25,803,724,--79,--981,KRX
20090227,-25500,5,-600,-2.30,123530,0,23,+23,+3,8,910,+902,+148,KRX
20090226,-26100,5,-400,-1.51,248271,0,20,+20,+119,10,764,+754,+4393,KRX
20090225,-26500,5,-600,-2.21,389545,134,35,--99,--274,4905,1266,--3639,--9947,KRX
20090224,+27100,2,+200,+0.74,410215,520,695,+175,--78,19932,26240,+6308,--3214,KRX
20090223,+26900,2,+1350,+5.28,389987,28,281,+253,--383,1054,10576,+9522,--14877,KRX
20090220,-25550,5,-100,-0.39,498265,0,636,+636,+643,16,24415,+24399,+24693,KRX
20090219,+25650,2,+650,+2.60,199941,8,1,--7,--175,321,27,--294,--7196,KRX
20090218,+25000,2,+800,+3.31,151470,0,168,+168,+66,1,6903,+6902,+2862,KRX
20090217,-24200,5,-1800,-6.92,449473,15,117,+102,+69,602,4642,+4040,+2804,KRX
20090216,+26000,2,+250,+0.97,299643,1,34,+33,--2,20,1256,+1236,--147,KRX
20090213,-25750,5,-450,-1.72,335448,0,35,+35,+261,3,1386,+1383,+10094,KRX
20090212,+26200,2,+50,+0.19,291628,287,61,--226,--269,11003,2292,--8711,--10372,KRX
20090211,-26150,5,-550,-2.06,256495,0,43,+43,+20,1,1662,+1661,+816,KRX
20090210,-26700,5,-300,-1.11,203067,2,25,+23,--36,76,921,+845,--1343,KRX
20090209,+27000,2,+300,+1.12,222535,0,59,+59,+73,1,2189,+2188,+2676,KRX
20090206,-26700,5,-200,-0.74,267047,31,17,--14,--78,1138,650,--488,--2854,KRX
20090205,-26900,5,-450,-1.65,222738,0,64,+64,+254,1,2367,+2366,+9198,KRX
20090204,-27350,5,-300,-1.08,314816,247,57,--190,--270,8909,2077,--6832,--9717,KRX
20090203,+27650,2,+350,+1.28,199007,57,137,+80,+233,2093,4978,+2885,+8467,KRX
20090202,-27300,5,-200,-0.73,168354,156,3,--153,--174,5685,103,--5582,--6345,KRX
20090130,-27500,5,-150,-0.54,154847,48,69,+21,--30,1750,2513,+763,--1065,KRX
20090129,+27650,2,+450,+1.65,293624,34,85,+51,+327,1212,3040,+1828,+11957,KRX
20090128,+27200,2,+100,+0.37,261633,429,153,--276,--297,15718,5589,--10129,--10901,KRX
20090123,-27100,5,-1600,-5.57,178768,106,127,+21,--52,3953,4725,+772,--1778,KRX
20090122,+28700,2,+250,+0.88,67338,0,73,+73,--85,0,2550,+2550,--2982,KRX
20090121,-28450,5,-1200,-4.05,88873,130,288,+158,+172,4546,10078,+5532,+6029,KRX
20090120,-29650,5,-950,-3.10,81026,23,9,--14,--312,788,291,--497,--10254,KRX
20090119,+30600,2,+900,+3.03,139900,17,315,+298,--5,542,10299,+9757,--654,KRX
20090116,+29700,2,+1200,+4.21,110995,29,332,+303,+376,988,11399,+10411,+12792,KRX
20090115,-28500,5,-2450,-7.92,139506,147,74,--73,--446,4975,2594,--2381,--14665,KRX
20090114,+30950,2,+1050,+3.51,122694,9,382,+373,+367,306,12590,+12284,+12090,KRX
20090113,29900,3,0,0.00,145652,0,6,+6,+199,16,210,+194,+6635,KRX
20090112,-29900,5,-1700,-5.38,160131,206,13,--193,--94,6861,420,--6441,--3340,KRX
20090109,-31600,5,-250,-0.78,290931,114,15,--99,--75,3561,460,--3101,--2321,KRX
20090108,-31850,5,-600,-1.85,179786,45,21,--24,--216,1430,650,--780,--6760,KRX
20090107,+32450,2,+1700,+5.53,249212,8,200,+192,--19,253,6233,+5980,--858,KRX
20090106,+30750,2,+850,+2.84,204631,0,211,+211,+173,13,6851,+6838,+5591,KRX
20090105,-29900,5,-100,-0.33,165820,0,38,+38,+56,14,1261,+1247,+1829,KRX
20090102,-30000,5,-1800,-5.66,277566,81,63,--18,--46,2656,2074,--582,--1462,KRX
20081230,+31800,2,+500,+1.60,179293,0,28,+28,+72,0,880,+880,+2485,KRX
20081229,+31300,2,+300,+0.97,217452,277,233,--44,+9,9051,7446,--1605,+254,KRX
20081226,+31000,2,+2000,+6.90,429012,72,19,--53,+777,2524,665,--1859,+27685,KRX
20081224,-29000,5,-600,-2.03,1056236,843,13,--830,--835,30001,457,--29544,--29710,KRX
20081223,-29600,5,-1050,-3.43,140755,1,6,+5,+17,43,209,+166,+551,KRX
20081222,-30650,5,-750,-2.39,90986,21,9,--12,--275,679,294,--385,--8892,KRX
20081219,+31400,2,+500,+1.62,136629,139,402,+263,+485,4503,13010,+8507,+15835,KRX
20081218,+30900,2,+150,+0.49,103516,222,0,--222,--221,7329,1,--7328,--7304,KRX
20081217,+30750,2,+850,+2.84,223165,3,2,--1,--18,104,80,--24,--585,KRX
20081216,+29900,2,+500,+1.70,170882,1,18,+17,--24,26,587,+561,--862,KRX
20081215,+29400,2,+2500,+9.29,280693,21,62,+41,--172,709,2132,+1423,--6457,KRX
20081212,-26900,5,-650,-2.36,170621,55,268,+213,+317,2059,9939,+7880,+11609,KRX
20081211,-27550,5,-450,-1.61,242310,116,12,--104,--61,4167,438,--3729,--2100,KRX
20081210,+28000,2,+850,+3.13,245817,80,37,--43,+102,2956,1327,--1629,+3864,KRX
20081209,+27150,2,+300,+1.12,201408,166,21,--145,+974,6285,792,--5493,+37178,KRX
20081208,+26850,2,+2100,+8.48,217321,1181,62,--1119,--1099,45024,2353,--42671,--41829,KRX
20081205,+24750,2,+250,+1.02,85942,110,90,--20,+85,4521,3679,--842,+3454,KRX
20081204,-24500,5,-250,-1.01,91071,108,3,--105,--99,4421,125,--4296,--4047,KRX
20081203,+24750,2,+750,+3.13,127851,8,2,--6,+35,340,91,--249,+1390,KRX
20081202,-24000,5,-2800,-10.45,261138,53,12,--41,+146,2134,495,--1639,+5153,KRX
20081201,-26800,5,-1200,-4.29,182503,194,7,--187,--294,7061,269,--6792,--10711,KRX
20081128,+28000,2,+1600,+6.06,280967,57,164,+107,--39,2169,6088,+3919,--1648,KRX
20081127,+26400,2,+900,+3.53,138212,1,147,+146,--137,23,5590,+5567,--5612,KRX
20081126,+25500,2,+1050,+4.29,168744,2,285,+283,+289,66,11245,+11179,+11504,KRX
20081125,+24450,2,+950,+4.04,139618,197,191,--6,--17,8189,7864,--325,--835,KRX
20081124,-23500,5,-1000,-4.08,119898,259,270,+11,--206,10945,11455,+510,--8987,KRX
20081121,+24500,2,+2400,+10.86,209057,164,381,+217,+279,7043,16540,+9497,+12208,KRX
20081120,-22100,5,-2800,-11.24,177437,71,9,--62,--170,3103,392,--2711,--7007,KRX
20081119,-24900,5,-500,-1.97,157777,30,138,+108,--132,1217,5513,+4296,--5119,KRX
20081118,-25400,5,-600,-2.31,166294,1,241,+240,--226,30,9445,+9415,--8336,KRX
20081117,-26000,5,-150,-0.57,206042,120,586,+466,+447,4561,22312,+17751,+17019,KRX
20081114,+26150,2,+850,+3.36,204907,1,20,+19,+74,43,775,+732,+2855,KRX
20081113,-25300,5,-1950,-7.16,227170,58,3,--55,--29,2259,136,--2123,--1142,KRX
20081112,-27250,5,-250,-0.91,161099,47,21,--26,+168,1755,774,--981,+5967,KRX
20081111,-27500,5,-1700,-5.82,212054,197,3,--194,--486,7046,98,--6948,--16965,KRX
20081110,+29200,2,+900,+3.18,297004,47,339,+292,+864,1658,11675,+10017,+30800,KRX
20081107,-28300,5,-1000,-3.41,769678,579,7,--572,--270,21022,239,--20783,--10897,KRX
20081106,-29300,4,-5150,-14.95,417985,304,2,--302,--645,9962,76,--9886,--19180,KRX
20081105,+34450,2,+1300,+3.92,1124428,73,416,+343,--348,2088,11382,+9294,--11821,KRX
20081104,+33150,2,+1350,+4.25,460425,7,698,+691,+475,217,21332,+21115,+14222,KRX
20081103,+31800,2,+2250,+7.61,687420,111,327,+216,+32,3754,10647,+6893,+709,KRX
20081031,-29550,5,-800,-2.64,513918,99,283,+184,--24,3449,9633,+6184,--760,KRX
20081030,+30350,2,+3050,+11.17,487670,18,226,+208,+634,599,7543,+6944,+22020,KRX
20081029,-27300,5,-350,-1.27,371904,599,173,--426,--193,21465,6389,--15076,--6327,KRX
20081028,+27650,2,+150,+0.55,237308,365,132,--233,--228,13544,4795,--8749,--8492,KRX
20081027,+27500,2,+350,+1.29,317013,231,226,--5,--222,8742,8485,--257,--8076,KRX
20081024,-27150,5,-1650,-5.73,240060,229,446,+217,+222,8321,16140,+7819,+8048,KRX
20081023,-28800,5,-300,-1.03,120592,125,120,--5,--308,4515,4286,--229,--10360,KRX
20081022,+29100,2,+50,+0.17,188765,164,467,+303,+399,5660,15791,+10131,+13280,KRX
20081021,-29050,5,-1100,-3.65,275744,317,221,--96,--133,10627,7478,--3149,--4375,KRX
20081020,+30150,2,+50,+0.17,135332,89,126,+37,--67,2981,4207,+1226,--2286,KRX
20081017,+30100,2,+300,+1.01,238875,190,294,+104,+105,6269,9781,+3512,+3324,KRX
20081016,-29800,5,-4200,-12.35,235298,306,305,--1,+443,10036,10224,+188,+13064,KRX
20081015,-34000,5,-2600,-7.10,194024,456,12,--444,--267,13229,353,--12876,--7889,KRX
20081014,+36600,2,+4600,+14.38,373284,192,15,--177,--161,5389,402,--4987,--4448,KRX
20081013,+32000,2,+2250,+7.56,265328,59,43,--16,--732,1910,1371,--539,--24947,KRX
20081010,-29750,5,-2350,-7.32,449427,1,717,+716,+776,48,24456,+24408,+26230,KRX
20081009,-32100,5,-800,-2.43,319580,78,18,--60,--317,2381,559,--1822,--9706,KRX
20081008,-32900,5,-2050,-5.87,289844,118,375,+257,--327,3645,11529,+7884,--8956,KRX
20081007,-34950,5,-1050,-2.92,190400,6,590,+584,+197,175,17015,+16840,+5866,KRX
20081006,-36000,5,-1000,-2.70,312180,109,496,+387,--308,3057,14031,+10974,--7533,KRX
20081002,-37000,5,-1950,-5.01,327164,117,812,+695,--2397,3159,21666,+18507,--58097,KRX
20081001,-38950,5,-1300,-3.23,391114,88,3180,+3092,+3163,2199,78803,+76604,+78407,KRX
20080930,-40250,5,-3150,-7.26,314228,157,86,--71,+2,3939,2136,--1803,--161,KRX
20080929,-43400,5,-900,-2.03,90969,91,18,--73,--482,2055,413,--1642,--10846,KRX
20080926,-44300,5,-450,-1.01,540449,135,544,+409,+483,3035,12239,+9204,+10881,KRX
20080925,+44750,2,+50,+0.11,132511,235,161,--74,+103,5284,3607,--1677,+2331,KRX
20080924,+44700,2,+900,+2.05,210037,217,40,--177,--548,4911,903,--4008,--12660,KRX
20080923,+43800,2,+850,+1.98,157248,10,381,+371,+314,228,8880,+8652,+7341,KRX
20080922,-42950,5,-1050,-2.39,157405,43,100,+57,--144,1010,2321,+1311,--3272,KRX
20080919,+44000,2,+400,+0.92,154298,73,274,+201,--221,1638,6221,+4583,--5073,KRX
20080918,-43600,5,-2800,-6.03,156657,15,437,+422,+283,348,10004,+9656,+6689,KRX
20080917,+46400,2,+1400,+3.11,282719,38,177,+139,--504,819,3786,+2967,--11389,KRX
20080916,-45000,5,-5100,-10.18,250515,14,657,+643,+133,317,14673,+14356,+4197,KRX
20080912,+50100,2,+150,+0.30,248911,1,511,+510,+887,30,10189,+10159,+17776,KRX
20080911,+49950,2,+400,+0.81,215107,818,441,--377,--1145,16356,8739,--7617,--22961,KRX
20080910,-49550,5,-1250,-2.46,202773,369,1137,+768,+848,7344,22688,+15344,+16889,KRX
20080909,-50800,5,-2400,-4.51,104280,266,186,--80,--88,5160,3615,--1545,--1737,KRX
20080908,+53200,2,+400,+0.76,129027,281,289,+8,--516,5230,5422,+192,--9872,KRX
20080905,+52800,2,+700,+1.34,121757,68,592,+524,--70,1309,11373,+10064,--1488,KRX
20080904,+52100,2,+1900,+3.78,169814,2,596,+594,+169,32,11584,+11552,+3085,KRX
20080903,-50200,5,-1700,-3.28,169592,35,460,+425,+112,703,9170,+8467,+2574,KRX
20080902,-51900,5,-2100,-3.89,182382,140,453,+313,+485,2606,8499,+5893,+8985,KRX
20080901,-54000,5,-4100,-7.06,167494,377,205,--172,--204,6786,3694,--3092,--3628,KRX
20080829,-58100,5,-100,-0.17,33608,134,166,+32,--202,2314,2850,+536,--3538,KRX
20080828,-58200,5,-700,-1.19,99822,84,318,+234,--423,1463,5537,+4074,--7320,KRX
20080827,+58900,2,+1800,+3.15,51759,3,660,+657,+286,50,11444,+11394,+4959,KRX
20080826,-57100,5,-2300,-3.87,112186,398,769,+371,+56,6903,13338,+6435,+1174,KRX
20080825,-59400,5,-900,-1.49,74231,184,499,+315,+789,3054,8315,+5261,+13363,KRX
20080822,-60300,5,-700,-1.15,117208,704,230,--474,--213,11984,3882,--8102,--3876,KRX
20080821,-61000,5,-2800,-4.39,192232,389,128,--261,+496,6308,2082,--4226,+7767,KRX
20080820,-63800,5,-1200,-1.85,144157,812,55,--757,--958,12859,866,--11993,--15084,KRX
20080819,65000,3,0,0.00,142538,120,321,+201,+427,1898,4989,+3091,+6574,KRX
20080818,-65000,5,-700,-1.07,53493,290,64,--226,--235,4461,978,--3483,--3606,KRX
20080814,+65700,2,+500,+0.77,47158,147,156,+9,--98,2253,2376,+123,--1523,KRX
20080813,+65200,2,+200,+0.31,40696,3,110,+107,+120,40,1686,+1646,+1852,KRX
20080812,-65000,5,-800,-1.22,35992,123,110,--13,--25,1888,1682,--206,--375,KRX
20080811,+65800,2,+1500,+2.33,121370,163,175,+12,--12,2494,2663,+169,--203,KRX
20080808,-64300,5,-300,-0.46,217279,20,44,+24,--188,311,683,+372,--2903,KRX
20080807,+64600,2,+100,+0.16,120331,28,240,+212,+16,427,3702,+3275,+230,KRX
20080806,-64500,5,-200,-0.31,183333,106,302,+196,+92,1668,4713,+3045,+1474,KRX
20080805,+64700,2,+1800,+2.86,99557,191,295,+104,+505,3010,4581,+1571,+8006,KRX
20080804,-62900,5,-2600,-3.97,161357,670,269,--401,--849,10733,4298,--6435,--13271,KRX
20080801,-65500,5,-1800,-2.67,133558,60,508,+448,--109,924,7760,+6836,--1618,KRX
20080731,-67300,5,-700,-1.03,147870,320,877,+557,--67,4790,13244,+8454,--733,KRX
20080730,+68000,2,+800,+1.19,63075,7,631,+624,+127,110,9297,+9187,+1757,KRX
20080729,-67200,5,-200,-0.30,45652,28,525,+497,+502,422,7852,+7430,+7510,KRX
20080728,+67400,2,+200,+0.30,55078,169,164,--5,--40,2520,2440,--80,--595,KRX
20080725,+67200,2,+300,+0.45,113245,381,416,+35,+464,5704,6219,+515,+7130,KRX
20080724,+66900,2,+2800,+4.37,222815,706,277,--429,--2233,10834,4219,--6615,--35123,KRX
20080723,+64100,2,+200,+0.31,256976,581,2385,+1804,+1924,9221,37729,+28508,+30460,KRX
20080722,-63900,5,-100,-0.16,68910,462,342,--120,+235,7350,5398,--1952,+3603,KRX
20080721,-64000,5,-400,-0.62,123810,445,90,--355,--4420,6958,1403,--5555,--68308,KRX
20080718,-64400,5,-700,-1.08,123622,109,4174,+4065,+2816,1709,64462,+62753,+43323,KRX
20080717,+65100,2,+3900,+6.37,220835,162,1411,+1249,+1277,2537,21967,+19430,+19869,KRX
20080716,-61200,5,-1800,-2.86,46830,311,283,--28,--195,5025,4586,--439,--3084,KRX
20080715,-63000,5,-500,-0.79,79985,337,504,+167,--103,5465,8110,+2645,--1585,KRX
20080714,+63500,2,+400,+0.63,58181,139,409,+270,+49,2210,6440,+4230,+681,KRX
20080711,+63100,2,+700,+1.12,73105,260,481,+221,--171,4117,7666,+3549,--2718,KRX
20080710,-62400,5,-2100,-3.26,123013,359,751,+392,+688,5721,11988,+6267,+10802,KRX
20080709,+64500,2,+600,+0.94,95863,674,378,--296,--612,10328,5793,--4535,--9496,KRX
20080708,+63900,2,+300,+0.47,56319,110,426,+316,+350,1733,6694,+4961,+5485,KRX
20080707,+63600,2,+1300,+2.09,138473,369,335,--34,--412,5837,5313,--524,--6400,KRX
20080704,-62300,5,-700,-1.11,277346,58,436,+378,+112,900,6776,+5876,+1587,KRX
20080703,+63000,2,+1800,+2.94,134033,251,517,+266,+750,4058,8347,+4289,+12449,KRX
20080702,-61200,5,-3000,-4.67,303503,806,322,--484,--451,13395,5235,--8160,--7818,KRX
20080701,-64200,5,-4600,-6.69,210856,562,529,--33,--164,8503,8161,--342,--2294,KRX
20080630,+68800,2,+500,+0.73,131358,496,627,+131,--263,7236,9188,+1952,--3946,KRX
20080627,+68300,2,+600,+0.89,169448,31,425,+394,+562,459,6357,+5898,+8333,KRX
20080626,-67700,5,-1300,-1.88,163889,765,597,--168,--105,11096,8661,--2435,--1508,KRX
20080625,+69000,2,+1600,+2.37,128857,204,141,--63,--16,3003,2076,--927,--226,KRX
20080624,+67400,2,+1400,+2.12,178131,122,75,--47,+141,1809,1108,--701,+2178,KRX
20080623,+66000,2,+500,+0.76,131376,248,60,--188,+114,3794,915,--2879,+1797,KRX
20080620,+65500,2,+500,+0.77,95465,382,80,--302,--163,5887,1211,--4676,--2534,KRX
20080619,-65000,5,-700,-1.07,84678,159,20,--139,+160,2453,311,--2142,+2458,KRX
20080618,+65700,2,+1000,+1.55,102572,582,283,--299,--17,8914,4314,--4600,--423,KRX
20080617,-64700,5,-2800,-4.15,189486,741,459,--282,--107,11242,7065,--4177,--1598,KRX
20080616,-67500,5,-500,-0.74,203823,259,84,--175,--232,3822,1243,--2579,--3399,KRX
20080613,+68000,2,+3000,+4.62,316933,82,139,+57,+413,1263,2083,+820,+6325,KRX
20080612,-65000,5,-500,-0.76,113956,774,418,--356,--422,11945,6440,--5505,--6514,KRX
20080611,+65500,2,+900,+1.39,110691,201,267,+66,+704,3099,4108,+1009,+10819,KRX
20080610,-64600,5,-1400,-2.12,121872,816,178,--638,+454,12548,2738,--9810,+6719,KRX
20080609,66000,3,0,0.00,295734,1529,437,--1092,--1540,23134,6605,--16529,--23443,KRX
20080605,+66000,2,+2500,+3.94,374021,239,687,+448,+18,3635,10549,+6914,+129,KRX
20080604,+63500,2,+2200,+3.59,109594,442,872,+430,+548,7225,14010,+6785,+8736,KRX
20080603,+61300,2,+100,+0.16,70903,186,68,--118,+122,3067,1116,--1951,+1984,KRX
20080602,-61200,5,-400,-0.65,64374,477,237,--240,+4732,7782,3847,--3935,+77061,KRX
20080530,61600,3,0,0.00,218878,5923,951,--4972,--3114,96448,15452,--80996,--50703,KRX
20080529,+61600,2,+300,+0.49,111447,2245,387,--1858,--1726,36583,6290,--30293,--28130,KRX
20080528,-61300,5,-200,-0.33,77889,267,135,--132,--69,4367,2204,--2163,--1133,KRX
20080527,+61500,2,+500,+0.82,61285,262,199,--63,+1069,4267,3237,--1030,+17534,KRX
20080526,-61000,5,-900,-1.45,71413,1287,155,--1132,--1227,21099,2535,--18564,--20106,KRX
20080523,+61900,2,+700,+1.14,105379,48,143,+95,+13,766,2308,+1542,+191,KRX
20080522,-61200,5,-1400,-2.24,97380,365,447,+82,+1456,5951,7302,+1351,+23317,KRX
20080521,-62600,5,-1500,-2.34,154792,1501,127,--1374,--1010,23982,2016,--21966,--16287,KRX
20080520,-64100,5,-600,-0.93,84727,404,40,--364,+98,6312,633,--5679,+1500,KRX
20080519,-64700,5,-800,-1.22,93960,494,32,--462,--145,7680,501,--7179,--2340,KRX
20080516,-65500,5,-300,-0.46,140285,413,96,--317,+2439,6302,1463,--4839,+37887,KRX
20080515,+65800,2,+1400,+2.17,229836,3002,246,--2756,--1894,46522,3796,--42726,--29255,KRX
20080514,-64400,5,-200,-0.31,114384,905,43,--862,--934,14150,679,--13471,--14585,KRX
20080513,+64600,2,+2900,+4.70,337513,52,124,+72,+308,824,1938,+1114,+4960,KRX
20080509,+61700,2,+200,+0.33,133024,355,119,--236,+103,5775,1929,--3846,+1790,KRX
20080508,+61500,2,+2900,+4.95,310750,539,200,--339,+2685,9012,3376,--5636,+45012,KRX
20080507,-58600,5,-2500,-4.09,478353,3111,87,--3024,--2266,52098,1450,--50648,--38319,KRX
20080506,-61100,5,-1800,-2.86,242633,851,93,--758,+512,13843,1514,--12329,+7983,KRX
20080502,+62900,2,+1400,+2.28,167152,1453,183,--1270,--1470,23231,2919,--20312,--23568,KRX
20080430,-61500,5,-1200,-1.91,231376,50,250,+200,+746,811,4067,+3256,+11922,KRX
20080429,-62700,5,-1300,-2.03,149291,654,108,--546,--130,10391,1725,--8666,--2231,KRX
20080428,-64000,5,-2000,-3.03,140756,573,157,--416,--253,8861,2426,--6435,--3883,KRX
20080425,+66000,2,+2200,+3.45,131355,169,6,--163,+25,2643,91,--2552,+353,KRX
20080424,-63800,5,-900,-1.39,83802,246,58,--188,+165,3816,911,--2905,+2598,KRX
20080423,+64700,2,+400,+0.62,142791,456,103,--353,+292,7102,1599,--5503,+4518,KRX
20080422,+64300,2,+300,+0.47,150720,682,37,--645,--112,10597,576,--10021,--1647,KRX
20080421,+64000,2,+1300,+2.07,234436,680,147,--533,--462,10669,2295,--8374,--7250,KRX
20080418,+62700,2,+300,+0.48,180196,73,2,--71,+328,1152,28,--1124,+5146,KRX
20080417,-62400,5,-2000,-3.11,318110,448,49,--399,--1077,7040,770,--6270,--16814,KRX
20080416,-64400,5,-500,-0.77,274212,75,753,+678,--166,1163,11707,+10544,--2398,KRX
20080415,-64900,5,-300,-0.46,243095,639,1483,+844,+28,9875,22817,+12942,+391,KRX
20080414,65200,3,0,0.00,320962,70,886,+816,+1143,1068,13619,+12551,+17318,KRX
20080411,-65200,5,-6600,-9.19,661729,509,182,--327,--516,7435,2668,--4767,--7378,KRX
20080410,71800,3,0,0.00,60376,79,268,+189,+627,1092,3703,+2611,+8609,KRX
20080408,-71800,5,-2800,-3.75,118141,563,125,--438,--744,7729,1731,--5998,--10070,KRX
20080407,+74600,2,+200,+0.27,110860,257,563,+306,+633,3448,7520,+4072,+8531,KRX
20080404,+74400,2,+1300,+1.78,84117,495,168,--327,--507,6756,2297,--4459,--6939,KRX
20080403,+73100,2,+1500,+2.09,78917,20,200,+180,--697,276,2756,+2480,--9704,KRX
20080402,+71600,2,+100,+0.14,143496,315,1192,+877,+869,4379,16563,+12184,+12059,KRX
20080401,-71500,5,-2600,-3.51,157084,97,105,+8,--604,1340,1465,+125,--8129,KRX
20080331,+74100,2,+1600,+2.21,79267,114,726,+612,+549,1537,9791,+8254,+7393,KRX
20080328,-72500,5,-500,-0.68,144688,130,193,+63,--99,1811,2672,+861,--1359,KRX
20080327,-73000,5,-2800,-3.69,94557,134,296,+162,+45,1807,4027,+2220,+702,KRX
20080326,75800,3,0,0.00,58125,135,252,+117,+286,1803,3321,+1518,+3761,KRX
20080325,-75800,5,-200,-0.26,117019,243,74,--169,--303,3213,970,--2243,--3988,KRX
20080324,+76000,2,+100,+0.13,88145,481,615,+134,+198,6295,8040,+1745,+2607,KRX
20080321,+75900,2,+1900,+2.57,54293,362,298,--64,--282,4818,3956,--862,--3810,KRX
20080320,-74000,5,-1000,-1.33,53338,108,326,+218,--655,1462,4410,+2948,--8743,KRX
20080319,+75000,2,+1800,+2.46,128734,753,1626,+873,+942,10101,21792,+11691,+12643,KRX
20080318,-73200,5,-3600,-4.69,72449,300,231,--69,--282,4057,3105,--952,--3736,KRX
20080317,-76800,5,-3000,-3.76,55236,166,379,+213,--8,2174,4958,+2784,+36,KRX
20080314,-79800,5,-1100,-1.36,52704,153,374,+221,--571,1906,4654,+2748,--6994,KRX
20080313,-80900,5,-3800,-4.49,208089,332,1124,+792,+118,4132,13874,+9742,+1688,KRX
20080312,+84700,2,+3300,+4.05,96320,94,768,+674,--491,1127,9181,+8054,--6323,KRX
20080311,-81400,5,-500,-0.61,136932,155,1320,+1165,+251,1909,16286,+14377,+3355,KRX
20080310,-81900,5,-2800,-3.31,79383,103,1017,+914,+697,1254,12276,+11022,+8440,KRX
20080307,+84700,2,+700,+0.83,111498,113,330,+217,--10,1340,3922,+2582,--133,KRX
20080306,+84000,2,+1100,+1.33,87131,298,525,+227,+220,3523,6238,+2715,+2630,KRX
20080305,-82900,5,-300,-0.36,75169,191,198,+7,+432,2299,2384,+85,+5159,KRX
20080304,-83200,5,-1700,-2.00,86060,634,209,--425,--569,7567,2493,--5074,--6801,KRX
20080303,+84900,2,+800,+0.95,65566,297,441,+144,+655,3609,5336,+1727,+7768,KRX
20080229,-84100,5,-1000,-1.18,126366,838,327,--511,--539,9901,3860,--6041,--6351,KRX
20080228,+85100,2,+2500,+3.03,155416,105,133,+28,+122,1256,1566,+310,+1453,KRX
20080227,+82600,2,+1600,+1.98,192176,168,74,--94,+13,2054,911,--1143,+216,KRX
20080226,+81000,2,+4600,+6.02,245187,157,50,--107,+27,1982,623,--1359,+388,KRX
20080225,+76400,2,+1400,+1.87,61715,272,138,--134,--88,3550,1803,--1747,--1118,KRX
20080222,-75000,5,-3900,-4.94,165164,207,161,--46,--29,2752,2123,--629,--417,KRX
20080221,-78900,5,-1900,-2.35,149506,272,255,--17,+904,3450,3238,--212,+11316,KRX
20080220,+80800,2,+2200,+2.80,260019,1156,235,--921,--1260,14461,2933,--11528,--15905,KRX
20080219,+78600,2,+5200,+7.08,290128,381,720,+339,+437,5092,9469,+4377,+5734,KRX
20080218,-73400,5,-800,-1.08,122374,275,177,--98,--472,3799,2442,--1357,--6562,KRX
20080215,+74200,2,+2100,+2.91,81110,377,751,+374,+652,5172,10377,+5205,+9133,KRX
20080214,+72100,2,+3100,+4.49,59422,556,278,--278,--486,7848,3920,--3928,--6863,KRX
20080213,-69000,5,-4500,-6.12,163706,363,571,+208,--476,5130,8065,+2935,--6324,KRX
20080212,+73500,2,+500,+0.68,71260,161,845,+684,+1757,2174,11433,+9259,+23804,KRX
20080211,-73000,5,-1000,-1.35,115252,1135,62,--1073,+158,15386,841,--14545,+2246,KRX
20080205,+74000,2,+900,+1.23,131054,1241,10,--1231,--859,16928,137,--16791,--11608,KRX
20080204,+73100,2,+6100,+9.10,305983,464,92,--372,--848,6454,1271,--5183,--12326,KRX
20080201,+67000,2,+3000,+4.69,175180,514,990,+476,--912,7746,14889,+7143,--14592,KRX
20080131,+64000,2,+500,+0.79,157193,139,1527,+1388,+1403,2161,23896,+21735,+21897,KRX
20080130,-63500,5,-3100,-4.65,86158,641,626,--15,--354,9711,9549,--162,--5220,KRX
20080129,+66600,2,+200,+0.30,167251,973,1312,+339,+288,14572,19630,+5058,+4458,KRX
20080128,-66400,5,-5400,-7.52,96123,389,440,+51,--295,5692,6292,+600,--4196,KRX
20080125,+71800,2,+100,+0.14,101412,160,506,+346,+6,2217,7013,+4796,+149,KRX
20080124,-71700,5,-1200,-1.65,91292,224,564,+340,+128,3081,7728,+4647,+1714,KRX
20080123,+72900,2,+800,+1.11,147538,484,696,+212,--227,6560,9493,+2933,--2816,KRX
20080122,-72100,5,-5800,-7.45,167294,495,934,+439,+460,6750,12499,+5749,+5948,KRX
20080121,-77900,5,-700,-0.89,201464,531,510,--21,--1619,6642,6443,--199,--20905,KRX
20080118,+78600,2,+3300,+4.38,221508,157,1755,+1598,+2171,2022,22728,+20706,+28169,KRX
20080117,75300,3,0,0.00,216339,1590,1017,--573,--1293,20921,13458,--7463,--17011,KRX
20080116,-75300,5,-1700,-2.21,95441,113,833,+720,+697,1489,11037,+9548,+9272,KRX
20080115,-77000,5,-100,-0.13,95821,452,475,+23,--1249,5875,6151,+276,--16306,KRX
20080114,+77100,2,+2100,+2.80,94144,61,1333,+1272,+1560,795,17377,+16582,+20298,KRX
20080111,-75000,5,-3500,-4.46,78341,608,320,--288,+2348,7953,4237,--3716,+30249,KRX
20080110,+78500,2,+3700,+4.95,155332,2958,322,--2636,--3223,38105,4140,--33965,--41825,KRX
20080109,+74800,2,+300,+0.40,73144,128,715,+587,--447,1709,9569,+7860,--5928,KRX
20080108,-74500,5,-1700,-2.23,141715,465,1499,+1034,+1364,6183,19971,+13788,+18013,KRX
20080107,-76200,5,-400,-0.52,166335,546,216,--330,--1323,7035,2810,--4225,--17480,KRX
20080104,+76600,2,+4600,+6.39,212498,199,1192,+993,+161,2648,15903,+13255,+1918,KRX
20080103,-72000,5,-2000,-2.70,336412,292,1124,+832,+3857,4013,15350,+11337,+51926,KRX
20080102,-74000,5,-3800,-4.88,172817,3446,421,--3025,--2552,46185,5596,--40589,--34556,KRX
20071228,-77800,5,-1900,-2.38,58982,630,157,--473,--622,8046,2013,--6033,--7916,KRX
20071227,+79700,2,+1800,+2.31,48962,195,344,+149,+347,2465,4348,+1883,+4400,KRX
20071226,-77900,5,-2200,-2.75,89206,756,558,--198,+39,9577,7060,--2517,+436,KRX
20071224,+80100,2,+400,+0.50,88750,600,363,--237,+664,7475,4522,--2953,+8273,KRX
20071221,+79700,2,+1700,+2.18,112896,1341,440,--901,--1015,16724,5498,--11226,--12712,KRX
20071220,-78000,5,-4000,-4.88,198110,893,1007,+114,--617,11316,12802,+1486,--7476,KRX
20071218,-82000,5,-100,-0.12,122944,190,921,+731,+211,2330,11292,+8962,+2692,KRX
20071217,-82100,5,-2100,-2.49,77603,520,1040,+520,+433,6192,12462,+6270,+5242,KRX
20071214,-84200,5,-1800,-2.09,117833,392,479,+87,+102,4632,5660,+1028,+1208,KRX
20071213,-86000,5,-2600,-2.93,146110,241,226,--15,--780,2794,2614,--180,--8833,KRX
20071212,-88600,5,-1100,-1.23,69773,132,897,+765,+324,1484,10137,+8653,+3726,KRX
20071211,89700,3,0,0.00,190664,587,1028,+441,--108,6578,11505,+4927,--1173,KRX
20071210,89700,3,0,0.00,135732,198,747,+549,--317,2210,8310,+6100,--3661,KRX
20071207,+89700,2,+1700,+1.93,154017,377,1243,+866,+2111,4250,14011,+9761,+23737,KRX
20071206,-88000,5,-2600,-2.87,199111,2971,1726,--1245,--1199,33456,19480,--13976,--13458,KRX
20071205,+90600,2,+100,+0.11,124841,259,213,--46,--221,2878,2360,--518,--2455,KRX
20071204,+90500,2,+1100,+1.23,182440,478,653,+175,+604,5315,7252,+1937,+6874,KRX
20071203,+89400,2,+2900,+3.35,132372,1164,735,--429,+7817,13377,8440,--4937,+89741,KRX
20071130,-86500,5,-3000,-3.35,288781,9314,1068,--8246,--7282,106968,12290,--94678,--83752,KRX
20071129,+89500,2,+3500,+4.07,293045,1422,458,--964,--693,16107,5181,--10926,--7742,KRX
20071128,+86000,2,+1000,+1.18,270174,603,332,--271,--4886,7045,3861,--3184,--58192,KRX
20071127,+85000,2,+5200,+6.52,399857,591,5206,+4615,+4701,7150,62158,+55008,+56115,KRX
20071126,+79800,2,+2000,+2.57,132087,160,74,--86,+2400,2036,929,--1107,+30937,KRX
20071123,77800,3,0,0.00,235484,3193,707,--2486,--2229,41143,9099,--32044,--28702,KRX
20071122,+77800,2,+1100,+1.43,155443,611,354,--257,--1095,7919,4577,--3342,--14265,KRX
20071121,+76700,2,+700,+0.92,356985,500,1338,+838,+891,6432,17355,+10923,+11690,KRX
20071120,76000,3,0,0.00,190174,848,795,--53,+147,11309,10542,--767,+1929,KRX
20071119,+76000,2,+4100,+5.70,286133,564,364,--200,--132,7546,4850,--2696,--1705,KRX
20071116,+71900,2,+200,+0.28,168478,357,289,--68,--393,5136,4145,--991,--5497,KRX
20071115,-71700,5,-3000,-4.02,214013,376,701,+325,--705,5245,9751,+4506,--9118,KRX
20071114,-74700,5,-300,-0.40,149819,391,1421,+1030,+1171,5114,18738,+13624,+15562,KRX
20071113,+75000,2,+2500,+3.45,196268,558,417,--141,+49,7613,5675,--1938,+731,KRX
20071112,-72500,5,-2100,-2.82,304518,528,338,--190,--1002,7350,4681,--2669,--13386,KRX
20071109,-74600,5,-2400,-3.12,178722,95,907,+812,+24,1241,11958,+10717,+608,KRX
20071108,-77000,5,-3100,-3.87,222673,702,1490,+788,+1477,9143,19252,+10109,+18489,KRX
20071107,-80100,5,-1600,-1.96,333037,855,166,--689,--20,10446,2066,--8380,--501,KRX
20071106,-81700,5,-400,-0.49,464096,1025,356,--669,--403,12195,4316,--7879,--4637,KRX
20071105,+82100,2,+1800,+2.24,164985,444,178,--266,--1398,5413,2171,--3242,--17370,KRX
20071102,+80300,2,+1900,+2.42,177250,338,1470,+1132,+1519,4220,18348,+14128,+19061,KRX
20071101,-78400,5,-2800,-3.45,203914,1416,1029,--387,--486,17972,13039,--4933,--6151,KRX
20071031,+81200,2,+300,+0.37,109108,1358,1457,+99,--1193,16719,17937,+1218,--14731,KRX
20071030,-80900,5,-3000,-3.58,234379,408,1700,+1292,+3051,5045,20994,+15949,+36718,KRX
20071029,-83900,5,-2200,-2.56,198428,2051,292,--1759,--1887,24246,3477,--20769,--22314,KRX
20071026,+86100,2,+2100,+2.50,369318,645,773,+128,--382,7529,9074,+1545,--4616,KRX
20071025,+84000,2,+5500,+7.01,292876,534,1044,+510,+1340,6537,12698,+6161,+16297,KRX
20071024,+78500,2,+500,+0.64,609585,1473,643,--830,--1558,17938,7802,--10136,--19440,KRX
20071023,-78000,5,-300,-0.38,207227,865,1593,+728,+473,11067,20371,+9304,+6025,KRX
20071022,+78300,2,+1600,+2.09,326976,254,509,+255,--628,3301,6580,+3279,--8302,KRX
20071019,+76700,2,+2200,+2.95,252872,529,1412,+883,+940,6895,18476,+11581,+12371,KRX
20071018,-74500,5,-500,-0.67,175222,559,502,--57,+336,7523,6733,--790,+4514,KRX
20071017,-75000,5,-2000,-2.60,243744,709,316,--393,--1082,9527,4223,--5304,--14349,KRX
20071016,+77000,2,+1900,+2.53,198438,704,1393,+689,+1054,9225,18270,+9045,+13885,KRX
20071015,+75100,2,+500,+0.67,145180,1005,640,--365,--788,13320,8480,--4840,--10540,KRX
20071012,-74600,5,-1600,-2.10,224216,323,746,+423,+519,4366,10066,+5700,+6987,KRX
20071011,-76200,5,-1500,-1.93,248120,629,533,--96,--419,8301,7014,--1287,--5492,KRX
20071010,+77700,2,+100,+0.13,245123,1564,1887,+323,+491,20168,24373,+4205,+6527,KRX
20071009,+77600,2,+5100,+7.03,485348,865,697,--168,+98,11537,9215,--2322,+1388,KRX
20071008,+72500,2,+2200,+3.13,233116,420,154,--266,--524,5836,2126,--3710,--7357,KRX
20071005,+70300,2,+300,+0.43,206390,480,738,+258,+127,6756,10403,+3647,+1816,KRX
20071004,-70000,5,-500,-0.71,275690,622,753,+131,+221,8962,10793,+1831,+3160,KRX
20071002,+70500,2,+3000,+4.44,376479,563,473,--90,+62,8079,6750,--1329,+874,KRX
20071001,-67500,5,-1500,-2.17,289515,652,500,--152,+159,9543,7340,--2203,+2275,KRX
20070928,-69000,5,-3000,-4.17,313921,826,515,--311,--565,11918,7440,--4478,--7946,KRX
20070927,-72000,5,-800,-1.10,209091,330,584,+254,--255,4562,8030,+3468,--3583,KRX
20070921,+72800,2,+1800,+2.54,259090,260,769,+509,+770,3615,10666,+7051,+10862,KRX
20070920,+71000,2,+3200,+4.72,329669,520,259,--261,--1955,7506,3695,--3811,--29734,KRX
20070919,+67800,2,+5900,+9.53,230436,45,1739,+1694,+1989,698,26621,+25923,+30527,KRX
20070918,-61900,5,-3800,-5.78,89109,397,102,--295,--77,6205,1601,--4604,--1247,KRX
20070917,-65700,5,-600,-0.90,79363,501,283,--218,--468,7689,4332,--3357,--7127,KRX
20070914,+66300,2,+500,+0.76,134824,522,772,+250,--116,7923,11693,+3770,--1895,KRX
20070913,+65800,2,+2500,+3.95,187503,240,606,+366,+551,3709,9374,+5665,+8652,KRX
20070912,+63300,2,+3200,+5.32,236352,408,223,--185,--803,6524,3537,--2987,--13283,KRX
20070911,+60100,2,+100,+0.17,118407,122,740,+618,+405,2041,12337,+10296,+6751,KRX
20070910,-60000,5,-2000,-3.23,103697,133,346,+213,+190,2216,5761,+3545,+3143,KRX
20070907,-62000,5,-900,-1.43,55360,311,334,+23,--70,4952,5354,+402,--1062,KRX
20070906,-62900,5,-1000,-1.56,59498,122,215,+93,+473,1950,3414,+1464,+7240,KRX
20070905,-63900,5,-1500,-2.29,73714,540,160,--380,--472,8268,2492,--5776,--7189,KRX
20070904,-65400,5,-600,-0.91,55879,343,435,+92,--62,5202,6615,+1413,--844,KRX
20070903,-66000,5,-700,-1.05,63279,325,479,+154,--271,4896,7153,+2257,--4212,KRX
20070831,+66700,2,+2700,+4.22,53716,299,724,+425,+543,4569,11038,+6469,+8296,KRX
20070830,-64000,5,-200,-0.31,40995,294,176,--118,--209,4538,2711,--1827,--3271,KRX
20070829,64200,3,0,0.00,40169,232,323,+91,--240,3665,5109,+1444,--3742,KRX
20070828,+64200,2,+200,+0.31,40626,200,531,+331,+441,3126,8312,+5186,+6898,KRX
20070827,+64000,2,+1000,+1.59,41344,172,62,--110,--96,2672,960,--1712,--1480,KRX
20070824,+63000,2,+200,+0.32,113121,137,123,--14,+362,2165,1933,--232,+5773,KRX
20070823,+62800,2,+2600,+4.32,147339,448,72,--376,--105,7161,1156,--6005,--1525,KRX
20070822,60200,3,0,0.00,127859,606,335,--271,--150,9999,5519,--4480,--2459,KRX
20070821,-60200,5,-300,-0.50,62050,290,169,--121,--525,4831,2810,--2021,--8711,KRX
20070820,+60500,2,+2900,+5.03,122855,99,503,+404,--167,1643,8333,+6690,--2935,KRX
20070817,+57600,2,+700,+1.23,115483,124,695,+571,--55,2115,11740,+9625,--813,KRX
20070816,-56900,5,-7400,-11.51,119922,488,1114,+626,+561,8332,18770,+10438,+9474,KRX
20070814,-64300,5,-2100,-3.16,59184,340,405,+65,--224,5191,6155,+964,--3322,KRX
20070813,-66400,5,-1200,-1.78,60130,132,421,+289,+534,1979,6265,+4286,+7876,KRX
20070810,-67600,5,-3500,-4.92,87595,1041,796,--245,--317,15212,11622,--3590,--4614,KRX
20070809,+71100,2,+100,+0.14,48026,288,360,+72,+138,4043,5067,+1024,+2029,KRX
20070808,+71000,2,+2000,+2.90,65564,472,406,--66,--11,6756,5751,--1005,--237,KRX
20070807,-69000,5,-700,-1.00,47016,200,145,--55,--54,2864,2096,--768,--754,KRX
20070806,-69700,5,-600,-0.85,54812,224,223,--1,+108,3210,3196,--14,+1533,KRX
20070803,-70300,5,-600,-0.85,94179,315,206,--109,--369,4489,2942,--1547,--5240,KRX
20070802,+70900,2,+2600,+3.81,100467,158,418,+260,+180,2253,5946,+3693,+2550,KRX
20070801,-68300,5,-1900,-2.71,117256,220,300,+80,+2890,3201,4344,+1143,+41420,KRX
20070731,-70200,5,-100,-0.14,100267,3186,376,--2810,--829,45653,5376,--40277,--11628,KRX
20070730,+70300,2,+1300,+1.88,103124,3333,1352,--1981,--1017,48152,19503,--28649,--14809,KRX
20070727,-69000,5,-3700,-5.09,82565,1477,513,--964,--732,21133,7293,--13840,--10683,KRX
20070726,+72700,2,+700,+0.97,86933,727,495,--232,+158,9944,6787,--3157,+2327,KRX
20070725,+72000,2,+500,+0.70,57598,600,210,--390,--17,8414,2930,--5484,--253,KRX
20070724,-71500,5,-1600,-2.19,124203,720,347,--373,+656,10088,4857,--5231,+8725,KRX
20070723,-73100,5,-2200,-2.92,68161,1170,141,--1029,--765,15878,1922,--13956,--10408,KRX
20070720,+75300,2,+600,+0.80,100894,414,150,--264,--63,5549,2001,--3548,--790,KRX
20070719,+74700,2,+2200,+3.03,115226,512,311,--201,+328,6945,4187,--2758,+4462,KRX
20070718,-72500,5,-1200,-1.63,77149,890,361,--529,--671,12167,4947,--7220,--9147,KRX
20070716,+73700,2,+1300,+1.80,157468,368,510,+142,+1141,4993,6920,+1927,+15483,KRX
20070713,-72400,5,-1000,-1.36,174122,1404,405,--999,+1763,19103,5547,--13556,+23839,KRX
20070712,-73400,5,-400,-0.54,131899,2878,116,--2762,--2890,38964,1569,--37395,--39118,KRX
20070711,-73800,5,-400,-0.54,81572,175,303,+128,+2568,2364,4087,+1723,+34524,KRX
20070710,-74200,5,-200,-0.27,100669,2621,181,--2440,--2420,35243,2442,--32801,--32527,KRX
20070709,-74400,5,-1200,-1.59,131192,421,401,--20,+310,5605,5331,--274,+4019,KRX
20070706,-75600,5,-1400,-1.82,176259,504,174,--330,--275,6574,2281,--4293,--3570,KRX
20070705,-77000,5,-1700,-2.16,90462,560,505,--55,--391,7224,6501,--723,--4974,KRX
20070704,+78700,2,+1500,+1.94,117427,1063,1399,+336,--19,13507,17758,+4251,--317,KRX
20070703,+77200,2,+1200,+1.58,124815,798,1153,+355,+811,10321,14889,+4568,+10586,KRX
20070702,-76000,5,-900,-1.17,50825,604,148,--456,+2,7958,1940,--6018,+78,KRX
20070629,-76900,5,-1000,-1.28,149575,886,428,--458,+130,11745,5649,--6096,+1812,KRX
20070628,+77900,2,+3300,+4.42,143379,945,357,--588,--353,12641,4733,--7908,--4777,KRX
20070627,-74600,5,-2100,-2.74,90353,443,208,--235,--313,5875,2744,--3131,--4145,KRX
20070626,-76700,5,-1800,-2.29,69509,102,180,+78,--130,1324,2338,+1014,--1648,KRX
20070625,-78500,5,-1000,-1.26,112808,172,380,+208,+413,2204,4866,+2662,+5225,KRX
20070622,-79500,5,-600,-0.75,115846,606,401,--205,+786,7611,5048,--2563,+9933,KRX
20070621,+80100,2,+600,+0.75,151212,1253,262,--991,+42,15795,3299,--12496,+380,KRX
20070620,+79500,2,+1600,+2.05,402085,1175,142,--1033,--1119,14646,1770,--12876,--13937,KRX
20070619,+77900,2,+500,+0.65,213565,433,519,+86,--38,5666,6727,+1061,--547,KRX
20070618,+77400,2,+100,+0.13,162952,360,484,+124,+185,4646,6254,+1608,+2429,KRX
20070615,+77300,2,+3300,+4.46,237045,539,478,--61,--727,7037,6216,--821,--9831,KRX
20070614,+74000,2,+1000,+1.37,144406,944,1610,+666,+786,12842,21852,+9010,+10617,KRX
20070613,+73000,2,+100,+0.14,137375,1130,1010,--120,--53,15334,13727,--1607,--721,KRX
20070612,-72900,5,-1400,-1.88,114412,373,306,--67,+90,5051,4165,--886,+1123,KRX
20070611,-74300,5,-2700,-3.51,154144,687,530,--157,--75,9012,7003,--2009,--798,KRX
20070608,+77000,2,+3500,+4.76,377822,419,337,--82,+110,5635,4424,--1211,+1446,KRX
20070607,+73500,2,+1200,+1.66,130886,561,369,--192,+11,7751,5094,--2657,+173,KRX
20070605,-72300,5,-300,-0.41,132035,591,388,--203,--14,8231,5401,--2830,--171,KRX
20070604,+72600,2,+2100,+2.98,200940,717,528,--189,+732,9946,7287,--2659,+9999,KRX
20070601,-70500,5,-2400,-3.29,181153,1067,146,--921,--57,14688,2030,--12658,--785,KRX
20070531,+72900,2,+1000,+1.39,202624,1206,342,--864,--794,16597,4724,--11873,--10892,KRX
20070530,+71900,2,+500,+0.70,235756,264,194,--70,--859,3676,2695,--981,--12001,KRX
20070529,-71400,5,-1400,-1.92,204924,113,902,+789,+1136,1570,12590,+11020,+15707,KRX
20070528,+72800,2,+1300,+1.82,185534,507,160,--347,--820,6865,2178,--4687,--11353,KRX
20070525,-71500,5,-200,-0.28,147648,142,615,+473,+1671,2007,8673,+6666,+23211,KRX
20070523,+71700,2,+700,+0.99,184816,1505,307,--1198,--388,20797,4252,--16545,--5029,KRX
20070522,+71000,2,+1000,+1.43,279042,1001,191,--810,+542,14207,2691,--11516,+8012,KRX
20070521,+70000,2,+3000,+4.48,296825,1581,229,--1352,--2127,22811,3283,--19528,--30982,KRX
20070518,-67000,5,-1500,-2.19,291101,195,970,+775,+376,2893,14347,+11454,+5679,KRX
20070517,-68500,5,-1800,-2.56,352555,468,867,+399,+437,6797,12572,+5775,+6328,KRX
20070516,+70300,2,+1700,+2.48,179832,347,309,--38,+381,4988,4435,--553,+5335,KRX
20070515,-68600,5,-4700,-6.41,298569,690,271,--419,--65,9731,3843,--5888,--1141,KRX
20070514,-73300,5,-2200,-2.91,212696,423,69,--354,+455,5699,952,--4747,+6153,KRX
20070511,+75500,2,+2300,+3.14,279788,960,151,--809,+1,12930,2030,--10900,+364,KRX
20070510,+73200,2,+2900,+4.13,392598,835,25,--810,+2249,11612,348,--11264,+32219,KRX
20070509,-70300,5,-200,-0.28,351727,3119,60,--3059,--2729,44335,852,--43483,--38743,KRX
20070508,+70500,2,+500,+0.71,328061,446,116,--330,--1148,6404,1664,--4740,--16372,KRX
20070507,+70000,2,+2500,+3.70,551411,394,1212,+818,+1663,5693,17325,+11632,+24024,KRX
20070504,-67500,5,-500,-0.74,298668,1150,305,--845,+1038,16908,4516,--12392,+15632,KRX
20070503,+68000,2,+300,+0.44,267380,1987,104,--1883,--659,29558,1534,--28024,--10093,KRX
20070502,-67700,5,-1800,-2.59,675893,1727,503,--1224,--1104,25379,7448,--17931,--16204,KRX
20070430,+69500,2,+4300,+6.60,696332,591,471,--120,--618,8743,7016,--1727,--9472,KRX
20070427,+65200,2,+2500,+3.99,780588,534,1032,+498,+1491,8200,15945,+7745,+23575,KRX
20070426,-62700,5,-200,-0.32,302372,1087,94,--993,--412,17332,1502,--15830,--6458,KRX
20070425,+62900,2,+700,+1.13,326876,1038,457,--581,--271,16675,7303,--9372,--4223,KRX
20070424,+62200,2,+1500,+2.47,285071,455,145,--310,--214,7533,2384,--5149,--3565,KRX
20070423,+60700,2,+600,+1.00,200235,252,156,--96,--86,4144,2560,--1584,--1406,KRX
20070420,-60100,5,-100,-0.17,177743,149,139,--10,--310,2488,2310,--178,--5147,KRX
20070419,-60200,5,-900,-1.47,221343,199,499,+300,+622,3284,8253,+4969,+10253,KRX
20070418,+61100,2,+900,+1.50,405585,441,119,--322,+302,7231,1947,--5284,+4837,KRX
20070417,-60200,5,-900,-1.47,464293,1276,652,--624,--995,20893,10772,--10121,--16146,KRX
20070416,+61100,2,+100,+0.16,320986,709,1080,+371,+875,11588,17613,+6025,+14203,KRX
20070413,-61000,5,-1100,-1.77,236114,590,86,--504,+1575,9586,1408,--8178,+25680,KRX
20070412,+62100,2,+500,+0.81,212723,2301,222,--2079,--1920,37463,3605,--33858,--31291,KRX
20070411,-61600,5,-300,-0.48,226915,288,129,--159,+202,4646,2079,--2567,+3248,KRX
20070410,-61900,5,-700,-1.12,195319,559,198,--361,--558,8970,3155,--5815,--8919,KRX
20070409,-62600,5,-700,-1.11,167848,263,460,+197,+1684,4175,7279,+3104,+26372,KRX
20070406,-63300,5,-800,-1.25,143073,1536,49,--1487,--2163,24036,768,--23268,--33750,KRX
20070405,+64100,2,+100,+0.16,186842,221,897,+676,--311,3433,13915,+10482,--5001,KRX
20070404,+64000,2,+1100,+1.75,215256,507,1494,+987,+861,7961,23444,+15483,+13534,KRX
20070403,-62900,5,-100,-0.16,147628,587,713,+126,+351,9362,11311,+1949,+5514,KRX
20070402,63000,3,0,0.00,103675,272,47,--225,--9,4315,750,--3565,--131,KRX
20070330,-63000,5,-100,-0.16,222828,432,216,--216,+44,6854,3420,--3434,+751,KRX
20070329,+63100,2,+2100,+3.44,187021,471,211,--260,+564,7574,3389,--4185,+9255,KRX
20070328,-61000,5,-500,-0.81,291647,1152,328,--824,--163,18697,5257,--13440,--2704,KRX
20070327,+61500,2,+200,+0.33,144374,664,3,--661,+611,10781,45,--10736,+9993,KRX
20070326,-61300,5,-500,-0.81,159627,1406,134,--1272,+140,22909,2180,--20729,+2015,KRX
20070323,-61800,5,-500,-0.80,153397,1461,49,--1412,--1206,23543,799,--22744,--19441,KRX
20070322,+62300,2,+200,+0.32,253943,372,166,--206,+556,5958,2655,--3303,+9053,KRX
20070321,-62100,5,-700,-1.11,264902,855,93,--762,--568,13854,1498,--12356,--9290,KRX
20070320,+62800,2,+300,+0.48,212337,349,155,--194,--251,5499,2433,--3066,--3971,KRX
20070319,-62500,5,-500,-0.79,201674,51,108,+57,+168,818,1723,+905,+2683,KRX
20070316,-63000,5,-100,-0.16,181828,282,171,--111,--101,4483,2705,--1778,--1640,KRX
20070315,+63100,2,+100,+0.16,182028,219,209,--10,+203,3432,3294,--138,+3240,KRX
20070314,-63000,5,-3000,-4.55,198620,292,79,--213,--376,4621,1243,--3378,--5818,KRX
20070313,+66000,2,+500,+0.76,142241,62,225,+163,+762,940,3380,+2440,+11643,KRX
20070312,65500,3,0,0.00,157497,756,157,--599,+256,11573,2370,--9203,+3731,KRX
20070309,65500,3,0,0.00,181573,912,57,--855,--636,13800,866,--12934,--9592,KRX
20070308,+65500,2,+200,+0.31,136778,282,63,--219,--611,4313,971,--3342,--9442,KRX
20070307,+65300,2,+3200,+5.15,261638,43,435,+392,+51,676,6776,+6100,+639,KRX
20070306,+62100,2,+1600,+2.64,157318,238,579,+341,+148,3844,9305,+5461,+2432,KRX
20070305,-60500,5,-4000,-6.20,194050,73,266,+193,--168,1183,4212,+3029,--2507,KRX
20070302,-64500,5,-800,-1.23,137319,52,413,+361,+206,794,6330,+5536,+3129,KRX
20070228,-65300,5,-1700,-2.54,204012,220,375,+155,+327,3390,5797,+2407,+4961,KRX
20070227,+67000,2,+1100,+1.67,215542,283,111,--172,--531,4214,1660,--2554,--7964,KRX
20070226,+65900,2,+1700,+2.65,237241,506,865,+359,+354,7675,13085,+5410,+5365,KRX
20070223,-64200,5,-600,-0.93,162599,243,248,+5,+77,3824,3869,+45,+1182,KRX
20070222,+64800,2,+1500,+2.37,256447,200,128,--72,--325,3124,1987,--1137,--5168,KRX
20070221,+63300,2,+1000,+1.61,200368,158,411,+253,+484,2523,6554,+4031,+7731,KRX
20070220,-62300,5,-1100,-1.74,137513,310,79,--231,--543,4953,1253,--3700,--8661,KRX
20070216,+63400,2,+600,+0.96,210597,247,559,+312,+1180,3906,8867,+4961,+18395,KRX
20070215,-62800,5,-2100,-3.24,248971,1014,146,--868,--717,15701,2267,--13434,--11084,KRX
20070214,+64900,2,+900,+1.41,243069,210,59,--151,+468,3258,908,--2350,+7423,KRX
20070213,-64000,5,-1300,-1.99,363008,1539,920,--619,--496,23972,14199,--9773,--7857,KRX
20070212,+65300,2,+700,+1.08,285780,220,97,--123,--395,3409,1493,--1916,--6172,KRX
20070209,+64600,2,+3100,+5.04,592304,112,384,+272,+275,1742,5998,+4256,+4302,KRX
20070208,-61500,5,-200,-0.32,452262,66,63,--3,--111,1062,1016,--46,--1823,KRX
20070207,+61700,2,+2400,+4.05,380800,112,220,+108,+212,1861,3638,+1777,+3536,KRX
20070206,-59300,5,-700,-1.17,223026,247,143,--104,--223,4161,2402,--1759,--3738,KRX
20070205,+60000,2,+1000,+1.69,318018,66,185,+119,--156,1122,3101,+1979,--2695,KRX
20070202,+59000,2,+2200,+3.87,472536,83,358,+275,+532,1429,6103,+4674,+9372,KRX
20070201,+56800,2,+1900,+3.46,433569,615,358,--257,--816,11078,6380,--4698,--15052,KRX
20070131,+54900,2,+1000,+1.86,250584,49,608,+559,+430,902,11256,+10354,+7944,KRX
20070130,-53900,5,-100,-0.19,219199,4,133,+129,+99,67,2477,+2410,+1864,KRX
20070129,+54000,2,+500,+0.93,223458,18,48,+30,+75,332,878,+546,+1374,KRX
20070126,+53500,2,+300,+0.56,380569,114,69,--45,--34,2119,1291,--828,--597,KRX
20070125,+53200,2,+1600,+3.10,442941,114,103,--11,--27,2144,1913,--231,--548,KRX
20070124,+51600,2,+500,+0.98,151597,54,70,+16,+362,1036,1353,+317,+7029,KRX
20070123,-51100,5,-1700,-3.22,165872,456,110,--346,--410,8862,2150,--6712,--7930,KRX
20070122,-52800,5,-200,-0.38,147192,43,107,+64,+109,824,2042,+1218,+2084,KRX
20070119,-53000,5,-1900,-3.46,154670,235,190,--45,--1433,4427,3561,--866,--26115,KRX
20070118,+54900,2,+300,+0.55,137815,140,1528,+1388,+335,2560,27809,+25249,+6049,KRX
20070117,-54600,5,-700,-1.27,108247,212,1265,+1053,+1172,3855,23055,+19200,+21347,KRX
20070116,+55300,2,+600,+1.10,217452,230,111,--119,--77,4154,2007,--2147,--1376,KRX
20070115,-54700,5,-300,-0.55,129079,101,59,--42,--196,1853,1082,--771,--3542,KRX
20070112,+55000,2,+1400,+2.61,222386,92,246,+154,+77,1672,4443,+2771,+1337,KRX
20070111,+53600,2,+500,+0.94,162810,33,110,+77,--51,618,2052,+1434,--1010,KRX
20070110,+53100,2,+100,+0.19,231230,214,342,+128,+119,4066,6510,+2444,+2286,KRX
20070109,-53000,5,-1000,-1.85,227863,27,36,+9,+28,517,675,+158,+522,KRX
20070108,-54000,5,-2100,-3.74,216109,166,147,--19,+316,3044,2680,--364,+5662,KRX
20070105,+56100,2,+200,+0.36,176064,484,149,--335,--84,8701,2675,--6026,--1542,KRX
20070104,+55900,2,+100,+0.18,216467,563,312,--251,+16,10119,5635,--4484,+265,KRX
20070103,-55800,5,-1200,-2.11,125088,398,131,--267,--264,7081,2332,--4749,--4707,KRX
20070102,-57000,5,-700,-1.21,124169,73,70,--3,--244,1264,1222,--42,--4317,KRX
20061228,+57700,2,+2000,+3.59,196896,18,259,+241,+225,323,4598,+4275,+3982,KRX
20061227,+55700,2,+700,+1.27,158325,51,67,+16,+179,919,1212,+293,+3219,KRX
20061226,-55000,5,-1100,-1.96,175646,219,56,--163,--24,3932,1006,--2926,--464,KRX
20061222,-56100,5,-1200,-2.09,163916,212,73,--139,--31,3748,1286,--2462,--593,KRX
20061221,-57300,5,-1200,-2.05,159442,229,121,--108,+239,3964,2095,--1869,+4038,KRX
20061220,+58500,2,+300,+0.52,266201,412,65,--347,--268,7020,1113,--5907,--4551,KRX
20061219,-58200,5,-800,-1.36,172455,202,123,--79,--64,3467,2111,--1356,--1085,KRX
20061218,+59000,2,+2900,+5.17,528788,190,175,--15,+3769,3321,3050,--271,+67213,KRX
20061215,-56100,5,-1000,-1.75,347281,3950,166,--3784,--4183,70425,2941,--67484,--74601,KRX
20061214,+57100,2,+2400,+4.39,653395,195,594,+399,+1162,3419,10536,+7117,+21047,KRX
20061213,-54700,5,-1800,-3.19,770021,855,92,--763,--856,15602,1672,--13930,--15564,KRX
20061212,-56500,5,-1600,-2.75,561762,101,194,+93,+414,1774,3408,+1634,+7269,KRX
20061211,+58100,2,+1400,+2.47,413825,399,78,--321,+13,6999,1364,--5635,+219,KRX
20061208,-56700,5,-1600,-2.74,223445,544,210,--334,--280,9549,3695,--5854,--4917,KRX
20061207,58300,3,0,0.00,367285,128,74,--54,+394,2205,1268,--937,+6754,KRX
20061206,-58300,5,-1200,-2.02,174505,601,153,--448,--553,10272,2581,--7691,--9461,KRX
20061205,+59500,2,+600,+1.02,118847,64,169,+105,+123,1086,2856,+1770,+2076,KRX
20061204,-58900,5,-500,-0.84,147358,88,70,--18,+231,1494,1188,--306,+3837,KRX
20061201,-59400,5,-700,-1.16,136885,288,39,--249,--299,4803,660,--4143,--4972,KRX
20061130,+60100,2,+900,+1.52,194736,179,229,+50,--89,3005,3834,+829,--1517,KRX
20061129,+59200,2,+1300,+2.25,132866,41,180,+139,--352,698,3044,+2346,--6144,KRX
20061128,-57900,5,-900,-1.53,203042,62,553,+491,+239,1081,9571,+8490,+4225,KRX
20061127,-58800,5,-100,-0.17,162035,62,314,+252,+573,1039,5304,+4265,+9675,KRX
20061124,-58900,5,-500,-0.84,201685,446,125,--321,--263,7525,2115,--5410,--4480,KRX
20061123,+59400,2,+1700,+2.95,580670,366,308,--58,--1231,6182,5252,--930,--21269,KRX
20061122,+57700,2,+2700,+4.91,554676,227,1400,+1173,+1290,3919,24258,+20339,+22471,KRX
20061121,-55000,5,-1300,-2.31,162333,171,54,--117,+494,3106,974,--2132,+8720,KRX
20061120,+56300,2,+200,+0.36,184849,874,263,--611,--634,15521,4669,--10852,--11233,KRX
20061117,-56100,5,-1400,-2.43,192492,91,114,+23,+320,1613,1994,+381,+5523,KRX
20061116,+57500,2,+100,+0.17,147262,333,36,--297,--428,5761,619,--5142,--7404,KRX
20061115,+57400,2,+500,+0.88,259231,435,566,+131,+62,7553,9815,+2262,+1044,KRX
20061114,+56900,2,+300,+0.53,190226,49,118,+69,+55,863,2081,+1218,+966,KRX
20061113,-56600,5,-1400,-2.41,224056,78,92,+14,--11,1373,1625,+252,--175,KRX
20061110,-58000,5,-1500,-2.52,225923,152,177,+25,+74,2624,3051,+427,+1270,KRX
20061109,+59500,2,+2600,+4.57,522721,79,30,--49,+2660,1349,506,--843,+46274,KRX
20061108,-56900,5,-2300,-3.89,335341,2815,106,--2709,--2773,48966,1849,--47117,--48205,KRX
20061107,-59200,5,-1300,-2.15,239889,67,131,+64,--781,1120,2208,+1088,--13217,KRX
20061106,+60500,2,+3300,+5.77,811018,68,913,+845,+923,1179,15484,+14305,+15685,KRX
20061103,+57200,2,+1200,+2.14,274729,130,52,--78,--15,2292,912,--1380,--169,KRX
20061102,+56000,2,+1200,+2.19,360436,276,213,--63,+2371,5028,3817,--1211,+43334,KRX
20061101,-54800,5,-1000,-1.79,424074,2682,248,--2434,--2172,49081,4536,--44545,--39918,KRX
20061031,-55800,5,-700,-1.24,607594,387,125,--262,--297,6859,2232,--4627,--5290,KRX
20061030,+56500,2,+4800,+9.28,1136189,185,220,+35,+402,3219,3882,+663,+7747,KRX
20061027,-51700,5,-900,-1.71,165106,409,42,--367,--356,7892,808,--7084,--6876,KRX
20061026,+52600,2,+2200,+4.37,248075,32,21,--11,--131,621,413,--208,--2581,KRX
20061025,+50400,2,+100,+0.20,112899,61,181,+120,+476,1209,3582,+2373,+9343,KRX
20061024,-50300,5,-1400,-2.71,243747,784,428,--356,--493,15459,8489,--6970,--9639,KRX
20061023,+51700,2,+300,+0.58,162920,66,203,+137,+249,1277,3946,+2669,+4816,KRX
20061020,+51400,2,+200,+0.39,468436,118,6,--112,--102,2267,120,--2147,--1961,KRX
20061019,+51200,2,+1700,+3.43,299548,42,32,--10,--400,830,644,--186,--8214,KRX
20061018,+49500,2,+1450,+3.02,180450,5,395,+390,+581,99,8127,+8028,+11994,KRX
20061017,-48050,5,-1350,-2.73,251369,236,45,--191,--269,4896,930,--3966,--5543,KRX
20061016,+49400,2,+400,+0.82,195061,34,112,+78,+616,689,2266,+1577,+12508,KRX
20061013,+49000,2,+550,+1.14,483536,544,6,--538,--552,11047,116,--10931,--11249,KRX
20061012,+48450,2,+3150,+6.95,372981,148,162,+14,--140,3110,3428,+318,--3021,KRX
20061011,-45300,5,-850,-1.84,162243,72,226,+154,+98,1591,4930,+3339,+2111,KRX
20061010,+46150,2,+1150,+2.56,221069,92,148,+56,+11,1985,3213,+1228,+219,KRX
20061009,-45000,5,-1500,-3.23,441751,44,89,+45,--75,966,1975,+1009,--1468,KRX
20061004,-46500,5,-1650,-3.43,242815,50,170,+120,+185,1053,3530,+2477,+3828,KRX
20061002,48150,3,0,0.00,282373,81,16,--65,--57,1680,329,--1351,--1203,KRX
20060929,-48150,5,-1200,-2.43,184722,22,14,--8,+100,444,296,--148,+2104,KRX
20060928,+49350,2,+1200,+2.49,212275,149,41,--108,+907,3081,829,--2252,+18809,KRX
20060927,-48150,5,-450,-0.93,218184,1078,63,--1015,--986,22376,1315,--21061,--20454,KRX
20060926,+48600,2,+900,+1.89,292825,111,82,--29,+321,2275,1668,--607,+6739,KRX
20060925,-47700,5,-400,-0.83,150467,382,32,--350,--367,8007,661,--7346,--7689,KRX
20060922,-48100,5,-1800,-3.61,225123,23,40,+17,--71,468,811,+343,--1406,KRX
20060921,+49900,2,+450,+0.91,288553,21,109,+88,+1007,426,2175,+1749,+20321,KRX
20060920,-49450,5,-850,-1.69,345160,957,38,--919,--216,19350,778,--18572,--4556,KRX
20060919,-50300,5,-500,-0.98,426390,749,46,--703,--684,14929,913,--14016,--13638,KRX
20060918,-50800,5,-1200,-2.31,374370,124,105,--19,--473,2430,2052,--378,--8945,KRX
20060915,+52000,2,+500,+0.97,405036,126,580,+454,+466,2421,10988,+8567,+8813,KRX
20060914,+51500,2,+300,+0.59,290652,231,219,--12,--1471,4501,4255,--246,--28570,KRX
20060913,+51200,2,+500,+0.99,135432,7,1466,+1459,+2028,136,28460,+28324,+39439,KRX
20060912,-50700,5,-1400,-2.69,201526,697,128,--569,--4861,13598,2483,--11115,--92277,KRX
20060911,-52100,5,-700,-1.33,207591,46,4338,+4292,+4167,873,82035,+81162,+78807,KRX
20060908,+52800,2,+700,+1.34,206809,228,353,+125,+240,4376,6731,+2355,+4677,KRX
20060907,-52100,5,-300,-0.57,210048,470,355,--115,--938,9126,6804,--2322,--17588,KRX
20060906,+52400,2,+100,+0.19,359167,125,948,+823,+1016,2362,17628,+15266,+18982,KRX
20060905,+52300,2,+200,+0.38,164814,206,13,--193,--59,3964,248,--3716,--1144,KRX
20060904,-52100,5,-200,-0.38,201040,151,17,--134,--362,2898,326,--2572,--7042,KRX
20060901,+52300,2,+2400,+4.81,390712,170,398,+228,+259,3301,7771,+4470,+5084,KRX
20060831,+49900,2,+900,+1.84,226132,259,228,--31,--198,5200,4586,--614,--3999,KRX
20060830,+49000,2,+500,+1.03,222202,123,290,+167,+227,2513,5898,+3385,+4595,KRX
20060829,-48500,5,-450,-0.92,297985,109,49,--60,--262,2207,997,--1210,--5301,KRX
20060828,-48950,5,-2150,-4.21,588121,291,493,+202,+55,6052,10143,+4091,+1225,KRX
20060825,-51100,5,-100,-0.20,215070,85,232,+147,+324,1662,4528,+2866,+6328,KRX
20060824,-51200,5,-1400,-2.66,188356,348,171,--177,+1132,6795,3333,--3462,+21670,KRX
20060823,-52600,5,-200,-0.38,232654,1334,25,--1309,--1199,25607,475,--25132,--22959,KRX
20060822,+52800,2,+2500,+4.97,306905,412,302,--110,--179,8032,5859,--2173,--3438,KRX
20060821,-50300,5,-800,-1.57,197202,177,246,+69,--248,3493,4758,+1265,--4859,KRX
20060818,-51100,5,-1300,-2.48,195575,66,383,+317,--688,1271,7395,+6124,--13165,KRX
20060817,+52400,2,+1600,+3.15,361833,29,1034,+1005,+783,553,19842,+19289,+14970,KRX
20060816,50800,3,0,0.00,334545,28,250,+222,--112,557,4876,+4319,--2187,KRX
20060814,-50800,5,-1300,-2.50,238412,12,346,+334,--595,222,6728,+6506,--11006,KRX
20060811,-52100,5,-1900,-3.52,301602,17,946,+929,+1474,315,17827,+17512,+27772,KRX
20060810,+54000,2,+500,+0.93,441515,589,44,--545,--619,11097,837,--10260,--11744,KRX
20060809,+53500,2,+3400,+6.79,540774,75,149,+74,+5,1465,2949,+1484,+102,KRX
20060808,+50100,2,+600,+1.21,307438,80,149,+69,+70,1612,2994,+1382,+1422,KRX
20060807,+49500,2,+1000,+2.06,530295,64,63,--1,--107,1284,1244,--40,--2171,KRX
20060804,-48500,5,-200,-0.41,418790,386,492,+106,+24,8010,10141,+2131,+643,KRX
20060803,-48700,5,-2000,-3.94,430937,534,616,+82,--59,10591,12079,+1488,--1376,KRX
20060802,+50700,2,+3350,+7.07,568199,5,146,+141,+159,107,2971,+2864,+3256,KRX
20060801,-47350,5,-1250,-2.57,194320,66,48,--18,--31,1366,974,--392,--672,KRX
20060731,-48600,5,-300,-0.61,216029,209,222,+13,+5,4223,4503,+280,+118,KRX
20060728,-48900,5,-800,-1.61,177482,58,66,+8,+226,1189,1351,+162,+4451,KRX
20060727,-49700,5,-900,-1.78,412206,252,34,--218,--2419,4958,669,--4289,--48043,KRX
20060726,+50600,2,+2850,+5.97,419813,32,2233,+2201,+2254,626,44380,+43754,+44813,KRX
20060725,-47750,5,-950,-1.95,192786,139,86,--53,--48,2832,1773,--1059,--950,KRX
20060724,-48700,5,-1000,-2.01,192875,59,54,--5,--227,1221,1112,--109,--4627,KRX
20060721,+49700,2,+800,+1.64,179202,85,307,+222,--187,1736,6254,+4518,--3845,KRX
20060720,+48900,2,+1200,+2.52,213938,107,516,+409,--2106,2202,10565,+8363,--43216,KRX
20060719,+47700,2,+550,+1.17,419675,31,2546,+2515,+2498,651,52230,+51579,+51285,KRX
20060718,-47150,5,-4350,-8.45,271843,189,206,+17,--12,3856,4150,+294,--275,KRX
20060714,+51500,2,+2150,+4.36,707822,36,65,+29,+306,698,1267,+569,+5759,KRX
20060713,+49350,2,+600,+1.23,1104685,565,288,--277,--2144,10962,5772,--5190,--44360,KRX
20060712,+48750,2,+3350,+7.38,677220,106,1973,+1867,+1709,2210,41380,+39170,+35619,KRX
20060711,+45400,2,+2400,+5.58,244094,49,207,+158,--89,1120,4671,+3551,--2227,KRX
20060710,+43000,2,+1450,+3.49,208040,22,269,+247,--35,521,6299,+5778,--962,KRX
20060707,+41550,2,+350,+0.85,189935,21,303,+282,--1069,503,7243,+6740,--25981,KRX
20060706,+41200,2,+1300,+3.26,241266,9,1360,+1351,+1217,218,32939,+32721,+29370,KRX
20060705,-39900,5,-1000,-2.44,144678,32,166,+134,+507,792,4143,+3351,+12232,KRX
20060704,-40900,5,-100,-0.24,238756,507,134,--373,--343,12123,3242,--8881,--8138,KRX
20060703,+41000,2,+100,+0.24,116581,45,15,--30,+394,1119,376,--743,+9731,KRX
20060630,+40900,2,+800,+2.00,234900,522,98,--424,--9,12868,2394,--10474,--71,KRX
20060629,+40100,2,+1800,+4.70,469543,488,73,--415,--612,12236,1833,--10403,--15599,KRX
20060628,+38300,2,+2450,+6.83,946868,9,206,+197,+65,242,5438,+5196,+1599,KRX
20060627,-35850,5,-1850,-4.91,615012,30,162,+132,+104,844,4441,+3597,+2864,KRX
20060626,-37700,5,-1000,-2.58,292787,81,109,+28,--84,2164,2897,+733,--2184,KRX
20060623,-38700,5,-1400,-3.49,356414,1,113,+112,+66,13,2930,+2917,+1750,KRX
20060622,-40100,5,-700,-1.72,297268,241,287,+46,+286,5865,7032,+1167,+7084,KRX
20060621,-40800,5,-600,-1.45,202656,330,90,--240,+403,8118,2201,--5917,+9264,KRX
20060620,-41400,5,-2200,-5.05,148676,667,24,--643,--622,15755,574,--15181,--14678,KRX
20060619,+43600,2,+500,+1.16,134455,141,120,--21,--253,3256,2753,--503,--5780,KRX
20060616,+43100,2,+1000,+2.38,182312,280,512,+232,+173,6417,11694,+5277,+3862,KRX
20060615,-42100,5,-1450,-3.33,264681,1076,1135,+59,--35,24935,26350,+1415,--625,KRX
20060614,+43550,2,+1900,+4.56,201453,430,524,+94,--69,10054,12094,+2040,--1771,KRX
20060613,-41650,5,-1150,-2.69,179566,273,436,+163,+108,6560,10371,+3811,+2597,KRX
20060612,-42800,5,-800,-1.83,212773,213,268,+55,--457,5011,6225,+1214,--10806,KRX
20060609,+43600,2,+2500,+6.08,310569,88,600,+512,+295,2049,14069,+12020,+6946,KRX
20060608,-41100,5,-1000,-2.38,314731,731,948,+217,--965,17687,22761,+5074,--22081,KRX
20060607,-42100,5,-3100,-6.86,260530,441,1623,+1182,+1728,10351,37506,+27155,+38942,KRX
20060605,-45200,5,-2550,-5.34,184019,740,194,--546,--787,15938,4151,--11787,--16784,KRX
20060602,+47750,2,+250,+0.53,243334,112,353,+241,--1000,2370,7367,+4997,--20498,KRX
20060601,-47500,5,-900,-1.86,355068,618,1859,+1241,+1542,12703,38198,+25495,+31835,KRX
20060530,+48400,2,+900,+1.89,410675,445,144,--301,--456,9376,3036,--6340,--9593,KRX
20060529,+47500,2,+1900,+4.17,492695,116,271,+155,+60,2478,5731,+3253,+1118,KRX
20060526,+45600,2,+3500,+8.31,509409,42,137,+95,--164,954,3089,+2135,--3817,KRX
20060525,-42100,5,-600,-1.41,480681,128,387,+259,--101,2960,8912,+5952,--2413,KRX
20060524,-42700,5,-850,-1.95,360268,31,391,+360,+578,704,9069,+8365,+13556,KRX
20060523,+43550,2,+750,+1.75,797333,254,36,--218,+244,6049,858,--5191,+5196,KRX
20060522,-42800,5,-3600,-7.76,617312,509,47,--462,--367,11475,1088,--10387,--8281,KRX
20060519,+46400,2,+4300,+10.21,1609647,102,7,--95,--95,2274,168,--2106,--2106,KRX
20060518,0,0,0,0.00,0,0,0,0,0,0,0,0,0,KRX
20060517,0,0,0,0.00,0,0,0,0,0,0,0,0,0,KRX
20060516,0,0,0,0.00,0,0,0,0,0,0,0,0,0,KRX
20060515,0,0,0,0.00,0,0,0,0,0,0,0,0,0,KRX
20060512,0,0,0,0.00,0,0,0,0,0,0,0,0,0,KRX
20060511,0,0,0,0.00,0,0,0,0,0,0,0,0,0,KRX
20060510,0,0,0,0.00,0,0,0,0,0,0,0,0,0,KRX
20060509,0,0,0,0.00,0,0,0,0,0,0,0,0,0,KRX
20060508,0,0,0,0.00,0,0,0,0,0,0,0,0,0,KRX
20060504,0,0,0,0.00,0,0,0,0,0,0,0,0,0,KRX
20060503,0,0,0,0.00,0,0,0,0,0,0,0,0,0,KRX
20060502,0,0,0,0.00,0,0,0,0,0,0,0,0,0,KRX
20060428,0,0,0,0.00,0,0,0,0,0,0,0,0,0,KRX
20060427,0,0,0,0.00,0,0,0,0,--97,0,0,0,--2164,KRX
20060426,+47350,2,+3100,+7.01,1134299,125,222,+97,+57,2618,4782,+2164,+1286,KRX
20060425,-44250,5,-750,-1.67,447900,286,326,+40,+65,6468,7346,+878,+1429,KRX
20060424,-45000,5,-1000,-2.17,315934,283,258,--25,--587,6230,5679,--551,--12787,KRX
20060421,+46000,2,+1150,+2.56,572794,245,807,+562,+573,5370,17606,+12236,+12446,KRX
20060420,-44850,5,-1550,-3.34,443101,208,197,--11,+88,4503,4293,--210,+1871,KRX
20060419,+46400,2,+300,+0.65,591488,181,82,--99,--429,3841,1760,--2081,--9230,KRX
20060418,+46100,2,+250,+0.55,398787,280,610,+330,+760,6108,13257,+7149,+16471,KRX
20060417,+45850,2,+250,+0.55,741994,952,522,--430,+340,20586,11264,--9322,+7749,KRX
20060414,+45600,2,+400,+0.88,630138,1043,273,--770,--765,23110,6039,--17071,--16878,KRX
20060413,+45200,2,+4050,+9.84,1152504,195,190,--5,--463,4480,4287,--193,--11280,KRX
20060412,-41150,5,-150,-0.36,325538,23,481,+458,+563,560,11647,+11087,+13613,KRX
20060411,-41300,5,-2200,-5.06,698545,236,131,--105,--194,5670,3144,--2526,--4574,KRX
20060410,+43500,2,+400,+0.93,377741,66,155,+89,+79,1536,3584,+2048,+1830,KRX
20060407,+43100,2,+850,+2.01,596958,148,158,+10,--113,3431,3649,+218,--2623,KRX
20060406,-42250,5,-350,-0.82,390321,240,363,+123,+233,5601,8442,+2841,+5405,KRX
20060405,+42600,2,+650,+1.55,1059981,387,277,--110,--226,8956,6392,--2564,--5386,KRX
20060404,+41950,2,+350,+0.84,432468,85,201,+116,+119,2053,4875,+2822,+2911,KRX
20060403,+41600,2,+150,+0.36,418840,168,165,--3,+95,4043,3954,--89,+2243,KRX
20060331,+41450,2,+750,+1.84,723513,146,48,--98,+106,3500,1168,--2332,+2721,KRX
20060330,+40700,2,+2500,+6.54,903115,252,48,--204,--419,6262,1209,--5053,--10764,KRX
20060329,+38200,2,+1700,+4.66,545053,74,289,+215,+151,2028,7739,+5711,+3961,KRX
20060328,+36500,2,+200,+0.55,564843,90,154,+64,+25,2484,4234,+1750,+674,KRX
20060327,36300,3,0,0.00,343251,12,51,+39,+231,336,1412,+1076,+6604,KRX
20060324,+36300,2,+1800,+5.22,726963,266,74,--192,--256,7584,2056,--5528,--7399,KRX
20060323,+34500,2,+1250,+3.76,481743,28,92,+64,+68,836,2707,+1871,+1992,KRX
20060322,-33250,5,-1150,-3.34,277619,44,40,--4,+47,1306,1185,--121,+1339,KRX
20060321,+34400,2,+50,+0.15,579098,98,47,--51,--584,2811,1351,--1460,--17022,KRX
20060320,+34350,2,+900,+2.69,543247,5,538,+533,+562,135,15697,+15562,+16424,KRX
20060317,+33450,2,+600,+1.83,687446,35,6,--29,--94,1039,177,--862,--2793,KRX
20060316,-32850,5,-1950,-5.60,658014,21,86,+65,+244,633,2564,+1931,+7023,KRX
20060315,-34800,5,-400,-1.14,391601,207,28,--179,--11,5894,802,--5092,--317,KRX
20060314,-35200,5,-1100,-3.03,437102,168,0,--168,--165,4775,0,--4775,--4717,KRX
20060313,-36300,5,-250,-0.68,418847,86,83,--3,--416,2333,2275,--58,--11295,KRX
20060310,-36550,5,-700,-1.88,414457,16,429,+413,--26,439,11676,+11237,--499,KRX
20060309,-37250,5,-400,-1.06,356218,158,597,+439,+447,4197,15933,+11736,+11944,KRX
20060308,+37650,2,+400,+1.07,274969,117,109,--8,+163,3116,2908,--208,+4317,KRX
20060307,-37250,5,-1750,-4.49,332558,261,90,--171,--92,6920,2395,--4525,--2467,KRX
20060306,+39000,2,+600,+1.56,251957,325,246,--79,+197,8382,6324,--2058,+4998,KRX
20060303,-38400,5,-1700,-4.24,503861,303,27,--276,--175,7756,700,--7056,--4567,KRX
20060302,-40100,5,-900,-2.20,410228,510,409,--101,--70,12571,10082,--2489,--1720,KRX
20060228,41000,3,0,0.00,557995,103,72,--31,--644,2520,1751,--769,--15873,KRX
20060227,+41000,2,+1850,+4.73,773573,24,637,+613,+454,595,15699,+15104,+11080,KRX
20060224,+39150,2,+600,+1.56,604729,142,301,+159,+775,3640,7664,+4024,+20019,KRX
20060223,+38550,2,+50,+0.13,476286,632,16,--616,--240,16413,418,--15995,--6160,KRX
20060222,-38500,5,-500,-1.28,600307,441,65,--376,--328,11510,1675,--9835,--8626,KRX
20060221,-39000,5,-250,-0.64,448315,156,108,--48,--456,3979,2770,--1209,--11607,KRX
20060220,+39250,2,+450,+1.16,710529,85,493,+408,+611,2176,12574,+10398,+15520,KRX
20060217,-38800,5,-950,-2.39,971012,299,96,--203,--34,7535,2413,--5122,--792,KRX
20060216,+39750,2,+1350,+3.52,639432,173,4,--169,+300,4438,108,--4330,+8071,KRX
20060215,-38400,5,-1400,-3.52,674502,822,353,--469,--664,21125,8724,--12401,--17339,KRX
20060214,-39800,5,-550,-1.36,719446,165,360,+195,+451,4162,9100,+4938,+11103,KRX
20060213,-40350,5,-2450,-5.72,712257,287,31,--256,--293,6911,746,--6165,--7007,KRX
20060210,+42800,2,+650,+1.54,849336,186,223,+37,+711,4506,5348,+842,+16114,KRX
20060209,-42150,5,-300,-0.71,2417031,792,118,--674,--1404,17973,2701,--15272,--33205,KRX
20060208,+42450,2,+3100,+7.88,1944327,76,806,+730,+29,1839,19772,+17933,+722,KRX
20060207,-39350,5,-600,-1.50,1427898,159,860,+701,+649,3938,21149,+17211,+15873,KRX
20060206,-39950,5,-300,-0.75,1348532,80,132,+52,+756,2059,3397,+1338,+18407,KRX
20060203,-40250,5,-3350,-7.68,1812894,856,152,--704,+162,20701,3632,--17069,+3743,KRX
20060202,+43600,1,+5650,+14.89,3434671,1318,452,--866,+423,31384,10572,--20812,+13237,KRX
20060201,-37950,5,-2600,-6.41,1569061,1421,132,--1289,--1088,37617,3568,--34049,--29136,KRX
20060131,+40550,2,+350,+0.87,708238,226,25,--201,+316,5537,624,--4913,+7873,KRX
20060127,+40200,2,+1100,+2.81,1097550,520,3,--517,--530,12852,66,--12786,--13130,KRX
20060126,+39100,2,+450,+1.16,1171143,295,308,+13,--63,7725,8069,+344,--1860,KRX
20060125,+38650,2,+2650,+7.36,2624267,722,798,+76,+154,18367,20571,+2204,+4858,KRX
20060124,+36000,2,+1400,+4.05,3252086,870,792,--78,--223,24845,22191,--2654,--6143,KRX
20060123,-34600,5,-4700,-11.96,1914321,488,633,+145,--128,14108,17597,+3489,--3192,KRX
20060120,-39300,4,-6900,-14.94,2083701,137,410,+273,+46,3174,9855,+6681,+1668,KRX
20060119,46200,3,0,0.00,1574563,65,292,+227,+1756,1426,6439,+5013,+35927,KRX
20060118,-46200,5,-5200,-10.12,1985417,2105,576,--1529,--1452,43200,12286,--30914,--29513,KRX
20060117,-51400,5,-2600,-4.81,1191295,319,242,--77,--396,5962,4561,--1401,--7556,KRX
20060116,+54000,2,+4000,+8.00,1464520,112,431,+319,--149,2117,8272,+6155,--3104,KRX
20060113,-50000,5,-1300,-2.53,1099390,44,512,+468,+643,872,10131,+9259,+12494,KRX
20060112,-51300,5,-2000,-3.75,1431489,497,322,--175,--549,9436,6201,--3235,--10570,KRX
20060111,+53300,2,+4450,+9.11,1420564,203,577,+374,+615,4021,11356,+7335,+11754,KRX
20060110,-48850,5,-500,-1.01,2100213,529,288,--241,--104,10233,5814,--4419,--1453,KRX
20060109,+49350,1,+6400,+14.90,2157811,160,23,--137,--2459,3448,482,--2966,--57672,KRX
20060106,+42950,2,+1250,+3.00,625195,67,2389,+2322,+2109,1593,56299,+54706,+49599,KRX
20060105,-41700,5,-1300,-3.02,890704,255,468,+213,+806,6088,11195,+5107,+18533,KRX
20060104,-43000,5,-1400,-3.15,1522661,913,320,--593,--415,20711,7285,--13426,--9246,KRX
20060103,+44400,2,+400,+0.91,823819,481,303,--178,--1408,11123,6943,--4180,--32314,KRX
20060102,+44000,2,+1100,+2.56,1109934,205,1435,+1230,+968,4744,32878,+28134,+22045,KRX
20051229,+42900,2,+1450,+3.50,1272755,482,744,+262,+280,11197,17286,+6089,+6532,KRX
20051228,+41450,2,+150,+0.36,977880,175,157,--18,+456,4227,3784,--443,+11722,KRX
20051227,+41300,2,+2900,+7.55,1684027,734,260,--474,--111,18530,6365,--12165,--2837,KRX
20051226,38400,3,0,0.00,644400,456,93,--363,+87,11720,2392,--9328,+2521,KRX
20051223,+38400,2,+1300,+3.50,686983,492,42,--450,--174,12958,1109,--11849,--4727,KRX
20051222,-37100,5,-2150,-5.48,634461,370,94,--276,--167,9580,2458,--7122,--4351,KRX
20051221,-39250,5,-750,-1.88,638914,305,196,--109,--396,7723,4952,--2771,--9792,KRX
20051220,-40000,5,-2300,-5.44,775638,31,318,+287,+189,753,7774,+7021,+4725,KRX
20051219,+42300,2,+2000,+4.96,1139566,60,158,+98,+448,1428,3724,+2296,+10903,KRX
20051216,-40300,5,-1200,-2.89,781892,475,125,--350,--594,11703,3096,--8607,--14682,KRX
20051215,+41500,2,+1500,+3.75,872071,43,287,+244,+597,1102,7177,+6075,+14971,KRX
20051214,-40000,5,-450,-1.11,1311978,442,89,--353,--299,11108,2212,--8896,--7406,KRX
20051213,+40450,2,+4950,+13.94,2320258,207,153,--54,--170,5453,3963,--1490,--4706,KRX
20051212,+35500,2,+700,+2.01,892168,70,186,+116,+165,1948,5164,+3216,+4618,KRX
20051209,+34800,2,+650,+1.90,433998,531,482,--49,--363,15181,13779,--1402,--10657,KRX
20051208,+34150,2,+50,+0.15,392312,54,368,+314,+718,1579,10834,+9255,+20918,KRX
20051207,-34100,5,-2050,-5.67,545566,495,91,--404,--467,14267,2604,--11663,--13424,KRX
20051206,+36150,2,+2700,+8.07,1083865,41,104,+63,+272,1141,2902,+1761,+8008,KRX
20051205,-33450,5,-550,-1.62,344808,326,117,--209,--191,9739,3492,--6247,--5723,KRX
20051202,-34000,5,-500,-1.45,404588,75,57,--18,--161,2186,1662,--524,--4660,KRX
20051201,+34500,2,+150,+0.44,414347,26,169,+143,+6,743,4879,+4136,+120,KRX
20051130,+34350,2,+850,+2.54,425158,37,174,+137,--175,1086,5102,+4016,--5248,KRX
20051129,-33500,5,-850,-2.47,524236,45,357,+312,+39,1353,10617,+9264,+1520,KRX
20051128,-34350,5,-1050,-2.97,582912,24,297,+273,+1162,697,8441,+7744,+32362,KRX
20051125,-35400,5,-1100,-3.01,537617,1068,179,--889,+269,29641,5023,--24618,+6481,KRX
20051124,36500,3,0,0.00,842439,1366,208,--1158,--1224,36756,5657,--31099,--32932,KRX
20051123,+36500,2,+1000,+2.82,689696,137,203,+66,+185,3815,5648,+1833,+5168,KRX
20051122,+35500,2,+100,+0.28,458811,217,98,--119,--219,6088,2753,--3335,--6110,KRX
20051121,-35400,5,-500,-1.39,547490,74,174,+100,+51,2072,4847,+2775,+1475,KRX
20051118,-35900,5,-300,-0.83,544976,61,110,+49,+81,1675,2975,+1300,+2184,KRX
20051117,+36200,2,+1350,+3.87,1011479,148,116,--32,+382,4059,3175,--884,+10890,KRX
20051116,-34850,5,-450,-1.27,569253,462,48,--414,--463,13138,1364,--11774,--13161,KRX
20051115,+35300,2,+300,+0.86,671940,81,130,+49,--58,2284,3671,+1387,--1495,KRX
20051114,+35000,2,+500,+1.45,1914689,116,223,+107,--563,3145,6027,+2882,--17420,KRX
20051111,+34500,2,+3100,+9.87,1869347,71,741,+670,+666,2102,22404,+20302,+20213,KRX
20051110,-31400,5,-2550,-7.51,1549295,61,65,+4,--25,1919,2008,+89,--735,KRX
20051109,+33950,2,+50,+0.15,590941,88,117,+29,--408,2599,3423,+824,--12065,KRX
20051108,+33900,2,+2050,+6.44,1299911,72,509,+437,+402,2110,14999,+12889,+11782,KRX
20051107,-31850,5,-150,-0.47,386670,11,46,+35,--4,332,1439,+1107,--105,KRX
20051104,+32000,2,+550,+1.75,973954,22,61,+39,+72,672,1884,+1212,+2284,KRX
20051103,+31450,2,+1000,+3.28,1001182,34,1,--33,+100,1092,20,--1072,+3387,KRX
20051102,+30450,2,+950,+3.22,1380368,136,3,--133,--266,4544,85,--4459,--9345,KRX
20051101,+29500,2,+2500,+9.26,672038,97,230,+133,+42,3348,8234,+4886,+1580,KRX
20051031,+27000,2,+250,+0.93,242409,37,128,+91,+173,1371,4677,+3306,+6361,KRX
20051028,-26750,5,-700,-2.55,267929,95,13,--82,--56,3552,497,--3055,--2105,KRX
20051027,-27450,5,-150,-0.54,261116,29,3,--26,+331,1060,110,--950,+12196,KRX
20051026,+27600,2,+250,+0.91,401832,375,18,--357,--367,13796,650,--13146,--13507,KRX
20051025,-27350,5,-500,-1.80,407295,23,33,+10,+30,832,1193,+361,+1144,KRX
20051024,+27850,2,+1700,+6.50,1014205,130,110,--20,--167,4784,4001,--783,--6540,KRX
20051021,+26150,2,+1100,+4.39,623470,4,151,+147,+163,145,5902,+5757,+6401,KRX
20051020,-25050,5,-550,-2.15,441309,17,1,--16,+97,674,30,--644,+3860,KRX
20051019,-25600,5,-1700,-6.23,519906,180,67,--113,--84,7021,2517,--4504,--3444,KRX
20051018,+27300,2,+300,+1.11,464338,41,12,--29,--96,1491,431,--1060,--3491,KRX
20051017,-27000,5,-1050,-3.74,535807,8,75,+67,+57,291,2722,+2431,+2089,KRX
20051014,-28050,5,-1150,-3.94,533976,23,33,+10,+439,826,1168,+342,+15132,KRX
20051013,+29200,2,+50,+0.17,626915,434,5,--429,+104,14965,175,--14790,+3287,KRX
20051012,-29150,5,-1200,-3.95,869329,541,8,--533,--568,18331,254,--18077,--19229,KRX
20051011,+30350,2,+350,+1.17,349592,5,40,+35,--311,161,1313,+1152,--10317,KRX
20051010,+30000,2,+250,+0.84,351671,11,357,+346,+203,366,11835,+11469,+6735,KRX
20051007,29750,3,0,0.00,367813,14,157,+143,+331,480,5214,+4734,+10929,KRX
20051006,-29750,5,-1650,-5.25,692839,237,49,--188,--285,7833,1638,--6195,--9240,KRX
20051005,-31400,5,-800,-2.48,334559,70,167,+97,--313,2208,5253,+3045,--9813,KRX
20051004,+32200,2,+850,+2.71,433805,62,472,+410,+710,1949,14807,+12858,+22314,KRX
20050930,-31350,5,-500,-1.57,367772,301,1,--300,--332,9486,30,--9456,--10428,KRX
20050929,-31850,5,-200,-0.62,269418,264,296,+32,+169,8350,9322,+972,+5122,KRX
20050928,-32050,5,-250,-0.77,513231,169,32,--137,+305,5170,1020,--4150,+9642,KRX
20050927,+32300,2,+1600,+5.21,951446,452,10,--442,--526,14119,327,--13792,--16502,KRX
20050926,+30700,2,+100,+0.33,343322,30,114,+84,+237,965,3675,+2710,+7683,KRX
20050923,-30600,5,-250,-0.81,503195,157,4,--153,+37,5113,140,--4973,+1288,KRX
20050922,+30850,2,+850,+2.83,844243,217,27,--190,--342,7128,867,--6261,--11317,KRX
20050921,-30000,5,-500,-1.64,571750,105,257,+152,+171,3509,8565,+5056,+5648,KRX
20050920,-30500,5,-1100,-3.48,699310,33,14,--19,+7,1059,467,--592,+241,KRX
20050916,+31600,2,+900,+2.93,653480,30,4,--26,--3,953,120,--833,--109,KRX
20050915,-30700,5,-550,-1.76,687295,33,10,--23,+12,1036,312,--724,+369,KRX
20050914,+31250,2,+50,+0.16,625942,35,0,--35,+311,1103,10,--1093,+10328,KRX
20050913,+31200,2,+2100,+7.22,1190024,347,1,--346,--276,11467,46,--11421,--9006,KRX
20050912,+29100,2,+1250,+4.49,791518,71,1,--70,--175,2435,20,--2415,--6216,KRX
20050909,+27850,2,+350,+1.27,232616,33,138,+105,+256,1186,4987,+3801,+9253,KRX
20050908,-27500,5,-50,-0.18,378989,161,10,--151,--96,5807,355,--5452,--3460,KRX
20050907,-27550,5,-100,-0.36,327052,55,0,--55,--66,2002,10,--1992,--2276,KRX
20050906,+27650,2,+950,+3.56,615973,154,165,+11,+37,5613,5897,+284,+1220,KRX
20050905,-26700,5,-500,-1.84,250482,26,0,--26,--567,943,7,--936,--20860,KRX
20050902,+27200,2,+750,+2.84,403097,30,571,+541,+283,1093,21017,+19924,+10263,KRX
20050901,+26450,2,+500,+1.93,319791,44,302,+258,+31,1685,11346,+9661,+864,KRX
20050831,+25950,2,+550,+2.17,179923,3,230,+227,+264,116,8913,+8797,+10252,KRX
20050830,+25400,2,+200,+0.79,207435,67,30,--37,+14,2636,1181,--1455,+572,KRX
20050829,+25200,2,+50,+0.20,210176,120,69,--51,--64,4805,2778,--2027,--2593,KRX
20050826,+25150,2,+150,+0.60,215561,27,40,+13,+40,1051,1617,+566,+1644,KRX
20050825,-25000,5,-400,-1.57,216178,39,12,--27,+169,1558,480,--1078,+6585,KRX
20050824,-25400,5,-800,-3.05,268947,240,44,--196,--108,9378,1715,--7663,--4289,KRX
20050823,+26200,2,+200,+0.77,337152,144,56,--88,--338,5486,2112,--3374,--13139,KRX
20050822,+26000,2,+600,+2.36,290002,10,260,+250,+283,377,10142,+9765,+11066,KRX
20050819,+25400,2,+700,+2.83,271523,34,1,--33,--34,1341,40,--1301,--1346,KRX
20050818,-24700,5,-400,-1.59,249586,73,74,+1,+42,2958,3003,+45,+1682,KRX
20050817,-25100,5,-850,-3.28,254561,42,1,--41,+128,1657,20,--1637,+4914,KRX
20050816,+25950,2,+350,+1.37,248579,175,6,--169,--139,6792,241,--6551,--5358,KRX
20050812,-25600,5,-200,-0.78,314931,40,10,--30,--228,1573,380,--1193,--9073,KRX
20050811,+25800,2,+1200,+4.88,486757,9,207,+198,+191,352,8232,+7880,+7637,KRX
20050810,-24600,5,-500,-1.99,468312,19,26,+7,+50,751,994,+243,+1951,KRX
20050809,+25100,2,+350,+1.41,239418,45,2,--43,+102,1808,100,--1708,+4114,KRX
20050808,+24750,2,+150,+0.61,281260,145,0,--145,--140,5832,10,--5822,--5623,KRX
20050805,-24600,5,-1150,-4.47,302471,16,11,--5,--5,656,457,--199,--216,KRX
20050804,-25750,5,-750,-2.83,473005,10,10,0,+13,370,387,+17,+491,KRX
20050803,-26500,5,-350,-1.30,357099,13,0,--13,+25,474,0,--474,+922,KRX
20050802,-26850,5,-350,-1.29,332770,38,0,--38,+194,1406,10,--1396,+7149,KRX
20050801,-27200,5,-350,-1.27,309428,234,2,--232,--202,8635,90,--8545,--7438,KRX
20050729,+27550,2,+1450,+5.56,964046,35,5,--30,--77,1283,176,--1107,--2932,KRX
20050728,+26100,2,+900,+3.57,419137,34,81,+47,+179,1307,3132,+1825,+6936,KRX
20050727,-25200,5,-300,-1.18,382431,142,10,--132,--178,5515,404,--5111,--6970,KRX
20050726,+25500,2,+200,+0.79,445535,2,48,+46,+45,63,1922,+1859,+1831,KRX
20050725,+25300,2,+1200,+4.98,630751,8,9,+1,+105,335,363,+28,+4367,KRX
20050722,+24100,2,+100,+0.42,422995,143,39,--104,+206,5972,1633,--4339,+8416,KRX
20050721,-24000,5,-650,-2.64,676822,310,0,--310,--256,12765,10,--12755,--10498,KRX
20050720,-24650,5,-1050,-4.09,590844,112,58,--54,--386,4519,2262,--2257,--15265,KRX
20050719,+25700,2,+400,+1.58,421522,29,361,+332,+394,1149,14157,+13008,+15463,KRX
20050718,-25300,5,-900,-3.44,572730,93,31,--62,--87,3666,1211,--2455,--3402,KRX
20050715,-26200,5,-50,-0.19,363203,31,56,+25,+23,1198,2145,+947,+840,KRX
20050714,-26250,5,-950,-3.49,677496,10,12,+2,+24,359,466,+107,+908,KRX
20050713,-27200,5,-700,-2.51,306918,36,14,--22,+116,1301,500,--801,+4146,KRX
20050712,-27900,5,-100,-0.36,663322,139,1,--138,--134,4971,24,--4947,--4793,KRX
20050711,+28000,2,+1500,+5.66,1128548,4,0,--4,+8,154,0,--154,+285,KRX
20050708,+26500,2,+750,+2.91,1350788,13,1,--12,--21,479,40,--439,--770,KRX
20050707,+25750,2,+1150,+4.67,748773,2,11,+9,+131,92,423,+331,+5277,KRX
20050706,+24600,2,+500,+2.07,677299,124,2,--122,--119,5036,90,--4946,--4833,KRX
20050705,-24100,5,-250,-1.03,322558,4,1,--3,--1,145,32,--113,--40,KRX
20050704,+24350,2,+300,+1.25,435052,2,0,--2,--1,73,0,--73,--31,KRX
20050701,-24050,5,-100,-0.41,782508,1,0,--1,--38,42,0,--42,--1554,KRX
20050630,-24150,5,-50,-0.21,538239,8,45,+37,+37,323,1835,+1512,+1484,KRX
20050629,+24200,2,+850,+3.64,909203,2,2,0,--325,74,102,+28,--13876,KRX
20050628,-23350,5,-50,-0.21,344991,4,329,+325,+330,187,14091,+13904,+14126,KRX
20050627,+23400,2,+800,+3.54,1908033,5,0,--5,+3,222,0,--222,+110,KRX
20050624,-22600,5,-650,-2.80,330584,8,0,--8,--20,332,0,--332,--832,KRX
20050623,+23250,2,+350,+1.53,888118,77,89,+12,+17,3254,3754,+500,+695,KRX
20050622,-22900,5,-400,-1.72,517038,5,0,--5,--13,195,0,--195,--533,KRX
20050621,+23300,2,+250,+1.08,478953,13,21,+8,+8,574,912,+338,+338,KRX
20050620,0,0,0,0.00,0,0,0,0,+3,0,0,0,+154,KRX
20050617,-23000,5,-950,-3.97,658103,6,3,--3,+87,272,118,--154,+3582,KRX
20050616,+23950,2,+2800,+13.24,1481083,102,12,--90,--191,4321,585,--3736,--8534,KRX
20050615,+21150,2,+300,+1.44,402446,8,109,+101,+108,400,5198,+4798,+5134,KRX
20050614,-20850,5,-1400,-6.29,689128,7,0,--7,--7,336,0,--336,--351,KRX
20050613,-22250,5,-350,-1.55,553954,2,2,0,+50,73,88,+15,+2233,KRX
20050610,-22600,5,-300,-1.31,595613,66,16,--50,--165,2934,716,--2218,--7275,KRX
20050609,+22900,2,+300,+1.33,749621,10,125,+115,+151,430,5487,+5057,+6635,KRX
20050608,+22600,2,+50,+0.22,417357,36,0,--36,--61,1578,0,--1578,--2678,KRX
20050607,+22550,2,+350,+1.58,673834,0,25,+25,+17,0,1100,+1100,+729,KRX
20050603,+22200,2,+1300,+6.22,846528,7,15,+8,--3,340,711,+371,--124,KRX
20050602,-20900,5,-400,-1.88,657339,0,11,+11,+25,5,500,+495,+1145,KRX
20050601,+21300,2,+700,+3.40,898492,14,0,--14,+111,650,0,--650,+5448,KRX
20050531,+20600,2,+1750,+9.28,1535482,170,45,--125,--91,8307,2209,--6098,--4296,KRX
20050530,-18850,5,-200,-1.05,301387,42,8,--34,--34,2223,421,--1802,--1795,KRX
20050527,-19050,5,-350,-1.80,444017,0,0,0,+59,7,0,--7,+3034,KRX
20050526,+19400,2,+1450,+8.08,1444221,59,0,--59,+1,3041,0,--3041,+264,KRX
20050525,17950,3,0,0.00,476041,60,0,--60,--59,3305,0,--3305,--3243,KRX
20050524,+17950,2,+50,+0.28,424529,1,0,--1,--20,62,0,--62,--1107,KRX
20050523,+17900,2,+950,+5.60,811679,1,20,+19,+112,55,1100,+1045,+6629,KRX
20050520,+16950,2,+200,+1.19,302487,93,0,--93,--94,5584,0,--5584,--5605,KRX
20050519,+16750,2,+550,+3.40,779155,1,2,+1,--8,71,92,+21,--524,KRX
20050518,+16200,2,+50,+0.31,253688,0,9,+9,+4,0,545,+545,+256,KRX
20050517,-16150,5,-300,-1.82,289346,0,5,+5,--11,0,289,+289,--637,KRX
20050516,+16450,2,+150,+0.92,351216,0,16,+16,+16,22,948,+926,+926,KRX
20050513,0,0,0,0.00,0,0,0,0,+1,0,0,0,+48,KRX
20050512,-16500,5,-150,-0.90,268872,1,0,--1,0,48,0,--48,+3,KRX
20050511,-16650,5,-700,-4.03,314948,1,0,--1,--1,51,0,--51,--51,KRX
20050510,0,0,0,0.00,0,0,0,0,0,0,0,0,0,KRX
20050509,0,0,0,0.00,0,0,0,0,0,0,0,0,0,KRX
20050506,0,0,0,0.00,0,0,0,0,0,0,0,0,0,KRX
20050504,-17300,5,-750,-4.16,524686,0,0,0,--7,0,0,0,--383,KRX
20050503,-18050,5,-200,-1.10,232532,0,7,+7,+36,0,383,+383,+1942,KRX
20050502,-18250,5,-350,-1.88,220681,29,0,--29,--28,1570,11,--1559,--1538,KRX
20050429,-18600,5,-550,-2.87,243353,1,0,--1,+37,40,19,--21,+1978,KRX
20050428,19150,3,0,0.00,307057,41,3,--38,--38,2131,132,--1999,--1975,KRX
20050427,+19150,2,+50,+0.26,157107,0,0,0,+2,24,0,--24,+103,KRX
20050426,-19100,5,-200,-1.04,256712,2,0,--2,--12,127,0,--127,--643,KRX
20050425,+19300,2,+100,+0.52,182799,1,11,+10,--17,35,551,+516,--938,KRX
20050422,+19200,2,+100,+0.52,480151,14,41,+27,+11,699,2153,+1454,+612,KRX
20050421,-19100,5,-300,-1.55,234875,5,21,+16,+25,264,1106,+842,+1306,KRX
20050420,+19400,2,+300,+1.57,397946,9,0,--9,--33,464,0,--464,--1688,KRX
20050419,+19100,2,+200,+1.06,179462,1,25,+24,+25,55,1279,+1224,+1244,KRX
20050418,-18900,5,-1100,-5.50,394638,1,0,--1,+9,33,13,--20,+476,KRX
20050415,-20000,5,-100,-0.50,275929,10,0,--10,--8,496,0,--496,--386,KRX
20050414,-20100,5,-50,-0.25,220062,2,0,--2,+5,110,0,--110,+248,KRX
20050413,-20150,5,-350,-1.71,254202,7,0,--7,--7,358,0,--358,--348,KRX
20050412,-20500,5,-200,-0.97,218789,0,0,0,+10,10,0,--10,+449,KRX
20050411,-20700,5,-400,-1.90,268281,10,0,--10,--10,459,0,--459,--459,KRX
20050408,0,0,0,0.00,0,0,0,0,--24,0,0,0,--1154,KRX
20050407,-21100,5,-100,-0.47,310213,29,53,+24,+36,1346,2500,+1154,+1727,KRX
20050406,-21200,5,-50,-0.24,244212,12,0,--12,+7,573,0,--573,+339,KRX
20050404,-21250,5,-550,-2.52,301491,58,39,--19,--13,2717,1805,--912,--629,KRX
20050401,+21800,2,+150,+0.69,260612,6,0,--6,--6,283,0,--283,--271,KRX
20050331,+21650,2,+50,+0.23,510809,0,0,0,--35,12,0,--12,--1619,KRX
20050330,-21600,5,-200,-0.92,286058,27,62,+35,--45,1258,2865,+1607,--1988,KRX
20050329,-21800,5,-900,-3.96,341377,2,82,+80,+79,105,3700,+3595,+3575,KRX
20050328,+22700,2,+250,+1.11,423531,0,1,+1,--25,10,30,+20,--1127,KRX
20050325,+22450,2,+850,+3.94,998585,1,27,+26,+63,62,1209,+1147,+2854,KRX
20050324,+21600,2,+100,+0.47,375831,37,0,--37,--12,1707,0,--1707,--547,KRX
20050323,-21500,5,-400,-1.83,250748,25,0,--25,--25,1160,0,--1160,--1154,KRX
20050322,+21900,2,+500,+2.34,465648,0,0,0,+12,6,0,--6,+547,KRX
20050321,-21400,5,-200,-0.93,262214,12,0,--12,+7,553,0,--553,+320,KRX
20050318,-21600,5,-100,-0.46,277661,19,0,--19,+19,873,0,--873,+877,KRX
20050317,-21700,5,-1050,-4.62,554445,38,0,--38,--25,1750,0,--1750,--1158,KRX
20050316,+22750,2,+300,+1.34,342171,24,11,--13,0,1065,473,--592,--35,KRX
20050315,-22450,5,-950,-4.06,543623,19,6,--13,+65,837,280,--557,+2912,KRX
20050314,+23400,2,+1250,+5.64,1285476,87,9,--78,--37,3842,373,--3469,--1637,KRX
20050311,+22150,2,+250,+1.14,404569,41,0,--41,--201,1832,0,--1832,--9147,KRX
20050310,-21900,5,-850,-3.74,736187,37,197,+160,+186,1676,8991,+7315,+8450,KRX
20050309,-22750,5,-1450,-5.99,808492,31,5,--26,--46,1357,222,--1135,--1981,KRX
20050308,+24200,2,+1500,+6.61,2134485,3,23,+20,--10,120,966,+846,--482,KRX
20050307,-22700,5,-300,-1.30,357345,12,42,+30,+28,527,1855,+1328,+1207,KRX
20050304,23000,3,0,0.00,603002,6,8,+2,--11,239,360,+121,--413,KRX
20050303,-23000,5,-650,-2.75,546150,1,14,+13,--12,52,586,+534,--533,KRX
20050302,+23650,2,+50,+0.21,544380,4,29,+25,+62,160,1227,+1067,+2636,KRX
20050228,-23600,5,-2100,-8.17,1555500,37,0,--37,--26,1569,0,--1569,--1136,KRX
20050225,-25700,5,-150,-0.58,956172,11,0,--11,+99,433,0,--433,+3933,KRX
20050224,+25850,2,+900,+3.61,1057183,132,22,--110,--117,5216,850,--4366,--4659,KRX
20050223,-24950,5,-250,-0.99,323849,26,33,+7,+13,1015,1308,+293,+510,KRX
20050222,-25200,5,-300,-1.18,703742,6,0,--6,--3,217,0,--217,--87,KRX
20050221,-25500,5,-400,-1.54,536647,3,0,--3,0,130,0,--130,--8,KRX
20050218,-25900,5,-250,-0.96,536188,3,0,--3,0,122,0,--122,--12,KRX
20050217,-26150,5,-100,-0.38,865154,3,0,--3,--34,110,0,--110,--1321,KRX
20050216,-26250,5,-450,-1.69,772563,9,40,+31,+13,322,1533,+1211,+546,KRX
20050215,+26700,2,+1300,+5.12,1912696,1,19,+18,+11,49,714,+665,+363,KRX
20050214,+25400,2,+500,+2.01,612928,1,8,+7,--3,29,331,+302,--110,KRX
20050211,-24900,5,-300,-1.19,397010,0,10,+10,+3,0,412,+412,+140,KRX
20050207,+25200,2,+300,+1.20,416006,0,7,+7,+13,0,272,+272,+487,KRX
20050204,-24900,5,-450,-1.78,429023,9,3,--6,--8,353,138,--215,--289,KRX
20050203,-25350,5,-300,-1.17,457381,3,5,+2,+260,118,192,+74,+10093,KRX
20050202,+25650,2,+300,+1.18,610897,258,0,--258,+196,10019,0,--10019,+7715,KRX
20050201,-25350,5,-450,-1.74,418819,455,1,--454,--209,17772,38,--17734,--8288,KRX
20050131,+25800,2,+200,+0.78,629926,245,0,--245,--279,9446,0,--9446,--10760,KRX
20050128,+25600,2,+300,+1.19,347337,1,35,+34,+238,37,1351,+1314,+9257,KRX
20050127,-25300,5,-1150,-4.35,735724,204,0,--204,--207,7943,0,--7943,--8069,KRX
20050126,+26450,2,+1900,+7.74,1702115,3,6,+3,+3,114,240,+126,+164,KRX
20050125,-24550,5,-550,-2.19,413181,2,2,0,--19,99,61,--38,--815,KRX
20050124,-25100,5,-500,-1.95,580315,13,32,+19,+5,488,1265,+777,+240,KRX
20050121,+25600,2,+1100,+4.49,825114,2,16,+14,+8,82,619,+537,+317,KRX
20050120,-24500,5,-1350,-5.22,619828,4,10,+6,+438,173,393,+220,+16712,KRX
20050119,+25850,2,+50,+0.19,900875,471,39,--432,--364,17981,1489,--16492,--13867,KRX
20050118,+25800,2,+600,+2.38,1006709,75,7,--68,--41,2916,291,--2625,--1478,KRX
20050117,+25200,2,+1200,+5.00,1094318,42,15,--27,--32,1723,576,--1147,--1341,KRX
20050114,-24000,5,-450,-1.84,564711,0,5,+5,+64,0,194,+194,+2613,KRX
20050113,+24450,2,+50,+0.20,525334,60,1,--59,--70,2465,46,--2419,--2846,KRX
20050112,-24400,5,-850,-3.37,717195,0,11,+11,--24,0,427,+427,--994,KRX
20050111,-25250,5,-100,-0.39,1341742,41,76,+35,+39,1647,3068,+1421,+1540,KRX
20050110,+25350,2,+50,+0.20,875361,33,29,--4,--40,1281,1162,--119,--1518,KRX
20050107,-25300,5,-100,-0.39,1898108,14,50,+36,--3,553,1952,+1399,--169,KRX
20050106,+25400,2,+1500,+6.28,2313833,16,55,+39,+64,658,2226,+1568,+2600,KRX
20050105,+23900,2,+650,+2.80,731659,34,9,--25,--12,1432,400,--1032,--506,KRX
20050104,-23250,5,-500,-2.11,470595,16,3,--13,+208,667,141,--526,+8845,KRX
20050103,+23750,2,+550,+2.37,630087,224,3,--221,--226,9493,122,--9371,--9573,KRX
20041230,+23200,2,+1100,+4.98,882957,0,5,+5,--3,0,202,+202,--171,KRX
20041229,+22100,2,+600,+2.79,407413,0,8,+8,+9,0,373,+373,+431,KRX
20041228,-21500,5,-850,-3.80,399198,1,0,--1,0,58,0,--58,--8,KRX
20041227,+22350,2,+500,+2.29,300424,1,0,--1,--6,50,0,--50,--294,KRX
20041224,+21850,2,+400,+1.86,698386,0,5,+5,--2,0,244,+244,--61,KRX
20041223,-21450,5,-250,-1.15,335220,1,8,+7,--2,61,366,+305,--103,KRX
20041222,+21700,2,+200,+0.93,598898,2,11,+9,+8,80,488,+408,+384,KRX
20041221,-21500,5,-400,-1.83,376975,2,3,+1,--160,108,132,+24,--7343,KRX
20041220,-21900,5,-100,-0.45,519753,7,168,+161,+163,313,7680,+7367,+7431,KRX
20041217,+22000,2,+150,+0.69,397950,11,9,--2,--24,490,426,--64,--1088,KRX
20041216,+21850,2,+450,+2.10,877043,7,29,+22,+19,320,1344,+1024,+882,KRX
20041215,-21400,5,-250,-1.15,816850,0,3,+3,+29,0,142,+142,+1327,KRX
20041214,-21650,5,-1250,-5.46,748747,33,7,--26,--40,1500,315,--1185,--1774,KRX
20041213,-22900,5,-950,-3.98,431442,0,14,+14,+13,0,589,+589,+533,KRX
20041210,-23850,5,-100,-0.42,438565,10,11,+1,--45,400,456,+56,--1867,KRX
20041209,+23950,2,+50,+0.21,227037,4,50,+46,+44,162,2085,+1923,+1823,KRX
20041208,-23900,5,-150,-0.62,238933,2,4,+2,+3,70,170,+100,+150,KRX
20041207,-24050,5,-500,-2.04,321865,1,0,--1,0,60,10,--50,+11,KRX
20041206,+24550,2,+400,+1.66,730862,1,0,--1,--31,61,0,--61,--1343,KRX
20041203,-24150,5,-550,-2.23,405922,7,37,+30,+29,269,1551,+1282,+1236,KRX
20041202,+24700,2,+250,+1.02,365641,7,8,+1,+20,274,320,+46,+828,KRX
20041201,+24450,2,+400,+1.66,318117,21,2,--19,--23,863,81,--782,--914,KRX
20041130,-24050,5,-350,-1.43,365136,4,8,+4,--14,183,315,+132,--600,KRX
20041129,24400,3,0,0.00,245033,2,20,+18,+24,77,809,+732,+994,KRX
20041126,-24400,5,-800,-3.17,505230,14,8,--6,--6,567,305,--262,--262,KRX
20041125,-25200,5,-1000,-3.82,503895,0,0,0,--19,0,0,0,--727,KRX
20041124,-26200,5,-700,-2.60,542439,1,20,+19,+17,31,758,+727,+663,KRX
20041123,-26900,5,-300,-1.10,1035492,1,3,+2,+14,36,100,+64,+518,KRX
20041122,+27200,2,+1000,+3.82,462121,13,1,--12,+2,474,20,--454,+101,KRX
20041119,+26200,2,+400,+1.55,284091,14,0,--14,--11,555,0,--555,--426,KRX
20041118,-25800,5,-1200,-4.44,325283,3,0,--3,--8,129,0,--129,--315,KRX
20041117,+27000,2,+300,+1.12,405127,1,6,+5,--14,34,220,+186,--482,KRX
20041116,-26700,5,-1300,-4.64,497536,24,43,+19,+19,893,1561,+668,+663,KRX
20041115,+28000,2,+400,+1.45,1235673,0,0,0,+11,0,5,+5,+411,KRX
20041112,+27600,1,+2950,+11.97,1349950,11,0,--11,--15,406,0,--406,--573,KRX
20041111,-24650,5,-50,-0.20,248093,1,5,+4,--18,26,193,+167,--710,KRX
20041110,+24700,2,+500,+2.07,277686,4,26,+22,+30,159,1036,+877,+1183,KRX
20041109,-24200,5,-400,-1.63,231620,9,1,--8,+18,366,60,--306,+773,KRX
20041108,+24600,2,+100,+0.41,509108,26,0,--26,--120,1079,0,--1079,--4842,KRX
20041105,-24500,5,-500,-2.00,337789,5,99,+94,+86,183,3946,+3763,+3456,KRX
20041104,-25000,5,-650,-2.53,189620,3,11,+8,+13,120,427,+307,+500,KRX
20041103,+25650,2,+300,+1.18,264481,5,0,--5,--8,193,0,--193,--310,KRX
20041102,+25350,2,+850,+3.47,272903,4,7,+3,--131,165,282,+117,--5331,KRX
20041101,-24500,5,-150,-0.61,202440,23,157,+134,+134,958,6406,+5448,+5448,KRX
20041029,-24650,5,-250,-1.00,164052,0,0,0,+38,0,0,0,+1500,KRX
20041028,+24900,2,+800,+3.32,415294,52,14,--38,+6,2075,575,--1500,+338,KRX
20041027,+24100,2,+250,+1.05,432761,53,9,--44,--15,2191,353,--1838,--619,KRX
20041026,+23850,2,+50,+0.21,297877,30,1,--29,+65,1249,30,--1219,+2711,KRX
20041025,-23800,5,-850,-3.45,312722,121,27,--94,--94,5050,1120,--3930,--3960,KRX
20041022,-24650,5,-1000,-3.90,556574,8,8,0,+1,308,338,+30,+58,KRX
20041021,-25650,5,-1400,-5.18,434268,21,20,--1,--18,798,770,--28,--653,KRX
20041020,-27050,5,-1050,-3.74,327148,8,25,+17,+4,275,900,+625,+180,KRX
20041019,+28100,2,+50,+0.18,217201,0,13,+13,+4,0,445,+445,+140,KRX
20041018,-28050,5,-500,-1.75,434819,2,11,+9,--1,80,385,+305,--52,KRX
20041015,-28550,5,-2250,-7.31,869004,7,17,+10,+11,237,594,+357,+402,KRX
20041014,-30800,5,-450,-1.44,309347,3,2,--1,+928,110,65,--45,+29768,KRX
20041013,+31250,2,+850,+2.80,800845,929,0,--929,--924,29813,0,--29813,--29658,KRX
20041012,-30400,5,-750,-2.41,278006,5,0,--5,+77,165,10,--155,+2500,KRX
20041011,+31150,2,+400,+1.30,251390,82,0,--82,+32,2655,0,--2655,+1057,KRX
20041008,+30750,2,+50,+0.16,263988,114,0,--114,--130,3712,0,--3712,--4202,KRX
20041007,-30700,5,-450,-1.44,271783,10,26,+16,+1,333,823,+490,+23,KRX
20041006,-31150,5,-700,-2.20,321695,0,15,+15,--72,0,467,+467,--2265,KRX
20041005,+31850,2,+250,+0.79,510893,1,88,+87,+28,43,2775,+2732,+851,KRX
20041004,+31600,2,+1000,+3.27,512037,7,66,+59,+61,215,2096,+1881,+1942,KRX
20041001,+30600,2,+300,+0.99,282388,2,0,--2,--13,61,0,--61,--420,KRX
20040930,-30300,5,-800,-2.57,409157,0,11,+11,+28,11,370,+359,+919,KRX
20040924,+31100,2,+550,+1.80,406077,17,0,--17,--11,560,0,--560,--364,KRX
20040923,-30550,5,-300,-0.97,373963,6,0,--6,0,206,10,--196,--6,KRX
20040922,-30850,5,-1050,-3.29,454899,6,0,--6,0,190,0,--190,--3,KRX
20040921,-31900,5,-300,-0.93,435156,6,0,--6,+1,187,0,--187,+33,KRX
20040920,-32200,5,-800,-2.42,658111,9,2,--7,+125,275,55,--220,+3726,KRX
20040917,-33000,5,-150,-0.45,912375,137,5,--132,--145,4096,150,--3946,--4351,KRX
20040916,+33150,2,+350,+1.07,435979,4,17,+13,+16,120,525,+405,+509,KRX
20040915,+32800,2,+800,+2.50,750071,3,0,--3,--33,104,0,--104,--1036,KRX
20040914,-32000,5,-650,-1.99,567868,3,33,+30,+54,106,1038,+932,+1641,KRX
20040913,+32650,2,+900,+2.83,772273,24,0,--24,+178,719,10,--709,+5593,KRX
20040910,-31750,5,-750,-2.31,837578,245,43,--202,+416,7659,1357,--6302,+12982,KRX
20040909,+32500,2,+500,+1.56,694762,1167,549,--618,--296,36184,16900,--19284,--9487,KRX
20040908,-32000,5,-300,-0.93,1205817,356,34,--322,--300,10845,1048,--9797,--9219,KRX
20040907,-32300,5,-4000,-11.02,1821534,37,15,--22,--45,1023,445,--578,--1239,KRX
20040906,+36300,2,+1000,+2.83,534990,0,23,+23,+24,0,661,+661,+697,KRX
20040903,-35300,5,-450,-1.26,984077,27,26,--1,+28,757,721,--36,+788,KRX
20040902,+35750,2,+650,+1.85,1208984,56,27,--29,--66,1602,778,--824,--1837,KRX
20040901,+35100,2,+2600,+8.00,2202554,54,91,+37,--76,1609,2622,+1013,--2512,KRX
20040831,+32500,2,+750,+2.36,695158,5,118,+113,+118,142,3667,+3525,+3647,KRX
20040830,-31750,5,-1400,-4.22,757542,12,7,--5,--60,356,234,--122,--1794,KRX
20040827,-33150,5,-50,-0.15,896164,15,70,+55,+8,436,2108,+1672,+259,KRX
20040826,+33200,2,+100,+0.30,1178566,11,58,+47,--15,323,1736,+1413,--479,KRX
20040825,+33100,2,+100,+0.30,1057557,6,68,+62,+32,178,2070,+1892,+992,KRX
20040824,+33000,2,+2150,+6.97,1843291,12,42,+30,+34,392,1292,+900,+1024,KRX
20040823,+30850,2,+550,+1.82,1004659,45,41,--4,--20,1452,1328,--124,--628,KRX
20040820,-30300,5,-300,-0.98,714403,3,19,+16,+35,112,616,+504,+1142,KRX
20040819,+30600,2,+450,+1.49,1008599,50,31,--19,--117,1641,1003,--638,--3839,KRX
20040818,-30150,5,-650,-2.11,664634,6,104,+98,+133,189,3390,+3201,+4339,KRX
20040817,+30800,2,+50,+0.16,997694,43,8,--35,--67,1394,256,--1138,--2180,KRX
20040816,-30750,5,-450,-1.44,820411,26,58,+32,--237,847,1889,+1042,--7460,KRX
20040813,+31200,2,+1450,+4.87,2240622,11,280,+269,+183,350,8852,+8502,+5534,KRX
20040812,+29750,2,+1150,+4.02,787100,15,101,+86,+109,500,3468,+2968,+3710,KRX
20040811,-28600,5,-800,-2.72,1069564,47,24,--23,--31,1574,832,--742,--1012,KRX
20040810,-29400,5,-250,-0.84,884703,55,63,+8,+56,1862,2132,+270,+1906,KRX
20040809,-29650,5,-650,-2.15,998842,60,12,--48,+95,2046,410,--1636,+2982,KRX
20040806,-30300,5,-1350,-4.27,1402225,154,11,--143,--190,4983,365,--4618,--6166,KRX
20040805,-31650,5,-150,-0.47,1576523,98,145,+47,+59,3004,4552,+1548,+1941,KRX
20040804,+31800,2,+1700,+5.65,1477559,29,17,--12,--36,949,556,--393,--1161,KRX
20040803,-30100,5,-1000,-3.22,2120587,16,40,+24,+116,550,1318,+768,+3574,KRX
20040802,-31100,5,-1700,-5.18,995166,106,14,--92,+18,3240,434,--2806,+567,KRX
20040730,+32800,2,+50,+0.15,1177654,119,9,--110,--122,3661,288,--3373,--3710,KRX
20040729,-32750,5,-2950,-8.26,936793,19,31,+12,--52,572,909,+337,--1389,KRX
20040728,-35700,5,-1850,-4.93,562274,5,69,+64,+249,130,1856,+1726,+6639,KRX
20040727,-37550,5,-1050,-2.72,531106,474,289,--185,--239,12560,7647,--4913,--6301,KRX
20040726,-38600,5,-1750,-4.34,311070,5,59,+54,+89,128,1516,+1388,+2197,KRX
20040723,-40350,5,-2000,-4.72,386607,64,29,--35,--28,1516,707,--809,--673,KRX
20040722,-42350,5,-2650,-5.89,407326,46,39,--7,--67,1058,922,--136,--1453,KRX
20040721,45000,3,0,0.00,341009,14,74,+60,+82,303,1620,+1317,+1805,KRX
20040720,-45000,5,-2000,-4.26,199532,38,16,--22,--24,830,342,--488,--518,KRX
20040719,+47000,2,+550,+1.18,248602,24,26,+2,+32,523,553,+30,+685,KRX
20040716,+46450,2,+1350,+2.99,224652,78,48,--30,--70,1725,1070,--655,--1554,KRX
20040715,-45100,5,-1050,-2.28,246416,51,91,+40,+93,1129,2028,+899,+2028,KRX
20040714,-46150,5,-2400,-4.94,135115,88,35,--53,--177,1875,746,--1129,--3683,KRX
20040713,+48550,2,+350,+0.73,121650,2,126,+124,+154,48,2602,+2554,+3180,KRX
20040712,+48200,2,+400,+0.84,183984,33,3,--30,--102,683,57,--626,--2153,KRX
20040709,+47800,2,+800,+1.70,133926,0,72,+72,+86,0,1527,+1527,+1829,KRX
20040708,-47000,5,-3600,-7.11,364544,47,33,--14,+132,986,684,--302,+2600,KRX
20040707,-50600,5,-1400,-2.69,171061,152,6,--146,--150,3019,117,--2902,--2970,KRX
20040706,-52000,5,-300,-0.57,96242,36,40,+4,+224,693,761,+68,+4292,KRX
20040705,-52300,5,-900,-1.69,209213,291,71,--220,--362,5567,1343,--4224,--6855,KRX
20040702,+53200,2,+100,+0.19,458595,145,287,+142,--190,2719,5350,+2631,--3578,KRX
20040701,-53100,5,-300,-0.56,180000,32,364,+332,+336,595,6804,+6209,+6292,KRX
20040630,+53400,2,+400,+0.75,236518,32,28,--4,+40,602,519,--83,+729,KRX
20040629,+53000,2,+300,+0.57,175564,138,94,--44,--82,2588,1776,--812,--1543,KRX
20040628,+52700,2,+400,+0.76,198705,36,74,+38,--199,673,1404,+731,--3801,KRX
20040625,+52300,2,+400,+0.77,196052,48,285,+237,+132,934,5466,+4532,+2512,KRX
20040624,+51900,2,+100,+0.19,288999,19,124,+105,+254,375,2395,+2020,+4761,KRX
20040623,-51800,5,-2800,-5.13,317258,165,16,--149,--113,3039,298,--2741,--2085,KRX
20040622,+54600,2,+100,+0.18,201052,46,10,--36,+72,848,192,--656,+1328,KRX
20040621,-54500,5,-500,-0.91,201400,235,127,--108,--80,4298,2314,--1984,--1471,KRX
20040618,55000,3,0,0.00,335424,68,40,--28,+289,1233,720,--513,+5285,KRX
20040617,55000,3,0,0.00,280477,323,6,--317,--228,5907,109,--5798,--4186,KRX
20040616,-55000,5,-100,-0.18,216651,94,5,--89,--185,1702,90,--1612,--3379,KRX
20040615,-55100,5,-900,-1.61,272867,10,106,+96,+127,184,1951,+1767,+2328,KRX
20040614,+56000,2,+1800,+3.32,780578,33,2,--31,+125,591,30,--561,+2284,KRX
20040611,-54200,5,-300,-0.55,588018,166,10,--156,+416,3025,180,--2845,+7676,KRX
20040610,+54500,2,+1500,+2.83,460628,757,185,--572,--829,13911,3390,--10521,--15249,KRX
20040609,-53000,5,-400,-0.75,297761,129,386,+257,+292,2408,7136,+4728,+5372,KRX
20040608,-53400,5,-700,-1.29,139352,119,84,--35,--116,2210,1566,--644,--2142,KRX
20040607,+54100,2,+2400,+4.64,214612,10,91,+81,+148,194,1692,+1498,+2796,KRX
20040604,-51700,5,-800,-1.52,126205,126,59,--67,--109,2437,1139,--1298,--2163,KRX
20040603,-52500,5,-1500,-2.78,384981,245,287,+42,+194,4639,5504,+865,+3692,KRX
20040602,+54000,2,+700,+1.31,283934,174,22,--152,--340,3225,398,--2827,--6397,KRX
20040601,+53300,2,+700,+1.33,144276,21,209,+188,+325,400,3970,+3570,+6186,KRX
20040531,-52600,5,-800,-1.50,158136,150,13,--137,--354,2865,249,--2616,--6742,KRX
20040528,+53400,2,+800,+1.52,327800,108,325,+217,--140,2044,6170,+4126,--2571,KRX
20040527,+52600,2,+1900,+3.75,349709,32,389,+357,+695,605,7302,+6697,+13400,KRX
20040525,+50700,2,+600,+1.20,193636,339,1,--338,--272,6723,20,--6703,--5401,KRX
20040524,+50100,2,+250,+0.50,229128,69,3,--66,+173,1352,50,--1302,+3572,KRX
20040521,+49850,2,+2150,+4.51,243720,257,18,--239,--63,5234,360,--4874,--1321,KRX
20040520,-47700,5,-1050,-2.15,383819,226,50,--176,+322,4604,1051,--3553,+6797,KRX
20040519,+48750,2,+2650,+5.75,456520,533,35,--498,--190,11056,706,--10350,--3675,KRX
20040518,+46100,2,+2100,+4.77,567774,362,54,--308,--113,7837,1162,--6675,--2288,KRX
20040517,-44000,4,-6000,-12.00,556305,243,48,--195,+74,5389,1002,--4387,+792,KRX
20040514,-50000,5,-4300,-7.92,464014,356,87,--269,--325,6810,1631,--5179,--6205,KRX
20040513,-54300,5,-2900,-5.07,346027,150,206,+56,+365,2709,3735,+1026,+6737,KRX
20040512,+57200,2,+3800,+7.12,699053,387,78,--309,+772,7130,1419,--5711,+14221,KRX
20040511,-53400,5,-2100,-3.78,456633,1199,118,--1081,--1153,22093,2161,--19932,--21220,KRX
20040510,-55500,5,-500,-0.89,805330,98,170,+72,--41,1765,3053,+1288,--840,KRX
20040507,+56000,2,+3000,+5.66,667731,132,245,+113,+71,2446,4574,+2128,+1321,KRX
20040506,-53000,5,-400,-0.75,1003380,92,134,+42,+259,1670,2477,+807,+4956,KRX
20040504,+53400,2,+2900,+5.74,804646,270,53,--217,--279,5147,998,--4149,--5374,KRX
20040503,50500,3,0,0.00,291746,90,152,+62,+505,1790,3015,+1225,+10232,KRX
20040430,+50500,2,+2500,+5.21,356067,585,142,--443,--593,11878,2871,--9007,--12110,KRX
20040429,-48000,5,-2400,-4.76,269880,164,314,+150,--229,3376,6479,+3103,--4349,KRX
20040428,-50400,5,-1100,-2.14,258890,75,454,+379,+210,1470,8922,+7452,+4090,KRX
20040427,+51500,2,+700,+1.38,327589,42,211,+169,+130,824,4186,+3362,+2580,KRX
20040426,-50800,5,-1500,-2.87,433123,125,164,+39,--104,2387,3169,+782,--1897,KRX
20040423,+52300,2,+1100,+2.15,1254026,119,262,+143,+121,2232,4911,+2679,+2282,KRX
20040422,+51200,2,+2750,+5.68,1214882,84,106,+22,--89,1661,2058,+397,--1890,KRX
20040421,-48450,5,-200,-0.41,307341,149,260,+111,--29,3066,5353,+2287,--569,KRX
20040420,+48650,2,+250,+0.52,391715,31,171,+140,+144,647,3503,+2856,+2957,KRX
20040419,+48400,2,+1500,+3.20,373285,157,153,--4,+322,3303,3202,--101,+6917,KRX
20040416,+46900,2,+100,+0.21,159985,340,14,--326,--411,7318,300,--7018,--8844,KRX
20040414,+46800,2,+1900,+4.23,437323,40,125,+85,+268,880,2706,+1826,+5848,KRX
20040413,-44900,5,-1000,-2.18,270074,233,50,--183,--303,5146,1124,--4022,--6630,KRX
20040412,-45900,5,-800,-1.71,229545,37,157,+120,+372,787,3395,+2608,+7977,KRX
20040409,-46700,5,-900,-1.89,270538,284,32,--252,+3,6055,686,--5369,--30,KRX
20040408,+47600,2,+850,+1.82,460679,317,62,--255,--372,6623,1284,--5339,--7849,KRX
20040407,-46750,5,-400,-0.85,302325,179,296,+117,--522,3833,6343,+2510,--11143,KRX
20040406,+47150,2,+2250,+5.01,497050,30,669,+639,--1204,652,14305,+13653,--27297,KRX
20040402,+44900,2,+1800,+4.18,493364,146,1989,+1843,+1802,3270,44220,+40950,+39983,KRX
20040401,-43100,5,-450,-1.03,197494,57,98,+41,--159,1308,2275,+967,--3593,KRX
20040331,-43550,5,-400,-0.91,166386,180,380,+200,+190,4121,8681,+4560,+4322,KRX
20040330,-43950,5,-650,-1.46,141800,90,100,+10,--243,2030,2268,+238,--5434,KRX
20040329,+44600,2,+900,+2.06,213853,64,317,+253,--364,1440,7112,+5672,--8431,KRX
20040326,+43700,2,+900,+2.10,199746,47,664,+617,+589,1082,15185,+14103,+13467,KRX
20040325,-42800,5,-1500,-3.39,285400,32,60,+28,+182,744,1380,+636,+4054,KRX
20040324,-44300,5,-600,-1.34,161803,191,37,--154,--220,4243,825,--3418,--4905,KRX
20040323,-44900,5,-100,-0.22,192607,29,95,+66,+260,644,2131,+1487,+5717,KRX
20040322,-45000,5,-2500,-5.26,415772,218,24,--194,--878,4765,535,--4230,--18700,KRX
20040319,+47500,2,+400,+0.85,434113,1,685,+684,+712,23,14493,+14470,+15061,KRX
20040318,+47100,2,+2000,+4.43,1794768,143,115,--28,--100,3020,2429,--591,--2166,KRX
20040317,+45100,2,+100,+0.22,465030,33,105,+72,--63,741,2316,+1575,--1424,KRX
20040316,-45000,5,-300,-0.66,148503,5,140,+135,+56,120,3119,+2999,+1240,KRX
20040315,+45300,2,+1100,+2.49,262206,49,128,+79,--46,1076,2835,+1759,--1099,KRX
20040312,-44200,5,-2300,-4.95,474655,54,179,+125,+74,1201,4059,+2858,+1754,KRX
20040311,+46500,2,+500,+1.09,265147,84,135,+51,+100,1811,2915,+1104,+2139,KRX
20040310,-46000,5,-2100,-4.37,292231,52,3,--49,--132,1105,70,--1035,--2767,KRX
20040309,+48100,2,+1150,+2.45,0,4,87,+83,+108,80,1812,+1732,+2272,KRX
20040308,+47600,2,+1000,+2.15,364926,53,28,--25,+30,1130,590,--540,+618,KRX
20040305,+47600,2,+1000,+2.15,364926,77,22,--55,--1,1624,466,--1158,+30,KRX
20040304,+46600,2,+600,+1.30,200779,57,3,--54,--56,1248,60,--1188,--1254,KRX
20040303,+46000,2,+1350,+3.02,653453,55,57,+2,+111,1188,1254,+66,+2517,KRX
20040302,+44650,2,+650,+1.48,209512,145,36,--109,--289,3249,798,--2451,--6521,KRX
20040227,-43200,5,-700,-1.59,41312,76,256,+180,+235,1757,5827,+4070,+5283,KRX
20040226,-43900,5,-500,-1.13,198187,101,46,--55,--173,2263,1050,--1213,--3811,KRX
20040225,-44400,5,-1150,-2.52,294580,11,129,+118,+221,240,2838,+2598,+4860,KRX
20040224,-45550,5,-2250,-4.71,396310,109,6,--103,--105,2390,128,--2262,--2297,KRX
20040223,+47800,2,+250,+0.53,210853,43,45,+2,--84,908,943,+35,--1765,KRX
20040220,-47550,5,-950,-1.96,208126,4,90,+86,--486,81,1881,+1800,--10116,KRX
20040219,+48500,2,+700,+1.46,421402,15,587,+572,+123,310,12226,+11916,+2527,KRX
20040218,+47800,2,+1500,+3.24,574248,61,510,+449,+237,1284,10673,+9389,+4807,KRX
20040217,-46300,5,-850,-1.80,271748,27,239,+212,+259,571,5153,+4582,+5620,KRX
20040216,+47150,2,+600,+1.29,399124,112,65,--47,--183,2411,1373,--1038,--3970,KRX
20040213,+46550,2,+650,+1.42,279985,19,155,+136,+190,422,3354,+2932,+4090,KRX
20040212,-45900,5,-850,-1.82,482472,64,10,--54,--107,1366,208,--1158,--2281,KRX
20040211,-46750,5,-500,-1.06,289135,17,70,+53,+24,369,1492,+1123,+514,KRX
20040210,+47250,2,+850,+1.83,502192,12,41,+29,--42,258,867,+609,--920,KRX
20040209,+46400,2,+250,+0.54,297468,29,100,+71,+293,620,2149,+1529,+6224,KRX
20040206,-46150,5,-1450,-3.05,546665,266,44,--222,+231,5643,948,--4695,+4869,KRX
20040205,+47600,2,+200,+0.42,492471,468,15,--453,--444,9882,318,--9564,--9360,KRX
20040204,-47400,5,-800,-1.66,335831,34,25,--9,+662,726,522,--204,+13599,KRX
20040203,-48200,5,-2200,-4.37,549648,679,8,--671,--853,13963,160,--13803,--17402,KRX
20040202,-50400,5,-1400,-2.70,406805,31,213,+182,+338,599,4198,+3599,+6581,KRX
20040130,+51800,2,+800,+1.57,457599,187,31,--156,--157,3576,594,--2982,--2994,KRX
20040129,-51000,5,-500,-0.97,290729,58,59,+1,+206,1136,1148,+12,+4000,KRX
20040128,-51500,5,-500,-0.96,304023,525,320,--205,+441,10154,6166,--3988,+8454,KRX
20040127,-52000,5,-1100,-2.07,474968,649,3,--646,--546,12492,50,--12442,--10576,KRX
20040126,+53100,2,+600,+1.14,382028,243,143,--100,--434,4556,2690,--1866,--8286,KRX
20040120,+52500,2,+600,+1.16,321645,76,410,+334,+785,1464,7884,+6420,+15049,KRX
20040119,-51900,5,-900,-1.70,410240,529,78,--451,--228,10101,1472,--8629,--4406,KRX
20040116,+52800,2,+200,+0.38,312623,321,98,--223,+268,6075,1852,--4223,+5025,KRX
20040115,-52600,5,-2900,-5.23,721070,496,5,--491,--727,9348,100,--9248,--13488,KRX
20040114,-55500,5,-300,-0.54,388750,128,364,+236,+798,2320,6560,+4240,+14223,KRX
20040113,-55800,5,-1200,-2.11,428265,575,13,--562,--403,10215,232,--9983,--7200,KRX
20040112,+57000,2,+800,+1.42,876582,290,131,--159,--37,5083,2300,--2783,--636,KRX
20040109,+56200,2,+4000,+7.66,1671103,223,101,--122,--117,4014,1867,--2147,--2017,KRX
20040108,-52200,5,-600,-1.14,411815,141,136,--5,--147,2686,2556,--130,--2823,KRX
20040107,+52800,2,+600,+1.15,541706,3,145,+142,+384,60,2753,+2693,+7241,KRX
20040106,-52200,5,-1100,-2.06,454650,261,19,--242,--219,4911,363,--4548,--4094,KRX
20040105,+53300,2,+500,+0.95,399458,133,110,--23,--182,2532,2078,--454,--3411,KRX
20040102,-52800,5,-500,-0.94,453812,125,284,+159,+311,2338,5295,+2957,+5807,KRX
20031230,-53300,5,-300,-0.56,585835,152,0,--152,--201,2850,0,--2850,--3773,KRX
20031229,+53600,2,+2500,+4.89,660039,33,82,+49,+67,640,1563,+923,+1272,KRX
20031226,+51100,2,+300,+0.59,288783,86,68,--18,+3,1678,1329,--349,+67,KRX
20031224,-50800,5,-200,-0.39,459359,73,52,--21,+20,1426,1010,--416,+387,KRX
20031223,-51000,5,-1000,-1.92,353567,50,9,--41,--302,970,167,--803,--5826,KRX
20031222,+52000,2,+400,+0.78,519928,13,274,+261,--112,246,5269,+5023,--2161,KRX
20031219,-51600,5,-100,-0.19,312653,187,560,+373,--372,3606,10790,+7184,--7144,KRX
20031218,-51700,5,-800,-1.52,457065,22,767,+745,+963,419,14747,+14328,+18451,KRX
20031217,52500,3,0,0.00,704117,262,44,--218,--229,4945,822,--4123,--4324,KRX
20031216,-52500,5,-2000,-3.67,464590,81,92,+11,--120,1522,1723,+201,--2221,KRX
20031215,+54500,2,+200,+0.37,726558,13,144,+131,+1768,241,2663,+2422,+32944,KRX
20031212,-54300,5,-2000,-3.55,1317077,1878,241,--1637,--996,34929,4407,--30522,--19283,KRX
20031211,-56300,5,-600,-1.05,452501,707,66,--641,--494,12409,1170,--11239,--8654,KRX
20031210,-56900,5,-300,-0.52,173611,312,165,--147,--6,5490,2905,--2585,--114,KRX
20031209,+57200,2,+200,+0.35,241193,169,28,--141,--113,2952,481,--2471,--1975,KRX
20031208,-57000,5,-1200,-2.06,268942,220,192,--28,+107,3818,3322,--496,+1768,KRX
20031205,-58200,5,-1300,-2.18,388261,156,21,--135,+217,2627,363,--2264,+3609,KRX
20031204,+59500,2,+600,+1.02,498341,466,114,--352,--387,7772,1899,--5873,--6449,KRX
20031203,+58900,2,+100,+0.17,457822,132,167,+35,+174,2280,2856,+576,+2884,KRX
20031202,-58800,5,-400,-0.68,621226,205,66,--139,--137,3426,1118,--2308,--2247,KRX
20031201,+59200,2,+4000,+7.25,1230642,66,64,--2,--178,1174,1113,--61,--3253,KRX
20031128,+55200,2,+500,+0.91,345590,364,540,+176,+321,6590,9782,+3192,+5815,KRX
20031127,54700,3,0,0.00,361720,150,5,--145,+172,2720,97,--2623,+3233,KRX
20031126,+54700,2,+1500,+2.82,472571,324,7,--317,--343,5983,127,--5856,--6341,KRX
20031125,+53200,2,+2400,+4.72,381732,112,138,+26,+128,2106,2591,+485,+2446,KRX
20031124,-50800,5,-2500,-4.69,364492,147,45,--102,--148,2831,870,--1961,--2836,KRX
20031121,-53300,5,-300,-0.56,301795,32,78,+46,+115,610,1485,+875,+2170,KRX
20031120,+53600,2,+900,+1.71,378550,205,136,--69,+28,3835,2540,--1295,+427,KRX
20031119,-52700,5,-4100,-7.22,612334,240,143,--97,--134,4337,2615,--1722,--2392,KRX
20031118,+56800,2,+600,+1.07,445884,60,97,+37,+331,1090,1760,+670,+5917,KRX
20031117,+56200,2,+2600,+4.85,1281028,299,5,--294,--192,5337,90,--5247,--3347,KRX
20031114,+53600,2,+100,+0.19,323731,145,43,--102,+15,2705,805,--1900,+266,KRX
20031113,+53500,2,+1000,+1.90,1027928,269,152,--117,--150,4968,2802,--2166,--2715,KRX
20031112,+52500,2,+3400,+6.92,1494174,70,103,+33,+10885,1431,1980,+549,+218413,KRX
20031111,-49100,5,-3400,-6.48,907747,10996,144,--10852,--10776,220719,2855,--217864,--216409,KRX
20031110,+52500,2,+500,+0.96,415159,121,45,--76,--88,2305,850,--1455,--1680,KRX
20031107,+52000,2,+500,+0.97,588356,70,82,+12,+181,1370,1595,+225,+3432,KRX
20031106,-51500,5,-1300,-2.46,674930,199,30,--169,--161,3792,585,--3207,--3023,KRX
20031105,-52800,5,-2400,-4.35,780841,201,193,--8,+330,3824,3640,--184,+5886,KRX
20031104,-55200,5,-1300,-2.30,510058,345,7,--338,--538,6205,135,--6070,--9642,KRX
20031103,+56500,2,+1200,+2.17,435519,43,243,+200,+523,771,4343,+3572,+9186,KRX
20031031,-55300,5,-3800,-6.43,889996,425,102,--323,--601,7413,1799,--5614,--10373,KRX
20031030,+59100,2,+3100,+5.54,837316,76,354,+278,+274,1301,6060,+4759,+4695,KRX
20031029,-56000,5,-1000,-1.75,690210,231,235,+4,--670,4065,4129,+64,--11968,KRX
20031028,-57000,5,-2600,-4.36,1738321,36,710,+674,+674,653,12685,+12032,+12032,KRX
20031027,59600,3,0,0.00,211885,59,59,0,--8,990,990,0,--135,KRX
20031024,+59600,2,+1000,+1.71,421055,124,132,+8,+4,2090,2225,+135,+142,KRX
20031023,-58600,5,-3200,-5.18,510852,150,154,+4,--1034,2543,2536,--7,--16648,KRX
20031022,-61800,5,-600,-0.96,480839,139,1177,+1038,+864,2229,18870,+16641,+13855,KRX
20031021,-62400,5,-2100,-3.26,816247,338,512,+174,+11,5324,8110,+2786,+271,KRX
20031020,-64500,5,-500,-0.77,589778,55,218,+163,+495,840,3355,+2515,+7613,KRX
20031017,-65000,5,-2900,-4.27,787925,404,72,--332,--932,6186,1088,--5098,--13924,KRX
20031016,+67900,2,+2500,+3.82,1453163,202,802,+600,+667,2950,11776,+8826,+9874,KRX
20031015,+65400,2,+1400,+2.19,780799,289,222,--67,+559,4451,3403,--1048,+8613,KRX
20031014,-64000,5,-300,-0.47,602152,741,115,--626,--554,11426,1765,--9661,--8536,KRX
20031013,+64300,2,+500,+0.78,554938,182,110,--72,--1279,2851,1726,--1125,--20198,KRX
20031010,+63800,2,+800,+1.27,566307,154,1361,+1207,+1053,2432,21505,+19073,+16608,KRX
20031009,+63000,2,+800,+1.29,425359,5,159,+154,--32,85,2550,+2465,--457,KRX
20031008,+62200,2,+200,+0.32,1224356,60,246,+186,--554,945,3867,+2922,--8908,KRX
20031007,-62000,5,-300,-0.48,476177,7,747,+740,+807,120,11950,+11830,+12882,KRX
20031006,-62300,5,-300,-0.48,896757,67,0,--67,+774,1052,0,--1052,+12252,KRX
20031002,+62600,2,+700,+1.13,1246552,848,7,--841,--1014,13421,117,--13304,--16419,KRX
20031001,+61900,1,+6600,+11.93,877107,68,241,+173,+246,1160,4275,+3115,+4419,KRX
20030930,+55300,2,+300,+0.55,382947,73,0,--73,--79,1304,0,--1304,--1409,KRX
20030929,+55000,2,+500,+0.92,272269,93,99,+6,--11,1696,1801,+105,--191,KRX
20030926,54500,3,0,0.00,441569,110,127,+17,+70,2005,2301,+296,+1272,KRX
20030925,-54500,5,-1600,-2.85,446571,122,69,--53,+191,2242,1266,--976,+3326,KRX
20030924,+56100,2,+100,+0.18,487293,280,36,--244,--271,4936,634,--4302,--4792,KRX
20030923,56000,3,0,0.00,527267,134,161,+27,+14,2399,2889,+490,+274,KRX
20030922,-56000,5,-4800,-7.89,401653,42,55,+13,+367,734,950,+216,+6004,KRX
20030919,60800,3,0,0.00,304566,374,20,--354,--43,6124,336,--5788,--674,KRX
20030918,-60800,5,-1200,-1.94,301537,418,107,--311,+551,6860,1746,--5114,+8602,KRX
20030917,-62000,5,-1700,-2.67,367722,869,7,--862,--1443,13828,112,--13716,--22906,KRX
20030916,+63700,2,+600,+0.95,318346,144,725,+581,+673,2275,11465,+9190,+10625,KRX
20030915,+63100,2,+2100,+3.44,743629,311,219,--92,--33,4906,3471,--1435,--470,KRX
20030909,+61000,2,+1300,+2.18,315218,274,215,--59,--265,4500,3535,--965,--4360,KRX
20030908,-59700,5,-2800,-4.48,516207,24,230,+206,+291,400,3795,+3395,+4755,KRX
20030905,+62500,2,+200,+0.32,353007,165,80,--85,--544,2638,1278,--1360,--8612,KRX
20030904,-62300,5,-1400,-2.20,544759,120,579,+459,+163,1922,9174,+7252,+2781,KRX
20030903,-63700,5,-3700,-5.49,579438,206,502,+296,+433,3144,7615,+4471,+6537,KRX
20030902,+67400,2,+900,+1.35,536397,195,58,--137,+25,2940,874,--2066,+336,KRX
20030901,+66500,2,+1000,+1.53,903227,174,12,--162,--25,2577,175,--2402,--266,KRX
20030829,+65500,2,+3300,+5.31,1085638,236,99,--137,+3,3655,1519,--2136,+85,KRX
20030828,-62200,5,-100,-0.16,498482,162,22,--140,--186,2563,342,--2221,--2943,KRX
20030827,+62300,2,+400,+0.65,555099,126,172,+46,+105,2017,2739,+722,+1681,KRX
20030826,-61900,5,-1600,-2.52,368385,85,26,--59,--64,1379,420,--959,--1064,KRX
20030825,+63500,2,+3100,+5.13,827678,211,216,+5,+540,3395,3500,+105,+8816,KRX
20030822,-60400,5,-700,-1.15,436323,670,135,--535,--547,10947,2236,--8711,--8907,KRX
20030821,-61100,5,-300,-0.49,499013,175,187,+12,+161,2826,3022,+196,+2547,KRX
20030820,-61400,5,-2400,-3.76,525245,282,133,--149,+134,4477,2126,--2351,+2048,KRX
20030819,-63800,5,-1300,-2.00,608314,296,13,--283,--334,4609,210,--4399,--5176,KRX
20030818,-65100,5,-100,-0.15,684888,7,58,+51,+152,105,882,+777,+2323,KRX
20030814,+65200,2,+1800,+2.84,879783,113,12,--101,--200,1736,190,--1546,--3108,KRX
20030813,+63400,2,+300,+0.48,411744,8,107,+99,+228,132,1694,+1562,+3556,KRX
20030812,-63100,5,-1800,-2.77,615945,165,36,--129,--277,2550,556,--1994,--4324,KRX
20030811,+64900,2,+1900,+3.02,649370,1,149,+148,+239,10,2340,+2330,+3765,KRX
20030808,-63000,5,-200,-0.32,581265,145,54,--91,--31,2305,870,--1435,--497,KRX
20030807,+63200,2,+700,+1.12,1045464,108,48,--60,--39,1688,750,--938,--607,KRX
20030806,62500,3,0,0.00,668896,33,12,--21,+11,525,194,--331,+166,KRX
20030805,+62500,2,+600,+0.97,610034,153,121,--32,+98,2426,1929,--497,+1583,KRX
20030804,-61900,5,-3900,-5.93,646083,175,45,--130,--45,2788,708,--2080,--767,KRX
20030801,-65800,5,-500,-0.75,602059,128,43,--85,--29,1959,646,--1313,--519,KRX
20030731,-66300,5,-1800,-2.64,487056,171,115,--56,+80,2543,1749,--794,+1166,KRX
20030730,-68100,5,-1100,-1.59,901939,160,24,--136,--22,2310,350,--1960,--317,KRX
20030729,+69200,2,+900,+1.32,1335285,198,84,--114,+788,2863,1220,--1643,+11983,KRX
20030728,+68300,1,+7300,+11.97,1704675,973,71,--902,--813,14672,1046,--13626,--12183,KRX
20030725,-61000,5,-400,-0.65,919489,152,63,--89,--54,2474,1031,--1443,--874,KRX
20030724,+61400,2,+100,+0.16,1107565,51,16,--35,+41,820,251,--569,+644,KRX
20030723,-61300,5,-5900,-8.78,2002403,183,107,--76,--85,2962,1749,--1213,--1333,KRX
20030722,-67200,5,-4800,-6.67,1380551,180,189,+9,--146,2697,2817,+120,--2001,KRX
20030721,+72000,2,+2200,+3.15,1542283,35,190,+155,+282,470,2591,+2121,+3904,KRX
20030718,-69800,5,-3000,-4.12,710252,213,86,--127,--316,3014,1231,--1783,--4438,KRX
20030716,+72800,2,+800,+1.11,1366386,87,276,+189,+602,1215,3870,+2655,+8223,KRX
20030715,-72000,5,-1700,-2.31,1019372,447,34,--413,+73,6037,469,--5568,+884,KRX
20030714,+73700,2,+700,+0.96,1732970,593,107,--486,--216,7875,1423,--6452,--2697,KRX
20030711,+73000,2,+1500,+2.10,1558426,320,50,--270,--228,4457,702,--3755,--3181,KRX
20030710,-71500,5,-5500,-7.14,1279482,116,74,--42,+153,1593,1019,--574,+1888,KRX
20030709,+77000,2,+600,+0.79,1220417,375,180,--195,+694,4787,2325,--2462,+9484,KRX
20030708,+76400,2,+1400,+1.87,1852159,897,8,--889,--696,12052,106,--11946,--9374,KRX
20030707,+75000,2,+4100,+5.78,1694888,235,42,--193,--51,3131,559,--2572,--565,KRX
20030704,+70900,2,+1700,+2.46,1342420,142,0,--142,+59,2007,0,--2007,+917,KRX
20030703,+69200,2,+3300,+5.01,1909994,268,67,--201,--85,3877,953,--2924,--1187,KRX
20030702,-65900,5,-400,-0.60,1003772,169,53,--116,--708,2525,788,--1737,--10937,KRX
20030701,+66300,2,+2100,+3.27,1444696,56,648,+592,+612,864,10064,+9200,+9486,KRX
20030630,+64200,2,+300,+0.47,2093338,102,82,--20,+95,1554,1268,--286,+1565,KRX
20030627,+63900,1,+6800,+11.91,2139740,115,0,--115,--84,1851,0,--1851,--1312,KRX
20030626,-57100,5,-900,-1.55,370669,270,239,--31,+16,4712,4173,--539,+268,KRX
20030625,58000,3,0,0.00,481740,91,44,--47,--95,1562,755,--807,--1659,KRX
20030624,+58000,2,+1700,+3.02,822132,60,108,+48,+310,1058,1910,+852,+5414,KRX
20030623,-56300,5,-3300,-5.54,460635,308,46,--262,+258,5365,803,--4562,+4157,KRX
20030620,59600,3,0,0.00,572090,776,256,--520,+136,13043,4324,--8719,+2139,KRX
20030619,-59600,5,-1900,-3.09,745062,782,126,--656,--55,12964,2106,--10858,--1152,KRX
20030618,-61500,5,-400,-0.65,570678,615,14,--601,--999,9936,230,--9706,--16035,KRX
20030617,+61900,2,+800,+1.31,1087774,204,602,+398,+912,3271,9600,+6329,+14731,KRX
20030616,-61100,5,-600,-0.97,574119,565,51,--514,--258,9235,833,--8402,--4277,KRX
20030613,-61700,5,-1200,-1.91,1022412,479,223,--256,+370,7697,3572,--4125,+5807,KRX
20030612,+62900,2,+1900,+3.11,1637074,1080,454,--626,--426,17155,7223,--9932,--6639,KRX
20030611,+61000,2,+2600,+4.45,1991065,200,0,--200,--170,3298,5,--3293,--2787,KRX
20030610,-58400,5,-1300,-2.18,872122,32,2,--30,+154,540,34,--506,+2656,KRX
20030609,+59700,2,+2700,+4.74,1842096,210,26,--184,--90,3609,447,--3162,--1538,KRX
20030605,-57000,5,-1200,-2.06,955054,100,6,--94,+131,1731,107,--1624,+2248,KRX
20030604,+58200,2,+500,+0.87,1159340,289,64,--225,--72,4968,1096,--3872,--1442,KRX
20030603,-57700,4,-7800,-11.91,1629088,218,65,--153,--70,3504,1074,--2430,--1162,KRX
20030602,+65500,2,+1200,+1.87,1009329,209,126,--83,+387,3206,1938,--1268,+6011,KRX
20030530,-64300,5,-2200,-3.31,896719,620,150,--470,--224,9570,2291,--7279,--3685,KRX
20030529,+66500,2,+1100,+1.68,1478619,404,158,--246,+4,5959,2365,--3594,--151,KRX
20030528,-65400,5,-5900,-8.27,1348384,962,712,--250,+383,14122,10679,--3443,+5312,KRX
20030527,-71300,5,-2000,-2.73,1501318,688,55,--633,+152,9525,770,--8755,+2007,KRX
20030526,+73300,2,+4100,+5.92,2100341,791,6,--785,--803,10841,79,--10762,--11022,KRX
20030523,+69200,2,+700,+1.02,1420732,16,34,+18,--13,232,492,+260,--202,KRX
20030522,68500,3,0,0.00,4031426,4,35,+31,+85,50,512,+462,+1251,KRX
20030521,-68500,5,-2200,-3.11,2805509,122,68,--54,+1110,1736,947,--789,+16452,KRX
20030520,+70700,1,+7500,+11.87,2650371,1221,57,--1164,--1033,18121,880,--17241,--15119,KRX
20030519,+63200,2,+1200,+1.94,1142952,228,97,--131,--58,3648,1526,--2122,--1003,KRX
20030516,+62000,2,+200,+0.32,2403023,101,28,--73,+5,1553,434,--1119,+159,KRX
20030515,+61800,2,+800,+1.31,1184744,833,755,--78,--212,13496,12218,--1278,--3524,KRX
20030514,+61000,2,+3000,+5.17,2162988,107,241,+134,--80,1725,3971,+2246,--1378,KRX
20030513,-58000,5,-3600,-5.84,1763719,153,367,+214,--79,2421,6045,+3624,--1218,KRX
20030512,+61600,1,+6600,+12.00,1423463,270,563,+293,+416,4574,9416,+4842,+7086,KRX
20030509,-55000,5,-300,-0.54,630865,390,267,--123,--1916,7154,4910,--2244,--34492,KRX
20030507,+55300,2,+900,+1.65,1159085,1,1794,+1793,+1825,10,32258,+32248,+32928,KRX
20030506,-54400,5,-1000,-1.81,1945591,281,249,--32,+91,5068,4388,--680,+1589,KRX
20030502,+55400,1,+5900,+11.92,2426401,214,91,--123,+198,3961,1692,--2269,+3937,KRX
20030430,+49500,2,+450,+0.92,2481262,641,320,--321,--254,12568,6362,--6206,--4677,KRX
20030429,+49050,1,+5250,+11.99,1574344,96,29,--67,--423,2129,600,--1529,--9724,KRX
20030428,+43800,2,+1800,+4.29,904669,39,395,+356,+432,910,9105,+8195,+10050,KRX
20030425,-42000,5,-1000,-2.33,780882,222,146,--76,+142,5343,3488,--1855,+3013,KRX
20030424,-43000,5,-1900,-4.23,786139,304,86,--218,--345,6826,1958,--4868,--7582,KRX
20030423,-44900,5,-200,-0.44,1007298,74,201,+127,--624,1612,4326,+2714,--13592,KRX
20030422,-45100,5,-1900,-4.04,577226,55,806,+751,+288,1214,17520,+16306,+6446,KRX
20030421,-47000,5,-1600,-3.29,1525269,241,704,+463,+501,5143,15003,+9860,+10708,KRX
20030418,+48600,2,+5150,+11.85,2225572,79,41,--38,--22,1772,924,--848,--483,KRX
20030417,-43450,5,-1200,-2.69,917965,51,35,--16,--1295,1153,788,--365,--28954,KRX
20030416,+44650,2,+2450,+5.81,2069332,73,1352,+1279,+936,1680,30269,+28589,+20428,KRX
20030415,-42200,5,-1300,-2.99,767477,107,450,+343,+383,2460,10621,+8161,+9102,KRX
20030414,+43500,2,+1300,+3.08,837002,151,111,--40,--84,3485,2544,--941,--1935,KRX
20030411,-42200,5,-1300,-2.99,491615,153,197,+44,--157,3528,4522,+994,--3639,KRX
20030410,-43500,5,-700,-1.58,471333,3,204,+201,+131,60,4693,+4633,+3080,KRX
20030409,-44200,5,-1500,-3.28,539448,135,205,+70,+20,2985,4538,+1553,+465,KRX
20030408,+45700,2,+200,+0.44,732722,71,121,+50,+95,1531,2619,+1088,+2050,KRX
20030407,+45500,2,+200,+0.44,1012777,208,163,--45,--83,4514,3552,--962,--1856,KRX
20030404,+45300,2,+4600,+11.30,936361,38,76,+38,--88,920,1814,+894,--2148,KRX
20030403,-40700,5,-500,-1.21,610890,53,179,+126,+152,1290,4332,+3042,+3733,KRX
20030402,+41200,2,+1750,+4.44,621160,75,49,--26,--96,1898,1207,--691,--2507,KRX
20030401,+39450,2,+550,+1.41,284886,17,87,+70,--345,428,2244,+1816,--8638,KRX
20030331,-38900,5,-1600,-3.95,291474,112,527,+415,+645,2823,13277,+10454,+16219,KRX
20030328,+40500,2,+700,+1.76,597752,268,38,--230,--230,6709,944,--5765,--5781,KRX
20030327,+39800,2,+1000,+2.58,542089,67,67,0,--256,1688,1704,+16,--6466,KRX
20030326,+38800,2,+1100,+2.92,576098,247,503,+256,--815,6263,12745,+6482,--22155,KRX
20030325,-37700,5,-300,-0.79,368151,200,1271,+1071,+973,5311,33948,+28637,+26082,KRX
20030324,-38000,5,-1700,-4.28,276998,40,138,+98,--642,1009,3564,+2555,--16068,KRX
20030321,-39700,5,-500,-1.24,412516,155,895,+740,+1001,3876,22499,+18623,+25279,KRX
20030320,+40200,2,+2200,+5.79,752264,345,84,--261,--323,8781,2125,--6656,--8258,KRX
20030319,-38000,5,-150,-0.39,597282,43,105,+62,--2273,1118,2720,+1602,--60812,KRX
20030318,+38150,1,+4050,+11.88,594253,63,2398,+2335,+2352,1668,64082,+62414,+62915,KRX
20030317,-34100,5,-750,-2.15,326644,85,68,--17,+9,2501,2000,--501,+263,KRX
20030314,+34850,2,+2350,+7.23,873852,62,36,--26,+123,1794,1030,--764,+3911,KRX
20030313,-32500,5,-900,-2.69,331819,317,168,--149,--12,9855,5180,--4675,--376,KRX
20030312,+33400,2,+2300,+7.40,467921,145,8,--137,--412,4549,250,--4299,--13132,KRX
20030311,+31100,2,+100,+0.32,321702,8,283,+275,+265,247,9080,+8833,+8468,KRX
20030310,-31000,5,-900,-2.82,282211,127,137,+10,--45,3963,4328,+365,--1252,KRX
20030307,-31900,5,-2700,-7.80,349198,43,98,+55,+56,1311,2928,+1617,+1663,KRX
20030306,-34600,5,-1300,-3.62,205824,31,30,--1,--44,888,842,--46,--1243,KRX
20030305,-35900,5,-1500,-4.01,282348,89,132,+43,+261,2508,3705,+1197,+6950,KRX
20030304,-37400,5,-1700,-4.35,185731,282,64,--218,--340,7415,1662,--5753,--8912,KRX
20030303,+39100,2,+600,+1.56,157319,3,125,+122,+201,72,3231,+3159,+5184,KRX
20030228,-38500,5,-1450,-3.63,125721,96,17,--79,--784,2454,429,--2025,--19808,KRX
20030227,+39950,2,+650,+1.65,206187,20,725,+705,+752,495,18278,+17783,+18970,KRX
20030226,-39300,5,-200,-0.51,174603,100,53,--47,--619,2506,1319,--1187,--15358,KRX
20030225,-39500,5,-1600,-3.89,155232,239,811,+572,+597,5946,20117,+14171,+14792,KRX
20030224,+41100,2,+1000,+2.49,160537,84,59,--25,+98,2070,1449,--621,+2427,KRX
20030221,-40100,5,-600,-1.47,116116,197,74,--123,--390,4883,1835,--3048,--9584,KRX
20030220,-40700,5,-200,-0.49,113315,107,374,+267,+439,2622,9158,+6536,+10660,KRX
20030219,-40900,5,-150,-0.37,196094,425,253,--172,--134,10234,6110,--4124,--3235,KRX
20030218,-41050,5,-700,-1.68,214327,153,115,--38,+824,3686,2797,--889,+20236,KRX
20030217,+41750,2,+1950,+4.90,352983,1010,148,--862,--906,24703,3578,--21125,--22245,KRX
20030214,+39800,2,+600,+1.53,97561,4,48,+44,+218,110,1230,+1120,+5524,KRX
20030213,-39200,5,-100,-0.25,179689,182,8,--174,--243,4615,211,--4404,--6169,KRX
20030212,+39300,2,+300,+0.77,135876,1,70,+69,+42,15,1780,+1765,+1060,KRX
20030211,+39000,2,+500,+1.30,185020,19,46,+27,--49,495,1200,+705,--1251,KRX
20030210,38500,3,0,0.00,152163,0,76,+76,--75,0,1956,+1956,--2048,KRX
20030207,-38500,5,-200,-0.52,132002,16,167,+151,+227,408,4412,+4004,+5927,KRX
20030206,-38700,5,-700,-1.78,116455,79,3,--76,--114,2005,82,--1923,--2883,KRX
20030205,+39400,2,+100,+0.25,103907,3,41,+38,--12,81,1041,+960,--304,KRX
20030204,+39300,2,+450,+1.16,175448,23,73,+50,+106,596,1860,+1264,+2713,KRX
20030203,+38850,2,+1150,+3.05,172907,95,39,--56,--95,2460,1011,--1449,--2510,KRX
20030130,+37700,2,+1450,+4.00,224079,21,60,+39,--151,550,1611,+1061,--4109,KRX
20030129,-36250,5,-1250,-3.33,207612,15,205,+190,+79,403,5573,+5170,+2201,KRX
20030128,+37500,2,+150,+0.40,189776,11,122,+111,+51,283,3252,+2969,+1365,KRX
20030127,-37350,5,-1150,-2.99,312108,30,90,+60,+25,824,2428,+1604,+706,KRX
20030124,-38500,5,-2500,-6.10,294998,0,35,+35,+11,0,898,+898,+308,KRX
20030123,+41000,2,+1400,+3.54,540522,1,25,+24,+17,30,620,+590,+425,KRX
20030122,+39600,2,+200,+0.51,434617,26,33,+7,+86,670,835,+165,+2235,KRX
20030121,+39400,2,+50,+0.13,335267,85,6,--79,--174,2211,141,--2070,--4520,KRX
20030120,+39350,2,+150,+0.38,304376,2,97,+95,--299,40,2490,+2450,--7342,KRX
20030117,-39200,5,-1400,-3.45,893888,17,411,+394,+279,432,10224,+9792,+6938,KRX
20030116,-40600,5,-50,-0.12,479919,4,119,+115,+111,100,2954,+2854,+2751,KRX
20030115,+40650,2,+1650,+4.23,717238,8,12,+4,+42,197,300,+103,+1042,KRX
20030114,-39000,5,-1300,-3.23,650374,64,26,--38,--108,1592,653,--939,--2716,KRX
20030113,+40300,2,+1900,+4.95,602502,7,77,+70,+23,180,1957,+1777,+563,KRX
20030110,-38400,5,-1900,-4.71,1078954,2,49,+47,+34,60,1274,+1214,+881,KRX
20030109,+40300,2,+1300,+3.33,1039076,25,38,+13,--11,637,970,+333,--277,KRX
20030108,+39000,2,+2000,+5.41,1561266,0,24,+24,+40,1,611,+610,+1028,KRX
20030107,-37000,5,-500,-1.33,698845,20,4,--16,--16,530,112,--418,--418,KRX
20030106,0,0,0,0.00,0,0,0,0,0,0,0,0,0,KRX
20030103,0,0,0,0.00,0,0,0,0,0,0,0,0,0,KRX
20030102,0,0,0,0.00,0,0,0,0,0,0,0,0,0,KRX
20021230,0,0,0,0.00,0,0,0,0,0,0,0,0,0,KRX
20021227,0,0,0,0.00,0,0,0,0,0,0,0,0,0,KRX
20021226,0,0,0,0.00,0,0,0,0,0,0,0,0,0,KRX
20021224,0,0,0,0.00,0,0,0,0,0,0,0,0,0,KRX
20021223,0,0,0,0.00,0,0,0,0,0,0,0,0,0,KRX
20021220,0,0,0,0.00,0,0,0,0,0,0,0,0,0,KRX
20021218,0,0,0,0.00,0,0,0,0,0,0,0,0,0,KRX
20021217,0,0,0,0.00,0,0,0,0,0,0,0,0,0,KRX
20021216,0,0,0,0.00,0,0,0,0,0,0,0,0,0,KRX
20021213,0,0,0,0.00,0,0,0,0,0,0,0,0,0,KRX
20021212,0,0,0,0.00,0,0,0,0,0,0,0,0,0,KRX
20021211,0,0,0,0.00,0,0,0,0,0,0,0,0,0,KRX
20021210,0,0,0,0.00,0,0,0,0,0,0,0,0,0,KRX
20021209,0,0,0,0.00,0,0,0,0,0,0,0,0,0,KRX
20021206,0,0,0,0.00,0,0,0,0,0,0,0,0,0,KRX
20021205,0,0,0,0.00,0,0,0,0,0,0,0,0,0,KRX
20021204,0,0,0,0.00,0,0,0,0,0,0,0,0,0,KRX
20021203,0,0,0,0.00,0,0,0,0,0,0,0,0,0,KRX
20021202,0,0,0,0.00,0,0,0,0,0,0,0,0,0,KRX
20021129,0,0,0,0.00,0,0,0,0,0,0,0,0,0,KRX
20021128,0,0,0,0.00,0,0,0,0,0,0,0,0,0,KRX
20021127,0,0,0,0.00,0,0,0,0,0,0,0,0,0,KRX
20021126,0,0,0,0.00,0,0,0,0,0,0,0,0,0,KRX
20021125,0,0,0,0.00,0,0,0,0,0,0,0,0,0,KRX
20021122,0,0,0,0.00,0,0,0,0,0,0,0,0,0,KRX
20021121,0,0,0,0.00,0,0,0,0,0,0,0,0,0,KRX
20021120,0,0,0,0.00,0,0,0,0,0,0,0,0,0,KRX
20021119,0,0,0,0.00,0,0,0,0,0,0,0,0,0,KRX
20021118,0,0,0,0.00,0,0,0,0,0,0,0,0,0,KRX
20021115,0,0,0,0.00,0,0,0,0,0,0,0,0,0,KRX
20021114,0,0,0,0.00,0,0,0,0,0,0,0,0,0,KRX
20021113,0,0,0,0.00,0,0,0,0,0,0,0,0,0,KRX
20021112,0,0,0,0.00,0,0,0,0,0,0,0,0,0,KRX
20021111,0,0,0,0.00,0,0,0,0,0,0,0,0,0,KRX
20021108,0,0,0,0.00,0,0,0,0,0,0,0,0,0,KRX
20021107,0,0,0,0.00,0,0,0,0,0,0,0,0,0,KRX
20021106,0,0,0,0.00,0,0,0,0,0,0,0,0,0,KRX
20021105,0,0,0,0.00,0,0,0,0,0,0,0,0,0,KRX
20021104,0,0,0,0.00,0,0,0,0,0,0,0,0,0,KRX
20021101,0,0,0,0.00,0,0,0,0,0,0,0,0,0,KRX
20021031,0,0,0,0.00,0,0,0,0,0,0,0,0,0,KRX
20021030,0,0,0,0.00,0,0,0,0,0,0,0,0,0,KRX
20021029,0,0,0,0.00,0,0,0,0,0,0,0,0,0,KRX
20021028,0,0,0,0.00,0,0,0,0,0,0,0,0,0,KRX
20021025,0,0,0,0.00,0,0,0,0,0,0,0,0,0,KRX
20021024,0,0,0,0.00,0,0,0,0,0,0,0,0,0,KRX
20021023,0,0,0,0.00,0,0,0,0,0,0,0,0,0,KRX
20021022,0,0,0,0.00,0,0,0,0,0,0,0,0,0,KRX
20021021,0,0,0,0.00,0,0,0,0,0,0,0,0,0,KRX
20021018,0,0,0,0.00,0,0,0,0,0,0,0,0,0,KRX
20021017,0,0,0,0.00,0,0,0,0,0,0,0,0,0,KRX
20021016,0,0,0,0.00,0,0,0,0,0,0,0,0,0,KRX
20021015,0,0,0,0.00,0,0,0,0,0,0,0,0,0,KRX
20021014,0,0,0,0.00,0,0,0,0,0,0,0,0,0,KRX
20021011,0,0,0,0.00,0,0,0,0,0,0,0,0,0,KRX
20021010,0,0,0,0.00,0,0,0,0,0,0,0,0,0,KRX
20021009,0,0,0,0.00,0,0,0,0,0,0,0,0,0,KRX
20021008,0,0,0,0.00,0,0,0,0,0,0,0,0,0,KRX
20021007,0,0,0,0.00,0,0,0,0,0,0,0,0,0,KRX
20021004,0,0,0,0.00,0,0,0,0,0,0,0,0,0,KRX
20021002,0,0,0,0.00,0,0,0,0,0,0,0,0,0,KRX
20021001,0,0,0,0.00,0,0,0,0,0,0,0,0,0,KRX
20020930,0,0,0,0.00,0,0,0,0,+22,0,0,0,+847,KRX
20020927,+26450,2,+450,+1.73,231121,22,0,--22,--1,847,0,--847,--71,KRX
20020926,+26000,2,+250,+0.97,326273,33,12,--21,--1,1232,456,--776,+36,KRX
20020925,-25750,5,-1450,-5.33,274952,56,36,--20,--39,2158,1346,--812,--1530,KRX
20020924,-27200,5,-200,-0.73,198718,10,29,+19,--108,360,1078,+718,--3920,KRX
20020923,-27400,5,-1100,-3.86,282865,1,128,+127,+95,27,4665,+4638,+3508,KRX
20020919,+28500,2,+150,+0.53,165700,1,33,+32,+205,30,1160,+1130,+7158,KRX
20020918,-28350,5,-1300,-4.38,253810,173,0,--173,+84,6038,10,--6028,+2694,KRX
20020917,+29650,2,+850,+2.95,328362,337,80,--257,--154,11409,2687,--8722,--5148,KRX
20020916,+28800,2,+550,+1.95,464244,141,38,--103,--56,4900,1326,--3574,--1906,KRX
20020913,-28250,5,-900,-3.09,209852,80,33,--47,+9,2820,1152,--1668,+226,KRX
20020912,+29150,2,+200,+0.69,185422,162,106,--56,--26,5546,3652,--1894,--877,KRX
20020911,+28950,2,+450,+1.58,327875,56,26,--30,--44,1897,880,--1017,--1494,KRX
20020910,+28500,2,+400,+1.42,227644,0,14,+14,--10,0,477,+477,--372,KRX
20020909,-28100,5,-2150,-7.11,483444,8,32,+24,+27,270,1119,+849,+954,KRX
20020906,-30250,5,-550,-1.79,294905,13,10,--3,--5,423,318,--105,--186,KRX
20020905,-30800,5,-100,-0.32,306597,9,11,+2,--24,279,360,+81,--743,KRX
20020904,-30900,5,-1300,-4.04,320738,19,45,+26,+54,629,1453,+824,+1677,KRX
20020903,-32200,5,-200,-0.62,671473,52,24,--28,--69,1597,744,--853,--2141,KRX
20020902,+32400,2,+650,+2.05,347740,1,42,+41,+29,45,1333,+1288,+903,KRX
20020830,-31750,5,-200,-0.63,341934,26,38,+12,--82,813,1198,+385,--2622,KRX
20020829,+31950,2,+300,+0.95,595673,3,97,+94,+71,109,3116,+3007,+2322,KRX
20020828,-31650,5,-550,-1.71,630069,1,24,+23,+6,45,730,+685,+152,KRX
20020827,+32200,2,+450,+1.42,1151517,0,17,+17,--74,0,533,+533,--2285,KRX
20020826,-31750,5,-1300,-3.93,1101845,0,91,+91,+65,0,2818,+2818,+1962,KRX
20020823,+33050,1,+3500,+11.84,3131938,11,37,+26,+49,365,1221,+856,+1616,KRX
20020822,+29550,2,+300,+1.03,793857,36,13,--23,--6,1210,450,--760,--163,KRX
20020821,+29250,2,+300,+1.04,410160,18,1,--17,--37,624,27,--597,--1260,KRX
20020820,+28950,2,+1050,+3.76,695029,19,39,+20,+25,672,1335,+663,+864,KRX
20020819,-27900,5,-300,-1.06,220663,25,20,--5,--8,906,705,--201,--304,KRX
20020816,-28200,5,-250,-0.88,394100,7,10,+3,+20,257,360,+103,+673,KRX
20020814,+28450,2,+150,+0.53,623360,35,18,--17,--37,1217,647,--570,--1255,KRX
20020813,+28300,2,+200,+0.71,312260,28,48,+20,+25,1004,1689,+685,+841,KRX
20020812,+28100,2,+600,+2.18,421262,15,10,--5,--43,513,357,--156,--1510,KRX
20020809,-27500,5,-350,-1.26,341561,14,52,+38,+87,490,1844,+1354,+3113,KRX
20020808,27850,3,0,0.00,279140,50,1,--49,--38,1784,25,--1759,--1390,KRX
20020807,+27850,2,+300,+1.09,709161,18,7,--11,--29,621,252,--369,--1006,KRX
20020806,+27550,2,+750,+2.80,1177930,1,19,+18,--43,54,691,+637,--1617,KRX
20020805,-26800,5,-1150,-4.11,245144,8,69,+61,+90,305,2559,+2254,+3314,KRX
20020802,-27950,5,-450,-1.58,275446,43,14,--29,--37,1556,496,--1060,--1319,KRX
20020801,-28400,5,-200,-0.70,334032,14,22,+8,+13,507,766,+259,+447,KRX
20020731,-28600,5,-500,-1.72,429943,10,5,--5,--48,344,156,--188,--1610,KRX
20020730,-29100,5,-100,-0.34,529989,0,43,+43,+17,0,1422,+1422,+569,KRX
20020729,-29200,5,-150,-0.51,1526294,0,26,+26,+34,0,853,+853,+1143,KRX
20020726,+29350,2,+50,+0.17,358741,17,9,--8,--31,603,313,--290,--1037,KRX
20020725,29300,3,0,0.00,415009,0,23,+23,+62,0,747,+747,+2051,KRX
20020724,-29300,5,-1400,-4.56,500588,43,4,--39,--83,1448,144,--1304,--2808,KRX
20020723,+30700,2,+2400,+8.48,920796,13,57,+44,+1,453,1957,+1504,--11,KRX
20020722,-28300,5,-1900,-6.29,406547,8,51,+43,+45,270,1785,+1515,+1580,KRX
20020719,-30200,5,-900,-2.89,359411,14,12,--2,--5,475,410,--65,--163,KRX
20020718,+31100,2,+200,+0.65,349932,10,13,+3,--5,317,415,+98,--167,KRX
20020716,-30900,5,-1100,-3.44,532238,5,13,+8,+43,164,429,+265,+1381,KRX
20020715,-32000,5,-1150,-3.47,628648,52,17,--35,--42,1619,503,--1116,--1312,KRX
20020712,+33150,2,+400,+1.22,749121,0,7,+7,+6,0,196,+196,+156,KRX
20020711,-32750,5,-400,-1.21,2387846,0,1,+1,+19,0,40,+40,+596,KRX
20020710,+33150,2,+600,+1.84,919564,18,0,--18,--32,556,0,--556,--981,KRX
20020709,+32550,2,+1750,+5.68,1436723,0,14,+14,+21,0,425,+425,+635,KRX
20020708,+30800,2,+400,+1.32,743108,7,0,--7,--5,210,0,--210,--140,KRX
20020705,+30400,2,+200,+0.66,764521,2,0,--2,+514,70,0,--70,+16937,KRX
20020704,30200,3,0,0.00,968304,532,16,--516,--515,17530,523,--17007,--16977,KRX
20020703,+30200,2,+2300,+8.24,1337050,4,3,--1,+271,139,109,--30,+10217,KRX
20020702,-27900,5,-100,-0.36,457147,275,3,--272,--282,10367,120,--10247,--10617,KRX
20020628,+28000,2,+1000,+3.70,750573,8,18,+10,+38,287,657,+370,+1413,KRX
20020627,+27000,2,+950,+3.65,991463,29,1,--28,--59,1093,50,--1043,--2131,KRX
20020626,-26050,4,-3550,-11.99,860701,0,31,+31,--93,12,1100,+1088,--2871,KRX
20020625,-29600,5,-900,-2.95,565702,31,155,+124,+167,1011,4970,+3959,+5363,KRX
20020624,-30500,5,-1350,-4.24,281992,43,0,--43,--44,1404,0,--1404,--1434,KRX
20020621,+31850,2,+50,+0.16,299510,0,1,+1,+196,0,30,+30,+6315,KRX
20020620,+31800,2,+300,+0.95,352695,377,182,--195,--374,12122,5837,--6285,--11989,KRX
20020619,-31500,5,-2300,-6.80,441130,169,348,+179,+195,5304,11008,+5704,+6152,KRX
20020618,-33800,5,-700,-2.03,414175,16,0,--16,+15,448,0,--448,+459,KRX
20020617,+34500,2,+150,+0.44,348033,31,0,--31,--23,912,5,--907,--661,KRX
20020614,+34350,2,+350,+1.03,391136,9,1,--8,--142,271,25,--246,--4196,KRX
20020612,-34000,5,-300,-0.87,347842,17,151,+134,+176,500,4450,+3950,+5172,KRX
20020611,+34300,2,+300,+0.88,387815,42,0,--42,--5,1222,0,--1222,--126,KRX
20020610,+34000,2,+900,+2.72,441704,39,2,--37,--95,1150,54,--1096,--2795,KRX
20020607,-33100,5,-2000,-5.70,579419,4,62,+58,+22,124,1823,+1699,+650,KRX
20020605,35100,3,0,0.00,699329,39,75,+36,+49,1094,2143,+1049,+1405,KRX
20020604,-35100,5,-1000,-2.77,649930,25,12,--13,+16,708,352,--356,+432,KRX
20020603,-36100,5,-900,-2.43,791575,46,17,--29,--68,1277,489,--788,--1801,KRX
20020531,+37000,2,+200,+0.54,1955724,50,89,+39,+13,1346,2359,+1013,+300,KRX
20020530,+36800,2,+350,+0.96,1182379,20,46,+26,+90,531,1244,+713,+2458,KRX
20020529,-36450,5,-550,-1.49,1012822,78,14,--64,+22,2131,386,--1745,+745,KRX
20020528,+37000,2,+2250,+6.47,625226,120,34,--86,--10,3457,967,--2490,--346,KRX
20020527,-34750,5,-750,-2.11,631901,101,25,--76,--62,2848,704,--2144,--1745,KRX
20020524,+35500,2,+1050,+3.05,744161,22,8,--14,--54,623,224,--399,--1515,KRX
20020523,-34450,5,-2500,-6.77,758229,34,74,+40,+213,964,2080,+1116,+5902,KRX
20020522,+36950,2,+1400,+3.94,2243331,228,55,--173,--191,6255,1469,--4786,--5262,KRX
20020521,-35550,5,-900,-2.47,1004655,32,50,+18,+154,901,1377,+476,+4038,KRX
20020520,-36450,5,-500,-1.35,2684900,142,6,--136,--45,3720,158,--3562,--1048,KRX
20020517,+36950,1,+3950,+11.97,1530106,106,15,--91,--82,2964,450,--2514,--2253,KRX
20020516,-33000,5,-250,-0.75,330530,37,28,--9,+33,1110,849,--261,+996,KRX
20020515,+33250,2,+600,+1.84,514160,66,24,--42,--5,1964,707,--1257,--143,KRX
20020514,-32650,5,-850,-2.54,451515,43,6,--37,--11,1280,166,--1114,--367,KRX
20020513,+33500,2,+200,+0.60,421753,58,32,--26,+20,1710,963,--747,+621,KRX
20020510,-33300,5,-1000,-2.92,465456,50,4,--46,--66,1477,109,--1368,--1953,KRX
20020509,+34300,2,+1000,+3.00,1254721,13,33,+20,+40,380,965,+585,+1186,KRX
20020508,+33300,2,+1650,+5.21,1368378,30,10,--20,--34,911,310,--601,--1028,KRX
20020507,-31650,5,-550,-1.71,581444,5,19,+14,+55,174,601,+427,+1686,KRX
20020506,+32200,2,+400,+1.26,1103543,41,0,--41,+37,1259,0,--1259,+1199,KRX
20020503,-31800,5,-650,-2.00,583450,118,40,--78,+22,3721,1263,--2458,+611,KRX
20020502,+32450,2,+700,+2.20,907843,112,12,--100,--25,3439,370,--3069,--697,KRX
20020430,+31750,2,+400,+1.28,1195486,76,1,--75,--24,2408,36,--2372,--836,KRX
20020429,-31350,5,-2700,-7.93,719415,53,2,--51,+4,1608,72,--1536,+67,KRX
20020426,-34050,5,-1200,-3.40,854185,57,2,--55,+26,1673,70,--1603,+642,KRX
20020425,-35250,5,-2500,-6.62,945644,87,6,--81,--50,2402,157,--2245,--1435,KRX
20020424,+37750,2,+350,+0.94,1281202,49,18,--31,+50,1272,462,--810,+1310,KRX
20020423,-37400,5,-1600,-4.10,1763176,98,17,--81,+18,2547,427,--2120,+506,KRX
20020422,+39000,2,+1750,+4.70,1529635,120,21,--99,--21,3176,550,--2626,--509,KRX
20020419,-37250,5,-100,-0.27,755794,84,6,--78,+83,2275,158,--2117,+2157,KRX
20020418,-37350,5,-1850,-4.72,1257942,202,41,--161,--101,5354,1080,--4274,--2767,KRX
20020417,-39200,5,-600,-1.51,981371,121,61,--60,--35,3049,1542,--1507,--878,KRX
20020416,+39800,2,+450,+1.14,748388,57,32,--25,--84,1426,797,--629,--2065,KRX
20020415,-39350,5,-1650,-4.02,1019296,68,127,+59,+75,1699,3135,+1436,+1843,KRX
20020412,+41000,2,+500,+1.23,986160,51,35,--16,+96,1284,877,--407,+2342,KRX
20020411,-40500,5,-250,-0.61,885860,149,37,--112,--128,3654,905,--2749,--3187,KRX
20020410,+40750,2,+750,+1.88,2471298,55,71,+16,+64,1376,1814,+438,+1588,KRX
20020409,-40000,5,-3300,-7.62,833303,55,7,--48,0,1321,171,--1150,--50,KRX
20020408,+43300,2,+300,+0.70,502441,51,3,--48,+42,1166,66,--1100,+1011,KRX
20020404,-43000,5,-200,-0.46,347115,97,7,--90,--171,2271,160,--2111,--3972,KRX
20020403,+43200,2,+100,+0.23,699351,110,191,+81,+79,2539,4400,+1861,+1812,KRX
20020402,+43100,2,+500,+1.17,985834,37,39,+2,--221,840,889,+49,--5078,KRX
20020401,-42600,5,-3050,-6.68,976743,51,274,+223,+268,1180,6307,+5127,+6087,KRX
20020329,-45650,5,-1450,-3.08,1191628,82,37,--45,--317,1774,814,--960,--6730,KRX
20020328,-47100,5,-1900,-3.88,806631,30,302,+272,+807,631,6401,+5770,+16599,KRX
20020327,+49000,2,+100,+0.20,963937,551,16,--535,--543,11154,325,--10829,--11001,KRX
20020326,-48900,5,-2100,-4.12,693766,85,93,+8,+740,1709,1881,+172,+14347,KRX
20020325,-51000,5,-1000,-1.92,1372584,840,108,--732,--610,16284,2109,--14175,--11812,KRX
20020322,+52000,1,+5500,+11.83,2084274,123,1,--122,--216,2381,18,--2363,--4409,KRX
20020321,+46500,2,+500,+1.09,565937,28,122,+94,--28,612,2658,+2046,--579,KRX
20020320,-46000,5,-2000,-4.17,1122119,16,138,+122,+528,335,2960,+2625,+11316,KRX
20020319,+48000,2,+1250,+2.67,1359303,418,12,--406,--403,8961,270,--8691,--8658,KRX
20020318,+46750,2,+4450,+10.52,2223679,25,22,--3,+52,530,497,--33,+1257,KRX
20020315,+42300,2,+300,+0.71,1261037,110,55,--55,--17,2600,1310,--1290,--395,KRX
20020314,+42000,2,+1050,+2.56,934916,122,84,--38,+24,2903,2008,--895,+590,KRX
20020313,-40950,5,-400,-0.97,714303,141,79,--62,+29,3418,1933,--1485,+674,KRX
20020312,-41350,5,-1050,-2.48,1419836,128,37,--91,--23,3003,844,--2159,--594,KRX
20020311,-42400,5,-2050,-4.61,1534030,108,40,--68,--12,2510,945,--1565,--274,KRX
20020308,+44450,2,+1750,+4.10,1662723,95,39,--56,--56,2173,882,--1291,--1313,KRX
20020307,-42700,5,-3300,-7.17,2160693,48,48,0,+63,1070,1092,+22,+1561,KRX
20020306,+46000,1,+4900,+11.92,3489069,73,10,--63,--72,1770,231,--1539,--1767,KRX
20020305,-41100,5,-250,-0.60,2650261,59,68,+9,+31,1373,1601,+228,+743,KRX
20020304,+41350,1,+4400,+11.91,768982,22,0,--22,+4,525,10,--515,+233,KRX
20020228,+36950,1,+3950,+11.97,2511173,37,11,--26,+20,1034,286,--748,+635,KRX
20020227,+33000,2,+1150,+3.61,673694,59,13,--46,+6,1786,403,--1383,+256,KRX
20020226,-31850,5,-100,-0.31,377908,62,10,--52,--55,1940,301,--1639,--1725,KRX
20020225,-31950,5,-850,-2.59,490403,8,11,+3,+35,253,339,+86,+1088,KRX
20020222,+32800,2,+900,+2.82,1529397,32,0,--32,--21,1002,0,--1002,--675,KRX
20020221,-31900,5,-100,-0.31,295507,14,3,--11,+48,426,99,--327,+1533,KRX
20020220,-32000,5,-550,-1.69,302591,60,1,--59,+28,1880,20,--1860,+760,KRX
20020219,-32550,5,-450,-1.36,676344,87,0,--87,--59,2620,0,--2620,--1775,KRX
20020218,+33000,2,+600,+1.85,522522,35,7,--28,0,1058,213,--845,+21,KRX
20020215,-32400,5,-400,-1.22,416964,29,1,--28,+14,890,24,--866,+450,KRX
20020214,+32800,2,+1200,+3.80,397251,43,1,--42,--39,1340,24,--1316,--1236,KRX
20020208,+31600,2,+400,+1.28,269276,7,4,--3,+20,216,136,--80,+605,KRX
20020207,-31200,5,-1600,-4.88,602028,25,2,--23,--18,748,63,--685,--524,KRX
20020206,-32800,5,-300,-0.91,368462,7,2,--5,--7,211,50,--161,--224,KRX
20020205,-33100,5,-400,-1.19,360823,0,2,+2,+8,0,63,+63,+242,KRX
20020204,+33500,2,+350,+1.06,872198,6,0,--6,--4,179,0,--179,--107,KRX
20020201,+33150,2,+900,+2.79,1175499,4,2,--2,+3,135,63,--72,+68,KRX
20020131,+32250,2,+300,+0.94,500410,5,0,--5,--13,140,0,--140,--381,KRX
20020130,-31950,5,-1550,-4.63,605191,13,21,+8,--17,400,641,+241,--452,KRX
20020129,-33500,5,-2300,-6.42,1196488,32,57,+25,+28,940,1633,+693,+813,KRX
20020128,+35800,2,+3450,+10.66,2087049,15,12,--3,+17,450,330,--120,+520,KRX
20020125,+32350,2,+700,+2.21,859780,20,0,--20,--14,640,0,--640,--456,KRX
20020124,-31650,5,-200,-0.63,608723,6,0,--6,--5,184,0,--184,--138,KRX
20020123,+31850,2,+450,+1.43,1141607,1,0,--1,--21,46,0,--46,--676,KRX
20020122,-31400,5,-300,-0.95,474591,2,22,+20,--30,60,690,+630,--934,KRX
20020121,-31700,5,-500,-1.55,425990,2,52,+50,+63,72,1636,+1564,+1946,KRX
20020118,-32200,5,-550,-1.68,1252182,13,0,--13,--15,382,0,--382,--430,KRX
20020117,-32750,5,-50,-0.15,553952,0,2,+2,--10,0,48,+48,--340,KRX
20020116,+32800,2,+1050,+3.31,1125939,1,13,+12,+27,24,412,+388,+842,KRX
20020115,-31750,5,-1350,-4.08,345781,15,0,--15,--22,454,0,--454,--662,KRX
20020114,-33100,5,-350,-1.05,347142,1,8,+7,--21,32,240,+208,--600,KRX
20020111,-33450,5,-1050,-3.04,347735,7,35,+28,+14,223,1031,+808,+403,KRX
20020110,+34500,2,+500,+1.47,900127,9,23,+14,--54,270,675,+405,--1614,KRX
20020109,+34000,2,+200,+0.59,427648,14,82,+68,+78,420,2439,+2019,+2317,KRX
20020108,-33800,5,-1450,-4.11,575575,10,0,--10,--13,298,0,--298,--364,KRX
20020107,-35250,5,-250,-0.70,926455,3,6,+3,+6,96,162,+66,+160,KRX
20020104,+35500,2,+2650,+8.07,1599639,3,0,--3,+7,94,0,--94,+194,KRX
20020103,-32850,5,-450,-1.35,544906,10,0,--10,--5,288,0,--288,--130,KRX
20020102,+33300,2,+350,+1.06,451461,6,1,--5,--5,182,24,--158,--158,KRX
