일자,현재가,대비부호,전일대비,등락율,체결수량,프로그램매도금액,프로그램매수금액,프로그램순매수금액,프로그램순매수금액증감,프로그램매도수량,프로그램매수수량,프로그램순매수수량,프로그램순매수수량증감,거래소구분
20260720,1842000,0,0,0.00,0,0,0,0,+983871,0,0,0,+528504,KRX
20260716,-1842000,5,-240000,-11.53,5608812,4106459,3122588,--983871,--1336019,2213107,1684603,--528504,--688302,KRX
20260715,+2082000,2,+169000,+8.83,6046951,4295733,4647881,+352148,--662560,2034858,2194656,+159798,--370762,KRX
20260714,+1913000,2,+68000,+3.69,10447011,5039257,6053965,+1014708,+2466175,2761494,3292054,+530560,+1267049,KRX
20260713,-1845000,5,-335000,-15.37,8040043,5246819,3795352,--1451467,+305576,2697529,1961040,--736489,+58125,KRX
20260710,-2180000,5,-6000,-0.27,4827239,4836580,3079537,--1757043,--1451848,2177746,1383132,--794614,--651306,KRX
20260709,+2186000,2,+110000,+5.30,6261504,3302758,2997563,--305195,--504926,1509278,1365970,--143308,--240714,KRX
20260708,-2076000,5,-125000,-5.68,6975631,3407666,3607397,+199731,+1454924,1560607,1658013,+97406,+680393,KRX
20260707,-2201000,5,-142000,-6.06,6351195,4459145,3203952,--1255193,--946761,2040970,1457983,--582987,--453313,KRX
20260706,-2343000,5,-82000,-3.38,4235360,3063213,2754781,--308432,+897863,1283856,1154182,--129674,+376933,KRX
20260703,+2425000,2,+238000,+10.88,7984914,5639882,4433587,--1206295,--460925,2475504,1968897,--506607,--208885,KRX
20260702,-2187000,5,-373000,-14.57,7685914,5716198,4970828,--745370,--289632,2469846,2172124,--297722,--119464,KRX
20260701,-2560000,5,-90000,-3.40,4277276,3685404,3229666,--455738,+1172687,1423763,1245505,--178258,+442567,KRX
20260630,+2650000,2,+22000,+0.84,5109213,5873401,4244976,--1628425,+966795,2223681,1602856,--620825,+382561,KRX
20260629,-2628000,5,-45000,-1.68,5217788,6145077,3549857,--2595220,--970956,2368155,1364769,--1003386,--407530,KRX
20260626,-2673000,5,-244000,-8.36,7467492,6075362,4451098,--1624264,--2683538,2237587,1641731,--595856,--959822,KRX
20260625,+2917000,2,+337000,+13.06,6790853,4818268,5877542,+1059274,+4024123,1674812,2038778,+363966,+1513135,KRX
20260624,+2580000,2,+25000,+0.98,7487916,6443704,3478855,--2964849,--370181,2489033,1339864,--1149169,--212911,KRX
20260623,-2555000,5,-364000,-12.47,8050335,6842959,4248291,--2594668,--1275110,2507720,1571462,--936258,--476741,KRX
20260622,+2919000,2,+155000,+5.61,5179795,4485526,3165968,--1319558,--962623,1558856,1099339,--459517,--330716,KRX
20260619,+2764000,2,+79000,+2.94,7478195,6136603,5779668,--356935,+596565,2202699,2073898,--128801,+232360,KRX
20260618,+2685000,2,+164000,+6.51,5808765,5175652,4222152,--953500,--791727,1950332,1589171,--361161,--293653,KRX
20260617,+2521000,2,+139000,+5.84,3980010,2281935,2120162,--161773,--765709,933086,865578,--67508,--321562,KRX
20260616,+2382000,2,+94000,+4.11,3644469,1732303,2336239,+603936,+262295,733340,987394,+254054,+107140,KRX
20260615,+2288000,2,+138000,+6.42,3872910,3123317,3464958,+341641,+748635,1362959,1509873,+146914,+346572,KRX
20260612,+2150000,2,+49000,+2.33,5286416,4138523,3731529,--406994,+738040,1863534,1663876,--199658,+350927,KRX
20260611,+2101000,2,+53000,+2.59,6625775,4858884,3713850,--1145034,--707747,2341319,1790734,--550585,--344515,KRX
20260610,-2048000,5,-167000,-7.54,4928269,2958278,2520991,--437287,+437932,1418508,1212438,--206070,+187870,KRX
20260609,+2215000,2,+304000,+15.91,5878039,3947682,3072463,--875219,--796317,1850157,1456217,--393940,--363263,KRX
20260608,-1911000,5,-159000,-7.68,6610833,3744071,3665169,--78902,--169116,1903469,1872792,--30677,--74702,KRX
20260605,-2070000,5,-228000,-9.92,5778751,3078063,3168277,+90214,+168744,1455935,1499960,+44025,+80102,KRX
20260604,-2298000,5,-62000,-2.63,3941067,3369056,3290526,--78530,+1050150,1470231,1434154,--36077,+453768,KRX
20260602,-2360000,5,-3000,-0.13,5837216,4816546,3687866,--1128680,+545724,2067523,1577678,--489845,+223522,KRX
20260601,+2363000,2,+30000,+1.29,5602897,4411839,2737435,--1674404,--1415628,1877692,1164325,--713367,--604965,KRX
20260529,+2333000,2,+44000,+1.92,8518013,8564537,8305761,--258776,+1655142,3670332,3561930,--108402,+753594,KRX
20260528,+2289000,2,+46000,+2.05,6229499,4580180,2666262,--1913918,--1506820,2052633,1190637,--861996,--680209,KRX
20260527,+2243000,2,+191000,+9.31,7545783,4842986,4435888,--407098,--276824,2133338,1951551,--181787,--119208,KRX
20260526,+2052000,2,+111000,+5.72,4903591,2937283,2807009,--130274,+571875,1427054,1364475,--62579,+300388,KRX
20260522,+1941000,2,+1000,+0.05,3135190,2457534,1755385,--702149,--1305057,1268126,905159,--362967,--666704,KRX
20260521,+1940000,2,+195000,+11.17,5096690,2225269,2828177,+602908,+886328,1175885,1479622,+303737,+464280,KRX
20260520,1745000,3,0,0.00,5535123,3118666,2835246,--283420,+1095612,1791925,1631382,--160543,+620345,KRX
20260519,-1745000,5,-95000,-5.16,4575855,3399167,2020135,--1379032,--1319905,1920367,1139479,--780888,--752030,KRX
20260518,+1840000,2,+21000,+1.15,6481608,2685696,2626569,--59127,+1870770,1475936,1447078,--28858,+1001567,KRX
20260515,-1819000,5,-151000,-7.66,7485233,4568037,2638140,--1929897,--918145,2421606,1391181,--1030425,--515401,KRX
20260514,-1970000,5,-6000,-0.30,6040068,3832109,2820357,--1011752,--419311,1948246,1433222,--515024,--180444,KRX
20260513,+1976000,2,+141000,+7.68,7126921,3668221,3075780,--592441,+1754959,1945225,1610645,--334580,+908254,KRX
20260512,-1835000,5,-45000,-2.39,9160593,6032477,3685077,--2347400,--1255892,3204451,1961617,--1242834,--664104,KRX
20260511,+1880000,2,+194000,+11.51,7433039,4395625,3304117,--1091508,+148026,2335973,1757243,--578730,+180010,KRX
20260508,+1686000,2,+32000,+1.93,4278087,2590854,1351320,--1239534,+239689,1580130,821390,--758740,+155250,KRX
20260507,+1654000,2,+53000,+3.31,5860618,4097298,2618075,--1479223,--499693,2527015,1613025,--913990,--296802,KRX
20260506,+1601000,2,+154000,+10.64,6631934,4743130,3763600,--979530,--2355614,2978505,2361317,--617188,--1612809,KRX
20260504,+1447000,2,+161000,+12.52,5776641,2038327,3414411,+1376084,+1556930,1444634,2440255,+995621,+1140509,KRX
20260430,-1286000,5,-7000,-0.54,3342342,1763830,1582984,--180846,+52630,1358192,1213304,--144888,+35589,KRX
20260429,-1293000,5,-7000,-0.54,3001208,1275499,1042023,--233476,--101891,984676,804199,--180477,--79781,KRX
20260428,+1300000,2,+8000,+0.62,3002713,1428346,1296761,--131585,--793249,1090499,989803,--100696,--615161,KRX
20260427,+1292000,2,+70000,+5.73,4563073,1457725,2119389,+661664,+1389414,1130478,1644943,+514465,+1113472,KRX
20260424,-1222000,5,-3000,-0.24,3127857,1515469,787719,--727750,--679976,1243503,644496,--599007,--554063,KRX
20260423,+1225000,2,+2000,+0.16,5343871,1734133,1686359,--47774,+287315,1415848,1370904,--44944,+230859,KRX
20260422,-1223000,5,-1000,-0.08,2894919,1130430,795341,--335089,--599293,928582,652779,--275803,--491699,KRX
20260421,+1224000,2,+58000,+4.97,3516960,852635,1116839,+264204,--183037,701695,917591,+215896,--168020,KRX
20260420,+1166000,2,+38000,+3.37,3748014,744710,1191951,+447241,+1128191,640541,1024457,+383916,+983758,KRX
20260417,-1128000,5,-27000,-2.34,3578235,1397748,716798,--680950,--166999,1230456,630614,--599842,--152319,KRX
20260416,+1155000,2,+19000,+1.67,2901319,1388027,874076,--513951,--302827,1207821,760298,--447523,--261864,KRX
20260415,+1136000,2,+33000,+2.99,4093703,1814816,1603692,--211124,--1365500,1573745,1388086,--185659,--1222816,KRX
20260414,+1103000,2,+63000,+6.06,4754545,1067244,2221620,+1154376,+590298,965912,2003069,+1037157,+489431,KRX
20260413,+1040000,2,+13000,+1.27,2769753,752778,1316856,+564078,+420758,733527,1281253,+547726,+409188,KRX
20260410,+1027000,2,+29000,+2.91,3134921,1236787,1380107,+143320,+404098,1200558,1339096,+138538,+398818,KRX
20260409,-998000,5,-35000,-3.39,5026817,1815473,1554695,--260778,--1182309,1811323,1551043,--260280,--1169362,KRX
20260408,+1033000,2,+117000,+12.77,6709356,1785793,2707324,+921531,+560011,1748787,2657869,+909082,+511131,KRX
20260407,+916000,2,+30000,+3.39,3619929,607955,969475,+361520,+371680,667450,1065401,+397951,+410727,KRX
20260406,+886000,2,+10000,+1.14,3100989,654462,644302,--10160,--322011,740860,728084,--12776,--367637,KRX
20260403,+876000,2,+46000,+5.54,2927164,605762,917613,+311851,+302125,691801,1046662,+354861,+329943,KRX
20260402,-830000,5,-63000,-7.05,6127534,1523613,1533339,+9726,--19746,1769458,1794376,+24918,--7244,KRX
20260401,+893000,2,+86000,+10.66,6255058,1889606,1919078,+29472,+588711,2140659,2172821,+32162,+714994,KRX
20260331,-807000,5,-66000,-7.56,7194351,2247281,1688042,--559239,--466614,2737835,2055003,--682832,--575104,KRX
20260330,-873000,5,-49000,-5.31,4498502,1243778,1151153,--92625,+584529,1426005,1318277,--107728,+640797,KRX
20260327,-922000,5,-11000,-1.18,4520942,1753838,1076684,--677154,--175125,1937761,1189236,--748525,--218027,KRX
20260326,-933000,5,-62000,-6.23,4660620,1678251,1176222,--502029,--442081,1770905,1240407,--530498,--461915,KRX
20260325,+995000,2,+9000,+0.91,4463869,1540307,1480359,--59948,+248738,1524611,1456028,--68583,+250350,KRX
20260324,+986000,2,+53000,+5.68,4352152,1410303,1101617,--308686,--15537,1447454,1128521,--318933,--9493,KRX
20260323,-933000,5,-74000,-7.35,3911813,1296168,1003019,--293149,+347932,1375342,1065902,--309440,+324205,KRX
20260320,-1007000,5,-6000,-0.59,3426646,1735977,1094896,--641081,--12986,1718140,1084495,--633645,--16208,KRX
20260319,-1013000,5,-43000,-4.07,3347483,1403093,774998,--628095,--1431872,1380968,763531,--617437,--1410054,KRX
20260318,+1056000,2,+86000,+8.87,4347884,948607,1752384,+803777,+1082339,921537,1714154,+792617,+1072378,KRX
20260317,-970000,5,-4000,-0.41,3326240,1129570,851008,--278562,--591071,1139203,859442,--279761,--608935,KRX
20260316,+974000,2,+64000,+7.03,3829496,964640,1277149,+312509,+692584,1018654,1347828,+329174,+750900,KRX
20260313,-910000,5,-20000,-2.15,3645102,1522602,1142527,--380075,--179060,1680538,1258812,--421726,--208379,KRX
20260312,-930000,5,-25000,-2.62,3711742,1361678,1160663,--201015,+178635,1454026,1240679,--213347,+181433,KRX
20260311,+955000,2,+17000,+1.81,3916098,1346671,967021,--379650,--1038818,1398531,1003751,--394780,--1105224,KRX
20260310,+938000,2,+102000,+12.20,5304897,1247453,1906621,+659168,+1217236,1339914,2050358,+710444,+1380088,KRX
20260309,-836000,5,-88000,-9.52,7253621,2119567,1561499,--558068,--543872,2547112,1877468,--669644,--652339,KRX
20260306,-924000,5,-17000,-1.81,3744322,911979,897783,--14196,+9641,997680,980375,--17305,+15179,KRX
20260305,+941000,2,+92000,+10.84,6442459,2283997,2260160,--23837,+419434,2383341,2350857,--32484,+459077,KRX
20260304,-849000,5,-90000,-9.58,9253420,2794963,2351692,--443271,+182197,3143976,2652415,--491561,+124293,KRX
20260303,-939000,5,-122000,-11.50,6818327,2221398,1595930,--625468,+1343822,2231631,1615777,--615854,+1229613,KRX
20260227,-1061000,5,-38000,-3.46,6453062,3443591,1474301,--1969290,--1410849,3229938,1384471,--1845467,--1308158,KRX
20260226,+1099000,2,+81000,+7.96,4461976,1680386,1121945,--558441,+44993,1598303,1060994,--537309,+54245,KRX
20260225,+1018000,2,+13000,+1.29,3462525,1370715,767281,--603434,--1007818,1343083,751529,--591554,--998641,KRX
20260224,+1005000,2,+54000,+5.68,4102382,909250,1313634,+404384,+598218,920067,1327154,+407087,+611015,KRX
20260223,+951000,2,+2000,+0.21,3523887,1388618,1194784,--193834,--482365,1449538,1245610,--203928,--509953,KRX
20260220,+949000,2,+55000,+6.15,5054333,1073887,1362418,+288531,+323641,1162139,1468164,+306025,+346342,KRX
20260219,+894000,2,+14000,+1.59,3285109,914030,878920,--35110,--81146,1020264,979947,--40317,--89918,KRX
20260213,-880000,5,-8000,-0.90,3534047,844922,890958,+46036,--344788,952299,1001900,+49601,--390453,KRX
20260212,+888000,2,+28000,+3.26,4619344,1477638,1868462,+390824,+834113,1666270,2106324,+440054,+953424,KRX
20260211,-860000,5,-16000,-1.83,3125590,1076359,633070,--443289,--475867,1245966,732596,--513370,--545742,KRX
20260210,-876000,5,-11000,-1.24,3441377,919871,952449,+32578,+5452,1038274,1070646,+32372,+2336,KRX
20260209,+887000,2,+48000,+5.72,4228584,1511707,1538833,+27126,+603247,1705316,1735352,+30036,+739953,KRX
20260206,-839000,5,-3000,-0.36,5581574,1519096,942975,--576121,+525364,1856337,1146420,--709917,+581689,KRX
20260205,-842000,5,-58000,-6.44,5473720,1915455,813970,--1101485,--611146,2246518,954912,--1291606,--741589,KRX
20260204,-900000,5,-7000,-0.77,3800763,1207686,717347,--490339,--219195,1351080,801063,--550017,--246674,KRX
20260203,+907000,2,+77000,+9.28,5272538,1669768,1398624,--271144,+1171385,1868443,1565100,--303343,+1362747,KRX
20260202,-830000,5,-79000,-8.69,7634191,2567116,1124587,--1442529,--867227,2987994,1321904,--1666090,--1032605,KRX
20260130,+909000,2,+48000,+5.57,7875195,2357512,1782210,--575302,+293866,2601220,1967735,--633485,+383850,KRX
20260129,+861000,2,+20000,+2.38,6837983,1993346,1124178,--869168,--172104,2324107,1306772,--1017335,--180290,KRX
20260128,+841000,2,+41000,+5.13,6708497,1876001,1178937,--697064,--951785,2255776,1418731,--837045,--1161527,KRX
20260127,+800000,2,+64000,+8.70,5660198,987042,1241763,+254721,+577106,1277154,1601636,+324482,+757451,KRX
20260126,-736000,5,-31000,-4.04,3133330,800318,477933,--322385,--280918,1074850,641881,--432969,--374549,KRX
20260123,+767000,2,+12000,+1.59,3508272,759491,718024,--41467,+11460,1004271,945851,--58420,+11056,KRX
20260122,+755000,2,+15000,+2.03,3545309,939383,886456,--52927,--242187,1234092,1164616,--69476,--320932,KRX
20260121,-740000,5,-3000,-0.40,5108442,797896,987156,+189260,+207055,1077552,1329008,+251456,+276031,KRX
20260120,-743000,5,-21000,-2.75,2762369,504254,486459,--17795,--227162,674576,650001,--24575,--298916,KRX
20260119,+764000,2,+8000,+1.06,3392008,492590,701957,+209367,--160538,645633,919974,+274341,--214901,KRX
20260116,+756000,2,+7000,+0.93,3712326,585859,955764,+369905,+215603,777290,1266532,+489242,+282904,KRX
20260115,+749000,2,+7000,+0.94,3003414,676156,830458,+154302,+105858,915110,1121448,+206338,+141816,KRX
20260114,+742000,2,+4000,+0.54,4885051,838084,886528,+48444,+68777,1134528,1199050,+64522,+91697,KRX
20260113,-738000,5,-11000,-1.47,3771944,710432,690099,--20333,--297290,961720,934545,--27175,--396693,KRX
20260112,+749000,2,+5000,+0.67,3329793,621961,898918,+276957,+252192,828162,1197680,+369518,+338961,KRX
20260109,-744000,5,-12000,-1.59,4343703,806916,831681,+24765,--327124,1088604,1119161,+30557,--422396,KRX
20260108,+756000,2,+14000,+1.89,6496379,1375295,1727184,+351889,+158924,1808183,2261136,+452953,+195813,KRX
20260107,+742000,2,+16000,+2.20,5693115,1183233,1376198,+192965,+200150,1583484,1840624,+257140,+276495,KRX
20260106,+726000,2,+30000,+4.31,4830275,855205,848020,--7185,+190814,1226625,1207270,--19355,+266883,KRX
20260105,+696000,2,+19000,+2.81,4337511,1178945,980946,--197999,--306750,1699761,1413523,--286238,--450461,KRX
20260102,+677000,2,+26000,+3.99,4181895,804622,913373,+108751,+228665,1212029,1376252,+164223,+349632,KRX
20251230,+651000,2,+11000,+1.72,4094603,868222,748308,--119914,--360423,1336163,1150754,--185409,--564433,KRX
20251229,+640000,2,+41000,+6.84,4176151,740080,980589,+240509,--476557,1169717,1548741,+379024,--816030,KRX
20251226,+599000,2,+11000,+1.87,4243548,148889,865955,+717066,+523606,248847,1443901,+1195054,+866905,KRX
20251224,+588000,2,+4000,+0.68,2160697,168820,362280,+193460,+162816,286817,614966,+328149,+276482,KRX
20251223,+584000,2,+4000,+0.69,2011188,172323,202967,+30644,--380682,293942,345609,+51667,--662029,KRX
20251222,+580000,2,+33000,+6.03,2878464,145848,557174,+411326,+744340,253263,966959,+713696,+1321219,KRX
20251219,-547000,5,-5000,-0.91,3440005,841723,508709,--333014,--456453,1514804,907281,--607523,--829758,KRX
20251218,+552000,2,+1000,+0.18,2959059,448978,572417,+123439,+73875,809903,1032138,+222235,+134899,KRX
20251217,+551000,2,+21000,+3.96,2692626,407486,457050,+49564,+349929,757495,844831,+87336,+647510,KRX
20251216,-530000,5,-24000,-4.33,3287998,657826,357461,--300365,--226826,1222199,662025,--560174,--423323,KRX
20251215,-554000,5,-17000,-2.98,2482125,377238,303699,--73539,+92727,685936,549085,--136851,+154094,KRX
20251212,+571000,2,+6000,+1.06,2646148,410575,244309,--166266,+318123,719002,428057,--290945,+555629,KRX
20251211,-565000,5,-22000,-3.75,4021907,928136,443747,--484389,--781970,1624225,777651,--846574,--1353838,KRX
20251210,+587000,2,+21000,+3.71,3986083,524342,821923,+297581,+278485,896611,1403875,+507264,+473276,KRX
20251209,-566000,5,-11000,-1.91,2391174,499377,518473,+19096,--179814,880931,914919,+33988,--316028,KRX
20251208,+577000,2,+33000,+6.07,4288433,657558,856468,+198910,+154079,1183346,1533362,+350016,+268436,KRX
20251205,+544000,2,+2000,+0.37,3204933,536506,581337,+44831,+366096,1001501,1083081,+81580,+680498,KRX
20251204,-542000,5,-10000,-1.81,2858305,684675,363410,--321265,--104443,1274190,675272,--598918,--204734,KRX
20251203,-552000,5,-6000,-1.08,2586619,673902,457080,--216822,--485382,1219683,825499,--394184,--877498,KRX
20251202,+558000,2,+20000,+3.72,2686580,405563,674123,+268560,--38158,731256,1214570,+483314,--83575,KRX
20251201,+538000,2,+8000,+1.51,3134704,523824,830542,+306718,+829572,975050,1541939,+566889,+1542523,KRX
20251128,-530000,5,-14000,-2.57,2680138,828409,305555,--522854,--536658,1547001,571367,--975634,--1000606,KRX
20251127,+544000,2,+20000,+3.82,3654092,504433,518237,+13804,+155818,928369,953341,+24972,+301195,KRX
20251126,+524000,2,+5000,+0.96,5127393,975656,833642,--142014,--261472,1893406,1617183,--276223,--495672,KRX
20251125,-519000,5,-1000,-0.19,3716730,571442,690900,+119458,+18115,1077589,1297038,+219449,+34184,KRX
20251124,-520000,5,-1000,-0.19,6399162,1366323,1467666,+101343,+1259154,2607874,2793139,+185265,+2405702,KRX
20251121,-521000,5,-50000,-8.76,6646712,1878842,721031,--1157811,--946977,3603623,1383186,--2220437,--1858852,KRX
20251120,+571000,2,+9000,+1.60,4670237,1205309,994475,--210834,--28842,2065276,1703691,--361585,--36593,KRX
20251119,-562000,5,-8000,-1.40,4529736,938454,756462,--181992,+205997,1675276,1350284,--324992,+348723,KRX
20251118,-570000,5,-36000,-5.94,3544391,832517,444528,--387989,--620284,1444973,771258,--673715,--1066954,KRX
20251117,+606000,2,+46000,+8.21,4470947,714906,947201,+232295,+1131595,1198263,1591502,+393239,+1955862,KRX
20251114,-560000,5,-52000,-8.50,5778374,1635811,736511,--899300,--1040020,2851028,1288405,--1562623,--1791666,KRX
20251113,-612000,5,-5000,-0.81,3875541,794405,935125,+140720,+515935,1295525,1524568,+229043,+845076,KRX
20251112,-617000,5,-2000,-0.32,2831484,789803,414588,--375215,+153849,1292257,676224,--616033,+233034,KRX
20251111,+619000,2,+13000,+2.15,5508697,1216167,687103,--529064,--577171,1948207,1099140,--849067,--931247,KRX
20251110,+606000,2,+26000,+4.48,4893645,941198,989305,+48107,+227622,1560876,1643056,+82180,+385288,KRX
20251107,-580000,5,-13000,-2.19,4789397,1060245,880730,--179515,+95704,1821058,1517950,--303108,+158425,KRX
20251106,+593000,2,+14000,+2.42,5321244,1103456,828237,--275219,+305529,1848767,1387234,--461533,+572341,KRX
20251105,-579000,5,-7000,-1.19,8976222,1828852,1248104,--580748,+509865,3247329,2213455,--1033874,+797961,KRX
20251104,-586000,5,-34000,-5.48,5969769,1708242,617629,--1090613,--1050029,2870389,1038554,--1831835,--1775846,KRX
20251103,+620000,2,+61000,+10.91,5787058,1065592,1025008,--40584,+539632,1768012,1712023,--55989,+981559,KRX
20251031,-559000,5,-9000,-1.58,3351809,1000443,420227,--580216,--332221,1787848,750300,--1037548,--599967,KRX
20251030,+568000,2,+10000,+1.79,4888461,1089072,841077,--247995,--234748,1926259,1488678,--437581,--411624,KRX
20251029,+558000,2,+37000,+7.10,4803031,676545,663298,--13247,+636602,1241172,1215215,--25957,+1227783,KRX
20251028,-521000,5,-14000,-2.62,5659008,1156609,506760,--649849,--389154,2231229,977489,--1253740,--760861,KRX
20251027,+535000,2,+25000,+4.90,3381231,868755,608060,--260695,--160829,1637377,1144498,--492879,--295873,KRX
20251024,+510000,2,+31500,+6.58,4254202,650667,550801,--99866,--80439,1289577,1092571,--197006,--155679,KRX
20251023,-478500,5,-3000,-0.62,3583993,405513,386086,--19427,+285549,848137,806810,--41327,+599234,KRX
20251022,+481500,2,+2500,+0.52,3870276,764667,459691,--304976,--117797,1608388,967827,--640561,--256323,KRX
20251021,-479000,5,-6500,-1.34,4126858,778380,591201,--187179,+8232,1584210,1199972,--384238,+29076,KRX
20251020,+485500,2,+20000,+4.30,3333903,690905,495494,--195411,+9427,1447892,1034578,--413314,+29279,KRX
20251017,+465500,2,+13000,+2.87,4541583,817686,612848,--204838,--204313,1766422,1323829,--442593,--440427,KRX
20251016,+452500,2,+30000,+7.10,4247934,636248,635723,--525,+208113,1430670,1428504,--2166,+501231,KRX
20251015,+422500,2,+11000,+2.67,2688019,567164,358526,--208638,--86072,1365086,861689,--503397,--216467,KRX
20251014,-411500,5,-3500,-0.84,4101275,656279,533713,--122566,+523648,1560742,1273812,--286930,+1288902,KRX
20251013,-415000,5,-13000,-3.04,4356534,1021318,375104,--646214,--251788,2491612,915780,--1575832,--650432,KRX
20251010,+428000,2,+32500,+8.22,6835852,1329920,935494,--394426,--672082,3121012,2195612,--925400,--1630727,KRX
20251002,+395500,2,+35500,+9.86,7430763,849987,1127643,+277656,+241452,2145674,2851001,+705327,+605059,KRX
20251001,+360000,2,+12500,+3.60,2802437,314447,350651,+36204,+67952,880329,980597,+100268,+191998,KRX
20250930,-347500,5,-1500,-0.43,2238614,355423,323675,--31748,--145000,1017390,925660,--91730,--419949,KRX
20250929,+349000,2,+12500,+3.71,2275986,209057,322309,+113252,+169861,601328,929547,+328219,+492543,KRX
20250926,-336500,5,-20000,-5.61,3685324,395207,338598,--56609,--71490,1160641,996317,--164324,--205703,KRX
20250925,-356500,5,-1000,-0.28,2148215,307417,322298,+14881,+151029,866905,908284,+41379,+426935,KRX
20250924,-357500,5,-3500,-0.97,4165199,631156,495008,--136148,--214760,1775759,1390203,--385556,--605743,KRX
20250923,+361000,2,+10000,+2.85,3315336,407836,486448,+78612,+146646,1140385,1360572,+220187,+411534,KRX
20250922,-351000,5,-2000,-0.57,4377563,532535,464501,--68034,+58280,1512339,1320992,--191347,+166382,KRX
20250919,353000,3,0,0.00,4385543,805740,679426,--126314,--242802,2284751,1927022,--357729,--691094,KRX
20250918,+353000,2,+19500,+5.85,4526286,477935,594423,+116488,+9298,1364181,1697546,+333365,+13458,KRX
20250917,-333500,5,-14500,-4.17,4498866,487966,595156,+107190,--20054,1447900,1767807,+319907,--51494,KRX
20250916,+348000,2,+17000,+5.14,5841135,751296,878540,+127244,+129984,2168683,2540084,+371401,+381798,KRX
20250915,+331000,2,+2500,+0.76,4221256,559406,556666,--2740,--239106,1681673,1671276,--10397,--737808,KRX
20250912,+328500,2,+21500,+7.00,4242516,431968,668334,+236366,+135836,1323695,2051106,+727411,+403365,KRX
20250911,+307000,2,+3000,+0.99,5148088,570902,671432,+100530,--305156,1848270,2172316,+324046,--1022785,KRX
20250910,+304000,2,+16000,+5.56,5265553,369630,775316,+405686,+100791,1228425,2575256,+1346831,+276267,KRX
20250909,+288000,2,+11000,+3.97,4158342,211832,516727,+304895,+152847,743657,1814221,+1070564,+522470,KRX
20250908,+277000,2,+3500,+1.28,2018299,128640,280688,+152048,--87142,464551,1012645,+548094,--325576,KRX
20250905,+273500,2,+8000,+3.01,3103427,234116,473306,+239190,+312780,855313,1728983,+873670,+1150613,KRX
20250904,+265500,2,+3000,+1.14,2189959,243294,169704,--73590,+204,912295,635352,--276943,+2837,KRX
20250903,+262500,2,+2000,+0.77,2437896,269224,195430,--73794,--56833,1024847,745067,--279780,--214336,KRX
20250902,+260500,2,+4500,+1.76,1584710,140779,123818,--16961,+98588,541610,476166,--65444,+383936,KRX
20250901,-256000,5,-13000,-4.83,1837054,202372,86823,--115549,--49288,786612,337232,--449380,--201670,KRX
20250829,+269000,2,+500,+0.19,1892127,248347,182086,--66261,--204143,926222,678512,--247710,--769721,KRX
20250828,+268500,2,+8500,+3.27,3836024,239147,377029,+137882,+138906,905514,1427525,+522011,+526707,KRX
20250827,-260000,5,-1500,-0.57,2801594,308955,307931,--1024,--43771,1196083,1191387,--4696,--168739,KRX
20250826,+261500,2,+2000,+0.77,2050625,200061,242808,+42747,+11520,768748,932791,+164043,+43573,KRX
20250825,+259500,2,+8500,+3.39,3183709,162092,193319,+31227,--130522,626531,747001,+120470,--530953,KRX
20250822,+251000,2,+6000,+2.45,3064062,211516,373265,+161749,+416517,847241,1498664,+651423,+1685612,KRX
20250821,-245000,5,-10500,-4.11,6301130,790618,535850,--254768,--93752,3201960,2167771,--1034189,--400886,KRX
20250820,-255500,5,-7500,-2.85,3571545,504422,343406,--161016,--132928,1982875,1349572,--633303,--527244,KRX
20250819,-263000,5,-4500,-1.68,1709646,194677,166589,--28088,+13197,735667,629608,--106059,+48377,KRX
20250818,-267500,5,-9000,-3.25,1993220,265936,224651,--41285,--59098,990321,835885,--154436,--218039,KRX
20250814,-276500,5,-1500,-0.54,2101050,243992,261805,+17813,--154381,889661,953264,+63603,--558399,KRX
20250813,+278000,2,+9000,+3.35,3472694,301884,474078,+172194,+148956,1090017,1712019,+622002,+539038,KRX
20250812,+269000,2,+2000,+0.75,3008648,312880,336118,+23238,--117093,1153813,1236777,+82964,--447452,KRX
20250811,+267000,2,+10500,+4.09,2415473,130788,271119,+140331,+43618,493294,1023710,+530416,+158885,KRX
20250808,-256500,5,-5500,-2.10,2676174,205161,301874,+96713,+42080,788048,1159579,+371531,+161001,KRX
20250807,+262000,2,+3500,+1.35,2724438,228959,283592,+54633,+53283,887450,1097980,+210530,+205338,KRX
20250806,-258500,5,-5000,-1.90,1374559,106572,107922,+1350,--101308,412047,417239,+5192,--385170,KRX
20250805,+263500,2,+5500,+2.13,2118171,184706,287364,+102658,+110601,703327,1093689,+390362,+421656,KRX
20250804,258000,3,0,0.00,2281558,270920,262977,--7943,+140723,1055072,1023778,--31294,+537624,KRX
20250801,-258000,5,-15500,-5.67,3227394,379752,231086,--148666,--255286,1458282,889364,--568918,--958681,KRX
20250731,+273500,2,+10000,+3.80,3472644,332358,438978,+106620,--31820,1223817,1613580,+389763,--135387,KRX
20250730,+263500,2,+1000,+0.38,2482807,204752,343192,+138440,+107091,777860,1303010,+525150,+404596,KRX
20250729,+262500,2,+500,+0.19,2944177,260324,291673,+31349,--75559,998531,1119085,+120554,--288203,KRX
20250728,-262000,5,-4000,-1.50,2877357,219276,326184,+106908,+63794,838010,1246767,+408757,+250529,KRX
20250725,-266000,5,-3500,-1.30,2171063,202951,246065,+43114,--29680,754101,912329,+158228,--100218,KRX
20250724,+269500,2,+500,+0.19,3667144,360730,433524,+72794,+95636,1317599,1576045,+258446,+344000,KRX
20250723,+269000,2,+500,+0.19,3116279,408645,385803,--22842,+34233,1525014,1439460,--85554,+126019,KRX
20250722,-268500,5,-4000,-1.47,3139858,335953,278878,--57075,--96059,1247940,1036367,--211573,--354484,KRX
20250721,+272500,2,+3500,+1.30,2424891,220216,259200,+38984,+215273,810256,953167,+142911,+796688,KRX
20250718,-269000,5,-500,-0.19,5359504,697063,520774,--176289,+296393,2586674,1932897,--653777,+1055293,KRX
20250717,-269500,5,-26500,-8.95,9328322,1005476,532794,--472682,--475447,3661311,1952241,--1709070,--1718118,KRX
20250716,-296000,5,-2500,-0.84,3123297,275134,277899,+2765,+275187,931781,940829,+9048,+935217,KRX
20250715,-298500,5,-1500,-0.50,4196196,502442,230020,--272422,--303012,1709531,783362,--926169,--1028850,KRX
20250714,+300000,2,+5500,+1.87,2936976,268656,299246,+30590,+105141,899031,1001712,+102681,+353059,KRX
20250711,-294500,5,-2500,-0.84,3732533,401483,326932,--74551,--119048,1347330,1096952,--250378,--399113,KRX
20250710,+297000,2,+16000,+5.69,4556065,469154,513651,+44497,+178327,1608310,1757045,+148735,+625789,KRX
20250709,-281000,5,-1000,-0.35,2626484,310245,176415,--133830,--144287,1105188,628134,--477054,--514863,KRX
20250708,+282000,2,+11000,+4.06,3119395,315935,326392,+10457,+28963,1129106,1166915,+37809,+107138,KRX
20250707,+271000,2,+500,+0.18,2523564,284597,266091,--18506,--163618,1060604,991275,--69329,--603675,KRX
20250704,-270500,5,-8000,-2.87,3654933,242315,387427,+145112,+129065,885849,1420195,+534346,+475796,KRX
20250703,-278500,5,-500,-0.18,3642140,409130,425177,+16047,--105985,1462639,1521189,+58550,--381449,KRX
20250702,-279000,5,-6500,-2.28,4702056,387791,509823,+122032,+160006,1392827,1832826,+439999,+570614,KRX
20250701,-285500,5,-6500,-2.23,3687981,366031,328057,--37974,+233999,1264337,1133722,--130615,+805977,KRX
20250630,+292000,2,+8000,+2.82,4375298,594113,322140,--271973,--439614,2045277,1108685,--936592,--1525230,KRX
20250627,-284000,5,-9000,-3.07,5134863,386736,554377,+167641,+91504,1350140,1938778,+588638,+329277,KRX
20250626,+293000,2,+7000,+2.45,5894020,571754,647891,+76137,+214860,1946370,2205731,+259361,+741569,KRX
20250625,+286000,2,+7500,+2.69,5466598,750580,611857,--138723,--107350,2614449,2132241,--482208,--367291,KRX
20250624,+278500,2,+19000,+7.32,5436312,545465,514092,--31373,--80631,1962554,1847637,--114917,--304628,KRX
20250623,+259500,2,+2500,+0.97,3398736,238800,288058,+49258,--67175,934339,1124050,+189711,--268433,KRX
20250620,+257000,2,+11000,+4.47,3597877,320552,436985,+116433,+39126,1254163,1712307,+458144,+143887,KRX
20250619,-246000,5,-500,-0.20,2317796,163739,241046,+77307,+29931,665703,979960,+314257,+123105,KRX
20250618,-246500,5,-2500,-1.00,4081001,355128,402504,+47376,+128332,1436110,1627262,+191152,+511421,KRX
20250617,+249000,2,+1000,+0.40,5044669,519411,438455,--80956,--204724,2057899,1737630,--320269,--829041,KRX
20250616,+248000,2,+12500,+5.31,3760740,229200,352968,+123768,+144411,935336,1444108,+508772,+595379,KRX
20250613,235500,3,0,0.00,4100610,299319,278676,--20643,+67618,1261252,1174645,--86607,+294452,KRX
20250612,-235500,5,-4500,-1.88,4994238,567959,479698,--88261,--314993,2388430,2007371,--381059,--1330581,KRX
20250611,+240000,2,+9500,+4.12,4230421,306279,533011,+226732,+84953,1281059,2230581,+949522,+335046,KRX
20250610,+230500,2,+1500,+0.66,3718655,232432,374211,+141779,+126804,1009167,1623643,+614476,+549790,KRX
20250609,+229000,2,+4500,+2.00,3666084,318552,333527,+14975,--66952,1381809,1446495,+64686,--295701,KRX
20250605,+224500,2,+7000,+3.22,5768506,367964,449891,+81927,--222013,1627589,1987976,+360387,--1023651,KRX
20250604,+217500,2,+10000,+4.82,5108674,304025,607965,+303940,+267617,1387942,2771980,+1384038,+1208186,KRX
20250602,+207500,2,+3000,+1.47,1775752,150239,186562,+36323,+21457,725488,901340,+175852,+105501,KRX
20250530,-204500,5,-7500,-3.54,4826628,495340,510206,+14866,+23428,2413121,2483472,+70351,+116099,KRX
20250529,+212000,2,+4000,+1.92,3827689,355189,346627,--8562,+28086,1682853,1637105,--45748,+130614,KRX
20250528,+208000,2,+5500,+2.72,3161188,241826,205178,--36648,--64975,1163167,986805,--176362,--316193,KRX
20250527,-202500,5,-500,-0.25,1424916,93126,121453,+28327,+4866,461548,601379,+139831,+24414,KRX
20250526,+203000,2,+3000,+1.50,1459997,82429,105890,+23461,--58312,411190,526607,+115417,--293025,KRX
20250523,+200000,2,+3100,+1.57,1538701,102323,184096,+81773,+66581,511877,920319,+408442,+332599,KRX
20250522,-196900,5,-3600,-1.80,1988587,153407,168599,+15192,--30536,776819,852662,+75843,--151512,KRX
20250521,-200500,5,-1500,-0.74,1721760,128801,174529,+45728,+21466,639553,866908,+227355,+109018,KRX
20250520,+202000,2,+2600,+1.30,2820546,214770,239032,+24262,+72967,1055368,1173705,+118337,+363398,KRX
20250519,-199400,5,-5100,-2.49,2482673,157037,108332,--48705,--65752,788080,543019,--245061,--326692,KRX
20250516,+204500,2,+4000,+2.00,2419507,155616,172663,+17047,--71448,759443,841074,+81631,--347452,KRX
20250515,-200500,5,-5500,-2.67,3178957,228863,317358,+88495,--91276,1126758,1555841,+429083,--443112,KRX
20250514,+206000,2,+7500,+3.78,3333511,142488,322259,+179771,+71901,691644,1563839,+872195,+332766,KRX
20250513,+198500,2,+3500,+1.79,3385009,234522,342392,+107870,+39481,1176994,1716423,+539429,+188121,KRX
20250512,+195000,2,+4900,+2.58,1624884,75567,143956,+68389,+6846,388523,739831,+351308,+26937,KRX
20250509,-190100,5,-200,-0.11,2539822,109700,171243,+61543,+255632,579209,903580,+324371,+1325443,KRX
20250508,-190300,5,-500,-0.26,5125330,485661,291572,--194089,--301850,2521481,1520409,--1001072,--1568300,KRX
20250507,+190800,2,+4800,+2.58,3830097,278969,386730,+107761,--46042,1470070,2037298,+567228,--277379,KRX
20250502,+186000,2,+8500,+4.79,3886874,131806,285609,+153803,+199667,716673,1561280,+844607,+1102023,KRX
20250430,-177500,5,-3300,-1.83,2354473,211233,165369,--45864,--28707,1188149,930733,--257416,--161054,KRX
20250429,-180800,5,-1200,-0.66,1866386,137492,120335,--17157,--44929,760073,663711,--96362,--247825,KRX
20250428,-182000,5,-2400,-1.30,2455710,201615,229387,+27772,--131163,1109192,1260655,+151463,--715716,KRX
20250425,+184400,2,+6100,+3.42,3507810,134429,293364,+158935,+253933,733021,1600200,+867179,+1395439,KRX
20250424,-178300,5,-2700,-1.49,3162156,246694,151696,--94998,--124842,1376092,847832,--528260,--694157,KRX
20250423,+181000,2,+7200,+4.14,3857373,238849,268693,+29844,+89716,1326091,1491988,+165897,+509326,KRX
20250422,-173800,5,-2800,-1.59,2008388,147850,87978,--59872,--81042,848371,504942,--343429,--462659,KRX
20250421,+176600,2,+1600,+0.91,1877473,70133,91303,+21170,+65485,395815,515045,+119230,+374009,KRX
20250418,175000,3,0,0.00,1305152,109736,65421,--44315,+56382,630341,375562,--254779,+325285,KRX
20250417,+175000,2,+1000,+0.57,2989493,261244,160547,--100697,--96267,1504290,924226,--580064,--554438,KRX
20250416,-174000,5,-6600,-3.65,2933428,163376,158946,--4430,+17063,933757,908131,--25626,+93697,KRX
20250415,+180600,2,+400,+0.22,1915455,128295,106802,--21493,+95651,708914,589591,--119323,+527864,KRX
20250414,-180200,5,-600,-0.33,3466194,295733,178589,--117144,+39191,1635404,988217,--647187,+227243,KRX
20250411,-180800,5,-2400,-1.31,3223735,290965,134630,--156335,--198736,1626288,751858,--874430,--1098943,KRX
20250410,+183200,2,+18200,+11.03,7836984,536781,579182,+42401,+226999,2923508,3148021,+224513,+1348805,KRX
20250409,-165000,5,-4500,-2.65,8035679,504030,319432,--184598,--103483,3047271,1922979,--1124292,--647533,KRX
20250408,+169500,2,+4700,+2.85,4965171,444860,363745,--81115,+170631,2606305,2129546,--476759,+1021130,KRX
20250407,-164800,5,-17400,-9.55,7879050,722660,470914,--251746,+356362,4294030,2796141,--1497889,+1813518,KRX
20250404,-182200,5,-12400,-6.37,9182017,921501,313393,--608108,--411298,5022374,1710967,--3311407,--2283565,KRX
20250403,-194600,5,-3300,-1.67,4177747,452979,256169,--196810,--71609,2359700,1331858,--1027842,--396298,KRX
20250402,+197900,2,+900,+0.46,2764223,266381,141180,--125201,--133690,1342478,710934,--631544,--674882,KRX
20250401,+197000,2,+6300,+3.30,2317253,162414,170903,+8489,+216056,831847,875185,+43338,+1122531,KRX
20250331,-190700,5,-8600,-4.32,4561715,431320,223753,--207567,--228604,2245850,1166657,--1079193,--1186051,KRX
20250328,-199300,5,-7700,-3.72,2673553,186229,207266,+21037,--49938,930156,1037014,+106858,--233635,KRX
20250327,-207000,5,-7000,-3.27,2287220,114322,185297,+70975,--2326,548823,889316,+340493,--2864,KRX
20250326,+214000,2,+6000,+2.88,2058540,103486,176787,+73301,+107088,484672,828029,+343357,+504547,KRX
20250325,-208000,5,-3500,-1.65,2262656,184785,150998,--33787,--18582,878247,717057,--161190,--89638,KRX
20250324,-211500,5,-4000,-1.86,1611040,170268,155063,--15205,--238906,802743,731191,--71552,--1105616,KRX
20250321,+215500,2,+5500,+2.62,5731880,439541,663242,+223701,+77898,2040328,3074392,+1034064,+335254,KRX
20250320,+210000,2,+4500,+2.19,2779557,97071,242874,+145803,+83776,465584,1164394,+698810,+397729,KRX
20250319,+205500,2,+2500,+1.23,3102000,222997,285024,+62027,+93370,1087126,1388207,+301081,+458988,KRX
20250318,-203000,5,-3000,-1.46,2696191,202936,171593,--31343,+1734,996362,838455,--157907,+2806,KRX
20250317,+206000,2,+1500,+0.73,2584679,173233,140156,--33077,--180385,839771,679058,--160713,--884907,KRX
20250314,+204500,2,+4800,+2.40,3397462,143778,291086,+147308,+251707,709230,1433424,+724194,+1246849,KRX
20250313,+199700,2,+800,+0.40,3883033,349727,245328,--104399,--214179,1751299,1228644,--522655,--1084440,KRX
20250312,+198900,2,+11100,+5.91,4064278,161657,271437,+109780,+75418,826314,1388099,+561785,+377050,KRX
20250311,-187800,5,-100,-0.05,3521800,172068,206430,+34362,+146194,933927,1118662,+184735,+778082,KRX
20250310,-187900,5,-4500,-2.34,2441476,239373,127541,--111832,--110633,1269566,676219,--593347,--585137,KRX
20250307,192400,3,0,0.00,2700590,216498,215299,--1199,--64341,1136806,1128596,--8210,--336722,KRX
20250306,-192400,5,-700,-0.36,2540131,180452,243594,+63142,--15252,939594,1268106,+328512,--77401,KRX
20250305,+193100,2,+7000,+3.76,4162368,198793,277187,+78394,+180375,1045148,1451061,+405913,+956591,KRX
20250304,-186100,5,-4100,-2.16,5424556,566199,464218,--101981,+36079,3051911,2501233,--550678,+175179,KRX
20250228,-190200,5,-9000,-4.52,5533027,471605,333545,--138060,--83997,2478137,1752280,--725857,--460720,KRX
20250227,-199200,5,-3800,-1.87,3993419,336402,282339,--54063,--121273,1674922,1409785,--265137,--592541,KRX
20250226,+203000,2,+2500,+1.25,3849749,355230,422440,+67210,+146959,1753529,2080933,+327404,+726696,KRX
20250225,-200500,5,-4500,-2.20,3651613,281955,202206,--79749,--82342,1407800,1008508,--399292,--410916,KRX
20250224,-205000,5,-4500,-2.15,3087127,218847,221440,+2593,--15267,1080351,1091975,+11624,--73839,KRX
20250221,-209500,5,-2500,-1.18,2601151,185611,203471,+17860,--14732,889257,974720,+85463,--66788,KRX
20250220,-212000,5,-6500,-2.97,3080242,208872,241464,+32592,--87994,970145,1122396,+152251,--400981,KRX
20250219,+218500,2,+8500,+4.05,3537720,193176,313762,+120586,+166878,887846,1441078,+553232,+774221,KRX
20250218,-210000,5,-2000,-0.94,1937894,170834,124542,--46292,--137590,814612,593623,--220989,--648000,KRX
20250217,+212000,2,+2000,+0.95,2497922,167730,259028,+91298,+21459,786764,1213775,+427011,+93105,KRX
20250214,+210000,2,+1500,+0.72,2598656,164063,233902,+69839,--23425,784072,1117978,+333906,--119679,KRX
20250213,+208500,2,+9600,+4.83,3574410,225087,318351,+93264,--21417,1099271,1552856,+453585,--123886,KRX
20250212,-198900,5,-800,-0.40,2884072,191854,306535,+114681,+140432,968193,1545664,+577471,+706937,KRX
20250211,+199700,2,+1600,+0.81,2488710,200901,175150,--25751,--49271,1006985,877519,--129466,--246282,KRX
20250210,-198100,5,-4900,-2.41,2779740,169353,192873,+23520,+24968,849723,966539,+116816,+124005,KRX
20250207,-203000,5,-500,-0.25,2206293,142222,140774,--1448,--187350,700198,693009,--7189,--918361,KRX
20250206,+203500,2,+4700,+2.36,4032622,233946,419848,+185902,+19766,1152887,2064059,+911172,+67195,KRX
20250205,+198800,2,+7700,+4.03,4245118,150959,317095,+166136,+256203,764729,1608706,+843977,+1311997,KRX
20250204,+191100,2,+200,+0.10,5851146,460817,370750,--90067,--47008,2396845,1928825,--468020,--241295,KRX
20250203,-190900,5,-8300,-4.17,7926444,574677,531618,--43059,--80609,3021150,2794425,--226725,--414959,KRX
20250131,-199200,5,-21800,-9.86,11871995,756910,794460,+37550,+22316,3787247,3975481,+188234,+121612,KRX
20250124,+221000,2,+1500,+0.68,3771572,236039,251273,+15234,+54158,1063619,1130241,+66622,+248337,KRX
20250123,-219500,5,-6000,-2.66,5994781,421492,382568,--38924,--318564,1919390,1737675,--181715,--1428673,KRX
20250122,+225500,2,+7500,+3.44,5901740,370574,650214,+279640,+206256,1655659,2902617,+1246958,+909433,KRX
20250121,+218000,2,+6000,+2.83,3323212,145959,219343,+73384,+132796,671025,1008550,+337525,+615381,KRX
20250120,-212000,5,-2500,-1.17,3036234,209101,149689,--59412,--102047,979502,701646,--277856,--477428,KRX
20250117,+214500,2,+4500,+2.14,5041329,330364,372999,+42635,--164197,1544434,1744006,+199572,--788950,KRX
20250116,+210000,2,+11800,+5.95,6029645,286126,492958,+206832,+277332,1369926,2358448,+988522,+1342840,KRX
20250115,+198200,2,+3200,+1.64,3620460,231689,161189,--70500,+1890,1163902,809584,--354318,+17598,KRX
20250114,+195000,2,+700,+0.36,3019149,207337,134947,--72390,--129618,1063705,691789,--371916,--663081,KRX
20250113,-194300,5,-9200,-4.52,4767294,228484,285712,+57228,+71707,1160344,1451509,+291165,+360263,KRX
20250110,-203500,5,-1500,-0.73,6149475,387557,373078,--14479,--102798,1871040,1801942,--69098,--503651,KRX
20250109,+205000,2,+10300,+5.29,6692254,338486,426805,+88319,+122190,1664958,2099511,+434553,+609895,KRX
20250108,-194700,5,-300,-0.15,4275792,235915,202044,--33871,+51163,1214161,1038819,--175342,+244196,KRX
20250107,-195000,5,-4800,-2.40,6075445,356530,271496,--85034,--379597,1787685,1368147,--419538,--1926305,KRX
20250106,+199800,2,+17900,+9.84,7320382,297215,591778,+294563,+114123,1547751,3054518,+1506767,+500359,KRX
20250103,+181900,2,+10700,+6.25,4233446,66847,247287,+180440,+268555,371102,1377510,+1006408,+1522852,KRX
20250102,-171200,5,-2700,-1.55,2102175,178583,90468,--88115,--85545,1045917,529473,--516444,--501517,KRX
20241230,-173900,5,-600,-0.34,1434202,87448,84878,--2570,--24112,501264,486337,--14927,--138939,KRX
20241227,+174500,2,+4400,+2.59,2643523,54757,76299,+21542,--80980,314867,438879,+124012,--476319,KRX
20241226,+170100,2,+1600,+0.95,2022727,30925,133447,+102522,+122037,181415,781746,+600331,+715423,KRX
20241224,-168500,5,-1100,-0.65,1844961,88693,69178,--19515,+9660,522921,407829,--115092,+55997,KRX
20241223,+169600,2,+1100,+0.65,3287596,205653,176478,--29175,+85477,1203081,1031992,--171089,+505522,KRX
20241220,-168500,5,-6500,-3.71,4487308,259940,145288,--114652,--45092,1536133,859522,--676611,--277739,KRX
20241219,-175000,5,-8500,-4.63,4833862,226770,157210,--69560,--18988,1295728,896856,--398872,--121394,KRX
20241218,-183500,5,-500,-0.27,2363872,149842,99270,--50572,--60887,819628,542150,--277478,--333455,KRX
20241217,+184000,2,+4700,+2.62,3188910,171250,181565,+10315,+72259,931796,987773,+55977,+403493,KRX
20241216,+179300,2,+3800,+2.17,3278975,218960,157016,--61944,+32800,1224699,877183,--347516,+195064,KRX
20241213,-175500,5,-600,-0.34,3677980,172966,78222,--94744,--72329,989435,446855,--542580,--413056,KRX
20241212,+176100,2,+4300,+2.50,4550292,282827,260412,--22415,--9432,1609707,1480183,--129524,--49886,KRX
20241211,+171800,2,+1400,+0.82,2281189,129114,116131,--12983,+83528,762737,683099,--79638,+492207,KRX
20241210,+170400,2,+1500,+0.89,3159112,226942,130431,--96511,--127862,1341549,769704,--571845,--757407,KRX
20241209,+168900,2,+1800,+1.08,5305672,249237,280588,+31351,+69227,1483527,1669089,+185562,+410000,KRX
20241206,-167100,5,-5900,-3.41,4434259,166813,128937,--37876,--87551,991102,766664,--224438,--510547,KRX
20241205,+173000,2,+5000,+2.98,4671438,190111,239786,+49675,+12904,1098605,1384714,+286109,+68331,KRX
20241204,+168000,2,+3100,+1.88,5701792,339954,376725,+36771,+47475,2060307,2278085,+217778,+286642,KRX
20241203,+164900,2,+6100,+3.84,4180365,215879,205175,--10704,--21053,1335500,1266636,--68864,--132424,KRX
20241202,-158800,5,-1100,-0.69,3558868,189189,199538,+10349,+56080,1182330,1245890,+63560,+350429,KRX
20241129,-159900,5,-1200,-0.74,4682788,297023,251292,--45731,--1955,1858919,1572050,--286869,--18221,KRX
20241128,-161100,5,-7200,-4.28,5691298,274982,231206,--43776,--77396,1689014,1420366,--268648,--467356,KRX
20241127,-168300,5,-8800,-4.97,4756820,211852,245472,+33620,--12451,1243021,1441729,+198708,--61537,KRX
20241126,+177100,2,+100,+0.06,1996128,115136,161207,+46071,+174968,651412,911657,+260245,+986480,KRX
20241125,+177000,2,+300,+0.17,4393882,376070,247173,--128897,--208204,2121898,1395663,--726235,--1183637,KRX
20241122,+176700,2,+7900,+4.68,3919973,122567,201874,+79307,+18407,696052,1153454,+457402,+99692,KRX
20241121,-168800,5,-1800,-1.06,3821502,142528,203428,+60900,+103968,838644,1196354,+357710,+606915,KRX
20241120,170600,3,0,0.00,3689296,172393,129325,--43068,+25179,1000003,750798,--249205,+151698,KRX
20241119,-170600,5,-1100,-0.64,4075013,235136,166889,--68247,--513,1380537,979634,--400903,--12654,KRX
20241118,-171700,5,-6500,-3.65,3885644,220739,153005,--67734,--39532,1275078,886829,--388249,--232226,KRX
20241115,+178200,2,+5200,+3.01,4330750,220134,191932,--28202,--16155,1240381,1084358,--156023,--94089,KRX
20241114,-173000,5,-9900,-5.41,6309368,288723,276676,--12047,--9027,1644650,1582716,--61934,--46715,KRX
20241113,-182900,5,-2900,-1.56,3172827,179614,176594,--3020,+2971,968962,953743,--15219,+19868,KRX
20241112,-185800,5,-6800,-3.53,3920254,223614,217623,--5991,+22096,1193682,1158595,--35087,+108204,KRX
20241111,-192600,5,-7900,-3.94,2636191,142955,114868,--28087,--126275,732917,589626,--143291,--630227,KRX
20241108,+200500,2,+3100,+1.57,3031573,94659,192847,+98188,+112065,471851,958787,+486936,+558350,KRX
20241107,+197400,2,+1600,+0.82,2976546,134966,121089,--13877,--85816,686810,615396,--71414,--438148,KRX
20241106,+195800,2,+2600,+1.35,3460361,94140,166079,+71939,+108821,480295,847029,+366734,+554710,KRX
20241105,-193200,5,-800,-0.41,3560310,149431,112549,--36882,--122640,766283,578307,--187976,--637934,KRX
20241104,+194000,2,+11800,+6.48,3569575,106590,192348,+85758,+56217,559556,1009514,+449958,+288169,KRX
20241101,-182200,5,-4100,-2.20,3478519,257356,286897,+29541,+84126,1408770,1570559,+161789,+454315,KRX
20241031,-186300,5,-8700,-4.46,4573282,303712,249127,--54585,--121852,1618458,1325932,--292526,--637712,KRX
20241030,+195000,2,+4700,+2.47,3580400,126855,194122,+67267,+77983,655838,1001024,+345186,+401120,KRX
20241029,-190300,5,-5700,-2.91,4067991,213879,203163,--10716,+106649,1120116,1064182,--55934,+537615,KRX
20241028,-196000,5,-5000,-2.49,4114186,267273,149908,--117365,--143168,1346869,753320,--593549,--717830,KRX
20241025,+201000,2,+2800,+1.41,5530362,329844,355647,+25803,--102614,1628779,1753060,+124281,--519877,KRX
20241024,+198200,2,+2200,+1.12,6344515,181401,309818,+128417,--4517,922561,1566719,+644158,--40915,KRX
20241023,+196000,2,+8200,+4.37,4366079,112429,245363,+132934,+77052,580198,1265271,+685073,+394900,KRX
20241022,-187800,5,-3100,-1.62,3466963,101629,157511,+55882,+29670,532860,823033,+290173,+152992,KRX
20241021,+190900,2,+3600,+1.92,2428544,72555,98767,+26212,+274441,380531,517712,+137181,+1448190,KRX
20241018,-187300,5,-8700,-4.44,5509895,414924,166695,--248229,--223055,2182547,871538,--1311009,--1173707,KRX
20241017,+196000,2,+7300,+3.87,3996946,204651,179477,--25174,+42592,1070043,932741,--137302,+227131,KRX
20241016,-188700,5,-4200,-2.18,4787317,269199,201433,--67766,--182565,1435217,1070784,--364433,--962020,KRX
20241015,+192900,2,+5400,+2.88,4060365,103200,217999,+114799,+58629,537110,1134697,+597587,+302712,KRX
20241014,+187500,2,+1500,+0.81,3309274,110056,166226,+56170,+151455,583514,878389,+294875,+805515,KRX
20241011,-186000,5,-700,-0.37,3475666,199792,104507,--95285,--106510,1066535,555895,--510640,--570969,KRX
20241010,+186700,2,+8700,+4.89,6325045,252351,263576,+11225,+113018,1358009,1418338,+60329,+629753,KRX
20241008,-178000,5,-6900,-3.73,3988028,260344,158551,--101793,--104633,1445415,875991,--569424,--582066,KRX
20241007,+184900,2,+10800,+6.20,3904925,153034,155874,+2840,--5758,846962,859604,+12642,--35118,KRX
20241004,+174100,2,+5000,+2.96,3633358,218914,227512,+8598,+39267,1259924,1307684,+47760,+223799,KRX
20241002,-169100,5,-5500,-3.15,4720638,279365,248696,--30669,+6412,1627930,1451891,--176039,+35897,KRX
20240930,-174600,5,-9200,-5.01,4859468,342253,305172,--37081,--132317,1926821,1714885,--211936,--721731,KRX
20240927,+183800,2,+2900,+1.60,6886272,249087,344323,+95236,--372928,1339617,1849412,+509795,--2102650,KRX
20240926,+180900,2,+15600,+9.44,9519633,302706,770870,+468164,+398934,1688942,4301387,+2612445,+2199744,KRX
20240925,+165300,2,+1800,+1.10,4665075,163561,232791,+69230,+89950,979877,1392578,+412701,+543345,KRX
20240924,+163500,2,+1500,+0.93,3442530,173990,153270,--20720,--114680,1075366,944722,--130644,--715051,KRX
20240923,+162000,2,+4900,+3.12,4497592,131664,225624,+93960,--29121,821541,1405948,+584407,--191105,KRX
20240920,+157100,2,+4300,+2.81,7155655,274713,397794,+123081,+262481,1742110,2517622,+775512,+1718252,KRX
20240919,-152800,5,-10000,-6.14,15001257,696683,557283,--139400,+118201,4635737,3692997,--942740,+633831,KRX
20240913,-162800,5,-6000,-3.55,5246578,359852,102251,--257601,--315875,2201423,624852,--1576571,--1924146,KRX
20240912,+168800,2,+11600,+7.38,8628996,507022,565296,+58274,+38242,3015872,3363447,+347575,+220614,KRX
20240911,+157200,2,+1700,+1.09,3203928,95219,115251,+20032,+32673,608279,735240,+126961,+202080,KRX
20240910,-155500,5,-1500,-0.96,4718523,170477,157836,--12641,+92026,1081393,1006274,--75119,+606295,KRX
20240909,+157000,2,+600,+0.38,4484162,231969,127302,--104667,--44896,1506664,825250,--681414,--298885,KRX
20240906,-156400,5,-3000,-1.88,3459914,127623,67852,--59771,--189432,816085,433556,--382529,--1192443,KRX
20240905,+159400,2,+4600,+2.97,5349484,117973,247634,+129661,+322990,742839,1552753,+809914,+2051395,KRX
20240904,-154800,5,-13500,-8.02,10020391,628029,434700,--193329,--120277,4030919,2789438,--1241481,--813539,KRX
20240903,-168300,5,-5700,-3.28,3286574,189973,116921,--73052,--32626,1112805,684863,--427942,--195801,KRX
20240902,+174000,2,+300,+0.17,3507670,168321,127895,--40426,--27585,974405,742264,--232141,--154703,KRX
20240830,+173700,2,+4000,+2.36,4498221,168151,155310,--12841,+160205,973987,896549,--77438,+948352,KRX
20240829,-169700,5,-9600,-5.35,8284585,528585,355539,--173046,--245318,3127417,2101627,--1025790,--1436939,KRX
20240828,+179300,2,+4300,+2.46,5590086,181277,253549,+72272,+13957,1024273,1435422,+411149,+81167,KRX
20240827,-175000,5,-4600,-2.56,5796566,186487,244802,+58315,+70752,1060654,1390636,+329982,+397125,KRX
20240826,-179600,5,-5900,-3.18,4913204,205458,193021,--12437,--117,1131892,1064749,--67143,--229,KRX
20240823,-185500,5,-5600,-2.93,4371332,215003,202683,--12320,--85353,1151802,1084888,--66914,--448932,KRX
20240822,-191100,5,-1500,-0.78,3166217,128300,201333,+73033,+203912,670996,1053014,+382018,+1062327,KRX
20240821,-192600,5,-7100,-3.56,4508983,275376,144497,--130879,--324845,1429663,749354,--680309,--1648206,KRX
20240820,+199700,2,+5800,+2.99,4258190,128063,322029,+193966,+288129,639097,1606994,+967897,+1449616,KRX
20240819,-193900,5,-5800,-2.90,3977026,239454,145291,--94163,--264218,1225584,743865,--481719,--1349098,KRX
20240816,+199700,2,+13000,+6.96,6959688,351888,521943,+170055,+253767,1778158,2645537,+867379,+1315306,KRX
20240814,+186700,2,+4800,+2.64,4420516,277997,194285,--83712,--90956,1488867,1040940,--447927,--486943,KRX
20240813,+181900,2,+4900,+2.77,4234287,216907,224151,+7244,+16959,1201576,1240592,+39016,+94148,KRX
20240812,+177000,2,+5500,+3.21,4413736,212100,202385,--9715,--83719,1197127,1141995,--55132,--488694,KRX
20240809,+171500,2,+8100,+4.96,5141277,117580,191584,+74004,+42535,687861,1121423,+433562,+241795,KRX
20240808,-163400,5,-5900,-3.48,5370361,215964,247433,+31469,+201092,1318374,1510141,+191767,+1226501,KRX
20240807,+169300,2,+5600,+3.42,9732037,514560,344937,--169623,+104683,3120675,2085941,--1034734,+635822,KRX
20240806,+163700,2,+7600,+4.87,10717321,721150,446844,--274306,--296555,4387615,2717059,--1670556,--1819994,KRX
20240805,-156100,5,-17100,-9.87,12358821,403872,426121,+22249,+215411,2512828,2662266,+149438,+1219782,KRX
20240802,-173200,5,-20100,-10.40,13050139,747143,553981,--193162,--121153,4220764,3150420,--1070344,--708336,KRX
20240801,-193300,5,-1300,-0.67,6457167,350820,278811,--72009,--31135,1777781,1415773,--362008,--148703,KRX
20240731,+194600,2,+5700,+3.02,6439929,370850,329976,--40874,+57869,1940691,1727386,--213305,+310771,KRX
20240730,-188900,5,-6700,-3.43,5165131,269355,170612,--98743,--138286,1428611,904535,--524076,--726983,KRX
20240729,+195600,2,+3800,+1.98,4017366,187303,226846,+39543,+42243,962985,1165892,+202907,+220888,KRX
20240726,+191800,2,+1800,+0.95,8769107,349567,346867,--2700,+332983,1837172,1819191,--17981,+1709501,KRX
20240725,-190000,5,-18500,-8.87,12503762,677661,341978,--335683,--320682,3505427,1777945,--1727482,--1652933,KRX
20240724,+208500,2,+3500,+1.71,4838734,229561,214560,--15001,+48694,1110945,1036396,--74549,+232804,KRX
20240723,205000,3,0,0.00,5976519,277239,213544,--63695,--172808,1350214,1042861,--307353,--839666,KRX
20240722,-205000,5,-4500,-2.15,6662441,268345,377458,+109113,+53585,1311532,1843845,+532313,+266644,KRX
20240719,-209500,5,-3000,-1.41,4519170,194694,250222,+55528,+151558,926887,1192556,+265669,+722644,KRX
20240718,-212500,5,-8000,-3.63,8847665,716956,620926,--96030,+144839,3388730,2931755,--456975,+611167,KRX
20240717,-220500,5,-12500,-5.36,6051510,499039,258170,--240869,--254108,2222529,1154387,--1068142,--1122051,KRX
20240716,+233000,2,+3000,+1.30,3982189,296404,309643,+13239,+6548,1287109,1341018,+53909,+23304,KRX
20240715,-230000,5,-3000,-1.29,3301380,220372,227063,+6691,+130012,949767,980372,+30605,+563042,KRX
20240712,-233000,5,-8000,-3.32,4972976,437883,314562,--123321,--260254,1881003,1348566,--532437,--1087831,KRX
20240711,+241000,2,+2000,+0.84,5336097,323118,460051,+136933,+172954,1327535,1882929,+555394,+709069,KRX
20240710,+239000,2,+500,+0.21,2579373,220500,184479,--36021,--237181,930432,776757,--153675,--998205,KRX
20240709,+238500,2,+5000,+2.14,4810781,157801,358961,+201160,+215539,665592,1510122,+844530,+905991,KRX
20240708,-233500,5,-2500,-1.06,2309023,178676,164297,--14379,--75746,763566,702105,--61461,--316937,KRX
20240705,+236000,2,+6000,+2.61,4041293,278323,339690,+61367,--54899,1197762,1453238,+255476,--242856,KRX
20240704,-230000,5,-6000,-2.54,7599882,356013,472279,+116266,+28151,1543366,2041698,+498332,+120276,KRX
20240703,+236000,2,+4000,+1.72,3315677,173098,261213,+88115,+65262,750374,1128430,+378056,+279393,KRX
20240702,-232000,5,-3500,-1.49,2343947,163900,186753,+22853,+13609,701573,800236,+98663,+60377,KRX
20240701,-235500,5,-1000,-0.42,1709955,113579,122823,+9244,--56717,484929,523215,+38286,--241282,KRX
20240628,236500,3,0,0.00,2368287,177784,243745,+65961,+156850,755023,1034591,+279568,+671781,KRX
20240627,-236500,5,-500,-0.21,3763005,322764,231875,--90889,--267350,1383782,991569,--392213,--1141193,KRX
20240626,+237000,2,+12000,+5.33,5166862,274702,451163,+176461,--25992,1176753,1925733,+748980,--161933,KRX
20240625,+225000,2,+2000,+0.90,5730999,212954,415407,+202453,+269595,966428,1877341,+910913,+1207514,KRX
20240624,-223000,5,-11000,-4.70,5080726,393223,326081,--67142,--46034,1755674,1459073,--296601,--205415,KRX
20240621,-234000,5,-3500,-1.47,3848394,305222,284114,--21108,--102753,1313005,1221819,--91186,--434848,KRX
20240620,+237500,2,+4000,+1.71,2927358,177451,259096,+81645,+265493,753191,1096853,+343662,+1119250,KRX
20240619,-233500,5,-1000,-0.43,3758652,352582,168734,--183848,--178556,1491578,715990,--775588,--753923,KRX
20240618,+234500,2,+11500,+5.16,3136231,180892,175600,--5292,+33290,781791,760126,--21665,+150792,KRX
20240617,+223000,2,+2000,+0.90,2198340,205151,166569,--38582,+38610,916027,743570,--172457,+175644,KRX
20240614,-221000,5,-1000,-0.45,3311223,341956,264764,--77192,--256962,1548236,1200135,--348101,--1148290,KRX
20240613,+222000,2,+7000,+3.26,5777279,474857,654627,+179770,+112589,2127346,2927535,+800189,+485863,KRX
20240612,+215000,2,+2500,+1.18,2151331,144193,211374,+67181,+24511,674994,989320,+314326,+113878,KRX
20240611,+212500,2,+4500,+2.16,3070163,194726,237396,+42670,+5681,925569,1126017,+200448,+23433,KRX
20240610,+208000,2,+500,+0.24,2448961,195477,232466,+36989,--153021,941914,1118929,+177015,--755892,KRX
20240607,+207500,2,+13800,+7.12,4805326,201528,391538,+190010,+192316,992490,1925397,+932907,+946850,KRX
20240605,+193700,2,+400,+0.21,2709631,146148,143842,--2306,--18853,762243,748300,--13943,--98430,KRX
20240604,-193300,5,-900,-0.46,1996780,114464,131011,+16547,--4821,589163,673650,+84487,--26516,KRX
20240603,+194200,2,+5000,+2.64,2982443,131796,153164,+21368,+130231,688020,799023,+111003,+685807,KRX
20240531,-189200,5,-6500,-3.32,5958829,578212,469349,--108863,--106798,3047452,2472648,--574804,--563979,KRX
20240530,-195700,5,-6800,-3.36,2402236,147061,144996,--2065,--2670,741967,731142,--10825,--15374,KRX
20240529,202500,3,0,0.00,3073139,232937,233542,+605,--7765,1144134,1148683,+4549,--36525,KRX
20240528,+202500,2,+1000,+0.50,2084945,130252,138622,+8370,--288465,643557,684631,+41074,--1405125,KRX
20240527,+201500,2,+2900,+1.46,4774882,186432,483267,+296835,+340625,909491,2355690,+1446199,+1665759,KRX
20240524,-198600,5,-1400,-0.70,3793872,217428,173638,--43790,--99814,1088445,868885,--219560,--495219,KRX
20240523,+200000,2,+2300,+1.16,4681849,217136,273160,+56024,+19292,1079424,1355083,+275659,+90090,KRX
20240522,+197700,2,+5700,+2.97,3949439,162893,199625,+36732,+14640,834625,1020194,+185569,+71349,KRX
20240521,+192000,2,+1900,+1.00,2468109,140510,162602,+22092,+103637,730929,845149,+114220,+543422,KRX
20240520,+190100,2,+200,+0.11,3592128,150139,68594,--81545,+11440,788775,359573,--429202,+56554,KRX
20240517,-189900,5,-3100,-1.61,2841394,179475,86490,--92985,--199153,937503,451747,--485756,--1034722,KRX
20240516,+193000,2,+7700,+4.16,5083178,211496,317664,+106168,+82310,1097806,1646772,+548966,+420429,KRX
20240514,+185300,2,+1500,+0.82,2763069,132603,156461,+23858,--18282,720689,849226,+128537,--101039,KRX
20240513,+183800,2,+3900,+2.17,3230023,107398,149538,+42140,--19343,589557,819133,+229576,--113777,KRX
20240510,+179900,2,+4500,+2.57,2813668,91002,152485,+61483,+75330,509034,852387,+343353,+423516,KRX
20240509,-175400,5,-2600,-1.46,2861600,171019,157172,--13847,--47990,968755,888592,--80163,--272208,KRX
20240508,-178000,5,-1600,-0.89,2304744,84812,118955,+34143,--83179,477135,669180,+192045,--458557,KRX
20240507,+179600,2,+6400,+3.70,4349589,151420,268742,+117322,+131014,841254,1491856,+650602,+729492,KRX
20240503,-173200,5,-400,-0.23,2336256,97204,83512,--13692,+14221,555408,476518,--78890,+78436,KRX
20240502,-173600,5,-600,-0.34,3168250,202850,174937,--27913,+32982,1173937,1016611,--157326,+190755,KRX
20240430,-174200,5,-1700,-0.97,3655060,196287,135392,--60895,+105360,1122480,774399,--348081,+588492,KRX
20240429,-175900,5,-1900,-1.07,2892809,243031,76776,--166255,--406747,1369980,433407,--936573,--2296615,KRX
20240426,+177800,2,+7200,+4.22,5471765,181137,421629,+240492,+498555,1024862,2384904,+1360042,+2853235,KRX
20240425,-170600,5,-9200,-5.12,5332149,364628,106565,--258063,--267610,2107894,614701,--1493193,--1546328,KRX
20240424,+179800,2,+8800,+5.15,4254632,178523,188070,+9547,+20903,996562,1049697,+53135,+120294,KRX
20240423,-171000,5,-600,-0.35,3975371,178498,167142,--11356,+36390,1039599,972440,--67159,+218051,KRX
20240422,-171600,5,-1700,-0.98,5882906,282118,234372,--47746,+164549,1669157,1383947,--285210,+943422,KRX
20240419,-173300,5,-9000,-4.94,7545976,447551,235256,--212295,--218343,2583530,1354898,--1228632,--1261489,KRX
20240418,+182300,2,+3600,+2.01,4170243,234926,240974,+6048,--10305,1307834,1340691,+32857,--56155,KRX
20240417,-178700,5,-400,-0.22,4340591,204953,221306,+16353,+161677,1138442,1227454,+89012,+893475,KRX
20240416,-179100,5,-9100,-4.84,4956035,275677,130353,--145324,--111545,1527516,723053,--804463,--622297,KRX
20240415,+188200,2,+800,+0.43,2672047,121325,87546,--33779,--8925,652457,470291,--182166,--49461,KRX
20240412,-187400,5,-1000,-0.53,3097301,158259,133405,--24854,--141178,839062,706357,--132705,--757793,KRX
20240411,+188400,2,+5500,+3.01,4098231,240762,357086,+116324,+120040,1294998,1920086,+625088,+645774,KRX
20240409,+182900,2,+1700,+0.94,2302751,93648,89932,--3716,--17736,511329,490643,--20686,--97291,KRX
20240408,-181200,5,-1600,-0.88,3278855,178426,192446,+14020,+20176,981805,1058410,+76605,+110243,KRX
20240405,-182800,5,-5200,-2.77,4043133,213333,207177,--6156,--148318,1160123,1126485,--33638,--796002,KRX
20240404,+188000,2,+8800,+4.91,5344102,180244,322406,+142162,+269521,965959,1728323,+762364,+1468759,KRX
20240403,-179200,5,-7100,-3.81,5416518,336907,209548,--127359,--34795,1867457,1161062,--706395,--211030,KRX
20240402,+186300,2,+800,+0.43,4207759,243120,150556,--92564,--12374,1300639,805274,--495365,--64139,KRX
20240401,+185500,2,+2500,+1.37,2723474,155057,74867,--80190,--121838,831695,400469,--431226,--657892,KRX
20240329,+183000,2,+4800,+2.69,3035080,76332,117980,+41648,+131844,422102,648768,+226666,+729180,KRX
20240328,-178200,5,-3000,-1.66,3424716,189540,99344,--90196,--153179,1055750,553236,--502514,--845259,KRX
20240327,+181200,2,+4600,+2.60,5774536,204225,267208,+62983,--80681,1130705,1473450,+342745,--472405,KRX
20240326,+176600,2,+7200,+4.25,6549669,220175,363839,+143664,+155739,1247824,2062974,+815150,+890539,KRX
20240325,-169400,5,-400,-0.24,3434516,147650,135575,--12075,--55736,869060,793671,--75389,--329407,KRX
20240322,-169800,5,-200,-0.12,5400916,199160,242821,+43661,--355202,1167351,1421369,+254018,--2136632,KRX
20240321,+170000,2,+13500,+8.63,9205769,193568,592431,+398863,+371426,1156533,3547183,+2390650,+2214832,KRX
20240320,-156500,5,-3700,-2.31,5692523,217881,245318,+27437,+120302,1387268,1563086,+175818,+758841,KRX
20240319,-160200,5,-4100,-2.50,4159293,220512,127647,--92865,--27978,1382712,799689,--583023,--184265,KRX
20240318,+164300,2,+3100,+1.92,2696598,147648,82761,--64887,--15398,907357,508599,--398758,--88600,KRX
20240315,-161200,5,-700,-0.43,4099531,358128,308639,--49489,--56311,2229870,1919712,--310158,--351249,KRX
20240314,-161900,5,-1700,-1.04,3655060,247479,254301,+6822,--10566,1526769,1567860,+41091,--67782,KRX
20240313,-163600,5,-2100,-1.27,5072935,206965,224353,+17388,+92490,1254911,1363784,+108873,+563429,KRX
20240312,-165700,5,-900,-0.54,3102706,167130,92028,--75102,--51740,1009915,555359,--454556,--314657,KRX
20240311,-166600,5,-5300,-3.08,3450905,173213,149851,--23362,--198208,1039416,899517,--139899,--1152769,KRX
20240308,+171900,2,+7000,+4.24,5089650,145157,320003,+174846,+174426,842524,1855394,+1012870,+1011275,KRX
20240307,+164900,2,+2000,+1.23,3052700,165556,165976,+420,+114335,1012478,1014073,+1595,+698453,KRX
20240306,-162900,5,-2900,-1.75,2672526,194549,80634,--113915,--234684,1189601,492743,--696858,--1422363,KRX
20240305,-165800,5,-700,-0.42,3612530,163982,284751,+120769,--59569,987324,1712829,+725505,--374801,KRX
20240304,+166500,2,+10300,+6.59,5230909,175027,355365,+180338,+148182,1069031,2169337,+1100306,+894004,KRX
20240229,-156200,5,-1800,-1.14,3386307,254595,286751,+32156,--15783,1626381,1832683,+206302,--100432,KRX
20240228,+158000,2,+4200,+2.73,3666960,121456,169395,+47939,--29408,771608,1078342,+306734,--189751,KRX
20240227,-153800,5,-8000,-4.94,6107954,166500,243847,+77347,+108960,1067146,1563631,+496485,+691383,KRX
20240226,+161800,2,+400,+0.25,4329477,286892,255279,--31613,--161521,1772274,1577376,--194898,--985652,KRX
20240223,+161400,2,+4900,+3.13,7012032,255347,385255,+129908,+53942,1566740,2357494,+790754,+300635,KRX
20240222,+156500,2,+7500,+5.03,5966352,121224,197190,+75966,+141933,781777,1271896,+490119,+932441,KRX
20240221,-149000,5,-600,-0.40,4278500,175772,109805,--65967,--24007,1177747,735425,--442322,--160110,KRX
20240220,-149600,5,-1700,-1.12,3507601,139894,97934,--41960,--122669,937618,655406,--282212,--813295,KRX
20240219,+151300,2,+4500,+3.07,3997323,90918,171627,+80709,+65589,604949,1136032,+531083,+430127,KRX
20240216,-146800,5,-1900,-1.28,3265836,110475,125595,+15120,--46966,748815,849771,+100956,--312747,KRX
20240215,148700,3,0,0.00,3560211,90230,152316,+62086,+64781,602717,1016420,+413703,+430907,KRX
20240214,-148700,5,-1300,-0.87,4396924,181945,179250,--2695,--57333,1234350,1217146,--17204,--383833,KRX
20240213,+150000,2,+7200,+5.04,6902585,253810,308448,+54638,--168185,1709434,2076063,+366629,--1203930,KRX
20240208,+142800,2,+4800,+3.48,5780714,112640,335463,+222823,+202679,796387,2366946,+1570559,+1424247,KRX
20240207,138000,3,0,0.00,3348045,119445,139589,+20144,--41030,868834,1015146,+146312,--302923,KRX
20240206,+138000,2,+5700,+4.31,4672324,128692,189866,+61174,+75461,949509,1398744,+449235,+557513,KRX
20240205,-132300,5,-2600,-1.93,3300954,116396,102109,--14287,--24176,871839,763561,--108278,--178776,KRX
20240202,+134900,2,+2200,+1.66,3708253,154760,164649,+9889,+29947,1156672,1227170,+70498,+221710,KRX
20240201,-132700,5,-2000,-1.48,3778274,150462,130404,--20058,--14134,1131084,979872,--151212,--107396,KRX
20240131,-134700,5,-2200,-1.61,2815362,116547,110623,--5924,--6658,863645,819829,--43816,--48882,KRX
20240130,+136900,2,+1900,+1.41,2297631,106483,107217,+734,+992,782310,787376,+5066,+6747,KRX
20240129,-135000,5,-1000,-0.74,2311854,102060,101802,--258,+11815,752346,750665,--1681,+86726,KRX
20240126,-136000,5,-1400,-1.02,3247410,142627,130554,--12073,+110528,1041536,953129,--88407,+794115,KRX
20240125,-137400,5,-4100,-2.90,4708651,217387,94786,--122601,--123621,1564500,681978,--882522,--889284,KRX
20240124,+141500,2,+700,+0.50,2580665,104085,105105,+1020,+21789,746876,753638,+6762,+156719,KRX
20240123,-140800,5,-1800,-1.26,2912611,129889,109120,--20769,--52136,927427,777470,--149957,--368150,KRX
20240122,+142600,2,+1300,+0.92,3784276,142884,174251,+31367,--78865,994844,1213037,+218193,--566483,KRX
20240119,+141300,2,+5100,+3.74,4946040,126746,236978,+110232,+79492,905784,1690460,+784676,+554249,KRX
20240118,+136200,2,+5200,+3.97,3050556,104988,135728,+30740,+9932,782103,1012530,+230427,+73206,KRX
20240117,-131000,5,-1100,-0.83,3822702,146762,167570,+20808,+80942,1118562,1275783,+157221,+611262,KRX
20240116,-132100,5,-2000,-1.49,3670169,151027,90893,--60134,--94755,1140321,686280,--454041,--712250,KRX
20240115,134100,3,0,0.00,1858867,44508,79129,+34621,+30413,331812,590021,+258209,+227265,KRX
20240112,-134100,5,-1900,-1.40,1878915,66487,70695,+4208,+2691,494245,525189,+30944,+25223,KRX
20240111,+136000,2,+2500,+1.87,3594909,185871,187388,+1517,+55568,1379643,1385364,+5721,+406622,KRX
20240110,-133500,5,-3900,-2.84,3769252,155456,101405,--54051,--69334,1159169,758268,--400901,--509983,KRX
20240109,+137400,2,+1400,+1.03,3473806,141120,156403,+15283,+5399,1020783,1129865,+109082,+37240,KRX
20240108,-136000,5,-1500,-1.09,2498302,98550,108434,+9884,--14696,723041,794883,+71842,--107759,KRX
20240105,+137500,2,+1100,+0.81,1846781,74511,99091,+24580,+694,545355,724956,+179601,+5802,KRX
20240104,-136400,5,-400,-0.29,2661970,82651,106537,+23886,+123545,604302,778101,+173799,+896215,KRX
20240103,-136800,5,-5600,-3.93,3257820,170503,70844,--99659,--111638,1235223,512807,--722416,--806209,KRX
20240102,+142400,2,+900,+0.64,2147458,81771,93750,+11979,+904,577643,661436,+83793,+7144,KRX
20231228,+141500,2,+1100,+0.78,2459473,115286,126361,+11075,+28540,819031,895680,+76649,+201380,KRX
20231227,-140400,5,-500,-0.35,2336777,79553,62088,--17465,--53338,568111,443380,--124731,--378986,KRX
20231226,+140900,2,+300,+0.21,2239789,55730,91603,+35873,+40615,396252,650507,+254255,+288276,KRX
20231222,+140600,2,+100,+0.07,3183709,135610,130868,--4742,+28316,959075,925054,--34021,+204742,KRX
20231221,140500,3,0,0.00,2737124,126398,93340,--33058,--60264,908984,670221,--238763,--432583,KRX
20231220,+140500,2,+2300,+1.66,3108011,107254,134460,+27206,+46631,765666,959486,+193820,+334130,KRX
20231219,-138200,5,-1800,-1.29,2309721,94192,74767,--19425,--2392,678744,538434,--140310,--17252,KRX
20231218,140000,3,0,0.00,2540812,93810,76777,--17033,+26564,671953,548895,--123058,+189797,KRX
20231215,+140000,2,+3300,+2.41,5011719,264085,220488,--43597,--268588,1893505,1580650,--312855,--1966917,KRX
20231214,+136700,2,+5500,+4.19,8217135,190419,415410,+224991,+195161,1395962,3050024,+1654062,+1427900,KRX
20231213,+131200,2,+200,+0.15,2852873,117355,147185,+29830,--76619,891744,1117906,+226162,--584638,KRX
20231212,+131000,2,+2100,+1.63,3126577,64810,171259,+106449,+56138,494283,1305083,+810800,+420422,KRX
20231211,+128900,2,+1400,+1.10,3696790,100274,150585,+50311,--21758,780544,1170922,+390378,--170240,KRX
20231208,+127500,2,+1900,+1.51,2762531,41166,113235,+72069,+32429,320849,881467,+560618,+247078,KRX
20231207,125600,3,0,0.00,2478565,71333,110973,+39640,+40994,565321,878861,+313540,+324797,KRX
20231206,-125600,5,-300,-0.24,2667583,98247,96893,--1354,+92022,778956,767699,--11257,+721096,KRX
20231205,-125900,5,-5200,-3.97,4375531,182801,89425,--93376,--99768,1439082,706729,--732353,--778838,KRX
20231204,-131100,5,-1500,-1.13,2680820,102029,108421,+6392,+46089,770373,816858,+46485,+349015,KRX
20231201,-132600,5,-1300,-0.97,3641222,168402,128705,--39697,--127562,1276884,974354,--302530,--963723,KRX
20231130,+133900,2,+3500,+2.68,3625365,174797,262662,+87865,+88288,1316720,1977913,+661193,+664855,KRX
20231129,-130400,5,-1000,-0.76,2227853,112457,112034,--423,--11451,866250,862588,--3662,--87538,KRX
20231128,+131400,2,+700,+0.54,2562226,124189,135217,+11028,--22680,948404,1032280,+83876,--175854,KRX
20231127,+130700,2,+2700,+2.11,2264243,54990,88698,+33708,+58836,422490,682220,+259730,+456234,KRX
20231124,-128000,5,-2100,-1.61,1925668,84361,59233,--25128,--10097,655304,458800,--196504,--80613,KRX
20231123,-130100,5,-1200,-0.91,1839516,65480,50449,--15031,--7257,503160,387269,--115891,--55541,KRX
20231122,-131300,5,-700,-0.53,2128566,68811,61037,--7774,--30542,527615,467265,--60350,--231814,KRX
20231121,+132000,2,+600,+0.46,2439306,90195,112963,+22768,+32439,681579,853043,+171464,+245200,KRX
20231120,+131400,2,+1500,+1.15,2004403,62028,52357,--9671,--13012,472828,399092,--73736,--99775,KRX
20231117,-129900,5,-2400,-1.81,2438499,88678,92019,+3341,--29137,679836,705875,+26039,--219486,KRX
20231116,-132300,5,-1800,-1.34,2456351,75326,107804,+32478,--76870,569374,814899,+245525,--571986,KRX
20231115,+134100,2,+4100,+3.15,3616292,61144,170492,+109348,+145287,457679,1275190,+817511,+1092287,KRX
20231114,-130000,5,-1800,-1.37,2589591,112159,76220,--35939,--45693,856146,581370,--274776,--346868,KRX
20231113,+131800,2,+1300,+1.00,2644761,90525,100279,+9754,--31161,684626,756718,+72092,--243239,KRX
20231110,+130500,2,+2500,+1.95,2656526,67705,108620,+40915,+21586,520974,836305,+315331,+165023,KRX
20231109,+128000,2,+400,+0.31,2228081,80648,99977,+19329,--10066,629019,779327,+150308,--80319,KRX
20231108,-127600,5,-2800,-2.15,3328279,77574,106969,+29395,--46049,599179,829806,+230627,--348906,KRX
20231107,-130400,5,-2600,-1.95,4940510,159593,235037,+75444,--94051,1216152,1795685,+579533,--717464,KRX
20231106,+133000,2,+7200,+5.72,6923192,186428,355923,+169495,+114532,1423998,2720995,+1296997,+861266,KRX
20231103,+125800,2,+500,+0.40,2796773,78538,133501,+54963,+26966,623634,1059365,+435731,+212575,KRX
20231102,+125300,2,+5000,+4.16,3736208,93685,121682,+27997,+48485,753650,976806,+223156,+394829,KRX
20231101,+120300,2,+4000,+3.44,2707225,99872,79384,--20488,+23850,837039,665366,--171673,+204341,KRX
20231031,-116300,5,-2800,-2.35,3166739,129694,85356,--44338,--45603,1102038,726024,--376014,--385126,KRX
20231030,119100,3,0,0.00,2798497,110922,112187,+1265,+122944,924249,933361,+9112,+1032574,KRX
20231027,-119100,5,-900,-0.75,5486088,280362,158683,--121679,--28171,2357664,1334202,--1023462,--256660,KRX
20231026,-120000,5,-7500,-5.88,5961584,269185,175677,--93508,--47638,2214731,1447929,--766802,--406563,KRX
20231025,+127500,2,+700,+0.55,3053002,118450,72580,--45870,--45831,928351,568112,--360239,--358169,KRX
20231024,+126800,2,+2800,+2.26,2802010,106544,106505,--39,+41570,849488,847418,--2070,+331387,KRX
20231023,-124000,5,-2200,-1.74,2432303,112817,71208,--41609,--75158,904608,571151,--333457,--601171,KRX
20231020,+126200,2,+500,+0.40,3868266,163599,197148,+33549,--56414,1308728,1576442,+267714,--444883,KRX
20231019,-125700,5,-4300,-3.31,5089745,140092,230055,+89963,+154901,1106788,1819385,+712597,+1216416,KRX
20231018,130000,3,0,0.00,4760148,223877,158939,--64938,--103640,1731022,1227203,--503819,--800363,KRX
20231017,+130000,2,+5900,+4.75,6411880,181804,220506,+38702,+123126,1418526,1715070,+296544,+979864,KRX
20231016,-124100,5,-600,-0.48,3008476,161644,77220,--84424,--98228,1306892,623572,--683320,--793136,KRX
20231013,+124700,2,+500,+0.40,3205273,119202,133006,+13804,--116374,956918,1066734,+109816,--950676,KRX
20231012,+124200,2,+5000,+4.19,4016352,104170,234348,+130178,+129430,845976,1906468,+1060492,+1062715,KRX
20231011,-119200,5,-300,-0.25,4293299,187530,188278,+748,--90135,1550442,1548219,--2223,--743354,KRX
20231010,-119500,5,-900,-0.75,5580659,139597,230480,+90883,+99467,1147644,1888775,+741131,+813103,KRX
20231006,+120400,2,+200,+0.17,4158083,157926,149342,--8584,--147997,1315153,1243181,--71972,--1227150,KRX
20231005,+120200,2,+4800,+4.16,6112858,165533,304946,+139413,+80138,1377200,2532378,+1155178,+638938,KRX
20231004,+115400,2,+700,+0.61,4447702,150364,209639,+59275,+68759,1312024,1828264,+516240,+600923,KRX
20230927,-114700,5,-300,-0.26,3060751,103617,94133,--9484,+33435,910893,826210,--84683,+290228,KRX
20230926,-115000,5,-2000,-1.71,3237819,119589,76670,--42919,--33129,1042874,667963,--374911,--291026,KRX
20230925,-117000,5,-300,-0.26,2181722,74205,64415,--9790,+11367,635407,551522,--83885,+100683,KRX
20230922,+117300,2,+800,+0.69,2938386,116337,95180,--21157,--18766,1003400,818832,--184568,--164059,KRX
20230921,-116500,5,-1500,-1.27,3151900,92564,90173,--2391,+21341,800124,779615,--20509,+181687,KRX
20230920,-118000,5,-1200,-1.01,2228681,90208,66476,--23732,--58091,765243,563047,--202196,--488476,KRX
20230919,+119200,2,+200,+0.17,1921912,45931,80290,+34359,+12333,384721,671001,+286280,+103227,KRX
20230918,-119000,5,-3400,-2.78,2356621,57521,79547,+22026,+18590,479503,662556,+183053,+156250,KRX
20230915,+122400,2,+200,+0.16,3579662,154225,157661,+3436,--30146,1257263,1284066,+26803,--250796,KRX
20230914,+122200,2,+3700,+3.12,3948784,180984,214566,+33582,+25452,1494946,1772545,+277599,+212993,KRX
20230913,+118500,2,+1800,+1.54,3860589,148230,156360,+8130,+41308,1248538,1313144,+64606,+353131,KRX
20230912,+116700,2,+800,+0.69,2749688,120332,87154,--33178,--33171,1040623,752098,--288525,--288292,KRX
20230911,+115900,2,+2200,+1.93,2542590,89999,89992,--7,+85112,785137,784904,--233,+744745,KRX
20230908,-113700,5,-4800,-4.05,4943255,176025,90906,--85119,--114170,1540886,795908,--744978,--988666,KRX
20230907,+118500,2,+300,+0.25,2995088,105170,134221,+29051,+43615,888709,1132397,+243688,+366893,KRX
20230906,-118200,5,-1200,-1.01,1615519,71025,56461,--14564,--19330,599872,476667,--123205,--162930,KRX
20230905,+119400,2,+200,+0.17,1749591,57957,62723,+4766,+53038,485167,524892,+39725,+451758,KRX
20230904,-119200,5,-800,-0.67,3491280,135683,87411,--48272,--21096,1153601,741568,--412033,--188581,KRX
20230901,-120000,5,-1800,-1.48,2886011,135588,108412,--27176,--36386,1119391,895939,--223452,--298849,KRX
20230831,+121800,2,+2400,+2.01,4403695,213457,222667,+9210,+14454,1752225,1827622,+75397,+118344,KRX
20230830,+119400,2,+800,+0.67,2629711,85156,79912,--5244,--25763,703095,660148,--42947,--214744,KRX
20230829,+118600,2,+2700,+2.33,2682352,73810,94329,+20519,+60307,621625,793422,+171797,+513651,KRX
20230828,-115900,5,-600,-0.52,1746882,83801,44013,--39788,+21837,720117,378263,--341854,+189509,KRX
20230825,-116500,5,-4400,-3.64,3533647,182833,121208,--61625,--260045,1569523,1038160,--531363,--2152903,KRX
20230824,+120900,2,+4900,+4.22,6368401,129107,327527,+198420,+215057,1058939,2680479,+1621540,+1767015,KRX
20230823,-116000,5,-500,-0.43,2573292,122462,105825,--16637,--23,1062721,917246,--145475,--1094,KRX
20230822,+116500,2,+100,+0.09,3349473,105444,88830,--16614,--17925,898847,754466,--144381,--156426,KRX
20230821,-116400,5,-800,-0.68,2621973,112145,113456,+1311,--15637,962295,974340,+12045,--135559,KRX
20230818,+117200,2,+2400,+2.09,3329697,87488,104436,+16948,+41164,751228,898832,+147604,+361562,KRX
20230817,-114800,5,-1000,-0.86,3064253,135448,111232,--24216,--81348,1188241,974283,--213958,--703862,KRX
20230816,+115800,2,+900,+0.78,3870479,100037,157169,+57132,--6130,857115,1347019,+489904,--58421,KRX
20230814,-114900,5,-400,-0.35,2038360,50561,113823,+63262,+109249,438854,987179,+548325,+942689,KRX
20230811,-115300,5,-3200,-2.70,2412381,98529,52542,--45987,--35304,842547,448183,--394364,--302860,KRX
20230810,118500,3,0,0.00,2622604,112184,101501,--10683,--21840,958728,867224,--91504,--185361,KRX
20230809,-118500,5,-100,-0.08,2551668,97428,108585,+11157,+29370,821574,915431,+93857,+244303,KRX
20230808,-118600,5,-3300,-2.71,2729243,106493,88280,--18213,--83016,889810,739364,--150446,--678946,KRX
20230807,+121900,2,+1800,+1.50,3724826,136787,201590,+64803,+92847,1115501,1644001,+528500,+762648,KRX
20230804,+120100,2,+100,+0.08,2375384,118809,90765,--28044,--57585,992851,758703,--234148,--482901,KRX
20230803,+120000,2,+500,+0.42,3498537,106770,136311,+29541,+67079,896316,1145069,+248753,+557640,KRX
20230802,-119500,5,-5600,-4.48,3765478,134640,97102,--37538,+6950,1111555,802668,--308887,+54228,KRX
20230801,+125100,2,+1700,+1.38,4656047,175193,130705,--44488,+3228,1420468,1057353,--363115,+18383,KRX
20230731,-123400,5,-4600,-3.59,4623350,190823,143107,--47716,--267177,1528664,1147166,--381498,--2115395,KRX
20230728,+128000,2,+4000,+3.23,8718746,250950,470411,+219461,+42596,1992399,3726296,+1733897,+263967,KRX
20230727,+124000,2,+11000,+9.73,9638980,204773,381638,+176865,+115878,1690981,3160911,+1469930,+934359,KRX
20230726,-113000,5,-400,-0.35,4995935,155359,216346,+60987,+94462,1371457,1907028,+535571,+831715,KRX
20230725,-113400,5,-600,-0.53,2678385,127610,94135,--33475,--39993,1128135,831991,--296144,--352859,KRX
20230724,-114000,5,-1100,-0.96,2761991,127297,133815,+6518,+36847,1117548,1174263,+56715,+323031,KRX
20230721,-115100,5,-1800,-1.54,2745384,142804,112475,--30329,--20594,1248601,982285,--266316,--182097,KRX
20230720,-116900,5,-600,-0.51,1949776,85134,75399,--9735,+22458,731810,647591,--84219,+189714,KRX
20230719,-117500,5,-300,-0.25,2580301,129919,97726,--32193,--51596,1106188,832255,--273933,--437607,KRX
20230718,+117800,2,+600,+0.51,2299880,70108,89511,+19403,+48446,594421,758095,+163674,+412021,KRX
20230717,-117200,5,-800,-0.68,2427281,112554,83511,--29043,--170820,962311,713964,--248347,--1447689,KRX
20230714,+118000,2,+3900,+3.42,5817889,155479,297256,+141777,+150912,1316788,2516130,+1199342,+1278656,KRX
20230713,-114100,5,-1300,-1.13,3421492,121114,111979,--9135,+9419,1055940,976626,--79314,+84480,KRX
20230712,+115400,2,+2000,+1.76,2228477,86687,68133,--18554,--21424,759249,595455,--163794,--188051,KRX
20230711,+113400,2,+3100,+2.81,2209391,72436,75306,+2870,--24140,645109,669366,+24257,--220412,KRX
20230710,-110300,5,-1500,-1.34,3163245,70746,97756,+27010,--4336,635122,879791,+244669,--35471,KRX
20230707,-111800,5,-2000,-1.76,2781723,85217,116563,+31346,+32519,761326,1041466,+280140,+290450,KRX
20230706,-113800,5,-2900,-2.49,3465047,114660,113487,--1173,--46114,1003452,993142,--10310,--394071,KRX
20230705,-116700,5,-1200,-1.02,2483034,87141,132082,+44941,+52085,744351,1128112,+383761,+444371,KRX
20230704,+117900,2,+300,+0.26,1988592,81057,73913,--7144,+23995,687097,626487,--60610,+203763,KRX
20230703,+117600,2,+2400,+2.08,3022009,140096,108957,--31139,+28185,1189254,924881,--264373,+251613,KRX
20230630,-115200,5,-1000,-0.86,2674318,131048,71724,--59324,--101923,1139957,623971,--515986,--882776,KRX
20230629,+116200,2,+1900,+1.66,4398301,132052,174651,+42599,+27577,1139164,1505954,+366790,+235651,KRX
20230628,+114300,2,+1300,+1.15,3178571,98561,113583,+15022,+19775,865790,996929,+131139,+173383,KRX
20230627,-113000,5,-500,-0.44,3602087,121931,117178,--4753,--50794,1086045,1043801,--42244,--451275,KRX
20230626,-113500,5,-100,-0.09,3350758,66036,112077,+46041,--381,585624,994655,+409031,+525,KRX
20230623,-113600,5,-400,-0.35,2987472,63995,110417,+46422,+43542,564912,973418,+408506,+383270,KRX
20230622,-114000,5,-1100,-0.96,2612402,89905,92785,+2880,+33251,787199,812435,+25236,+286068,KRX
20230621,-115100,5,-1000,-0.86,2728146,105640,75269,--30371,--18441,910904,650072,--260832,--156325,KRX
20230620,+116100,2,+1300,+1.13,3319570,128731,116801,--11930,+40406,1116719,1012212,--104507,+348200,KRX
20230619,-114800,5,-4100,-3.45,4208396,174741,122405,--52336,--8889,1519027,1066320,--452707,--83075,KRX
20230616,-118900,5,-100,-0.08,4303391,200368,156921,--43447,--88386,1697881,1328249,--369632,--745446,KRX
20230615,+119000,2,+200,+0.17,3778592,107852,152791,+44939,+88079,902354,1278168,+375814,+738958,KRX
20230614,-118800,5,-700,-0.59,3240260,125451,82311,--43140,--101404,1055969,692825,--363144,--853164,KRX
20230613,+119500,2,+4700,+4.09,6232477,186193,244457,+58264,+90535,1567379,2057399,+490020,+772066,KRX
20230612,-114800,5,-600,-0.52,2637721,107650,75379,--32271,--15528,939691,657645,--282046,--132238,KRX
20230609,+115400,2,+5700,+5.20,7950947,192952,176209,--16743,+48224,1710354,1560546,--149808,+441746,KRX
20230608,+109700,2,+1700,+1.57,4355468,207408,142441,--64967,--84005,1902044,1310490,--591554,--766929,KRX
20230607,-108000,5,-700,-0.64,3313460,73672,92710,+19038,+14423,679056,854431,+175375,+133934,KRX
20230605,-108700,5,-1600,-1.45,3316020,90996,95611,+4615,--23818,834154,875595,+41441,--214769,KRX
20230602,110300,3,0,0.00,3991904,107387,135820,+28433,+75989,970114,1226324,+256210,+693282,KRX
20230601,+110300,2,+1700,+1.57,5553560,221160,173604,--47556,--37188,2045798,1608726,--437072,--341372,KRX
20230531,-108600,5,-1700,-1.54,8166685,391696,381328,--10368,--4041,3592329,3496629,--95700,--33601,KRX
20230530,+110300,2,+1100,+1.01,9058509,293849,287522,--6327,+17803,2629832,2567733,--62099,+160406,KRX
20230526,+109200,2,+5700,+5.51,10136706,236206,212076,--24130,--112381,2181818,1959313,--222505,--1079117,KRX
20230525,+103500,2,+5800,+5.94,7431586,195111,283362,+88251,+108857,1895955,2752567,+856612,+1068148,KRX
20230524,-97700,5,-200,-0.20,2097933,79849,59243,--20606,+1421,821297,609761,--211536,+14229,KRX
20230523,-97900,5,-300,-0.31,2472514,93672,71645,--22027,--420,958307,732542,--225765,--7827,KRX
20230522,+98200,2,+900,+0.92,4248401,138491,116884,--21607,+6921,1405273,1187335,--217938,+79749,KRX
20230519,+97300,2,+3700,+3.95,5062669,134215,105687,--28528,--81148,1389726,1092039,--297687,--860546,KRX
20230518,+93600,2,+1700,+1.85,3473641,94974,147594,+52620,+63731,1016875,1579734,+562859,+685354,KRX
20230517,+91900,2,+1500,+1.66,3340386,111834,100723,--11111,--189792,1223278,1100783,--122495,--2106915,KRX
20230516,+90400,2,+4000,+4.63,5121364,87465,266146,+178681,+221959,975426,2959846,+1984420,+2486933,KRX
20230515,-86400,5,-800,-0.92,2357794,97324,54046,--43278,--47337,1128163,625650,--502513,--548846,KRX
20230512,+87200,2,+900,+1.04,2712372,101567,105626,+4059,+67377,1168844,1215177,+46333,+780561,KRX
20230511,-86300,5,-600,-0.69,2806299,143285,79967,--63318,--35705,1659248,925020,--734228,--416549,KRX
20230510,-86900,5,-400,-0.46,2137658,91444,63831,--27613,+10948,1050662,732983,--317679,+124582,KRX
20230509,-87300,5,-1400,-1.58,2297473,103517,64956,--38561,+41837,1186274,744013,--442261,+466098,KRX
20230508,88700,3,0,0.00,2615242,121872,41474,--80398,--64722,1374767,466408,--908359,--730565,KRX
20230504,-88700,5,-1100,-1.22,1794303,63807,48131,--15676,--26282,721605,543811,--177794,--295855,KRX
20230503,-89800,5,-400,-0.44,1779615,67131,77737,+10606,+18497,749270,867331,+118061,+206314,KRX
20230502,+90200,2,+700,+0.78,2427349,105118,97227,--7891,--44545,1169997,1081744,--88253,--494712,KRX
20230428,+89500,2,+700,+0.79,3737493,98374,135028,+36654,+56153,1093154,1499613,+406459,+630189,KRX
20230427,+88800,2,+1400,+1.60,2980163,84515,65016,--19499,--61671,962329,738599,--223730,--703348,KRX
20230426,+87400,2,+1900,+2.22,3240654,78506,120678,+42172,+76086,897263,1376881,+479618,+875716,KRX
20230425,-85500,5,-1700,-1.95,4096411,95313,61399,--33914,--17266,1114618,718520,--396098,--205681,KRX
20230424,-87200,5,-1900,-2.13,2054455,67607,50959,--16648,--5361,772616,582199,--190417,--63459,KRX
20230421,+89100,2,+1400,+1.60,2624982,62867,51580,--11287,+92,707082,580124,--126958,+3765,KRX
20230420,-87700,5,-500,-0.57,1746001,39989,28610,--11379,+10455,458027,327304,--130723,+119849,KRX
20230419,+88200,2,+600,+0.68,2024519,63176,41342,--21834,--7525,722377,471805,--250572,--86958,KRX
20230418,-87600,5,-900,-1.02,1763334,50023,35714,--14309,--2941,569842,406228,--163614,--35076,KRX
20230417,-88500,5,-800,-0.90,1877825,52310,40942,--11368,+16703,592617,464079,--128538,+186217,KRX
20230414,+89300,2,+600,+0.68,2324722,64836,36765,--28071,--72785,725956,411201,--314755,--816133,KRX
20230413,-88700,5,-1600,-1.77,4907552,150438,195152,+44714,+39813,1689712,2191090,+501378,+446729,KRX
20230412,-90300,5,-1500,-1.63,4751001,114129,119030,+4901,+135368,1260608,1315257,+54649,+1479849,KRX
20230411,+91800,2,+1100,+1.21,5001836,220363,89896,--130467,--121115,2410029,984829,--1425200,--1327112,KRX
20230410,+90700,2,+1600,+1.80,5387514,175298,165946,--9352,--245363,1919376,1821288,--98088,--2773316,KRX
20230407,+89100,2,+5300,+6.32,10867359,131824,367835,+236011,+248633,1490910,4166138,+2675228,+2826710,KRX
20230406,-83800,5,-800,-0.95,5379170,139333,126711,--12622,--48949,1667735,1516253,--151482,--578618,KRX
20230405,+84600,2,+100,+0.12,4380498,65569,101896,+36327,+101005,772858,1199994,+427136,+1193633,KRX
20230404,-84500,5,-2700,-3.10,16808036,308368,243690,--64678,--68407,3642688,2876191,--766497,--809643,KRX
20230403,-87200,5,-1400,-1.58,2502220,50750,54479,+3729,--4049,579087,622233,+43146,--44718,KRX
20230331,-88600,5,-200,-0.23,2676327,61947,69725,+7778,+1696,700021,787885,+87864,+21674,KRX
20230330,+88800,2,+1900,+2.19,4264354,111796,117878,+6082,+51302,1255162,1321352,+66190,+585488,KRX
20230329,-86900,5,-1500,-1.70,3070422,126767,81547,--45220,--34432,1455011,935713,--519298,--394620,KRX
20230328,+88400,2,+2900,+3.39,3180431,89444,78656,--10788,--25133,1024012,899334,--124678,--292297,KRX
20230327,-85500,5,-1800,-2.06,3211190,56898,71243,+14345,+15022,663513,831132,+167619,+173628,KRX
20230324,-87300,5,-1200,-1.36,4670908,107242,106565,--677,+22253,1214203,1208194,--6009,+259766,KRX
20230323,+88500,2,+1600,+1.84,3091673,75535,52605,--22930,--39035,866979,601204,--265775,--452629,KRX
20230322,+86900,2,+3300,+3.95,2667268,49065,65170,+16105,+29371,573081,759935,+186854,+345117,KRX
20230321,-83600,5,-100,-0.12,1880231,56429,43163,--13266,--6352,672188,513925,--158263,--76451,KRX
20230320,-83700,5,-300,-0.36,2223378,75457,68543,--6914,--29560,899676,817864,--81812,--351197,KRX
20230317,+84000,2,+5000,+6.33,6239588,137245,159891,+22646,+7960,1647015,1916400,+269385,+84333,KRX
20230316,-79000,5,-100,-0.13,4804196,137448,152134,+14686,+45504,1738192,1923244,+185052,+565083,KRX
20230315,-79100,5,-2000,-2.47,5357314,126769,95951,--30818,--34497,1576163,1196132,--380031,--425274,KRX
20230314,-81100,5,-3200,-3.80,3359381,84090,87769,+3679,--17283,1029306,1074549,+45243,--205571,KRX
20230313,+84300,2,+1000,+1.20,2860341,56213,77175,+20962,+1638,672125,922939,+250814,+20360,KRX
20230310,-83300,5,-2300,-2.69,3559824,101618,120942,+19324,+32308,1214805,1445259,+230454,+380949,KRX
20230309,-85600,5,-1200,-1.38,3315016,110926,97942,--12984,+13942,1292057,1141562,--150495,+159014,KRX
20230308,-86800,5,-2100,-2.36,2790989,74531,47605,--26926,--28104,857377,547868,--309509,--322547,KRX
20230307,-88900,5,-800,-0.89,1610948,51515,52693,+1178,--19057,576569,589607,+13038,--213400,KRX
20230306,+89700,2,+2400,+2.75,2374415,68868,89103,+20235,+61163,774058,1000496,+226438,+693489,KRX
20230303,-87300,5,-800,-0.91,2239958,97487,56559,--40928,--45584,1111710,644659,--467051,--519077,KRX
20230302,-88100,5,-1300,-1.45,2744038,69715,74371,+4656,+55172,785972,837998,+52026,+616193,KRX
20230228,-89400,5,-600,-0.67,2082486,105749,55233,--50516,--26931,1180654,616487,--564167,--301784,KRX
20230227,-90000,5,-1000,-1.10,1893345,76533,52948,--23585,--19748,852756,590373,--262383,--219308,KRX
20230224,-91000,5,-1700,-1.83,2496352,71961,68124,--3837,--59097,780052,736977,--43075,--637948,KRX
20230223,+92700,2,+3600,+4.04,3659678,95577,150837,+55260,+40047,1042521,1637394,+594873,+424558,KRX
20230222,-89100,5,-2100,-2.30,2301835,60202,75415,+15213,+25152,674902,845217,+170315,+279252,KRX
20230221,-91200,5,-1300,-1.41,1477419,36611,26672,--9939,--21309,400711,291774,--108937,--231644,KRX
20230220,+92500,2,+500,+0.54,1774617,35676,47046,+11370,--8646,386783,509490,+122707,--94527,KRX
20230217,-92000,5,-900,-0.97,1691509,47877,67893,+20016,+57268,521164,738398,+217234,+619351,KRX
20230216,+92900,2,+1200,+1.31,1812496,72958,35706,--37252,--36612,787240,385123,--402117,--395226,KRX
20230215,-91700,5,-1700,-1.82,1801577,43507,42867,--640,--28604,472639,465748,--6891,--308748,KRX
20230214,+93400,2,+2800,+3.09,2185525,51605,79569,+27964,+132840,555252,857109,+301857,+1459690,KRX
20230213,-90600,5,-2900,-3.10,3159031,162714,57838,--104876,--113933,1796373,638540,--1157833,--1253451,KRX
20230210,-93500,5,-900,-0.95,1971090,58193,67250,+9057,+20928,620445,716063,+95618,+222500,KRX
20230209,-94400,5,-500,-0.53,2726568,116537,104666,--11871,--138311,1242178,1115296,--126882,--1473848,KRX
20230208,+94900,2,+4100,+4.52,3964981,55456,181896,+126440,+111185,590847,1937813,+1346966,+1178771,KRX
20230207,+90800,2,+1700,+1.91,2166265,68815,84070,+15255,+23066,762599,930794,+168195,+255900,KRX
20230206,-89100,5,-3100,-3.36,2819903,108016,100205,--7811,+15809,1200961,1113256,--87705,+169775,KRX
20230203,-92200,5,-1200,-1.28,2925123,86161,62541,--23620,--78312,935344,677864,--257480,--836907,KRX
20230202,+93400,2,+2000,+2.19,4350607,127661,182353,+54692,+16540,1362800,1942227,+579427,+164095,KRX
20230201,+91400,2,+2900,+3.28,3889171,118291,156443,+38152,+73144,1313809,1729141,+415332,+813014,KRX
20230131,-88500,5,-2200,-2.43,5185088,155062,120070,--34992,--49795,1754585,1356903,--397682,--561591,KRX
20230130,-90700,5,-800,-0.87,2603297,91063,105866,+14803,+32981,1004698,1168607,+163909,+362437,KRX
20230127,-91500,5,-800,-0.87,2553811,77820,59642,--18178,+7262,848701,650173,--198528,+82107,KRX
20230126,+92300,2,+900,+0.98,2319962,85193,59753,--25440,--29751,932227,651592,--280635,--326669,KRX
20230125,+91400,2,+3800,+4.34,3611901,97019,101330,+4311,--16335,1062413,1108447,+46034,--190973,KRX
20230120,+87600,2,+2100,+2.46,2386074,58418,79064,+20646,+3424,671576,908583,+237007,+34552,KRX
20230119,+85500,2,+400,+0.47,1674834,33266,50488,+17222,+23532,390216,592671,+202455,+276564,KRX
20230118,-85100,5,-900,-1.05,1494262,36436,30126,--6310,--1988,427858,353749,--74109,--23835,KRX
20230117,+86000,2,+200,+0.23,1586136,50071,45749,--4322,--11921,581048,530774,--50274,--137800,KRX
20230116,+85800,2,+100,+0.12,1512876,40014,47613,+7599,--11631,466919,554445,+87526,--134403,KRX
20230113,-85700,5,-1100,-1.27,2058890,41005,60235,+19230,--45225,475012,696941,+221929,--521746,KRX
20230112,-86800,5,-500,-0.57,3065582,95657,160112,+64455,+72269,1104628,1848303,+743675,+834323,KRX
20230111,+87300,2,+800,+0.92,3083961,90616,82802,--7814,--12895,1037191,946543,--90648,--149847,KRX
20230110,+86500,2,+500,+0.58,3105311,80525,85606,+5081,+10332,932611,991810,+59199,+121867,KRX
20230109,+86000,2,+2900,+3.49,3948670,102453,97202,--5251,--13547,1200615,1137947,--62668,--162318,KRX
20230106,+83100,2,+1700,+2.09,3687430,56492,64788,+8296,--23987,683359,783009,+99650,--293300,KRX
20230105,+81400,2,+400,+0.49,3510964,77674,109957,+32283,--64110,948930,1341880,+392950,--813136,KRX
20230104,+81000,2,+5400,+7.14,5154609,42984,139377,+96393,+103749,537879,1743965,+1206086,+1306258,KRX
20230103,-75600,5,-100,-0.13,2719437,49876,42520,--7356,--5796,667099,566927,--100172,--79933,KRX
20230102,+75700,2,+700,+0.93,1376985,26118,24558,--1560,+19763,344534,324295,--20239,+263963,KRX
20221229,-75000,5,-1000,-1.32,1736661,44156,22833,--21323,--20966,588410,304208,--284202,--280064,KRX
20221228,-76000,5,-1000,-1.30,1891221,31143,30786,--357,+14174,409992,405854,--4138,+184514,KRX
20221227,77000,3,0,0.00,1694225,44648,30117,--14531,--5891,579692,391040,--188652,--76622,KRX
20221226,-77000,5,-800,-1.03,1414717,24048,15408,--8640,+12350,311876,199846,--112030,+158072,KRX
20221223,-77800,5,-1400,-1.77,1554446,39240,18250,--20990,--15932,504597,234495,--270102,--205698,KRX
20221222,+79200,2,+1200,+1.54,2061883,58226,53168,--5058,+7731,739178,674774,--64404,+98890,KRX
20221221,-78000,5,-300,-0.38,1513864,37320,24531,--12789,--12574,476422,313128,--163294,--160418,KRX
20221220,-78300,5,-700,-0.89,1361926,35506,35291,--215,--7724,453596,450720,--2876,--97437,KRX
20221219,+79000,2,+600,+0.77,1813544,60465,67974,+7509,+97670,763996,858557,+94561,+1243890,KRX
20221216,-78400,5,-1800,-2.24,3827227,186179,96018,--90161,--105004,2372400,1223071,--1149329,--1333415,KRX
20221215,-80200,5,-1600,-1.96,1713617,45336,60179,+14843,+33154,564389,748475,+184086,+408605,KRX
20221214,-81800,5,-500,-0.61,2357491,70393,52082,--18311,+167,861588,637069,--224519,+2962,KRX
20221213,+82300,2,+1200,+1.48,2761104,56443,37965,--18478,--23545,690777,463296,--227481,--290070,KRX
20221212,-81100,5,-400,-0.49,1242007,36757,41824,+5067,--22895,455507,518096,+62589,--284234,KRX
20221209,+81500,2,+2700,+3.43,2985508,41509,69471,+27962,+38263,513084,859907,+346823,+479122,KRX
20221208,-78800,5,-100,-0.13,3809847,111440,101139,--10301,+35084,1415825,1283526,--132299,+438791,KRX
20221207,-78900,5,-2100,-2.59,3589926,93804,48419,--45385,--92748,1182322,611232,--571090,--1157390,KRX
20221206,81000,3,0,0.00,2781352,63611,110974,+47363,+91804,790052,1376352,+586300,+1132895,KRX
20221205,-81000,5,-900,-1.10,3516456,107154,62713,--44441,--29039,1316965,770370,--546595,--362517,KRX
20221202,-81900,5,-2800,-3.31,4594058,100554,85152,--15402,--3436,1216565,1032487,--184078,--46275,KRX
20221201,-84700,5,-300,-0.35,2878591,64315,52349,--11966,--48527,749166,611363,--137803,--567584,KRX
20221130,+85000,2,+1300,+1.55,3332708,117179,153740,+36561,+47422,1383705,1813486,+429781,+560083,KRX
20221129,+83700,2,+600,+0.72,1501783,42888,32027,--10861,--6122,514662,384360,--130302,--73479,KRX
20221128,-83100,5,-2000,-2.35,2471506,68860,64121,--4739,--5104,826790,769967,--56823,--61475,KRX
20221125,-85100,5,-1800,-2.07,1439011,23634,23999,+365,--27233,275406,280058,+4652,--313717,KRX
20221124,+86900,2,+1700,+2.00,2148255,25156,52754,+27598,+39652,290545,608914,+318369,+460089,KRX
20221123,85200,3,0,0.00,1480400,54155,42101,--12054,--11959,633827,492107,--141720,--139438,KRX
20221122,-85200,5,-1100,-1.27,1617131,39780,39685,--95,+22808,466005,463723,--2282,+261543,KRX
20221121,-86300,5,-2100,-2.38,2111523,70736,47833,--22903,--89923,816245,552420,--263825,--1008456,KRX
20221118,+88400,2,+700,+0.80,2981192,69759,136779,+67020,+141807,781430,1526061,+744631,+1604299,KRX
20221117,-87700,5,-3800,-4.15,3703870,159709,84922,--74787,--105566,1828863,969195,--859668,--1195543,KRX
20221116,-91500,5,-100,-0.11,2609199,60934,91713,+30779,--16250,666175,1002050,+335875,--177713,KRX
20221115,+91600,2,+700,+0.77,2460465,43643,90672,+47029,+65970,478513,992101,+513588,+720070,KRX
20221114,-90900,5,-2600,-2.78,2483441,86043,67102,--18941,--67932,938905,732423,--206482,--729754,KRX
20221111,+93500,2,+4400,+4.94,5002149,131392,180383,+48991,+54668,1402236,1925508,+523272,+586689,KRX
20221110,-89100,5,-100,-0.11,3856811,119566,113889,--5677,--39441,1336278,1272861,--63417,--442943,KRX
20221109,+89200,2,+1500,+1.71,2619752,56820,90584,+33764,+14530,642669,1022195,+379526,+161325,KRX
20221108,+87700,2,+1200,+1.39,2799575,67667,86901,+19234,--7288,767873,986074,+218201,--90480,KRX
20221107,+86500,2,+2000,+2.37,2765284,45681,72203,+26522,+49738,529581,838262,+308681,+588436,KRX
20221104,+84500,2,+1800,+2.18,3032985,90642,67426,--23216,--29322,1089750,809995,--279755,--352172,KRX
20221103,-82700,5,-1800,-2.13,2901380,64358,70464,+6106,--14194,777945,850362,+72417,--166921,KRX
20221102,+84500,2,+600,+0.72,2536363,47555,67855,+20300,--18897,561584,800922,+239338,--232937,KRX
20221101,+83900,2,+1200,+1.45,3820185,81080,120277,+39197,--83294,977389,1449664,+472275,--989340,KRX
20221031,-82700,5,-700,-0.84,6271574,87172,209663,+122491,+170178,1043833,2505448,+1461615,+2017363,KRX
20221028,-83400,5,-6600,-7.33,7748514,193080,145393,--47687,--26294,2267258,1711510,--555748,--317198,KRX
20221027,-90000,5,-3900,-4.15,4550273,134160,112767,--21393,--50096,1460930,1222380,--238550,--543613,KRX
20221026,+93900,2,+400,+0.43,3310322,73448,102151,+28703,+25359,777170,1082233,+305063,+270529,KRX
20221025,+93500,2,+1700,+1.85,2656194,57288,60632,+3344,--7022,612626,647160,+34534,--78170,KRX
20221024,+91800,2,+1300,+1.44,2165991,48560,58926,+10366,--31747,526596,639300,+112704,--351076,KRX
20221021,+90500,2,+300,+0.33,2206754,47882,89995,+42113,+5701,528005,991785,+463780,+59196,KRX
20221020,-90200,5,-2700,-2.91,4547678,119610,156022,+36412,+54594,1328660,1733244,+404584,+599609,KRX
20221019,-92900,5,-2900,-3.03,3684934,118543,100361,--18182,--28246,1267370,1072345,--195025,--300375,KRX
20221018,+95800,2,+600,+0.63,2618680,72504,82568,+10064,+11702,761307,866657,+105350,+123504,KRX
20221017,-95200,5,-300,-0.31,2134558,66185,64547,--1638,+26885,698753,680599,--18154,+282054,KRX
20221014,+95500,2,+600,+0.63,3516437,99560,71037,--28523,+84499,1045259,745051,--300208,+899500,KRX
20221013,+94900,2,+900,+0.96,4390570,184732,71710,--113022,--148059,1960558,760850,--1199708,--1577803,KRX
20221012,+94000,2,+3800,+4.21,4648231,157684,192721,+35037,--74449,1703034,2081129,+378095,--841165,KRX
20221011,-90200,5,-1000,-1.10,3840842,100434,209920,+109486,+72307,1117853,2337113,+1219260,+812215,KRX
20221007,+91200,2,+1300,+1.45,3100583,78089,115268,+37179,+48195,864590,1271635,+407045,+528390,KRX
20221006,+89900,2,+100,+0.11,3039698,71360,60344,--11016,--35882,787069,665724,--121345,--399438,KRX
20221005,+89800,2,+3600,+4.18,5927256,144807,169673,+24866,+97462,1621217,1899310,+278093,+1121176,KRX
20221004,+86200,2,+3100,+3.73,4277404,175580,102984,--72596,--57370,2037058,1193975,--843083,--657092,KRX
20220930,+83100,2,+2300,+2.85,4711130,133878,118652,--15226,--6822,1622119,1436128,--185991,--83236,KRX
20220929,-80800,5,-400,-0.49,2064798,53379,44975,--8404,--35970,653063,550308,--102755,--435472,KRX
20220928,-81200,5,-800,-0.98,3068181,57584,85150,+27566,+50882,706358,1039075,+332717,+619413,KRX
20220927,-82000,5,-500,-0.61,2606333,64303,40987,--23316,--58057,788751,502055,--286696,--707444,KRX
20220926,-82500,5,-1000,-1.20,3281145,38403,73144,+34741,--1641,466881,887629,+420748,--11594,KRX
20220923,-83500,5,-2500,-2.91,3932242,65806,102188,+36382,+71066,782223,1214565,+432342,+834627,KRX
20220922,-86000,5,-2000,-2.27,2204430,70068,35384,--34684,--25425,812810,410525,--402285,--295602,KRX
20220921,88000,3,0,0.00,2954420,77676,68417,--9259,+108273,888304,781621,--106683,+1219059,KRX
20220920,-88000,5,-2000,-2.22,4259789,167524,49992,--117532,--85625,1891158,565416,--1325742,--972891,KRX
20220919,-90000,5,-1200,-1.32,2078633,84514,52607,--31907,+26198,934638,581787,--352851,+292300,KRX
20220916,-91200,5,-800,-0.87,2243179,120377,62272,--58105,--32060,1329915,684764,--645151,--362181,KRX
20220915,-92000,5,-1000,-1.08,1755820,60698,34653,--26045,--13346,658678,375708,--282970,--144721,KRX
20220914,-93000,5,-1800,-1.90,2444928,75346,62647,--12699,--18450,815672,677423,--138249,--195926,KRX
20220913,+94800,2,+4400,+4.87,3288428,73920,79671,+5751,+39815,792399,850076,+57677,+434774,KRX
20220908,90400,3,0,0.00,2012123,88478,54414,--34064,--26730,979003,601906,--377097,--295950,KRX
20220907,-90400,5,-1400,-1.53,2053413,63928,56594,--7334,--22585,708077,626930,--81147,--246716,KRX
20220906,+91800,2,+700,+0.77,1389821,41367,56618,+15251,+15865,450873,616442,+165569,+172388,KRX
20220905,-91100,5,-600,-0.65,1706148,39974,39360,--614,+29887,438069,431250,--6819,+324346,KRX
20220902,-91700,5,-700,-0.76,2036818,74293,43792,--30501,+36361,805383,474218,--331165,+389828,KRX
20220901,-92400,5,-2800,-2.94,2337521,116412,49550,--66862,--108339,1255261,534268,--720993,--1158894,KRX
20220831,+95200,2,+2000,+2.15,2421669,77588,119065,+41477,+52465,820509,1258410,+437901,+556868,KRX
20220830,+93200,2,+700,+0.76,1595242,57734,46746,--10988,+67026,622097,503130,--118967,+726016,KRX
20220829,-92500,5,-2600,-2.73,2619260,104569,26555,--78014,--64553,1132275,287292,--844983,--702234,KRX
20220826,+95100,2,+1000,+1.06,2301949,69055,55594,--13461,--28200,723924,581175,--142749,--297860,KRX
20220825,+94100,2,+900,+0.97,2189458,53562,68301,+14739,+11691,574552,729663,+155111,+122560,KRX
20220824,-93200,5,-400,-0.43,1447036,47558,50606,+3048,+18952,508760,541311,+32551,+201540,KRX
20220823,-93600,5,-1600,-1.68,1932822,73004,57100,--15904,+20545,775016,606027,--168989,+216049,KRX
20220822,-95200,5,-1200,-1.24,2293601,93412,56963,--36449,--31061,984451,599413,--385038,--328920,KRX
20220819,+96400,2,+700,+0.73,1890839,44979,39591,--5388,+48555,465101,408983,--56118,+507745,KRX
20220818,-95700,5,-1400,-1.44,1889587,89171,35228,--53943,--19098,931638,367775,--563863,--203432,KRX
20220817,+97100,2,+400,+0.41,1764674,62455,27610,--34845,--10012,645509,285078,--360431,--103045,KRX
20220816,+96700,2,+3400,+3.64,4267280,97815,72982,--24833,--41383,1013851,756465,--257386,--434021,KRX
20220812,93300,3,0,0.00,1910127,48914,65464,+16550,--31171,521921,698556,+176635,--332651,KRX
20220811,+93300,2,+1500,+1.63,5206962,75763,123484,+47721,+68927,811488,1320774,+509286,+739649,KRX
20220810,-91800,5,-3300,-3.47,4356568,124420,103214,--21206,--61681,1351416,1121053,--230363,--656002,KRX
20220809,-95100,5,-1200,-1.25,3152955,93249,133724,+40475,+60841,981289,1406928,+425639,+637565,KRX
20220808,-96300,5,-2200,-2.23,3206548,135768,115402,--20366,--65941,1410996,1199070,--211926,--675947,KRX
20220805,+98500,2,+1000,+1.03,2052852,39372,84947,+45575,+55386,401544,865565,+464021,+564818,KRX
20220804,97500,3,0,0.00,1960526,69651,59840,--9811,--23512,713707,612910,--100797,--241530,KRX
20220803,+97500,2,+1000,+1.04,1703330,51708,65409,+13701,--7574,533294,674027,+140733,--79573,KRX
20220802,-96500,5,-600,-0.62,1916851,42322,63597,+21275,+35116,438258,658564,+220306,+362952,KRX
20220801,-97100,5,-800,-0.82,2007646,58807,44966,--13841,+51950,605180,462534,--142646,+526928,KRX
20220729,-97900,5,-1500,-1.51,3899079,132507,66716,--65791,--88452,1348572,678998,--669574,--898447,KRX
20220728,-99400,5,-600,-0.60,3359717,47572,70233,+22661,+46320,476450,705323,+228873,+466066,KRX
20220727,-100000,5,-500,-0.50,3159499,100567,76908,--23659,--21459,1007991,770798,--237193,--214305,KRX
20220726,+100500,2,+500,+0.50,1636970,48949,46749,--2200,+28540,488225,465337,--22888,+283945,KRX
20220725,100000,3,0,0.00,2185108,81443,50703,--30740,--20,812805,505972,--306833,--1229,KRX
20220722,-100000,5,-2500,-2.44,3126556,118693,87973,--30720,--18423,1177002,871398,--305604,--184464,KRX
20220721,+102500,2,+500,+0.49,2143984,67374,55077,--12297,--9210,661082,539942,--121140,--88618,KRX
20220720,+102000,2,+2000,+2.00,3981053,98050,94963,--3087,+55034,961311,928789,--32522,+551305,KRX
20220719,-100000,5,-1000,-0.99,2709084,123320,65199,--58121,--70938,1238015,654188,--583827,--709024,KRX
20220718,+101000,2,+2300,+2.33,4564780,114094,126911,+12817,--10807,1122691,1247888,+125197,--123795,KRX
20220715,+98700,2,+4700,+5.00,4457208,114923,138547,+23624,+5807,1175543,1424535,+248992,+59100,KRX
20220714,94000,3,0,0.00,2550307,88352,106169,+17817,+77267,938763,1128655,+189892,+817371,KRX
20220713,+94000,2,+700,+0.75,2721816,112779,53329,--59450,--47603,1189325,561846,--627479,--500410,KRX
20220712,-93300,5,-400,-0.43,2385688,80414,68567,--11847,+6667,865889,738820,--127069,+69027,KRX
20220711,-93700,5,-1100,-1.16,1885425,66791,48277,--18514,--33373,707618,511522,--196096,--351304,KRX
20220708,+94800,2,+900,+0.96,2814478,79206,94065,+14859,+68949,828467,983675,+155208,+731501,KRX
20220707,+93900,2,+1800,+1.95,3330794,129675,75585,--54090,--23359,1380125,803832,--576293,--245099,KRX
20220706,-92100,5,-400,-0.43,3981326,109692,78961,--30731,+31692,1187616,856422,--331194,+344676,KRX
20220705,+92500,2,+3400,+3.82,3560085,127078,64655,--62423,+6175,1378639,702769,--675870,+100805,KRX
20220704,+89100,2,+1600,+1.83,4331728,182311,113713,--68598,+51945,2066831,1290156,--776675,+578425,KRX
20220701,-87500,5,-3500,-3.85,4959176,218596,98053,--120543,--48504,2458058,1102958,--1355100,--571085,KRX
20220630,-91000,5,-3000,-3.19,3098854,157736,85697,--72039,--18278,1718034,934019,--784015,--209848,KRX
20220629,-94000,5,-1300,-1.36,2529973,108122,54361,--53761,--24492,1154064,579897,--574167,--264536,KRX
20220628,+95300,2,+300,+0.32,2022966,87869,58600,--29269,--24869,927368,617737,--309631,--266144,KRX
20220627,+95000,2,+3400,+3.71,3408749,116327,111927,--4400,+51129,1225267,1181780,--43487,+565125,KRX
20220624,+91600,2,+1400,+1.55,3045970,115819,60290,--55529,+16116,1268316,659704,--608612,+178859,KRX
20220623,-90200,5,-2000,-2.17,3983116,166209,94564,--71645,--6150,1826386,1038915,--787471,--85368,KRX
20220622,-92200,5,-3000,-3.15,3509830,136358,70863,--65495,--25717,1466122,764019,--702103,--282917,KRX
20220621,+95200,2,+700,+0.74,2707302,122336,82558,--39778,--15554,1289352,870166,--419186,--162944,KRX
20220620,-94500,5,-1900,-1.97,2386222,69850,45626,--24224,--23764,741575,485333,--256242,--249460,KRX
20220617,-96400,5,-1000,-1.03,3965464,176362,175902,--460,--21865,1838443,1831661,--6782,--220588,KRX
20220616,-97400,5,-500,-0.51,3810703,88816,110221,+21405,+52701,894983,1108789,+213806,+533830,KRX
20220615,-97900,5,-1200,-1.21,2578500,80571,49275,--31296,--16233,824872,504848,--320024,--167342,KRX
20220614,+99100,2,+100,+0.10,3242550,78386,63323,--15063,+24343,796343,643661,--152682,+243738,KRX
20220613,-99000,5,-4500,-4.35,4133447,110479,71073,--39406,+20670,1107948,711528,--396420,+187668,KRX
20220610,-103500,5,-2000,-1.90,3480289,144457,84381,--60076,+79,1401660,817572,--584088,--14629,KRX
20220609,-105500,5,-500,-0.47,4640744,227240,167085,--60155,--113025,2148321,1578862,--569459,--1067801,KRX
20220608,+106000,2,+2000,+1.92,3075530,44884,97754,+52870,+71633,422798,921140,+498342,+678640,KRX
20220607,-104000,5,-3000,-2.80,3174521,89703,70940,--18763,--25889,856718,676420,--180298,--245905,KRX
20220603,107000,3,0,0.00,1638006,44138,51264,+7126,+11651,410714,476321,+65607,+109923,KRX
20220602,-107000,5,-1000,-0.93,3097583,119611,115086,--4525,--104284,1122864,1078548,--44316,--972712,KRX
20220531,+108000,2,+1000,+0.93,4024509,166283,266042,+99759,+116813,1545735,2474131,+928396,+1088773,KRX
20220530,+107000,2,+1000,+0.94,2054526,74432,57378,--17054,--59167,697195,536818,--160377,--557770,KRX
20220527,+106000,2,+3000,+2.91,3686487,85381,127494,+42113,+37564,805237,1202630,+397393,+351188,KRX
20220526,-103000,5,-5000,-4.63,8523001,112187,116736,+4549,+3533,1067076,1113281,+46205,+39135,KRX
20220525,-108000,5,-500,-0.46,4151560,82261,83277,+1016,+139328,761113,768183,+7070,+1266554,KRX
20220524,-108500,5,-4500,-3.98,4491835,176073,37761,--138312,--140181,1603414,343930,--1259484,--1275996,KRX
20220523,+113000,2,+500,+0.44,3160028,74366,76235,+1869,+4400,661250,677762,+16512,+39688,KRX
20220520,+112500,2,+1500,+1.35,2398978,51119,48588,--2531,--5968,455759,432583,--23176,--52299,KRX
20220519,-111000,5,-2500,-2.20,3680049,97541,100978,+3437,--26189,878213,907336,+29123,--229035,KRX
20220518,+113500,2,+1000,+0.89,3570113,81729,111355,+29626,+20674,717900,976058,+258158,+177750,KRX
20220517,+112500,2,+2000,+1.81,2056143,49340,58292,+8952,+51821,440582,520990,+80408,+465889,KRX
20220516,-110500,5,-2000,-1.78,3930044,108667,65798,--42869,--59336,975499,590018,--385481,--532306,KRX
20220513,+112500,2,+3500,+3.21,4003349,70519,86986,+16467,+20221,632699,779524,+146825,+181727,KRX
20220512,-109000,5,-1500,-1.36,4132948,104510,100756,--3754,+16548,953790,918888,--34902,+148724,KRX
20220511,+110500,2,+500,+0.45,3658168,116742,96440,--20302,--36532,1054247,870621,--183626,--330222,KRX
20220510,+110000,2,+2500,+2.33,4141923,108657,124887,+16230,+8446,1000701,1147297,+146596,+75122,KRX
20220509,107500,3,0,0.00,2203472,50367,58151,+7784,--1405,466834,538308,+71474,--13372,KRX
20220506,-107500,5,-2000,-1.83,2566813,66799,75988,+9189,+17875,621057,705903,+84846,+164384,KRX
20220504,-109500,5,-500,-0.45,2491890,50444,41758,--8686,+19968,460477,380939,--79538,+180686,KRX
20220503,-110000,5,-500,-0.45,2676115,76025,47371,--28654,+14203,687515,427291,--260224,+128056,KRX
20220502,-110500,5,-2000,-1.78,2175384,72798,29941,--42857,--11554,659116,270836,--388280,--107135,KRX
20220429,+112500,2,+3000,+2.74,3752415,85285,53982,--31303,+11641,764546,483401,--281145,+113601,KRX
20220428,+109500,2,+1000,+0.92,2804966,94833,51889,--42944,+17448,869830,475084,--394746,+164215,KRX
20220427,-108500,5,-2500,-2.25,3261290,102375,41983,--60392,--35360,946625,387664,--558961,--326836,KRX
20220426,+111000,2,+3000,+2.78,2969516,83570,58538,--25032,+27778,764528,532403,--232125,+256358,KRX
20220425,-108000,5,-2500,-2.26,2282343,77480,24670,--52810,--49689,715866,227383,--488483,--459290,KRX
20220422,-110500,5,-2500,-2.21,2360834,54454,51333,--3121,+9609,491820,462627,--29193,+83606,KRX
20220421,+113000,2,+500,+0.44,3199858,86740,74010,--12730,--9816,763101,650302,--112799,--85460,KRX
20220420,112500,3,0,0.00,2905007,72974,70060,--2914,--20368,651894,624555,--27339,--184267,KRX
20220419,+112500,2,+3500,+3.21,3021192,50728,68182,+17454,+33298,453442,610370,+156928,+303813,KRX
20220418,+109000,2,+1000,+0.93,2670439,57044,41200,--15844,--37231,526620,379735,--146885,--344812,KRX
20220415,-108000,5,-2000,-1.82,3694012,70081,91468,+21387,+84572,651642,849569,+197927,+769611,KRX
20220414,-110000,5,-3000,-2.65,4715700,124821,61636,--63185,--54712,1126913,555229,--571684,--495248,KRX
20220413,+113000,2,+2000,+1.80,2484490,63018,54545,--8473,--16020,562237,485801,--76436,--143814,KRX
20220412,-111000,5,-500,-0.45,2738163,72841,80388,+7547,+10019,653795,721173,+67378,+89852,KRX
20220411,-111500,5,-500,-0.45,2390786,69025,66553,--2472,+48239,618767,596293,--22474,+430207,KRX
20220408,-112000,5,-1500,-1.32,4268316,113353,62642,--50711,--2892,1011565,558884,--452681,--29128,KRX
20220407,+113500,2,+500,+0.44,5027865,165748,117929,--47819,+34020,1474744,1051191,--423553,+297852,KRX
20220406,-113000,5,-3500,-3.00,4541938,190658,108819,--81839,--43649,1678486,957081,--721405,--393527,KRX
20220405,-116500,5,-500,-0.43,2101474,82385,44195,--38190,--60733,706216,378338,--327878,--521934,KRX
20220404,+117000,2,+1000,+0.86,2470792,74116,96659,+22543,+28362,639415,833471,+194056,+246130,KRX
20220401,-116000,5,-2000,-1.69,3851558,135490,129671,--5819,+122772,1164287,1112213,--52074,+1031657,KRX
20220331,-118000,5,-3000,-2.48,4558063,229935,101344,--128591,--140586,1937858,854127,--1083731,--1181880,KRX
20220330,+121000,2,+1000,+0.83,3436282,105437,117432,+11995,+18182,866322,964471,+98149,+150446,KRX
20220329,+120000,2,+2000,+1.69,3375247,96498,90311,--6187,--3428,808118,755821,--52297,--28836,KRX
20220328,118000,3,0,0.00,3234792,123081,120322,--2759,+100457,1041502,1018041,--23461,+838628,KRX
20220325,-118000,5,-2500,-2.07,5514940,195585,92369,--103216,--55831,1638590,776501,--862089,--467316,KRX
20220324,-120500,5,-3000,-2.43,4215272,138322,90937,--47385,+33601,1148839,754066,--394773,+265564,KRX
20220323,123500,3,0,0.00,4085633,193357,112371,--80986,--43902,1572921,912584,--660337,--357245,KRX
20220322,+123500,2,+1500,+1.23,2246439,99093,62009,--37084,+47955,808870,505778,--303092,+393389,KRX
20220321,-122000,5,-2000,-1.61,3433809,126806,41767,--85039,+38482,1038329,341848,--696481,+307037,KRX
20220318,124000,3,0,0.00,4493159,212581,89060,--123521,--289018,1726508,722990,--1003518,--2353139,KRX
20220317,+124000,2,+7500,+6.44,7219813,170346,335843,+165497,+159764,1386430,2736051,+1349621,+1300848,KRX
20220316,+116500,2,+4000,+3.56,3739977,132126,137859,+5733,+79823,1144660,1193433,+48773,+704927,KRX
20220315,-112500,5,-3500,-3.02,3578256,171968,97878,--74090,--87612,1521436,865282,--656154,--771283,KRX
20220314,-116000,5,-1000,-0.85,3172353,97830,111352,+13522,+94364,847172,962301,+115129,+807757,KRX
20220311,-117000,5,-3000,-2.50,3087532,146634,65792,--80842,--45159,1255741,563113,--692628,--395029,KRX
20220310,+120000,2,+2000,+1.69,3912683,166942,131259,--35683,--33485,1389397,1091798,--297599,--277697,KRX
20220308,-118000,5,-1500,-1.26,3619045,108499,106301,--2198,+15030,919812,899910,--19902,+125936,KRX
20220307,-119500,5,-5000,-4.02,5203286,169777,152549,--17228,+61272,1418506,1272668,--145838,+481643,KRX
20220304,-124500,5,-4500,-3.49,3249773,135325,56825,--78500,--81276,1081643,454162,--627481,--647489,KRX
20220303,+129000,2,+4000,+3.20,3088097,100648,103424,+2776,+11540,784457,804465,+20008,+92575,KRX
20220302,+125000,2,+1500,+1.21,2903340,92680,83916,--8764,--12104,745855,673288,--72567,--98159,KRX
20220228,+123500,2,+500,+0.41,3224264,178994,182334,+3340,--13853,1458404,1483996,+25592,--111879,KRX
20220225,+123000,2,+500,+0.41,3309625,101116,118309,+17193,+95759,815692,953163,+137471,+771221,KRX
20220224,-122500,5,-6000,-4.67,5748069,192865,114299,--78566,--44800,1560703,926953,--633750,--371271,KRX
20220223,128500,3,0,0.00,2752112,109419,75653,--33766,--14517,851370,588891,--262479,--109356,KRX
20220222,-128500,5,-1500,-1.15,3179806,149366,130117,--19249,--38486,1171462,1018339,--153123,--301216,KRX
20220221,-130000,5,-1500,-1.14,4048108,109605,128842,+19237,+48304,849195,997288,+148093,+370792,KRX
20220218,-131500,5,-1500,-1.13,3108887,96072,67005,--29067,--211184,733095,510396,--222699,--1595768,KRX
20220217,+133000,2,+2500,+1.92,5433402,62488,244605,+182117,+202904,471782,1844851,+1373069,+1533824,KRX
20220216,+130500,2,+3500,+2.76,3499809,144370,123583,--20787,+9809,1102445,941690,--160755,+74408,KRX
20220215,-127000,5,-5500,-4.15,5097120,134319,103723,--30596,--38576,1040275,805112,--235163,--296032,KRX
20220214,+132500,2,+500,+0.38,4962205,133547,141527,+7980,--70306,1015032,1075901,+60869,--534207,KRX
20220211,+132000,2,+2500,+1.93,6057207,148058,226344,+78286,--103897,1127249,1722325,+595076,--814162,KRX
20220210,+129500,2,+3500,+2.78,7269729,100150,282333,+182183,+189468,776489,2185727,+1409238,+1468851,KRX
20220209,+126000,2,+1000,+0.80,4339337,119920,112635,--7285,--98948,948850,889237,--59613,--792112,KRX
20220208,+125000,2,+2000,+1.63,4054097,93528,185191,+91663,+104001,748962,1481461,+732499,+836313,KRX
20220207,-123000,5,-1500,-1.20,4804261,116826,104488,--12338,+12276,962304,858490,--103814,+93306,KRX
20220204,+124500,2,+500,+0.40,3037097,91326,66712,--24614,--94379,729648,532528,--197120,--753761,KRX
20220203,+124000,2,+3500,+2.90,5171178,129955,199720,+69765,--1374,1038025,1594666,+556641,--47522,KRX
20220128,+120500,2,+7000,+6.17,4776510,151554,222693,+71139,+116019,1269786,1873949,+604163,+1000934,KRX
20220127,-113500,5,-4000,-3.40,6679404,190263,145383,--44880,+18031,1668915,1272144,--396771,+135599,KRX
20220126,-117500,5,-500,-0.42,3416240,149859,86948,--62911,--130598,1267103,734733,--532370,--1107583,KRX
20220125,-118000,5,-1000,-0.84,5702595,127211,194898,+67687,+81468,1077411,1652624,+575213,+693703,KRX
20220124,119000,3,0,0.00,4883822,181333,167552,--13781,--28960,1535240,1416750,--118490,--246878,KRX
20220121,-119000,5,-6000,-4.80,6465040,128059,143238,+15179,+55420,1067319,1195707,+128388,+452748,KRX
20220120,-125000,5,-2000,-1.57,5441986,118939,78698,--40241,--65434,955644,631284,--324360,--521699,KRX
20220119,+127000,2,+500,+0.40,4094609,81214,106407,+25193,+36442,645085,842424,+197339,+287274,KRX
20220118,-126500,5,-500,-0.39,3607850,85660,74411,--11249,--10836,678664,588729,--89935,--87709,KRX
20220117,-127000,5,-1500,-1.17,3730393,86841,86428,--413,+7854,687960,685734,--2226,+62405,KRX
20220114,-128500,5,-1000,-0.77,3769648,104200,95933,--8267,--60645,818301,753670,--64631,--470061,KRX
20220113,+129500,2,+1000,+0.78,4155984,93200,145578,+52378,+92492,722156,1127586,+405430,+719761,KRX
20220112,+128500,2,+500,+0.39,3552174,118832,78718,--40114,--143751,927920,613589,--314331,--1131853,KRX
20220111,+128000,2,+3500,+2.81,3958787,63849,167486,+103637,+81892,503243,1320765,+817522,+642179,KRX
20220110,-124500,5,-2500,-1.97,3449197,75909,97654,+21745,--5183,610735,786078,+175343,--33978,KRX
20220107,+127000,2,+2000,+1.60,3270119,98444,125372,+26928,--89992,771470,980791,+209321,--723692,KRX
20220106,-125000,5,-500,-0.40,3725569,84112,201032,+116920,+95809,670822,1603835,+933013,+757454,KRX
20220105,-125500,5,-3000,-2.33,7414954,158684,179795,+21111,+14443,1276247,1451806,+175559,+124336,KRX
20220104,128500,3,0,0.00,3622369,64325,70993,+6668,+18256,499517,550740,+51223,+143851,KRX
20220103,-128500,5,-2500,-1.91,3782213,82680,71092,--11588,--73415,639003,546375,--92628,--562503,KRX
20211230,+131000,2,+4000,+3.15,5172987,54076,115903,+61827,+61577,413333,883208,+469875,+468425,KRX
20211229,-127000,5,-500,-0.39,3832154,54151,54401,+250,--28764,427213,428663,+1450,--228443,KRX
20211228,+127500,2,+1500,+1.19,4086063,37571,66585,+29014,+45714,298045,527938,+229893,+360652,KRX
20211227,-126000,5,-2000,-1.56,2684135,38385,21685,--16700,--20459,301667,170908,--130759,--159752,KRX
20211224,+128000,2,+500,+0.39,2462683,26759,30518,+3759,+23736,208046,237039,+28993,+186829,KRX
20211223,+127500,2,+500,+0.39,2398358,68571,48594,--19977,--38158,538513,380677,--157836,--299417,KRX
20211222,+127000,2,+2500,+2.01,3817689,55801,73982,+18181,--61130,439529,581110,+141581,--497203,KRX
20211221,+124500,2,+4000,+3.32,3678590,41620,120931,+79311,+88314,335561,974345,+638784,+714722,KRX
20211220,-120500,5,-1500,-1.23,2846815,63538,54535,--9003,+1591,523441,447503,--75938,+12306,KRX
20211217,-122000,5,-2000,-1.61,3850444,117120,106526,--10594,--30795,963272,875028,--88244,--250111,KRX
20211216,+124000,2,+500,+0.40,3869086,107872,128073,+20201,--51302,870574,1032441,+161867,--421880,KRX
20211215,+123500,2,+2500,+2.07,2681332,61272,132775,+71503,+66957,500826,1084573,+583747,+546839,KRX
20211214,-121000,5,-500,-0.41,2201003,46560,51106,+4546,--26625,384973,421881,+36908,--215540,KRX
20211213,+121500,2,+1000,+0.83,3329176,84467,115638,+31171,+115020,689892,942340,+252448,+949954,KRX
20211210,-120500,5,-3000,-2.43,2512642,125017,41168,--83849,--180646,1039198,341692,--697506,--1486844,KRX
20211209,+123500,2,+3500,+2.92,5631833,227709,324506,+96797,+146498,1854500,2643838,+789338,+1200271,KRX
20211208,-120000,5,-1500,-1.23,6168137,204013,154312,--49701,--139146,1672759,1261826,--410933,--1146295,KRX
20211207,+121500,2,+3000,+2.53,5112025,79349,168794,+89445,+82974,657774,1393136,+735362,+682507,KRX
20211206,+118500,2,+500,+0.42,4318893,110842,117313,+6471,+42100,943348,996203,+52855,+358632,KRX
20211203,-118000,5,-2000,-1.67,4567843,154007,118378,--35629,--131379,1309762,1003985,--305777,--1106732,KRX
20211202,+120000,2,+3500,+3.00,6980518,131670,227420,+95750,+62362,1105540,1906495,+800955,+509209,KRX
20211201,+116500,2,+2500,+2.19,4214135,110755,144143,+33388,+96710,962897,1254643,+291746,+838811,KRX
20211130,-114000,5,-2000,-1.72,7449608,257211,193889,--63322,--11818,2233619,1686554,--547065,--108508,KRX
20211129,+116000,2,+500,+0.43,4412863,138405,86901,--51504,--68767,1187724,749167,--438557,--585884,KRX
20211126,-115500,5,-2000,-1.70,4337936,97556,114819,+17263,+21995,841632,988959,+147327,+187241,KRX
20211125,-117500,5,-2000,-1.67,3339835,72233,67501,--4732,+6093,609865,569951,--39914,+50295,KRX
20211124,+119500,2,+500,+0.42,4001111,92477,81652,--10825,+4899,772288,682079,--90209,+42749,KRX
20211123,-119000,5,-500,-0.42,4847270,116660,100936,--15724,--202315,976566,843608,--132958,--1695370,KRX
20211122,+119500,2,+8000,+7.17,9786492,124260,310851,+186591,+130530,1042034,2604446,+1562412,+1060134,KRX
20211119,+111500,2,+1500,+1.36,2324668,59498,115559,+56061,+41058,535946,1038224,+502278,+366558,KRX
20211118,-110000,5,-500,-0.45,1928891,44887,59890,+15003,+28529,407849,543569,+135720,+258121,KRX
20211117,-110500,5,-1500,-1.34,3062491,97494,83968,--13526,--32614,879787,757386,--122401,--292849,KRX
20211116,+112000,2,+1000,+0.90,3767311,94230,113318,+19088,--124516,845725,1016173,+170448,--1128168,KRX
20211115,+111000,2,+4500,+4.23,4701568,33593,177197,+143604,+166489,303219,1601835,+1298616,+1512872,KRX
20211112,-106500,5,-1000,-0.93,1786165,55149,32264,--22885,--32760,514339,300083,--214256,--305721,KRX
20211111,-107500,5,-1000,-0.92,2731498,75383,85258,+9875,+51782,703215,794680,+91465,+478434,KRX
20211110,-108500,5,-500,-0.46,2361295,85702,43795,--41907,+5491,790052,403083,--386969,+50708,KRX
20211109,+109000,2,+1500,+1.40,3440686,103939,56541,--47398,--58700,957798,520121,--437677,--544942,KRX
20211108,+107500,2,+500,+0.47,2212348,47225,58527,+11302,--16651,443855,551120,+107265,--152749,KRX
20211105,+107000,2,+1000,+0.94,2523345,66747,94700,+27953,+29418,623294,883308,+260014,+274482,KRX
20211104,+106000,2,+500,+0.47,2059242,57481,56016,--1465,--3359,538197,523729,--14468,--31497,KRX
20211103,-105500,5,-2000,-1.86,3116506,78567,80461,+1894,--2057,739367,756396,+17029,--18033,KRX
20211102,+107500,2,+1000,+0.94,2892292,77477,81428,+3951,--1407,720673,755735,+35062,--16396,KRX
20211101,+106500,2,+3500,+3.40,3118661,71503,76861,+5358,+39670,676894,728352,+51458,+382128,KRX
20211029,-103000,5,-3500,-3.29,4007223,121764,87452,--34312,--65763,1164576,833906,--330670,--631139,KRX
20211028,+106500,2,+5000,+4.93,6329703,140810,172261,+31451,+30081,1326338,1626807,+300469,+289234,KRX
20211027,-101500,5,-500,-0.49,2859255,80504,81874,+1370,+3020,786410,797645,+11235,+27225,KRX
20211026,+102000,2,+2000,+2.00,3458645,103113,101463,--1650,--32699,1007244,991254,--15990,--324926,KRX
20211025,+100000,2,+1500,+1.52,2950459,89284,120333,+31049,--10000,890105,1199041,+308936,--110819,KRX
20211022,+98500,2,+2200,+2.28,1962833,50183,91232,+41049,+41172,513293,933048,+419755,+421550,KRX
20211021,-96300,5,-1600,-1.63,2152221,84046,83923,--123,--15551,865101,863306,--1795,--158390,KRX
20211020,+97900,2,+200,+0.20,2010529,55592,71020,+15428,+21331,566697,723292,+156595,+217243,KRX
20211019,+97700,2,+600,+0.62,1400175,58746,52843,--5903,--11541,601053,540405,--60648,--119341,KRX
20211018,-97100,5,-1300,-1.32,2111399,70451,76089,+5638,--20564,723317,782010,+58693,--212211,KRX
20211015,+98400,2,+4600,+4.90,4229748,148803,175005,+26202,+24744,1529696,1800600,+270904,+255520,KRX
20211014,+93800,2,+1800,+1.96,2414639,67687,69145,+1458,--21544,722728,738112,+15384,--231644,KRX
20211013,+92000,2,+500,+0.55,3045438,90446,113448,+23002,--17911,981778,1228806,+247028,--196871,KRX
20211012,-91500,5,-2500,-2.66,4728215,144957,185870,+40913,--14620,1578347,2022246,+443899,--147807,KRX
20211008,-94000,5,-1700,-1.78,4098832,65974,121507,+55533,+46274,700211,1291917,+591706,+493723,KRX
20211007,-95700,5,-800,-0.83,3834957,87798,97057,+9259,+26927,915212,1013195,+97983,+279909,KRX
20211006,-96500,5,-1400,-1.43,2816951,81273,63605,--17668,+28382,838549,656623,--181926,+289070,KRX
20211005,-97900,5,-2100,-2.10,3244145,111633,65583,--46050,--15328,1140048,669052,--470996,--163363,KRX
20211001,-100000,5,-3000,-2.91,2681124,82133,51411,--30722,--128746,817090,509457,--307633,--1267537,KRX
20210930,+103000,2,+3000,+3.00,3910557,93097,191121,+98024,+159462,911116,1871020,+959904,+1574949,KRX
20210929,-100000,5,-3500,-3.38,6353977,165002,103564,--61438,--46735,1645635,1030590,--615045,--471697,KRX
20210928,-103500,5,-1000,-0.96,2951945,85205,70502,--14703,--23993,822093,678745,--143348,--231735,KRX
20210927,+104500,2,+500,+0.48,1839358,39682,48972,+9290,+23555,379779,468166,+88387,+224879,KRX
20210924,-104000,5,-1500,-1.42,2236954,64853,50588,--14265,+19445,618873,482381,--136492,+183081,KRX
20210923,-105500,5,-1500,-1.40,2493313,108312,74602,--33710,--149226,1023174,703601,--319573,--1412049,KRX
20210917,+107000,2,+3000,+2.88,3386517,79138,194654,+115516,+217583,743974,1836450,+1092476,+2063800,KRX
20210916,-104000,5,-3500,-3.26,3602821,153126,51059,--102067,--155334,1458839,487515,--971324,--1468705,KRX
20210915,107500,3,0,0.00,2933797,121183,174450,+53267,+12071,1135358,1632739,+497381,+116099,KRX
20210914,+107500,2,+1000,+0.94,2463248,59417,100613,+41196,+42751,552591,933873,+381282,+396073,KRX
20210913,+106500,2,+1500,+1.43,1923344,41896,40341,--1555,--5353,395238,380447,--14791,--50427,KRX
20210910,+105000,2,+2000,+1.94,1999369,61938,65736,+3798,+75136,593770,629406,+35636,+724882,KRX
20210909,-103000,5,-3000,-2.83,3233011,148519,77181,--71338,--153772,1433720,744474,--689246,--1465011,KRX
20210908,+106000,2,+1500,+1.44,2891267,57468,139902,+82434,+84934,543725,1319490,+775765,+799801,KRX
20210907,-104500,5,-1500,-1.42,2547667,55119,52619,--2500,+1393,526233,502197,--24036,+12863,KRX
20210906,-106000,5,-1000,-0.93,1888595,42883,38990,--3893,--54056,404763,367864,--36899,--506047,KRX
20210903,+107000,2,+500,+0.47,2513486,48417,98580,+50163,+80566,453959,923107,+469148,+754760,KRX
20210902,-106500,5,-1500,-1.39,2724565,77282,46879,--30403,+6533,723955,438343,--285612,+61113,KRX
20210901,+108000,2,+1500,+1.41,4736183,122076,85140,--36936,--152593,1147166,800441,--346725,--1446219,KRX
20210831,+106500,2,+3000,+2.90,4979276,113995,229652,+115657,+109774,1085182,2184676,+1099494,+1043487,KRX
20210830,103500,3,0,0.00,1815758,35658,41541,+5883,--22369,343147,399154,+56007,--216295,KRX
20210827,-103500,5,-500,-0.48,3507782,79701,107953,+28252,--26335,775401,1047703,+272302,--243297,KRX
20210826,+104000,2,+500,+0.48,3694741,51605,106192,+54587,+47425,493296,1008895,+515599,+446829,KRX
20210825,-103500,5,-1500,-1.43,3194555,63110,70272,+7162,+20975,607269,676039,+68770,+201486,KRX
20210824,+105000,2,+2000,+1.94,4454743,108604,94791,--13813,+64668,1035516,902800,--132716,+623198,KRX
20210823,+103000,2,+500,+0.49,4515699,165226,86745,--78481,--36246,1589065,833151,--755914,--344564,KRX
20210820,102500,3,0,0.00,4719139,125921,83686,--42235,--15443,1224453,813103,--411350,--152362,KRX
20210819,-102500,5,-1500,-1.44,6161038,120773,93981,--26792,--25205,1169692,910704,--258988,--239948,KRX
20210818,+104000,2,+2500,+2.46,8047599,152674,151087,--1587,--40656,1473502,1454462,--19040,--401204,KRX
20210817,101500,3,0,0.00,7851717,123868,162937,+39069,+130860,1218097,1600261,+382164,+1300130,KRX
20210813,+101500,2,+1000,+1.00,11622957,276734,184943,--91791,+177686,2766647,1848681,--917966,+1750839,KRX
20210812,-100500,5,-5000,-4.74,19150647,493724,224247,--269477,--68267,4887308,2218503,--2668805,--800593,KRX
20210811,-105500,5,-7000,-6.22,13715267,318321,117111,--201210,--40943,2964777,1096565,--1868212,--445829,KRX
20210810,-112500,5,-3500,-3.02,5420223,197237,36970,--160267,--158817,1750143,327760,--1422383,--1410137,KRX
20210809,-116000,5,-2000,-1.69,2755724,59512,58062,--1450,+14434,510391,498145,--12246,+122869,KRX
20210806,-118000,5,-2000,-1.67,2209875,70688,54804,--15884,+57559,598207,463092,--135115,+479807,KRX
20210805,-120000,5,-1000,-0.83,3491584,130622,57179,--73443,--37171,1092311,477389,--614922,--315896,KRX
20210804,+121000,2,+1000,+0.83,4162635,118401,82129,--36272,--68732,974176,675150,--299026,--571591,KRX
20210803,+120000,2,+4000,+3.45,4396423,58632,91092,+32460,+27416,491520,764085,+272565,+225001,KRX
20210802,+116000,2,+3500,+3.11,4276730,99096,104140,+5044,+20600,858455,906019,+47564,+186902,KRX
20210730,-112500,5,-1500,-1.32,2888566,90017,74461,--15556,+4839,796914,657576,--139338,+41064,KRX
20210729,114000,3,0,0.00,3054699,104884,84489,--20395,+89384,920775,740373,--180402,+785883,KRX
20210728,-114000,5,-2000,-1.72,6033084,200709,90930,--109779,--64125,1763050,796765,--966285,--573978,KRX
20210727,-116000,5,-1000,-0.85,2916330,79837,34183,--45654,--19611,683091,290784,--392307,--170037,KRX
20210726,-117000,5,-1500,-1.27,1836657,55292,29249,--26043,--6656,469677,247407,--222270,--57751,KRX
20210723,-118500,5,-1000,-0.84,1747651,44054,24667,--19387,--37053,372833,208314,--164519,--312688,KRX
20210722,+119500,2,+2500,+2.14,1919233,47906,65572,+17666,+85419,401211,549380,+148169,+724756,KRX
20210721,-117000,5,-1500,-1.27,2864601,114934,47181,--67753,--76627,978019,401432,--576587,--651316,KRX
20210720,-118500,5,-500,-0.42,2070074,31717,40591,+8874,+47778,267802,342531,+74729,+401718,KRX
20210719,-119000,5,-2500,-2.06,2066638,56198,17294,--38904,--5901,472191,145202,--326989,--53787,KRX
20210716,-121500,5,-2000,-1.62,2905546,96526,63523,--33003,--30467,796738,523536,--273202,--252248,KRX
20210715,123500,3,0,0.00,1500981,42248,39712,--2536,--39514,342521,321567,--20954,--320212,KRX
20210714,+123500,2,+500,+0.41,2443087,56662,93640,+36978,--76749,461200,760458,+299258,--627144,KRX
20210713,+123000,2,+3000,+2.50,2879072,31148,144875,+113727,+150085,254488,1180890,+926402,+1228361,KRX
20210712,+120000,2,+500,+0.42,2477201,74953,38595,--36358,+33005,621404,319445,--301959,+284042,KRX
20210709,-119500,5,-2000,-1.65,4823577,152740,83377,--69363,+37883,1286129,700128,--586001,+295191,KRX
20210708,-121500,5,-2000,-1.62,3165552,142253,35007,--107246,--89794,1167503,286311,--881192,--738981,KRX
20210707,-123500,5,-1500,-1.20,2229140,70483,53031,--17452,--56777,570960,428749,--142211,--455871,KRX
20210706,+125000,2,+2000,+1.63,2067135,31010,70335,+39325,+29664,248071,561731,+313660,+235791,KRX
20210705,+123000,2,+500,+0.41,1632551,28624,38285,+9661,+111203,231816,309685,+77869,+906769,KRX
20210702,-122500,5,-2000,-1.61,3983921,147192,45650,--101542,+5573,1201040,372140,--828900,+29239,KRX
20210701,-124500,5,-3000,-2.35,3336174,143976,36861,--107115,--215239,1151798,293659,--858139,--1699192,KRX
20210630,+127500,2,+2500,+2.00,4346027,80818,188942,+108124,+119004,632840,1473893,+841053,+929695,KRX
20210629,-125000,5,-1000,-0.79,2211572,72813,61933,--10880,+26686,579091,490449,--88642,+207456,KRX
20210628,-126000,5,-2500,-1.95,2402730,75677,38111,--37566,--63335,596093,299995,--296098,--496694,KRX
20210625,+128500,2,+2500,+1.98,2531018,34784,60553,+25769,+51001,271073,471669,+200596,+401979,KRX
20210624,+126000,2,+2000,+1.61,2646407,99736,74504,--25232,--23590,795047,593664,--201383,--188538,KRX
20210623,+124000,2,+2000,+1.64,2703658,62359,60717,--1642,--7565,505351,492506,--12845,--61069,KRX
20210622,122000,3,0,0.00,2179712,44263,50186,+5923,+75512,362020,410244,+48224,+620310,KRX
20210621,-122000,5,-2500,-2.01,3275288,120749,51160,--69589,--12856,992062,419976,--572086,--117906,KRX
20210618,-124500,5,-2000,-1.58,2506112,113987,57254,--56733,--9318,910587,456407,--454180,--79203,KRX
20210617,-126500,5,-3000,-2.32,2123793,83140,35725,--47415,--84533,657114,282137,--374977,--662205,KRX
20210616,+129500,2,+1000,+0.78,1893752,51851,88969,+37118,+21011,402944,690172,+287228,+162744,KRX
20210615,+128500,2,+1500,+1.18,1975082,51276,67383,+16107,+52194,399136,523620,+124484,+409888,KRX
20210614,-127000,5,-1000,-0.78,2022730,79341,43254,--36087,--158043,626821,341417,--285404,--1248219,KRX
20210611,+128000,2,+5000,+4.07,4868608,63369,185325,+121956,+163742,501778,1464593,+962815,+1304640,KRX
20210610,+123000,2,+500,+0.41,4533076,217164,175378,--41786,--13403,1769647,1427822,--341825,--109714,KRX
20210609,-122500,5,-5000,-3.92,6087592,104903,76520,--28383,--68975,849432,617321,--232111,--551171,KRX
20210608,-127500,5,-1000,-0.78,4194955,69422,110014,+40592,+27658,548750,867810,+319060,+219296,KRX
20210607,128500,3,0,0.00,2562918,43749,56683,+12934,--6964,339662,439426,+99764,--55763,KRX
20210604,-128500,5,-500,-0.39,2555891,63676,83574,+19898,--43476,499071,654598,+155527,--337357,KRX
20210603,+129000,2,+3000,+2.38,3353993,64798,128172,+63374,+96082,502862,995746,+492884,+750842,KRX
20210602,-126000,5,-2500,-1.95,2885654,112751,80043,--32708,--33312,887917,629959,--257958,--261736,KRX
20210601,+128500,2,+1500,+1.18,2819179,64750,65354,+604,--32178,505584,509362,+3778,--256026,KRX
20210531,+127000,2,+2000,+1.60,2448074,53574,86356,+32782,+106956,426319,686123,+259804,+852561,KRX
20210528,-125000,5,-500,-0.40,2332971,118687,44513,--74174,--56623,947311,354554,--592757,--453172,KRX
20210527,+125500,2,+2500,+2.03,4539067,175634,158083,--17551,--14465,1404155,1264570,--139585,--112793,KRX
20210526,123000,3,0,0.00,3015522,92410,89324,--3086,--56070,750873,724081,--26792,--460165,KRX
20210525,+123000,2,+3500,+2.93,3258364,64368,117352,+52984,+45794,526652,960025,+433373,+373840,KRX
20210524,-119500,5,-3000,-2.45,3188734,86709,93899,+7190,+69623,722172,781705,+59533,+565512,KRX
20210521,122500,3,0,0.00,4062695,157636,95203,--62433,--54030,1277722,771743,--505979,--437119,KRX
20210520,+122500,2,+1500,+1.24,4600751,169728,161325,--8403,--3541,1388723,1319863,--68860,--30841,KRX
20210518,+121000,2,+3500,+2.98,3470048,86819,81957,--4862,--11980,718098,680079,--38019,--99066,KRX
20210517,-117500,5,-1000,-0.84,3110127,56598,63716,+7118,+44120,478623,539670,+61047,+373506,KRX
20210514,+118500,2,+1000,+0.85,3227201,94033,57031,--37002,--15773,791607,479148,--312459,--131377,KRX
20210513,-117500,5,-2000,-1.67,6042025,141701,120472,--21229,+66413,1210010,1028928,--181082,+541202,KRX
20210512,-119500,5,-3500,-2.85,8272196,315891,228249,--87642,+148917,2615639,1893355,--722284,+1183620,KRX
20210511,-123000,5,-7000,-5.38,9882491,359996,123437,--236559,--210214,2900804,994900,--1905904,--1702351,KRX
20210510,+130000,2,+500,+0.39,3067077,89013,62668,--26345,--19329,685797,482244,--203553,--147738,KRX
20210507,+129500,2,+500,+0.39,3450323,92437,85421,--7016,+47234,717113,661298,--55815,+365980,KRX
20210506,-129000,5,-3000,-2.27,4211535,161022,106772,--54250,--22625,1248219,826424,--421795,--178236,KRX
20210504,+132000,2,+500,+0.38,2547004,115341,83716,--31625,--131898,881703,638144,--243559,--1008902,KRX
20210503,+131500,2,+3500,+2.73,4085398,77608,177881,+100273,+135324,595338,1360681,+765343,+1039795,KRX
20210430,-128000,5,-2000,-1.54,3955947,97258,62207,--35051,--25488,759446,484994,--274452,--198027,KRX
20210429,130000,3,0,0.00,3738266,84278,74715,--9563,+99034,647348,570923,--76425,+756675,KRX
20210428,-130000,5,-5000,-3.70,5596760,196937,88340,--108597,--111910,1504969,671869,--833100,--856537,KRX
20210427,+135000,2,+3500,+2.66,3394650,88655,91968,+3313,+62475,661583,685020,+23437,+474863,KRX
20210426,-131500,5,-1000,-0.75,2904879,121613,62451,--59162,--30902,926642,475216,--451426,--230459,KRX
20210423,-132500,5,-500,-0.38,4854412,128353,100093,--28260,--18687,984719,763752,--220967,--149129,KRX
20210422,+133000,2,+500,+0.38,3007457,97381,87808,--9573,+150607,728276,656438,--71838,+1122939,KRX
20210421,-132500,5,-6000,-4.33,5120577,216710,56530,--160180,--133229,1613480,418703,--1194777,--996551,KRX
20210420,+138500,2,+500,+0.36,2167732,108822,81871,--26951,--36642,792020,593794,--198226,--267751,KRX
20210419,+138000,2,+500,+0.36,1906782,67674,77365,+9691,+34365,490118,559643,+69525,+248908,KRX
20210416,137500,3,0,0.00,1982877,82055,57381,--24674,--7239,594555,415172,--179383,--51878,KRX
20210415,+137500,2,+500,+0.36,2291160,96970,79535,--17435,+38369,705510,578005,--127505,+278775,KRX
20210414,-137000,5,-2500,-1.79,2777203,102183,46379,--55804,--73498,743011,336731,--406280,--532887,KRX
20210413,+139500,2,+2000,+1.45,2876178,69060,86754,+17694,+77227,498881,625488,+126607,+557384,KRX
20210412,-137500,5,-2500,-1.79,3878457,131988,72455,--59533,--16258,956798,526021,--430777,--123700,KRX
20210409,-140000,5,-4000,-2.78,3276077,118588,75313,--43275,--35198,836026,528949,--307077,--250305,KRX
20210408,+144000,2,+500,+0.35,3774932,97880,89803,--8077,+3608,679687,622915,--56772,+26765,KRX
20210407,+143500,2,+500,+0.35,2424687,85591,73906,--11685,--9377,595119,511582,--83537,--61957,KRX
20210406,143000,3,0,0.00,3753217,100031,97723,--2308,--31169,695462,673882,--21580,--223163,KRX
20210405,+143000,2,+2000,+1.42,2616440,39238,68099,+28861,+45056,274983,476566,+201583,+316642,KRX
20210402,+141000,2,+500,+0.36,3432245,101671,85476,--16195,--190472,718760,603701,--115059,--1373621,KRX
20210401,+140500,2,+8000,+6.04,5833436,105453,279730,+174277,+251915,761792,2020354,+1258562,+1842472,KRX
20210331,-132500,5,-2000,-1.49,3309680,160396,82758,--77638,--70136,1204065,620155,--583910,--526420,KRX
20210330,+134500,2,+2500,+1.89,3304184,95040,87538,--7502,--4532,709971,652481,--57490,--35459,KRX
20210329,-132000,5,-3000,-2.22,3575226,75602,72632,--2970,+34893,567080,545049,--22031,+262894,KRX
20210326,+135000,2,+2000,+1.50,3835443,107726,69863,--37863,+3072,805885,520960,--284925,+25625,KRX
20210325,-133000,5,-500,-0.37,4157799,160770,119835,--40935,--2415,1214281,903731,--310550,--19636,KRX
20210324,-133500,5,-1500,-1.11,3894080,135746,97226,--38520,+30690,1021196,730282,--290914,+218717,KRX
20210323,-135000,5,-3000,-2.17,3839090,150579,81369,--69210,--31599,1105750,596119,--509631,--237174,KRX
20210322,138000,3,0,0.00,2727719,106760,69149,--37611,+5842,771336,498879,--272457,+42373,KRX
20210319,-138000,5,-4000,-2.82,4015627,136448,92995,--43453,--86354,987425,672595,--314830,--611368,KRX
20210318,+142000,2,+2000,+1.43,4426840,86657,129558,+42901,+77787,606809,903347,+296538,+546693,KRX
20210317,-140000,5,-500,-0.36,2588319,85649,50763,--34886,--59847,613084,362929,--250155,--428595,KRX
20210316,+140500,2,+4000,+2.93,3304561,91896,116857,+24961,+138935,658490,836930,+178440,+1009271,KRX
20210315,-136500,5,-3500,-2.50,4289990,197306,83332,--113974,--160759,1428611,597780,--830831,--1163635,KRX
20210312,+140000,2,+3000,+2.19,4548695,92671,139456,+46785,+6455,658009,990813,+332804,+40190,KRX
20210311,+137000,2,+4000,+3.01,6707671,166159,206489,+40330,+57816,1213180,1505794,+292614,+419313,KRX
20210310,-133000,5,-3500,-2.56,5614476,123688,106202,--17486,+50600,906856,780157,--126699,+391269,KRX
20210309,+136500,2,+1000,+0.74,7822152,262696,194610,--68086,--79090,1973836,1455868,--517968,--594915,KRX
20210308,-135500,5,-4500,-3.21,5587787,119542,130546,+11004,+60256,860927,937874,+76947,+431286,KRX
20210305,-140000,5,-2000,-1.41,6091444,170298,121046,--49252,+57957,1225482,871143,--354339,+398963,KRX
20210304,-142000,5,-5000,-3.40,6586562,203003,95794,--107209,--135402,1423150,669848,--753302,--945892,KRX
20210303,+147000,2,+2500,+1.73,5827221,75910,104103,+28193,+47201,526733,719323,+192590,+330421,KRX
20210302,+144500,2,+3000,+2.12,9376523,203307,184299,--19008,+178385,1403178,1265347,--137831,+1260549,KRX
20210226,-141500,5,-7000,-4.71,10843268,399274,201881,--197393,--397044,2820985,1422605,--1398380,--2783861,KRX
20210225,+148500,2,+12500,+9.19,9936495,122381,322032,+199651,+211791,841202,2226683,+1385481,+1483681,KRX
20210224,-136000,5,-2500,-1.81,9074809,163995,151855,--12140,--36656,1184730,1086530,--98200,--275680,KRX
20210223,+138500,2,+2000,+1.47,6400037,118006,142522,+24516,+113195,867635,1045115,+177480,+825300,KRX
20210222,+136500,2,+3500,+2.63,7961516,191539,102860,--88679,--132673,1397298,749478,--647820,--982158,KRX
20210219,+133000,2,+7000,+5.56,6986526,129578,173572,+43994,+114525,990253,1324591,+334338,+892299,KRX
20210218,-126000,5,-4000,-3.08,3792425,158822,88291,--70531,+22682,1252076,694115,--557961,+164483,KRX
20210217,-130000,5,-2500,-1.89,3621178,160778,67565,--93213,--65322,1244305,521861,--722444,--510163,KRX
20210216,+132500,2,+500,+0.38,3218689,88293,60402,--27891,--178581,668676,456395,--212281,--1359807,KRX
20210215,+132000,2,+6000,+4.76,5384526,81250,231940,+150690,+197928,619563,1767089,+1147526,+1523285,KRX
20210210,+126000,2,+500,+0.40,4262526,164462,117224,--47238,--53469,1308648,932889,--375759,--420082,KRX
20210209,+125500,2,+500,+0.40,5177095,153625,159856,+6231,+29426,1205903,1250226,+44323,+228166,KRX
20210208,-125000,5,-2500,-1.96,2876471,82741,59546,--23195,--31533,655391,471548,--183843,--249562,KRX
20210205,+127500,2,+2500,+2.00,3497303,97625,105963,+8338,+30107,773811,839530,+65719,+240778,KRX
20210204,-125000,5,-5000,-3.85,4600618,119489,97720,--21769,+49215,952355,777296,--175059,+371829,KRX
20210203,130000,3,0,0.00,3693688,147762,76778,--70984,--76602,1136060,589172,--546888,--588373,KRX
20210202,+130000,2,+5000,+4.00,4880067,117708,123326,+5618,+81598,908037,949522,+41485,+661599,KRX
20210201,+125000,2,+2500,+2.04,5620305,267215,191235,--75980,--9240,2171306,1551192,--620114,--75096,KRX
20210129,-122500,5,-500,-0.41,7391307,254205,187465,--66740,+47678,2052027,1507009,--545018,+381140,KRX
20210128,-123000,5,-5500,-4.28,6270829,222010,107592,--114418,--83909,1796697,870539,--926158,--688163,KRX
20210127,-128500,5,-500,-0.39,5068456,154964,124455,--30509,+205390,1198670,960675,--237995,+1579768,KRX
20210126,-129000,5,-6000,-4.44,6270106,321650,85751,--235899,--297187,2475065,657302,--1817763,--2277931,KRX
20210125,+135000,2,+6500,+5.06,5061864,87957,149245,+61288,+61075,657258,1117426,+460168,+460350,KRX
20210122,-128500,5,-3000,-2.28,3927767,104794,105007,+213,--12820,806398,806216,--182,--98784,KRX
20210121,+131500,2,+1000,+0.77,3067677,74842,87875,+13033,+59705,570740,669342,+98602,+453392,KRX
20210120,130500,3,0,0.00,4913282,183038,136366,--46672,+41253,1388656,1033866,--354790,+319545,KRX
20210119,+130500,2,+500,+0.38,4513315,219368,131443,--87925,--69273,1681008,1006673,--674335,--527612,KRX
20210118,+130000,2,+2500,+1.96,5927419,169520,150868,--18652,+16129,1325043,1178320,--146723,+125583,KRX
20210115,-127500,5,-3000,-2.30,4838114,153211,118430,--34781,+35740,1185608,913302,--272306,+268765,KRX
20210114,-130500,5,-2500,-1.88,5380278,238041,167520,--70521,--84199,1823580,1282509,--541071,--642583,KRX
20210113,+133000,2,+4000,+3.10,6791044,182077,195755,+13678,+55645,1388838,1490350,+101512,+431052,KRX
20210112,-129000,5,-4000,-3.01,8700877,276727,234760,--41967,+93680,2150793,1821253,--329540,+669222,KRX
20210111,-133000,5,-5000,-3.62,11154671,306386,170739,--135647,--155819,2264400,1265638,--998762,--1138809,KRX
20210108,+138000,2,+3500,+2.60,8713010,223423,243595,+20172,+83425,1649869,1789916,+140047,+606622,KRX
20210107,+134500,2,+3500,+2.67,5981299,180720,117467,--63253,--68701,1335489,868914,--466575,--503411,KRX
20210106,+131000,2,+500,+0.38,8525749,209559,215007,+5448,--50336,1581858,1618694,+36836,--398649,KRX
20210105,+130500,2,+4500,+3.57,7180224,138838,194622,+55784,+54285,1081551,1517036,+435485,+421155,KRX
20210104,+126000,2,+7500,+6.33,7995016,188788,190287,+1499,--11304,1517844,1532174,+14330,--95427,KRX
20201230,+118500,2,+2500,+2.16,4195192,85360,98163,+12803,+22575,729841,839598,+109757,+196837,KRX
20201229,+116000,2,+500,+0.43,4208916,85112,75340,--9772,+5729,734856,647776,--87080,+44538,KRX
20201228,-115500,5,-2500,-2.12,4825132,82560,67059,--15501,--31068,702759,571141,--131618,--263094,KRX
20201224,+118000,2,+2000,+1.72,3486636,63366,78933,+15567,--33884,539910,671386,+131476,--299570,KRX
20201223,+116000,2,+3500,+3.11,3173156,64770,114221,+49451,+40255,565551,996597,+431046,+351136,KRX
20201222,-112500,5,-3500,-3.02,4270842,80570,89766,+9196,+21517,709633,789543,+79910,+187540,KRX
20201221,-116000,5,-2500,-2.11,3585805,59386,47065,--12321,+17552,513903,406273,--107630,+145621,KRX
20201218,-118500,5,-1000,-0.84,3010798,111758,81885,--29873,--73542,944864,691613,--253251,--620026,KRX
20201217,+119500,2,+2000,+1.70,3649945,71662,115331,+43669,+63871,605058,971833,+366775,+539300,KRX
20201216,117500,3,0,0.00,2213552,70613,50411,--20202,--12056,600502,427977,--172525,--102017,KRX
20201215,+117500,2,+500,+0.43,2755902,75515,67369,--8146,+17826,646762,576254,--70508,+151994,KRX
20201214,+117000,2,+1500,+1.30,3066761,73900,47928,--25972,+5711,632137,409635,--222502,+51341,KRX
20201211,-115500,5,-1000,-0.86,3944552,102036,70353,--31683,--2491,878692,604849,--273843,--24824,KRX
20201210,-116500,5,-4000,-3.32,8205744,266455,237263,--29192,--8807,2281130,2032111,--249019,--80114,KRX
20201209,+120500,2,+5500,+4.78,5490760,109055,88670,--20385,--320,919042,750137,--168905,+6190,KRX
20201208,-115000,5,-3000,-2.54,4536460,120345,100280,--20065,--18483,1040776,865681,--175095,--160218,KRX
20201207,+118000,2,+3000,+2.61,5191354,124832,123250,--1582,--636,1056832,1041955,--14877,+914,KRX
20201204,+115000,2,+3500,+3.14,8258814,247498,246552,--946,+110789,2138173,2122382,--15791,+996321,KRX
20201203,+111500,2,+2500,+2.29,6617912,198605,86870,--111735,--152633,1792689,780577,--1012112,--1395794,KRX
20201202,+109000,2,+8500,+8.46,7488361,102292,143190,+40898,--19865,950050,1333732,+383682,--225555,KRX
20201201,+100500,2,+3000,+3.08,4455519,76492,137255,+60763,+140599,765224,1374461,+609237,+1425962,KRX
20201130,-97500,5,-1300,-1.32,3877841,240418,160582,--79836,--62135,2460383,1643658,--816725,--637310,KRX
20201127,-98800,5,-600,-0.60,1976047,68923,51222,--17701,+11918,697078,517663,--179415,+122802,KRX
20201126,+99400,2,+2200,+2.26,2933290,96401,66782,--29619,--4726,981086,678869,--302217,--49123,KRX
20201125,-97200,5,-1400,-1.42,4081524,142443,117550,--24893,--8299,1450334,1197240,--253094,--85411,KRX
20201124,-98600,5,-1400,-1.40,3766043,90854,74260,--16594,--48759,914855,747172,--167683,--490460,KRX
20201123,+100000,2,+3200,+3.31,4149013,56740,88905,+32165,+56344,569446,892223,+322777,+570545,KRX
20201120,-96800,5,-1400,-1.43,2424003,60455,36276,--24179,--39512,620192,372424,--247768,--404341,KRX
20201119,+98200,2,+200,+0.20,2766688,62894,78227,+15333,+11732,646013,802586,+156573,+122309,KRX
20201118,-98000,5,-100,-0.10,3734037,77944,81545,+3601,--67988,794553,828817,+34264,--692029,KRX
20201117,+98100,2,+100,+0.10,5218295,113880,185469,+71589,--50953,1159437,1885730,+726293,--576880,KRX
20201116,+98000,2,+8300,+9.25,9274278,88305,210847,+122542,+114115,918026,2221199,+1303173,+1208834,KRX
20201113,+89700,2,+1600,+1.82,3774278,54198,62625,+8427,--53995,607375,701714,+94339,--616822,KRX
20201112,+88100,2,+1100,+1.26,4006433,76825,139247,+62422,+16097,873779,1584940,+711161,+178031,KRX
20201111,+87000,2,+500,+0.58,2638617,35978,82303,+46325,--3427,414969,948099,+533130,--42162,KRX
20201110,+86500,2,+500,+0.58,2849783,49545,99297,+49752,+48162,573425,1148717,+575292,+556762,KRX
20201109,-86000,5,-300,-0.35,2444330,35989,37579,+1590,--17942,416701,435231,+18530,--206614,KRX
20201106,+86300,2,+200,+0.23,2863808,42244,61776,+19532,--25725,488770,713914,+225144,--303335,KRX
20201105,+86100,2,+2900,+3.49,4082325,52311,97568,+45257,+30672,612430,1140909,+528479,+354013,KRX
20201104,+83200,2,+1800,+2.21,3782296,41399,55984,+14585,+44740,501279,675745,+174466,+548698,KRX
20201103,+81400,2,+1800,+2.26,2057723,60075,29920,--30155,--2578,744582,370350,--374232,--28682,KRX
20201102,-79600,5,-300,-0.38,2000394,56944,29367,--27577,+25231,713653,368103,--345550,+309125,KRX
20201030,-79900,5,-1800,-2.20,2710477,101415,48607,--52808,--26848,1257137,602462,--654675,--335414,KRX
20201029,-81700,5,-1200,-1.45,2637314,61379,35419,--25960,--22237,753854,434593,--319261,--274242,KRX
20201028,+82900,2,+300,+0.36,1773556,43381,39658,--3723,+3316,524138,479119,--45019,+40589,KRX
20201027,-82600,5,-600,-0.72,2265817,41643,34604,--7039,+8598,503953,418345,--85608,+101804,KRX
20201026,-83200,5,-700,-0.83,1662847,45305,29668,--15637,--16128,541242,353830,--187412,--191640,KRX
20201023,+83900,2,+600,+0.72,2609595,56312,56803,+491,+33594,672602,676830,+4228,+403009,KRX
20201022,-83300,5,-500,-0.60,2593975,76101,42998,--33103,+19925,915699,516918,--398781,+232744,KRX
20201021,-83800,5,-1400,-1.64,4925877,161488,108460,--53028,+14214,1920298,1288773,--631525,+154083,KRX
20201020,-85200,5,-1500,-1.73,6622637,126453,59211,--67242,--68417,1476098,690490,--785608,--798644,KRX
20201019,+86700,2,+1400,+1.64,3150011,64204,65379,+1175,+11184,736560,749596,+13036,+130526,KRX
20201016,-85300,5,-1800,-2.07,2435541,62230,52221,--10009,--9341,723583,606093,--117490,--109160,KRX
20201015,+87100,2,+600,+0.69,2802900,56148,55480,--668,+24884,648221,639891,--8330,+284351,KRX
20201014,-86500,5,-1700,-1.93,3223767,62196,36644,--25552,--34093,713162,420481,--292681,--383658,KRX
20201013,+88200,2,+2700,+3.16,6375448,85141,93682,+8541,+2083,990695,1081672,+90977,+14799,KRX
20201012,+85500,2,+2600,+3.14,4464264,63162,69620,+6458,+37054,743402,819580,+76178,+444562,KRX
20201008,-82900,5,-500,-0.60,3330824,110796,80200,--30596,--20529,1331518,963134,--368384,--247414,KRX
20201007,+83400,2,+400,+0.48,2254356,73048,62981,--10067,+18529,878098,757128,--120970,+224236,KRX
20201006,-83000,5,-200,-0.24,2750145,70583,41987,--28596,--37649,849408,504202,--345206,--453816,KRX
20201005,-83200,5,-800,-0.95,3396894,74368,83421,+9053,--41501,892841,1001451,+108610,--490523,KRX
20200929,+84000,2,+1500,+1.82,4707898,74516,125070,+50554,+49552,886352,1485485,+599133,+587700,KRX
20200928,-82500,5,-400,-0.48,3154068,72512,73514,+1002,+10267,881285,892718,+11433,+125174,KRX
20200925,-82900,5,-1400,-1.66,3205596,45920,36655,--9265,+1009,549478,435737,--113741,+7922,KRX
20200924,+84300,2,+700,+0.84,6401560,81328,71054,--10274,--12933,963232,841569,--121663,--157542,KRX
20200923,+83600,2,+2300,+2.83,4439085,58006,60665,+2659,+5045,702132,738011,+35879,+68327,KRX
20200922,-81300,5,-3200,-3.79,4139983,70443,68057,--2386,--13283,857028,824580,--32448,--161070,KRX
20200921,+84500,2,+800,+0.96,4102947,41965,52862,+10897,--11967,496713,625335,+128622,--145083,KRX
20200918,+83700,2,+1500,+1.82,5199334,75411,98275,+22864,+25230,904174,1177879,+273705,+303744,KRX
20200917,+82200,2,+700,+0.86,4055050,54432,52066,--2366,--11487,663880,633841,--30039,--141797,KRX
20200916,-81500,5,-400,-0.49,3119110,61527,70648,+9121,+13628,756354,868112,+111758,+168372,KRX
20200915,+81900,2,+1900,+2.38,5899410,68445,63938,--4507,--12141,840018,783404,--56614,--152799,KRX
20200914,+80000,2,+1600,+2.04,4099644,50096,57730,+7634,+17591,628256,724441,+96185,+225097,KRX
20200911,+78400,2,+1800,+2.35,2831262,50493,40536,--9957,+30728,649861,520949,--128912,+399714,KRX
20200910,-76600,5,-700,-0.91,3541520,110558,69873,--40685,--10602,1436918,908292,--528626,--142010,KRX
20200909,-77300,5,-2100,-2.64,3918435,66670,36587,--30083,--12115,856981,470365,--386616,--159434,KRX
20200908,+79400,2,+1000,+1.28,3380355,62047,44079,--17968,--26207,783577,556395,--227182,--332536,KRX
20200907,-78400,5,-300,-0.38,2786930,39486,47725,+8239,--11949,503632,608986,+105354,--150357,KRX
20200904,78700,3,0,0.00,4582566,63800,83988,+20188,--29049,818796,1074507,+255711,--369192,KRX
20200903,+78700,2,+3200,+4.24,7002529,82285,131522,+49237,+45314,1046612,1671515,+624903,+573279,KRX
20200902,+75500,2,+300,+0.40,2369360,33103,37026,+3923,+22406,438876,490500,+51624,+297274,KRX
20200901,+75200,2,+100,+0.13,2538676,56268,37785,--18483,+38663,745437,499787,--245650,+507338,KRX
20200831,-75100,5,-2700,-3.47,5113128,137039,79893,--57146,--35327,1807394,1054406,--752988,--473657,KRX
20200828,-77800,5,-1300,-1.64,2511956,49300,27481,--21819,--41653,630602,351271,--279331,--528287,KRX
20200827,+79100,2,+300,+0.38,4223450,58035,77869,+19834,--13506,730564,979520,+248956,--175616,KRX
20200826,+78800,2,+1800,+2.34,4741965,48479,81819,+33340,+22214,618590,1043162,+424572,+279709,KRX
20200825,+77000,2,+1500,+1.99,3473488,57320,68446,+11126,+37082,749408,894271,+144863,+485918,KRX
20200824,+75500,2,+1000,+1.34,4298619,66107,40151,--25956,--125798,869726,528671,--341055,--1676501,KRX
20200821,+74500,2,+2700,+3.76,7700029,49768,149610,+99842,+143671,671029,2006475,+1335446,+1942279,KRX
20200820,-71800,5,-3200,-4.27,7260223,118260,74431,--43829,--23293,1637601,1030768,--606833,--339484,KRX
20200819,-75000,5,-3100,-3.97,8028305,70661,50125,--20536,+13658,928851,661502,--267349,+162209,KRX
20200818,-78100,5,-2100,-2.62,4946279,76015,41821,--34194,--564,959171,529613,--429558,--10411,KRX
20200814,-80200,5,-500,-0.62,2589552,56623,22993,--33630,--30777,705581,286434,--419147,--381154,KRX
20200813,-80700,5,-300,-0.37,4049387,89983,87130,--2853,+58589,1112374,1074381,--37993,+725342,KRX
20200812,-81000,5,-300,-0.37,3595828,89268,27826,--61442,--47294,1108356,345021,--763335,--589360,KRX
20200811,-81300,5,-100,-0.12,3234013,58302,44154,--14148,--18456,715433,541458,--173975,--227040,KRX
20200810,+81400,2,+800,+0.99,3277238,43342,47650,+4308,+53679,536188,589253,+53065,+668588,KRX
20200807,-80600,5,-500,-0.62,4946631,138640,89269,--49371,--48274,1726122,1110599,--615523,--601638,KRX
20200806,+81100,2,+400,+0.50,3391939,48129,47032,--1097,+32489,593313,579428,--13885,+402034,KRX
20200805,-80700,5,-900,-1.10,4537005,58662,25076,--33586,+10846,726457,310538,--415919,+127811,KRX
20200804,-81600,5,-200,-0.24,3005937,84180,39748,--44432,--28897,1029729,485999,--543730,--353586,KRX
20200803,-81800,5,-1000,-1.21,3483106,67452,51917,--15535,+42288,823686,633542,--190144,+501714,KRX
20200731,-82800,5,-2500,-2.93,4848989,112341,54518,--57823,--99669,1345526,653668,--691858,--1185730,KRX
20200730,+85300,2,+2100,+2.52,6870841,71291,113137,+41846,+8291,849603,1343475,+493872,+90796,KRX
20200729,+83200,2,+100,+0.12,3719681,70239,103794,+33555,+59459,843903,1246979,+403076,+714762,KRX
20200728,+83100,2,+300,+0.36,4538720,105849,79945,--25904,+3297,1271032,959346,--311686,+39759,KRX
20200727,-82800,5,-900,-1.08,2784652,68130,38929,--29201,--32852,819331,467886,--351445,--395421,KRX
20200724,+83700,2,+1300,+1.58,3667416,55063,58714,+3651,+41499,663225,707201,+43976,+500711,KRX
20200723,-82400,5,-800,-0.96,3591647,62917,25069,--37848,+29716,759236,302501,--456735,+354176,KRX
20200722,-83200,5,-900,-1.07,2876295,108560,40996,--67564,--92283,1303213,492302,--810911,--1103960,KRX
20200721,+84100,2,+1900,+2.31,4181015,69170,93889,+24719,+61478,823895,1116944,+293049,+739624,KRX
20200720,-82200,5,-700,-0.84,2008624,53625,16866,--36759,--26691,651459,204884,--446575,--324940,KRX
20200717,+82900,2,+200,+0.24,1579078,33145,23077,--10068,+23161,399680,278045,--121635,+280240,KRX
20200716,-82700,5,-300,-0.36,2312310,75061,41832,--33229,+11270,907752,505877,--401875,+133716,KRX
20200715,+83000,2,+100,+0.12,3024429,89124,44625,--44499,--31191,1071380,535789,--535591,--373692,KRX
20200714,-82900,5,-100,-0.12,2048671,51011,37703,--13308,+10943,619522,457623,--161899,+130831,KRX
20200713,+83000,2,+200,+0.24,2080934,52273,28022,--24251,--25763,630755,338025,--292730,--310888,KRX
20200710,-82800,5,-200,-0.24,2201557,37658,39170,+1512,+64558,454754,472912,+18158,+776101,KRX
20200709,-83000,5,-700,-0.84,4002365,115667,52621,--63046,--32763,1389908,631965,--757943,--396175,KRX
20200708,-83700,5,-1100,-1.30,3523620,96832,66549,--30283,--59219,1153895,792127,--361768,--698201,KRX
20200707,-84800,5,-1200,-1.40,3196352,58165,87101,+28936,+65170,681759,1018192,+336433,+756293,KRX
20200706,+86000,2,+600,+0.70,2561766,59414,23180,--36234,--46593,688174,268314,--419860,--541419,KRX
20200703,+85400,2,+1000,+1.18,2195897,28948,39307,+10359,+39527,341177,462736,+121559,+467461,KRX
20200702,-84400,5,-900,-1.06,3295340,65280,36112,--29168,--16777,773568,427666,--345902,--200213,KRX
20200701,+85300,2,+200,+0.24,2382552,48942,36551,--12391,--57318,570226,424537,--145689,--662189,KRX
20200630,+85100,2,+1500,+1.79,4983607,71853,116780,+44927,+87327,838537,1355037,+516500,+1021453,KRX
20200629,-83600,5,-1000,-1.18,2932433,83692,41292,--42400,--7947,995729,490776,--504953,--99147,KRX
20200626,+84600,2,+300,+0.36,2889494,77406,42953,--34453,+32308,909708,503902,--405806,+383138,KRX
20200625,-84300,5,-1700,-1.98,3397112,90878,24117,--66761,--68979,1073815,284871,--788944,--812362,KRX
20200624,+86000,2,+1900,+2.26,4079834,71018,73236,+2218,+23096,825617,849035,+23418,+272153,KRX
20200623,-84100,5,-800,-0.94,2955819,76951,56073,--20878,--18616,908038,659303,--248735,--221559,KRX
20200622,-84900,5,-500,-0.59,2167216,53783,51521,--2262,+40833,633254,606078,--27176,+478617,KRX
20200619,-85400,5,-800,-0.93,3216102,118384,75289,--43095,--32681,1388281,882488,--505793,--384598,KRX
20200618,-86200,5,-600,-0.69,2484147,60715,50301,--10414,+10767,704510,583315,--121195,+130580,KRX
20200617,+86800,2,+1400,+1.64,4160612,82391,61210,--21181,--7350,965436,713661,--251775,--87787,KRX
20200616,+85400,2,+3400,+4.15,3518785,66633,52802,--13831,+21117,788025,624037,--163988,+252965,KRX
20200615,-82000,5,-3200,-3.76,4710114,103587,68639,--34948,--18017,1234061,817108,--416953,--218377,KRX
20200612,-85200,5,-3300,-3.73,4742329,76635,59704,--16931,+52371,899428,700852,--198576,+581583,KRX
20200611,-88500,5,-2300,-2.53,5467344,139071,69769,--69302,--44422,1565631,785472,--780159,--503954,KRX
20200610,+90800,2,+1000,+1.11,3045250,87966,63086,--24880,--2676,974430,698225,--276205,--29015,KRX
20200609,-89800,5,-1200,-1.32,3410081,60307,38103,--22204,--7206,669718,422528,--247190,--82818,KRX
20200608,+91000,2,+600,+0.66,3789382,76629,61631,--14998,--20343,838866,674494,--164372,--223518,KRX
20200605,+90400,2,+2700,+3.08,4000557,57672,63017,+5345,+75310,642007,701153,+59146,+844426,KRX
20200604,-87700,5,-1000,-1.13,6678244,153469,83504,--69965,--91919,1725705,940425,--785280,--1028633,KRX
20200603,+88700,2,+5400,+6.48,11642239,151863,173817,+21954,+60154,1747959,1991312,+243353,+703244,KRX
20200602,-83300,5,-300,-0.36,3114162,75850,37650,--38200,--58182,912737,452846,--459891,--699428,KRX
20200601,+83600,2,+2100,+2.58,4205357,47626,67608,+19982,+158273,573637,813174,+239537,+1932491,KRX
20200529,-81500,5,-2400,-2.86,6815185,310274,171983,--138291,--226969,3798058,2105104,--1692954,--2741683,KRX
20200528,+83900,2,+2500,+3.07,9227823,75828,164506,+88678,+112848,903780,1952509,+1048729,+1346146,KRX
20200527,-81400,5,-500,-0.61,2946278,70083,45913,--24170,--3727,858710,561293,--297417,--46199,KRX
20200526,+81900,2,+500,+0.61,3040122,51465,31022,--20443,+12836,631415,380197,--251218,+160058,KRX
20200525,+81400,2,+100,+0.12,2850294,54884,21605,--33279,+12256,678037,266761,--411276,+146275,KRX
20200522,-81300,5,-2100,-2.52,3471700,77388,31853,--45535,--32602,947654,390103,--557551,--403104,KRX
20200521,-83400,5,-700,-0.83,2678953,47672,34739,--12933,--15805,569283,414836,--154447,--187829,KRX
20200520,+84100,2,+1400,+1.69,3924403,41624,44496,+2872,+33827,499687,533069,+33382,+409734,KRX
20200519,+82700,2,+1600,+1.97,4620614,83047,52092,--30955,--27638,1007767,631415,--376352,--333171,KRX
20200518,-81100,5,-800,-0.98,5294177,82579,79262,--3317,+29050,1025326,982145,--43181,+356274,KRX
20200515,+81900,2,+1300,+1.61,4168866,123702,91335,--32367,+138645,1518779,1119324,--399455,+1705023,KRX
20200514,-80600,5,-3000,-3.59,6409652,234253,63241,--171012,--60206,2885300,780822,--2104478,--775499,KRX
20200513,-83600,5,-2100,-2.45,5371416,172941,62135,--110806,--73594,2073524,744545,--1328979,--890563,KRX
20200512,+85700,2,+1200,+1.42,3574409,70663,33451,--37212,--34342,832698,394282,--438416,--404799,KRX
20200511,-84500,5,-500,-0.59,2800047,80492,77622,--2870,--69702,952070,918453,--33617,--824784,KRX
20200508,+85000,2,+2600,+3.16,5039635,63690,130522,+66832,+94890,753292,1544459,+791167,+1130479,KRX
20200507,82400,3,0,0.00,2660512,74026,45968,--28058,+26173,894743,555431,--339312,+325332,KRX
20200506,+82400,2,+1400,+1.73,3351424,103231,49000,--54231,+63199,1262327,597683,--664644,+778514,KRX
20200504,-81000,5,-2700,-3.23,5280026,198303,80873,--117430,--116705,2430619,987461,--1443158,--1433896,KRX
20200429,+83700,2,+300,+0.36,3750568,68345,67620,--725,--43576,814100,804838,--9262,--523783,KRX
20200428,+83400,2,+800,+0.97,3205535,37195,80046,+42851,+74798,447291,961812,+514521,+902777,KRX
20200427,+82600,2,+1200,+1.47,3235430,69419,37472,--31947,--5101,843694,455438,--388256,--58832,KRX
20200424,-81400,5,-1200,-1.45,3193144,73502,46656,--26846,+16201,901591,572167,--329424,+189035,KRX
20200423,-82600,5,-1300,-1.55,6519481,128656,85609,--43047,+3358,1547877,1029418,--518459,+48471,KRX
20200422,+83900,2,+2600,+3.20,5335787,110729,64324,--46405,+15848,1347959,781029,--566930,+202929,KRX
20200421,-81300,5,-700,-0.85,5090721,125677,63424,--62253,+42390,1552550,782691,--769859,+496682,KRX
20200420,-82000,5,-2100,-2.50,5027876,160764,56121,--104643,--101357,1946009,679468,--1266541,--1226524,KRX
20200417,+84100,2,+2800,+3.44,6205624,87044,83758,--3286,+86621,1029455,989438,--40017,+1066679,KRX
20200416,-81300,5,-1000,-1.22,4470072,189627,99720,--89907,--90284,2331925,1225229,--1106696,--1110485,KRX
20200414,+82300,2,+900,+1.11,3344109,62241,62618,+377,+27531,754809,758598,+3789,+334957,KRX
20200413,-81400,5,-2700,-3.21,3615318,71972,44818,--27154,+24492,879807,548639,--331168,+286777,KRX
20200410,-84100,5,-900,-1.06,3675338,90916,39270,--51646,--34190,1087885,469940,--617945,--412434,KRX
20200409,+85000,2,+500,+0.59,3555538,98221,80765,--17456,--6530,1152483,946972,--205511,--77413,KRX
20200408,-84500,5,-1300,-1.52,3749575,98072,87146,--10926,--43528,1147213,1019115,--128098,--504255,KRX
20200407,+85800,2,+2700,+3.25,6188649,103095,135697,+32602,--9506,1206858,1583015,+376157,--140625,KRX
20200406,+83100,2,+3500,+4.40,5784159,57777,99885,+42108,+31931,707849,1224631,+516782,+389523,KRX
20200403,-79600,5,-400,-0.50,3755301,84523,94700,+10177,+33667,1061317,1188576,+127259,+427563,KRX
20200402,+80000,2,+1600,+2.04,5394371,113308,89818,--23490,+22046,1441662,1141358,--300304,+271922,KRX
20200401,-78400,5,-4900,-5.88,6845675,156707,111171,--45536,--19214,1941632,1369406,--572226,--257383,KRX
20200331,-83300,5,-400,-0.48,5333479,136029,109707,--26322,--35804,1626765,1311922,--314843,--427771,KRX
20200330,+83700,2,+400,+0.48,5270037,104146,113628,+9482,+18649,1267767,1380695,+112928,+221596,KRX
20200327,+83300,2,+2600,+3.22,8085695,176195,167028,--9167,+54915,2114744,2006076,--108668,+652734,KRX
20200326,-80700,5,-3800,-4.50,7895289,184836,120754,--64082,--110136,2198405,1437003,--761402,--1310844,KRX
20200325,+84500,2,+5800,+7.37,8787217,162310,208364,+46054,+38632,1971206,2520648,+549442,+444804,KRX
20200324,+78700,2,+9300,+13.40,7247345,102976,110398,+7422,+92459,1348950,1453588,+104638,+1334752,KRX
20200323,-69400,5,-5400,-7.22,8192363,220232,135195,--85037,--24224,3166885,1936771,--1230114,--405333,KRX
20200320,+74800,2,+5800,+8.41,8750101,190048,129235,--60813,+14230,2586193,1761412,--824781,+239560,KRX
20200319,-69000,5,-4100,-5.61,11140367,241580,166537,--75043,+41391,3454293,2389952,--1064341,+408841,KRX
20200318,-73100,5,-7300,-9.08,7949482,203436,87002,--116434,--75888,2582335,1109153,--1473182,--966969,KRX
20200317,-80400,5,-200,-0.25,7107436,157068,116522,--40546,--33349,1960383,1454170,--506213,--414347,KRX
20200316,-80600,5,-1900,-2.30,5097762,100985,93788,--7197,+65878,1225599,1133733,--91866,+830056,KRX
20200313,-82500,5,-300,-0.36,8160758,251901,178826,--73075,--94139,3163799,2241877,--921922,--1176842,KRX
20200312,-82800,5,-2700,-3.16,8191818,189905,210969,+21064,+66735,2301839,2556759,+254920,+782052,KRX
20200311,-85500,5,-3600,-4.04,5226251,175529,129858,--45671,--22615,2029912,1502780,--527132,--267935,KRX
20200310,+89100,2,+2200,+2.53,6579153,180747,157691,--23056,--6185,2044188,1784991,--259197,--68012,KRX
20200309,-86900,5,-5700,-6.16,6196552,157890,141019,--16871,--35248,1796714,1605529,--191185,--388956,KRX
20200306,-92600,5,-2300,-2.42,3281612,48838,67215,+18377,+4428,526111,723882,+197771,+51019,KRX
20200305,+94900,2,+600,+0.64,4028776,98919,112868,+13949,+81218,1044302,1191054,+146752,+860632,KRX
20200304,+94300,2,+1500,+1.62,4984561,189557,122288,--67269,+42972,2016825,1302945,--713880,+455839,KRX
20200303,+92800,2,+700,+0.76,5573006,239392,129151,--110241,--56988,2543003,1373284,--1169719,--585521,KRX
20200302,+92100,2,+4200,+4.78,6382279,211442,158189,--53253,--23731,2317397,1733199,--584198,--252261,KRX
20200228,-87900,5,-4900,-5.28,8171939,215077,185555,--29522,--50329,2411545,2079608,--331937,--555684,KRX
20200227,-92800,5,-1800,-1.90,4644449,91641,112448,+20807,+66985,981759,1205506,+223747,+712522,KRX
20200226,-94600,5,-3400,-3.47,6405409,210902,164724,--46178,--74321,2222651,1733876,--488775,--778118,KRX
20200225,-98000,5,-1500,-1.51,6594059,144800,172943,+28143,+102548,1484816,1774159,+289343,+1033739,KRX
20200224,-99500,5,-3500,-3.40,5550758,251717,177312,--74405,--94601,2525274,1780878,--744396,--939802,KRX
20200221,-103000,5,-1000,-0.96,4064719,79406,99602,+20196,+61131,772331,967737,+195406,+588786,KRX
20200220,+104000,2,+500,+0.48,3093782,89552,48617,--40935,--48053,859105,465725,--393380,--462299,KRX
20200219,+103500,2,+1500,+1.47,2315634,70087,77205,+7118,+23978,683769,752688,+68919,+233220,KRX
20200218,-102000,5,-3000,-2.86,2789667,77497,60637,--16860,--3355,756131,591830,--164301,--35465,KRX
20200217,+105000,2,+500,+0.48,1190162,44169,30664,--13505,--25433,420483,291647,--128836,--242321,KRX
20200214,+104500,2,+2500,+2.45,1893163,48714,60642,+11928,--30108,470535,584020,+113485,--296523,KRX
20200213,+102000,2,+2000,+2.00,3519491,77031,119067,+42036,+89721,753018,1163026,+410008,+889198,KRX
20200212,+100000,2,+200,+0.20,2616573,145775,98090,--47685,--33561,1460769,981579,--479190,--337182,KRX
20200211,+99800,2,+1000,+1.01,1820578,69672,55548,--14124,+12556,697822,555814,--142008,+129920,KRX
20200210,-98800,5,-500,-0.50,1825648,67160,40480,--26680,--22273,683105,411177,--271928,--226343,KRX
20200207,-99300,5,-1200,-1.19,1827393,67901,63494,--4407,--31919,684585,639000,--45585,--320752,KRX
20200206,+100500,2,+2800,+2.87,2861441,62816,90328,+27512,+24789,632446,907613,+275167,+247437,KRX
20200205,+97700,2,+600,+0.62,2911995,102904,105627,+2723,--7890,1051421,1079151,+27730,--82321,KRX
20200204,+97100,2,+2400,+2.53,3169743,95605,106218,+10613,+13323,991566,1101617,+110051,+143279,KRX
20200203,+94700,2,+1200,+1.28,3725535,107018,104308,--2710,--6317,1144071,1110843,--33228,--65954,KRX
20200131,-93500,5,-500,-0.53,4597139,157738,161345,+3607,--1816,1661998,1694724,+32726,--22599,KRX
20200130,-94000,5,-3900,-3.98,3223436,87101,92524,+5423,--24391,914260,969585,+55325,--247960,KRX
20200129,+97900,2,+1600,+1.66,2741459,55170,84984,+29814,+47796,562872,866157,+303285,+490669,KRX
20200128,-96300,5,-2400,-2.43,3630362,104599,86617,--17982,--2373,1090755,903371,--187384,--28632,KRX
20200123,-98700,5,-2300,-2.28,2780104,78694,63085,--15609,--56209,793514,634762,--158752,--561551,KRX
20200122,+101000,2,+1700,+1.71,2257478,45283,85883,+40600,+49556,452003,854802,+402799,+493011,KRX
20200121,-99300,5,-600,-0.60,1483291,49037,40081,--8956,--20002,492279,402067,--90212,--199909,KRX
20200120,+99900,2,+900,+0.91,1781639,35468,46514,+11046,--11425,354289,463986,+109697,--115122,KRX
20200117,-99000,5,-200,-0.20,2246394,51787,74258,+22471,+29968,519217,744036,+224819,+302543,KRX
20200116,+99200,2,+1000,+1.02,2824804,76278,68781,--7497,+12237,776492,698768,--77724,+121920,KRX
20200115,-98200,5,-2300,-2.29,2745625,70975,51241,--19734,--6957,720352,520708,--199644,--71787,KRX
20200114,100500,3,0,0.00,2913343,104803,92026,--12777,--45136,1035153,907296,--127857,--452362,KRX
20200113,+100500,2,+1600,+1.62,2242008,51561,83920,+32359,+31644,519020,843525,+324505,+318155,KRX
20200110,-98900,5,-100,-0.10,2867925,96538,97253,+715,+55370,977299,983649,+6350,+563953,KRX
20200109,+99000,2,+1600,+1.64,3586413,173964,119309,--54655,--132927,1769217,1211614,--557603,--1360160,KRX
20200108,+97400,2,+3400,+3.62,7014748,139181,217453,+78272,+57966,1430012,2232569,+802557,+588191,KRX
20200107,-94000,5,-300,-0.32,2489429,68203,88509,+20306,+1035,722443,936809,+214366,+10533,KRX
20200106,-94300,5,-200,-0.21,2577573,64687,83958,+19271,+10893,685948,889781,+203833,+115178,KRX
20200103,-94500,5,-200,-0.21,3021380,63681,72059,+8378,--22167,663844,752499,+88655,--231835,KRX
20200102,+94700,2,+600,+0.64,2342070,56560,87105,+30545,+46417,594742,915232,+320490,+487782,KRX
20191230,-94100,5,-1900,-1.98,1862634,63328,47456,--15872,--13816,668692,501400,--167292,--144879,KRX
20191227,+96000,2,+1200,+1.27,2229470,64815,62759,--2056,--31778,675276,652863,--22413,--337049,KRX
20191226,+94800,2,+1000,+1.07,1559839,19691,49413,+29722,+26674,208120,522756,+314636,+282328,KRX
20191224,-93800,5,-800,-0.85,1464093,31542,34590,+3048,--1406,334418,366726,+32308,--14536,KRX
20191223,-94600,5,-400,-0.42,1720279,42247,46701,+4454,--28492,446401,493245,+46844,--301331,KRX
20191220,+95000,2,+1400,+1.50,2791176,87706,120652,+32946,--5590,925348,1273523,+348175,--56011,KRX
20191219,+93600,2,+600,+0.65,4938375,118424,156960,+38536,+48561,1250516,1654702,+404186,+511909,KRX
20191218,+93000,2,+200,+0.22,3434310,115686,105661,--10025,--103435,1243591,1135868,--107723,--1122115,KRX
20191217,+92800,2,+4200,+4.74,5070618,124184,217594,+93410,+64157,1348495,2362887,+1014392,+683114,KRX
20191216,+88600,2,+700,+0.80,2652685,63752,93005,+29253,--136457,721111,1052389,+331278,--1567958,KRX
20191213,+87900,2,+4500,+5.40,5831965,55733,221443,+165710,+120778,637734,2536970,+1899236,+1352674,KRX
20191212,+83400,2,+2800,+3.47,5247299,133549,178481,+44932,+36966,1603714,2150276,+546562,+447980,KRX
20191211,-80600,5,-100,-0.12,2009331,58586,66552,+7966,--11733,726802,825384,+98582,--145547,KRX
20191210,80700,3,0,0.00,1831960,30198,49897,+19699,+39495,376405,620534,+244129,+488420,KRX
20191209,+80700,2,+100,+0.12,2290088,70179,50383,--19796,--13307,865580,621289,--244291,--163293,KRX
20191206,+80600,2,+1800,+2.28,3054204,71707,65218,--6489,--39152,892934,811936,--80998,--493419,KRX
20191205,+78800,2,+1100,+1.42,3667358,57013,89676,+32663,+73649,723750,1136171,+412421,+943366,KRX
20191204,-77700,5,-1000,-1.27,6164549,154640,113654,--40986,+61264,1995524,1464579,--530945,+767842,KRX
20191203,-78700,5,-1800,-2.24,11657151,207834,105584,--102250,--86454,2638963,1340176,--1298787,--1103558,KRX
20191202,-80500,5,-400,-0.49,1945991,69589,53793,--15796,+17439,860002,664773,--195229,+213988,KRX
20191129,-80900,5,-1900,-2.29,2139440,73116,39881,--33235,--39752,900395,491178,--409217,--488181,KRX
20191128,+82800,2,+100,+0.12,1413983,30873,37390,+6517,+13671,370897,449861,+78964,+165636,KRX
20191127,+82700,2,+400,+0.49,1326621,47748,40594,--7154,+41748,577771,491099,--86672,+507912,KRX
20191126,+82300,2,+600,+0.73,4521090,235444,186542,--48902,--26266,2853601,2259017,--594584,--318320,KRX
20191125,81700,3,0,0.00,2602474,78101,55465,--22636,--4158,951862,675598,--276264,--49663,KRX
20191122,+81700,2,+800,+0.99,2089767,63630,45152,--18478,+12401,779887,553286,--226601,+155270,KRX
20191121,-80900,5,-1800,-2.18,3346746,104272,73393,--30879,--5301,1288407,906536,--381871,--75878,KRX
20191120,-82700,5,-2600,-3.05,3315169,96040,70462,--25578,--27804,1149045,843052,--305993,--331290,KRX
20191119,-85300,5,-200,-0.23,2260299,79973,82199,+2226,+7219,936702,961999,+25297,+84522,KRX
20191118,+85500,2,+300,+0.35,1827506,66821,61828,--4993,--18480,781023,721798,--59225,--218527,KRX
20191115,+85200,2,+1800,+2.16,2394138,40514,54001,+13487,+9280,477716,637018,+159302,+109096,KRX
20191114,83400,3,0,0.00,1517137,62965,67172,+4207,+893,755560,805766,+50206,+10533,KRX
20191113,+83400,2,+200,+0.24,1370289,33388,36702,+3314,--485,401412,441085,+39673,--6126,KRX
20191112,+83200,2,+1900,+2.34,1555211,38367,42166,+3799,+49195,465222,511021,+45799,+604812,KRX
20191111,-81300,5,-1000,-1.22,2174477,82919,37523,--45396,+4873,1020743,461730,--559013,+50933,KRX
20191108,-82300,5,-1300,-1.56,2074339,91864,41595,--50269,--50966,1114123,504177,--609946,--617984,KRX
20191107,+83600,2,+100,+0.12,1594558,59633,60330,+697,+42683,713767,721805,+8038,+507180,KRX
20191106,-83500,5,-1600,-1.88,2127745,74463,32477,--41986,--70227,885122,385980,--499142,--830884,KRX
20191105,+85100,2,+400,+0.47,1953720,53838,82079,+28241,+7867,633005,964747,+331742,+91131,KRX
20191104,+84700,2,+1600,+1.93,2182879,61713,82087,+20374,+13776,728913,969524,+240611,+161145,KRX
20191101,+83100,2,+1100,+1.34,1848046,62646,69244,+6598,--1111,758561,838027,+79466,--13594,KRX
20191031,+82000,2,+500,+0.61,1978755,58757,66466,+7709,+27794,712685,805745,+93060,+338998,KRX
20191030,-81500,5,-1500,-1.81,1927042,66476,46391,--20085,--28197,812737,566799,--245938,--343095,KRX
20191029,+83000,2,+100,+0.12,1645070,62779,70891,+8112,+24899,753650,850807,+97157,+300554,KRX
20191028,82900,3,0,0.00,1977758,62755,45968,--16787,--86982,755613,552216,--203397,--1055672,KRX
20191025,+82900,2,+2900,+3.63,4229200,61570,131765,+70195,+24458,747802,1600077,+852275,+277704,KRX
20191024,+80000,2,+2300,+2.96,3076100,59368,105105,+45737,+45600,745885,1320456,+574571,+573569,KRX
20191023,-77700,5,-1400,-1.77,5373911,80991,81128,+137,+8942,1038594,1039596,+1002,+112845,KRX
20191022,+79100,2,+1600,+2.06,3453958,87556,78751,--8805,--6916,1109846,998003,--111843,--87033,KRX
20191021,+77500,2,+100,+0.13,2096581,40412,38523,--1889,+176519,520640,495830,--24810,+2231081,KRX
20191018,-77400,5,-3600,-4.44,13625664,234464,56056,--178408,--150900,2964740,708849,--2255891,--1915942,KRX
20191017,-81000,5,-1400,-1.70,1713942,61000,33492,--27508,--84813,752844,412895,--339949,--1035311,KRX
20191016,+82400,2,+1200,+1.48,2436269,27872,85177,+57305,+70139,338630,1033992,+695362,+854213,KRX
20191015,+81200,2,+700,+0.87,1518810,56889,44055,--12834,--9204,701809,542958,--158851,--112934,KRX
20191014,+80500,2,+500,+0.63,1972409,48695,45065,--3630,--28326,600493,554576,--45917,--354064,KRX
20191011,+80000,2,+1000,+1.27,2186536,35494,60190,+24696,+39686,443531,751678,+308147,+499625,KRX
20191010,-79000,5,-1900,-2.35,4389324,102444,87454,--14990,--1100,1298870,1107392,--191478,--18275,KRX
20191008,+80900,2,+600,+0.75,1816880,54662,40772,--13890,--16560,680818,507615,--173203,--206070,KRX
20191007,80300,3,0,0.00,1229105,29018,31688,+2670,--35473,361544,394411,+32867,--441043,KRX
20191004,+80300,2,+800,+1.01,2430603,50152,88295,+38143,+76304,623433,1097343,+473910,+950550,KRX
20191002,-79500,5,-2500,-3.05,2188097,77232,39071,--38161,--31484,964296,487656,--476640,--395056,KRX
20191001,-82000,5,-200,-0.24,2370210,44422,37745,--6677,--24036,541824,460240,--81584,--294039,KRX
20190930,+82200,2,+800,+0.98,2442478,53962,71321,+17359,+39519,658108,870563,+212455,+485986,KRX
20190927,-81400,5,-1900,-2.28,2625620,64249,42089,--22160,--29873,793559,520028,--273531,--366111,KRX
20190926,+83300,2,+1400,+1.71,1734941,47465,55178,+7713,+13822,570764,663344,+92580,+167099,KRX
20190925,-81900,5,-1500,-1.80,1644881,37517,31408,--6109,+3312,457246,382727,--74519,+39609,KRX
20190924,+83400,2,+600,+0.72,1662830,44632,35211,--9421,--2883,539025,424897,--114128,--35153,KRX
20190923,+82800,2,+600,+0.73,1413663,33712,27174,--6538,--791,408049,329074,--78975,--10116,KRX
20190920,-82200,5,-500,-0.60,2447172,74585,68838,--5747,--5178,903835,834976,--68859,--61831,KRX
20190919,+82700,2,+2500,+3.12,3612220,69509,68940,--569,--11927,846819,839791,--7028,--148445,KRX
20190918,+80200,2,+800,+1.01,2706678,51276,62634,+11358,+4537,639553,780970,+141417,+56052,KRX
20190917,-79400,5,-100,-0.13,2538780,51478,58299,+6821,--16982,646647,732012,+85365,--213509,KRX
20190916,-79500,5,-3100,-3.75,5174391,73586,97389,+23803,--26346,919248,1218122,+298874,--307720,KRX
20190911,-82600,5,-500,-0.60,3650902,102900,153049,+50149,+60814,1247597,1854191,+606594,+734754,KRX
20190910,-83100,5,-1200,-1.42,1761883,47985,37320,--10665,--28127,577274,449114,--128160,--336374,KRX
20190909,+84300,2,+2400,+2.93,2642174,42197,59659,+17462,+34692,502531,710745,+208214,+416113,KRX
20190906,-81900,5,-1100,-1.33,2418057,52508,35278,--17230,--26133,636510,428611,--207899,--317438,KRX
20190905,+83000,2,+3000,+3.75,4068631,84764,93667,+8903,+516,1028802,1138341,+109539,+3357,KRX
20190904,+80000,2,+3000,+3.90,2723541,54602,62989,+8387,+23251,686757,792939,+106182,+299833,KRX
20190903,-77000,5,-600,-0.77,1611563,52450,37586,--14864,+5133,681925,488274,--193651,+64535,KRX
20190902,+77600,2,+200,+0.26,1431352,39412,19415,--19997,--35972,508707,250521,--258186,--466870,KRX
20190830,+77400,2,+4100,+5.59,3839246,66152,82127,+15975,+26924,858886,1067570,+208684,+360012,KRX
20190829,73300,3,0,0.00,2050860,54206,43257,--10949,--1165,742227,590899,--151328,--17592,KRX
20190828,+73300,2,+300,+0.41,1380522,33009,23225,--9784,--7343,450394,316658,--133736,--99834,KRX
20190827,+73000,2,+1200,+1.67,2512610,98781,96340,--2441,+19208,1352962,1319060,--33902,+266382,KRX
20190826,-71800,5,-2600,-3.49,2645491,57234,35585,--21649,--47114,794170,493886,--300284,--642079,KRX
20190823,+74400,2,+600,+0.81,1695532,27624,53089,+25465,+52781,371017,712812,+341795,+706980,KRX
20190822,-73800,5,-2000,-2.64,2309550,62359,35043,--27316,--22374,836320,471135,--365185,--299709,KRX
20190821,-75800,5,-600,-0.79,1898789,57238,52296,--4942,--14409,753424,687948,--65476,--190196,KRX
20190820,+76400,2,+1300,+1.73,1694275,39356,48823,+9467,+20193,519114,643834,+124720,+266864,KRX
20190819,-75100,5,-1300,-1.70,1591728,40507,29781,--10726,--14,536014,393870,--142144,--600,KRX
20190816,-76400,5,-500,-0.65,2015785,55128,44416,--10712,--10224,726584,585040,--141544,--134598,KRX
20190814,+76900,2,+2400,+3.22,2561643,53950,53462,--488,+2625,700722,693776,--6946,+35042,KRX
20190813,74500,3,0,0.00,1304708,36745,33632,--3113,--3198,494390,452402,--41988,--43198,KRX
20190812,+74500,2,+1200,+1.64,1254926,18692,18777,+85,--38696,251223,252433,+1210,--526713,KRX
20190809,+73300,2,+1000,+1.38,2100380,23975,62756,+38781,+24240,327072,854995,+527923,+330330,KRX
20190808,-72300,5,-1000,-1.36,2943206,58150,72691,+14541,--27665,796584,994177,+197593,--378037,KRX
20190807,+73300,2,+1300,+1.81,2692841,46323,88529,+42206,+39783,632251,1207881,+575630,+542128,KRX
20190806,-72000,5,-3400,-4.51,5008247,113686,116109,+2423,--24176,1557729,1591231,+33502,--319464,KRX
20190805,-75400,5,-700,-0.92,2889902,61710,88309,+26599,+37522,818716,1171682,+352966,+497748,KRX
20190802,-76100,5,-1600,-2.06,4845952,97448,86525,--10923,--8468,1286739,1141957,--144782,--113922,KRX
20190801,+77700,2,+800,+1.04,3397831,83677,81222,--2455,+753,1081693,1050833,--30860,+8982,KRX
20190731,-76900,5,-2000,-2.53,3712241,98024,94816,--3208,--31808,1270060,1230218,--39842,--402531,KRX
20190730,+78900,2,+1900,+2.47,2371300,48237,76837,+28600,+26614,611396,974085,+362689,+335559,KRX
20190729,-77000,5,-2800,-3.51,2616782,70049,72035,+1986,+28247,901055,928185,+27130,+356934,KRX
20190726,+79800,2,+600,+0.76,3095260,79249,52988,--26261,--41905,998759,668955,--329804,--524289,KRX
20190725,+79200,2,+1600,+2.06,3963383,83044,98688,+15644,--18328,1048925,1243410,+194485,--232953,KRX
20190724,-77600,5,-1200,-1.52,3562342,76077,110049,+33972,--36877,972254,1399692,+427438,--459993,KRX
20190723,+78800,2,+400,+0.51,4814941,66049,136898,+70849,+60492,828868,1716299,+887431,+755977,KRX
20190722,+78400,2,+1600,+2.08,3213786,62947,73304,+10357,+13766,804059,935513,+131454,+175791,KRX
20190719,+76800,2,+2100,+2.81,2635348,47908,44499,--3409,--31388,627508,583171,--44337,--419928,KRX
20190718,+74700,2,+100,+0.13,1902110,31079,59058,+27979,+8964,417515,793106,+375591,+122243,KRX
20190717,-74600,5,-1500,-1.97,2805672,53268,72283,+19015,+27612,714126,967474,+253348,+369163,KRX
20190716,-76100,5,-100,-0.13,2450278,56593,47996,--8597,--26227,748585,632770,--115815,--349356,KRX
20190715,+76200,2,+1500,+2.01,2122090,27769,45399,+17630,+36961,367124,600665,+233541,+491571,KRX
20190712,-74700,5,-800,-1.06,2638271,59017,39686,--19331,--34513,786862,528832,--258030,--461533,KRX
20190711,+75500,2,+2600,+3.57,5111929,87828,103010,+15182,--16654,1172283,1375786,+203503,--236240,KRX
20190710,+72900,2,+3100,+4.44,4346179,65071,96907,+31836,+8351,895450,1335193,+439743,+99794,KRX
20190709,+69800,2,+2400,+3.56,2912514,42352,65837,+23485,+1431,609513,949462,+339949,+11834,KRX
20190708,-67400,5,-1000,-1.46,2202260,36113,58167,+22054,+29679,538118,866233,+328115,+439101,KRX
20190705,-68400,5,-1800,-2.56,2043271,40347,32722,--7625,--12961,584037,473051,--110986,--187017,KRX
20190704,+70200,2,+1100,+1.59,1503707,24748,30084,+5336,+25821,353851,429882,+76031,+368607,KRX
20190703,-69100,5,-2300,-3.22,2790684,54949,34464,--20485,--27853,786671,494095,--292576,--393286,KRX
20190702,+71400,2,+1400,+2.00,2495399,31423,38791,+7368,+6039,444623,545333,+100710,+81994,KRX
20190701,+70000,2,+500,+0.72,3538183,64233,65562,+1329,+23562,913247,931963,+18716,+341798,KRX
20190628,-69500,5,-700,-1.00,3117569,65168,42935,--22233,--6360,939931,616849,--323082,--98201,KRX
20190627,+70200,2,+1300,+1.89,5361201,114488,98615,--15873,--65682,1621468,1396587,--224881,--947909,KRX
20190626,+68900,2,+2200,+3.30,5024201,60802,110611,+49809,+38860,884094,1607122,+723028,+559898,KRX
20190625,-66700,5,-200,-0.30,1873766,33782,44731,+10949,+9716,506008,669138,+163130,+144876,KRX
20190624,+66900,2,+1000,+1.52,2164462,48450,49683,+1233,+4227,724738,742992,+18254,+64145,KRX
20190621,-65900,5,-1400,-2.08,2403002,63814,60820,--2994,+26708,963540,917649,--45891,+398197,KRX
20190620,+67300,2,+100,+0.15,2773637,64661,34959,--29702,+17734,966006,521918,--444088,+269254,KRX
20190619,+67200,2,+3800,+5.99,6230370,96229,48793,--47436,--49177,1449271,735929,--713342,--740438,KRX
20190618,-63400,5,-300,-0.47,1549497,32054,33795,+1741,+2428,503940,531036,+27096,+38220,KRX
20190617,+63700,2,+600,+0.95,2435039,34887,34200,--687,+13279,549753,538629,--11124,+209283,KRX
20190614,-63100,5,-400,-0.63,3686472,56894,42928,--13966,+1156,900564,680157,--220407,+14730,KRX
20190613,-63500,5,-2200,-3.35,5947811,77204,62082,--15122,--4844,1210655,975518,--235137,--80446,KRX
20190612,-65700,5,-1500,-2.23,2437640,46103,35825,--10278,+14136,696504,541813,--154691,+209110,KRX
20190611,+67200,2,+400,+0.60,2429182,67431,43017,--24414,--24067,1003525,639724,--363801,--358327,KRX
20190610,+66800,2,+1400,+2.14,3091757,56540,56193,--347,+8820,849448,843974,--5474,+136120,KRX
20190607,+65400,2,+300,+0.46,2355869,52124,42957,--9167,+13891,798744,657150,--141594,+208276,KRX
20190605,65100,3,0,0.00,4832796,95762,72704,--23058,--5871,1446161,1096291,--349870,--88231,KRX
20190604,-65100,5,-1500,-2.25,2892681,58443,41256,--17187,--31222,889545,627906,--261639,--473125,KRX
20190603,+66600,2,+1300,+1.99,4020572,76840,90875,+14035,+17183,1162356,1373842,+211486,+258866,KRX
20190531,-65300,5,-600,-0.91,3191350,66089,62941,--3148,+19553,1004735,957355,--47380,+296334,KRX
20190530,-65900,5,-200,-0.30,3023108,65605,42904,--22701,+32361,991257,647543,--343714,+495755,KRX
20190529,+66100,2,+200,+0.30,6056903,123933,68871,--55062,+152693,1886743,1047274,--839469,+2297513,KRX
20190528,-65900,5,-1000,-1.49,12052399,599262,391507,--207755,--186250,9067024,5930042,--3136982,--2816422,KRX
20190527,-66900,5,-700,-1.04,2214176,48774,27269,--21505,+12264,727636,407076,--320560,+179382,KRX
20190524,-67600,5,-400,-0.59,3339145,91817,58048,--33769,--42278,1356700,856758,--499942,--625370,KRX
20190523,-68000,5,-900,-1.31,3108370,60504,69013,+8509,+45243,888814,1014242,+125428,+656631,KRX
20190522,-68900,5,-1400,-1.99,3128787,73694,36960,--36734,--9277,1064217,533014,--531203,--141559,KRX
20190521,-70300,5,-600,-0.85,3893536,93790,66333,--27457,--17223,1326695,937051,--389644,--246888,KRX
20190520,-70900,5,-700,-0.98,1970694,55452,45218,--10234,+14843,773336,630580,--142756,+205262,KRX
20190517,-71600,5,-300,-0.42,2412668,81707,56630,--25077,+5320,1131198,783180,--348018,+72827,KRX
20190516,-71900,5,-2600,-3.49,3467027,116036,85639,--30397,--22613,1592919,1172074,--420845,--315862,KRX
20190515,-74500,5,-100,-0.13,2056131,58883,51099,--7784,+1851,789225,684242,--104983,+29025,KRX
20190514,+74600,2,+1100,+1.50,3712697,108361,98726,--9635,--883,1472314,1338306,--134008,--14406,KRX
20190513,-73500,5,-900,-1.21,3062929,82280,73528,--8752,+41120,1114066,994464,--119602,+545264,KRX
20190510,-74400,5,-1600,-2.11,5702537,172773,122901,--49872,+62389,2309637,1644771,--664866,+796508,KRX
20190509,-76000,5,-4300,-5.35,5939278,184048,71787,--112261,--58154,2392725,931351,--1461374,--780574,KRX
20190508,+80300,2,+400,+0.50,2731620,94163,40056,--54107,--54966,1184653,503853,--680800,--691434,KRX
20190507,-79900,5,-500,-0.62,2700371,69216,70075,+859,--18457,869868,880502,+10634,--227954,KRX
20190503,-80400,5,-300,-0.37,2481811,35767,55083,+19316,+1888,443337,681925,+238588,+21813,KRX
20190502,+80700,2,+1700,+2.15,3092434,44761,62189,+17428,+5664,555267,772042,+216775,+70589,KRX
20190430,-79000,5,-1000,-1.25,2960242,56514,68278,+11764,--31237,715415,861601,+146186,--393709,KRX
20190429,+80000,2,+1400,+1.78,2987384,32451,75452,+43001,+58673,409549,949444,+539895,+742660,KRX
20190426,-78600,5,-1600,-2.00,5183181,119188,103516,--15672,--104226,1519920,1317155,--202765,--1308206,KRX
20190425,+80200,2,+1700,+2.17,5586360,48557,137111,+88554,+56430,605504,1710945,+1105441,+694804,KRX
20190424,-78500,5,-2500,-3.09,5318487,65293,97417,+32124,+31992,828455,1239092,+410637,+409181,KRX
20190423,+81000,2,+500,+0.62,1779318,51717,51849,+132,+13925,638446,639902,+1456,+171933,KRX
20190422,-80500,5,-1300,-1.59,1887109,51069,37276,--13793,--70701,632815,462338,--170477,--867443,KRX
20190419,+81800,2,+2600,+3.28,3040186,27281,84189,+56908,+20557,333716,1030682,+696966,+240590,KRX
20190418,-79200,5,-1000,-1.25,3295697,70306,106657,+36351,+58585,882355,1338731,+456376,+731808,KRX
20190417,-80200,5,-200,-0.25,2886956,75409,53175,--22234,--29488,932416,656984,--275432,--365444,KRX
20190416,+80400,2,+700,+0.88,2206997,46622,53876,+7254,--13595,582214,672226,+90012,--172029,KRX
20190415,+79700,2,+1600,+2.05,2019931,42775,63624,+20849,+19213,538051,800092,+262041,+241256,KRX
20190412,-78100,5,-300,-0.38,2317264,44138,45774,+1636,+6360,566189,586974,+20785,+81259,KRX
20190411,-78400,5,-200,-0.25,2614388,65263,60539,--4724,--18402,830842,770368,--60474,--234975,KRX
20190410,+78600,2,+800,+1.03,2689591,44815,58493,+13678,+6966,577249,751750,+174501,+88367,KRX
20190409,-77800,5,-100,-0.13,2322860,59892,66604,+6712,--1937,768324,854458,+86134,--25049,KRX
20190408,-77900,5,-1100,-1.39,2663493,72203,80852,+8649,+3077,923237,1034420,+111183,+40914,KRX
20190405,+79000,2,+600,+0.77,2191720,38326,43898,+5572,+16705,486727,556996,+70269,+211010,KRX
20190404,-78400,5,-1500,-1.88,5436236,137535,126402,--11133,--63692,1727132,1586391,--140741,--808514,KRX
20190403,+79900,2,+3500,+4.58,4674142,43875,96434,+52559,+40376,559994,1227767,+667773,+510450,KRX
20190402,-76400,5,-200,-0.26,2719440,59384,71567,+12183,--23409,771743,929066,+157323,--307509,KRX
20190401,+76600,2,+2400,+3.23,3579070,60664,96256,+35592,+52671,793387,1258219,+464832,+698091,KRX
20190329,+74200,2,+1900,+2.63,3214170,83038,65959,--17079,--11438,1125504,892245,--233259,--154421,KRX
20190328,-72300,5,-1100,-1.50,2774932,60234,54593,--5641,--22661,830486,751648,--78838,--309329,KRX
20190327,+73400,2,+700,+0.96,2744175,33762,50782,+17020,+21802,462936,693427,+230491,+297603,KRX
20190326,-72700,5,-200,-0.27,2987678,55343,50561,--4782,+4620,764976,697864,--67112,+60733,KRX
20190325,-72900,5,-3200,-4.20,3752230,73550,64148,--9402,+10657,1003655,875810,--127845,+130695,KRX
20190322,+76100,2,+200,+0.26,5286455,79128,59069,--20059,--123957,1026026,767486,--258540,--1653304,KRX
20190321,+75900,2,+5400,+7.66,10030131,83402,187300,+103898,+67991,1117962,2512726,+1394764,+872857,KRX
20190320,+70500,2,+2500,+3.68,3642962,48758,84665,+35907,+39143,703639,1225546,+521907,+570354,KRX
20190319,+68000,2,+200,+0.29,2285169,57436,54200,--3236,+11649,850572,802125,--48447,+172349,KRX
20190318,-67800,5,-300,-0.44,2158588,52022,37137,--14885,--5499,765367,544571,--220796,--82094,KRX
20190315,+68100,2,+800,+1.19,3645592,98125,88739,--9386,--47553,1440853,1302151,--138702,--706745,KRX
20190314,+67300,2,+500,+0.75,3107100,73106,111273,+38167,+41257,1090500,1658543,+568043,+617387,KRX
20190313,-66800,5,-900,-1.33,2851596,56005,52915,--3090,+3420,841068,791724,--49344,+46941,KRX
20190312,+67700,2,+1100,+1.65,2753535,45201,38691,--6510,--12925,665667,569382,--96285,--191681,KRX
20190311,-66600,5,-100,-0.15,2869008,53702,60117,+6415,--3288,802598,897994,+95396,--51500,KRX
20190308,-66700,5,-1400,-2.06,3571792,53617,63320,+9703,--19070,802298,949194,+146896,--273711,KRX
20190307,68100,3,0,0.00,3402570,55264,84037,+28773,+41672,814770,1235377,+420607,+611696,KRX
20190306,-68100,5,-1600,-2.30,4958303,92505,79606,--12899,--15136,1359338,1168249,--191089,--220645,KRX
20190305,-69700,5,-400,-0.57,3465521,62857,65094,+2237,--8012,908611,938167,+29556,--112415,KRX
20190304,+70100,2,+100,+0.14,4931703,99491,109740,+10249,+47991,1413150,1555121,+141971,+675804,KRX
20190228,-70000,5,-3700,-5.02,7869451,174125,136383,--37742,--18573,2468855,1935022,--533833,--274599,KRX
20190227,-73700,5,-1500,-1.99,2864044,70830,51661,--19169,--21700,955462,696228,--259234,--292998,KRX
20190226,-75200,5,-200,-0.27,2483512,59191,61722,+2531,+33593,789517,823281,+33764,+444996,KRX
20190225,-75400,5,-1300,-1.69,2865712,69492,38430,--31062,--35058,917806,506574,--411232,--463303,KRX
20190222,76700,3,0,0.00,1882653,44197,48193,+3996,--37155,581839,633910,+52071,--485326,KRX
20190221,+76700,2,+1000,+1.32,2874589,46642,87793,+41151,--3238,612235,1149632,+537397,--51318,KRX
20190220,+75700,2,+2000,+2.71,3134257,53084,97473,+44389,+44042,706564,1295279,+588715,+584110,KRX
20190219,-73700,5,-1000,-1.34,1462071,25255,25602,+347,--11401,341712,346317,+4605,--152247,KRX
20190218,+74700,2,+900,+1.22,1772434,27522,39270,+11748,+21912,368843,525695,+156852,+292740,KRX
20190215,-73800,5,-3600,-4.65,4154616,71976,61812,--10164,--24545,966573,830685,--135888,--321164,KRX
20190214,+77400,2,+1200,+1.57,2313376,51539,65920,+14381,+30912,675052,860328,+185276,+401993,KRX
20190213,+76200,2,+300,+0.40,2378193,66601,50070,--16531,--10848,869567,652850,--216717,--140166,KRX
20190212,+75900,2,+1800,+2.43,3526701,84101,78418,--5683,--5272,1111899,1035348,--76551,--71263,KRX
20190211,+74100,2,+600,+0.82,3374192,81134,80723,--411,+1973,1107303,1102015,--5288,+25818,KRX
20190208,-73500,5,-3200,-4.17,4012485,88244,85860,--2384,--43174,1193543,1162437,--31106,--556387,KRX
20190207,+76700,2,+800,+1.05,4249110,93117,133907,+40790,--2955,1203797,1729078,+525281,--51715,KRX
20190201,+75900,2,+2000,+2.71,3349965,62543,106288,+43745,+81227,825296,1402292,+576996,+1079749,KRX
20190131,-73900,5,-2000,-2.64,4447535,127287,89805,--37482,--48059,1703469,1200716,--502753,--646504,KRX
20190130,+75900,2,+2500,+3.41,5304841,95929,106506,+10577,+22250,1277759,1421510,+143751,+306429,KRX
20190129,+73400,2,+1600,+2.23,3368642,77699,66026,--11673,--44700,1075985,913307,--162678,--616892,KRX
20190128,-71800,5,-2800,-3.75,4972189,67904,100931,+33027,--65710,925846,1380060,+454214,--895586,KRX
20190125,+74600,2,+4100,+5.82,7163871,117961,216698,+98737,+38443,1614428,2964228,+1349800,+497583,KRX
20190124,+70500,2,+3700,+5.54,6914092,85131,145425,+60294,+97191,1234672,2086889,+852217,+1408657,KRX
20190123,+66800,2,+200,+0.30,2825017,71808,34911,--36897,--55297,1082584,526144,--556440,--830917,KRX
20190122,-66600,5,-400,-0.60,4047917,74346,92746,+18400,--41777,1117490,1391967,+274477,--631296,KRX
20190121,+67000,2,+2400,+3.72,3977425,63572,123749,+60177,+77998,964786,1870559,+905773,+1183499,KRX
20190118,-64600,5,-300,-0.46,2263599,58661,40840,--17821,--17288,911251,633525,--277726,--269389,KRX
20190117,+64900,2,+100,+0.15,2830122,49702,49169,--533,+19715,761758,753421,--8337,+309325,KRX
20190116,+64800,2,+800,+1.25,2478497,59207,38959,--20248,--18349,924952,607290,--317662,--287866,KRX
20190115,+64000,2,+1900,+3.06,2413868,40685,38786,--1899,+18339,643059,613263,--29796,+287825,KRX
20190114,-62100,5,-3000,-4.61,3282892,68780,48542,--20238,--21286,1093749,776128,--317621,--334130,KRX
20190111,-65100,5,-200,-0.31,2890639,68331,69379,+1048,--53630,1051684,1068193,+16509,--821826,KRX
20190110,+65300,2,+1700,+2.67,6034432,96166,150844,+54678,+1813,1477710,2316045,+838335,--12425,KRX
20190109,+63600,2,+4400,+7.43,4928656,56680,109545,+52865,+26378,907150,1757910,+850760,+406390,KRX
20190108,+59200,2,+500,+0.85,3062192,49068,75555,+26487,+39110,826144,1270514,+444370,+659061,KRX
20190107,+58700,2,+400,+0.69,2273750,53464,40841,--12623,--43426,907390,692699,--214691,--748120,KRX
20190104,+58300,2,+600,+1.04,3388087,43069,73872,+30803,+43558,747567,1280996,+533429,+750583,KRX
20190103,-57700,5,-2900,-4.79,3337621,64396,51641,--12755,--14421,1100468,883314,--217154,--243458,KRX
20190102,+60600,2,+100,+0.17,1934295,26790,28456,+1666,+8570,441907,468211,+26304,+139754,KRX
20181228,-60500,5,-1100,-1.79,1647462,33917,27013,--6904,--2421,556722,443272,--113450,--40505,KRX
20181227,+61600,2,+1500,+2.50,3047798,44487,40004,--4483,--5426,723729,650784,--72945,--88459,KRX
20181226,-60100,5,-300,-0.50,2455060,25343,26286,+943,--18075,421060,436574,+15514,--300044,KRX
20181224,+60400,2,+400,+0.67,2101703,24386,43404,+19018,--1379,404845,720403,+315558,--23472,KRX
20181221,+60000,2,+1400,+2.39,3946994,88664,109061,+20397,--8304,1480406,1819436,+339030,--150799,KRX
20181220,-58600,5,-1700,-2.82,4889709,56274,84975,+28701,+17657,958140,1447969,+489829,+305826,KRX
20181219,-60300,5,-800,-1.31,3561783,54720,65764,+11044,+1065,908798,1092801,+184003,+21289,KRX
20181218,-61100,5,-1100,-1.77,3098206,59404,69383,+9979,--4144,971115,1133829,+162714,--63819,KRX
20181217,+62200,2,+400,+0.65,2506287,48890,63013,+14123,+75764,789221,1015754,+226533,+1210022,KRX
20181214,-61800,5,-3700,-5.65,5617675,120089,58448,--61641,--35817,1922101,938612,--983489,--589885,KRX
20181213,-65500,5,-700,-1.06,4062323,129884,104060,--25824,--30927,1981162,1587558,--393604,--471373,KRX
20181212,+66200,2,+1300,+2.00,2901875,41056,46159,+5103,+5322,626300,704069,+77769,+82116,KRX
20181211,-64900,5,-600,-0.92,2457332,51559,51340,--219,+23606,790091,785744,--4347,+361022,KRX
20181210,-65500,5,-1300,-1.95,2206084,60680,36855,--23825,--28717,930710,565341,--365369,--438271,KRX
20181207,+66800,2,+800,+1.21,2590733,48131,53023,+4892,+5706,719365,792267,+72902,+81358,KRX
20181206,-66000,5,-2200,-3.23,3902275,65743,64929,--814,+1993,988352,979896,--8456,+32334,KRX
20181205,-68200,5,-800,-1.16,3008950,53464,50657,--2807,+19980,785571,744781,--40790,+288485,KRX
20181204,-69000,5,-1500,-2.13,3222060,70232,47445,--22787,--44534,1015798,686523,--329275,--637031,KRX
20181203,+70500,2,+900,+1.29,2760290,44987,66734,+21747,+68153,638988,946744,+307756,+971263,KRX
20181130,-69600,5,-1900,-2.66,4167055,135596,89190,--46406,--32621,1943091,1279584,--663507,--471854,KRX
20181129,-71500,5,-400,-0.56,3270078,77456,63671,--13785,--56876,1069860,878207,--191653,--794421,KRX
20181128,+71900,2,+1100,+1.55,2441991,34440,77531,+43091,+66026,481718,1084486,+602768,+929883,KRX
20181127,-70800,5,-100,-0.14,2293763,72670,49735,--22935,--34209,1032931,705816,--327115,--486865,KRX
20181126,+70900,2,+1600,+2.31,2361766,37952,49226,+11274,+2869,537655,697405,+159750,+38679,KRX
20181123,69300,3,0,0.00,1499166,27073,35478,+8405,--1082,392639,513710,+121071,--17004,KRX
20181122,+69300,2,+1200,+1.76,1966126,29906,39393,+9487,+23357,432492,570567,+138075,+344196,KRX
20181121,+68100,2,+600,+0.89,3100596,73357,59487,--13870,--34715,1088231,882110,--206121,--514790,KRX
20181120,-67500,5,-2300,-3.30,3325563,43707,64552,+20845,+8011,647869,956538,+308669,+124247,KRX
20181119,-69800,5,-300,-0.43,2303677,31745,44579,+12834,+30209,455809,640231,+184422,+428012,KRX
20181116,-70100,5,-1700,-2.37,2894513,56318,38943,--17375,--20289,791276,547686,--243590,--284443,KRX
20181115,+71800,2,+1400,+1.99,1564647,23514,26428,+2914,--10225,331341,372194,+40853,--144954,KRX
20181114,-70400,5,-1500,-2.09,2783377,44323,57462,+13139,+83259,627420,813227,+185807,+1174414,KRX
20181113,-71900,5,-2600,-3.49,4730929,124211,54091,--70120,--148244,1748290,759683,--988607,--2048331,KRX
20181112,+74500,2,+1600,+2.19,3328433,46937,125061,+78124,+111957,638575,1698299,+1059724,+1525594,KRX
20181109,72900,3,0,0.00,3414946,81298,47465,--33833,--27673,1118531,652661,--465870,--381189,KRX
20181108,+72900,2,+2100,+2.97,3930969,81815,75655,--6160,--42480,1122240,1037559,--84681,--594614,KRX
20181107,+70800,2,+700,+1.00,3770119,51448,87768,+36320,+38167,724334,1234267,+509933,+537091,KRX
20181106,-70100,5,-400,-0.57,2624868,45784,43937,--1847,+35214,657462,630304,--27158,+497485,KRX
20181105,-70500,5,-2100,-2.89,3389386,79444,42383,--37061,--66132,1124327,599684,--524643,--931674,KRX
20181102,+72600,2,+4300,+6.30,5334082,74657,103728,+29071,+35524,1050535,1457566,+407031,+502599,KRX
20181101,+68300,2,+100,+0.15,3218076,59651,53198,--6453,--2523,870756,775188,--95568,--37834,KRX
20181031,68200,3,0,0.00,5038931,131911,127981,--3930,+14437,1916331,1858597,--57734,+202217,KRX
20181030,+68200,2,+1400,+2.10,6101533,123388,105021,--18367,+36029,1782848,1522897,--259951,+561073,KRX
20181029,-66800,5,-200,-0.30,4252977,102811,48415,--54396,--35712,1551028,730004,--821024,--535152,KRX
20181026,+67000,2,+2300,+3.55,6211406,106847,88163,--18684,--20961,1643308,1357436,--285872,--316202,KRX
20181025,-64700,5,-2000,-3.00,5859332,106117,108394,+2277,+4067,1647298,1677628,+30330,+54168,KRX
20181024,-66700,5,-2400,-3.47,5703361,86532,84742,--1790,--3363,1289053,1265215,--23838,--45894,KRX
20181023,-69100,5,-900,-1.29,3175869,41882,43455,+1573,--8840,605126,627182,+22056,--125700,KRX
20181022,-70000,5,-800,-1.13,2377240,39801,50214,+10413,--12486,567897,715653,+147756,--182861,KRX
20181019,+70800,2,+2100,+3.06,2688930,29436,52335,+22899,+29995,420509,751126,+330617,+433929,KRX
20181018,-68700,5,-1700,-2.41,2849229,54519,47423,--7096,--16520,789659,686347,--103312,--236512,KRX
20181017,+70400,2,+700,+1.00,2653053,50267,59691,+9424,+17600,709399,842599,+133200,+250212,KRX
20181016,-69700,5,-600,-0.85,2211661,52102,43926,--8176,+5232,743981,626969,--117012,+73038,KRX
20181015,-70300,5,-2100,-2.90,3727297,98411,85003,--13408,--48029,1394060,1204010,--190050,--669146,KRX
20181012,+72400,2,+3400,+4.93,4882184,86902,121523,+34621,+32658,1211682,1690778,+479096,+452390,KRX
20181011,-69000,5,-1300,-1.85,4936490,87892,89855,+1963,--22010,1272225,1298931,+26706,--313148,KRX
20181010,-70300,5,-900,-1.26,4161114,66143,90116,+23973,--2897,940292,1280146,+339854,--36467,KRX
20181008,+71200,2,+900,+1.28,2856291,45361,72231,+26870,--11524,637848,1014169,+376321,--169431,KRX
20181005,+70300,2,+300,+0.43,5508014,58880,97274,+38394,+32619,838048,1383800,+545752,+466308,KRX
20181004,-70000,5,-1700,-2.37,5778810,109885,115660,+5775,+2100,1560135,1639579,+79444,+28710,KRX
20181002,-71700,5,-2000,-2.71,4089558,44620,48295,+3675,--17902,615092,665826,+50734,--240254,KRX
20181001,+73700,2,+600,+0.82,2970456,42635,64212,+21577,+23021,577975,868963,+290988,+311976,KRX
20180928,-73100,5,-1900,-2.53,5824873,81276,79832,--1444,+53899,1097395,1076407,--20988,+716498,KRX
20180927,-75000,5,-1700,-2.22,5841083,188232,132889,--55343,--14965,2503003,1765517,--737486,--210490,KRX
20180921,-76700,5,-2400,-3.03,5678068,141233,100855,--40378,--46280,1841360,1314364,--526996,--600932,KRX
20180920,+79100,2,+300,+0.38,3392490,93505,99407,+5902,--5833,1180487,1254423,+73936,--74562,KRX
20180919,+78800,2,+800,+1.03,2912259,79122,90857,+11735,+11630,1003400,1151898,+148498,+148710,KRX
20180918,+78000,2,+800,+1.04,2450163,57902,58007,+105,+30099,746770,746558,--212,+388495,KRX
20180917,-77200,5,-500,-0.64,2252063,56862,26868,--29994,--75141,736031,347324,--388707,--973590,KRX
20180914,+77700,2,+3200,+4.30,4124842,51294,96441,+45147,+98128,664813,1249696,+584883,+1297725,KRX
20180913,-74500,5,-600,-0.80,5257563,95812,42831,--52981,+21277,1288454,575612,--712842,+275709,KRX
20180912,-75100,5,-1500,-1.96,4330147,96891,22633,--74258,--37049,1289517,300966,--988551,--503766,KRX
20180911,+76600,2,+100,+0.13,3197796,73117,35908,--37209,+13171,951843,467058,--484785,+176329,KRX
20180910,+76500,2,+600,+0.79,4167711,91505,41125,--50380,+83887,1199510,538396,--661114,+1128621,KRX
20180907,-75900,5,-2900,-3.68,8388278,198664,64397,--134267,--74583,2644089,854354,--1789735,--1025459,KRX
20180906,-78800,5,-1200,-1.50,4516654,114989,55305,--59684,--27824,1470203,705927,--764276,--367456,KRX
20180905,-80000,5,-1200,-1.48,2627619,86303,54443,--31860,--51473,1074736,677916,--396820,--638077,KRX
20180904,+81200,2,+600,+0.74,1903734,33510,53123,+19613,+32591,413386,654643,+241257,+401020,KRX
20180903,-80600,5,-2400,-2.89,2618619,50292,37314,--12978,+7098,618915,459152,--159763,+83769,KRX
20180831,+83000,2,+300,+0.36,2303812,83196,63120,--20076,--5526,1006141,762609,--243532,--67186,KRX
20180830,-82700,5,-100,-0.12,2337573,39395,24845,--14550,--5587,476063,299717,--176346,--67311,KRX
20180829,+82800,2,+400,+0.49,2330703,44247,35284,--8963,+36908,535996,426961,--109035,+441808,KRX
20180828,-82400,5,-1100,-1.32,4466308,90521,44650,--45871,--13640,1085418,534575,--550843,--160844,KRX
20180827,+83500,2,+1700,+2.08,3070598,79746,47515,--32231,+33770,963114,573115,--389999,+424203,KRX
20180824,+81800,2,+700,+0.86,3612709,93352,27351,--66001,--42479,1149518,335316,--814202,--520895,KRX
20180823,+81100,2,+1300,+1.63,3272130,68753,45231,--23522,+21669,853368,560061,--293307,+275853,KRX
20180822,+79800,2,+1400,+1.79,5295710,111164,65973,--45191,--3921,1393763,824603,--569160,--14962,KRX
20180821,+78400,2,+3700,+4.95,5663191,116731,75461,--41270,--5948,1532760,978562,--554198,--81896,KRX
20180820,+74700,2,+200,+0.27,2048829,59819,24497,--35322,--8857,799704,327402,--472302,--117839,KRX
20180817,-74500,5,-200,-0.27,2647963,53089,26624,--26465,+29510,710854,356391,--354463,+411127,KRX
20180816,-74700,5,-1200,-1.58,5550888,113777,57802,--55975,--73434,1546542,780952,--765590,--994430,KRX
20180814,+75900,2,+500,+0.66,3206407,56169,73628,+17459,+21202,738593,967433,+228840,+278550,KRX
20180813,+75400,2,+300,+0.40,3734794,61473,57730,--3743,+17087,818056,768346,--49710,+225134,KRX
20180810,-75100,5,-2900,-3.72,6785694,100455,79625,--20830,+4858,1331172,1056328,--274844,+55586,KRX
20180809,-78000,5,-1800,-2.26,5587662,95819,70131,--25688,+12343,1225072,894642,--330430,+140705,KRX
20180808,-79800,5,-900,-1.12,2804784,75052,37021,--38031,--55991,930848,459713,--471135,--694176,KRX
20180807,+80700,2,+1300,+1.64,3288142,51771,69731,+17960,+134298,643811,866852,+223041,+1667390,KRX
20180806,-79400,5,-3900,-4.68,5910100,164593,48255,--116338,--103868,2046543,602194,--1444349,--1294839,KRX
20180803,+83300,2,+100,+0.12,1928574,58938,46468,--12470,+4952,706689,557179,--149510,+58950,KRX
20180802,-83200,5,-2400,-2.80,3373964,82112,64690,--17422,--13681,977496,769036,--208460,--164397,KRX
20180801,-85600,5,-700,-0.81,2265008,55252,51511,--3741,--32231,646489,602426,--44063,--375733,KRX
20180731,+86300,2,+400,+0.47,2804543,52096,80586,+28490,--16161,607259,938929,+331670,--187716,KRX
20180730,-85900,5,-200,-0.23,2301941,35618,80269,+44651,--44410,414525,933911,+519386,--523636,KRX
20180727,+86100,2,+3000,+3.61,4943923,45899,134960,+89061,+47860,536520,1579542,+1043022,+548618,KRX
20180726,+83100,2,+2600,+3.23,6218102,76628,117829,+41201,+38337,936744,1431148,+494404,+459403,KRX
20180725,-80500,5,-3100,-3.71,4154596,62059,64923,+2864,--10674,760371,795372,+35001,--126650,KRX
20180724,+83600,2,+1900,+2.33,4023740,72169,85707,+13538,+48301,871015,1032666,+161651,+578291,KRX
20180723,-81700,5,-6200,-7.05,7076375,103175,68412,--34763,+41579,1239172,822532,--416640,+451028,KRX
20180720,-87900,5,-2400,-2.66,3726334,132148,55806,--76342,--99161,1500282,632614,--867668,--1119047,KRX
20180719,+90300,2,+1000,+1.12,2383489,48368,71187,+22819,+14382,532788,784167,+251379,+158152,KRX
20180718,+89300,2,+700,+0.79,1937496,27608,36045,+8437,+2579,307504,400731,+93227,+28073,KRX
20180717,-88600,5,-700,-0.78,1570129,43308,49166,+5858,--15150,485485,550639,+65154,--171810,KRX
20180716,+89300,2,+500,+0.56,1896459,45023,66031,+21008,--89137,508675,745639,+236964,--998137,KRX
20180713,+88800,2,+3200,+3.74,4535954,35050,145195,+110145,+120086,393845,1628946,+1235101,+1351776,KRX
20180712,-85600,5,-1200,-1.38,3032951,71532,61591,--9941,--18540,833880,717205,--116675,--214777,KRX
20180711,-86800,5,-500,-0.57,2037358,52001,60600,+8599,+18077,599266,697368,+98102,+206068,KRX
20180710,-87300,5,-300,-0.34,2002682,55152,45674,--9478,--12321,630184,522218,--107966,--141290,KRX
20180709,+87600,2,+2300,+2.70,2127205,45451,48294,+2843,+68018,524850,558174,+33324,+801001,KRX
20180706,-85300,5,-900,-1.04,3482186,100912,35737,--65175,--77239,1188914,421237,--767677,--907410,KRX
20180705,+86200,2,+1200,+1.41,2059342,37461,49525,+12064,+50706,434888,574621,+139733,+593124,KRX
20180704,-85000,5,-1100,-1.28,2744382,91529,52887,--38642,--53311,1068024,614633,--453391,--625343,KRX
20180703,+86100,2,+2400,+2.87,2817592,48916,63585,+14669,+11600,570947,742899,+171952,+136517,KRX
20180702,-83700,5,-2000,-2.33,2033542,36631,39700,+3069,--7402,433438,468873,+35435,--86982,KRX
20180629,+85700,2,+2200,+2.63,3003603,67701,78172,+10471,+66455,797149,919566,+122417,+795981,KRX
20180628,-83500,5,-1700,-2.00,3838303,114784,58800,--55984,--108875,1379377,705813,--673564,--1288882,KRX
20180627,+85200,2,+900,+1.07,3798356,64804,117695,+52891,+6738,756472,1371790,+615318,+63351,KRX
20180626,-84300,5,-500,-0.59,5518522,74867,121020,+46153,+127347,894551,1446518,+551967,+1499545,KRX
20180625,-84800,5,-4700,-5.25,4420542,139882,58688,--81194,--80141,1632887,685309,--947578,--936040,KRX
20180622,+89500,2,+1000,+1.13,2569978,53486,52433,--1053,--19964,602473,590935,--11538,--224625,KRX
20180621,+88500,2,+700,+0.80,3274612,68460,87371,+18911,--14006,772680,985767,+213087,--169048,KRX
20180620,+87800,2,+3700,+4.40,4183210,67386,100303,+32917,+60108,772812,1154947,+382135,+703892,KRX
20180619,+84100,2,+100,+0.12,3824878,105120,77929,--27191,--7833,1240585,918828,--321757,--91978,KRX
20180618,-84000,5,-3000,-3.45,4723914,69313,49955,--19358,--27094,826027,596248,--229779,--317654,KRX
20180615,+87000,2,+700,+0.81,2945006,91668,99404,+7736,--11823,1053380,1141255,+87875,--136564,KRX
20180614,-86300,5,-2100,-2.38,4646948,120391,139950,+19559,+27752,1382615,1607054,+224439,+316940,KRX
20180612,-88400,5,-800,-0.90,1876012,44776,36583,--8193,--38558,504316,411815,--92501,--431924,KRX
20180611,+89200,2,+800,+0.90,2535933,41579,71944,+30365,+83670,465515,804938,+339423,+938798,KRX
20180608,-88400,5,-2500,-2.75,4579508,117771,64466,--53305,--25501,1325066,725691,--599375,--292767,KRX
20180607,-90900,5,-100,-0.11,2754947,97037,69233,--27804,--40203,1062904,756296,--306608,--442755,KRX
20180605,+91000,2,+1200,+1.34,2758383,69859,82258,+12399,+24615,771443,907590,+136147,+271190,KRX
20180604,-89800,5,-1600,-1.75,3141036,79239,67023,--12216,+1175,872987,737944,--135043,+16263,KRX
20180601,-91400,5,-2000,-2.14,4790644,111621,98230,--13391,--30989,1230265,1078959,--151306,--338832,KRX
20180531,-93400,5,-1600,-1.68,5996671,255767,273365,+17598,+22324,2736308,2923834,+187526,+237226,KRX
20180530,+95000,2,+200,+0.21,3808299,106617,101891,--4726,--8193,1132255,1082555,--49700,--85308,KRX
20180529,+94800,2,+300,+0.32,2733549,60278,63745,+3467,+22687,638748,674356,+35608,+239407,KRX
20180528,-94500,5,-700,-0.74,2505786,46924,27704,--19220,--7825,497057,293258,--203799,--83430,KRX
20180525,+95200,2,+600,+0.63,4145819,85552,74157,--11395,+23108,895405,775036,--120369,+241983,KRX
20180524,-94600,5,-700,-0.73,3220029,75529,41026,--34503,--176974,793413,431061,--362352,--1881014,KRX
20180523,+95300,2,+6200,+6.96,10378915,104893,247364,+142471,+135234,1123839,2642501,+1518662,+1436728,KRX
20180521,+89100,2,+1200,+1.37,3262983,59598,66835,+7237,+8256,671172,753106,+81934,+94359,KRX
20180518,+87900,2,+1200,+1.38,2187789,36792,35773,--1019,+8971,423099,410674,--12425,+103576,KRX
20180517,-86700,5,-300,-0.34,2864278,63167,53177,--9990,--49350,725287,609286,--116001,--572647,KRX
20180516,+87000,2,+2400,+2.84,3040180,32909,72269,+39360,+15622,381478,838124,+456646,+175833,KRX
20180515,-84600,5,-800,-0.94,2239370,53460,77198,+23738,+41239,631401,912214,+280813,+486411,KRX
20180514,-85400,5,-700,-0.81,1959236,42292,24791,--17501,--11723,496393,290795,--205598,--138446,KRX
20180511,+86100,2,+300,+0.35,2107047,41761,35983,--5778,--15486,484704,417552,--67152,--181434,KRX
20180510,+85800,2,+2400,+2.88,3274963,54990,64698,+9708,--4253,643981,758263,+114282,--51114,KRX
20180509,-83400,5,-100,-0.12,2284106,51453,65414,+13961,--14827,614124,779520,+165396,--173807,KRX
20180508,+83500,2,+500,+0.60,2979605,69842,98630,+28788,+47716,828427,1167630,+339203,+567124,KRX
20180504,+83000,2,+100,+0.12,2696141,62730,43802,--18928,--8323,754354,526433,--227921,--100048,KRX
20180503,-82900,5,-200,-0.24,2362792,49137,38532,--10605,--2587,591096,463223,--127873,--32889,KRX
20180502,-83100,5,-1400,-1.66,5444240,103290,95272,--8018,+12194,1231563,1136579,--94984,+143846,KRX
20180430,-84500,5,-2600,-2.99,4653153,100935,80723,--20212,--34349,1193050,954220,--238830,--396885,KRX
20180427,+87100,2,+600,+0.69,4961867,87684,101821,+14137,--103696,1002875,1160930,+158055,--1208684,KRX
20180426,+86500,2,+4100,+4.98,7551747,83043,200876,+117833,+126633,971405,2338144,+1366739,+1474918,KRX
20180425,+82400,2,+300,+0.37,3845661,80566,71766,--8800,+75805,982611,874432,--108179,+930333,KRX
20180424,-82100,5,-2300,-2.73,6804182,172155,87550,--84605,--79659,2108586,1070074,--1038512,--979921,KRX
20180423,84400,3,0,0.00,3002461,50809,45863,--4946,+90621,604193,545602,--58591,+1068183,KRX
20180420,-84400,5,-3500,-3.98,4590640,137961,42394,--95567,--161136,1626830,500056,--1126774,--1880785,KRX
20180419,+87900,2,+3300,+3.90,5901782,59597,125166,+65569,+58321,684716,1438727,+754011,+668599,KRX
20180418,+84600,2,+1800,+2.17,3375376,59206,66454,+7248,+64893,700492,785904,+85412,+780723,KRX
20180417,-82800,5,-1200,-1.43,2501282,86722,29077,--57645,--44149,1046056,350745,--695311,--534547,KRX
20180416,-84000,5,-200,-0.24,1489091,35065,21569,--13496,+31059,417359,256595,--160764,+367135,KRX
20180413,+84200,2,+200,+0.24,3032369,84509,39954,--44555,--120991,999585,471686,--527899,--1439223,KRX
20180412,+84000,2,+2800,+3.45,5725102,51604,128040,+76436,+40096,615850,1527174,+911324,+467345,KRX
20180411,+81200,2,+800,+1.00,3053453,47036,83376,+36340,+17867,575461,1019440,+443979,+215667,KRX
20180410,-80400,5,-200,-0.25,2924054,47802,66275,+18473,--8176,596977,825289,+228312,--102359,KRX
20180409,+80600,2,+300,+0.37,3231256,43547,70196,+26649,+87784,541876,872547,+330671,+1097596,KRX
20180406,-80300,5,-2600,-3.14,5693281,149203,88068,--61135,--58098,1867063,1100138,--766925,--729715,KRX
20180405,+82900,2,+2500,+3.11,3255356,51480,48443,--3037,+18081,625830,588620,--37210,+220643,KRX
20180404,-80400,5,-1400,-1.71,2964537,62162,41044,--21118,--49763,765000,507147,--257853,--611557,KRX
20180403,+81800,2,+500,+0.62,3553815,38908,67553,+28645,+23759,483395,837099,+353704,+294519,KRX
20180402,81300,3,0,0.00,2342407,37423,42309,+4886,+6990,457767,516952,+59185,+83733,KRX
20180330,+81300,2,+1000,+1.25,3681673,52124,50020,--2104,+12005,633181,608633,--24548,+151446,KRX
20180329,80300,3,0,0.00,3618849,52396,38287,--14109,--65212,652217,476223,--175994,--810133,KRX
20180328,-80300,5,-1100,-1.35,4820673,38412,89515,+51103,+70889,476820,1110959,+634139,+872623,KRX
20180327,-81400,5,-2600,-3.10,7184488,111243,91457,--19786,--85889,1353658,1115174,--238484,--1035963,KRX
20180326,+84000,2,+900,+1.08,6121334,67662,133765,+66103,+60285,817450,1614929,+797479,+726219,KRX
20180323,-83100,5,-5500,-6.21,7310739,92101,97919,+5818,--12471,1086144,1157404,+71260,--135046,KRX
20180322,+88600,2,+200,+0.23,2698169,41939,60228,+18289,+36986,473764,680070,+206306,+416339,KRX
20180321,-88400,5,-1200,-1.34,2942484,103264,84567,--18697,--8171,1161168,951135,--210033,--91176,KRX
20180320,-89600,5,-300,-0.33,3083666,81337,70811,--10526,--29159,914717,795860,--118857,--324352,KRX
20180319,+89900,2,+100,+0.11,3743718,57386,76019,+18633,--6335,634777,840272,+205495,--74745,KRX
20180316,+89800,2,+200,+0.22,5006430,110776,135744,+24968,--6006,1246594,1526834,+280240,--65236,KRX
20180315,-89600,5,-1100,-1.21,4106667,88192,119166,+30974,+28770,984289,1329765,+345476,+322515,KRX
20180314,+90700,2,+700,+0.78,5939290,117761,119965,+2204,--116611,1306621,1329582,+22961,--1312415,KRX
20180313,+90000,2,+5100,+6.01,8775741,62202,181017,+118815,+85631,699998,2035374,+1335376,+943973,KRX
20180312,+84900,2,+1600,+1.92,2744795,54505,87689,+33184,+18699,643022,1034425,+391403,+222053,KRX
20180309,-83300,5,-200,-0.24,5159197,77818,92303,+14485,+31053,924684,1094034,+169350,+369685,KRX
20180308,+83500,2,+800,+0.97,4440076,105280,88712,--16568,+5391,1267147,1066812,--200335,+64363,KRX
20180307,+82700,2,+300,+0.36,4992841,79949,57990,--21959,--77932,961695,696997,--264698,--950713,KRX
20180306,+82400,2,+4100,+5.24,7588369,61825,117798,+55973,+36642,756258,1442273,+686015,+438655,KRX
20180305,+78300,2,+900,+1.16,3415061,41170,60501,+19331,--21068,526712,774072,+247360,--279188,KRX
20180302,+77400,2,+600,+0.78,2673152,41579,81978,+40399,+49537,540046,1066594,+526548,+645234,KRX
20180228,-76800,5,-1900,-2.41,3102987,67364,58226,--9138,--43523,872029,753343,--118686,--554540,KRX
20180227,+78700,2,+1200,+1.55,3395415,49457,83842,+34385,+51532,627651,1063505,+435854,+656515,KRX
20180226,+77500,2,+200,+0.26,2327486,46540,29393,--17147,--48196,598577,377916,--220661,--622639,KRX
20180223,+77300,2,+1400,+1.84,2404473,31030,62079,+31049,+42386,402523,804501,+401978,+550371,KRX
20180222,-75900,5,-1000,-1.30,1879461,40829,29492,--11337,--15090,535075,386682,--148393,--197477,KRX
20180221,+76900,2,+1400,+1.85,2653870,42840,46593,+3753,--1166,558690,607774,+49084,--15984,KRX
20180220,-75500,5,-1000,-1.31,2507719,33780,38699,+4919,+8683,446099,511167,+65068,+115164,KRX
20180219,-76500,5,-1100,-1.42,3350577,54157,50393,--3764,+32985,702249,652153,--50096,+420858,KRX
20180214,-77600,5,-100,-0.13,3943628,81304,44555,--36749,--89834,1040258,569304,--470954,--1158549,KRX
20180213,+77700,2,+3200,+4.30,7814367,81008,134093,+53085,+56109,1051351,1738946,+687595,+730348,KRX
20180212,+74500,2,+1100,+1.50,3317876,53119,50095,--3024,+61838,717551,674798,--42753,+841631,KRX
20180209,-73400,5,-500,-0.68,5118112,129627,64765,--64862,--35438,1766340,881956,--884384,--486393,KRX
20180208,+73900,2,+2800,+3.94,5586858,109664,80240,--29424,--54474,1494418,1096427,--397991,--740829,KRX
20180207,+71100,2,+900,+1.28,6007913,86471,111521,+25050,+499,1195134,1537972,+342838,--10042,KRX
20180206,70200,3,0,0.00,5679965,61144,85695,+24551,+14428,880979,1233859,+352880,+209500,KRX
20180205,-70200,5,-2000,-2.77,4058439,50679,60802,+10123,+27783,722088,865468,+143380,+386986,KRX
20180202,-72200,5,-2200,-2.96,4343077,60948,43288,--17660,--49223,838582,594976,--243606,--667744,KRX
20180201,+74400,2,+900,+1.22,2987816,39586,71149,+31563,+2943,532365,956503,+424138,+37453,KRX
20180131,+73500,2,+400,+0.55,5800892,90263,118883,+28620,+80736,1229848,1616533,+386685,+1096448,KRX
20180130,-73100,5,-2200,-2.92,5443314,104633,52517,--52116,--70071,1424298,714535,--709763,--946739,KRX
20180129,-75300,5,-200,-0.26,3618328,34579,52534,+17955,+1551,455886,692862,+236976,+19739,KRX
20180126,-75500,5,-300,-0.40,4296170,61364,77768,+16404,--92219,815040,1032277,+217237,--1232614,KRX
20180125,+75800,2,+3400,+4.70,8758929,57716,166339,+108623,+87080,775394,2225245,+1449851,+1152922,KRX
20180124,+72400,2,+1100,+1.54,3802939,32390,53933,+21543,+20735,447813,744742,+296929,+285728,KRX
20180123,+71300,2,+200,+0.28,4671451,69144,69952,+808,--34685,969471,980672,+11201,--486807,KRX
20180122,-71100,5,-2200,-3.00,5610463,47654,83147,+35493,+70813,666848,1164856,+498008,+978817,KRX
20180119,-73300,5,-1900,-2.53,3898397,64099,28779,--35320,--61026,870041,389232,--480809,--816532,KRX
20180118,+75200,2,+1100,+1.48,6199800,70879,96585,+25706,+23174,937462,1273185,+335723,+301824,KRX
20180117,-74100,5,-300,-0.40,3256624,47126,49658,+2532,--20336,635188,669087,+33899,--275958,KRX
20180116,+74400,2,+1700,+2.34,4383229,33745,56613,+22868,+20026,456783,766640,+309857,+270924,KRX
20180115,-72700,5,-1700,-2.28,3541267,23747,26589,+2842,--23611,325394,364327,+38933,--322587,KRX
20180112,+74400,2,+1800,+2.48,5659087,42832,69285,+26453,+42771,586631,948151,+361520,+586015,KRX
20180111,-72600,5,-300,-0.41,3777867,71071,54753,--16318,+44038,975784,751289,--224495,+594828,KRX
20180110,-72900,5,-4000,-5.20,9123901,101231,40875,--60356,--64568,1373527,554204,--819323,--871637,KRX
20180109,-76900,5,-1300,-1.66,3343874,62888,67100,+4212,+3685,811660,863974,+52314,+46187,KRX
20180108,-78200,5,-1100,-1.39,2960495,40049,40576,+527,--31733,512615,518742,+6127,--402098,KRX
20180105,+79300,2,+2200,+2.85,3395065,30207,62467,+32260,+13247,382068,790293,+408225,+167912,KRX
20180104,-77100,5,-600,-0.77,3729328,48037,67050,+19013,+12648,613189,853502,+240313,+158278,KRX
20180103,+77700,2,+1100,+1.44,3097644,41084,47449,+6365,+5324,527667,609702,+82035,+68512,KRX
20180102,+76600,2,+100,+0.13,2014838,26021,27062,+1041,+11816,338709,352232,+13523,+155346,KRX
20171228,+76500,2,+1400,+1.86,2825939,60096,49321,--10775,+39923,789000,647177,--141823,+534374,KRX
20171227,+75100,2,+1100,+1.49,4291492,100173,49475,--50698,--88274,1333476,657279,--676197,--1174606,KRX
20171226,-74000,5,-2700,-3.52,6253943,39972,77548,+37576,+27270,530309,1028718,+498409,+364361,KRX
20171222,-76700,5,-300,-0.39,3382954,60713,71019,+10306,+35698,790463,924511,+134048,+459734,KRX
20171221,-77000,5,-3100,-3.87,4831110,124596,99204,--25392,--36757,1602111,1276425,--325686,--465176,KRX
20171220,-80100,5,-100,-0.12,4375810,100517,111882,+11365,--53802,1245514,1385004,+139490,--681305,KRX
20171219,+80200,2,+3000,+3.89,6782210,62261,127428,+65167,+63745,778232,1599027,+820795,+803186,KRX
20171218,+77200,2,+1500,+1.98,3237589,55218,56640,+1422,+2211,719449,737058,+17609,+28500,KRX
20171215,-75700,5,-300,-0.39,3374982,70916,70127,--789,+10380,933547,922656,--10891,+142302,KRX
20171214,-76000,5,-800,-1.04,5552560,135503,124334,--11169,+13673,1771876,1618683,--153193,+171042,KRX
20171213,-76800,5,-1000,-1.29,3485920,84768,59926,--24842,--16916,1104710,780475,--324235,--221860,KRX
20171212,-77800,5,-900,-1.14,3746347,78096,70170,--7926,+8526,1003996,901621,--102375,+107211,KRX
20171211,78700,3,0,0.00,2493176,55442,38990,--16452,--55209,704664,495078,--209586,--706962,KRX
20171208,+78700,2,+2700,+3.55,3660716,42024,80781,+38757,+70030,539090,1036466,+497376,+906416,KRX
20171207,-76000,5,-1500,-1.94,5166136,148966,117693,--31273,--60804,1948870,1539830,--409040,--786409,KRX
20171206,-77500,5,-400,-0.51,3934238,48328,77859,+29531,+31720,618399,995768,+377369,+405948,KRX
20171205,-77900,5,-1200,-1.52,3736568,61549,59360,--2189,--8506,789903,761324,--28579,--109034,KRX
20171204,+79100,2,+1700,+2.20,4115752,48462,54779,+6317,+21206,619355,699810,+80455,+273283,KRX
20171201,+77400,2,+600,+0.78,4340592,78809,63920,--14889,+92878,1016352,823524,--192828,+1184520,KRX
20171130,-76800,5,-5600,-6.80,11213748,222256,114489,--107767,--119544,2856539,1479191,--1377348,--1519843,KRX
20171129,-82400,5,-200,-0.24,2418748,40748,52525,+11777,--5388,493736,636231,+142495,--65825,KRX
20171128,-82600,5,-500,-0.60,4083144,57188,74353,+17165,+100388,693438,901758,+208320,+1200801,KRX
20171127,-83100,5,-2000,-2.35,7105679,168494,85271,--83223,--80438,2017210,1024729,--992481,--958576,KRX
20171124,+85100,2,+400,+0.47,2073899,31006,28221,--2785,+45003,366617,332712,--33905,+527045,KRX
20171123,-84700,5,-2100,-2.42,2840382,77518,29730,--47788,--67960,909722,348772,--560950,--792985,KRX
20171122,+86800,2,+1800,+2.12,4592670,46802,66974,+20172,--90986,538914,770949,+232035,--1088798,KRX
20171121,+85000,2,+2900,+3.53,5540888,32198,143356,+111158,+104928,381839,1702672,+1320833,+1245024,KRX
20171120,-82100,5,-900,-1.08,2988991,60226,66456,+6230,+22545,730584,806393,+75809,+271002,KRX
20171117,+83000,2,+500,+0.61,4339090,94103,77788,--16315,--12355,1126261,931068,--195193,--145468,KRX
20171116,+82500,2,+500,+0.61,3053355,71147,67187,--3960,--13993,866772,817047,--49725,--171339,KRX
20171115,-82000,5,-1400,-1.68,3207872,41046,51079,+10033,+8114,495985,617599,+121614,+99079,KRX
20171114,+83400,2,+1100,+1.34,3399976,74835,76754,+1919,--28624,896564,919099,+22535,--347038,KRX
20171113,+82300,2,+300,+0.37,2955651,48075,78618,+30543,+15972,584327,953900,+369573,+192960,KRX
20171110,-82000,5,-400,-0.49,2357772,48625,63196,+14571,+4104,592679,769292,+176613,+50097,KRX
20171109,-82400,5,-800,-0.96,3748489,66905,77372,+10467,--5364,812846,939362,+126516,--62045,KRX
20171108,+83200,2,+800,+0.97,3396387,64593,80424,+15831,+7471,774182,962743,+188561,+87382,KRX
20171107,-82400,5,-1100,-1.32,2993945,55819,64179,+8360,+6542,676230,777409,+101179,+79802,KRX
20171106,-83500,5,-900,-1.07,3131468,64696,66514,+1818,--1168,774565,795942,+21377,--15899,KRX
20171103,+84400,2,+1000,+1.20,4050123,74618,77604,+2986,+21716,894240,931516,+37276,+261309,KRX
20171102,-83400,5,-1900,-2.23,4464960,87647,68917,--18730,--17336,1044420,820387,--224033,--206571,KRX
20171101,+85300,2,+3100,+3.77,7067296,98753,97359,--1394,--366,1160929,1143467,--17462,--3552,KRX
20171031,+82200,2,+2400,+3.01,6620890,92949,91921,--1028,--67675,1142853,1128943,--13910,--842813,KRX
20171030,+79800,2,+1400,+1.79,5883529,57794,124441,+66647,+113810,720528,1549431,+828903,+1436253,KRX
20171027,-78400,5,-300,-0.38,8929263,125886,78723,--47163,--9153,1624130,1016780,--607350,--129523,KRX
20171026,-78700,5,-3000,-3.67,7528077,108411,70401,--38010,--52972,1355636,877809,--477827,--661598,KRX
20171025,-81700,5,-100,-0.12,3914170,53150,68112,+14962,+102060,651436,835207,+183771,+1240042,KRX
20171024,-81800,5,-2900,-3.42,5236092,121856,34758,--87098,--14318,1478320,422049,--1056271,--182301,KRX
20171023,+84700,2,+3500,+4.31,5388391,127778,54998,--72780,--134733,1533147,659177,--873970,--1644374,KRX
20171020,+81200,2,+2200,+2.78,6911051,84579,146532,+61953,+125452,1041171,1811575,+770404,+1567626,KRX
20171019,-79000,5,-1900,-2.35,7675978,163420,99921,--63499,--86964,2045714,1248492,--797222,--1084924,KRX
20171018,-80900,5,-2600,-3.11,9070685,128062,151527,+23465,+81579,1575704,1863406,+287702,+979294,KRX
20171017,-83500,5,-700,-0.83,6802500,154345,96231,--58114,--39156,1826468,1134876,--691592,--468263,KRX
20171016,-84200,5,-1900,-2.21,6985619,137467,118509,--18958,--646,1630190,1406861,--223329,--13298,KRX
20171013,-86100,5,-2400,-2.71,6101810,94797,76485,--18312,--25176,1093598,883567,--210031,--285936,KRX
20171012,-88500,5,-600,-0.67,4313702,82978,89842,+6864,+65090,935384,1011289,+75905,+732893,KRX
20171011,+89100,2,+400,+0.45,5500820,177904,119678,--58226,--131856,1999151,1342163,--656988,--1503197,KRX
20171010,+88700,2,+5800,+7.00,7956055,116507,190137,+73630,+83499,1326304,2172513,+846209,+965147,KRX
20170929,-82900,5,-300,-0.36,3579139,71285,61416,--9869,+35285,858507,739569,--118938,+419385,KRX
20170928,+83200,2,+800,+0.97,4817018,111320,66166,--45154,--38095,1328492,790169,--538323,--452089,KRX
20170927,+82400,2,+300,+0.37,5029200,85286,78227,--7059,+123680,1033756,947522,--86234,+1476386,KRX
20170926,-82100,5,-4200,-4.87,11035272,223645,92906,--130739,--140330,2686441,1123821,--1562620,--1675293,KRX
20170925,+86300,2,+3200,+3.85,4656285,55612,65203,+9591,+40567,651826,764499,+112673,+484346,KRX
20170922,83100,3,0,0.00,5970218,95729,64753,--30976,--10719,1149580,777907,--371673,--127141,KRX
20170921,+83100,2,+2400,+2.97,6961713,94851,74594,--20257,--30610,1152266,907734,--244532,--373163,KRX
20170920,+80700,2,+1500,+1.89,5268665,69414,79767,+10353,+59938,867382,996013,+128631,+752939,KRX
20170919,-79200,5,-500,-0.63,3934389,94743,45158,--49585,--53075,1193019,568711,--624308,--667908,KRX
20170918,+79700,2,+2500,+3.24,3638325,39935,43425,+3490,+702,502687,546287,+43600,+7766,KRX
20170915,+77200,2,+400,+0.52,2725277,64403,67191,+2788,--2574,835343,871177,+35834,--33971,KRX
20170914,+76800,2,+1100,+1.45,3366621,80091,85453,+5362,--2598,1045491,1115296,+69805,--34358,KRX
20170913,+75700,2,+1000,+1.34,5682708,59007,66967,+7960,+14486,774421,878584,+104163,+192184,KRX
20170912,+74700,2,+900,+1.22,3676865,44775,38249,--6526,--15096,601957,513936,--88021,--204526,KRX
20170911,+73800,2,+1200,+1.65,3321612,37132,45702,+8570,+319,503505,620010,+116505,+2902,KRX
20170908,+72600,2,+1200,+1.68,2868673,39528,47779,+8251,+9157,546323,659926,+113603,+125297,KRX
20170907,-71400,5,-300,-0.42,3877849,56254,55348,--906,+8019,779994,768300,--11694,+113376,KRX
20170906,+71700,2,+1800,+2.58,4476200,52930,44005,--8925,--25288,744100,619030,--125070,--361838,KRX
20170905,+69900,2,+1800,+2.64,4026248,32639,49002,+16363,+14423,469779,706547,+236768,+206776,KRX
20170904,-68100,5,-600,-0.87,3234465,38160,40100,+1940,--3940,560407,590399,+29992,--54355,KRX
20170901,+68700,2,+100,+0.15,2304425,55090,60970,+5880,+8308,804042,888389,+84347,+119977,KRX
20170831,+68600,2,+100,+0.15,2054717,42258,39830,--2428,--27152,615870,580240,--35630,--396540,KRX
20170830,+68500,2,+900,+1.33,2118742,18798,43522,+24724,+29897,274884,635794,+360910,+440182,KRX
20170829,-67600,5,-300,-0.44,2967906,54577,49404,--5173,--8054,813837,734565,--79272,--121488,KRX
20170828,-67900,5,-500,-0.73,1843458,28898,31779,+2881,--5984,426677,468893,+42216,--87835,KRX
20170825,+68400,2,+300,+0.44,1862764,19430,28295,+8865,+4905,284738,414789,+130051,+72508,KRX
20170824,+68100,2,+100,+0.15,2333347,33218,37178,+3960,+34215,487176,544719,+57543,+500557,KRX
20170823,-68000,5,-200,-0.29,3072911,59299,29044,--30255,--40889,868824,425810,--443014,--599406,KRX
20170822,+68200,2,+1000,+1.49,2208365,19100,29734,+10634,--882,281287,437679,+156392,--14092,KRX
20170821,+67200,2,+200,+0.30,2570150,31406,42922,+11516,--2915,465947,636431,+170484,--43880,KRX
20170818,+67000,2,+600,+0.90,3130891,30239,44670,+14431,+12093,456309,670673,+214364,+179639,KRX
20170817,+66400,2,+300,+0.45,3709768,38815,41153,+2338,+12607,581381,616106,+34725,+188909,KRX
20170816,+66100,2,+1000,+1.54,4714899,75250,64981,--10269,--49810,1130716,976532,--154184,--776437,KRX
20170814,+65100,2,+3700,+6.03,5239246,42818,82359,+39541,+49879,668031,1290284,+622253,+787895,KRX
20170811,-61400,5,-3000,-4.66,6664578,85638,75300,--10338,+9144,1382788,1217146,--165642,+139622,KRX
20170810,+64400,2,+200,+0.31,4474120,77827,58345,--19482,+6300,1217979,912715,--305264,+92653,KRX
20170809,-64200,5,-2100,-3.17,4037319,71313,45531,--25782,--71766,1103048,705131,--397917,--1098603,KRX
20170808,+66300,2,+2200,+3.43,4372768,29840,75824,+45984,+30048,454769,1155455,+700686,+452991,KRX
20170807,+64100,2,+100,+0.16,3518575,24208,40144,+15936,+18244,376851,624546,+247695,+285948,KRX
20170804,-64000,5,-1500,-2.29,5938549,58538,56230,--2308,+971,915347,877094,--38253,+11364,KRX
20170803,-65500,5,-2500,-3.68,4992104,67594,64315,--3279,--61765,1024766,975149,--49617,--912584,KRX
20170802,+68000,2,+2500,+3.82,4161592,37216,95702,+58486,+37677,550983,1413950,+862967,+548169,KRX
20170801,-65500,5,-500,-0.76,3744523,38016,58825,+20809,--26709,579908,894706,+314798,--412846,KRX
20170731,+66000,2,+1400,+2.17,4769724,51081,98599,+47518,+64969,778551,1506195,+727644,+997916,KRX
20170728,-64600,5,-3800,-5.56,8093780,97958,80507,--17451,--120274,1502315,1232043,--270272,--1769401,KRX
20170727,+68400,2,+1600,+2.40,6177375,31481,134304,+102823,+111368,459913,1959042,+1499129,+1623518,KRX
20170726,-66800,5,-3600,-5.11,9659618,79957,71412,--8545,+72219,1176951,1052562,--124389,+1004085,KRX
20170725,-70400,5,-2600,-3.56,6028435,120995,40231,--80764,--108495,1691901,563427,--1128474,--1510790,KRX
20170724,+73000,2,+1800,+2.53,3598173,30875,58606,+27731,+32241,426954,809270,+382316,+446049,KRX
20170721,-71200,5,-100,-0.14,1599111,34605,30095,--4510,--9002,487202,423469,--63733,--126530,KRX
20170720,+71300,2,+300,+0.42,1647153,21113,25605,+4492,--11934,296596,359393,+62797,--169478,KRX
20170719,+71000,2,+200,+0.28,2009799,16798,33224,+16426,+11793,237928,470203,+232275,+166954,KRX
20170718,-70800,5,-400,-0.56,2066194,29000,33633,+4633,+42240,408303,473624,+65321,+594905,KRX
20170717,+71200,2,+100,+0.14,2804598,63137,25530,--37607,+1463,888765,359181,--529584,+18312,KRX
20170714,+71100,2,+500,+0.71,2931832,61463,22393,--39070,--41204,862432,314536,--547896,--580103,KRX
20170713,+70600,2,+1700,+2.47,5432312,58847,60981,+2134,+13570,832449,864656,+32207,+199658,KRX
20170712,-68900,5,-100,-0.14,3462150,59704,48268,--11436,--14333,867405,699954,--167451,--208915,KRX
20170711,+69000,2,+1700,+2.53,3187332,29671,32568,+2897,--11391,435952,477416,+41464,--170321,KRX
20170710,+67300,2,+700,+1.05,2667048,37115,51403,+14288,+37302,555512,767297,+211785,+554179,KRX
20170707,-66600,5,-1500,-2.20,3242213,51356,28342,--23014,--1157,764654,422260,--342394,--23037,KRX
20170706,+68100,2,+100,+0.15,4048922,76564,54707,--21857,--30164,1120903,801546,--319357,--440038,KRX
20170705,+68000,2,+2200,+3.34,4557456,40649,48956,+8307,+2153,605842,726523,+120681,+27664,KRX
20170704,-65800,5,-500,-0.75,2895782,38394,44548,+6154,--6933,583021,676038,+93017,--105233,KRX
20170703,-66300,5,-1100,-1.63,3763473,47802,60889,+13087,+21405,724882,923132,+198250,+322002,KRX
20170630,-67400,5,-1100,-1.61,3230282,52497,44179,--8318,--19768,780001,656249,--123752,--292097,KRX
20170629,+68500,2,+1300,+1.93,3702501,33008,44458,+11450,+67538,486966,655311,+168345,+993594,KRX
20170628,-67200,5,-2000,-2.89,5520578,92760,36672,--56088,+51557,1366102,540853,--825249,+749064,KRX
20170627,+69200,2,+1700,+2.52,4951341,138151,30506,--107645,--105820,2018599,444286,--1574313,--1548124,KRX
20170626,+67500,2,+2500,+3.85,3516630,33505,31680,--1825,+13096,502952,476763,--26189,+205547,KRX
20170623,65000,3,0,0.00,3189590,55116,40195,--14921,+33247,855995,624259,--231736,+498660,KRX
20170622,+65000,2,+200,+0.31,4977159,114796,66628,--48168,+19929,1748876,1018480,--730396,+326842,KRX
20170621,+64800,2,+800,+1.25,5650669,112706,44609,--68097,--59240,1749966,692728,--1057238,--917718,KRX
20170620,+64000,2,+1200,+1.91,6519471,85202,76345,--8857,+1919,1319801,1180281,--139520,+32716,KRX
20170619,+62800,2,+2300,+3.80,5315543,65996,55220,--10776,+56196,1055976,883740,--172236,+930486,KRX
20170616,-60500,5,-100,-0.17,3932203,115962,48990,--66972,--67457,1910396,807674,--1102722,--1111281,KRX
20170615,+60600,2,+1300,+2.19,4549233,57040,57525,+485,+6233,949500,958059,+8559,+106080,KRX
20170614,+59300,2,+500,+0.85,4441904,58152,52404,--5748,--38161,980338,882817,--97521,--657780,KRX
20170613,+58800,2,+1300,+2.26,3431811,20107,52520,+32413,+43164,346731,906990,+560259,+748040,KRX
20170612,-57500,5,-800,-1.37,2650404,40885,30134,--10751,--79190,712400,524619,--187781,--1374837,KRX
20170609,+58300,2,+1600,+2.82,4799560,25844,94283,+68439,+35483,447454,1634510,+1187056,+605702,KRX
20170608,+56700,2,+200,+0.35,3943311,73136,106092,+32956,+10665,1291597,1872951,+581354,+186953,KRX
20170607,+56500,2,+400,+0.71,3040030,44036,66327,+22291,+34863,782822,1177223,+394401,+617534,KRX
20170605,-56100,5,-1000,-1.75,2525078,42309,29737,--12572,--19018,751502,528369,--223133,--336077,KRX
20170602,+57100,2,+700,+1.24,2481215,44706,51152,+6446,+2839,784910,897854,+112944,+48929,KRX
20170601,-56400,5,-600,-1.05,2006611,31985,35592,+3607,+25777,566313,630328,+64015,+452409,KRX
20170531,-57000,5,-400,-0.70,3314659,109825,87655,--22170,--3757,1921894,1533500,--388394,--66925,KRX
20170530,-57400,5,-500,-0.86,2368225,34109,15696,--18413,--5734,595978,274509,--321469,--102336,KRX
20170529,+57900,2,+800,+1.40,3294700,39656,26977,--12679,--45990,683411,464278,--219133,--805225,KRX
20170526,+57100,2,+1300,+2.33,3145737,30739,64050,+33311,+30718,541531,1127623,+586092,+540216,KRX
20170525,55800,3,0,0.00,1996135,29617,32210,+2593,--25501,528635,574511,+45876,--456126,KRX
20170524,+55800,2,+700,+1.27,2324952,27725,55819,+28094,+56819,495764,997766,+502002,+1019849,KRX
20170523,-55100,5,-900,-1.61,2410542,49637,20912,--28725,--46392,895104,377257,--517847,--836875,KRX
20170522,+56000,2,+1800,+3.32,2544180,33815,51482,+17667,+28289,610757,929785,+319028,+513393,KRX
20170519,-54200,5,-1500,-2.69,2860160,50617,39995,--10622,--26667,924145,729780,--194365,--486196,KRX
20170518,+55700,2,+1000,+1.83,3494997,60961,77006,+16045,+18787,1117095,1408926,+291831,+341816,KRX
20170517,-54700,5,-600,-1.08,2485465,40395,37653,--2742,--16659,736234,686249,--49985,--299094,KRX
20170516,-55300,5,-300,-0.54,2546047,33079,46996,+13917,+19882,592140,841249,+249109,+356322,KRX
20170515,+55600,2,+300,+0.54,1542366,22428,16463,--5965,+8871,403380,296167,--107213,+158697,KRX
20170512,-55300,5,-1100,-1.95,2303244,40183,25347,--14836,--24192,721956,456046,--265910,--433475,KRX
20170511,+56400,2,+800,+1.44,3509393,51360,60716,+9356,+12735,917975,1085540,+167565,+225336,KRX
20170510,-55600,5,-1300,-2.28,4766870,83384,80005,--3379,--44528,1475712,1417941,--57771,--785477,KRX
20170508,+56900,2,+1000,+1.79,3818771,32794,73943,+41149,+15660,581240,1308946,+727706,+270821,KRX
20170504,+55900,2,+500,+0.90,2780438,37758,63247,+25489,--4254,678480,1135365,+456885,--78552,KRX
20170502,+55400,2,+1400,+2.59,4347745,43144,72887,+29743,+14975,779451,1314888,+535437,+261343,KRX
20170428,+54000,2,+400,+0.75,3573387,64357,79125,+14768,--12259,1193683,1467777,+274094,--230341,KRX
20170427,-53600,5,-100,-0.19,2743963,34745,61772,+27027,+6783,648934,1153369,+504435,+129216,KRX
20170426,+53700,2,+1300,+2.48,5609007,49512,69756,+20244,+64789,922711,1297930,+375219,+1230794,KRX
20170425,52400,3,0,0.00,5312931,87016,42471,--44545,--79345,1670688,815113,--855575,--1518174,KRX
20170424,+52400,2,+400,+0.77,3158545,25587,60387,+34800,+15356,487824,1150423,+662599,+289917,KRX
20170421,+52000,2,+600,+1.17,3834454,30113,49557,+19444,+15661,579176,951858,+372682,+298416,KRX
20170420,+51400,2,+1550,+3.11,3573280,30486,34269,+3783,+5987,600607,674873,+74266,+119074,KRX
20170419,-49850,5,-350,-0.70,1587172,25125,22921,--2204,+7773,502326,457518,--44808,+155943,KRX
20170418,+50200,2,+1000,+2.03,1899560,30476,20499,--9977,+11980,612688,411937,--200751,+243464,KRX
20170417,-49200,5,-600,-1.20,2002100,27428,5471,--21957,--35255,554896,110681,--444215,--708000,KRX
20170414,+49800,2,+50,+0.10,2845128,32355,45653,+13298,+17943,644600,908385,+263785,+360429,KRX
20170413,+49750,2,+750,+1.53,2367158,27028,22383,--4645,+8410,547824,451180,--96644,+171514,KRX
20170412,+49000,2,+150,+0.31,1694663,30740,17685,--13055,+10029,630129,361971,--268158,+205283,KRX
20170411,-48850,5,-150,-0.31,2384127,56041,32957,--23084,--24038,1147326,673885,--473441,--492741,KRX
20170410,-49000,5,-800,-1.61,1824895,20094,21048,+954,--11696,407884,427184,+19300,--235630,KRX
20170407,+49800,2,+400,+0.81,2645476,31671,44321,+12650,+33831,641699,896629,+254930,+684243,KRX
20170406,-49400,5,-900,-1.79,2991825,55956,34775,--21181,--25766,1132451,703138,--429313,--519763,KRX
20170405,-50300,5,-700,-1.37,2758658,41938,46523,+4585,+6321,833368,923818,+90450,+125291,KRX
20170404,-51000,5,-800,-1.54,2192884,29792,28056,--1736,--21001,577679,542838,--34841,--407650,KRX
20170403,+51800,2,+1300,+2.57,2361892,17260,36525,+19265,+47524,335357,708166,+372809,+933423,KRX
20170331,-50500,5,-400,-0.79,2682196,49415,21156,--28259,--23625,980274,419660,--560614,--469037,KRX
20170330,-50900,5,-400,-0.78,2204243,40920,36286,--4634,+16054,807172,715595,--91577,+311540,KRX
20170329,+51300,2,+500,+0.98,4154277,43867,23179,--20688,--6430,853298,450181,--403117,--121622,KRX
20170328,+50800,2,+100,+0.20,2862493,44966,30708,--14258,--15114,887770,606275,--281495,--297335,KRX
20170327,+50700,2,+1200,+2.42,5607032,76278,77134,+856,--24072,1509078,1524918,+15840,--485547,KRX
20170324,+49500,2,+1050,+2.17,5174622,40098,65026,+24928,+25744,806679,1308066,+501387,+519312,KRX
20170323,-48450,5,-200,-0.41,2473925,29412,28596,--816,--9660,605622,587697,--17925,--198836,KRX
20170322,+48650,2,+1100,+2.31,4157526,44401,53245,+8844,--5644,923148,1104059,+180911,--120307,KRX
20170321,-47550,5,-50,-0.11,3720816,41082,55570,+14488,+26807,862143,1163361,+301218,+565830,KRX
20170320,+47600,2,+850,+1.82,3929405,56397,44078,--12319,--991,1201047,936435,--264612,--26064,KRX
20170317,-46750,5,-2400,-4.88,8098258,74802,63474,--11328,--23444,1590684,1352136,--238548,--485122,KRX
20170316,+49150,2,+350,+0.72,3458839,37775,49891,+12116,+14865,771287,1017861,+246574,+302976,KRX
20170315,-48800,5,-1500,-2.98,4688787,37238,34489,--2749,+11893,760336,703934,--56402,+233104,KRX
20170314,-50300,5,-700,-1.37,4024138,62508,47866,--14642,--16663,1228365,938859,--289506,--329632,KRX
20170313,+51000,2,+1800,+3.66,4948062,45807,47828,+2021,+12935,906968,947094,+40126,+262563,KRX
20170310,+49200,2,+1200,+2.50,3849912,43809,32895,--10914,--19956,896261,673824,--222437,--408746,KRX
20170309,48000,3,0,0.00,2957372,34260,43302,+9042,+1570,711003,897312,+186309,+30571,KRX
20170308,-48000,5,-800,-1.64,3728263,27507,34979,+7472,+29250,569396,725134,+155738,+603622,KRX
20170307,-48800,5,-550,-1.11,3439908,59111,37333,--21778,--32294,1213323,765439,--447884,--666128,KRX
20170306,+49350,2,+2250,+4.78,5045970,50353,60869,+10516,+18849,1027300,1245544,+218244,+394561,KRX
20170303,-47100,5,-600,-1.26,3937032,50103,41770,--8333,--69469,1057892,881575,--176317,--1472520,KRX
20170302,+47700,2,+1000,+2.14,7093071,43185,104321,+61136,+27391,911771,2207974,+1296203,+578529,KRX
20170228,+46700,2,+700,+1.52,5588155,50956,84701,+33745,+84059,1084328,1802002,+717674,+1807168,KRX
20170227,-46000,5,-1500,-3.16,7604699,116806,66492,--50314,--16644,2527987,1438493,--1089494,--392736,KRX
20170224,-47500,5,-2700,-5.38,7707747,77402,43732,--33670,--42007,1605445,908687,--696758,--862887,KRX
20170223,-50200,5,-400,-0.79,3374139,41356,49693,+8337,+16398,829035,995164,+166129,+323621,KRX
20170222,-50600,5,-300,-0.59,2678429,40934,32873,--8061,--8545,801388,643896,--157492,--168182,KRX
20170221,+50900,2,+1000,+2.00,2227708,16072,16556,+484,--17405,317770,328460,+10690,--346713,KRX
20170220,-49900,5,-500,-0.99,2265276,15220,33109,+17889,+2770,303778,661181,+357403,+59545,KRX
20170217,+50400,2,+800,+1.61,4927937,55202,70321,+15119,--13531,1090669,1388527,+297858,--284472,KRX
20170216,+49600,2,+1700,+3.55,4840918,32996,61646,+28650,+61417,674408,1256738,+582330,+1262739,KRX
20170215,-47900,5,-550,-1.14,8725221,140521,107754,--32767,--70358,2924353,2243944,--680409,--1451009,KRX
20170214,-48450,5,-2250,-4.44,8593878,51923,89514,+37591,+14211,1055330,1825930,+770600,+309126,KRX
20170213,+50700,2,+700,+1.40,4124290,43544,66924,+23380,+49083,862232,1323706,+461474,+960462,KRX
20170210,-50000,5,-2700,-5.12,9120878,122281,96578,--25703,+2785,2393731,1894743,--498988,+37835,KRX
20170209,-52700,5,-1900,-3.48,6547266,113762,85274,--28488,--51660,2141585,1604762,--536823,--966127,KRX
20170208,+54600,2,+1300,+2.44,3552260,23064,46236,+23172,+31427,431782,861086,+429304,+582642,KRX
20170207,-53300,5,-400,-0.74,2405891,28494,20239,--8255,--22628,529849,376511,--153338,--420664,KRX
20170206,53700,3,0,0.00,1897002,32489,46862,+14373,+25318,603725,871051,+267326,+477600,KRX
20170203,+53700,2,+900,+1.70,3718619,72100,61155,--10945,--40724,1366621,1156347,--210274,--770768,KRX
20170202,-52800,5,-1200,-2.22,3486140,36487,66266,+29779,+36912,685956,1246450,+560494,+692680,KRX
20170201,+54000,2,+300,+0.56,2813046,40371,33238,--7133,+32510,745406,613220,--132186,+605684,KRX
20170131,+53700,2,+400,+0.75,4118790,70029,30386,--39643,--64633,1303026,565156,--737870,--1210645,KRX
20170126,+53300,2,+1600,+3.09,4517114,28728,53718,+24990,+22260,541066,1013841,+472775,+420398,KRX
20170125,+51700,2,+100,+0.19,2715809,37918,40648,+2730,+30707,728530,780907,+52377,+596934,KRX
20170124,+51600,2,+800,+1.57,3449130,67217,39240,--27977,--24484,1306005,761448,--544557,--475062,KRX
20170123,+50800,2,+1650,+3.36,4148659,48927,45434,--3493,+6612,968004,898509,--69495,+134552,KRX
20170120,-49150,5,-450,-0.91,1943195,27494,17389,--10105,--19379,555780,351733,--204047,--390628,KRX
20170119,+49600,2,+750,+1.54,2332268,18129,27403,+9274,+10351,366027,552608,+186581,+208203,KRX
20170118,-48850,5,-450,-0.91,2974091,29670,28593,--1077,--13930,607975,586353,--21622,--280759,KRX
20170117,49300,3,0,0.00,2309955,16978,29831,+12853,+47855,342077,601214,+259137,+967889,KRX
20170116,-49300,5,-1000,-1.99,4974924,71842,36840,--35002,--29562,1454849,746097,--708752,--599548,KRX
20170113,-50300,5,-300,-0.59,4219771,45868,40428,--5440,--3654,914758,805554,--109204,--75453,KRX
20170112,-50600,5,-1000,-1.94,5060622,51706,49920,--1786,+4042,1017693,983942,--33751,+79246,KRX
20170111,+51600,2,+1850,+3.72,4360058,44533,38705,--5828,+14546,868321,755324,--112997,+297465,KRX
20170110,+49750,2,+200,+0.40,2561968,44338,23964,--20374,+11056,892751,482289,--410462,+226330,KRX
20170109,+49550,2,+1550,+3.23,3871999,49934,18504,--31430,--37151,1011292,374500,--636792,--755554,KRX
20170106,+48000,2,+1050,+2.24,3166843,18668,24389,+5721,--25531,388725,507487,+118762,--543007,KRX
20170105,+46950,2,+450,+0.97,2377163,16814,48066,+31252,+64994,356375,1018144,+661769,+1384523,KRX
20170104,-46500,5,-750,-1.59,2722599,68443,34701,--33742,--45751,1466110,743356,--722754,--980506,KRX
20170103,+47250,2,+1450,+3.17,2655477,21840,33849,+12009,+610,465628,723380,+257752,+8330,KRX
20170102,+45800,2,+1100,+2.46,1547681,6382,17781,+11399,--1485,140147,389569,+249422,--38753,KRX
20161229,-44700,5,-650,-1.43,1808856,15224,28108,+12884,+13262,339636,627811,+288175,+296720,KRX
20161228,-45350,5,-300,-0.66,1296254,15595,15217,--378,--8261,343532,334987,--8545,--181069,KRX
20161227,45650,3,0,0.00,1175619,8347,16230,+7883,+14017,182604,355128,+172524,+306332,KRX
20161226,-45650,5,-650,-1.40,1603230,18465,12331,--6134,--29021,402790,268982,--133808,--628700,KRX
20161223,+46300,2,+800,+1.76,2982024,18115,41002,+22887,--11887,391856,886748,+494892,--256618,KRX
20161222,+45500,2,+500,+1.11,4045912,24464,59238,+34774,+24938,534773,1286283,+751510,+536088,KRX
20161221,-45000,5,-150,-0.33,1662010,22913,32749,+9836,+9455,506467,721889,+215422,+207015,KRX
20161220,45150,3,0,0.00,1110753,13141,13522,+381,+13075,290544,298951,+8407,+285830,KRX
20161219,-45150,5,-1250,-2.69,1997194,27847,15153,--12694,--14565,610379,332956,--277423,--317500,KRX
20161216,+46400,2,+800,+1.75,2100809,40418,42289,+1871,+19072,874790,914867,+40077,+418047,KRX
20161215,-45600,5,-250,-0.55,1828843,34985,17784,--17201,--19030,768842,390872,--377970,--417214,KRX
20161214,+45850,2,+900,+2.00,2010708,22708,24537,+1829,--17940,496605,535849,+39244,--398770,KRX
20161213,-44950,5,-350,-0.77,1822952,15445,35214,+19769,+14944,342692,780706,+438014,+331308,KRX
20161212,-45300,5,-200,-0.44,1440589,13960,18785,+4825,--15658,307347,414053,+106706,--337859,KRX
20161209,-45500,5,-750,-1.62,3003326,24024,44507,+20483,+7646,524235,968800,+444565,+167319,KRX
20161208,+46250,2,+1000,+2.21,3313157,38944,51781,+12837,+37522,840086,1117332,+277246,+819885,KRX
20161207,+45250,2,+50,+0.11,1984369,35245,10560,--24685,--22869,774942,232303,--542639,--502129,KRX
20161206,+45200,2,+800,+1.80,3099065,34791,32975,--1816,--6933,770208,729698,--40510,--155622,KRX
20161205,44400,3,0,0.00,1703219,26418,31535,+5117,+35244,595343,710455,+115112,+799745,KRX
20161202,+44400,2,+200,+0.45,4244113,57583,27456,--30127,--17607,1311300,626667,--684633,--400126,KRX
20161201,+44200,2,+1300,+3.03,3491185,49048,36528,--12520,--12157,1114786,830279,--284507,--276766,KRX
20161130,+42900,2,+500,+1.18,4325524,84549,84186,--363,+8886,1957576,1949835,--7741,+210611,KRX
20161129,-42400,5,-200,-0.47,1777480,33016,23767,--9249,--18055,778792,560440,--218352,--423951,KRX
20161128,42600,3,0,0.00,1513215,10695,19501,+8806,+8157,250334,455933,+205599,+190249,KRX
20161125,-42600,5,-50,-0.12,1328958,18781,19430,+649,+21358,439864,455214,+15350,+497032,KRX
20161124,-42650,5,-400,-0.93,1789745,34922,14213,--20709,--32599,812001,330319,--481682,--755364,KRX
20161123,+43050,2,+350,+0.82,4047443,41161,53051,+11890,--17134,948000,1221682,+273682,--414985,KRX
20161122,+42700,2,+1950,+4.79,3306186,21373,50397,+29024,+45036,506538,1195205,+688667,+1077191,KRX
20161121,-40750,5,-1250,-2.98,1883627,35495,19483,--16012,--9154,860420,471896,--388524,--225653,KRX
20161118,+42000,2,+100,+0.24,3331134,42259,35401,--6858,--18024,1005677,842806,--162871,--430821,KRX
20161117,+41900,2,+1050,+2.57,2383464,33558,44724,+11166,--1564,808108,1076058,+267950,--43851,KRX
20161116,+40850,2,+1150,+2.90,2101878,33947,46677,+12730,+7448,832673,1144474,+311801,+181909,KRX
20161115,39700,3,0,0.00,2030086,39780,45062,+5282,+10091,996960,1126852,+129892,+250836,KRX
20161114,-39700,5,-150,-0.38,1589911,27366,22557,--4809,--13767,686325,565381,--120944,--344615,KRX
20161111,-39850,5,-1150,-2.80,2962651,45929,54887,+8958,--2493,1149700,1373371,+223671,--56206,KRX
20161110,+41000,2,+1350,+3.40,2520434,34945,46396,+11451,+17547,855682,1135559,+279877,+433015,KRX
20161109,-39650,5,-1850,-4.46,5779291,71483,65387,--6096,--15098,1789229,1636091,--153138,--369294,KRX
20161108,41500,3,0,0.00,1882987,17978,26980,+9002,+5715,432233,648389,+216156,+138089,KRX
20161107,+41500,2,+300,+0.73,2033220,27186,30473,+3287,--1723,654318,732385,+78067,--43330,KRX
20161104,+41200,2,+50,+0.12,2600930,25928,30938,+5010,--8033,629951,751348,+121397,--195790,KRX
20161103,+41150,2,+150,+0.37,2580396,26807,39850,+13043,+15308,650699,967886,+317187,+372977,KRX
20161102,-41000,5,-1000,-2.38,2822651,29414,27149,--2265,--27690,720027,664237,--55790,--661447,KRX
20161101,+42000,2,+1000,+2.44,3173446,21342,46767,+25425,--7490,509806,1115463,+605657,--191325,KRX
20161031,-41000,5,-1450,-3.42,3297943,22132,55047,+32915,+13146,532372,1329354,+796982,+333005,KRX
20161028,-42450,5,-550,-1.28,2251179,11851,31620,+19769,--3604,278635,742612,+463977,--77826,KRX
20161027,+43000,2,+100,+0.23,4814197,40398,63771,+23373,--25884,938954,1480757,+541803,--622812,KRX
20161026,+42900,2,+1850,+4.51,6364037,25823,75080,+49257,+11583,612344,1776959,+1164615,+247997,KRX
20161025,+41050,2,+900,+2.24,4469224,29621,67295,+37674,+42964,721757,1638375,+916618,+1047727,KRX
20161024,-40150,5,-800,-1.95,2211109,27327,22037,--5290,--30269,677788,546679,--131109,--747099,KRX
20161021,+40950,2,+900,+2.25,2436212,19403,44382,+24979,+6975,477745,1093735,+615990,+159050,KRX
20161020,40050,3,0,0.00,5423960,45092,63096,+18004,+11473,1144448,1601388,+456940,+294703,KRX
20161019,-40050,5,-1600,-3.84,5033246,54763,61294,+6531,+15379,1349101,1511338,+162237,+375480,KRX
20161018,-41650,5,-650,-1.54,2559222,40893,32045,--8848,--15915,981580,768337,--213243,--381464,KRX
20161017,+42300,2,+750,+1.81,2314725,21379,28446,+7067,--26192,510398,678619,+168221,--631732,KRX
20161014,+41550,2,+600,+1.47,2708972,21081,54340,+33259,+14983,507014,1306967,+799953,+359104,KRX
20161013,-40950,5,-300,-0.73,3638071,16127,34403,+18276,--6447,391469,832318,+440849,--154822,KRX
20161012,-41250,5,-50,-0.12,3521492,29813,54536,+24723,+21983,719827,1315498,+595671,+530577,KRX
20161011,41300,3,0,0.00,2810503,38450,41190,+2740,--338,927567,992661,+65094,--8826,KRX
20161010,-41300,5,-900,-2.13,2916252,33460,36538,+3078,--13444,807167,881087,+73920,--318276,KRX
20161007,-42200,5,-350,-0.82,2637734,16059,32581,+16522,+27910,380851,773047,+392196,+658665,KRX
20161006,-42550,5,-50,-0.12,2815496,29370,17982,--11388,+18369,687984,421515,--266469,+437313,KRX
20161005,+42600,2,+800,+1.91,4387312,66623,36866,--29757,--47379,1576084,872302,--703782,--1128121,KRX
20161004,+41800,2,+1600,+3.98,3639803,45698,63320,+17622,--19590,1100677,1525016,+424339,--495742,KRX
20160930,40200,3,0,0.00,3764773,28629,65841,+37212,+36427,710512,1630593,+920081,+899187,KRX
20160929,-40200,5,-1000,-2.43,3976705,36732,37517,+785,+27979,908947,929841,+20894,+677692,KRX
20160928,+41200,2,+50,+0.12,4189804,75227,48033,--27194,--53823,1815335,1158537,--656798,--1318445,KRX
20160927,+41150,2,+1650,+4.18,4001505,25587,52216,+26629,+18435,634111,1295758,+661647,+453676,KRX
20160926,+39500,2,+150,+0.38,1669862,11356,19550,+8194,--16622,289658,497629,+207971,--420405,KRX
20160923,-39350,5,-50,-0.13,2095120,13426,38242,+24816,+17068,340422,968798,+628376,+431872,KRX
20160922,+39400,2,+250,+0.64,3214630,33300,41048,+7748,+25919,843723,1040227,+196504,+664753,KRX
20160921,-39150,5,-100,-0.25,1731450,37066,18895,--18171,+5359,953219,484970,--468249,+133785,KRX
20160920,+39250,2,+50,+0.13,2594490,54613,31083,--23530,--22701,1395977,793943,--602034,--583461,KRX
20160919,+39200,2,+1400,+3.70,5283684,78433,77604,--829,--9188,2007053,1988480,--18573,--237355,KRX
20160913,+37800,2,+800,+2.16,3928646,47510,55869,+8359,+36653,1255059,1473841,+218782,+972143,KRX
20160912,-37000,5,-1950,-5.01,4885896,58719,30425,--28294,--34525,1564650,811289,--753361,--913910,KRX
20160909,+38950,2,+250,+0.65,2748415,23532,29763,+6231,+5232,608025,768574,+160549,+135423,KRX
20160908,+38700,2,+800,+2.11,3698781,37129,38128,+999,+12231,963208,988334,+25126,+317513,KRX
20160907,-37900,5,-100,-0.26,3786844,27417,16185,--11232,--23777,714793,422406,--292387,--624125,KRX
20160906,+38000,2,+500,+1.33,2123160,13907,26452,+12545,+9197,368249,699987,+331738,+242105,KRX
20160905,+37500,2,+850,+2.32,2337575,21191,24539,+3348,--984,567597,657230,+89633,--29126,KRX
20160902,+36650,2,+550,+1.52,1828390,8103,12435,+4332,+4301,221860,340619,+118759,+118144,KRX
20160901,-36100,5,-350,-0.96,1713669,18559,18590,+31,--5264,514074,514689,+615,--145073,KRX
20160831,+36450,2,+150,+0.41,2832970,36101,41396,+5295,+32286,995250,1140938,+145688,+889095,KRX
20160830,+36300,2,+50,+0.14,2766460,41504,14513,--26991,--19083,1144422,401015,--743407,--521484,KRX
20160829,36250,3,0,0.00,2782441,29547,21639,--7908,--17435,823679,601756,--221923,--485429,KRX
20160826,+36250,2,+550,+1.54,2635343,20870,30397,+9527,+3892,577396,840902,+263506,+105156,KRX
20160825,-35700,5,-50,-0.14,1568516,14518,20153,+5635,--3172,409258,567608,+158350,--88774,KRX
20160824,+35750,2,+150,+0.42,1689924,17537,26344,+8807,+24370,491330,738454,+247124,+681183,KRX
20160823,-35600,5,-400,-1.11,3014421,26692,11129,--15563,--18736,744938,310879,--434059,--522438,KRX
20160822,+36000,2,+600,+1.69,4149396,26873,30046,+3173,--1434,751576,839955,+88379,--42182,KRX
20160819,+35400,2,+1250,+3.66,4683750,24651,29258,+4607,--6831,704747,835308,+130561,--206281,KRX
20160818,+34150,2,+600,+1.79,1855081,13969,25407,+11438,+11825,411090,747932,+336842,+349269,KRX
20160817,-33550,5,-150,-0.45,2083372,21641,21254,--387,--835,649477,637050,--12427,--25730,KRX
20160816,-33700,5,-650,-1.89,2883043,30571,31019,+448,--14472,897079,910382,+13303,--417831,KRX
20160812,-34350,5,-450,-1.29,2437735,19064,33984,+14920,+14644,552394,983528,+431134,+424784,KRX
20160811,+34800,2,+1000,+2.96,2980478,24647,24923,+276,--1369,722056,728406,+6350,--42025,KRX
20160810,-33800,5,-1250,-3.57,3193311,17734,19379,+1645,+6513,521058,569433,+48375,+188935,KRX
20160809,+35050,2,+100,+0.29,2112078,22831,17963,--4868,--832,655027,514467,--140560,--24126,KRX
20160808,+34950,2,+150,+0.43,2157854,21122,17086,--4036,--6444,605473,489039,--116434,--188545,KRX
20160805,+34800,2,+1150,+3.42,2830058,20987,23395,+2408,+4401,604977,677088,+72111,+131140,KRX
20160804,+33650,2,+100,+0.30,1477680,16536,14543,--1993,--15501,490704,431675,--59029,--460041,KRX
20160803,-33550,5,-200,-0.59,2698841,18925,32433,+13508,+14041,562374,963386,+401012,+416085,KRX
20160802,-33750,5,-1100,-3.16,2123735,13949,13416,--533,--7044,410587,395514,--15073,--201422,KRX
20160801,+34850,2,+450,+1.31,3274413,25944,32455,+6511,+10165,743882,930231,+186349,+292896,KRX
20160729,+34400,2,+850,+2.53,4660512,50959,47305,--3654,--18706,1489491,1382944,--106547,--557508,KRX
20160728,+33550,2,+100,+0.30,3586965,28467,43519,+15052,--20980,854318,1305279,+450961,--636700,KRX
20160727,+33450,2,+1400,+4.37,4762165,21168,57200,+36032,+39823,638608,1726269,+1087661,+1211364,KRX
20160726,-32050,5,-450,-1.38,5028045,45101,41310,--3791,+4373,1423449,1299746,--123703,+128758,KRX
20160725,+32500,2,+500,+1.56,2147590,22938,14774,--8164,--22018,708436,455975,--252461,--690667,KRX
20160722,-32000,5,-150,-0.47,2442893,13485,27339,+13854,+2296,425028,863234,+438206,+80244,KRX
20160721,+32150,2,+50,+0.16,1879147,14792,26350,+11558,+7103,456994,814956,+357962,+218905,KRX
20160720,-32100,5,-350,-1.08,1775583,21737,26192,+4455,--7112,679021,818078,+139057,--218772,KRX
20160719,-32450,5,-300,-0.92,2340759,19273,30840,+11567,+8220,596404,954233,+357829,+255445,KRX
20160718,+32750,2,+50,+0.15,1515167,14685,18032,+3347,--902,447390,549774,+102384,--28728,KRX
20160715,-32700,5,-350,-1.06,2580255,21653,25902,+4249,--9266,654345,785457,+131112,--277890,KRX
20160714,+33050,2,+400,+1.23,3145494,17024,30539,+13515,+2905,517008,926010,+409002,+84805,KRX
20160713,+32650,2,+650,+2.03,3779418,20399,31009,+10610,+31035,623346,947543,+324197,+964877,KRX
20160712,32000,3,0,0.00,2523664,33795,13370,--20425,--45186,1058961,418281,--640680,--1416693,KRX
20160711,+32000,2,+950,+3.06,3938161,16871,41632,+24761,+14099,526222,1302235,+776013,+431281,KRX
20160708,+31050,2,+400,+1.31,2424460,9857,20519,+10662,+7640,319029,663761,+344732,+246543,KRX
20160707,+30650,2,+50,+0.16,2715183,18862,21884,+3022,--16789,612048,710237,+98189,--550575,KRX
20160706,-30600,5,-1250,-3.92,6314347,44616,64427,+19811,+35215,1447146,2095910,+648764,+1126504,KRX
20160705,-31850,5,-900,-2.75,2577231,30456,15052,--15404,--11553,946507,468767,--477740,--358267,KRX
20160704,+32750,2,+600,+1.87,3192033,25065,21214,--3851,--4928,769410,649937,--119473,--152189,KRX
20160701,-32150,5,-250,-0.77,5289586,38025,39102,+1077,--29265,1179280,1211996,+32716,--906504,KRX
20160630,+32400,2,+600,+1.89,4571310,27947,58289,+30342,+27309,867340,1806560,+939220,+845819,KRX
20160629,+31800,2,+650,+2.09,3801424,25874,28907,+3033,+28596,811518,904919,+93401,+914706,KRX
20160628,-31150,5,-900,-2.81,5072467,51142,25579,--25563,+9822,1641087,819782,--821305,+302207,KRX
20160627,+32050,2,+250,+0.79,6146337,62648,27263,--35385,+20494,1987073,863561,--1123512,+624196,KRX
20160624,+31800,2,+50,+0.16,16852175,146410,90531,--55879,--29263,4604412,2856704,--1747708,--905632,KRX
20160623,+31750,2,+800,+2.58,7147499,45953,19337,--26616,--42665,1454183,612107,--842076,--1361160,KRX
20160622,+30950,2,+1150,+3.86,5122638,17450,33499,+16049,+38504,568050,1087134,+519084,+1270914,KRX
20160621,-29800,5,-250,-0.83,2376833,31025,8570,--22455,--37044,1038857,287027,--751830,--1245375,KRX
20160620,+30050,2,+1050,+3.62,4501015,32718,47307,+14589,+21272,1106981,1600526,+493545,+719674,KRX
20160617,-29000,5,-650,-2.19,2891783,28726,22043,--6683,--9250,980315,754186,--226129,--313247,KRX
20160616,-29650,5,-300,-1.00,3687253,27301,29868,+2567,+12570,918483,1005601,+87118,+421748,KRX
20160615,+29950,2,+900,+3.10,5751526,28490,18487,--10003,+490,955089,620459,--334630,+26565,KRX
20160614,+29050,2,+700,+2.47,3490535,22766,12273,--10493,+2199,785679,424484,--361195,+85813,KRX
20160613,-28350,5,-650,-2.24,2607031,27769,15077,--12692,--2150,977084,530076,--447008,--82939,KRX
20160610,29000,3,0,0.00,2413698,22294,11752,--10542,--2476,769439,405370,--364069,--87485,KRX
20160609,+29000,2,+450,+1.58,5336122,42687,34621,--8066,+5405,1468636,1192052,--276584,+191266,KRX
20160608,-28550,5,-100,-0.35,3940058,31365,17894,--13471,--24126,1090773,622923,--467850,--843536,KRX
20160607,+28650,2,+1050,+3.80,4435065,29574,40229,+10655,+15252,1043338,1419024,+375686,+540249,KRX
20160603,-27600,5,-450,-1.60,3680988,29757,25160,--4597,--3423,1066915,902352,--164563,--126061,KRX
20160602,-28050,5,-450,-1.58,3443745,24543,23369,--1174,+11109,863568,825066,--38502,+391011,KRX
20160601,-28500,5,-200,-0.70,3630711,34690,22407,--12283,--31750,1211213,781700,--429513,--1108153,KRX
20160531,-28700,5,-300,-1.03,5414611,59483,78950,+19467,--628,2071758,2750398,+678640,--10443,KRX
20160530,+29000,2,+350,+1.22,5492886,22123,42218,+20095,--19657,759477,1448560,+689083,--718949,KRX
20160527,+28650,2,+1650,+6.11,7719656,20074,59826,+39752,+37508,709439,2117471,+1408032,+1325067,KRX
20160526,-27000,5,-50,-0.18,1938084,15464,17708,+2244,--1794,571956,654921,+82965,--65471,KRX
20160525,+27050,2,+200,+0.74,2250906,14196,18234,+4038,+22626,523035,671471,+148436,+839811,KRX
20160524,-26850,5,-350,-1.29,2428278,28462,9874,--18588,--23257,1058588,367213,--691375,--860847,KRX
20160523,+27200,2,+900,+3.42,4534043,30605,35274,+4669,+18410,1129425,1298897,+169472,+690691,KRX
20160520,-26300,5,-300,-1.13,2245019,31556,17815,--13741,--20446,1196427,675208,--521219,--773320,KRX
20160519,+26600,2,+400,+1.53,4367007,27487,34192,+6705,+6909,1033712,1285813,+252101,+260270,KRX
20160518,+26200,2,+300,+1.16,2474774,20532,20328,--204,+5508,790644,782475,--8169,+211027,KRX
20160517,-25900,5,-200,-0.77,1545947,11328,5616,--5712,--3406,434747,215551,--219196,--130655,KRX
20160516,26100,3,0,0.00,1337159,8120,5814,--2306,+826,311487,222946,--88541,+31681,KRX
20160513,26100,3,0,0.00,1849910,14166,11034,--3132,+4198,543811,423589,--120222,+161362,KRX
20160512,-26100,5,-100,-0.38,1759282,17094,9764,--7330,--9036,656200,374616,--281584,--346537,KRX
20160511,-26200,5,-200,-0.76,1735332,10253,11959,+1706,--7899,390523,455476,+64953,--302565,KRX
20160510,+26400,2,+650,+2.52,2564593,14372,23977,+9605,+15720,549466,916984,+367518,+603511,KRX
20160509,-25750,5,-900,-3.38,5291220,29489,23374,--6115,+19377,1136435,900442,--235993,+704444,KRX
20160504,-26650,5,-1000,-3.62,4388484,46638,21146,--25492,--15085,1725643,785206,--940437,--565603,KRX
20160503,-27650,5,-200,-0.72,1373116,19531,9124,--10407,--8618,702998,328164,--374834,--311152,KRX
20160502,-27850,5,-300,-1.07,1306092,7860,6071,--1789,+2133,281132,217450,--63682,+77644,KRX
20160429,+28150,2,+250,+0.90,2878692,40520,36598,--3922,--7163,1445294,1303968,--141326,--255348,KRX
20160428,-27900,5,-1250,-4.29,6766879,51438,54679,+3241,+21708,1824976,1938998,+114022,+747521,KRX
20160427,29150,3,0,0.00,6213757,57471,39004,--18467,--56865,1963402,1329903,--633499,--1967004,KRX
20160426,+29150,2,+1650,+6.00,7750203,22953,61351,+38398,+38666,804422,2137927,+1333505,+1343661,KRX
20160425,27500,3,0,0.00,1506644,13073,12805,--268,+952,474948,464792,--10156,+34277,KRX
20160422,-27500,5,-50,-0.18,1556764,11099,9879,--1220,--2482,402773,358340,--44433,--89504,KRX
20160421,27550,3,0,0.00,2999400,18037,19299,+1262,+56,652034,697105,+45071,+1932,KRX
20160420,+27550,2,+100,+0.36,3231788,15269,16475,+1206,--5988,550950,594089,+43139,--218664,KRX
20160419,+27450,2,+250,+0.92,1843729,9292,16486,+7194,+17256,338437,600240,+261803,+628393,KRX
20160418,-27200,5,-450,-1.63,3861103,22870,12808,--10062,--4506,831317,464727,--366590,--165413,KRX
20160415,+27650,2,+400,+1.47,2785108,21035,15479,--5556,--22024,761843,560666,--201177,--800211,KRX
20160414,+27250,2,+100,+0.37,4761215,37296,53764,+16468,+22055,1353398,1952432,+599034,+804180,KRX
20160412,27150,3,0,0.00,1850577,23650,18063,--5587,+16986,867265,662119,--205146,+619399,KRX
20160411,-27150,5,-650,-2.34,2425426,28540,5967,--22573,--9716,1043095,218550,--824545,--352282,KRX
20160408,+27800,2,+900,+3.35,3718690,32594,19737,--12857,--13036,1195233,722970,--472263,--479255,KRX
20160407,-26900,5,-600,-2.18,4588396,21416,21595,+179,+16234,792692,799684,+6992,+588678,KRX
20160406,-27500,5,-350,-1.26,2410844,25868,9813,--16055,--22314,937038,355352,--581686,--804992,KRX
20160405,-27850,5,-50,-0.18,2032745,21539,27798,+6259,+5251,773923,997229,+223306,+187469,KRX
20160404,-27900,5,-300,-1.06,2823088,25562,26570,+1008,--11540,916428,952265,+35837,--407835,KRX
20160401,+28200,2,+50,+0.18,2991431,30666,43214,+12548,--2510,1086579,1530251,+443672,--89774,KRX
20160331,-28150,5,-500,-1.75,4336581,26391,41449,+15058,--9623,932124,1465570,+533446,--315576,KRX
20160330,-28650,5,-250,-0.87,3512889,15092,39773,+24681,+20661,520303,1369325,+849022,+710515,KRX
20160329,+28900,2,+350,+1.23,2343876,25563,29583,+4020,--9636,885003,1023510,+138507,--337440,KRX
20160328,-28550,5,-600,-2.06,2795412,14420,28076,+13656,+5448,505009,980956,+475947,+193005,KRX
20160325,-29150,5,-300,-1.02,1978956,9127,17335,+8208,+864,313497,596439,+282942,+34702,KRX
20160324,-29450,5,-800,-2.64,3587082,37140,44484,+7344,--1749,1257630,1505870,+248240,--53325,KRX
20160323,+30250,2,+50,+0.17,1868041,19290,28383,+9093,+15594,639265,940830,+301565,+518669,KRX
20160322,+30200,2,+650,+2.20,2546366,31957,25456,--6501,--2706,1066328,849224,--217104,--88214,KRX
20160321,+29550,2,+100,+0.34,1783055,25610,21815,--3795,--17187,866426,737536,--128890,--580771,KRX
20160318,+29450,2,+200,+0.68,2864640,22109,35501,+13392,+3715,748700,1200581,+451881,+122629,KRX
20160317,+29250,2,+50,+0.17,2768278,9241,18918,+9677,+9465,314876,644128,+329252,+321971,KRX
20160316,-29200,5,-700,-2.34,2902896,11495,11707,+212,+6151,391451,398732,+7281,+204691,KRX
20160315,-29900,5,-450,-1.48,2078857,16353,10414,--5939,--8544,543933,346523,--197410,--283800,KRX
20160314,-30350,5,-350,-1.14,2062549,13497,16102,+2605,--11937,441903,528293,+86390,--388811,KRX
20160311,+30700,2,+400,+1.32,2117430,14894,29436,+14542,+7619,489128,964329,+475201,+245886,KRX
20160310,-30300,5,-250,-0.82,2734070,21717,28640,+6923,--17695,714659,943974,+229315,--583090,KRX
20160309,+30550,2,+50,+0.16,3503375,10707,35325,+24618,+21672,355089,1167494,+812405,+714004,KRX
20160308,-30500,5,-1400,-4.39,4616147,25910,28856,+2946,+13308,845819,944220,+98401,+423277,KRX
20160307,31900,3,0,0.00,3487206,26386,16024,--10362,--12828,827254,502378,--324876,--402264,KRX
20160304,-31900,5,-50,-0.16,1913316,19022,21488,+2466,--11681,597112,674500,+77388,--369202,KRX
20160303,+31950,2,+1000,+3.23,3898363,19089,33236,+14147,+3199,601603,1048193,+446590,+93116,KRX
20160302,+30950,2,+950,+3.17,3567312,18461,29409,+10948,+16072,596647,950121,+353474,+524994,KRX
20160229,-30000,5,-800,-2.60,2989861,36275,31151,--5124,--3600,1207282,1035762,--171520,--121912,KRX
20160226,30800,3,0,0.00,1282277,13044,11520,--1524,+1490,424297,374689,--49608,+46949,KRX
20160225,-30800,5,-100,-0.32,2527297,16745,13731,--3014,--2390,537704,441147,--96557,--76127,KRX
20160224,+30900,2,+500,+1.64,3480563,19864,19240,--624,--10434,642610,622180,--20430,--343795,KRX
20160223,+30400,2,+500,+1.67,2123648,10862,20672,+9810,+2226,358817,682182,+323365,+68784,KRX
20160222,+29900,2,+300,+1.01,1366180,8207,15791,+7584,+1761,275434,530015,+254581,+57624,KRX
20160219,-29600,5,-600,-1.99,2336536,13543,19366,+5823,--78,456558,653515,+196957,+3039,KRX
20160218,+30200,2,+150,+0.50,2972873,18920,24821,+5901,--12209,625084,819002,+193918,--412486,KRX
20160217,+30050,2,+1150,+3.98,6106318,12516,30626,+18110,--3629,419062,1025466,+606404,--150519,KRX
20160216,+28900,2,+1200,+4.33,3851681,8516,30255,+21739,+21881,298474,1055397,+756923,+762342,KRX
20160215,+27700,2,+350,+1.28,2162111,19983,19841,--142,--14317,719713,714294,--5419,--524751,KRX
20160212,+27350,2,+200,+0.74,2429857,9209,23384,+14175,+16316,337986,857318,+519332,+597750,KRX
20160211,-27150,5,-950,-3.38,2468082,11649,9508,--2141,--11430,428789,350371,--78418,--407705,KRX
20160205,28100,3,0,0.00,1484771,4417,13706,+9289,+1173,157070,486357,+329287,+38195,KRX
20160204,+28100,2,+650,+2.37,2459305,15011,23127,+8116,+35318,539741,830833,+291092,+1282554,KRX
20160203,-27450,5,-1000,-3.51,2705269,35558,8356,--27202,--12752,1295756,304294,--991462,--482443,KRX
20160202,+28450,2,+50,+0.18,2865209,29130,14680,--14450,--29405,1025286,516267,--509019,--1037195,KRX
20160201,+28400,2,+1100,+4.03,4767927,22353,37308,+14955,+28806,793648,1321824,+528176,+1039982,KRX
20160129,-27300,5,-350,-1.27,2898720,36014,22163,--13851,--21536,1326132,814326,--511806,--793691,KRX
20160128,27650,3,0,0.00,3035447,13536,21221,+7685,+234,496860,778745,+281885,+15127,KRX
20160127,-27650,5,-200,-0.72,3205822,24412,31863,+7451,+10710,884113,1150871,+266758,+382964,KRX
20160126,-27850,5,-150,-0.54,5351814,25812,22553,--3259,--4107,915401,799195,--116206,--145615,KRX
20160125,+28000,2,+850,+3.13,2977310,21155,22003,+848,--1808,759713,789122,+29409,--67072,KRX
20160122,+27150,2,+550,+2.07,2361216,18875,21531,+2656,--9180,692967,789448,+96481,--342428,KRX
20160121,-26600,5,-200,-0.75,2840628,17862,29698,+11836,+27615,666343,1105252,+438909,+1018159,KRX
20160120,-26800,5,-1500,-5.30,4186899,26002,10223,--15779,--8375,956510,377260,--579250,--313237,KRX
20160119,+28300,2,+1600,+5.99,4291742,21968,14564,--7404,--23856,792271,526258,--266013,--886149,KRX
20160118,-26700,5,-100,-0.37,3658921,19240,35692,+16452,+13017,728945,1349081,+620136,+491421,KRX
20160115,-26800,5,-1100,-3.94,5431851,17671,21106,+3435,--9113,647404,776119,+128715,--326441,KRX
20160114,-27900,5,-200,-0.71,3957935,11663,24211,+12548,--2094,422339,877495,+455156,--62803,KRX
20160113,+28100,2,+300,+1.08,3481523,24313,38955,+14642,+23173,861893,1379852,+517959,+822196,KRX
20160112,-27800,5,-850,-2.97,4418384,30323,21792,--8531,+17509,1081686,777449,--304237,+597461,KRX
20160111,-28650,5,-1050,-3.54,5358223,44677,18637,--26040,--22145,1547731,646033,--901698,--770777,KRX
20160108,-29700,5,-500,-1.66,3967121,29211,25316,--3895,--2726,980267,849346,--130921,--92471,KRX
20160107,-30200,5,-550,-1.79,2424880,27984,26815,--1169,+6990,921829,883379,--38450,+228597,KRX
20160106,+30750,2,+150,+0.49,2461593,27015,18856,--8159,--19638,883072,616025,--267047,--637807,KRX
20160105,+30600,2,+450,+1.49,2482905,15901,27380,+11479,+17798,517114,887874,+370760,+579205,KRX
20160104,-30150,5,-600,-1.95,1878039,19319,13000,--6319,+2429,636743,428298,--208445,+74835,KRX
20151230,-30750,5,-450,-1.44,1801261,18481,9733,--8748,--7193,599691,316411,--283280,--232050,KRX
20151229,+31200,2,+300,+0.97,1965713,16948,15393,--1555,--20744,544026,492796,--51230,--663365,KRX
20151228,-30900,5,-800,-2.52,2535636,7696,26885,+19189,--3636,246223,858358,+612135,--88614,KRX
20151224,-31700,5,-1000,-3.06,3624175,14220,37045,+22825,--11583,437793,1138542,+700749,--353015,KRX
20151223,+32700,2,+500,+1.55,5331047,12062,46470,+34408,--10784,368527,1422291,+1053764,--384662,KRX
20151222,+32200,2,+1700,+5.57,6861264,12436,57628,+45192,+32077,394476,1832902,+1438426,+1009459,KRX
20151221,-30500,5,-100,-0.33,1576561,6808,19923,+13115,+2722,223069,652036,+428967,+89185,KRX
20151218,+30600,2,+350,+1.16,2854920,22413,32806,+10393,+12559,735843,1075625,+339782,+411934,KRX
20151217,-30250,5,-150,-0.49,2210682,21488,19322,--2166,--12836,713739,641587,--72152,--424667,KRX
20151216,+30400,2,+1000,+3.40,2601080,9715,20385,+10670,--1419,320599,673114,+352515,--58172,KRX
20151215,+29400,2,+400,+1.38,2006190,11672,23761,+12089,+7164,398736,809423,+410687,+242738,KRX
20151214,-29000,5,-850,-2.85,3669577,25609,30534,+4925,+4007,884654,1052603,+167949,+138895,KRX
20151211,-29850,5,-450,-1.49,2725258,19758,20676,+918,--1382,658307,687361,+29054,--45486,KRX
20151210,+30300,2,+50,+0.17,3145787,23795,26095,+2300,+722,786904,861444,+74540,+22838,KRX
20151209,+30250,2,+50,+0.17,1524501,12060,13638,+1578,+10746,398096,449798,+51702,+354304,KRX
20151208,-30200,5,-500,-1.63,2483443,20872,11704,--9168,--3165,688410,385808,--302602,--108573,KRX
20151207,-30700,5,-500,-1.60,2238378,15224,9221,--6003,+649,490143,296114,--194029,+20518,KRX
20151204,+31200,2,+50,+0.16,2125421,21818,15166,--6652,+2914,702254,487707,--214547,+93635,KRX
20151203,-31150,5,-50,-0.16,1730137,15950,6384,--9566,+12577,513676,205494,--308182,+397086,KRX
20151202,-31200,5,-150,-0.48,2731791,35073,12930,--22143,+6933,1116833,411565,--705268,+225573,KRX
20151201,-31350,5,-250,-0.79,3752942,46765,17689,--29076,--4203,1496057,565216,--930841,--147414,KRX
20151130,-31600,5,-400,-1.25,3917877,71814,46941,--24873,--7678,2266977,1483550,--783427,--249185,KRX
20151127,-32000,5,-750,-2.29,3890920,24904,7709,--17195,--58155,772351,238109,--534242,--1757401,KRX
20151126,+32750,2,+850,+2.66,13223992,23278,64238,+40960,--3940,701473,1924632,+1223159,--199877,KRX
20151125,+31900,2,+1700,+5.63,6941459,7071,51971,+44900,+54352,224320,1647356,+1423036,+1734250,KRX
20151124,-30200,5,-450,-1.47,3308696,25723,16271,--9452,+1978,847250,536036,--311214,+61162,KRX
20151123,-30650,5,-350,-1.13,2430154,24967,13537,--11430,--6943,812737,440361,--372376,--228972,KRX
20151120,-31000,5,-200,-0.64,2097039,11780,7293,--4487,--13949,377263,233859,--143404,--445817,KRX
20151119,+31200,2,+650,+2.13,2525784,11376,20838,+9462,+5524,366122,668535,+302413,+174707,KRX
20151118,-30550,5,-50,-0.16,3137103,13833,17771,+3938,+3202,455649,583355,+127706,+103963,KRX
20151117,+30600,2,+100,+0.33,1935683,14779,15515,+736,+4481,480325,504068,+23743,+145913,KRX
20151116,-30500,5,-650,-2.09,2351453,15893,12148,--3745,--4108,518432,396262,--122170,--133041,KRX
20151113,+31150,2,+450,+1.47,1962129,13965,14328,+363,--624,448965,459836,+10871,--21057,KRX
20151112,-30700,5,-300,-0.97,1537585,6141,7128,+987,--9822,199561,231489,+31928,--317517,KRX
20151111,-31000,5,-150,-0.48,2898877,19835,30644,+10809,+2222,642408,991853,+349445,+72810,KRX
20151110,-31150,5,-100,-0.32,2724051,9511,18098,+8587,--1556,306303,582938,+276635,--52558,KRX
20151109,+31250,2,+50,+0.16,3563095,14281,24424,+10143,+40197,461279,790472,+329193,+1282086,KRX
20151106,-31200,5,-1450,-4.44,5219855,45019,14965,--30054,--37642,1428038,475145,--952893,--1186330,KRX
20151105,+32650,2,+50,+0.15,1928001,16647,24235,+7588,--14484,511489,744926,+233437,--446230,KRX
20151104,+32600,2,+700,+2.19,3276995,11097,33169,+22072,+53184,341740,1021407,+679667,+1648335,KRX
20151103,-31900,5,-250,-0.78,4453120,52624,21512,--31112,--48483,1638607,669939,--968668,--1516740,KRX
20151102,+32150,2,+1450,+4.72,4493014,19811,37182,+17371,+26731,632937,1181009,+548072,+853053,KRX
20151030,-30700,5,-750,-2.38,4640184,35465,26105,--9360,+3568,1153272,848291,--304981,+102908,KRX
20151029,31450,3,0,0.00,4273016,34570,21642,--12928,--13897,1091918,684029,--407889,--439160,KRX
20151028,-31450,5,-700,-2.18,4322506,30434,31403,+969,+1663,959304,990575,+31271,+52523,KRX
20151027,-32150,5,-750,-2.28,3535671,26569,25875,--694,--17480,823114,801862,--21252,--531915,KRX
20151026,+32900,2,+800,+2.49,3326112,10334,27120,+16786,--39739,315460,826123,+510663,--1218817,KRX
20151023,+32100,2,+150,+0.47,6341772,11897,68422,+56525,+64177,366592,2096072,+1729480,+1960119,KRX
20151022,-31950,5,-1700,-5.05,10914420,43281,35629,--7652,+43185,1333538,1102899,--230639,+1266230,KRX
20151021,-33650,5,-2050,-5.74,9957394,77494,26657,--50837,--60555,2280686,783817,--1496869,--1767782,KRX
20151020,-35700,5,-50,-0.14,2686193,23914,33632,+9718,+2817,672259,943172,+270913,+78064,KRX
20151019,-35750,5,-350,-0.97,1967828,17748,24649,+6901,+11877,495718,688567,+192849,+329007,KRX
20151016,-36100,5,-650,-1.77,1899386,22207,17231,--4976,--1437,610849,474691,--136158,--36247,KRX
20151015,+36750,2,+350,+0.96,2943506,25044,21505,--3539,--28577,689321,589410,--99911,--789198,KRX
20151014,+36400,2,+400,+1.11,3720738,11095,36133,+25038,+18392,305535,994822,+689287,+503889,KRX
20151013,-36000,5,-850,-2.31,2961513,21940,28586,+6646,+7647,605696,791094,+185398,+212718,KRX
20151012,-36850,5,-700,-1.86,2519174,18249,17248,--1001,+4953,494233,466913,--27320,+132997,KRX
20151008,+37550,2,+250,+0.67,3824312,34336,28382,--5954,+1487,920335,760018,--160317,+41025,KRX
20151007,+37300,2,+100,+0.27,3879936,37763,30322,--7441,--43277,1014895,813553,--201342,--1176893,KRX
20151006,+37200,2,+1850,+5.23,5944141,22195,58031,+35836,+28901,601990,1577541,+975551,+781017,KRX
20151005,+35350,2,+800,+2.32,4367169,36789,43724,+6935,+4977,1036339,1230873,+194534,+138789,KRX
20151002,+34550,2,+850,+2.52,3052650,24844,26802,+1958,--7464,722834,778579,+55745,--223793,KRX
20151001,+33700,2,+150,+0.45,3667742,22391,31813,+9422,+23079,664237,943775,+279538,+687191,KRX
20150930,-33550,5,-800,-2.33,4158644,52236,38579,--13657,--14034,1557159,1149506,--407653,--417027,KRX
20150925,+34350,2,+500,+1.48,2813254,20743,21120,+377,+11503,611233,620607,+9374,+339136,KRX
20150924,-33850,5,-850,-2.45,4172759,31654,20528,--11126,--14170,929021,599259,--329762,--416332,KRX
20150923,-34700,5,-200,-0.57,1641929,17673,20717,+3044,--5113,508286,594856,+86570,--146328,KRX
20150922,+34900,2,+100,+0.29,2004067,19052,27209,+8157,+25851,545887,778785,+232898,+740408,KRX
20150921,-34800,5,-950,-2.66,2538367,34358,16664,--17694,--12108,984947,477437,--507510,--352049,KRX
20150918,-35750,5,-400,-1.11,3267741,35189,29603,--5586,--46062,981386,825925,--155461,--1275688,KRX
20150917,+36150,2,+1050,+2.99,4734065,27152,67628,+40476,--17799,753429,1873656,+1120227,--560348,KRX
20150916,+35100,2,+1500,+4.46,3876376,11507,69782,+58275,+70264,331392,2011967,+1680575,+2035709,KRX
20150915,-33600,5,-1000,-2.89,3880824,38799,26810,--11989,--5854,1147223,792089,--355134,--177127,KRX
20150914,-34600,5,-400,-1.14,2163452,23924,17789,--6135,+7853,692276,514269,--178007,+218806,KRX
20150911,-35000,5,-950,-2.64,3242067,36713,22725,--13988,--22334,1040219,643406,--396813,--629305,KRX
20150910,-35950,5,-50,-0.14,3079224,31766,40112,+8346,--12482,888835,1121327,+232492,--345185,KRX
20150909,+36000,2,+1250,+3.60,3035809,28035,48863,+20828,+24582,781038,1358715,+577677,+685615,KRX
20150908,34750,3,0,0.00,1494929,18413,14659,--3754,--6753,529020,421082,--107938,--193353,KRX
20150907,-34750,5,-100,-0.29,1624613,20347,23346,+2999,+14473,586777,672192,+85415,+410078,KRX
20150904,-34850,5,-550,-1.55,2438126,27767,16293,--11474,--11700,788522,463859,--324663,--329628,KRX
20150903,+35400,2,+1050,+3.06,4222565,35598,35824,+226,--2397,1012570,1017535,+4965,--71525,KRX
20150902,-34350,5,-50,-0.15,4161070,29370,31993,+2623,+5162,861937,938427,+76490,+147490,KRX
20150901,-34400,5,-1400,-3.91,6442285,56324,53785,--2539,+13321,1625001,1554001,--71000,+368708,KRX
20150831,-35800,5,-1100,-2.98,4408499,62847,46987,--15860,--6444,1749561,1309853,--439708,--183351,KRX
20150828,+36900,2,+1400,+3.94,7382006,79146,69730,--9416,--22402,2142026,1885669,--256357,--624953,KRX
20150827,+35500,2,+2050,+6.13,7063277,63922,76908,+12986,+37436,1820351,2188947,+368596,+1094716,KRX
20150826,-33450,5,-50,-0.15,6534943,56792,32342,--24450,--99688,1690796,964676,--726120,--2998449,KRX
20150825,+33500,2,+2450,+7.89,11821629,43416,118654,+75238,+73115,1317349,3589678,+2272329,+2219100,KRX
20150824,-31050,5,-950,-2.97,8593829,59738,61861,+2123,+9691,1916480,1969709,+53229,+287148,KRX
20150821,-32000,5,-1050,-3.18,6084203,64142,56574,--7568,--21435,2004432,1770513,--233919,--651906,KRX
20150820,+33050,2,+50,+0.15,4588759,27659,41526,+13867,+52283,833333,1251320,+417987,+1557304,KRX
20150819,-33000,5,-2050,-5.85,8813242,75001,36585,--38416,--37968,2232377,1093060,--1139317,--1123888,KRX
20150818,-35050,5,-600,-1.68,4706366,49081,48633,--448,+51298,1390059,1374630,--15429,+1414720,KRX
20150817,-35650,5,-1250,-3.39,3808016,68367,16621,--51746,--39704,1888445,458296,--1430149,--1096681,KRX
20150813,+36900,2,+1100,+3.07,2748437,32628,20586,--12042,--15541,896087,562619,--333468,--430625,KRX
20150812,-35800,5,-300,-0.83,2824462,29671,33170,+3499,+8132,829440,926597,+97157,+224640,KRX
20150811,-36100,5,-200,-0.55,2890084,29749,25116,--4633,--5048,816706,689223,--127483,--138923,KRX
20150810,+36300,2,+100,+0.28,1336480,8970,9385,+415,+10604,247679,259119,+11440,+297463,KRX
20150807,+36200,2,+100,+0.28,3381532,42478,32289,--10189,--2432,1182593,896570,--286023,--75664,KRX
20150806,-36100,5,-1200,-3.22,3888988,22648,14891,--7757,+22831,619091,408732,--210359,+610299,KRX
20150805,+37300,2,+50,+0.13,3330999,41972,11384,--30588,--22850,1123635,302977,--820658,--608682,KRX
20150804,+37250,2,+1300,+3.62,4060733,40154,32416,--7738,+24625,1085242,873266,--211976,+687940,KRX
20150803,-35950,5,-1150,-3.10,5481242,65175,32812,--32363,--16268,1810691,910775,--899916,--447091,KRX
20150731,+37100,2,+2600,+7.54,7074785,81829,65734,--16095,--45189,2272492,1819667,--452825,--1285231,KRX
20150730,-34500,5,-2500,-6.76,9328208,35340,64434,+29094,+24638,1007725,1840131,+832406,+709905,KRX
20150729,-37000,5,-100,-0.27,3040352,30953,35409,+4456,+2567,833292,955793,+122501,+72095,KRX
20150728,-37100,5,-150,-0.40,3657208,39100,40989,+1889,+16289,1058239,1108645,+50406,+431991,KRX
20150727,-37250,5,-1300,-3.37,4142170,50558,36158,--14400,--13050,1338257,956672,--381585,--348398,KRX
20150724,-38550,5,-450,-1.15,3411382,36049,34699,--1350,+75374,928585,895398,--33187,+1919881,KRX
20150723,+39000,2,+800,+2.09,8215778,125376,48652,--76724,--29182,3188558,1235490,--1953068,--716382,KRX
20150722,-38200,5,-850,-2.18,3986610,78798,31256,--47542,--35104,2049520,812834,--1236686,--915819,KRX
20150721,+39050,2,+400,+1.03,2531422,26176,13738,--12438,--6369,674323,353456,--320867,--164474,KRX
20150720,-38650,5,-1300,-3.25,2535208,30771,24702,--6069,+1288,787662,631269,--156393,+31774,KRX
20150717,+39950,2,+500,+1.27,3352178,34588,27231,--7357,--11727,875412,687245,--188167,--299587,KRX
20150716,+39450,2,+150,+0.38,2373825,27189,31559,+4370,--23397,693651,805071,+111420,--606469,KRX
20150715,+39300,2,+1450,+3.83,8281669,64898,92665,+27767,+49676,1661333,2379222,+717889,+1284922,KRX
20150714,-37850,5,-2700,-6.66,15180511,114400,92491,--21909,--9858,2971150,2404117,--567033,--273851,KRX
20150713,-40550,5,-300,-0.73,3707444,46635,34584,--12051,+26744,1135443,842261,--293182,+659941,KRX
20150710,-40850,5,-100,-0.24,2738522,55696,16901,--38795,--38245,1367326,414203,--953123,--938650,KRX
20150709,+40950,2,+50,+0.12,3018029,30871,30321,--550,+18099,764472,749999,--14473,+440875,KRX
20150708,-40900,5,-450,-1.09,3335846,41563,22914,--18649,--12271,1014728,559380,--455348,--300055,KRX
20150707,+41350,2,+600,+1.47,3183795,32013,25635,--6378,+59862,775472,620179,--155293,+1452105,KRX
20150706,-40750,5,-1900,-4.45,4533535,83797,17557,--66240,--60766,2035716,428318,--1607398,--1478578,KRX
20150703,+42650,2,+550,+1.31,2903385,18796,13322,--5474,+25314,441452,312632,--128820,+599608,KRX
20150702,-42100,5,-700,-1.64,2592544,57762,26974,--30788,--25078,1365887,637459,--728428,--593905,KRX
20150701,+42800,2,+500,+1.18,2126825,31633,25923,--5710,+9834,740637,606114,--134523,+232988,KRX
20150630,-42300,5,-300,-0.70,2598797,42881,27337,--15544,--28791,1012819,645308,--367511,--681628,KRX
20150629,+42600,2,+600,+1.43,4892150,42349,55596,+13247,+3796,1006323,1320440,+314117,+89179,KRX
20150626,-42000,5,-1100,-2.55,7935060,60262,69713,+9451,+10244,1441151,1666089,+224938,+243306,KRX
20150625,-43100,5,-250,-0.58,3270655,40437,39644,--793,+22796,938084,919716,--18368,+522602,KRX
20150624,-43350,5,-800,-1.81,2694795,42788,19199,--23589,--22823,981854,440884,--540970,--524036,KRX
20150623,+44150,2,+300,+0.68,2676531,30047,29281,--766,--7504,678406,661472,--16934,--170147,KRX
20150622,+43850,2,+300,+0.69,2843715,16680,23418,+6738,+13301,381254,534467,+153213,+303843,KRX
20150619,-43550,5,-750,-1.69,3858378,42459,35896,--6563,+11374,971116,820486,--150630,+252050,KRX
20150618,-44300,5,-650,-1.45,2225236,43479,25542,--17937,--17595,976520,573840,--402680,--394557,KRX
20150617,+44950,2,+750,+1.70,3461566,63478,63136,--342,+33512,1420147,1412024,--8123,+750750,KRX
20150616,-44200,5,-1950,-4.23,6161260,73610,39756,--33854,--30552,1650810,891937,--758873,--687748,KRX
20150615,-46150,5,-400,-0.86,1775422,24677,21375,--3302,+4293,531634,460509,--71125,+91839,KRX
20150612,-46550,5,-550,-1.17,2307036,25151,17556,--7595,--9173,537371,374407,--162964,--197010,KRX
20150611,-47100,5,-400,-0.84,2696182,31277,32855,+1578,--1548,660117,694163,+34046,--31173,KRX
20150610,-47500,5,-500,-1.04,2649918,41016,44142,+3126,+3973,861419,926638,+65219,+84435,KRX
20150609,-48000,5,-50,-0.10,2168902,38834,37987,--847,+31156,812284,793068,--19216,+645504,KRX
20150608,-48050,5,-1000,-2.04,1954503,45631,13628,--32003,--43483,946942,282222,--664720,--899855,KRX
20150605,+49050,2,+750,+1.55,2134371,23040,34520,+11480,+8999,469781,704916,+235135,+183465,KRX
20150604,-48300,5,-1500,-3.01,3262007,41841,44322,+2481,+19748,859702,911372,+51670,+394758,KRX
20150603,-49800,5,-1400,-2.73,2724813,33742,16475,--17267,--20562,671026,327938,--343088,--407567,KRX
20150602,+51200,2,+600,+1.19,2173205,24757,28052,+3295,+13440,485822,550301,+64479,+267177,KRX
20150601,-50600,5,-500,-0.98,4623131,35603,25458,--10145,--6442,710039,507341,--202698,--127067,KRX
20150529,+51100,2,+1450,+2.92,6512595,81661,77958,--3703,--23002,1605681,1530050,--75631,--462511,KRX
20150528,+49650,2,+1200,+2.48,5512264,35178,54477,+19299,+15838,706968,1093848,+386880,+315675,KRX
20150527,+48450,2,+450,+0.94,3441135,51094,54555,+3461,--1567,1055820,1127025,+71205,--30483,KRX
20150526,+48000,2,+150,+0.31,3594626,29851,34879,+5028,--9119,616075,717763,+101688,--196285,KRX
20150522,+47850,2,+1500,+3.24,3953338,23860,38007,+14147,+30246,504010,801983,+297973,+644387,KRX
20150521,-46350,5,-500,-1.07,1880002,40138,24039,--16099,--13298,861037,514623,--346414,--285960,KRX
20150520,+46850,2,+750,+1.63,1784488,18118,15317,--2801,--1737,388415,327961,--60454,--37246,KRX
20150519,+46100,2,+650,+1.43,1510095,20786,19722,--1064,--1560,452846,429638,--23208,--34869,KRX
20150518,+45450,2,+150,+0.33,2195599,21964,22460,+496,+217,487861,499522,+11661,+5830,KRX
20150515,-45300,5,-250,-0.55,1215027,18929,19208,+279,--12653,415767,421598,+5831,--277201,KRX
20150514,+45550,2,+300,+0.66,1889682,29905,42837,+12932,+19033,656726,939758,+283032,+417220,KRX
20150513,-45250,5,-800,-1.74,1896100,28818,22717,--6101,+6285,633746,499558,--134188,+134851,KRX
20150512,-46050,5,-250,-0.54,2364231,38039,25653,--12386,--23266,817131,548092,--269039,--503365,KRX
20150511,+46300,2,+350,+0.76,1592730,22466,33346,+10880,+6696,484958,719284,+234326,+144424,KRX
20150508,+45950,2,+50,+0.11,1695019,16986,21170,+4184,--22040,369693,459595,+89902,--488231,KRX
20150507,+45900,2,+600,+1.32,2142745,25023,51247,+26224,+45153,551250,1129383,+578133,+995130,KRX
20150506,-45300,5,-1500,-3.21,3291950,49306,30377,--18929,--13934,1085499,668502,--416997,--310936,KRX
20150504,+46800,2,+650,+1.41,2239896,30634,25639,--4995,--17104,655012,548951,--106061,--367652,KRX
20150430,-46150,5,-750,-1.60,2419318,46472,58581,+12109,+7505,1006636,1268227,+261591,+164120,KRX
20150429,-46900,5,-50,-0.11,2422884,30245,34849,+4604,--16219,646748,744219,+97471,--349278,KRX
20150428,+46950,2,+1150,+2.51,2311231,21756,42579,+20823,+17526,466349,913098,+446749,+376837,KRX
20150427,-45800,5,-1400,-2.97,3688453,32065,35362,+3297,--36088,693270,763182,+69912,--767513,KRX
20150424,+47200,2,+1400,+3.06,4400132,30444,69829,+39385,+3574,649314,1486739,+837425,+63620,KRX
20150423,+45800,2,+550,+1.22,4995010,25822,61633,+35811,+17100,558378,1332183,+773805,+365154,KRX
20150422,+45250,2,+100,+0.22,3816002,36655,55366,+18711,--184,802813,1211464,+408651,--10573,KRX
20150421,+45150,2,+900,+2.03,3270598,31230,50125,+18895,+26758,694527,1113751,+419224,+597585,KRX
20150420,-44250,5,-300,-0.67,2355455,32933,25070,--7863,--9677,746248,567887,--178361,--218908,KRX
20150417,+44550,2,+50,+0.11,2153757,42183,43997,+1814,--784,949288,989835,+40547,--17256,KRX
20150416,+44500,2,+200,+0.45,2096120,23453,26051,+2598,--6023,527721,585524,+57803,--136571,KRX
20150415,+44300,2,+300,+0.68,2146331,25835,34456,+8621,+18046,584464,778838,+194374,+409086,KRX
20150414,-44000,5,-200,-0.45,2134645,39374,29949,--9425,--1804,895560,680848,--214712,--42029,KRX
20150413,+44200,2,+600,+1.38,3362917,46214,38593,--7621,--39205,1045892,873209,--172683,--902032,KRX
20150410,+43600,2,+1700,+4.06,6518647,23977,55561,+31584,+227,552569,1281918,+729349,--18796,KRX
20150409,-41900,5,-700,-1.64,5892744,15799,47156,+31357,+26919,376594,1124739,+748145,+645660,KRX
20150408,-42600,5,-1350,-3.07,5694496,39188,43626,+4438,+25991,908522,1011007,+102485,+593011,KRX
20150407,-43950,5,-800,-1.79,3691912,33888,12335,--21553,--26971,771206,280680,--490526,--612031,KRX
20150406,+44750,2,+550,+1.24,2068077,20610,26028,+5418,+13497,460116,581621,+121505,+303886,KRX
20150403,-44200,5,-600,-1.34,2834100,18987,10908,--8079,--12946,428900,246519,--182381,--287226,KRX
20150402,-44800,5,-200,-0.44,3148519,35652,40519,+4867,--424,798482,903327,+104845,--9661,KRX
20150401,-45000,5,-550,-1.21,2051147,19191,24482,+5291,+10243,422993,537499,+114506,+223402,KRX
20150331,+45550,2,+50,+0.11,2399612,41374,36422,--4952,--4993,905003,796107,--108896,--109040,KRX
20150330,-45500,5,-300,-0.66,2776997,40402,40443,+41,--9422,886671,886815,+144,--207603,KRX
20150327,-45800,5,-1200,-2.55,4492231,40227,49690,+9463,--19452,878293,1086040,+207747,--406291,KRX
20150326,-47000,5,-1300,-2.69,4469503,46905,75820,+28915,+26907,997021,1611059,+614038,+572394,KRX
20150325,+48300,2,+300,+0.63,1830867,21227,23235,+2008,--1963,441519,483163,+41644,--40620,KRX
20150324,-48000,5,-150,-0.31,2155547,33885,37856,+3971,--17443,706617,788881,+82264,--364410,KRX
20150323,+48150,2,+1300,+2.77,3781841,12648,34062,+21414,+11283,264287,710961,+446674,+229078,KRX
20150320,+46850,2,+450,+0.97,1948819,28400,38531,+10131,+1136,608926,826522,+217596,+25413,KRX
20150319,+46400,2,+150,+0.32,1983215,26331,35326,+8995,+157,565340,757523,+192183,+935,KRX
20150318,46250,3,0,0.00,2790286,32433,41271,+8838,+18709,701943,893191,+191248,+405462,KRX
20150317,+46250,2,+450,+0.98,2790117,41185,31314,--9871,+19687,892311,678097,--214214,+434628,KRX
20150316,+45800,2,+1700,+3.85,4031380,54645,25087,--29558,--27644,1202647,553805,--648842,--604582,KRX
20150313,+44100,2,+850,+1.97,1962212,28512,26598,--1914,+23991,650405,606145,--44260,+549560,KRX
20150312,-43250,5,-150,-0.35,3929253,72550,46645,--25905,--4394,1663658,1069838,--593820,--97873,KRX
20150311,-43400,5,-750,-1.70,4527681,58755,37244,--21511,+6215,1350989,855042,--495947,+135531,KRX
20150310,-44150,5,-950,-2.11,5232109,59639,31913,--27726,--21991,1356745,725267,--631478,--504897,KRX
20150309,-45100,5,-1100,-2.38,3175721,25360,19625,--5735,--22809,561514,434933,--126581,--496525,KRX
20150306,+46200,2,+700,+1.54,1877771,16326,33400,+17074,+16629,354052,723996,+369944,+360185,KRX
20150305,-45500,5,-400,-0.87,2214809,25603,26048,+445,+9748,561097,570856,+9759,+214428,KRX
20150304,-45900,5,-1400,-2.96,4160256,58029,48726,--9303,--27397,1250333,1045664,--204669,--587520,KRX
20150303,+47300,2,+450,+0.96,2100433,27521,45615,+18094,+15928,583957,966808,+382851,+337052,KRX
20150302,+46850,2,+250,+0.54,2246166,33683,35849,+2166,+10733,722222,768021,+45799,+230261,KRX
20150227,-46600,5,-500,-1.06,2344677,55948,47381,--8567,--15189,1201538,1017076,--184462,--325253,KRX
20150226,+47100,2,+600,+1.29,1938544,34500,41122,+6622,+30021,734848,875639,+140791,+642552,KRX
20150225,-46500,5,-1100,-2.31,2633709,43915,20516,--23399,--52349,941492,439731,--501761,--1108367,KRX
20150224,+47600,2,+400,+0.85,1880503,19520,48470,+28950,--2056,409430,1016036,+606606,--55422,KRX
20150223,+47200,2,+750,+1.61,2273267,14566,45572,+31006,+40608,311586,973614,+662028,+867587,KRX
20150217,-46450,5,-1050,-2.21,1677139,26115,16513,--9602,--4739,559561,354002,--205559,--102795,KRX
20150216,+47500,2,+450,+0.96,1534022,19687,14824,--4863,--4806,415513,312749,--102764,--101351,KRX
20150213,+47050,2,+400,+0.86,1354556,22699,22642,--57,--11770,483065,481652,--1413,--249704,KRX
20150212,-46650,5,-200,-0.43,1903965,24246,35959,+11713,+15120,517147,765438,+248291,+322244,KRX
20150211,+46850,2,+1700,+3.77,3231887,28293,24886,--3407,+1219,607642,533689,--73953,+28889,KRX
20150210,-45150,5,-50,-0.11,2254222,32879,28253,--4626,--38221,726237,623395,--102842,--841510,KRX
20150209,-45200,5,-300,-0.66,2741040,12262,45857,+33595,+47891,269675,1008343,+738668,+1051634,KRX
20150206,-45500,5,-1650,-3.50,4547785,56228,41932,--14296,--35638,1224594,911628,--312966,--769565,KRX
20150205,-47150,5,-150,-0.32,1984849,20444,41786,+21342,--11949,436902,893501,+456599,--248398,KRX
20150204,+47300,2,+600,+1.28,1823018,13849,47140,+33291,+35573,293265,998262,+704997,+753314,KRX
20150203,+46700,2,+100,+0.21,2513399,31684,29402,--2282,+13772,675248,626931,--48317,+295090,KRX
20150202,-46600,5,-1050,-2.20,3258140,36410,20356,--16054,--31892,779450,436043,--343407,--676057,KRX
20150130,+47650,2,+250,+0.53,2743159,36204,52042,+15838,+24771,760769,1093419,+332650,+516898,KRX
20150129,-47400,5,-1800,-3.66,5020783,39523,30590,--8933,+1122,825932,641684,--184248,+21314,KRX
20150128,+49200,2,+50,+0.10,2333159,26873,16818,--10055,--45841,549242,343680,--205562,--934467,KRX
20150127,+49150,2,+900,+1.87,2292330,19095,54881,+35786,+17112,389425,1118330,+728905,+337853,KRX
20150126,+48250,2,+750,+1.58,1410144,8699,27373,+18674,+9991,181952,573004,+391052,+208620,KRX
20150123,+47500,2,+500,+1.06,1572903,20605,29288,+8683,+20573,433280,615712,+182432,+432823,KRX
20150122,-47000,5,-1050,-2.19,2905955,35072,23182,--11890,--38209,739740,489349,--250391,--799125,KRX
20150121,+48050,2,+1000,+2.13,2156709,12921,39240,+26319,+19277,269478,818212,+548734,+400029,KRX
20150120,+47050,2,+50,+0.11,2211331,14415,21457,+7042,+17289,305782,454487,+148705,+365815,KRX
20150119,-47000,5,-450,-0.95,3180759,35325,25078,--10247,--13875,748381,531271,--217110,--294499,KRX
20150116,-47450,5,-2050,-4.14,4820176,28137,31765,+3628,--3573,588533,665922,+77389,--68346,KRX
20150115,+49500,2,+600,+1.23,1468474,21223,28424,+7201,--5056,431726,577461,+145735,--103170,KRX
20150114,-48900,5,-100,-0.20,2241954,25742,37999,+12257,+15486,522651,771556,+248905,+315225,KRX
20150113,-49000,5,-1300,-2.58,3047952,30999,27770,--3229,--17347,632359,566039,--66320,--348205,KRX
20150112,+50300,2,+600,+1.21,1709997,10446,24564,+14118,--7997,208523,490408,+281885,--152831,KRX
20150109,-49700,5,-250,-0.50,3313929,20111,42226,+22115,--3316,397091,831807,+434716,--77857,KRX
20150108,+49950,2,+2550,+5.38,5006675,25447,50878,+25431,+42737,516470,1029043,+512573,+879182,KRX
20150107,-47400,5,-100,-0.21,1821266,35881,18575,--17306,--7917,760090,393481,--366609,--167455,KRX
20150106,-47500,5,-150,-0.31,1661196,29495,20106,--9389,--5527,624614,425460,--199154,--119195,KRX
20150105,-47650,5,-100,-0.21,1409146,21774,17912,--3862,+2892,454190,374231,--79959,+61068,KRX
20150102,47750,3,0,0.00,1155944,21219,14465,--6754,+9603,442771,301744,--141027,+200250,KRX
20141230,-47750,5,-300,-0.62,1159390,32293,15936,--16357,--27344,674174,332897,--341277,--569495,KRX
20141229,+48050,2,+1050,+2.23,1750952,14083,25070,+10987,+9348,292568,520786,+228218,+193170,KRX
20141226,-47000,5,-800,-1.67,1474213,19308,20947,+1639,--3642,408154,443202,+35048,--75500,KRX
20141224,+47800,2,+350,+0.74,842562,11195,16476,+5281,+14718,235351,345899,+110548,+308499,KRX
20141223,-47450,5,-800,-1.66,1169038,23738,14301,--9437,--5899,497753,299802,--197951,--124317,KRX
20141222,-48250,5,-250,-0.52,1159184,16950,13412,--3538,--10294,352762,279128,--73634,--212277,KRX
20141219,+48500,2,+800,+1.68,1910410,27076,33832,+6756,--16576,557405,696048,+138643,--352457,KRX
20141218,+47700,2,+1000,+2.14,1542575,10969,34301,+23332,+8272,231293,722393,+491100,+169994,KRX
20141217,+46700,2,+200,+0.43,1652948,25302,40362,+15060,--7278,541286,862392,+321106,--158289,KRX
20141216,-46500,5,-1150,-2.41,2486899,21333,43671,+22338,+14951,458390,937785,+479395,+324128,KRX
20141215,+47650,2,+100,+0.21,1182288,17658,25045,+7387,+8695,371786,527053,+155267,+184193,KRX
20141212,+47550,2,+350,+0.74,1602103,32975,31667,--1308,+10216,697777,668851,--28926,+212742,KRX
20141211,-47200,5,-1650,-3.38,2702767,45126,33602,--11524,--10969,951192,709524,--241668,--230880,KRX
20141210,-48850,5,-600,-1.21,1590462,25297,24742,--555,--29805,517080,506292,--10788,--603294,KRX
20141209,+49450,2,+800,+1.64,2775375,12057,41307,+29250,+8912,244488,836994,+592506,+177382,KRX
20141208,+48650,2,+300,+0.62,2243336,28178,48516,+20338,+20736,576818,991942,+415124,+423481,KRX
20141205,-48350,5,-350,-0.72,1335134,22709,22311,--398,--10153,467429,459072,--8357,--208922,KRX
20141204,+48700,2,+650,+1.35,1438113,9379,19134,+9755,+3304,193383,393948,+200565,+66696,KRX
20141203,+48050,2,+350,+0.73,1199173,12302,18753,+6451,+15472,255962,389831,+133869,+322860,KRX
20141202,-47700,5,-250,-0.52,1417999,24464,15443,--9021,--2810,512336,323345,--188991,--60440,KRX
20141201,-47950,5,-100,-0.21,1444205,23926,17715,--6211,--19285,496719,368168,--128551,--400383,KRX
20141128,+48050,2,+200,+0.42,1131555,9825,22899,+13074,+5793,204346,476178,+271832,+119980,KRX
20141127,-47850,5,-750,-1.54,1558962,11945,19226,+7281,+6923,248416,400268,+151852,+144686,KRX
20141126,+48600,2,+100,+0.21,914772,9167,9525,+358,--27843,189426,196592,+7166,--575550,KRX
20141125,+48500,2,+1400,+2.97,2680733,27945,56146,+28201,+18077,577755,1160471,+582716,+367921,KRX
20141124,+47100,2,+650,+1.40,1416719,11062,21186,+10124,+7494,234752,449547,+214795,+157493,KRX
20141121,-46450,5,-800,-1.69,1839020,19807,22437,+2630,--3084,425433,482735,+57302,--63711,KRX
20141120,+47250,2,+100,+0.21,1104697,17728,23442,+5714,--3115,376826,497839,+121013,--65847,KRX
20141119,+47150,2,+750,+1.62,1813849,18390,27219,+8829,--13441,390441,577301,+186860,--292784,KRX
20141118,+46400,2,+500,+1.09,2798997,23169,45439,+22270,+66107,498628,978272,+479644,+1416242,KRX
20141117,-45900,5,-3300,-6.71,5493082,69015,25178,--43837,--50674,1475234,538636,--936598,--1076747,KRX
20141114,+49200,2,+1100,+2.29,2592089,15039,21876,+6837,+12842,308751,448900,+140149,+265389,KRX
20141113,48100,3,0,0.00,1421799,22546,16541,--6005,--20262,470040,344800,--125240,--422558,KRX
20141112,+48100,2,+500,+1.05,1960104,27019,41276,+14257,--505,563643,860961,+297318,--12144,KRX
20141111,+47600,2,+50,+0.11,1558513,16490,31252,+14762,+5089,346228,655690,+309462,+106468,KRX
20141110,+47550,2,+150,+0.32,1583801,18155,27828,+9673,+7519,380158,583152,+202994,+157621,KRX
20141107,-47400,5,-550,-1.15,1624430,17930,20084,+2154,--17381,378632,424005,+45373,--362270,KRX
20141106,+47950,2,+750,+1.59,1555748,12877,32412,+19535,+841,269136,676779,+407643,+11804,KRX
20141105,-47200,5,-250,-0.53,1617220,12814,31508,+18694,--1071,271335,667174,+395839,--19882,KRX
20141104,-47450,5,-600,-1.25,1888587,14651,34416,+19765,+24554,308327,724048,+415721,+516072,KRX
20141103,+48050,2,+600,+1.26,2388430,25567,20778,--4789,--10543,533152,432801,--100351,--220512,KRX
20141031,+47450,2,+250,+0.53,2577692,45100,50854,+5754,--3855,954230,1074391,+120161,--83228,KRX
20141030,+47200,2,+200,+0.43,2924313,27380,36989,+9609,--1160,581177,784566,+203389,--27840,KRX
20141029,+47000,2,+1000,+2.17,2638547,25463,36232,+10769,--28601,548685,779914,+231229,--631599,KRX
20141028,+46000,2,+1400,+3.14,2907131,19819,59189,+39370,+48022,433227,1296055,+862828,+1055871,KRX
20141027,-44600,5,-700,-1.55,1722449,40053,31401,--8652,--12603,887503,694460,--193043,--279528,KRX
20141024,-45300,5,-200,-0.44,2214244,26624,30575,+3951,+2249,585091,671576,+86485,+50065,KRX
20141023,-45500,5,-800,-1.73,1829919,14147,15849,+1702,--8615,308918,345338,+36420,--186344,KRX
20141022,+46300,2,+1050,+2.32,2420313,17471,27788,+10317,+2480,377132,599896,+222764,+50044,KRX
20141021,+45250,2,+350,+0.78,2147556,19462,27299,+7837,+8283,429052,601772,+172720,+182874,KRX
20141020,+44900,2,+800,+1.81,1788929,13714,13268,--446,--387,307256,297102,--10154,--7731,KRX
20141017,-44100,5,-1000,-2.22,2900418,39595,39536,--59,--43211,891057,888634,--2423,--970767,KRX
20141016,+45100,2,+1700,+3.92,3553225,16456,59608,+43152,+36158,367102,1335446,+968344,+808538,KRX
20141015,+43400,2,+100,+0.23,2372222,30112,37106,+6994,+5108,693016,852822,+159806,+114401,KRX
20141014,+43300,2,+1600,+3.84,2953492,36522,38408,+1886,+3051,850182,895587,+45405,+78426,KRX
20141013,-41700,5,-500,-1.18,4361715,38596,37431,--1165,--8080,939143,906122,--33021,--195322,KRX
20141010,-42200,5,-1950,-4.42,4630979,24898,31813,+6915,+2940,587492,749793,+162301,+72951,KRX
20141008,-44150,5,-550,-1.23,2053318,18472,22447,+3975,--878,416514,505864,+89350,--19116,KRX
20141007,44700,3,0,0.00,5680210,27641,32494,+4853,+39725,627158,735624,+108466,+870243,KRX
20141006,-44700,5,-2400,-5.10,7288648,61557,26685,--34872,--29538,1354711,592934,--761777,--647454,KRX
20141002,+47100,2,+700,+1.51,2952839,45215,39881,--5334,--4515,966089,851766,--114323,--96538,KRX
20141001,-46400,5,-350,-0.75,2482308,26573,25754,--819,--53,572333,554548,--17785,--285,KRX
20140930,-46750,5,-400,-0.85,3038001,44632,43866,--766,--40163,952893,935393,--17500,--853417,KRX
20140929,+47150,2,+1550,+3.40,4912552,24644,64041,+39397,+19652,524608,1360525,+835917,+400051,KRX
20140926,+45600,2,+1000,+2.24,3154902,14726,34471,+19745,+11753,324588,760454,+435866,+258839,KRX
20140925,+44600,2,+400,+0.90,3632706,19961,27953,+7992,+558,444205,621232,+177027,+10196,KRX
20140924,+44200,2,+1700,+4.00,3922847,27524,34958,+7434,+28561,632521,799352,+166831,+658751,KRX
20140923,-42500,5,-750,-1.73,2203104,50461,29334,--21127,--9246,1177106,685186,--491920,--216543,KRX
20140922,-43250,5,-750,-1.70,1476639,20925,9044,--11881,--35065,484364,208987,--275377,--804323,KRX
20140919,+44000,2,+1100,+2.56,2586406,33942,57126,+23184,+31068,773094,1302040,+528946,+710282,KRX
20140918,-42900,5,-1200,-2.72,1766197,22401,14517,--7884,--23580,517784,336448,--181336,--537038,KRX
20140917,+44100,2,+600,+1.38,2721126,17478,33174,+15696,--6538,396715,752417,+355702,--158378,KRX
20140916,+43500,2,+700,+1.64,2247094,15386,37620,+22234,+29659,356681,870761,+514080,+687657,KRX
20140915,-42800,5,-1700,-3.82,2371058,30955,23530,--7425,--11070,717699,544122,--173577,--255376,KRX
20140912,+44500,2,+650,+1.48,1445681,22105,25750,+3645,+20896,497941,579740,+81799,+473036,KRX
20140911,+43850,2,+650,+1.50,5791277,73249,55998,--17251,--37868,1643488,1252251,--391237,--871549,KRX
20140905,+43200,2,+1150,+2.73,3074526,19535,40152,+20617,--7027,454894,935206,+480312,--172522,KRX
20140904,+42050,2,+250,+0.60,3744556,14183,41827,+27644,+29986,334527,987361,+652834,+709458,KRX
20140903,-41800,5,-2250,-5.11,8149751,38372,36030,--2342,+3369,908678,852054,--56624,+72610,KRX
20140902,-44050,5,-450,-1.01,2171185,33559,27848,--5711,+2617,760502,631268,--129234,+57745,KRX
20140901,-44500,5,-900,-1.98,1892686,27384,19056,--8328,--7415,611148,424169,--186979,--166218,KRX
20140829,-45400,5,-200,-0.44,2167684,50456,49543,--913,--650,1113384,1092623,--20761,--14048,KRX
20140828,+45600,2,+250,+0.55,3705945,37581,37318,--263,--4911,831770,825057,--6713,--109023,KRX
20140827,-45350,5,-1350,-2.89,3858033,30165,34813,+4648,+9139,660173,762483,+102310,+198519,KRX
20140826,-46700,5,-450,-0.95,2110839,24372,19881,--4491,+4866,519245,423036,--96209,+104465,KRX
20140825,+47150,2,+1200,+2.61,3083363,28578,19221,--9357,+811,615457,414783,--200674,+18237,KRX
20140822,+45950,2,+100,+0.22,2874325,36154,25986,--10168,+11750,781728,562817,--218911,+257845,KRX
20140821,+45850,2,+500,+1.10,4749347,48088,26170,--21918,--25176,1046757,570001,--476756,--549451,KRX
20140820,+45350,2,+1550,+3.54,3912499,23352,26610,+3258,+35981,521813,594508,+72695,+814895,KRX
20140819,-43800,5,-50,-0.11,3046890,52864,20141,--32723,--27645,1199394,457194,--742200,--625782,KRX
20140818,+43850,2,+300,+0.69,2842982,25723,20645,--5078,+20638,586034,469616,--116418,+465358,KRX
20140814,-43550,5,-350,-0.80,3825576,47235,21519,--25716,--22970,1071645,489869,--581776,--518505,KRX
20140813,+43900,2,+650,+1.50,3848799,39643,36897,--2746,+4124,903962,840691,--63271,+88716,KRX
20140812,-43250,5,-1750,-3.89,5457423,36037,29167,--6870,--11503,819996,668009,--151987,--254513,KRX
20140811,+45000,2,+800,+1.81,3098675,26175,30808,+4633,+24656,581724,684250,+102526,+557246,KRX
20140808,-44200,5,-1000,-2.21,6182189,51712,31689,--20023,--12215,1170328,715608,--454720,--282204,KRX
20140807,-45200,5,-200,-0.44,3846213,41663,33855,--7808,+31859,919360,746844,--172516,+699395,KRX
20140806,-45400,5,-1900,-4.02,14682581,61707,22040,--39667,--17761,1357496,485585,--871911,--406463,KRX
20140805,-47300,5,-550,-1.15,3424229,50573,28667,--21906,--36938,1071339,605891,--465448,--780888,KRX
20140804,+47850,2,+1550,+3.35,3226358,21430,36462,+15032,--9569,450587,766027,+315440,--229213,KRX
20140801,+46300,2,+850,+1.87,5318497,34969,59570,+24601,+20583,759988,1304641,+544653,+456003,KRX
20140731,-45450,5,-1300,-2.78,5587330,62435,66453,+4018,--56773,1368018,1456668,+88650,--1231474,KRX
20140730,+46750,2,+2350,+5.29,6237617,22437,83228,+60791,+29576,485612,1805736,+1320124,+624167,KRX
20140729,-44400,5,-2150,-4.62,8507170,33317,64532,+31215,+58754,745648,1441605,+695957,+1283691,KRX
20140728,-46550,5,-950,-2.00,5195081,63555,36016,--27539,--23679,1352827,765093,--587734,--507045,KRX
20140725,-47500,5,-50,-0.11,4385822,41984,38124,--3860,--17805,881755,801066,--80689,--369216,KRX
20140724,-47550,5,-1900,-3.84,7777210,45864,59809,+13945,+4631,957280,1245807,+288527,+100993,KRX
20140723,-49450,5,-1550,-3.04,2861486,18997,28311,+9314,--7119,379173,566707,+187534,--139179,KRX
20140722,+51000,2,+500,+0.99,2319621,22062,38495,+16433,+14493,436898,763611,+326713,+288938,KRX
20140721,-50500,5,-300,-0.59,1627408,27146,29086,+1940,+9720,534506,572281,+37775,+191308,KRX
20140718,-50800,5,-700,-1.36,2334689,32021,24241,--7780,--17018,632298,478765,--153533,--331947,KRX
20140717,+51500,2,+500,+0.98,3615315,39874,49112,+9238,--4197,768776,947190,+178414,--86450,KRX
20140716,+51000,2,+1250,+2.51,2314317,17128,30563,+13435,--2509,339001,603865,+264864,--54077,KRX
20140715,+49750,2,+400,+0.81,1757915,23078,39022,+15944,+14176,462751,781692,+318941,+284288,KRX
20140714,+49350,2,+400,+0.82,2127881,40462,42230,+1768,--21139,815273,849926,+34653,--433218,KRX
20140711,-48950,5,-350,-0.71,2438265,16713,39620,+22907,--9943,341470,809341,+467871,--191984,KRX
20140710,-49300,5,-450,-0.90,2652157,22918,55768,+32850,+40929,460878,1120733,+659855,+818942,KRX
20140709,-49750,5,-2150,-4.14,4902932,57646,49567,--8079,--13661,1146647,987560,--159087,--267168,KRX
20140708,+51900,2,+300,+0.58,2207233,23897,29479,+5582,+5937,463333,571414,+108081,+114342,KRX
20140707,+51600,2,+1200,+2.38,2222399,24697,24342,--355,+474,485940,479679,--6261,+10538,KRX
20140704,-50400,5,-500,-0.98,2256886,18879,18050,--829,--15021,377222,360423,--16799,--296947,KRX
20140703,+50900,2,+500,+0.99,2679502,26614,40806,+14192,--51192,524903,805051,+280148,--1027403,KRX
20140702,+50400,2,+1950,+4.02,4295212,16243,81627,+65384,+49031,324304,1631855,+1307551,+973276,KRX
20140701,-48450,5,-100,-0.21,2661236,18101,34454,+16353,+8247,370170,704445,+334275,+166782,KRX
20140630,+48550,2,+1050,+2.21,3033278,32894,41000,+8106,+2621,679691,847184,+167493,+51603,KRX
20140627,-47500,5,-1250,-2.56,4132822,38481,43966,+5485,+22912,803257,919147,+115890,+471017,KRX
20140626,-48750,5,-1050,-2.11,4329921,59543,42116,--17427,--21448,1217336,862209,--355127,--435844,KRX
20140625,-49800,5,-500,-0.99,2370023,13964,17985,+4021,--28135,278632,359349,+80717,--560596,KRX
20140624,+50300,2,+1400,+2.86,3486605,27128,59284,+32156,+38270,546067,1187380,+641313,+765368,KRX
20140623,-48900,5,-500,-1.01,3331587,39120,33006,--6114,+12195,795367,671312,--124055,+245458,KRX
20140620,-49400,5,-1300,-2.56,7739475,65916,47607,--18309,--80104,1322646,953133,--369513,--1602536,KRX
20140619,+50700,2,+1700,+3.47,3832975,9625,71420,+61795,+46694,190968,1423991,+1233023,+927524,KRX
20140618,-49000,5,-350,-0.71,8540327,51206,66307,+15101,+17616,1039550,1345049,+305499,+356558,KRX
20140617,+49350,2,+1000,+2.07,3064765,24801,22286,--2515,--13779,501239,450180,--51059,--283441,KRX
20140616,+48350,2,+1300,+2.76,2328428,26720,37984,+11264,+6722,563543,795925,+232382,+135237,KRX
20140613,-47050,5,-350,-0.74,2038552,22100,26642,+4542,+3374,471558,568703,+97145,+72818,KRX
20140612,+47400,2,+400,+0.85,3533745,25756,26924,+1168,+5050,541131,565458,+24327,+104566,KRX
20140611,-47000,5,-350,-0.74,2699834,29992,26110,--3882,--4454,634558,554319,--80239,--91571,KRX
20140610,+47350,2,+1250,+2.71,2173265,28957,29529,+572,+1405,617224,628556,+11332,+28613,KRX
20140609,-46100,5,-350,-0.75,4008341,42843,42010,--833,+6762,915081,897800,--17281,+147999,KRX
20140605,+46450,2,+1800,+4.03,3867206,42194,34599,--7595,+294,921423,756143,--165280,+12498,KRX
20140603,-44650,5,-50,-0.11,2452555,36512,28623,--7889,--7250,820640,642862,--177778,--164444,KRX
20140602,+44700,2,+550,+1.25,2594762,24898,24259,--639,--33124,555046,541712,--13334,--747469,KRX
20140530,+44150,2,+1550,+3.64,5719933,74710,107195,+32485,+32867,1707200,2441335,+734135,+743142,KRX
20140529,42600,3,0,0.00,2788250,42831,42449,--382,--11447,1003297,994290,--9007,--269406,KRX
20140528,+42600,2,+400,+0.95,2267797,29276,40341,+11065,+11052,686885,947284,+260399,+260740,KRX
20140527,-42200,5,-200,-0.47,1206673,16369,16382,+13,--3358,386791,386450,--341,--79061,KRX
20140526,+42400,2,+50,+0.12,1337761,11855,15226,+3371,+6113,278870,357590,+78720,+144596,KRX
20140523,-42350,5,-50,-0.12,2091017,32908,30166,--2742,--11316,779990,714114,--65876,--266666,KRX
20140522,+42400,2,+500,+1.19,2314558,16884,25458,+8574,--730,397680,598470,+200790,--20581,KRX
20140521,-41900,5,-100,-0.24,2044792,17784,27088,+9304,--9689,432761,654132,+221371,--232837,KRX
20140520,+42000,2,+1100,+2.69,3173904,36329,55322,+18993,+24781,955212,1409420,+454208,+594049,KRX
20140519,-40900,5,-1350,-3.20,3868734,57644,51856,--5788,--32989,1456791,1316950,--139841,--785775,KRX
20140516,+42250,2,+250,+0.60,1793135,16722,43923,+27201,+13501,397370,1043304,+645934,+318662,KRX
20140515,-42000,5,-100,-0.24,2002289,16519,30219,+13700,--2440,395228,722500,+327272,--57145,KRX
20140514,+42100,2,+400,+0.96,2857522,20865,37005,+16140,+13235,496795,881212,+384417,+315194,KRX
20140513,+41700,2,+300,+0.72,2671855,16703,19608,+2905,--664,399391,468614,+69223,--16764,KRX
20140512,+41400,2,+250,+0.61,2028310,15056,18625,+3569,--1975,363777,449764,+85987,--49363,KRX
20140509,+41150,2,+500,+1.23,2286422,26461,32005,+5544,+10782,646100,781450,+135350,+263835,KRX
20140508,-40650,5,-450,-1.09,2228813,30899,25661,--5238,--11862,755220,626735,--128485,--289317,KRX
20140507,+41100,2,+450,+1.11,2617891,29074,35698,+6624,--7618,707644,868476,+160832,--187218,KRX
20140502,+40650,2,+500,+1.25,3374051,18556,32798,+14242,--3983,453090,801140,+348050,--105630,KRX
20140430,+40150,2,+450,+1.13,2280636,23853,42078,+18225,+18763,596170,1049850,+453680,+468330,KRX
20140429,-39700,5,-800,-1.98,2864162,26971,26433,--538,--20918,676970,662320,--14650,--519780,KRX
20140428,-40500,5,-250,-0.61,2962593,20464,40844,+20380,--15474,507250,1012380,+505130,--371896,KRX
20140425,-40750,5,-150,-0.37,6413507,26985,62839,+35854,+11920,660724,1537750,+877026,+289910,KRX
20140424,+40900,2,+150,+0.37,4202633,36947,60881,+23934,+632,907268,1494384,+587116,+13335,KRX
20140423,+40750,2,+950,+2.39,6302966,30669,53971,+23302,+11622,755979,1329760,+573781,+281425,KRX
20140422,+39800,2,+400,+1.02,4429639,24846,36526,+11680,+5931,622814,915170,+292356,+145928,KRX
20140421,+39400,2,+200,+0.51,2012021,12988,18737,+5749,--21894,330550,476978,+146428,--557982,KRX
20140418,+39200,2,+1150,+3.02,6226765,15892,43535,+27643,+29772,405180,1109590,+704410,+760427,KRX
20140417,+38050,2,+400,+1.06,2518569,24534,22405,--2129,--5195,644357,588340,--56017,--136978,KRX
20140416,+37650,2,+250,+0.67,2279437,19842,22908,+3066,+15629,525939,606900,+80961,+415704,KRX
20140415,+37400,2,+500,+1.36,2511655,23566,11003,--12563,--7411,628660,293917,--334743,--195543,KRX
20140414,-36900,5,-150,-0.40,1769488,14314,9162,--5152,--3798,386680,247480,--139200,--102180,KRX
20140411,-37050,5,-650,-1.72,2678811,32112,30758,--1354,--4618,864310,827290,--37020,--123029,KRX
20140410,+37700,2,+50,+0.13,1940111,19242,22506,+3264,--5170,512071,598080,+86009,--142146,KRX
20140409,+37650,2,+900,+2.45,2781992,14921,23355,+8434,+8334,400065,628220,+228155,+225596,KRX
20140408,-36750,5,-250,-0.68,2287296,15418,15518,+100,--3549,417991,420550,+2559,--95925,KRX
20140407,-37000,5,-250,-0.67,2614349,24297,27946,+3649,--15669,660461,758945,+98484,--423754,KRX
20140404,+37250,2,+700,+1.92,3042845,15879,35197,+19318,+12233,429614,951852,+522238,+329788,KRX
20140403,-36550,5,-500,-1.35,2239712,12433,19518,+7085,+30143,338170,530620,+192450,+811321,KRX
20140402,+37050,2,+50,+0.14,3128863,40223,17165,--23058,--33826,1080651,461780,--618871,--910019,KRX
20140401,+37000,2,+1000,+2.78,4963237,20747,31515,+10768,+13639,562692,853840,+291148,+371986,KRX
20140331,-36000,5,-1050,-2.83,8110589,47173,44302,--2871,+17794,1311110,1230272,--80838,+471572,KRX
20140328,-37050,5,-650,-1.72,3497637,43776,23111,--20665,+17079,1170880,618470,--552410,+447350,KRX
20140327,-37700,5,-700,-1.82,2539853,56157,18413,--37744,--57792,1487650,487890,--999760,--1524927,KRX
20140326,+38400,2,+800,+2.13,2520441,15420,35468,+20048,+33654,404474,929641,+525167,+886096,KRX
20140325,-37600,5,-550,-1.44,2484259,38988,25382,--13606,+8281,1033519,672590,--360929,+211102,KRX
20140324,-38150,5,-550,-1.42,2911594,39175,17288,--21887,--50907,1023091,451060,--572031,--1329236,KRX
20140321,+38700,2,+1750,+4.74,4027721,16490,45510,+29020,+28414,429185,1186390,+757205,+741023,KRX
20140320,-36950,5,-50,-0.14,1966739,13080,13686,+606,--32222,353078,369260,+16182,--873752,KRX
20140319,+37000,2,+650,+1.79,3174111,15509,48337,+32828,+33055,420666,1310600,+889934,+895688,KRX
20140318,-36350,5,-350,-0.95,4067115,34266,34039,--227,+4405,928594,922840,--5754,+119541,KRX
20140317,-36700,5,-1250,-3.29,4053729,26708,22076,--4632,+15500,725006,599711,--125295,+410508,KRX
20140314,-37950,5,-100,-0.26,4047773,40364,20232,--20132,--31742,1072763,536960,--535803,--837729,KRX
20140313,+38050,2,+650,+1.74,2831772,22636,34246,+11610,--1027,592314,894240,+301926,--33033,KRX
20140312,-37400,5,-350,-0.93,3136809,28636,41273,+12637,--16991,760921,1095880,+334959,--445967,KRX
20140311,+37750,2,+50,+0.13,2570762,9661,39289,+29628,+12182,255244,1036170,+780926,+319472,KRX
20140310,-37700,5,-850,-2.20,3290391,20773,38219,+17446,+33,545956,1007410,+461454,+10344,KRX
20140307,-38550,5,-550,-1.41,3360351,24453,41866,+17413,+19612,632280,1083390,+451110,+507600,KRX
20140306,-39100,5,-350,-0.89,1894702,27636,25437,--2199,--20639,707730,651240,--56490,--523813,KRX
20140305,+39450,2,+500,+1.28,2287413,16894,35334,+18440,+11688,428677,896000,+467323,+293908,KRX
20140304,38950,3,0,0.00,1659174,15401,22153,+6752,+3547,396425,569840,+173415,+91896,KRX
20140303,+38950,2,+200,+0.52,2334413,22446,25651,+3205,--16614,582110,663629,+81519,--428797,KRX
20140228,-38750,5,-750,-1.90,3571285,31342,51161,+19819,--7756,807188,1317504,+510316,--189701,KRX
20140227,+39500,2,+250,+0.64,2537038,16681,44256,+27575,--21162,423223,1123240,+700017,--540108,KRX
20140226,+39250,2,+600,+1.55,3372770,17062,65799,+48737,+41697,435265,1675390,+1240125,+1057730,KRX
20140225,-38650,5,-200,-0.51,5377950,21568,28608,+7040,+12159,563355,745750,+182395,+313775,KRX
20140224,-38850,5,-450,-1.15,1853563,14853,9734,--5119,--10909,381600,250220,--131380,--278291,KRX
20140221,+39300,2,+500,+1.29,3222452,12996,18786,+5790,+7093,330309,477220,+146911,+179461,KRX
20140220,-38800,5,-350,-0.89,2634888,21262,19959,--1303,+16283,543540,510990,--32550,+418934,KRX
20140219,+39150,2,+350,+0.90,2779561,30187,12601,--17586,--23903,774590,323106,--451484,--614264,KRX
20140218,+38800,2,+100,+0.26,1740161,9784,16101,+6317,--28671,252950,415730,+162780,--735582,KRX
20140217,-38700,5,-350,-0.90,3462266,20206,55194,+34988,+33646,520598,1418960,+898362,+864002,KRX
20140214,-39050,5,-850,-2.13,3144548,22162,23504,+1342,--3611,561210,595570,+34360,--89169,KRX
20140213,+39900,2,+50,+0.13,3408592,22287,27240,+4953,--9572,559101,682630,+123529,--243101,KRX
20140212,+39850,2,+850,+2.18,3365602,22346,36871,+14525,+14606,564650,931280,+366630,+368831,KRX
20140211,39000,3,0,0.00,1922133,14420,14339,--81,+1447,368461,366260,--2201,+37551,KRX
20140210,-39000,5,-300,-0.76,2749618,16012,14484,--1528,--47588,408570,368818,--39752,--1211905,KRX
20140207,+39300,2,+700,+1.81,6263133,23834,69894,+46060,+10668,606390,1778543,+1172153,+242937,KRX
20140206,+38600,2,+1950,+5.32,6520048,16758,52150,+35392,+10370,437694,1366910,+929216,+248196,KRX
20140205,+36650,2,+150,+0.41,3722340,19296,44318,+25022,+30715,527110,1208130,+681020,+833333,KRX
20140204,-36500,5,-1450,-3.82,5123321,55897,50204,--5693,--12949,1516783,1364470,--152313,--344143,KRX
20140203,+37950,2,+100,+0.26,3258954,23671,30927,+7256,--24377,627440,819270,+191830,--646090,KRX
20140129,+37850,2,+1050,+2.85,5768140,40363,71996,+31633,+2914,1072250,1910170,+837920,+43286,KRX
20140128,+36800,2,+1550,+4.40,5134501,25923,54642,+28719,+7952,713546,1508180,+794634,+205444,KRX
20140127,-35250,5,-650,-1.81,3810292,21015,41782,+20767,--6241,596120,1185310,+589190,--164905,KRX
20140124,+35900,2,+500,+1.41,4696232,38661,65669,+27008,--9448,1081850,1835945,+754095,--260223,KRX
20140123,-35400,5,-900,-2.48,5413166,26613,63069,+36456,--21624,745512,1759830,+1014318,--602722,KRX
20140122,-36300,5,-100,-0.27,8866139,22855,80935,+58080,+79239,639600,2256640,+1617040,+2193470,KRX
20140121,-36400,5,-450,-1.22,2458095,27345,6186,--21159,--26859,745240,168810,--576430,--732847,KRX
20140120,+36850,2,+850,+2.36,3038514,7072,12772,+5700,--3761,194133,350550,+156417,--103335,KRX
20140117,-36000,5,-550,-1.50,3390054,9330,18791,+9461,--14748,257540,517292,+259752,--401041,KRX
20140116,-36550,5,-100,-0.27,5058860,14469,38678,+24209,+71596,394737,1055530,+660793,+1948329,KRX
20140115,-36650,5,-1750,-4.56,11312073,64757,17370,--47387,--58278,1757496,469960,--1287536,--1571707,KRX
20140114,+38400,2,+250,+0.66,2373406,27887,38778,+10891,+13275,733099,1017270,+284171,+346352,KRX
20140113,-38150,5,-350,-0.91,2173830,16619,14235,--2384,--4093,432121,369940,--62181,--105973,KRX
20140110,-38500,5,-350,-0.90,4661839,33349,35058,+1709,+21459,874038,917830,+43792,+552133,KRX
20140109,-38850,5,-150,-0.38,4456686,51319,31569,--19750,--37653,1320401,812060,--508341,--970751,KRX
20140108,+39000,2,+1200,+3.17,6541929,22349,40252,+17903,+19348,576450,1038860,+462410,+500855,KRX
20140107,+37800,2,+150,+0.40,3365854,38766,37321,--1445,--31303,1028485,990040,--38445,--840219,KRX
20140106,+37650,2,+1350,+3.72,5489696,26889,56747,+29858,+9308,720636,1522410,+801774,+233275,KRX
20140103,+36300,2,+750,+2.11,3866819,31706,52256,+20550,+26185,876216,1444715,+568499,+726205,KRX
20140102,-35550,5,-1250,-3.40,4503101,22252,16617,--5635,--7211,616316,458610,--157706,--200066,KRX
20131230,+36800,2,+150,+0.41,2537422,20869,22445,+1576,--7273,570950,613310,+42360,--198813,KRX
20131227,+36650,2,+650,+1.81,2088963,8807,17656,+8849,--8493,240147,481320,+241173,--237425,KRX
20131226,-36000,5,-750,-2.04,3738849,15162,32504,+17342,+15860,416212,894810,+478598,+439128,KRX
20131224,-36750,5,-250,-0.68,2771057,24690,26172,+1482,--21702,671640,711110,+39470,--595576,KRX
20131223,+37000,2,+1700,+4.82,5630251,28187,51371,+23184,--11009,768234,1403280,+635046,--329970,KRX
20131220,+35300,2,+400,+1.15,3905267,15460,49653,+34193,--14377,437454,1402470,+965016,--415963,KRX
20131219,-34900,5,-650,-1.83,6726027,9361,57931,+48570,+25864,266481,1647460,+1380979,+755016,KRX
20131218,-35550,5,-1050,-2.87,4929380,22165,44871,+22706,+5217,616947,1242910,+625963,+158843,KRX
20131217,-36600,5,-550,-1.48,3534783,23107,40596,+17489,--13442,625090,1092210,+467120,--367543,KRX
20131216,+37150,2,+650,+1.78,3285802,15959,46890,+30931,+17423,433019,1267682,+834663,+461600,KRX
20131213,+36500,2,+50,+0.14,2488730,19824,33332,+13508,--12577,546130,919193,+373063,--348779,KRX
20131212,-36450,5,-350,-0.95,5008826,27458,53543,+26085,+28942,756768,1478610,+721842,+800782,KRX
20131211,+36800,2,+300,+0.82,3600547,27639,24782,--2857,--613,752870,673930,--78940,--17818,KRX
20131210,+36500,2,+150,+0.41,5070477,28416,26172,--2244,--16955,774480,713358,--61122,--465863,KRX
20131209,+36350,2,+850,+2.39,5211103,25808,40519,+14711,+12666,709019,1113760,+404741,+346431,KRX
20131206,+35500,2,+1250,+3.65,4156598,20202,22247,+2045,+44509,572240,630550,+58310,+1290962,KRX
20131205,-34250,5,-550,-1.58,4205701,57096,14632,--42464,--38816,1657222,424570,--1232652,--1127732,KRX
20131204,+34800,2,+100,+0.29,3284235,18108,14460,--3648,+12669,518080,413160,--104920,+366836,KRX
20131203,-34700,5,-1000,-2.80,4945227,44022,27705,--16317,--26761,1258486,786730,--471756,--764308,KRX
20131202,+35700,2,+300,+0.85,3268831,11014,21458,+10444,--5631,308960,601512,+292552,--159528,KRX
20131129,-35400,5,-50,-0.14,4030182,15665,31740,+16075,+7225,442330,894410,+452080,+201271,KRX
20131128,+35450,2,+850,+2.46,6520172,17248,26098,+8850,--1694,489191,740000,+250809,--64257,KRX
20131127,+34600,2,+1000,+2.98,6944989,24129,34673,+10544,+5796,704704,1019770,+315066,+177400,KRX
20131126,+33600,2,+350,+1.05,3288876,32077,36825,+4748,--7978,961773,1099439,+137666,--245079,KRX
20131125,+33250,2,+850,+2.62,2869284,9879,22605,+12726,+22979,297485,680230,+382745,+698415,KRX
20131122,+32400,2,+350,+1.09,3511174,26506,16253,--10253,--11423,813490,497820,--315670,--352281,KRX
20131121,-32050,5,-450,-1.38,3397106,18930,20100,+1170,+15885,590360,626971,+36611,+483957,KRX
20131120,-32500,5,-950,-2.84,4652929,36901,22186,--14715,--10855,1125660,678314,--447346,--332201,KRX
20131119,-33450,5,-300,-0.89,2790771,18839,14979,--3860,+8893,561060,445915,--115145,+262865,KRX
20131118,+33750,2,+50,+0.15,2917194,21823,9070,--12753,+5462,646600,268590,--378010,+167242,KRX
20131115,+33700,2,+1400,+4.33,5187831,31895,13680,--18215,--8140,954751,409499,--545252,--233983,KRX
20131114,+32300,2,+750,+2.38,3084645,22679,12604,--10075,+1417,701370,390101,--311269,+51811,KRX
20131113,-31550,5,-400,-1.25,2266975,20823,9331,--11492,--33159,657600,294520,--363080,--1039136,KRX
20131112,+31950,2,+450,+1.43,3027493,11090,32757,+21667,+16007,346394,1022450,+676056,+498109,KRX
20131111,-31500,5,-750,-2.33,3518342,13176,18836,+5660,--9738,410332,588279,+177947,--292542,KRX
20131108,-32250,5,-100,-0.31,2964930,16049,31447,+15398,+32080,494130,964619,+470489,+983129,KRX
20131107,-32350,5,-150,-0.46,1825749,22099,5417,--16682,--13200,679030,166390,--512640,--405370,KRX
20131106,-32500,5,-50,-0.15,1872076,16336,12854,--3482,--7189,500680,393410,--107270,--221311,KRX
20131105,-32550,5,-500,-1.51,1860583,12331,16038,+3707,+14259,377969,492010,+114041,+432063,KRX
20131104,-33050,5,-200,-0.60,2893775,31507,20955,--10552,--11083,949082,631060,--318022,--333482,KRX
20131101,+33250,2,+1300,+4.07,4753636,15286,15817,+531,+13857,464410,479870,+15460,+430139,KRX
20131031,-31950,5,-900,-2.74,4023353,38608,25282,--13326,--30904,1200738,786059,--414679,--951048,KRX
20131030,+32850,2,+900,+2.82,4858305,15007,32585,+17578,+23292,459101,995470,+536369,+709622,KRX
20131029,-31950,5,-1150,-3.47,6681059,27454,21740,--5714,--16380,845333,672080,--173253,--495563,KRX
20131028,+33100,2,+500,+1.53,3104202,10107,20773,+10666,+16084,306070,628380,+322310,+488441,KRX
20131025,-32600,5,-500,-1.51,3464261,25729,20311,--5418,--12401,788041,621910,--166131,--378898,KRX
20131024,+33100,2,+600,+1.85,3285591,11408,18391,+6983,--33188,348763,561530,+212767,--1014752,KRX
20131023,-32500,5,-100,-0.31,5848372,15634,55805,+40171,+8473,478921,1706440,+1227519,+266335,KRX
20131022,-32600,5,-1500,-4.40,9113649,13343,45041,+31698,+39640,405256,1366440,+961184,+1190955,KRX
20131021,-34100,5,-500,-1.45,4601446,23104,15162,--7942,--14533,673181,443410,--229771,--421383,KRX
20131018,+34600,2,+800,+2.37,4896108,10762,17353,+6591,--12514,312528,504140,+191612,--375088,KRX
20131017,+33800,2,+400,+1.20,3432731,11662,30767,+19105,+15361,346440,913140,+566700,+454697,KRX
20131016,-33400,5,-50,-0.15,3964240,12119,15863,+3744,--2660,359647,471650,+112003,--79219,KRX
20131015,+33450,2,+350,+1.06,2875473,11827,18231,+6404,--4538,353748,544970,+191222,--140432,KRX
20131014,-33100,5,-250,-0.75,4504637,9843,20785,+10942,+12824,298526,630180,+331654,+387354,KRX
20131011,-33350,5,-250,-0.74,6953280,25829,23947,--1882,+8859,769350,713650,--55700,+266570,KRX
20131010,+33600,2,+850,+2.60,6362115,37144,26403,--10741,+19863,1113780,791510,--322270,+613743,KRX
20131008,-32750,5,-150,-0.46,20161933,45485,14881,--30604,+2950,1390943,454930,--936013,+83360,KRX
20131007,+32900,2,+450,+1.39,10211692,43919,10365,--33554,--41422,1333815,314442,--1019373,--1270803,KRX
20131004,+32450,2,+1300,+4.17,10794205,36236,44104,+7868,--16470,1128870,1380300,+251430,--535305,KRX
20131002,+31150,2,+1200,+4.01,7077277,14149,38487,+24338,+13677,456205,1242940,+786735,+433399,KRX
20131001,-29950,5,-300,-0.99,3094789,10022,20683,+10661,+13417,331784,685120,+353336,+444613,KRX
20130930,-30250,5,-100,-0.33,3883347,20536,17780,--2756,--6386,676498,585221,--91277,--211994,KRX
20130927,30350,3,0,0.00,3597617,22561,26191,+3630,--2058,746803,867520,+120717,--69159,KRX
20130926,+30350,2,+600,+2.02,4297077,24786,30474,+5688,+8630,817464,1007340,+189876,+287892,KRX
20130925,-29750,5,-750,-2.46,4839999,25808,22866,--2942,--33845,865426,767410,--98016,--1109655,KRX
20130924,-30500,5,-50,-0.16,3788474,17469,48372,+30903,+25769,572971,1584610,+1011639,+844442,KRX
20130923,+30550,2,+250,+0.83,4872847,33127,38261,+5134,+10382,1084953,1252150,+167197,+341401,KRX
20130917,+30300,2,+500,+1.68,6788948,25949,20701,--5248,--10937,858755,684551,--174204,--365713,KRX
20130916,+29800,2,+800,+2.76,5218534,12586,18275,+5689,--9897,424358,615867,+191509,--344473,KRX
20130913,+29000,2,+100,+0.35,4674307,14048,29634,+15586,--19243,484107,1020089,+535982,--663785,KRX
20130912,28900,3,0,0.00,6018991,15434,50263,+34829,+27611,532013,1731780,+1199767,+949683,KRX
20130911,-28900,5,-50,-0.17,4893860,19500,26718,+7218,--21255,673366,923450,+250084,--739259,KRX
20130910,+28950,2,+500,+1.76,6680750,22209,50682,+28473,--8657,772637,1761980,+989343,--328526,KRX
20130909,+28450,2,+1350,+4.98,9571714,13157,50287,+37130,+37197,466441,1784310,+1317869,+1319315,KRX
20130906,-27100,5,-1050,-3.73,12199781,35378,35311,--67,+19625,1288400,1286954,--1446,+709474,KRX
20130905,-28150,5,-500,-1.75,20625403,53902,34210,--19692,--43958,1945500,1234580,--710920,--1562700,KRX
20130904,+28650,2,+200,+0.70,3042973,9189,33455,+24266,+18868,322820,1174600,+851780,+662571,KRX
20130903,+28450,2,+150,+0.53,3100871,12451,17849,+5398,--4079,438090,627299,+189209,--143115,KRX
20130902,+28300,2,+50,+0.18,3035909,14552,24029,+9477,--6735,513303,845627,+332324,--244695,KRX
20130830,+28250,2,+800,+2.91,5663772,17799,34011,+16212,+5015,635558,1212577,+577019,+171502,KRX
20130829,-27450,5,-250,-0.90,5326833,18895,30092,+11197,+1888,687361,1092878,+405517,+67787,KRX
20130828,-27700,5,-250,-0.89,3556086,10553,19862,+9309,+17957,382530,720260,+337730,+646470,KRX
20130827,-27950,5,-400,-1.41,3547412,14672,6024,--8648,--4974,523560,214820,--308740,--178689,KRX
20130826,-28350,5,-150,-0.53,2937697,8017,4343,--3674,+7707,282845,152794,--130051,+268609,KRX
20130823,+28500,2,+450,+1.60,4137108,21962,10581,--11381,--5914,768920,370260,--398660,--205251,KRX
20130822,-28050,5,-150,-0.53,3639542,20782,15315,--5467,+3900,739079,545670,--193409,+138335,KRX
20130821,-28200,5,-300,-1.05,3079266,19089,9722,--9367,--13526,674494,342750,--331744,--477723,KRX
20130820,-28500,5,-50,-0.18,5699909,22179,26338,+4159,+4804,770100,916079,+145979,+168749,KRX
20130819,-28550,5,-150,-0.52,2594470,11139,10494,--645,--4175,391150,368380,--22770,--145128,KRX
20130816,-28700,5,-450,-1.54,5110848,15955,19485,+3530,--13281,555450,677808,+122358,--455562,KRX
20130814,+29150,2,+850,+3.00,10262550,31947,48758,+16811,+10092,1103210,1681130,+577920,+343700,KRX
20130813,+28300,2,+1300,+4.81,8719662,26548,33267,+6719,+19581,951790,1186010,+234220,+709030,KRX
20130812,+27000,2,+350,+1.31,3849323,28109,15247,--12862,--7249,1037410,562600,--474810,--262500,KRX
20130809,+26650,2,+450,+1.72,4669522,22668,17055,--5613,--8620,851790,639480,--212310,--327224,KRX
20130808,-26200,5,-350,-1.32,5396449,17113,20120,+3007,+1921,650086,765000,+114914,+71284,KRX
20130807,-26550,5,-1000,-3.63,7771130,16099,17185,+1086,+21015,599790,643420,+43630,+766903,KRX
20130806,+27550,2,+150,+0.55,4125157,28541,8612,--19929,--23261,1035413,312140,--723273,--844987,KRX
20130805,-27400,5,-50,-0.18,4180804,12203,15535,+3332,+11179,447430,569144,+121714,+406664,KRX
20130802,+27450,2,+50,+0.18,6877232,27635,19788,--7847,--3586,1006520,721570,--284950,--128691,KRX
20130801,+27400,2,+200,+0.74,6151190,21152,16891,--4261,+9106,773580,617321,--156259,+334675,KRX
20130731,+27200,2,+100,+0.37,4386284,27874,14507,--13367,--26677,1023523,532589,--490934,--985024,KRX
20130730,+27100,2,+100,+0.37,6903868,11562,24872,+13310,+1504,427140,921230,+494090,+48860,KRX
20130729,-27000,5,-1150,-4.09,15227768,46642,58448,+11806,+13707,1709910,2155140,+445230,+512040,KRX
20130726,-28150,5,-450,-1.57,7755181,14550,12649,--1901,--7968,515560,448750,--66810,--275895,KRX
20130725,+28600,2,+50,+0.18,6778488,16380,22447,+6067,+8613,570065,779150,+209085,+297990,KRX
20130724,+28550,2,+350,+1.24,3818831,11523,8977,--2546,--5168,403465,314560,--88905,--180155,KRX
20130723,+28200,2,+200,+0.71,4952809,20881,23503,+2622,--6720,743450,834700,+91250,--240530,KRX
20130722,-28000,5,-400,-1.41,5042732,6925,16267,+9342,+19135,247030,578810,+331780,+673634,KRX
20130719,-28400,5,-800,-2.74,5306867,36788,26995,--9793,--41049,1278974,937120,--341854,--1413674,KRX
20130718,+29200,2,+600,+2.10,6437820,24992,56248,+31256,+14637,857220,1929040,+1071820,+490391,KRX
20130717,+28600,2,+150,+0.53,4374401,8779,25398,+16619,+26603,307151,888580,+581429,+931849,KRX
20130716,28450,3,0,0.00,2886705,23669,13685,--9984,--9618,830560,480140,--350420,--336870,KRX
20130715,-28450,5,-50,-0.18,2613544,12392,12026,--366,+4537,436350,422800,--13550,+160834,KRX
20130712,+28500,2,+100,+0.35,4499172,24377,19474,--4903,--16734,858964,684580,--174384,--597174,KRX
20130711,+28400,2,+900,+3.27,6330650,11695,23526,+11831,--4390,413739,836529,+422790,--162580,KRX
20130710,-27500,5,-850,-3.00,6362139,22204,38425,+16221,+1637,799720,1385090,+585370,+66660,KRX
20130709,+28350,2,+550,+1.98,5276470,18442,33026,+14584,+12665,653840,1172550,+518710,+450920,KRX
20130708,-27800,5,-600,-2.11,7227558,25972,27891,+1919,--8584,936520,1004310,+67790,--299927,KRX
20130705,-28400,5,-350,-1.22,7983219,13975,24478,+10503,+11679,486960,854677,+367717,+409712,KRX
20130704,28750,3,0,0.00,9130872,16956,15780,--1176,+4973,596720,554725,--41995,+176355,KRX
20130703,-28750,5,-50,-0.17,10969350,43925,37776,--6149,--5649,1515450,1297100,--218350,--233380,KRX
20130702,-28800,5,-2750,-8.72,21019436,55102,54602,--500,+905,1850510,1865540,+15030,+60760,KRX
20130701,+31550,2,+350,+1.12,4062599,25718,24313,--1405,--13619,817060,771330,--45730,--438767,KRX
20130628,+31200,2,+550,+1.79,4309458,30750,42964,+12214,+14672,993570,1386607,+393037,+473667,KRX
20130627,+30650,2,+400,+1.32,5209137,27742,25284,--2458,--7118,901680,821050,--80630,--236650,KRX
20130626,+30250,2,+750,+2.54,5040418,34354,39014,+4660,--17737,1140220,1296240,+156020,--602305,KRX
20130625,-29500,5,-250,-0.84,6659713,31891,54288,+22397,+32475,1077115,1835440,+758325,+1090337,KRX
20130624,-29750,5,-1050,-3.41,4897019,24765,14687,--10078,+8601,821162,489150,--332012,+282826,KRX
20130621,-30800,5,-250,-0.81,5163521,38359,19680,--18679,--6836,1256938,642100,--614838,--238486,KRX
20130620,-31050,5,-850,-2.66,4371986,25454,13611,--11843,+20,812352,436000,--376352,--4747,KRX
20130619,+31900,2,+150,+0.47,4438175,19881,8018,--11863,--19701,622440,250835,--371605,--621690,KRX
20130618,+31750,2,+1300,+4.27,5215736,25163,33001,+7838,--5265,803273,1053358,+250085,--182459,KRX
20130617,-30450,5,-1050,-3.33,6582178,18517,31620,+13103,+16759,605862,1038406,+432544,+546344,KRX
20130614,-31500,5,-550,-1.72,3971095,21223,17567,--3656,+6446,670860,557060,--113800,+203310,KRX
20130613,-32050,5,-300,-0.93,6075091,51789,41687,--10102,--3482,1622260,1305150,--317110,--112568,KRX
20130612,-32350,5,-150,-0.46,2590486,19594,12974,--6620,+1025,604902,400360,--204542,+30115,KRX
20130611,-32500,5,-150,-0.46,3941737,26338,18693,--7645,--2864,808709,574052,--234657,--85937,KRX
20130610,+32650,2,+1550,+4.98,6709195,38240,33459,--4781,+1532,1179190,1030470,--148720,+53680,KRX
20130607,-31100,5,-50,-0.16,5758634,35361,29048,--6313,+2,1126300,923900,--202400,--5120,KRX
20130605,-31150,5,-1100,-3.41,4570226,27850,21535,--6315,+3132,879450,682170,--197280,+95750,KRX
20130604,+32250,2,+350,+1.10,3233657,20197,10750,--9447,--6450,626600,333570,--293030,--198912,KRX
20130603,-31900,5,-300,-0.93,3449693,20100,17103,--2997,--2553,629678,535560,--94118,--79027,KRX
20130531,+32200,2,+350,+1.10,3870613,33707,33263,--444,+10017,1052231,1037140,--15091,+312489,KRX
20130530,-31850,5,-150,-0.47,10882238,27019,16558,--10461,--19401,846740,519160,--327580,--608630,KRX
20130529,+32000,2,+600,+1.91,4381622,23443,32383,+8940,+3244,733420,1014470,+281050,+99630,KRX
20130528,31400,3,0,0.00,4431590,12041,17737,+5696,--11545,383990,565410,+181420,--364900,KRX
20130527,31400,3,0,0.00,2849669,10998,28239,+17241,+8898,348010,894330,+546320,+280374,KRX
20130524,31400,3,0,0.00,3871042,9777,18120,+8343,+10400,310584,576530,+265946,+332551,KRX
20130523,+31400,2,+100,+0.32,7512672,29095,27038,--2057,--38610,918275,851670,--66605,--1234760,KRX
20130522,+31300,2,+700,+2.29,7608286,27874,64427,+36553,+33465,891455,2059610,+1168155,+1068360,KRX
20130521,-30600,5,-100,-0.33,5033266,18954,22042,+3088,+4815,618180,717975,+99795,+156395,KRX
20130520,+30700,2,+650,+2.16,6958530,16827,15100,--1727,--17457,549170,492570,--56600,--581170,KRX
20130516,+30050,2,+300,+1.01,6423610,2997,18727,+15730,+9511,99800,624370,+524570,+315392,KRX
20130515,+29750,2,+250,+0.85,4030862,12505,18724,+6219,+8359,421352,630530,+209178,+281913,KRX
20130514,+29500,2,+400,+1.37,2701509,15193,13053,--2140,+3285,515815,443080,--72735,+114533,KRX
20130513,29100,3,0,0.00,2518819,13738,8313,--5425,+4974,473778,286510,--187268,+168312,KRX
20130510,+29100,2,+50,+0.17,4776435,20180,9781,--10399,--22115,689510,333930,--355580,--758010,KRX
20130509,+29050,2,+500,+1.75,4575248,15158,26874,+11716,+8373,521320,923750,+402430,+286910,KRX
20130508,-28550,5,-50,-0.17,3400637,16187,19530,+3343,+4643,564890,680410,+115520,+161780,KRX
20130507,-28600,5,-300,-1.04,3154316,18952,17652,--1300,--4460,662690,616430,--46260,--153868,KRX
20130506,-28900,5,-650,-2.20,4225049,6906,10066,+3160,--5466,236777,344385,+107608,--186630,KRX
20130503,+29550,2,+100,+0.34,3767197,7821,16447,+8626,+10196,266567,560805,+294238,+346926,KRX
20130502,-29450,5,-450,-1.51,2792031,13833,12263,--1570,--31647,468950,416262,--52688,--1061583,KRX
20130430,+29900,2,+350,+1.18,4973679,20174,50251,+30077,+26402,676735,1685630,+1008895,+884306,KRX
20130429,+29550,2,+100,+0.34,2368216,16171,19846,+3675,+3216,545761,670350,+124589,+108489,KRX
20130426,-29450,5,-50,-0.17,2667806,23113,23572,+459,--7920,783610,799710,+16100,--266326,KRX
20130425,+29500,2,+400,+1.37,11394824,14174,22553,+8379,+5896,478780,761206,+282426,+199446,KRX
20130424,+29100,2,+250,+0.87,4683116,13755,16238,+2483,+3008,470490,553470,+82980,+101415,KRX
20130423,-28850,5,-150,-0.52,2009817,10096,9571,--525,+1354,350476,332041,--18435,+47652,KRX
20130422,+29000,2,+200,+0.69,2012549,11294,9415,--1879,--23447,391247,325160,--66087,--821366,KRX
20130419,+28800,2,+900,+3.23,3895261,14127,35695,+21568,+13697,496001,1251280,+755279,+474956,KRX
20130418,-27900,5,-850,-2.96,5206918,12268,20139,+7871,+32113,437727,718050,+280323,+1118472,KRX
20130417,-28750,5,-350,-1.20,3075896,33355,9113,--24242,--19842,1154003,315854,--838149,--685606,KRX
20130416,-29100,5,-50,-0.17,3276359,19223,14823,--4400,+1467,662524,509981,--152543,+49243,KRX
20130415,+29150,2,+350,+1.22,2715965,15410,9543,--5867,--7673,529036,327250,--201786,--263647,KRX
20130412,-28800,5,-200,-0.69,3407336,18726,20532,+1806,--9056,646509,708370,+61861,--314019,KRX
20130411,+29000,2,+1050,+3.76,5236997,14973,25835,+10862,+21302,518530,894410,+375880,+749561,KRX
20130410,+27950,2,+150,+0.54,2896417,22066,11626,--10440,--5051,789040,415359,--373681,--175344,KRX
20130409,-27800,5,-100,-0.36,4473759,30240,24851,--5389,--932,1096081,897744,--198337,--41185,KRX
20130408,-27900,5,-650,-2.28,4153747,21580,17123,--4457,+1111,767117,609965,--157152,+34828,KRX
20130405,-28550,5,-650,-2.23,3681853,19867,14299,--5568,--42747,689730,497750,--191980,--1475318,KRX
20130404,+29200,2,+300,+1.04,4869239,21544,58723,+37179,+29821,747200,2030538,+1283338,+1029044,KRX
20130403,+28900,2,+500,+1.76,3584222,8715,16073,+7358,+1718,301836,556130,+254294,+56667,KRX
20130402,-28400,5,-250,-0.87,3577498,11407,17047,+5640,--7097,400090,597717,+197627,--244310,KRX
20130401,-28650,5,-100,-0.35,1972865,1723,14460,+12737,+9271,59922,501859,+441937,+321892,KRX
20130329,-28750,5,-500,-1.71,3045853,9234,12700,+3466,--21775,317190,437235,+120045,--742286,KRX
20130328,-29250,5,-200,-0.68,3223050,8946,34187,+25241,+24328,305537,1167868,+862331,+831631,KRX
20130327,-29450,5,-50,-0.17,3184531,21488,22401,+913,--25235,729240,759940,+30700,--864590,KRX
20130326,+29500,2,+450,+1.55,5570927,11073,37221,+26148,+2334,376840,1272130,+895290,+73974,KRX
20130325,+29050,2,+750,+2.65,3959211,7843,31657,+23814,+18943,270686,1092002,+821316,+647802,KRX
20130322,+28300,2,+250,+0.89,3555515,11638,16509,+4871,+2650,412400,585914,+173514,+94619,KRX
20130321,-28050,5,-550,-1.92,3426566,12258,14479,+2221,--5881,432590,511485,+78895,--202688,KRX
20130320,-28600,5,-50,-0.17,2632433,11507,19609,+8102,+7045,401827,683410,+281583,+245513,KRX
20130319,+28650,2,+250,+0.88,3232956,18406,19463,+1057,--6285,643090,679160,+36070,--219460,KRX
20130318,-28400,5,-400,-1.39,2926693,10600,17942,+7342,+82,370750,626280,+255530,+5355,KRX
20130315,-28800,5,-100,-0.35,4473661,19983,27243,+7260,+9862,693825,944000,+250175,+341019,KRX
20130314,+28900,2,+600,+2.12,5071138,14377,11775,--2602,--8232,498994,408150,--90844,--289654,KRX
20130313,+28300,2,+200,+0.71,2769799,6758,12388,+5630,+10444,238420,437230,+198810,+367920,KRX
20130312,-28100,5,-500,-1.75,3957978,16580,11766,--4814,--17198,584690,415580,--169110,--601220,KRX
20130311,+28600,2,+350,+1.24,6597705,12683,25067,+12384,+14362,442940,875050,+432110,+502640,KRX
20130308,+28250,2,+100,+0.36,3607159,14766,12788,--1978,--2831,523640,453110,--70530,--99960,KRX
20130307,+28150,2,+150,+0.54,6588200,15079,15932,+853,--36640,535480,564910,+29430,--1317172,KRX
20130306,+28000,2,+1000,+3.70,11109877,18047,55540,+37493,+14234,646020,1992622,+1346602,+480462,KRX
20130305,+27000,2,+1000,+3.85,8141593,13622,36881,+23259,+38654,507060,1373200,+866140,+1449390,KRX
20130304,-26000,5,-500,-1.89,3753949,28034,12639,--15395,--32666,1063750,480500,--583250,--1230655,KRX
20130228,+26500,2,+250,+0.95,4038185,15585,32856,+17271,+24482,586175,1233580,+647405,+920599,KRX
20130227,-26250,5,-300,-1.13,3098659,21755,14544,--7211,+6616,819284,546090,--273194,+255776,KRX
20130226,+26550,2,+250,+0.95,3772301,27662,13835,--13827,--9774,1054800,525830,--528970,--375331,KRX
20130225,-26300,5,-100,-0.38,2604691,14173,10120,--4053,--16757,538129,384490,--153639,--633381,KRX
20130222,-26400,5,-200,-0.75,2689623,6579,19283,+12704,+8871,249128,728870,+479742,+335732,KRX
20130221,+26600,2,+100,+0.38,2826255,13827,17660,+3833,--16899,520980,664990,+144010,--638757,KRX
20130220,+26500,2,+650,+2.51,6657608,16054,36786,+20732,+19746,607200,1389967,+782767,+744637,KRX
20130219,-25850,5,-50,-0.19,1779504,4125,5111,+986,+37,159330,197460,+38130,+1550,KRX
20130218,+25900,2,+250,+0.97,2456890,8966,9915,+949,--11865,347000,383580,+36580,--463080,KRX
20130215,-25650,5,-50,-0.19,2277981,7299,20113,+12814,--4230,284530,784190,+499660,--166167,KRX
20130214,+25700,2,+200,+0.78,2859954,6976,24020,+17044,+12594,272430,938257,+665827,+491120,KRX
20130213,+25500,2,+500,+2.00,4490716,7954,12404,+4450,+19154,312537,487244,+174707,+760647,KRX
20130212,+25000,2,+250,+1.01,3432175,18966,4262,--14704,+2923,755690,169750,--585940,+126320,KRX
20130208,-24750,5,-100,-0.40,3258865,33234,15607,--17627,--22899,1341510,629250,--712260,--924481,KRX
20130207,+24850,2,+350,+1.43,4681401,16133,21405,+5272,--28835,648840,861061,+212221,--1185945,KRX
20130206,+24500,2,+800,+3.38,5764265,19532,53639,+34107,+42790,803733,2201899,+1398166,+1761556,KRX
20130205,-23700,5,-600,-2.47,4574149,22722,14039,--8683,--4114,954390,591000,--363390,--175733,KRX
20130204,+24300,2,+100,+0.41,2604422,10877,6308,--4569,+4202,445797,258140,--187657,+174489,KRX
20130201,-24200,5,-200,-0.82,4025938,15875,7104,--8771,--6870,655054,292908,--362146,--283796,KRX
20130131,+24400,2,+50,+0.21,4329870,25354,23453,--1901,+16102,1040652,962302,--78350,+656180,KRX
20130130,+24350,2,+150,+0.62,5631792,30859,12856,--18003,--9375,1258650,524120,--734530,--379731,KRX
20130129,-24200,5,-200,-0.82,4408627,16287,7659,--8628,--4300,669411,314612,--354799,--176366,KRX
20130128,+24400,2,+200,+0.83,2586394,13801,9473,--4328,+6974,567373,388940,--178433,+287140,KRX
20130125,-24200,5,-50,-0.21,5001969,23497,12195,--11302,+10172,971153,505580,--465573,+418646,KRX
20130124,-24250,5,-400,-1.62,6007784,33530,12056,--21474,+2532,1380639,496420,--884219,+85984,KRX
20130123,-24650,5,-400,-1.60,6619066,42877,18871,--24006,+10510,1731673,761470,--970203,+404207,KRX
20130122,-25050,5,-700,-2.72,7158297,45581,11065,--34516,--52451,1815440,441030,--1374410,--2074880,KRX
20130121,+25750,2,+150,+0.59,3295467,4951,22886,+17935,--3309,193570,894040,+700470,--125640,KRX
20130118,-25600,5,-300,-1.16,5547605,3037,24281,+21244,+19733,117900,944010,+826110,+766777,KRX
20130117,-25900,5,-300,-1.15,4758701,10481,11992,+1511,+519,405037,464370,+59333,+22993,KRX
20130116,+26200,2,+250,+0.96,5723625,15202,16194,+992,+13372,578200,614540,+36340,+505750,KRX
20130115,-25950,5,-1000,-3.71,6736761,23576,11196,--12380,--6010,897190,427780,--469410,--233950,KRX
20130114,-26950,5,-150,-0.55,3130049,15754,9384,--6370,+5992,582640,347180,--235460,+223250,KRX
20130111,+27100,2,+300,+1.12,6269825,17660,5298,--12362,--10811,655140,196430,--458710,--396270,KRX
20130110,+26800,2,+750,+2.88,4762542,14160,12609,--1551,+2789,536290,473850,--62440,+102207,KRX
20130109,-26050,5,-200,-0.76,2517811,12535,8195,--4340,--13748,477167,312520,--164647,--521740,KRX
20130108,+26250,2,+350,+1.35,3468081,12842,22250,+9408,+201,488157,845250,+357093,+2183,KRX
20130107,-25900,5,-450,-1.71,4283105,5923,15130,+9207,--2481,228240,583150,+354910,--81810,KRX
20130104,-26350,5,-300,-1.13,4856327,18962,30650,+11688,+19552,716740,1153460,+436720,+734375,KRX
20130103,+26650,2,+50,+0.19,4587780,26093,18229,--7864,--32876,980720,683065,--297655,--1242260,KRX
20130102,+26600,2,+850,+3.30,5151547,12514,37526,+25012,+25937,473338,1417943,+944605,+980733,KRX
20121228,25750,3,0,0.00,2648924,9913,8988,--925,--3519,385368,349240,--36128,--136824,KRX
20121227,+25750,2,+300,+1.18,2010360,6052,8646,+2594,--12479,235774,336470,+100696,--490584,KRX
20121226,+25450,2,+300,+1.19,3166701,6228,21301,+15073,+12885,244480,835760,+591280,+504765,KRX
20121224,-25150,5,-250,-0.98,3887250,17081,19269,+2188,+707,674525,761040,+86515,+29494,KRX
20121221,-25400,5,-900,-3.42,7103654,22262,23743,+1481,--10790,871869,928890,+57021,--403985,KRX
20121220,-26300,5,-200,-0.75,4736996,17270,29541,+12271,+13328,652004,1113010,+461006,+499599,KRX
20121218,-26500,5,-150,-0.56,5741215,30025,28968,--1057,--13995,1125173,1086580,--38593,--524489,KRX
20121217,+26650,2,+450,+1.72,5228814,9748,22686,+12938,+5764,365894,851790,+485896,+212550,KRX
20121214,-26200,5,-50,-0.19,3680399,13641,20815,+7174,+17397,521126,794472,+273346,+669736,KRX
20121213,+26250,2,+200,+0.77,7585467,61985,51762,--10223,--20568,2373522,1977132,--396390,--789949,KRX
20121212,+26050,2,+100,+0.39,4902981,11483,21828,+10345,+16855,438521,832080,+393559,+644753,KRX
20121211,-25950,5,-50,-0.19,4189236,24606,18096,--6510,--9169,943936,692742,--251194,--353269,KRX
20121210,+26000,2,+100,+0.39,3280121,13372,16031,+2659,--4263,514296,616371,+102075,--167040,KRX
20121207,+25900,2,+1050,+4.23,7130678,11319,18241,+6922,+10733,438565,707680,+269115,+422169,KRX
20121206,24850,3,0,0.00,3774704,16831,13020,--3811,--4524,675954,522900,--153054,--182761,KRX
20121205,+24850,2,+400,+1.64,3504294,10690,11403,+713,--3816,434398,464105,+29707,--155038,KRX
20121204,+24450,2,+50,+0.20,3560107,21614,26143,+4529,--2648,882694,1067439,+184745,--108876,KRX
20121203,24400,3,0,0.00,4155082,16192,23369,+7177,+13721,664509,958130,+293621,+561009,KRX
20121130,-24400,5,-1000,-3.94,8420949,31596,25052,--6544,--11856,1287678,1020290,--267388,--476598,KRX
20121129,+25400,2,+50,+0.20,4030728,9196,14508,+5312,+13875,362640,571850,+209210,+547724,KRX
20121128,-25350,5,-200,-0.78,3108705,18096,9533,--8563,--13336,715424,376910,--338514,--524614,KRX
20121127,-25550,5,-250,-0.97,4349165,10644,15417,+4773,--2368,415920,602020,+186100,--88220,KRX
20121126,+25800,2,+100,+0.39,3757376,6888,14029,+7141,+13427,265690,540010,+274320,+519550,KRX
20121123,+25700,2,+100,+0.39,2772673,13128,6842,--6286,--14857,511870,266640,--245230,--580510,KRX
20121122,+25600,2,+700,+2.81,3192295,6449,15020,+8571,+8807,254110,589390,+335280,+342710,KRX
20121121,-24900,5,-450,-1.78,3705474,15222,14986,--236,--1652,603480,596050,--7430,--63910,KRX
20121120,+25350,2,+150,+0.60,3293980,9954,11370,+1416,--3084,390300,446780,+56480,--121166,KRX
20121119,+25200,2,+250,+1.00,3934488,10565,15065,+4500,--6150,420720,598366,+177646,--242664,KRX
20121116,-24950,5,-1200,-4.59,9295709,18979,29629,+10650,+12393,746830,1167140,+420310,+486950,KRX
20121115,-26150,5,-450,-1.69,4774667,16829,15086,--1743,+1647,640676,574036,--66640,+61670,KRX
20121114,+26600,2,+1250,+4.93,8690475,28691,25301,--3390,--6005,1088520,960210,--128310,--232223,KRX
20121113,+25350,2,+50,+0.20,3314201,9160,11775,+2615,--7424,361458,465371,+103913,--292554,KRX
20121112,-25300,5,-100,-0.39,4373224,9359,19398,+10039,+21151,373093,769560,+396467,+831093,KRX
20121109,-25400,5,-650,-2.50,5241275,19463,8351,--11112,--4693,761220,326594,--434626,--181836,KRX
20121108,+26050,2,+50,+0.19,4522898,20214,13795,--6419,--12035,788740,535950,--252790,--468017,KRX
20121107,+26000,2,+100,+0.39,4411461,12156,17772,+5616,+4463,470943,686170,+215227,+170507,KRX
20121106,-25900,5,-250,-0.96,5042809,8438,9591,+1153,--813,327110,371830,+44720,--29960,KRX
20121105,+26150,2,+200,+0.77,3347263,9202,11168,+1966,+24708,353446,428126,+74680,+949214,KRX
20121102,+25950,2,+450,+1.76,6592179,42052,19310,--22742,--21147,1614354,739820,--874534,--810245,KRX
20121101,+25500,2,+650,+2.62,8312753,14687,13092,--1595,--2581,579059,514770,--64289,--104091,KRX
20121031,+24850,2,+550,+2.26,5789405,10190,11176,+986,+6380,410460,450262,+39802,+261752,KRX
20121030,+24300,2,+200,+0.83,3782716,13869,8475,--5394,--12796,568270,346320,--221950,--521846,KRX
20121029,24100,3,0,0.00,6197870,9998,17400,+7402,+6333,409449,709345,+299896,+256666,KRX
20121026,-24100,5,-200,-0.82,3832976,10447,11516,+1069,+820,430570,473800,+43230,+34100,KRX
20121025,+24300,2,+300,+1.25,7780836,15641,15890,+249,--15979,641050,650180,+9130,--669090,KRX
20121024,+24000,2,+950,+4.12,8709303,13421,29649,+16228,+25066,563470,1241690,+678220,+1056247,KRX
20121023,-23050,5,-350,-1.50,2851721,16211,7373,--8838,--10208,694527,316500,--378027,--437306,KRX
20121022,+23400,2,+100,+0.43,2573262,8058,9428,+1370,--5928,349371,408650,+59279,--251304,KRX
20121019,-23300,5,-250,-1.06,2646218,8551,15849,+7298,--137,365150,675733,+310583,--5949,KRX
20121018,+23550,2,+50,+0.21,2682573,5908,13343,+7435,--10068,251730,568262,+316532,--429728,KRX
20121017,+23500,2,+650,+2.84,4594202,5710,23213,+17503,+17731,243810,990070,+746260,+756530,KRX
20121016,+22850,2,+600,+2.70,3901823,12813,12585,--228,--2283,560970,550700,--10270,--102031,KRX
20121015,-22250,5,-300,-1.33,3034811,7133,9188,+2055,+3985,318089,409850,+91761,+177162,KRX
20121012,-22550,5,-350,-1.53,4262738,10829,8899,--1930,+4931,480851,395450,--85401,+215320,KRX
20121011,-22900,5,-100,-0.43,2957524,17237,10376,--6861,--2696,752931,452210,--300721,--120444,KRX
20121010,-23000,5,-550,-2.34,3010313,13456,9291,--4165,--659,581257,400980,--180277,--32072,KRX
20121009,-23550,5,-150,-0.63,3477414,11962,8456,--3506,--11574,504525,356320,--148205,--487865,KRX
20121008,+23700,2,+450,+1.94,5661298,11488,19556,+8068,+3917,486810,826470,+339660,+161937,KRX
20121005,+23250,2,+100,+0.43,3119376,8563,12714,+4151,--7111,367441,545164,+177723,--305577,KRX
20121004,+23150,2,+650,+2.89,6192433,13849,25111,+11262,+12409,598250,1081550,+483300,+535378,KRX
20121002,-22500,5,-250,-1.10,2858070,7150,6003,--1147,+952,316118,264040,--52078,+39072,KRX
20120928,-22750,5,-150,-0.66,3873405,11372,9273,--2099,--2333,498090,406940,--91150,--101858,KRX
20120927,+22900,2,+150,+0.66,3525787,13645,13879,+234,+759,601534,612242,+10708,+33728,KRX
20120926,-22750,5,-150,-0.66,3227444,10091,9566,--525,--1182,444130,421110,--23020,--51560,KRX
20120925,-22900,5,-600,-2.55,5377949,14793,15450,+657,+4235,642310,670850,+28540,+180189,KRX
20120924,-23500,5,-350,-1.47,3509912,10725,7147,--3578,+2348,455349,303700,--151649,+96136,KRX
20120921,-23850,5,-50,-0.21,4797968,20972,15046,--5926,--6191,876860,629075,--247785,--257389,KRX
20120920,+23900,2,+400,+1.70,12250096,15856,16121,+265,--16046,657825,667429,+9604,--685156,KRX
20120919,+23500,2,+650,+2.84,7673229,8308,24619,+16311,+15919,354260,1049020,+694760,+677923,KRX
20120918,-22850,5,-100,-0.44,3843199,7995,8387,+392,+5354,347970,364807,+16837,+232354,KRX
20120917,22950,3,0,0.00,4248504,15093,10131,--4962,--39404,655632,440115,--215517,--1729466,KRX
20120914,+22950,2,+1100,+5.03,10517447,10114,44556,+34442,+33195,443838,1957787,+1513949,+1456798,KRX
20120913,-21850,5,-350,-1.58,4237233,13585,14832,+1247,--7126,620249,677400,+57151,--319934,KRX
20120912,+22200,2,+250,+1.14,3267122,6531,14904,+8373,+13366,294939,672024,+377085,+604595,KRX
20120911,-21950,5,-300,-1.35,3664743,7588,2595,--4993,--832,345680,118170,--227510,--40372,KRX
20120910,-22250,5,-250,-1.11,4757626,8390,4229,--4161,--14257,376837,189699,--187138,--642205,KRX
20120907,+22500,2,+1600,+7.66,15221162,14304,24400,+10096,+19115,642413,1097480,+455067,+886857,KRX
20120906,-20900,5,-300,-1.42,9041756,20375,11356,--9019,+854,976740,544950,--431790,+29031,KRX
20120905,-21200,5,-300,-1.40,3826683,15888,6015,--9873,--6135,740821,280000,--460821,--286901,KRX
20120904,+21500,2,+100,+0.47,3775480,9872,6134,--3738,+555,458490,284570,--173920,+30508,KRX
20120903,+21400,2,+200,+0.94,3518196,11304,7011,--4293,+2655,533560,329132,--204428,+123137,KRX
20120831,21200,3,0,0.00,2702479,14671,7723,--6948,--1008,691553,363988,--327565,--47164,KRX
20120830,-21200,5,-250,-1.17,3263544,10214,4274,--5940,--4081,482324,201923,--280401,--193477,KRX
20120829,+21450,2,+150,+0.70,4295175,10322,8463,--1859,--4960,481710,394786,--86924,--233544,KRX
20120828,-21300,5,-400,-1.84,7433538,7678,10779,+3101,--14228,359980,506600,+146620,--647570,KRX
20120827,-21700,5,-100,-0.46,5324077,5085,22414,+17329,+13432,233580,1027770,+794190,+618454,KRX
20120824,-21800,5,-600,-2.68,6175133,10063,13960,+3897,+359,458764,634500,+175736,+19971,KRX
20120823,-22400,5,-450,-1.97,6340317,14520,18058,+3538,+1212,646840,802605,+155765,+53726,KRX
20120822,-22850,5,-250,-1.08,4582101,11050,13376,+2326,--10201,482970,585009,+102039,--440436,KRX
20120821,+23100,2,+550,+2.44,9152697,7526,20053,+12527,--611,324884,867359,+542475,--41296,KRX
20120820,+22550,2,+50,+0.22,3278867,3101,16239,+13138,--8904,137669,721440,+583771,--397062,KRX
20120817,+22500,2,+300,+1.35,4112850,4121,26163,+22042,+8215,183367,1164200,+980833,+362343,KRX
20120816,-22200,5,-700,-3.06,7787699,6477,20304,+13827,+3546,288940,907430,+618490,+168017,KRX
20120814,+22900,2,+200,+0.88,3662137,7417,17698,+10281,+4386,325463,775936,+450473,+190633,KRX
20120813,-22700,5,-300,-1.30,3415389,6629,12524,+5895,--6979,290580,550420,+259840,--301332,KRX
20120810,+23000,2,+100,+0.44,3993418,6776,19650,+12874,--15980,295749,856921,+561172,--703716,KRX
20120809,+22900,2,+150,+0.66,8196833,23678,52532,+28854,+20977,1038622,2303510,+1264888,+918677,KRX
20120808,+22750,2,+750,+3.41,10972713,11419,19296,+7877,+6216,501753,847964,+346211,+271700,KRX
20120807,+22000,2,+250,+1.15,4757101,5547,7208,+1661,--12141,253239,327750,+74511,--558506,KRX
20120806,+21750,2,+800,+3.82,6733285,4493,18295,+13802,+18974,206233,839250,+633017,+879913,KRX
20120803,-20950,5,-600,-2.78,5525416,11541,6369,--5172,--34553,549680,302784,--246896,--1612944,KRX
20120802,+21550,2,+50,+0.23,4816006,7980,37361,+29381,+32258,371282,1737330,+1366048,+1499463,KRX
20120801,-21500,5,-200,-0.92,5633215,23271,20394,--2877,--15308,1070880,937465,--133415,--707439,KRX
20120731,+21700,2,+400,+1.88,7215276,14860,27291,+12431,+4491,687556,1261580,+574024,+207870,KRX
20120730,+21300,2,+150,+0.71,4916872,9195,17135,+7940,--6113,428420,794574,+366154,--304964,KRX
20120727,+21150,2,+750,+3.68,7453097,6696,20749,+14053,+30320,318472,989590,+671118,+1466078,KRX
20120726,20400,3,0,0.00,5976319,23479,7212,--16267,--2808,1147180,352220,--794960,--137893,KRX
20120725,-20400,5,-400,-1.92,6280081,29806,16347,--13459,--13159,1451157,794090,--657067,--642396,KRX
20120724,+20800,2,+450,+2.21,7328882,17798,17498,--300,+4687,854711,840040,--14671,+228857,KRX
20120723,-20350,5,-900,-4.24,6964724,11020,6033,--4987,+3089,538408,294880,--243528,+136333,KRX
20120720,+21250,2,+850,+4.17,7870436,15557,7481,--8076,--4557,733491,353630,--379861,--211805,KRX
20120719,+20400,2,+150,+0.74,7401854,18456,14937,--3519,--12271,897326,729270,--168056,--595656,KRX
20120718,-20250,5,-1050,-4.93,12954262,11099,19851,+8752,+25575,540210,967810,+427600,+1209949,KRX
20120717,-21300,5,-500,-2.29,9112719,33781,16958,--16823,--13088,1570949,788600,--782349,--617319,KRX
20120716,-21800,5,-600,-2.68,6340054,16473,12738,--3735,+2156,745010,579980,--165030,+97393,KRX
20120713,+22400,2,+150,+0.67,6627802,22137,16246,--5891,+5998,998610,736187,--262423,+270794,KRX
20120712,-22250,5,-700,-3.05,5450204,23581,11692,--11889,--8274,1052407,519190,--533217,--379096,KRX
20120711,-22950,5,-750,-3.16,5151231,10574,6959,--3615,--1562,455151,301030,--154121,--67281,KRX
20120710,23700,3,0,0.00,2647193,11657,9604,--2053,--540,491750,404910,--86840,--22949,KRX
20120709,-23700,5,-300,-1.25,3156411,10006,8493,--1513,+1220,421371,357480,--63891,+49429,KRX
20120706,+24000,2,+200,+0.84,4009123,11045,8312,--2733,+11243,458210,344890,--113320,+471990,KRX
20120705,-23800,5,-250,-1.04,2657599,20320,6344,--13976,--7898,851660,266350,--585310,--334020,KRX
20120704,-24050,5,-250,-1.03,3199905,11610,5532,--6078,--9793,478840,227550,--251290,--405114,KRX
20120703,+24300,2,+600,+2.53,3047839,4953,8668,+3715,+3137,204900,358724,+153824,+128844,KRX
20120702,-23700,5,-150,-0.63,3887302,15229,15807,+578,+5036,631800,656780,+24980,+216802,KRX
20120629,+23850,2,+550,+2.36,4697087,16649,12191,--4458,--2853,705330,513508,--191822,--121927,KRX
20120628,+23300,2,+500,+2.19,3483226,14996,13391,--1605,+5127,645916,576021,--69895,+224140,KRX
20120627,-22800,5,-300,-1.30,4778045,19342,12610,--6732,--9670,845800,551765,--294035,--419887,KRX
20120626,+23100,2,+50,+0.22,4631121,11488,14426,+2938,+7105,496138,621990,+125852,+292288,KRX
20120625,-23050,5,-1050,-4.36,9744824,18741,14574,--4167,+15149,789650,623214,--166436,+635264,KRX
20120622,-24100,5,-450,-1.83,4506535,28165,8849,--19316,--16419,1168680,366980,--801700,--684155,KRX
20120621,-24550,5,-250,-1.01,3751425,15880,12983,--2897,--31083,646714,529169,--117545,--1254623,KRX
20120620,+24800,2,+950,+3.98,9176434,16446,44632,+28186,+18465,668550,1805628,+1137078,+729488,KRX
20120619,+23850,2,+250,+1.06,3788167,10470,20191,+9721,+11286,438950,846540,+407590,+473114,KRX
20120618,+23600,2,+200,+0.85,5037166,21296,19731,--1565,+12790,893464,827940,--65524,+548827,KRX
20120615,-23400,5,-500,-2.09,16156049,34711,20356,--14355,--29371,1484100,869749,--614351,--1243388,KRX
20120614,+23900,2,+250,+1.06,5033207,24358,39374,+15016,+26047,1022758,1651795,+629037,+1096836,KRX
20120613,+23650,2,+100,+0.42,4669175,19489,8458,--11031,--9103,825392,357593,--467799,--384789,KRX
20120612,+23550,2,+500,+2.17,7930382,27155,25227,--1928,--19615,1166171,1083161,--83010,--859559,KRX
20120611,+23050,2,+1300,+5.98,6838614,8357,26044,+17687,+30491,364980,1141529,+776549,+1357275,KRX
20120608,-21750,5,-800,-3.55,5465246,21118,8314,--12804,--29693,960427,379701,--580726,--1327570,KRX
20120607,+22550,2,+900,+4.16,7121619,11226,28115,+16889,+20919,496506,1243350,+746844,+932610,KRX
20120605,+21650,2,+100,+0.46,5342939,21512,17482,--4030,--11219,991676,805910,--185766,--517087,KRX
20120604,-21550,5,-1200,-5.27,9463895,19021,26210,+7189,+18208,878270,1209591,+331321,+811255,KRX
20120601,-22750,5,-350,-1.52,3513845,18078,7059,--11019,--4307,787824,307890,--479934,--185566,KRX
20120531,-23100,5,-350,-1.49,4914910,27858,21146,--6712,+14135,1213088,918720,--294368,+593772,KRX
20120530,23450,3,0,0.00,5137111,27553,6706,--20847,--26523,1173850,285710,--888140,--1133264,KRX
20120529,+23450,2,+1450,+6.59,8661422,14141,19817,+5676,+31459,614966,860090,+245124,+1408405,KRX
20120525,-22000,5,-400,-1.79,7771291,37659,11876,--25783,--12371,1700911,537630,--1163281,--566112,KRX
20120524,22400,3,0,0.00,6445583,25647,12235,--13412,--181,1141719,544550,--597169,--17533,KRX
20120523,-22400,5,-1150,-4.88,9271264,28022,14791,--13231,+1913,1232696,653060,--579636,+60563,KRX
20120522,+23550,2,+150,+0.64,8273153,30726,15582,--15144,--4206,1299279,659080,--640199,--180717,KRX
20120521,-23400,5,-200,-0.85,6240734,19147,8209,--10938,+21969,806712,347230,--459482,+914707,KRX
20120518,-23600,5,-900,-3.67,6982606,45350,12443,--32907,--45583,1895979,521790,--1374189,--1917972,KRX
20120517,+24500,2,+1450,+6.29,12063990,29367,42043,+12676,+7637,1215577,1759360,+543783,+320171,KRX
20120516,-23050,5,-2250,-8.89,16239262,21175,26214,+5039,+7037,891057,1114669,+223612,+302445,KRX
20120515,-25300,5,-800,-3.07,7122988,18464,16466,--1998,--753,730413,651580,--78833,--30485,KRX
20120514,+26100,2,+700,+2.76,4883326,13409,12164,--1245,+10213,516158,467810,--48348,+393395,KRX
20120511,-25400,5,-1200,-4.51,6791152,21300,9842,--11458,--6664,825151,383408,--441743,--261350,KRX
20120510,+26600,2,+400,+1.53,4786754,17731,12937,--4794,--21277,666910,486517,--180393,--805562,KRX
20120509,-26200,5,-450,-1.69,6859416,18361,34844,+16483,+32524,698101,1323270,+625169,+1219913,KRX
20120508,-26650,5,-600,-2.20,6327999,31080,15039,--16041,--10274,1154913,560169,--594744,--384933,KRX
20120507,-27250,5,-900,-3.20,5466152,19008,13241,--5767,--12828,693301,483490,--209811,--473075,KRX
20120504,+28150,2,+900,+3.30,10901418,14608,21669,+7061,+8434,519848,783112,+263264,+312464,KRX
20120503,-27250,5,-100,-0.37,4021667,9574,8201,--1373,+24889,348310,299110,--49200,+909575,KRX
20120502,-27350,5,-700,-2.50,7203804,38603,12341,--26262,--16724,1407610,448835,--958775,--617772,KRX
20120430,28050,3,0,0.00,3759698,23186,13648,--9538,+419,826631,485628,--341003,+15211,KRX
20120427,+28050,2,+850,+3.13,4531018,19984,10027,--9957,--1923,714019,357805,--356214,--61857,KRX
20120426,+27200,2,+150,+0.55,4858423,21316,13282,--8034,+3757,780080,485723,--294357,+137573,KRX
20120425,-27050,5,-200,-0.73,4836561,24158,12367,--11791,+9771,885053,453123,--431930,+354692,KRX
20120424,-27250,5,-550,-1.98,4750282,31634,10072,--21562,--20288,1155122,368500,--786622,--741260,KRX
20120423,+27800,2,+150,+0.54,4549672,13038,11764,--1274,+27102,467430,422068,--45362,+971165,KRX
20120420,-27650,5,-1150,-3.99,5649678,36598,8222,--28376,--27585,1310922,294395,--1016527,--998083,KRX
20120419,+28800,2,+750,+2.67,6179883,18488,17697,--791,+23436,651710,633266,--18444,+838859,KRX
20120418,-28050,5,-250,-0.88,5482631,40440,16213,--24227,--3889,1429633,572330,--857303,--145259,KRX
20120417,-28300,5,-950,-3.25,4670489,32471,12133,--20338,--9039,1135644,423600,--712044,--322617,KRX
20120416,+29250,2,+250,+0.86,4160701,21247,9948,--11299,--18916,729100,339673,--389427,--656787,KRX
20120413,+29000,2,+1800,+6.62,6983362,19191,26808,+7617,+18163,671970,939330,+267360,+657356,KRX
20120412,-27200,5,-550,-1.98,5583246,29166,18620,--10546,--11829,1074405,684409,--389996,--435421,KRX
20120410,-27750,5,-300,-1.07,5098219,19504,20787,+1283,+12320,702265,747690,+45425,+433295,KRX
20120409,-28050,5,-1200,-4.10,5568643,22830,11793,--11037,+4139,803000,415130,--387870,+126367,KRX
20120406,-29250,5,-600,-2.01,3184217,21423,6247,--15176,--29104,725967,211730,--514237,--996257,KRX
20120405,+29850,2,+450,+1.53,8899496,7125,21053,+13928,+24402,246940,728960,+482020,+832829,KRX
20120404,-29400,5,-900,-2.97,4389836,29137,18663,--10474,--38272,980849,630040,--350809,--1276710,KRX
20120403,+30300,2,+950,+3.24,6693182,19013,46811,+27798,+24939,635544,1561445,+925901,+828811,KRX
20120402,+29350,2,+100,+0.34,4727837,11191,14050,+2859,+2396,381800,478890,+97090,+77721,KRX
20120330,-29250,5,-1250,-4.10,9809386,31876,32339,+463,+1291,1074360,1093729,+19369,+45659,KRX
20120329,-30500,5,-50,-0.16,5114998,28595,27767,--828,+3846,935400,909110,--26290,+127010,KRX
20120328,+30550,2,+100,+0.33,4918214,17745,13071,--4674,+4517,580220,426920,--153300,+150601,KRX
20120327,+30450,2,+150,+0.50,5718097,23126,13935,--9191,--9526,762231,458330,--303901,--315201,KRX
20120326,+30300,2,+150,+0.50,6658186,14584,14919,+335,+12512,480190,491490,+11300,+421114,KRX
20120323,+30150,2,+800,+2.73,6294185,26049,13872,--12177,--21369,876754,466940,--409814,--722614,KRX
20120322,+29350,2,+450,+1.56,4117144,14684,23876,+9192,+21282,500160,812960,+312800,+729820,KRX
20120321,-28900,5,-250,-0.86,2626551,26439,14349,--12090,--7020,911130,494110,--417020,--243080,KRX
20120320,-29150,5,-150,-0.51,3873987,17457,12387,--5070,--12957,596940,423000,--173940,--444904,KRX
20120319,+29300,2,+500,+1.74,4885898,10126,18013,+7887,+2249,349117,620081,+270964,+75967,KRX
20120316,-28800,5,-450,-1.54,3696225,10548,16186,+5638,--7518,365073,560070,+194997,--255915,KRX
20120315,-29250,5,-350,-1.18,4849707,10667,23823,+13156,+14261,365928,816840,+450912,+488501,KRX
20120314,+29600,2,+300,+1.02,4906654,24922,23817,--1105,--1253,836822,799233,--37589,--41081,KRX
20120313,-29300,5,-300,-1.01,5055287,23322,23470,+148,+4567,794432,797924,+3492,+151562,KRX
20120312,-29600,5,-200,-0.67,2568440,10657,6238,--4419,--4881,358450,210380,--148070,--163089,KRX
20120309,+29800,2,+50,+0.17,3565512,11246,11708,+462,--14692,375861,390880,+15019,--492266,KRX
20120308,+29750,2,+650,+2.23,4741781,23601,38755,+15154,+16391,796965,1304250,+507285,+549092,KRX
20120307,-29100,5,-300,-1.02,5359769,19743,18506,--1237,+21952,679597,637790,--41807,+745192,KRX
20120306,-29400,5,-650,-2.16,5967675,37970,14781,--23189,--15646,1287870,500871,--786999,--536825,KRX
20120305,-30050,5,-400,-1.31,3839128,21639,14096,--7543,--20852,717894,467720,--250174,--685944,KRX
20120302,+30450,2,+250,+0.83,7961280,27771,41080,+13309,+7646,923892,1359662,+435770,+251435,KRX
20120229,+30200,2,+350,+1.17,9345314,33247,38910,+5663,--27547,1097673,1282008,+184335,--929175,KRX
20120228,+29850,2,+1900,+6.80,20808560,24318,57528,+33210,+29592,813670,1927180,+1113510,+984682,KRX
20120227,-27950,5,-900,-3.12,5153509,12917,16535,+3618,--25457,458122,586950,+128828,--888840,KRX
20120224,28850,3,0,0.00,7997699,24263,53338,+29075,+6736,850922,1868590,+1017668,+245071,KRX
20120223,-28850,5,-150,-0.52,5192308,14704,37043,+22339,+11751,508963,1281560,+772597,+403563,KRX
20120222,+29000,2,+700,+2.47,4712997,14293,24881,+10588,--4085,498157,867191,+369034,--145162,KRX
20120221,28300,3,0,0.00,5840835,7718,22391,+14673,+16191,271404,785600,+514196,+567658,KRX
20120220,-28300,5,-550,-1.91,5753690,19845,18327,--1518,+6134,695362,641900,--53462,+208734,KRX
20120217,+28850,2,+150,+0.52,8465777,20663,13011,--7652,+33172,710266,448070,--262196,+1150350,KRX
20120216,-28700,5,-300,-1.03,9961359,51414,10590,--40824,--54948,1779198,366652,--1412546,--1897345,KRX
20120215,+29000,2,+1450,+5.26,20697390,28824,42948,+14124,+879,993041,1477840,+484799,+3927,KRX
20120214,+27550,2,+700,+2.61,6615913,19636,32881,+13245,+16775,721020,1201892,+480872,+612784,KRX
20120213,-26850,5,-150,-0.56,4941208,13393,9863,--3530,+2475,496952,365040,--131912,+91571,KRX
20120210,-27000,5,-50,-0.18,5751848,22814,16809,--6005,--7573,843683,620200,--223483,--277703,KRX
20120209,+27050,2,+550,+2.08,7705120,19207,20775,+1568,--17128,717595,771815,+54220,--662071,KRX
20120208,+26500,2,+1100,+4.33,8751100,10607,29303,+18696,+26196,406094,1122385,+716291,+1008021,KRX
20120207,-25400,5,-700,-2.68,9405339,34956,27456,--7500,--11284,1367930,1076200,--291730,--436018,KRX
20120206,-26100,5,-200,-0.76,7061764,24490,28274,+3784,+37243,935662,1079950,+144288,+1411469,KRX
20120203,-26300,5,-1000,-3.66,11299302,46785,13326,--33459,--40066,1770661,503480,--1267181,--1505015,KRX
20120202,+27300,2,+100,+0.37,15281596,22022,28629,+6607,--312,812060,1049894,+237834,--15946,KRX
20120201,+27200,2,+350,+1.30,5595741,15687,22606,+6919,+3711,581648,835428,+253780,+134517,KRX
20120131,+26850,2,+600,+2.29,6048223,25572,28780,+3208,--18683,955097,1074360,+119263,--709475,KRX
20120130,+26250,2,+250,+0.96,7982762,11167,33058,+21891,+12269,424832,1253570,+828738,+461623,KRX
20120127,-26000,5,-1050,-3.88,12062057,11062,20684,+9622,+6979,421985,789100,+367115,+269060,KRX
20120126,-27050,5,-400,-1.46,9028099,13156,15799,+2643,--1864,488757,586812,+98055,--65629,KRX
20120125,+27450,2,+500,+1.86,8693588,20035,24542,+4507,--10069,728806,892490,+163684,--378538,KRX
20120120,+26950,2,+650,+2.47,8726770,16910,31486,+14576,--7364,634288,1176510,+542222,--295652,KRX
20120119,+26300,2,+1050,+4.16,8987450,11389,33329,+21940,+24227,434627,1272501,+837874,+926534,KRX
20120118,-25250,5,-300,-1.17,4764455,13320,11033,--2287,--453,524320,435660,--88660,--14419,KRX
20120117,+25550,2,+150,+0.59,5982819,19533,17699,--1834,+3902,767951,693710,--74241,+154399,KRX
20120116,+25400,2,+250,+0.99,6341825,14435,8699,--5736,--14454,572780,344140,--228640,--578926,KRX
20120113,+25150,2,+1000,+4.14,7993006,9026,17744,+8718,+4895,362184,712470,+350286,+192346,KRX
20120112,-24150,5,-100,-0.41,3566256,5767,9590,+3823,+20484,239770,397710,+157940,+839490,KRX
20120111,-24250,5,-100,-0.41,4747105,26487,9826,--16661,--23005,1083750,402200,--681550,--943773,KRX
20120110,+24350,2,+500,+2.10,4596542,11566,17910,+6344,+14788,478517,740740,+262223,+609173,KRX
20120109,-23850,5,-550,-2.25,5191657,19706,11262,--8444,--1926,814460,467510,--346950,--78274,KRX
20120106,+24400,2,+400,+1.67,7633067,15209,8691,--6518,--767,625360,356684,--268676,--30209,KRX
20120105,+24000,2,+150,+0.63,5948158,18104,12353,--5751,--19055,750467,512000,--238467,--791529,KRX
20120104,+23850,2,+200,+0.85,9643808,7731,21035,+13304,--9267,322973,876035,+553062,--401813,KRX
20120103,+23650,2,+200,+0.85,7239708,8616,31187,+22571,+25197,364285,1319160,+954875,+1069025,KRX
20120102,+23450,2,+1500,+6.83,12170153,14086,11460,--2626,--2033,608260,494110,--114150,--86756,KRX
20111229,+21950,2,+800,+3.78,5006606,10721,10128,--593,--612,491940,464546,--27394,--27908,KRX
20111228,+21150,2,+50,+0.24,2688208,11514,11533,+19,+3686,544536,545050,+514,+173713,KRX
20111227,-21100,5,-500,-2.31,3986592,14158,10491,--3667,--3401,661719,488520,--173199,--160707,KRX
20111226,-21600,5,-100,-0.46,2297003,2774,2508,--266,--16948,128682,116190,--12492,--775765,KRX
20111223,+21700,2,+550,+2.60,6167013,2765,19447,+16682,+21508,126797,890070,+763273,+994743,KRX
20111222,-21150,5,-200,-0.94,5151591,10907,6081,--4826,--10990,520650,289180,--231470,--520373,KRX
20111221,+21350,2,+600,+2.89,5626938,6873,13037,+6164,+6857,322167,611070,+288903,+323218,KRX
20111220,-20750,5,-100,-0.48,5391267,9715,9022,--693,+5684,468775,434460,--34315,+261832,KRX
20111219,-20850,5,-1300,-5.87,9392801,18929,12552,--6377,+5156,895561,599414,--296147,+221288,KRX
20111216,-22150,5,-600,-2.64,6809614,17074,5541,--11533,--12770,767006,249571,--517435,--570465,KRX
20111215,-22750,5,-100,-0.44,6873946,14292,15529,+1237,--724,626820,679850,+53030,--32462,KRX
20111214,+22850,2,+200,+0.88,6515855,15693,17654,+1961,+11208,688478,773970,+85492,+503161,KRX
20111213,+22650,2,+400,+1.80,9293904,18567,9320,--9247,--4796,834029,416360,--417669,--213524,KRX
20111212,+22250,2,+850,+3.97,6319715,19483,15032,--4451,+3220,887385,683240,--204145,+154253,KRX
20111209,-21400,5,-650,-2.95,6988929,16822,9151,--7671,--17000,783948,425550,--358398,--780938,KRX
20111208,-22050,5,-350,-1.56,6537903,15874,25203,+9329,+7494,719430,1141970,+422540,+340670,KRX
20111207,-22400,5,-350,-1.54,8899221,23934,25769,+1835,+90,1065510,1147380,+81870,+5897,KRX
20111206,-22750,5,-500,-2.15,3593535,10407,12152,+1745,+1073,455927,531900,+75973,+48003,KRX
20111205,+23250,2,+150,+0.65,4785846,10723,11395,+672,+17122,466190,494160,+27970,+748148,KRX
20111202,-23100,5,-350,-1.49,6314973,37532,21082,--16450,--38907,1629578,909400,--720178,--1669983,KRX
20111201,+23450,2,+500,+2.18,9146677,13542,35999,+22457,+10497,573345,1523150,+949805,+432974,KRX
20111130,-22950,5,-450,-1.92,5239801,13718,25678,+11960,--2314,596659,1113490,+516831,--97259,KRX
20111129,+23400,2,+100,+0.43,10290437,19781,34055,+14274,--3927,849270,1463360,+614090,--180840,KRX
20111128,+23300,2,+1550,+7.13,9848049,10736,28937,+18201,+19582,466880,1261810,+794930,+858975,KRX
20111125,-21750,5,-400,-1.81,4433721,8862,7481,--1381,--14773,405270,341225,--64045,--673881,KRX
20111124,+22150,2,+300,+1.37,6265997,7052,20444,+13392,+31891,320360,930196,+609836,+1439276,KRX
20111123,-21850,5,-1400,-6.02,10010655,24910,6411,--18499,--12924,1117920,288480,--829440,--587254,KRX
20111122,+23250,2,+350,+1.53,5995517,12174,6599,--5575,+7565,528096,285910,--242186,+331504,KRX
20111121,-22900,5,-400,-1.72,5390048,17484,4344,--13140,--5810,763200,189510,--573690,--254270,KRX
20111118,+23300,2,+100,+0.43,7377636,20814,13484,--7330,+5197,902930,583510,--319420,+227343,KRX
20111117,+23200,2,+850,+3.80,13550780,32852,20325,--12527,--23042,1427586,880823,--546763,--1012193,KRX
20111116,+22350,2,+300,+1.36,9867606,12518,23033,+10515,+12960,559360,1024790,+465430,+574596,KRX
20111115,-22050,5,-250,-1.12,7045165,11690,9245,--2445,--5674,523993,414827,--109166,--251291,KRX
20111114,+22300,2,+750,+3.48,10805252,10435,13664,+3229,+14224,466425,608550,+142125,+641364,KRX
20111111,+21550,2,+50,+0.23,14421635,23264,12269,--10995,+3129,1059330,560091,--499239,+147812,KRX
20111110,-21500,5,-550,-2.49,23467154,51349,37225,--14124,--27458,2403351,1756300,--647051,--1248477,KRX
20111109,-22050,5,-950,-4.13,22772116,21361,34695,+13334,+12745,965160,1566586,+601426,+575730,KRX
20111108,-23000,5,-1100,-4.56,12005275,11272,11861,+589,+13693,482524,508220,+25696,+562925,KRX
20111107,-24100,5,-750,-3.02,8088193,20500,7396,--13104,--46771,839679,302450,--537229,--1902989,KRX
20111104,+24850,2,+1550,+6.65,9642217,6580,40247,+33667,+42298,268180,1633940,+1365760,+1728636,KRX
20111103,-23300,5,-700,-2.92,5682575,19790,11159,--8631,--13214,835076,472200,--362876,--555846,KRX
20111102,+24000,2,+100,+0.42,8021546,18598,23181,+4583,--1314,777910,970880,+192970,--57877,KRX
20111101,+23900,2,+1050,+4.60,10593299,15399,21296,+5897,--3071,650753,901600,+250847,--137139,KRX
20111031,-22850,5,-50,-0.22,5395050,11046,20014,+8968,+3702,480604,868590,+387986,+168174,KRX
20111028,-22900,5,-900,-3.78,11200673,25012,30278,+5266,+1518,1071578,1291390,+219812,+62560,KRX
20111027,-23800,5,-350,-1.45,9196704,20158,23906,+3748,--1541,847841,1005093,+157252,--65857,KRX
20111026,+24150,2,+500,+2.11,5774628,8117,13406,+5289,+5560,339751,562860,+223109,+233378,KRX
20111025,-23650,5,-250,-1.05,5652614,18980,18709,--271,--28842,796019,785750,--10269,--1206804,KRX
20111024,+23900,2,+700,+3.02,12451097,9253,37824,+28571,+928,387647,1584182,+1196535,--15678,KRX
20111021,+23200,2,+2150,+10.21,17938542,11174,38817,+27643,+10614,495430,1707643,+1212213,+437021,KRX
20111020,-21050,5,-700,-3.22,10252965,9566,26595,+17029,+1901,439507,1214699,+775192,+72732,KRX
20111019,-21750,5,-50,-0.23,7150548,4649,19777,+15128,+14153,214995,917455,+702460,+657299,KRX
20111018,-21800,5,-150,-0.68,4354331,11926,12901,+975,--5078,550778,595939,+45161,--229198,KRX
20111017,21950,3,0,0.00,5211940,7231,13284,+6053,+52,328344,602703,+274359,+1069,KRX
20111014,+21950,2,+100,+0.46,4605910,8374,14375,+6001,+6169,382270,655560,+273290,+280937,KRX
20111013,-21850,5,-700,-3.10,9543524,18397,18229,--168,--2043,833790,826143,--7647,--91584,KRX
20111012,+22550,2,+300,+1.35,5880365,12830,14705,+1875,+1470,575123,659060,+83937,+65347,KRX
20111011,+22250,2,+300,+1.37,8212865,25392,25797,+405,--3287,1132730,1151320,+18590,--149998,KRX
20111010,+21950,2,+450,+2.09,7029961,12809,16501,+3692,--4963,586092,754680,+168588,--229790,KRX
20111007,+21500,2,+300,+1.42,9115213,11002,19657,+8655,--29403,508620,906998,+398378,--1384552,KRX
20111006,+21200,2,+1200,+6.00,14245183,12533,50591,+38058,+20028,583040,2365970,+1782930,+904220,KRX
20111005,-20000,5,-700,-3.38,11287269,11781,29811,+18030,+25881,571020,1449730,+878710,+1268789,KRX
20111004,-20700,5,-650,-3.04,10959265,28053,20202,--7851,--4882,1391770,1001691,--390079,--250669,KRX
20110930,-21350,5,-500,-2.29,9401314,27373,24404,--2969,--8695,1278020,1138610,--139410,--411441,KRX
20110929,+21850,2,+1300,+6.33,9542657,13125,18851,+5726,+7279,615500,887531,+272031,+343332,KRX
20110928,-20550,5,-700,-3.29,8811547,23768,22215,--1553,--8777,1132544,1061243,--71301,--416322,KRX
20110927,+21250,2,+1300,+6.52,9665974,10252,17476,+7224,--8541,489429,834450,+345021,--430050,KRX
20110926,-19950,5,-300,-1.48,14403585,9193,24958,+15765,+22475,450060,1225131,+775071,+1098814,KRX
20110923,-20250,5,-1300,-6.03,13178942,25186,18476,--6710,--8004,1214283,890540,--323743,--383896,KRX
20110922,-21550,5,-50,-0.23,9640910,15414,16708,+1294,--494,721397,781550,+60153,--20803,KRX
20110921,-21600,5,-50,-0.23,9936965,16295,18083,+1788,--11238,741624,822580,+80956,--530538,KRX
20110920,+21650,2,+650,+3.10,14858543,11123,24149,+13026,+16382,526510,1138004,+611494,+763786,KRX
20110919,-21000,5,-900,-4.11,11980863,12878,9522,--3356,--30363,599998,447706,--152292,--1424274,KRX
20110916,+21900,2,+800,+3.79,20343850,13736,40743,+27007,+21228,643450,1915432,+1271982,+996452,KRX
20110915,+21100,2,+1250,+6.30,20491884,19126,24905,+5779,+8011,914460,1189990,+275530,+377465,KRX
20110914,-19850,5,-50,-0.25,18966529,18891,16659,--2232,+1230,921640,819705,--101935,+74776,KRX
20110909,+19900,2,+600,+3.11,29359964,15920,12458,--3462,+1978,791041,614330,--176711,+103387,KRX
20110908,-19300,5,-200,-1.03,17096701,24741,19301,--5440,--1450,1275180,995082,--280098,--77458,KRX
20110907,+19500,2,+2500,+14.71,15678828,17843,13853,--3990,--12933,959760,757120,--202640,--726795,KRX
20110906,-17000,5,-550,-3.13,11397318,12567,21510,+8943,+19103,738615,1262770,+524155,+1087263,KRX
20110905,-17550,5,-1550,-8.12,9483784,15661,5501,--10160,--1849,867538,304430,--563108,--130032,KRX
20110902,-19100,5,-100,-0.52,8025667,13768,5457,--8311,--12112,717994,284918,--433076,--615841,KRX
20110901,+19200,2,+100,+0.52,16845832,17542,21343,+3801,+2592,898811,1081576,+182765,+125248,KRX
20110831,+19100,2,+100,+0.53,13460683,15991,17200,+1209,+28489,857547,915064,+57517,+1472507,KRX
20110830,-19000,5,-450,-2.31,16532870,33421,6141,--27280,--19911,1733715,318725,--1414990,--1025206,KRX
20110829,+19450,2,+1500,+8.36,17545626,19022,11653,--7369,+2808,999184,609400,--389784,+183793,KRX
20110826,+17950,2,+650,+3.76,14558460,16651,6474,--10177,--6618,940705,367128,--573577,--368300,KRX
20110825,+17300,2,+1050,+6.46,20187641,18782,15223,--3559,+19064,1088260,882983,--205277,+1148276,KRX
20110824,-16250,5,-800,-4.69,21395980,34613,11990,--22623,--19623,2085820,732267,--1353553,--1158227,KRX
20110823,+17050,2,+1300,+8.25,21553936,41458,38458,--3000,--9356,2495208,2299882,--195326,--595496,KRX
20110822,+15750,2,+150,+0.96,18277535,12494,18850,+6356,--18289,783930,1184100,+400170,--1142590,KRX
20110819,-15600,5,-1600,-9.30,23890629,14502,39147,+24645,+30466,903705,2446465,+1542760,+1840182,KRX
20110818,-17200,5,-2400,-12.24,35616692,24303,18482,--5821,+22759,1342205,1044783,--297422,+1141241,KRX
20110817,-19600,5,-900,-4.39,13712538,40821,12241,--28580,--40264,2053380,614717,--1438663,--2007987,KRX
20110816,+20500,2,+750,+3.80,8624717,16502,28186,+11684,+22997,806280,1375604,+569324,+1094928,KRX
20110812,-19750,5,-2100,-9.61,26788209,35773,24460,--11313,--12335,1725370,1199766,--525604,--582084,KRX
20110811,+21850,2,+850,+4.05,13323654,25947,26969,+1022,+25550,1223900,1280380,+56480,+1214260,KRX
20110810,+21000,2,+800,+3.96,15212209,53223,28695,--24528,--19372,2513661,1355881,--1157780,--907306,KRX
20110809,-20200,5,-1650,-7.55,23001206,44368,39212,--5156,--4800,2186501,1936027,--250474,--241138,KRX
20110808,-21850,5,-1700,-7.22,17609715,37119,36763,--356,--12335,1666150,1656814,--9336,--529272,KRX
20110805,-23550,5,-550,-2.28,12438185,32685,44664,+11979,+5614,1404255,1924191,+519936,+263514,KRX
20110804,-24100,5,-200,-0.82,11149944,13944,20309,+6365,+37148,563480,819902,+256422,+1506998,KRX
20110803,-24300,5,-1150,-4.52,10595808,44710,13927,--30783,+4465,1816710,566134,--1250576,+140655,KRX
20110802,-25450,5,-100,-0.39,11462084,42281,7033,--35248,--42493,1668923,277692,--1391231,--1681492,KRX
20110801,+25550,2,+1300,+5.36,10275261,11429,18674,+7245,--559,454379,744640,+290261,--27385,KRX
20110729,+24250,2,+700,+2.97,15569978,15914,23718,+7804,+6634,653504,971150,+317646,+268161,KRX
20110728,-23550,5,-250,-1.05,5742429,7691,8861,+1170,+9438,328421,377906,+49485,+394901,KRX
20110727,-23800,5,-700,-2.86,7997090,14702,6434,--8268,--8457,614540,269124,--345416,--353852,KRX
20110726,+24500,2,+600,+2.51,7505839,18931,19120,+189,--1365,783911,792347,+8436,--55644,KRX
20110725,+23900,2,+150,+0.63,6812398,9675,11229,+1554,+5030,403080,467160,+64080,+210766,KRX
20110722,+23750,2,+100,+0.42,7369926,14620,11144,--3476,+6309,615542,468856,--146686,+256859,KRX
20110721,-23650,5,-550,-2.27,9223301,19402,9617,--9785,+21015,807160,403615,--403545,+868302,KRX
20110720,+24200,2,+850,+3.64,10030134,43990,13190,--30800,--27191,1817354,545507,--1271847,--1117480,KRX
20110719,+23350,2,+400,+1.74,10298790,17425,13816,--3609,+4842,744827,590460,--154367,+207434,KRX
20110718,-22950,5,-1050,-4.38,11775269,22422,13971,--8451,--18557,966080,604279,--361801,--783006,KRX
20110715,+24000,2,+300,+1.27,9378791,7112,17218,+10106,+31923,296988,718193,+421205,+1326198,KRX
20110714,-23700,5,-600,-2.47,14730395,38166,16349,--21817,--2421,1589112,684119,--904993,--115573,KRX
20110713,-24300,5,-1050,-4.14,17203663,30827,11431,--19396,--14372,1257710,468290,--789420,--591976,KRX
20110712,-25350,5,-1100,-4.16,8802917,16616,11592,--5024,--18450,650710,453266,--197444,--701672,KRX
20110711,-26450,5,-150,-0.56,4936683,7574,21000,+13426,+12243,285290,789518,+504228,+463656,KRX
20110708,+26600,2,+200,+0.76,10495898,22806,23989,+1183,--18814,852281,892853,+40572,--711387,KRX
20110707,-26400,5,-100,-0.38,8763541,5797,25794,+19997,+23109,218114,970073,+751959,+869612,KRX
20110706,-26500,5,-1500,-5.36,18889817,26958,23846,--3112,--6043,1014700,897047,--117653,--221614,KRX
20110705,+28000,2,+1050,+3.90,12594246,20915,23846,+2931,+8878,752899,856860,+103961,+323850,KRX
20110704,+26950,2,+250,+0.94,13215741,30972,25025,--5947,--25377,1136110,916221,--219889,--961133,KRX
20110701,+26700,2,+1650,+6.59,13345738,13385,32815,+19430,+3596,505735,1246979,+741244,+113007,KRX
20110630,-25050,5,-500,-1.96,8432185,10122,25956,+15834,+1220,402313,1030550,+628237,+51782,KRX
20110629,25550,3,0,0.00,12290225,13583,28197,+14614,+9482,535570,1112025,+576455,+376261,KRX
20110628,-25550,5,-1150,-4.31,13451515,13766,18898,+5132,+34866,529706,729900,+200194,+1308107,KRX
20110627,-26700,5,-1200,-4.30,9559487,42425,12691,--29734,--49230,1582247,474334,--1107913,--1821533,KRX
20110624,+27900,2,+1550,+5.88,9898892,14191,33687,+19496,+6137,514600,1228220,+713620,+211630,KRX
20110623,+26350,2,+250,+0.96,4236692,8213,21572,+13359,+10069,310187,812177,+501990,+376988,KRX
20110622,+26100,2,+200,+0.77,8915253,14838,18128,+3290,--91,555788,680790,+125002,--9447,KRX
20110621,+25900,2,+700,+2.78,8505024,13460,16841,+3381,--12523,528411,662860,+134449,--499222,KRX
20110620,+25200,2,+550,+2.23,8219371,9780,25684,+15904,--5697,387690,1021361,+633671,--244033,KRX
20110617,-24650,5,-1600,-6.10,20477438,15382,36983,+21601,+18453,620256,1497960,+877704,+758954,KRX
20110616,-26250,5,-700,-2.60,4599234,9898,13046,+3148,--8009,374040,492790,+118750,--291327,KRX
20110615,+26950,2,+300,+1.13,6872322,10900,22057,+11157,+689,401413,811490,+410077,+17192,KRX
20110614,+26650,2,+300,+1.14,6514032,7390,17858,+10468,--11885,277760,670645,+392885,--451043,KRX
20110613,-26350,5,-350,-1.31,8790991,9042,31395,+22353,+49320,340942,1184870,+843928,+1835876,KRX
20110610,-26700,5,-2000,-6.97,24177110,43628,16661,--26967,--26129,1606501,614553,--991948,--962825,KRX
20110609,-28700,5,-200,-0.69,9415804,27948,27110,--838,--36986,975125,946002,--29123,--1274200,KRX
20110608,+28900,2,+300,+1.05,12557220,39714,75862,+36148,+8293,1370813,2615890,+1245077,+265407,KRX
20110607,+28600,2,+950,+3.44,9191909,12578,40433,+27855,+3983,446590,1426260,+979670,+112861,KRX
20110603,+27650,2,+100,+0.36,9838831,9919,33791,+23872,--9535,359201,1226010,+866809,--340697,KRX
20110602,-27550,5,-850,-2.99,18003988,24219,57626,+33407,+78001,874644,2082150,+1207506,+2764422,KRX
20110601,-28400,5,-1700,-5.65,22119286,72587,27993,--44594,--64637,2527056,970140,--1556916,--2229726,KRX
20110531,+30100,2,+600,+2.03,11913318,28568,48611,+20043,+35841,959790,1632600,+672810,+1197667,KRX
20110530,-29500,5,-1800,-5.75,15176513,32031,16233,--15798,--11499,1069797,544940,--524857,--386331,KRX
20110527,+31300,2,+200,+0.64,4797661,15523,11224,--4299,--11670,497436,358910,--138526,--376778,KRX
20110526,+31100,2,+1100,+3.67,5070024,13340,20711,+7371,+3244,432808,671060,+238252,+95534,KRX
20110525,-30000,5,-1250,-4.00,7212000,19389,23516,+4127,--20529,629540,772258,+142718,--650572,KRX
20110524,+31250,2,+400,+1.30,5647670,12416,37072,+24656,+34601,398810,1192100,+793290,+1110784,KRX
20110523,-30850,5,-1350,-4.19,6564960,25415,15470,--9945,--27670,809790,492296,--317494,--870218,KRX
20110520,+32200,2,+650,+2.06,5057674,10999,28724,+17725,+39600,342516,895240,+552724,+1226976,KRX
20110519,-31550,5,-1250,-3.81,8302142,37669,15794,--21875,--33892,1164842,490590,--674252,--1039929,KRX
20110518,-32800,5,-300,-0.91,9103458,14642,26659,+12017,--23595,446673,812350,+365677,--693703,KRX
20110517,-33100,5,-1300,-3.78,8007576,20147,55759,+35612,+47969,602080,1661460,+1059380,+1417360,KRX
20110516,-34400,5,-100,-0.29,5275126,41488,29131,--12357,--7538,1202030,844050,--357980,--217820,KRX
20110513,+34500,2,+750,+2.22,6713597,29317,24498,--4819,+4209,847750,707590,--140160,+127030,KRX
20110512,+33750,2,+50,+0.15,6600699,36515,27487,--9028,--2310,1076590,809400,--267190,--68320,KRX
20110511,+33700,2,+400,+1.20,6207767,31715,24997,--6718,--4715,937470,738600,--198870,--137833,KRX
20110509,+33300,2,+800,+2.46,5968611,23195,21192,--2003,--30216,699012,637975,--61037,--928759,KRX
20110506,+32500,2,+50,+0.15,7867052,21660,49873,+28213,+32806,665308,1533030,+867722,+1005452,KRX
20110504,-32450,5,-2000,-5.81,13763373,39946,35353,--4593,+3230,1206460,1068730,--137730,+92920,KRX
20110503,-34450,5,-150,-0.43,7224077,24402,16579,--7823,--20039,717290,486640,--230650,--586129,KRX
20110502,+34600,2,+800,+2.37,5524897,14814,27030,+12216,+18556,431411,786890,+355479,+543980,KRX
20110429,-33800,5,-550,-1.60,11392768,29985,23645,--6340,--31556,893390,704889,--188501,--912252,KRX
20110428,+34350,2,+450,+1.33,10388984,25671,50887,+25216,--8600,742209,1465960,+723751,--266229,KRX
20110427,-33900,5,-850,-2.45,18014715,28327,62143,+33816,+22955,831700,1821680,+989980,+672835,KRX
20110426,-34750,5,-1700,-4.66,19001814,24631,35492,+10861,+24246,687227,1004372,+317145,+683732,KRX
20110425,-36450,5,-150,-0.41,5529488,19819,6434,--13385,+1412,542777,176190,--366587,+35107,KRX
20110422,-36600,5,-400,-1.08,10270340,39658,24861,--14797,--41685,1080004,678310,--401694,--1133725,KRX
20110421,+37000,2,+2700,+7.87,19357750,39459,66347,+26888,+8534,1089019,1821050,+732031,+195454,KRX
20110420,+34300,2,+1500,+4.57,8432079,19360,37714,+18354,+21375,567428,1104005,+536577,+626392,KRX
20110419,-32800,5,-1000,-2.96,8866655,25064,22043,--3021,+9030,757165,667350,--89815,+265546,KRX
20110418,-33800,5,-350,-1.02,7218572,30478,18427,--12051,--3607,897243,541882,--355361,--105336,KRX
20110415,+34150,2,+400,+1.19,7233661,27942,19498,--8444,--22763,824172,574147,--250025,--674358,KRX
20110414,+33750,2,+1400,+4.33,12934539,43294,57613,+14319,+14341,1294650,1718983,+424333,+427748,KRX
20110413,+32350,2,+650,+2.05,6193410,18749,18727,--22,+6093,585924,582509,--3415,+186838,KRX
20110412,-31700,5,-100,-0.31,6421672,20262,14147,--6115,--8616,631263,441010,--190253,--267693,KRX
20110411,+31800,2,+500,+1.60,6076949,18244,20745,+2501,--185,572520,649960,+77440,--7531,KRX
20110408,-31300,5,-700,-2.19,10084204,18667,21353,+2686,+1141,594419,679390,+84971,+34972,KRX
20110407,-32000,5,-500,-1.54,7097712,17406,18951,+1545,+2287,540353,590352,+49999,+73337,KRX
20110406,+32500,2,+50,+0.15,8509539,23159,22417,--742,--14757,709933,686595,--23338,--454983,KRX
20110405,+32450,2,+650,+2.04,8775396,14019,28034,+14015,+23105,431315,862960,+431645,+724892,KRX
20110404,+31800,2,+200,+0.63,12046547,28601,19511,--9090,--21796,916830,623583,--293247,--699747,KRX
20110401,+31600,2,+300,+0.96,6802701,15504,28210,+12706,--5165,493899,900399,+406500,--164106,KRX
20110331,-31300,5,-250,-0.79,7670699,21566,39437,+17871,--3778,689052,1259658,+570606,--110600,KRX
20110330,+31550,2,+550,+1.77,11906300,16601,38250,+21649,+7449,524284,1205490,+681206,+225041,KRX
20110329,+31000,2,+100,+0.32,8533855,13546,27746,+14200,+15151,437985,894150,+456165,+488704,KRX
20110328,+30900,2,+1000,+3.34,14875481,16067,15116,--951,--3924,525409,492870,--32539,--131417,KRX
20110325,+29900,2,+800,+2.75,12041899,20308,23281,+2973,+12593,680882,779760,+98878,+427213,KRX
20110324,+29100,2,+50,+0.17,9140284,18659,9039,--9620,--17080,637055,308720,--328335,--589359,KRX
20110323,+29050,2,+1200,+4.31,11112405,15519,22979,+7460,+6668,545893,806917,+261024,+229986,KRX
20110322,-27850,5,-650,-2.28,11574524,14750,15542,+792,--5784,522167,553205,+31038,--200456,KRX
20110321,-28500,5,-50,-0.18,11015422,9166,15742,+6576,+17126,323710,555204,+231494,+599032,KRX
20110318,-28550,5,-400,-1.38,8317816,20656,10106,--10550,--7145,719248,351710,--367538,--248168,KRX
20110317,-28950,5,-250,-0.86,10815775,14221,10816,--3405,--17647,497410,378040,--119370,--606019,KRX
20110316,+29200,2,+500,+1.74,10333677,12160,26402,+14242,+45398,416924,903573,+486649,+1579854,KRX
20110315,-28700,5,-1400,-4.65,22932891,60433,29277,--31156,--37251,2105195,1011990,--1093205,--1302046,KRX
20110314,+30100,2,+2400,+8.66,22881687,20046,26141,+6095,+7918,687099,895940,+208841,+274585,KRX
20110311,27700,3,0,0.00,5850959,13067,11244,--1823,+17682,472030,406286,--65744,+637294,KRX
20110310,-27700,5,-700,-2.46,9118115,40471,20966,--19505,--28426,1459368,756330,--703038,--1016354,KRX
20110309,-28400,5,-250,-0.87,5641431,12522,21443,+8921,+5853,439558,752874,+313316,+203500,KRX
20110308,-28650,5,-250,-0.87,8140323,14384,17452,+3068,+11148,505320,615136,+109816,+388939,KRX
20110307,-28900,5,-300,-1.03,4206440,11514,3434,--8080,--9307,397713,118590,--279123,--321167,KRX
20110304,+29200,2,+750,+2.64,6744388,11498,12725,+1227,+1336,393480,435524,+42044,+46668,KRX
20110303,+28450,2,+900,+3.27,4337686,8674,8565,--109,+5426,306974,302350,--4624,+193966,KRX
20110302,-27550,5,-800,-2.82,4652449,14982,9447,--5535,+2240,539241,340651,--198590,+76327,KRX
20110228,+28350,2,+350,+1.25,5304614,21368,13593,--7775,--33378,756147,481230,--274917,--1201750,KRX
20110225,+28000,2,+1100,+4.09,7918505,15441,41044,+25603,+16015,554884,1481717,+926833,+571130,KRX
20110224,-26900,5,-700,-2.54,10782089,11539,21127,+9588,+17890,428517,784220,+355703,+656636,KRX
20110223,-27600,5,-1200,-4.17,11843278,32603,24301,--8302,--7222,1170324,869391,--300933,--263716,KRX
20110222,28800,3,0,0.00,5917754,16950,15870,--1080,+4390,591274,554057,--37217,+150623,KRX
20110221,-28800,5,-600,-2.04,5147091,15324,9854,--5470,--8242,527810,339970,--187840,--282385,KRX
20110218,+29400,2,+300,+1.03,4481286,13965,16737,+2772,--6428,476155,570700,+94545,--220338,KRX
20110217,-29100,5,-100,-0.34,5876031,14891,24091,+9200,--22738,511317,826200,+314883,--761120,KRX
20110216,-29200,5,-550,-1.85,4811721,12188,44126,+31938,+46606,411870,1487873,+1076003,+1572612,KRX
20110215,+29750,2,+50,+0.17,4609849,18938,4270,--14668,--12655,640748,144139,--496609,--428652,KRX
20110214,+29700,2,+900,+3.13,5954589,11770,9757,--2013,--5376,399215,331258,--67957,--181744,KRX
20110211,28800,3,0,0.00,8298076,20704,24067,+3363,+25582,711326,825113,+113787,+878051,KRX
20110210,-28800,5,-750,-2.54,8468961,39229,17010,--22219,--15078,1346727,582463,--764264,--526548,KRX
20110209,-29550,5,-600,-1.99,6956946,22329,15188,--7141,--21209,749060,511344,--237716,--711664,KRX
20110208,+30150,2,+450,+1.52,9801975,27524,41592,+14068,+23250,926751,1400699,+473948,+783812,KRX
20110207,+29700,2,+50,+0.17,9679798,23812,14630,--9182,+10916,792538,482674,--309864,+368599,KRX
20110201,29650,3,0,0.00,9606594,32100,12002,--20098,--30805,1080683,402220,--678463,--1038100,KRX
20110131,+29650,2,+150,+0.51,12114107,20510,31217,+10707,--28675,688473,1048110,+359637,--988233,KRX
20110128,+29500,2,+1500,+5.36,19314590,25232,64614,+39382,+48940,863320,2211190,+1347870,+1686320,KRX
20110127,-28000,5,-200,-0.71,6841459,18052,8494,--9558,--13568,639970,301520,--338450,--481530,KRX
20110126,+28200,2,+800,+2.92,7873016,15328,19338,+4010,+13607,546590,689670,+143080,+486718,KRX
20110125,-27400,5,-950,-3.35,10865239,21648,12051,--9597,--10046,777597,433959,--343638,--359578,KRX
20110124,+28350,2,+250,+0.89,8014756,20541,20990,+449,--20539,727123,743063,+15940,--732003,KRX
20110121,-28100,5,-100,-0.35,7630162,10610,31598,+20988,+16119,378627,1126570,+747943,+575143,KRX
20110120,+28200,2,+350,+1.26,6930500,14097,18966,+4869,+13856,503560,676360,+172800,+496513,KRX
20110119,+27850,2,+200,+0.72,8666295,20743,11756,--8987,--22163,745963,422250,--323713,--793591,KRX
20110118,+27650,2,+750,+2.79,15637718,16173,29349,+13176,+22862,582499,1052377,+469878,+826341,KRX
20110117,-26900,5,-350,-1.28,6204899,20213,10527,--9686,--11357,744513,388050,--356463,--414981,KRX
20110114,27250,3,0,0.00,8859686,22895,24566,+1671,+22561,844012,902530,+58518,+828331,KRX
20110113,+27250,2,+900,+3.42,19311300,39890,19000,--20890,--34844,1466963,697150,--769813,--1301023,KRX
20110112,+26350,2,+950,+3.74,16029780,13636,27590,+13954,+8048,518170,1049380,+531210,+298990,KRX
20110111,+25400,2,+100,+0.40,6904019,10517,16423,+5906,+24558,413615,645835,+232220,+966090,KRX
20110110,-25300,5,-800,-3.07,9601918,47228,28576,--18652,--20869,1853010,1119140,--733870,--817946,KRX
20110107,26100,3,0,0.00,7024336,15069,17286,+2217,--19185,580364,664440,+84076,--730469,KRX
20110106,+26100,2,+200,+0.77,14287171,16277,37679,+21402,+15956,621175,1435720,+814545,+604551,KRX
20110105,+25900,2,+300,+1.17,14139328,10717,16163,+5446,+10809,414026,624020,+209994,+422014,KRX
20110104,+25600,2,+300,+1.19,10931161,21295,15932,--5363,--14822,837830,625810,--212020,--588172,KRX
20110103,+25300,2,+1300,+5.42,15107759,13699,23158,+9459,+16203,545110,921262,+376152,+657817,KRX
20101230,-24000,5,-250,-1.03,5687987,23363,16619,--6744,--1369,971305,689640,--281665,--58850,KRX
20101229,+24250,2,+300,+1.25,5395331,13748,8373,--5375,--17953,568465,345650,--222815,--748854,KRX
20101228,+23950,2,+850,+3.68,11941653,8049,20627,+12578,+10919,337138,863177,+526039,+454700,KRX
20101227,-23100,5,-50,-0.22,3579168,7596,9255,+1659,+4651,328223,399562,+71339,+199158,KRX
20101224,-23150,5,-150,-0.64,5647373,8857,5865,--2992,--4949,379329,251510,--127819,--211938,KRX
20101223,23300,3,0,0.00,5727070,6736,8693,+1957,+11384,290051,374170,+84119,+486163,KRX
20101222,-23300,5,-450,-1.89,7811301,14188,4761,--9427,--1672,605404,203360,--402044,--76948,KRX
20101221,+23750,2,+100,+0.42,8090612,16119,8364,--7755,--10718,675696,350600,--325096,--450759,KRX
20101220,-23650,5,-150,-0.63,7858392,10785,13748,+2963,+8733,461167,586830,+125663,+367073,KRX
20101217,-23800,5,-400,-1.65,9453699,13666,7896,--5770,--5994,571630,330220,--241410,--250560,KRX
20101216,-24200,5,-50,-0.21,5123501,7168,7392,+224,+5549,294820,303970,+9150,+226593,KRX
20101215,-24250,5,-500,-2.02,6719247,13542,8217,--5325,--3086,555923,338480,--217443,--127223,KRX
20101214,+24750,2,+400,+1.64,8123939,11756,9517,--2239,--2465,473440,383220,--90220,--99250,KRX
20101213,-24350,5,-150,-0.61,5446369,7388,7614,+226,+2461,304510,313540,+9030,+101943,KRX
20101210,+24500,2,+350,+1.45,9835555,11561,9326,--2235,--1918,474320,381407,--92913,--73938,KRX
20101209,+24150,2,+850,+3.65,10169510,21673,21356,--317,+7472,909375,890400,--18975,+312223,KRX
20101208,-23300,5,-300,-1.27,5620721,13554,5765,--7789,--860,577199,246001,--331198,--35557,KRX
20101207,-23600,5,-350,-1.46,9142980,15232,8303,--6929,--12165,649661,354020,--295641,--514267,KRX
20101206,+23950,2,+500,+2.13,6730217,8686,13922,+5236,+6336,364060,582686,+218626,+263216,KRX
20101203,-23450,5,-350,-1.47,7911082,14463,13363,--1100,+10804,612560,567970,--44590,+455592,KRX
20101202,+23800,2,+400,+1.71,9237817,24605,12701,--11904,--9754,1033962,533780,--500182,--406533,KRX
20101201,-23400,5,-100,-0.43,10722538,19568,17418,--2150,+8601,842849,749200,--93649,+362538,KRX
20101130,-23500,5,-1300,-5.24,19534905,27471,16720,--10751,--7893,1164694,708507,--456187,--339493,KRX
20101129,+24800,2,+150,+0.61,7308951,14869,12011,--2858,--21242,601524,484830,--116694,--856174,KRX
20101126,-24650,5,-550,-2.18,10551194,4427,22811,+18384,+24265,178430,917910,+739480,+969509,KRX
20101125,-25200,5,-550,-2.14,11277437,24523,18642,--5881,--5538,965188,735159,--230029,--219039,KRX
20101124,+25750,2,+400,+1.58,18819363,25008,24665,--343,+10281,990540,979550,--10990,+408430,KRX
20101123,+25350,2,+50,+0.20,12947289,20054,9430,--10624,--39699,791540,372120,--419420,--1582751,KRX
20101122,+25300,2,+1400,+5.86,21524408,14512,43587,+29075,+36033,583429,1746760,+1163331,+1455144,KRX
20101119,+23900,2,+200,+0.84,8188817,15408,8450,--6958,--3049,645653,353840,--291813,--125245,KRX
20101118,+23700,2,+350,+1.50,6420573,13924,10015,--3909,+7369,593988,427420,--166568,+317023,KRX
20101117,-23350,5,-350,-1.48,7311065,21809,10531,--11278,+2863,934571,450980,--483591,+116281,KRX
20101116,+23700,2,+50,+0.21,8517799,23826,9685,--14141,--14801,1008592,408720,--599872,--627139,KRX
20101115,+23650,2,+850,+3.73,9850014,18931,19591,+660,--10422,803333,830600,+27267,--449557,KRX
20101112,-22800,5,-600,-2.56,11758691,10189,21271,+11082,+45959,441380,918204,+476824,+1950034,KRX
20101111,-23400,5,-500,-2.09,11616394,66278,31401,--34877,--28258,2801338,1328128,--1473210,--1190726,KRX
20101110,+23900,2,+450,+1.92,7224958,15438,8819,--6619,--1567,655150,372666,--282484,--67349,KRX
20101109,-23450,5,-350,-1.47,6554767,11634,6582,--5052,--3538,495395,280260,--215135,--151943,KRX
20101108,+23800,2,+50,+0.21,9799616,13598,12084,--1514,--10759,566762,503570,--63192,--448308,KRX
20101105,+23750,2,+800,+3.49,18979574,18889,28134,+9245,+9094,790954,1176070,+385116,+379166,KRX
20101104,+22950,2,+1150,+5.28,14373857,15269,15420,+151,--422,667880,673830,+5950,--19660,KRX
20101103,-21800,5,-100,-0.46,7882993,10722,11295,+573,+6687,487190,512800,+25610,+300278,KRX
20101102,-21900,5,-800,-3.52,13148677,12966,6852,--6114,+12232,583300,308632,--274668,+525859,KRX
20101101,-22700,5,-450,-1.94,8679690,25303,6957,--18346,--3584,1104702,304175,--800527,--154112,KRX
20101029,+23150,2,+300,+1.31,11672512,28157,13395,--14762,--6559,1233725,587310,--646415,--286687,KRX
20101028,-22850,5,-50,-0.22,13682522,20942,12739,--8203,--653,914908,555180,--359728,--32343,KRX
20101027,-22900,5,-800,-3.38,12636747,16125,8575,--7550,+1675,698995,371610,--327385,+59775,KRX
20101026,-23700,5,-600,-2.47,10858815,19553,10328,--9225,--2320,823180,436020,--387160,--102253,KRX
20101025,+24300,2,+100,+0.41,8245692,14405,7500,--6905,--19468,594550,309643,--284907,--802597,KRX
20101022,+24200,2,+450,+1.89,7903928,7178,19741,+12563,--7265,296363,814053,+517690,--304273,KRX
20101021,-23750,5,-150,-0.63,13108254,20622,40450,+19828,--827,855105,1677068,+821963,--48787,KRX
20101020,+23900,2,+1050,+4.60,14952331,11203,31858,+20655,+33956,477980,1348730,+870750,+1450684,KRX
20101019,-22850,5,-50,-0.22,10535814,24910,11609,--13301,--8307,1083390,503456,--579934,--361873,KRX
20101018,-22900,5,-700,-2.97,10138166,13130,8136,--4994,--6928,570856,352795,--218061,--299979,KRX
20101015,+23600,2,+250,+1.07,6311478,5578,7512,+1934,+3102,238196,320114,+81918,+133112,KRX
20101014,-23350,5,-50,-0.21,10001339,13895,12727,--1168,--4561,595034,543840,--51194,--196944,KRX
20101013,+23400,2,+800,+3.54,11261698,7330,10723,+3393,--6572,315080,460830,+145750,--294023,KRX
20101012,+22600,2,+250,+1.12,8463492,8858,18823,+9965,+7779,390807,830580,+439773,+342125,KRX
20101011,-22350,5,-1150,-4.89,14794038,11690,13876,+2186,--13745,512705,610353,+97648,--581115,KRX
20101008,+23500,2,+300,+1.29,7573508,7929,23860,+15931,+6613,338121,1016884,+678763,+278683,KRX
20101007,-23200,5,-200,-0.85,9521740,7793,17111,+9318,+10420,335710,735790,+400080,+447446,KRX
20101006,+23400,2,+650,+2.86,15727497,17688,16586,--1102,+4139,759650,712284,--47366,+188595,KRX
20101005,+22750,2,+250,+1.11,8459372,20683,15442,--5241,+3459,926327,690366,--235961,+145840,KRX
20101004,+22500,2,+50,+0.22,10634669,13985,5285,--8700,--25292,615321,233520,--381801,--1128749,KRX
20101001,+22450,2,+300,+1.35,8945751,12402,28994,+16592,+22935,557072,1304020,+746948,+1034555,KRX
20100930,+22150,2,+300,+1.37,7530575,15643,9300,--6343,--3877,709187,421580,--287607,--173151,KRX
20100929,+21850,2,+500,+2.34,12752750,21439,18973,--2466,--3299,977026,862570,--114456,--153269,KRX
20100928,+21350,2,+150,+0.71,6960963,5346,6179,+833,--5223,249557,288370,+38813,--242040,KRX
20100927,+21200,2,+100,+0.47,11332593,11967,18023,+6056,--173,563097,843950,+280853,--15254,KRX
20100924,-21100,5,-1000,-4.52,15723927,9551,15780,+6229,+14021,449403,745510,+296107,+646887,KRX
20100920,-22100,5,-400,-1.78,10471186,14262,6470,--7792,--18342,642560,291780,--350780,--828174,KRX
20100917,+22500,2,+1400,+6.64,24186132,13825,24375,+10550,+14078,625356,1102750,+477394,+646144,KRX
20100916,+21100,2,+100,+0.48,9047633,13715,10187,--3528,+1976,651540,482790,--168750,+102160,KRX
20100915,+21000,2,+550,+2.69,9591589,19734,14230,--5504,+7482,956370,685460,--270910,+355070,KRX
20100914,-20450,5,-50,-0.24,11749312,26235,13249,--12986,+4770,1264650,638670,--625980,+234000,KRX
20100913,-20500,5,-150,-0.73,9030044,25577,7821,--17756,--27560,1239000,379020,--859980,--1336306,KRX
20100910,+20650,2,+350,+1.72,8103091,4191,13995,+9804,+4927,203824,680150,+476326,+233724,KRX
20100909,-20300,5,-450,-2.17,15189733,21108,25985,+4877,+11410,1030518,1273120,+242602,+559361,KRX
20100908,-20750,5,-750,-3.49,16624161,15191,8658,--6533,--5662,733990,417231,--316759,--276756,KRX
20100907,-21500,5,-350,-1.60,7147421,6861,5990,--871,--3414,318823,278820,--40003,--155499,KRX
20100906,+21850,2,+50,+0.23,9768969,6352,8895,+2543,--2830,287854,403350,+115496,--130044,KRX
20100903,+21800,2,+700,+3.32,13682222,12194,17567,+5373,+7782,563030,808570,+245540,+360087,KRX
20100902,+21100,2,+250,+1.20,12935639,18903,16494,--2409,--2874,897307,782760,--114547,--136261,KRX
20100901,-20850,5,-250,-1.18,17891433,20251,20716,+465,+17037,967634,989348,+21714,+795171,KRX
20100831,-21100,5,-1400,-6.22,18006565,32553,15981,--16572,--10302,1524327,750870,--773457,--494522,KRX
20100830,-22500,5,-50,-0.22,7788047,14842,8572,--6270,+2234,659470,380535,--278935,+99759,KRX
20100827,-22550,5,-50,-0.22,6317557,14990,6486,--8504,+8615,667450,288756,--378694,+379412,KRX
20100826,+22600,2,+550,+2.49,15405418,28788,11669,--17119,--16230,1271909,513803,--758106,--718319,KRX
20100825,+22050,2,+100,+0.46,7298041,9103,8214,--889,+3070,414146,374359,--39787,+143293,KRX
20100824,+21950,2,+550,+2.57,7212879,9250,5291,--3959,--9066,427160,244080,--183080,--417565,KRX
20100823,-21400,5,-600,-2.73,8185249,5308,10415,+5107,+11596,243245,477730,+234485,+527665,KRX
20100820,-22000,5,-500,-2.22,6506966,15371,8882,--6489,--19773,694170,400990,--293180,--885309,KRX
20100819,+22500,2,+800,+3.69,9857803,4588,17872,+13284,+4617,204651,796780,+592129,+193359,KRX
20100818,-21700,5,-400,-1.81,7017763,5848,14515,+8667,+3061,267300,666070,+398770,+146320,KRX
20100817,22100,3,0,0.00,5851598,9855,15461,+5606,+12533,447180,699630,+252450,+572570,KRX
20100816,+22100,2,+450,+2.08,7543971,15772,8845,--6927,--7146,724600,404480,--320120,--329042,KRX
20100813,+21650,2,+450,+2.12,7460749,12009,12228,+219,--6496,555588,564510,+8922,--308628,KRX
20100812,21200,3,0,0.00,13041798,15281,21996,+6715,+6611,720870,1038420,+317550,+307190,KRX
20100811,-21200,5,-1400,-6.19,18929287,18323,18427,+104,+3364,853540,863900,+10360,+152154,KRX
20100810,-22600,5,-100,-0.44,7329207,10075,6815,--3260,+9033,440394,298600,--141794,+396306,KRX
20100809,-22700,5,-150,-0.66,6486022,16607,4314,--12293,--13055,727490,189390,--538100,--573631,KRX
20100806,+22850,2,+950,+4.34,14508311,10167,10929,+762,+4928,447969,483500,+35531,+224411,KRX
20100805,+21900,2,+300,+1.39,11637399,18706,14540,--4166,--13765,849560,660680,--188880,--631115,KRX
20100804,-21600,5,-350,-1.59,11434849,3938,13537,+9599,--1844,180705,622940,+442235,--78344,KRX
20100803,+21950,2,+350,+1.62,14346069,10903,22346,+11443,+13619,494571,1015150,+520579,+618504,KRX
20100802,-21600,5,-900,-4.00,18732935,18706,16530,--2176,--7476,853848,755923,--97925,--334509,KRX
20100730,+22500,2,+150,+0.67,8930756,7803,13103,+5300,+2579,347560,584144,+236584,+115692,KRX
20100729,-22350,5,-750,-3.25,12478780,12843,15564,+2721,+739,569708,690600,+120892,+34427,KRX
20100728,-23100,5,-400,-1.70,13310872,8898,10880,+1982,+9300,383930,470395,+86465,+391767,KRX
20100727,-23500,5,-450,-1.88,37144652,12841,5523,--7318,--19806,538603,233301,--305302,--828327,KRX
20100726,+23950,2,+700,+3.01,9656787,8972,21460,+12488,+11873,374815,897840,+523025,+497593,KRX
20100723,+23250,2,+650,+2.88,12343729,11689,12304,+615,--2415,504990,530422,+25432,--108324,KRX
20100722,-22600,5,-1000,-4.24,21388196,9844,12874,+3030,+13738,431275,565031,+133756,+583182,KRX
20100721,-23600,5,-250,-1.05,7489851,19461,8753,--10708,--5854,816953,367527,--449426,--244665,KRX
20100720,+23850,2,+150,+0.63,6009885,13931,9077,--4854,--3766,585230,380469,--204761,--158779,KRX
20100719,+23700,2,+200,+0.85,10915618,10056,8968,--1088,--5155,423089,377107,--45982,--216288,KRX
20100716,-23500,5,-1650,-6.56,26408695,20205,24272,+4067,+11568,849824,1020130,+170306,+466571,KRX
20100715,-25150,5,-600,-2.33,7695339,19028,11527,--7501,--38954,751295,455030,--296265,--1532209,KRX
20100714,+25750,2,+850,+3.41,17890263,10887,42340,+31453,+21783,425940,1661884,+1235944,+854767,KRX
20100713,-24900,5,-1000,-3.86,16803984,11870,21540,+9670,+6908,472593,853770,+381177,+274901,KRX
20100712,+25900,2,+200,+0.78,6412277,7521,10283,+2762,--1839,290340,396616,+106276,--75197,KRX
20100709,+25700,2,+350,+1.38,8171473,8036,12637,+4601,+3924,316187,497660,+181473,+155943,KRX
20100708,+25350,2,+200,+0.80,7219081,8089,8766,+677,+11751,316910,342440,+25530,+458083,KRX
20100707,-25150,5,-700,-2.71,8243930,19151,8077,--11074,--2595,749083,316530,--432553,--90233,KRX
20100706,+25850,2,+1100,+4.44,9753797,19031,10552,--8479,+652,761250,418930,--342320,+23388,KRX
20100705,-24750,5,-550,-2.17,7736756,13455,4324,--9131,--3774,539598,173890,--365708,--156688,KRX
20100702,-25300,5,-200,-0.78,8237987,10958,5601,--5357,--336,429350,220330,--209020,--10260,KRX
20100701,+25500,2,+450,+1.80,12695993,14938,9917,--5021,--12292,592800,394040,--198760,--490485,KRX
20100630,-25050,5,-550,-2.15,13952014,10586,17857,+7271,--477,423045,714770,+291725,--7515,KRX
20100629,-25600,5,-450,-1.73,10326061,8538,16286,+7748,+997,324960,624200,+299240,+40051,KRX
20100628,-26050,5,-400,-1.51,10143372,8462,15213,+6751,+3296,324541,583730,+259189,+130589,KRX
20100625,-26450,5,-700,-2.58,9787032,17063,20518,+3455,+376,642850,771450,+128600,+15893,KRX
20100624,+27150,2,+100,+0.37,5203161,11905,14984,+3079,--8465,438033,550740,+112707,--312887,KRX
20100623,-27050,5,-150,-0.55,6595503,9696,21240,+11544,+1191,356778,782372,+425594,+51412,KRX
20100622,-27200,5,-1050,-3.72,11557147,15826,26179,+10353,--5049,576199,950381,+374182,--169043,KRX
20100621,+28250,2,+100,+0.36,8050689,15532,30934,+15402,+8136,550806,1094031,+543225,+284756,KRX
20100618,-28150,5,-50,-0.18,12940850,10487,17753,+7266,--7401,374170,632639,+258469,--265520,KRX
20100617,+28200,2,+900,+3.30,10848104,11641,26308,+14667,+17755,415930,939919,+523989,+636712,KRX
20100616,+27300,2,+200,+0.74,8415214,13232,10144,--3088,--25337,483080,370357,--112723,--947064,KRX
20100615,+27100,2,+1100,+4.23,13402214,18918,41167,+22249,+11041,703978,1538319,+834341,+404494,KRX
20100614,+26000,2,+200,+0.78,5686833,6864,18072,+11208,--179,263690,693537,+429847,--7314,KRX
20100611,-25800,5,-100,-0.39,8762686,8229,19616,+11387,--7527,315266,752427,+437161,--295449,KRX
20100610,+25900,2,+650,+2.57,9271702,23822,42736,+18914,+7694,923085,1655695,+732610,+293742,KRX
20100609,-25250,5,-1200,-4.54,14761328,16455,27675,+11220,+11001,643772,1082640,+438868,+432220,KRX
20100608,-26450,5,-200,-0.75,10889286,20283,20502,+219,+282,766652,773300,+6648,+9210,KRX
20100607,+26650,2,+250,+0.95,13874493,17077,17014,--63,--11460,652045,649483,--2562,--437415,KRX
20100604,+26400,2,+1500,+6.02,15988869,17373,28770,+11397,+604,672487,1107340,+434853,+2583,KRX
20100603,+24900,2,+300,+1.22,8011807,6574,17367,+10793,+21138,262712,694982,+432270,+845310,KRX
20100601,-24600,5,-550,-2.19,11633564,26503,16158,--10345,--8107,1065724,652684,--413040,--322446,KRX
20100531,-25150,5,-550,-2.14,12706998,17419,15181,--2238,+6314,693289,602695,--90594,+233973,KRX
20100528,+25700,2,+50,+0.19,12826585,26272,17720,--8552,+4832,1010387,685820,--324567,+208117,KRX
20100527,+25650,2,+950,+3.85,13430941,24081,10697,--13384,--27335,957385,424701,--532684,--1084343,KRX
20100526,+24700,2,+900,+3.78,13150843,31896,45847,+13951,+13518,1312101,1863760,+551659,+532442,KRX
20100525,-23800,5,-300,-1.24,12208206,25724,26157,+433,--4862,1092710,1111927,+19217,--199373,KRX
20100524,+24100,2,+350,+1.47,11541283,8296,13591,+5295,+10783,345470,564060,+218590,+438511,KRX
20100520,-23750,5,-750,-3.06,10081791,19319,13831,--5488,--9806,798490,578569,--219921,--401621,KRX
20100519,+24500,2,+350,+1.45,19703600,14914,19232,+4318,--9213,628600,810300,+181700,--381510,KRX
20100518,-24150,5,-900,-3.59,20058192,16090,29621,+13531,+3998,665120,1228330,+563210,+179656,KRX
20100517,-25050,5,-1550,-5.83,12635451,16897,26430,+9533,+9315,658816,1042370,+383554,+374603,KRX
20100514,-26600,5,-250,-0.93,7925968,12068,12286,+218,--14666,450905,459856,+8951,--548099,KRX
20100513,+26850,2,+1150,+4.47,11337817,5777,20661,+14884,+7944,216030,773080,+557050,+288662,KRX
20100512,-25700,5,-900,-3.38,13097424,10186,17126,+6940,+6028,395940,664328,+268388,+230039,KRX
20100511,-26600,5,-300,-1.12,7660117,22112,23024,+912,+5430,827097,865446,+38349,+206109,KRX
20100510,+26900,2,+550,+2.09,7587954,12786,8268,--4518,--5407,475371,307611,--167760,--201291,KRX
20100507,26350,3,0,0.00,11481461,24983,25872,+889,--12170,948210,981741,+33531,--463649,KRX
20100506,-26350,5,-700,-2.59,8103816,9826,22885,+13059,+23257,373110,870290,+497180,+870397,KRX
20100504,-27050,5,-550,-1.99,12653329,18249,8051,--10198,--13804,670580,297363,--373217,--505394,KRX
20100503,-27600,5,-800,-2.82,9256409,9705,13311,+3606,--7794,349730,481907,+132177,--271592,KRX
20100430,+28400,2,+700,+2.53,8909526,9660,21060,+11400,+12300,341437,745206,+403769,+437259,KRX
20100429,+27700,2,+250,+0.91,6801366,10102,9202,--900,--3575,366510,333020,--33490,--132952,KRX
20100428,-27450,5,-50,-0.18,9108923,15462,18137,+2675,+7322,570080,669542,+99462,+267006,KRX
20100427,-27500,5,-1000,-3.51,11259240,15356,10709,--4647,--3627,554864,387320,--167544,--132061,KRX
20100426,28500,3,0,0.00,6125001,8488,7468,--1020,+5542,297343,261860,--35483,+193077,KRX
20100423,-28500,5,-200,-0.70,6109366,17257,10695,--6562,--1126,601570,373010,--228560,--34501,KRX
20100422,+28700,2,+150,+0.53,9828901,16319,10883,--5436,--12594,575359,381300,--194059,--450802,KRX
20100421,+28550,2,+1550,+5.74,10560938,8499,15657,+7158,+12021,301197,557940,+256743,+437093,KRX
20100420,+27000,2,+350,+1.31,3663343,9864,5001,--4863,--6710,365640,185290,--180350,--248130,KRX
20100419,-26650,5,-850,-3.09,6493712,5386,7233,+1847,+5754,201300,269080,+67780,+209998,KRX
20100416,-27500,5,-200,-0.72,4531892,8230,4323,--3907,--811,299638,157420,--142218,--31003,KRX
20100415,-27700,5,-200,-0.72,6822526,11462,8366,--3096,--10224,414515,303300,--111215,--364163,KRX
20100414,+27900,2,+200,+0.72,6745613,7282,14410,+7128,+4475,260952,513900,+252948,+156488,KRX
20100413,+27700,2,+800,+2.97,7382940,8135,10788,+2653,--7134,296730,393190,+96460,--263930,KRX
20100412,-26900,5,-1100,-3.93,9780882,6106,15893,+9787,+14451,224280,584670,+360390,+527125,KRX
20100409,-28000,5,-150,-0.53,7184815,10955,6291,--4664,--19628,390875,224140,--166735,--702095,KRX
20100408,+28150,2,+800,+2.93,10036161,6537,21501,+14964,+727,234600,769960,+535360,+15482,KRX
20100407,-27350,5,-1000,-3.53,16311161,9636,23873,+14237,--216,348482,868360,+519878,+13544,KRX
20100406,-28350,5,-750,-2.58,11484726,6982,21435,+14453,+16508,244816,751150,+506334,+577369,KRX
20100405,+29100,2,+950,+3.37,8512243,14456,12401,--2055,+4794,505195,434160,--71035,+168481,KRX
20100402,-28150,5,-150,-0.53,12390690,17926,11077,--6849,--7612,627876,388360,--239516,--268046,KRX
20100401,+28300,2,+1600,+5.99,11909995,11295,12058,+763,+8391,405230,433760,+28530,+314999,KRX
20100331,+26700,2,+300,+1.14,7730622,13057,5429,--7628,--3082,489676,203207,--286469,--115579,KRX
20100330,+26400,2,+500,+1.93,8121899,9051,4505,--4546,--6357,340870,169980,--170890,--243070,KRX
20100329,+25900,2,+700,+2.78,6923592,6796,8607,+1811,--2811,263210,335390,+72180,--111553,KRX
20100326,-25200,5,-50,-0.20,3420724,7554,12176,+4622,+1184,300900,484633,+183733,+47575,KRX
20100325,+25250,2,+50,+0.20,4660575,12250,15688,+3438,+129,484013,620171,+136158,+6186,KRX
20100324,+25200,2,+250,+1.00,6668569,6545,9854,+3309,+6298,258457,388429,+129972,+250672,KRX
20100323,+24950,2,+250,+1.01,4994007,11075,8086,--2989,+3660,445430,324730,--120700,+149928,KRX
20100322,+24700,2,+350,+1.44,5270773,9899,3250,--6649,--5766,402948,132320,--270628,--234102,KRX
20100319,+24350,2,+400,+1.67,5746615,8112,7229,--883,--879,333456,296930,--36526,--36826,KRX
20100318,-23950,5,-200,-0.83,5576105,5844,5840,--4,--9652,242330,242630,+300,--401356,KRX
20100317,+24150,2,+550,+2.33,7589609,6998,16646,+9648,+7777,291304,692960,+401656,+323764,KRX
20100316,+23600,2,+100,+0.43,51719403,10426,12297,+1871,+5877,439930,517822,+77892,+247724,KRX
20100315,+23500,2,+250,+1.08,5574407,8439,4433,--4006,--5319,358280,188448,--169832,--226304,KRX
20100312,+23250,2,+100,+0.43,3048202,4757,6070,+1313,+6672,205660,262132,+56472,+287802,KRX
20100311,+23150,2,+600,+2.66,10673528,16796,11437,--5359,--3110,725900,494570,--231330,--130645,KRX
20100310,+22550,2,+700,+3.20,6443315,10769,8520,--2249,--7133,480625,379940,--100685,--323635,KRX
20100309,-21850,5,-500,-2.24,5881404,5642,10526,+4884,+1201,256610,479560,+222950,+58837,KRX
20100308,-22350,5,-150,-0.67,6137729,2752,6435,+3683,+203,122857,286970,+164113,+9203,KRX
20100305,+22500,2,+300,+1.35,4380159,3532,7012,+3480,+6098,157240,312150,+154910,+272892,KRX
20100304,+22200,2,+350,+1.60,5393075,4574,1956,--2618,+3626,206222,88240,--117982,+171658,KRX
20100303,+21850,2,+400,+1.86,5830081,13266,7022,--6244,--10741,613090,323450,--289640,--497385,KRX
20100302,+21450,2,+450,+2.14,5342772,5544,10041,+4497,+8420,257880,465625,+207745,+392942,KRX
20100226,-21000,5,-700,-3.23,9627909,10497,6574,--3923,--1033,498157,312960,--185197,--53237,KRX
20100225,-21700,5,-500,-2.25,5013379,6630,3740,--2890,--4858,303940,171980,--131960,--218035,KRX
20100224,-22200,5,-450,-1.99,6219693,12458,14426,+1968,--2879,555475,641550,+86075,--129605,KRX
20100223,+22650,2,+500,+2.26,6352083,5200,10047,+4847,--6456,231210,446890,+215680,--300056,KRX
20100222,+22150,2,+750,+3.50,5334169,4469,15772,+11303,+14998,202684,718420,+515736,+686536,KRX
20100219,-21400,5,-750,-3.39,5772700,10470,6775,--3695,--4966,483810,313010,--170800,--228230,KRX
20100218,-22150,5,-200,-0.89,3744025,2983,4254,+1271,--12441,133940,191370,+57430,--561230,KRX
20100217,+22350,2,+1050,+4.93,7825290,6042,19754,+13712,+23194,272260,890920,+618660,+1059528,KRX
20100216,-21300,5,-300,-1.39,5951014,15632,6150,--9482,--6925,727858,286990,--440868,--322883,KRX
20100212,-21600,5,-350,-1.59,7584876,16829,14272,--2557,+2402,778550,660565,--117985,+108364,KRX
20100211,-21950,5,-750,-3.30,11508085,12973,8014,--4959,+6902,591250,364901,--226349,+296169,KRX
20100210,+22700,2,+50,+0.22,6809098,14148,2287,--11861,+7089,622678,100160,--522518,+339412,KRX
20100209,+22650,2,+950,+4.38,7285894,24481,5531,--18950,--3062,1108020,246090,--861930,--130659,KRX
20100208,+21700,2,+400,+1.88,5663174,20988,5100,--15888,--6505,965641,234370,--731271,--288096,KRX
20100205,-21300,5,-450,-2.07,7305491,20071,10688,--9383,--6216,949325,506150,--443175,--297334,KRX
20100204,+21750,2,+450,+2.11,9855737,10350,7183,--3167,--6968,473941,328100,--145841,--321516,KRX
20100203,-21300,5,-700,-3.18,14618448,10932,14733,+3801,+10030,506075,681750,+175675,+437008,KRX
20100202,-22000,5,-1100,-4.76,11667143,15594,9365,--6229,--6072,676898,415565,--261333,--255830,KRX
20100201,+23100,2,+350,+1.54,14926334,14100,13943,--157,--16149,624752,619249,--5503,--707224,KRX
20100129,-22750,5,-850,-3.60,10273997,7598,23590,+15992,+10990,333090,1034811,+701721,+491739,KRX
20100128,+23600,2,+350,+1.51,10080020,9655,14657,+5002,--1835,404545,614527,+209982,--82609,KRX
20100127,-23250,5,-350,-1.48,20559203,16493,23330,+6837,+7690,713439,1006030,+292591,+303721,KRX
20100126,-23600,5,-2450,-9.40,18901657,22281,21428,--853,+4411,904210,893080,--11130,+191769,KRX
20100125,-26050,5,-50,-0.19,7098150,13050,7786,--5264,+10108,502379,299480,--202899,+393198,KRX
20100122,+26100,2,+150,+0.58,10560982,22720,7348,--15372,--15909,880700,284603,--596097,--613625,KRX
20100121,+25950,2,+550,+2.17,8296854,14605,15142,+537,--4424,568027,585555,+17528,--176972,KRX
20100120,-25400,5,-200,-0.78,5997062,10241,15202,+4961,+4813,400450,594950,+194500,+187950,KRX
20100119,-25600,5,-300,-1.16,6095082,10472,10620,+148,--1156,407180,413730,+6550,--44213,KRX
20100118,-25900,5,-200,-0.77,6947223,7478,8782,+1304,+14043,290247,341010,+50763,+535477,KRX
20100115,+26100,2,+650,+2.55,11798734,20987,8248,--12739,--14792,799834,315120,--484714,--565270,KRX
20100114,+25450,2,+1400,+5.82,11505860,20820,22873,+2053,+3433,826614,907170,+80556,+138162,KRX
20100113,24050,3,0,0.00,5009003,6206,4826,--1380,--3420,257786,200180,--57606,--141513,KRX
20100112,+24050,2,+50,+0.21,4616931,7896,9936,+2040,+4349,327373,411280,+83907,+178216,KRX
20100111,-24000,5,-650,-2.64,6750517,11189,8880,--2309,--3230,461209,366900,--94309,--131732,KRX
20100108,+24650,2,+250,+1.02,9695685,6891,7812,+921,--5709,284770,322193,+37423,--229314,KRX
20100107,-24400,5,-150,-0.61,11084814,7781,14411,+6630,+9570,313573,580310,+266737,+385332,KRX
20100106,+24550,2,+1200,+5.14,7731186,8939,5999,--2940,--445,366608,248013,--118595,--22335,KRX
20100105,-23350,5,-750,-3.11,12118281,19022,16527,--2495,--3668,791502,695242,--96260,--146444,KRX
20100104,+24100,2,+950,+4.10,7346425,9862,11035,+1173,--11940,410230,460414,+50184,--519091,KRX
20091230,+23150,2,+950,+4.28,7868021,7588,20701,+13113,+10829,328690,897965,+569275,+466635,KRX
20091229,22200,3,0,0.00,2136873,4604,6888,+2284,+5057,207420,310060,+102640,+227475,KRX
20091228,-22200,5,-100,-0.45,4791593,11622,8849,--2773,--15735,521652,396817,--124835,--709491,KRX
20091224,+22300,2,+300,+1.36,5460997,7643,20605,+12962,+9867,344655,929311,+584656,+444466,KRX
20091223,+22000,2,+100,+0.46,4006561,3443,6538,+3095,+475,156200,296390,+140190,+20379,KRX
20091222,-21900,5,-150,-0.68,5000002,7238,9858,+2620,+1039,329070,448881,+119811,+48984,KRX
20091221,+22050,2,+400,+1.85,6643108,12614,14195,+1581,+3152,571673,642500,+70827,+142404,KRX
20091218,+21650,2,+550,+2.61,6098604,7390,5819,--1571,+425,344750,273173,--71577,+22382,KRX
20091217,+21100,2,+50,+0.24,6284160,7066,5070,--1996,--3201,331949,237990,--93959,--149919,KRX
20091216,+21050,2,+100,+0.48,6283206,4922,6127,+1205,+3745,235560,291520,+55960,+178332,KRX
20091215,+20950,2,+250,+1.21,4268920,7129,4589,--2540,--6004,342192,219820,--122372,--289552,KRX
20091214,-20700,5,-200,-0.96,5589407,5118,8582,+3464,--3888,248680,415860,+167180,--184249,KRX
20091211,+20900,2,+50,+0.24,5514248,8497,15849,+7352,--1029,407113,758542,+351429,--47479,KRX
20091210,+20850,2,+300,+1.46,9747117,35300,43681,+8381,+5962,1699292,2098200,+398908,+278878,KRX
20091209,+20550,2,+450,+2.24,8324221,6867,9286,+2419,+1360,336580,456610,+120030,+67460,KRX
20091208,+20100,2,+50,+0.25,5629685,4442,5501,+1059,--160,220770,273340,+52570,--6208,KRX
20091207,+20050,2,+350,+1.78,10036856,7725,8944,+1219,--2192,382632,441410,+58778,--115892,KRX
20091204,+19700,2,+250,+1.29,6019982,11794,15205,+3411,+247,606430,781100,+174670,+12095,KRX
20091203,+19450,2,+250,+1.30,7435401,7370,10534,+3164,--8792,381175,543750,+162575,--474545,KRX
20091202,+19200,2,+1150,+6.37,9718479,9636,21592,+11956,+12008,510710,1147830,+637120,+638449,KRX
20091201,-18050,5,-400,-2.17,9699450,9868,9816,--52,+5620,541140,539811,--1329,+302940,KRX
20091130,18450,3,0,0.00,5175602,13502,7830,--5672,+2285,726080,421811,--304269,+122541,KRX
20091127,-18450,5,-750,-3.91,7704509,18602,10645,--7957,--8682,994200,567390,--426810,--463739,KRX
20091126,+19200,2,+200,+1.05,6523614,7758,8483,+725,--618,403630,440559,+36929,--34482,KRX
20091125,+19000,2,+400,+2.15,5961105,5538,6881,+1343,--3482,293702,365113,+71411,--187764,KRX
20091124,-18600,5,-450,-2.36,6664018,4260,9085,+4825,+2391,227555,486730,+259175,+131333,KRX
20091123,-19050,5,-100,-0.52,5345950,4633,7067,+2434,--522,243630,371472,+127842,--27258,KRX
20091120,-19150,5,-100,-0.52,7062182,3328,6284,+2956,--8570,173810,328910,+155100,--444552,KRX
20091119,+19250,2,+500,+2.67,8704459,10257,21783,+11526,+7973,534042,1133694,+599652,+408992,KRX
20091118,+18750,2,+350,+1.90,10909042,8743,12296,+3553,+9702,468990,659650,+190660,+522032,KRX
20091117,-18400,5,-1300,-6.60,21564141,12019,5870,--6149,--11940,647262,315890,--331372,--633690,KRX
20091116,+19700,2,+850,+4.51,7342660,6425,12216,+5791,--8367,332692,635010,+302318,--427235,KRX
20091113,-18850,5,-750,-3.83,9738133,6006,20164,+14158,+17127,313537,1043090,+729553,+881095,KRX
20091112,-19600,5,-350,-1.75,20341952,9205,6236,--2969,--5539,463532,311990,--151542,--281462,KRX
20091111,+19950,2,+150,+0.76,5434950,4222,6792,+2570,+5403,214480,344400,+129920,+273518,KRX
20091110,19800,3,0,0.00,8107026,9921,7088,--2833,--5813,500718,357120,--143598,--297218,KRX
20091109,+19800,2,+750,+3.94,8795257,5984,8964,+2980,+6715,303280,456900,+153620,+351760,KRX
20091106,+19050,2,+700,+3.81,6840462,7370,3635,--3735,+4118,389630,191490,--198140,+220900,KRX
20091105,-18350,5,-650,-3.42,4281928,11047,3194,--7853,--3863,592350,173310,--419040,--202590,KRX
20091104,+19000,2,+800,+4.40,6220331,10715,6725,--3990,+2317,574300,357850,--216450,+131521,KRX
20091103,+18200,2,+150,+0.83,5564158,11018,4711,--6307,--4406,605390,257419,--347971,--243113,KRX
20091102,18050,3,0,0.00,5556344,8797,6896,--1901,+9758,487518,382660,--104858,+528142,KRX
20091030,-18050,5,-350,-1.90,6118400,21757,10098,--11659,--11730,1186970,553970,--633000,--647968,KRX
20091029,+18400,2,+700,+3.95,13210887,11627,11698,+71,--3781,645138,660106,+14968,--203472,KRX
20091028,-17700,5,-600,-3.28,9606247,8542,12394,+3852,--275,478880,697320,+218440,--11301,KRX
20091027,-18300,5,-550,-2.92,8926917,10458,14585,+4127,+7981,565504,795245,+229741,+434318,KRX
20091026,+18850,2,+100,+0.53,7810804,17560,13706,--3854,--24819,932790,728213,--204577,--1318817,KRX
20091023,-18750,5,-50,-0.27,11453452,8599,29564,+20965,+23516,456770,1571010,+1114240,+1247188,KRX
20091022,-18800,5,-550,-2.84,7001346,13053,10502,--2551,+512,684758,551810,--132948,+27329,KRX
20091021,-19350,5,-500,-2.52,6815688,13765,10702,--3063,--3812,707897,547620,--160277,--196045,KRX
20091020,19850,3,0,0.00,4103030,7220,7969,+749,+791,363763,399531,+35768,+39609,KRX
20091019,+19850,2,+50,+0.25,5842314,8936,8894,--42,--6888,451591,447750,--3841,--350501,KRX
20091016,-19800,5,-750,-3.65,10304009,9104,15950,+6846,+9420,456150,802810,+346660,+473330,KRX
20091015,-20550,5,-250,-1.20,7248024,10845,8271,--2574,--4030,526643,399973,--126670,--194320,KRX
20091014,+20800,2,+200,+0.97,8521356,12361,13817,+1456,+9365,592870,660520,+67650,+461835,KRX
20091013,+20600,2,+600,+3.00,11563525,25347,17438,--7909,--6019,1247768,853583,--394185,--299715,KRX
20091012,+20000,2,+350,+1.78,10681641,8426,6536,--1890,--1132,419310,324840,--94470,--55390,KRX
20091009,+19650,2,+350,+1.81,7666152,12335,11577,--758,--73,626650,587570,--39080,--3202,KRX
20091008,+19300,2,+900,+4.89,11539515,19662,18977,--685,--6790,1025708,989830,--35878,--364468,KRX
20091007,-18400,5,-300,-1.60,10549157,9443,15548,+6105,+8098,506910,835500,+328590,+433277,KRX
20091006,-18700,5,-100,-0.53,6952108,29047,27054,--1993,+16075,1541880,1437193,--104687,+854563,KRX
20091005,-18800,5,-850,-4.33,10541773,40522,22454,--18068,--24991,2147650,1188400,--959250,--1308643,KRX
20091001,-19650,5,-150,-0.76,6399002,10346,17269,+6923,--5440,523817,873210,+349393,--274717,KRX
20090930,+19800,2,+250,+1.28,9964191,22074,34437,+12363,+15792,1106920,1731030,+624110,+796400,KRX
20090929,+19550,2,+550,+2.89,11695482,14811,11382,--3429,--8859,752070,579780,--172290,--460144,KRX
20090928,+19000,2,+50,+0.26,13961779,13083,18513,+5430,--25889,686066,973920,+287854,--1384176,KRX
20090925,-18950,5,-1650,-8.01,44545104,21981,53300,+31319,+15906,1151510,2823540,+1672030,+925494,KRX
20090924,-20600,5,-250,-1.20,9936404,10374,25787,+15413,+10845,504255,1250791,+746536,+526575,KRX
20090923,-20850,5,-1200,-5.44,27899428,25402,29970,+4568,+25411,1226039,1446000,+219961,+1169039,KRX
20090922,+22050,2,+600,+2.80,11165356,35065,14222,--20843,--21442,1598418,649340,--949078,--977972,KRX
20090921,+21450,2,+1050,+5.15,11924291,21157,21756,+599,--9701,992080,1020974,+28894,--473130,KRX
20090918,-20400,5,-450,-2.16,8257655,33938,44238,+10300,+1064,1657396,2159420,+502024,+62894,KRX
20090917,+20850,2,+150,+0.72,7877347,10933,20169,+9236,+7042,519670,958800,+439130,+333598,KRX
20090916,+20700,2,+50,+0.24,7098391,21231,23425,+2194,--137,1018432,1123964,+105532,--6228,KRX
20090915,+20650,2,+450,+2.23,6652241,9694,12025,+2331,--13236,469080,580840,+111760,--660929,KRX
20090914,-20200,5,-900,-4.27,12036302,9982,25549,+15567,+17863,491551,1264240,+772689,+878936,KRX
20090911,-21100,5,-300,-1.40,6439261,12856,10560,--2296,--7644,601927,495680,--106247,--358176,KRX
20090910,+21400,2,+550,+2.64,8123834,18378,23726,+5348,+14389,860921,1112850,+251929,+680639,KRX
20090909,+20850,2,+50,+0.24,10782908,18513,9472,--9041,+2580,880150,451440,--428710,+134376,KRX
20090908,-20800,5,-150,-0.72,15253246,27549,15928,--11621,--18212,1332460,769374,--563086,--868756,KRX
20090907,+20950,2,+150,+0.72,13067509,11600,18191,+6591,+2707,549100,854770,+305670,+120656,KRX
20090904,-20800,5,-1250,-5.67,21346466,15285,19169,+3884,+633,733109,918123,+185014,+37664,KRX
20090903,-22050,5,-300,-1.34,5971982,10755,14006,+3251,+1314,485362,632712,+147350,+62132,KRX
20090902,+22350,2,+200,+0.90,8342236,11643,13580,+1937,--6167,522673,607891,+85218,--279731,KRX
20090901,+22150,2,+200,+0.91,10233959,7767,15871,+8104,+23698,353591,718540,+364949,+1075626,KRX
20090831,+21950,2,+600,+2.81,11911512,28002,12408,--15594,--13194,1275927,565250,--710677,--598260,KRX
20090828,+21350,2,+500,+2.40,11403053,8948,6548,--2400,--2523,419147,306730,--112417,--118353,KRX
20090827,20850,3,0,0.00,6848697,6065,6188,+123,+8446,292544,298480,+5936,+402219,KRX
20090826,+20850,2,+150,+0.72,7857118,12249,3926,--8323,--5130,583683,187400,--396283,--241974,KRX
20090825,+20700,2,+50,+0.24,7741956,10224,7031,--3193,--1886,493693,339384,--154309,--92432,KRX
20090824,+20650,2,+950,+4.82,13385631,10450,9143,--1307,+5510,507757,445880,--61877,+282259,KRX
20090821,-19700,5,-400,-1.99,13583840,12820,6003,--6817,--5779,647523,303387,--344136,--290643,KRX
20090820,+20100,2,+200,+1.01,11169091,10613,9575,--1038,+5921,532703,479210,--53493,+300761,KRX
20090819,+19900,2,+750,+3.92,17291637,14974,8015,--6959,+981,756564,402310,--354254,+60016,KRX
20090818,+19150,2,+350,+1.86,12615682,22073,14133,--7940,+4151,1157440,743170,--414270,+219290,KRX
20090817,-18800,5,-350,-1.83,10552949,15583,3492,--12091,--5522,817340,183780,--633560,--284536,KRX
20090814,+19150,2,+750,+4.08,12320924,12947,6378,--6569,+10027,687194,338170,--349024,+547446,KRX
20090813,-18400,5,-500,-2.65,13231369,23009,6413,--16596,--12116,1243980,347510,--896470,--656690,KRX
20090812,+18900,2,+300,+1.61,17813032,9164,4684,--4480,--4514,488560,248780,--239780,--241295,KRX
20090811,+18600,2,+400,+2.20,14053236,9953,9987,+34,+7626,535995,537510,+1515,+413764,KRX
20090810,+18200,2,+50,+0.28,8571965,13785,6193,--7592,--26188,750799,338550,--412249,--1446959,KRX
20090807,+18150,2,+650,+3.71,14589415,13925,32521,+18596,+18932,770600,1805310,+1034710,+1054310,KRX
20090806,-17500,5,-200,-1.13,12385565,10251,9915,--336,--323,590490,570890,--19600,--14464,KRX
20090805,-17700,5,-150,-0.84,11745602,9672,9659,--13,+2482,544286,539150,--5136,+131814,KRX
20090804,+17850,2,+150,+0.85,15731887,10051,7556,--2495,+1081,554572,417622,--136950,+63955,KRX
20090803,+17700,2,+100,+0.57,12948203,13780,10204,--3576,+491,785425,584520,--200905,+26454,KRX
20090731,-17600,5,-550,-3.03,16374335,14278,10211,--4067,--2212,802429,575070,--227359,--124878,KRX
20090730,-18150,5,-50,-0.27,10074365,6962,5107,--1855,+8825,386054,283573,--102481,+484774,KRX
20090729,+18200,2,+450,+2.54,18403320,16475,5795,--10680,--5516,905394,318139,--587255,--295635,KRX
20090728,-17750,5,-250,-1.39,12783092,14067,8903,--5164,--17095,793760,502140,--291620,--974699,KRX
20090727,+18000,2,+1650,+10.09,31801331,10124,22055,+11931,+8774,568518,1251597,+683079,+491189,KRX
20090724,-16350,5,-50,-0.30,12807995,6051,9208,+3157,--1365,368651,560541,+191890,--82783,KRX
20090723,-16400,5,-550,-3.24,15750443,5069,9591,+4522,+4369,307430,582103,+274673,+266311,KRX
20090722,-16950,5,-200,-1.17,10763568,9967,10120,+153,+5331,590982,599344,+8362,+313136,KRX
20090721,+17150,2,+450,+2.69,15621417,13536,8358,--5178,--14317,795449,490675,--304774,--863563,KRX
20090720,+16700,2,+1100,+7.05,17268677,7463,16602,+9139,+9513,455660,1014449,+558789,+583253,KRX
20090717,-15600,5,-50,-0.32,6393433,5918,5544,--374,+3225,376924,352460,--24464,+203636,KRX
20090716,+15650,2,+150,+0.97,15430088,10415,6816,--3599,+1128,661740,433640,--228100,+81095,KRX
20090715,+15500,2,+750,+5.08,11250294,8759,4032,--4727,--7427,573070,263875,--309195,--492365,KRX
20090714,+14750,2,+550,+3.87,10244227,6717,9417,+2700,+5163,456590,639760,+183170,+354710,KRX
20090713,-14200,5,-650,-4.38,10369533,8143,5680,--2463,--2885,562240,390700,--171540,--201465,KRX
20090710,-14850,5,-650,-4.19,8883315,5122,5544,+422,+5579,340115,370040,+29925,+365962,KRX
20090709,-15500,5,-50,-0.32,9450993,13436,8279,--5157,+6326,872859,536822,--336037,+406550,KRX
20090708,+15550,2,+150,+0.97,10876454,18669,7186,--11483,--15735,1206957,464370,--742587,--1015016,KRX
20090707,+15400,2,+350,+2.33,16569771,8471,12723,+4252,+6545,546341,818770,+272429,+426019,KRX
20090706,+15050,2,+100,+0.67,12488472,6794,4501,--2293,+2507,452070,298480,--153590,+170650,KRX
20090703,+14950,2,+350,+2.40,20828975,8585,3785,--4800,--3606,578870,254630,--324240,--238948,KRX
20090702,+14600,2,+800,+5.80,22129448,8391,7197,--1194,--791,589500,504208,--85292,--55930,KRX
20090701,+13800,2,+150,+1.10,6348426,4819,4416,--403,--10217,350702,321340,--29362,--738267,KRX
20090630,13650,3,0,0.00,8169007,3197,13011,+9814,+4904,233407,942312,+708905,+355381,KRX
20090629,-13650,5,-200,-1.44,6420398,1402,6312,+4910,+7827,101512,455036,+353524,+562794,KRX
20090626,-13850,5,-250,-1.77,10171021,5736,2819,--2917,--6700,412330,203060,--209270,--476460,KRX
20090625,+14100,2,+150,+1.08,14695955,8257,12040,+3783,+7975,590380,857570,+267190,+574644,KRX
20090624,+13950,2,+500,+3.72,16224844,11597,7405,--4192,+309,841210,533756,--307454,+25836,KRX
20090623,-13450,5,-300,-2.18,12055343,8849,4348,--4501,--5284,653900,320610,--333290,--390104,KRX
20090622,+13750,2,+500,+3.77,11726775,4963,5746,+783,--46,364086,420900,+56814,--5186,KRX
20090619,+13250,2,+150,+1.15,7774458,4278,5107,+829,+4766,323837,385837,+62000,+357111,KRX
20090618,-13100,5,-600,-4.38,11531912,10130,6193,--3937,+704,751861,456750,--295111,+48829,KRX
20090617,+13700,2,+450,+3.40,12958253,7286,2645,--4641,+1435,541270,197330,--343940,+114700,KRX
20090616,13250,3,0,0.00,10882429,7599,1523,--6076,+1383,573500,114860,--458640,+123202,KRX
20090615,+13250,2,+300,+2.32,10211879,11003,3544,--7459,--4385,853522,271680,--581842,--343545,KRX
20090612,+12950,2,+50,+0.39,8633675,4948,1874,--3074,--6754,382237,143940,--238297,--521247,KRX
20090611,-12900,5,-350,-2.64,13039695,17170,20850,+3680,--5750,1327150,1610100,+282950,--434285,KRX
20090610,+13250,2,+350,+2.71,9683737,2803,12233,+9430,+8342,213285,930520,+717235,+635573,KRX
20090609,-12900,5,-750,-5.49,19344803,6859,7947,+1088,--25338,523908,605570,+81662,--1854544,KRX
20090608,-13650,5,-400,-2.85,12372726,4528,30954,+26426,+33127,328754,2264960,+1936206,+2419240,KRX
20090605,+14050,2,+550,+4.07,19456585,15639,8938,--6701,--28794,1124944,641910,--483034,--2116374,KRX
20090604,+13500,2,+150,+1.12,19556966,9102,31195,+22093,+23470,680700,2314040,+1633340,+1737466,KRX
20090603,+13350,2,+650,+5.12,16455705,7653,6276,--1377,+2615,585340,481214,--104126,+202304,KRX
20090602,-12700,5,-50,-0.39,15303063,7220,3228,--3992,--1028,555120,248690,--306430,--73810,KRX
20090601,-12750,5,-150,-1.16,9924471,6855,3891,--2964,--22385,537508,304888,--232620,--1733440,KRX
20090529,+12900,2,+350,+2.79,24124960,10198,29619,+19421,+18197,802230,2303050,+1500820,+1406722,KRX
20090528,+12550,2,+1050,+9.13,28836037,8319,9543,+1224,+4319,683542,777640,+94098,+367620,KRX
20090527,-11500,5,-500,-4.17,49801818,10170,7075,--3095,+1812,872392,598870,--273522,+122655,KRX
20090526,-12000,5,-650,-5.14,26447941,9766,4859,--4907,--1968,792647,396470,--396177,--152947,KRX
20090525,12650,3,0,0.00,25830440,8002,5063,--2939,--569,649970,406740,--243230,--55150,KRX
20090522,-12650,5,-800,-5.95,23876041,6561,4191,--2370,+2614,510530,322450,--188080,+169110,KRX
20090521,-13450,5,-1050,-7.24,20981896,8512,3528,--4984,--3999,616840,259650,--357190,--287708,KRX
20090520,-14500,5,-50,-0.34,10267177,8642,7657,--985,--5913,597405,527923,--69482,--402752,KRX
20090519,+14550,2,+1150,+8.58,28290828,5878,10806,+4928,+7835,413530,746800,+333270,+550580,KRX
20090518,+13400,2,+100,+0.75,12031276,5293,2386,--2907,--4752,395940,178630,--217310,--347630,KRX
20090515,-13300,5,-550,-3.97,16828722,5129,6974,+1845,+10256,369310,499630,+130320,+736266,KRX
20090514,-13850,5,-100,-0.72,14802659,17535,9124,--8411,+2697,1265299,659353,--605946,+184804,KRX
20090513,-13950,5,-600,-4.12,16636143,17159,6051,--11108,--7335,1219560,428810,--790750,--529144,KRX
20090512,+14550,2,+350,+2.46,17349902,12173,8400,--3773,--5460,839582,577976,--261606,--369766,KRX
20090511,+14200,2,+300,+2.16,20016386,7818,9505,+1687,--2716,556760,664920,+108160,--208120,KRX
20090508,-13900,5,-150,-1.07,15656645,2986,7389,+4403,--2534,215490,531770,+316280,--169690,KRX
20090507,-14050,5,-700,-4.75,24593485,5074,12011,+6937,+14839,351040,837010,+485970,+1006129,KRX
20090506,-14750,5,-200,-1.34,17761105,14926,7024,--7902,--9121,986400,466241,--520159,--596008,KRX
20090504,+14950,2,+550,+3.82,17371268,7600,8819,+1219,+834,517641,593490,+75849,+50979,KRX
20090430,-14400,5,-200,-1.37,15580272,10210,10595,+385,--3699,699520,724390,+24870,--257040,KRX
20090429,+14600,2,+600,+4.29,17081322,3125,7209,+4084,--1722,216760,498670,+281910,--115399,KRX
20090428,-14000,5,-1350,-8.79,21960962,2621,8427,+5806,+8102,181061,578370,+397309,+546904,KRX
20090427,+15350,2,+250,+1.66,17993922,7042,4746,--2296,--4163,456677,307082,--149595,--276335,KRX
20090424,-15100,5,-750,-4.73,26270469,4591,6458,+1867,+1614,292550,419290,+126740,+108739,KRX
20090423,-15850,5,-800,-4.80,45232886,6899,7152,+253,+6588,421829,439830,+18001,+417970,KRX
20090422,+16650,1,+2150,+14.83,54439888,11679,5344,--6335,--6591,734939,334970,--399969,--418669,KRX
20090421,-14500,5,-50,-0.34,17295630,5106,5362,+256,+9990,360000,378700,+18700,+698241,KRX
20090420,+14550,2,+150,+1.04,20895627,13884,4150,--9734,--15833,965846,286305,--679541,--1101477,KRX
20090417,+14400,2,+1150,+8.68,46113677,9948,16047,+6099,+11058,698154,1120090,+421936,+787756,KRX
20090416,-13250,5,-200,-1.49,16621687,10402,5443,--4959,--3180,767830,402010,--365820,--246853,KRX
20090415,-13450,5,-400,-2.89,28194119,8489,6710,--1779,--1611,611517,492550,--118967,--105663,KRX
20090414,+13850,2,+450,+3.36,27023873,9741,9573,--168,+387,701694,688390,--13304,+25816,KRX
20090413,-13400,5,-100,-0.74,39786234,7257,6702,--555,+4622,535380,496260,--39120,+329120,KRX
20090410,-13500,5,-600,-4.26,29031077,12357,7180,--5177,--10011,889140,520900,--368240,--712449,KRX
20090409,+14100,2,+100,+0.71,63044100,8674,13508,+4834,+3496,626061,970270,+344209,+247929,KRX
20090408,-14000,5,-300,-2.10,26324884,4218,5556,+1338,--52,297940,394220,+96280,+1003,KRX
20090407,+14300,2,+150,+1.06,46647621,5891,7281,+1390,+1318,413948,509225,+95277,+84631,KRX
20090406,+14150,2,+1550,+12.30,52769400,7954,8026,+72,--1131,565644,576290,+10646,--85999,KRX
20090403,-12600,5,-100,-0.79,17144425,5749,6952,+1203,--4663,447075,543720,+96645,--364055,KRX
20090402,+12700,2,+450,+3.67,31025939,3481,9347,+5866,+11228,272020,732720,+460700,+897340,KRX
20090401,-12250,5,-100,-0.81,37850694,10809,5447,--5362,--7045,887160,450520,--436640,--573860,KRX
20090331,-12350,5,-50,-0.40,30767790,4946,6629,+1683,+2981,402520,539740,+137220,+242358,KRX
20090330,+12400,2,+400,+3.33,35157932,4462,3164,--1298,+756,359860,254722,--105138,+63700,KRX
20090327,+12000,2,+300,+2.56,55606535,11035,8981,--2054,--13487,896820,727982,--168838,--1215812,KRX
20090326,+11700,1,+1500,+14.71,42897076,5999,17432,+11433,+11482,533796,1580770,+1046974,+1047050,KRX
20090325,-10200,5,-200,-1.92,19992556,5199,5150,--49,+5675,515036,514960,--76,+542151,KRX
20090324,+10400,2,+100,+0.97,17417646,10638,4914,--5724,--9730,1015567,473340,--542227,--942897,KRX
20090323,+10300,2,+720,+7.52,20927884,5275,9281,+4006,+791,524730,925400,+400670,+68460,KRX
20090320,-9580,5,-160,-1.64,14038867,3019,6234,+3215,+1142,313990,646200,+332210,+120050,KRX
20090319,-9740,5,-90,-0.92,14817067,4154,6227,+2073,+3399,419410,631570,+212160,+351634,KRX
20090318,+9830,2,+430,+4.57,22326193,6151,4825,--1326,--7195,635324,495850,--139474,--776914,KRX
20090317,+9400,2,+520,+5.86,18626330,2019,7888,+5869,+10760,218210,855650,+637440,+1167210,KRX
20090316,-8880,5,-460,-4.93,24746478,10828,5937,--4891,--11086,1179970,650200,--529770,--1197223,KRX
20090313,+9340,2,+750,+8.73,44218387,3739,9934,+6195,--7641,408907,1076360,+667453,--939095,KRX
20090312,+8590,2,+380,+4.63,29010150,7577,21413,+13836,+9756,881492,2488040,+1606548,+1116968,KRX
20090311,+8210,2,+80,+0.98,22029442,2220,6300,+4080,+357,267360,756940,+489580,+34250,KRX
20090310,-8130,5,-90,-1.09,14995779,1826,5549,+3723,+4261,224090,679420,+455330,+518580,KRX
20090309,-8220,5,-110,-1.32,11887133,3980,3442,--538,--3098,479480,416230,--63250,--374310,KRX
20090306,+8330,2,+60,+0.73,11385447,2993,5553,+2560,+4170,360940,672000,+311060,+497207,KRX
20090305,-8270,5,-380,-4.39,12913454,7199,5589,--1610,+9973,843267,657120,--186147,+1181106,KRX
20090304,+8650,2,+330,+3.97,13294050,15536,3953,--11583,--13086,1830523,463270,--1367253,--1552282,KRX
20090303,+8320,2,+180,+2.21,12885157,5500,7003,+1503,+6862,668200,853229,+185029,+825451,KRX
20090302,-8140,5,-500,-5.79,8676942,7680,2321,--5359,--14068,920852,280430,--640422,--1649182,KRX
20090227,+8640,2,+300,+3.60,15342819,4511,13220,+8709,+7102,528040,1536800,+1008760,+830060,KRX
20090226,-8340,5,-110,-1.30,14541159,3846,5453,+1607,+4034,457140,635840,+178700,+449289,KRX
20090225,-8450,5,-120,-1.40,13749405,5986,3559,--2427,--690,679989,409400,--270589,--66889,KRX
20090224,-8570,5,-240,-2.72,16043964,5973,4236,--1737,--5301,696550,492850,--203700,--627474,KRX
20090223,+8810,2,+930,+11.80,19001571,5518,9082,+3564,+2709,660046,1083820,+423774,+317289,KRX
20090220,-7880,5,-450,-5.40,12258053,4070,4925,+855,+4431,505388,611873,+106485,+517185,KRX
20090219,-8330,5,-270,-3.14,19992822,7968,4392,--3576,--2774,925520,514820,--410700,--310773,KRX
20090218,+8600,2,+390,+4.75,18954482,6720,5918,--802,--1203,802247,702320,--99927,--158867,KRX
20090217,-8210,5,-740,-8.27,22117081,4968,5369,+401,--430,587350,646290,+58940,--26360,KRX
20090216,-8950,5,-310,-3.35,19790060,6250,7081,+831,--3736,677260,762560,+85300,--433912,KRX
20090213,+9260,2,+390,+4.40,24434908,2540,7107,+4567,+2695,283488,802700,+519212,+308982,KRX
20090212,-8870,5,-370,-4.00,16910703,8100,9972,+1872,+3000,908740,1118970,+210230,+332229,KRX
20090211,-9240,5,-390,-4.05,19516731,6209,5081,--1128,--7189,671009,549010,--121999,--746699,KRX
20090210,+9630,2,+180,+1.90,21933858,4570,10631,+6061,+4401,478140,1102840,+624700,+447686,KRX
20090209,+9450,2,+70,+0.75,22679581,3538,5198,+1660,--2700,368016,545030,+177014,--280893,KRX
20090206,+9380,2,+30,+0.32,33892409,3602,7962,+4360,+3895,378618,836525,+457907,+412677,KRX
20090205,-9350,5,-170,-1.79,44643467,3384,3849,+465,--6777,349720,394950,+45230,--714270,KRX
20090204,+9520,2,+410,+4.50,26379570,2486,9728,+7242,+9099,261930,1021430,+759500,+964670,KRX
20090203,+9110,2,+210,+2.36,22423398,7770,5913,--1857,+3117,852900,647730,--205170,+342050,KRX
20090202,-8900,5,-80,-0.89,39829390,8640,3666,--4974,--11531,948240,401020,--547220,--1323230,KRX
20090130,+8980,2,+1030,+12.96,58818596,6836,13393,+6557,+4545,783900,1559910,+776010,+514570,KRX
20090129,-7950,5,-110,-1.36,42863315,5376,7388,+2012,+6659,650690,912130,+261440,+836545,KRX
20090128,+8060,1,+1050,+14.98,31037050,6734,2087,--4647,--4215,837165,262060,--575105,--512695,KRX
20090123,-7010,5,-420,-5.65,12876173,3742,3310,--432,+9955,527280,464870,--62410,+1237423,KRX
20090122,-7430,5,-440,-5.59,19902707,13325,2938,--10387,--11771,1684133,384300,--1299833,--1474893,KRX
20090121,-7870,5,-200,-2.48,22036337,2904,4288,+1384,+4738,368230,543290,+175060,+605320,KRX
20090120,+8070,2,+230,+2.93,36818187,5440,2086,--3354,--3327,694090,263830,--430260,--439570,KRX
20090119,+7840,2,+890,+12.81,37087667,5360,5333,--27,--438,689770,699080,+9310,--49783,KRX
20090116,+6950,2,+380,+5.78,12866838,2325,2736,+411,+4084,337467,396560,+59093,+604703,KRX
20090115,-6570,5,-160,-2.38,19672790,6508,2835,--3673,--1445,968200,422590,--545610,--219260,KRX
20090114,-6730,5,-340,-4.81,28285960,4095,1867,--2228,--717,602030,275680,--326350,--111680,KRX
20090113,+7070,2,+150,+2.17,15418377,3192,1681,--1511,--2932,452460,237790,--214670,--419551,KRX
20090112,-6920,5,-420,-5.72,12604076,2202,3623,+1421,+1324,308789,513670,+204881,+188381,KRX
20090109,-7340,5,-590,-7.44,19557922,3800,3897,+97,+277,498510,515010,+16500,+39410,KRX
20090108,+7930,2,+450,+6.02,33526570,6268,6088,--180,+845,799500,776590,--22910,+114380,KRX
20090107,+7480,2,+90,+1.22,21738913,4684,3659,--1025,--6207,631130,493840,--137290,--823830,KRX
20090106,+7390,2,+170,+2.35,21448221,3003,8185,+5182,+1600,400340,1086880,+686540,+205297,KRX
20090105,+7220,2,+40,+0.56,16123115,3959,7541,+3582,+5521,540740,1021983,+481243,+773193,KRX
20090102,+7180,2,+480,+7.16,9146590,4351,2412,--1939,--1670,640990,349040,--291950,--250650,KRX
20081230,+6700,2,+60,+0.90,7981766,3823,3554,--269,+632,560390,519090,--41300,+101600,KRX
20081229,-6640,5,-290,-4.18,12660549,3044,2143,--901,--2746,467240,324340,--142900,--400368,KRX
20081226,+6930,2,+210,+3.13,13755069,2338,4183,+1845,--387,332270,589738,+257468,--52112,KRX
20081224,-6720,5,-980,-12.73,17870865,2441,4673,+2232,+3128,335920,645500,+309580,+429660,KRX
20081223,-7700,5,-510,-6.21,26829220,3179,2283,--896,--2426,419480,299400,--120080,--304692,KRX
20081222,-8210,5,-310,-3.64,29318397,3752,5282,+1530,+3439,448228,632840,+184612,+407911,KRX
20081219,+8520,2,+390,+4.80,41478962,7963,6054,--1909,--7266,927467,704168,--223299,--932629,KRX
20081218,+8130,2,+900,+12.45,41753637,3153,8510,+5357,+8470,411930,1121260,+709330,+1140432,KRX
20081217,+7230,2,+250,+3.58,29648919,8327,5214,--3113,--8772,1147942,716840,--431102,--1294663,KRX
20081216,+6980,2,+590,+9.23,24419651,4002,9661,+5659,+2093,600260,1463821,+863561,+331175,KRX
20081215,+6390,2,+40,+0.63,19754181,1636,5202,+3566,+807,246644,779030,+532386,+120386,KRX
20081212,-6350,5,-170,-2.61,39142063,3977,6736,+2759,--105,623950,1035950,+412000,--26156,KRX
20081211,-6520,5,-860,-11.65,37843788,9353,12217,+2864,+3602,1379470,1817626,+438156,+559698,KRX
20081210,-7380,5,-10,-0.14,37064039,8098,7360,--738,--2092,1071232,949690,--121542,--307522,KRX
20081209,-7390,5,-410,-5.26,14292227,3304,4658,+1354,--2271,436620,622600,+185980,--279963,KRX
20081208,+7800,2,+240,+3.17,16594784,3128,6753,+3625,+2986,400427,866370,+465943,+389181,KRX
20081205,+7560,2,+260,+3.56,25539622,5056,5695,+639,+380,678958,755720,+76762,+43642,KRX
20081204,+7300,2,+210,+2.96,20445004,3093,3352,+259,--282,420100,453220,+33120,--47140,KRX
20081203,-7090,5,-110,-1.53,20681363,4907,5448,+541,+3405,669680,749940,+80260,+478680,KRX
20081202,-7200,5,-400,-5.26,14635621,5276,2412,--2864,+739,733990,335570,--398420,+65970,KRX
20081201,+7600,2,+190,+2.56,28804998,6804,3201,--3603,--4589,874840,410450,--464390,--602279,KRX
20081128,+7410,2,+460,+6.62,42704580,8536,9522,+986,--4678,1143490,1281379,+137889,--728501,KRX
20081127,+6950,2,+880,+14.50,47941825,5906,11570,+5664,--2631,883210,1749600,+866390,--499830,KRX
20081126,+6070,2,+210,+3.58,19181762,2812,11107,+8295,+351,465380,1831600,+1366220,+31740,KRX
20081125,+5860,2,+10,+0.17,17419772,3290,11234,+7944,+8891,544890,1879370,+1334480,+1475402,KRX
20081124,-5850,5,-810,-12.16,23696202,5323,4376,--947,--2821,806862,665940,--140922,--462286,KRX
20081121,+6660,2,+270,+4.23,28913829,3670,5544,+1874,--1224,561436,882800,+321364,--153086,KRX
20081120,-6390,4,-1120,-14.91,18358063,2362,5460,+3098,--1549,362960,837410,+474450,--140434,KRX
20081119,-7510,5,-600,-7.40,20735768,4498,9145,+4647,+6063,580046,1194930,+614884,+780764,KRX
20081118,-8110,5,-1020,-11.17,14054739,5951,4535,--1416,--5358,700790,534910,--165880,--589287,KRX
20081117,-9130,5,-650,-6.65,9901418,5411,9353,+3942,+6691,586130,1009537,+423407,+693695,KRX
20081114,-9780,5,-20,-0.20,6823967,7471,4722,--2749,--9309,743950,473662,--270288,--931468,KRX
20081113,-9800,5,-700,-6.67,7259925,4938,11498,+6560,+3474,495480,1156660,+661180,+363410,KRX
20081112,+10500,2,+300,+2.94,11145918,4220,7306,+3086,--345,403410,701180,+297770,--28570,KRX
20081111,-10200,5,-950,-8.52,9065222,3740,7171,+3431,--303,355250,681590,+326340,--790,KRX
20081110,+11150,2,+150,+1.36,9349427,7047,10781,+3734,+1946,633470,960600,+327130,+160560,KRX
20081107,+11000,2,+900,+8.91,12725681,7072,8860,+1788,--10251,674120,840690,+166570,--986130,KRX
20081106,-10100,5,-550,-5.16,14644000,4511,16550,+12039,+4560,432910,1585610,+1152700,+455290,KRX
20081105,+10650,2,+400,+3.90,15468470,7541,15020,+7479,+4111,695530,1392940,+697410,+373560,KRX
20081104,-10250,5,-750,-6.82,12204231,6682,10050,+3368,--1645,651110,974960,+323850,--123990,KRX
20081103,+11000,2,+200,+1.85,13154574,7443,12456,+5013,+4567,674910,1122750,+447840,+425550,KRX
20081031,+10800,2,+50,+0.47,17501273,13683,14129,+446,+1511,1283580,1305870,+22290,+126910,KRX
20081030,+10750,1,+1380,+14.73,12787652,7906,6841,--1065,+7839,769240,664620,--104620,+805350,KRX
20081029,+9370,2,+40,+0.43,26635118,15001,6097,--8904,--2795,1530680,620710,--909970,--247360,KRX
20081028,+9330,1,+1210,+14.90,12729315,9071,2962,--6109,--5200,996960,334350,--662610,--569490,KRX
20081027,-8120,5,-730,-8.25,15370512,9815,8906,--909,--3923,1110570,1017450,--93120,--422130,KRX
20081024,-8850,4,-1550,-14.90,13981438,4654,7668,+3014,--607,477130,806140,+329010,--16300,KRX
20081023,-10400,4,-1800,-14.75,12341832,12068,15689,+3621,--2597,1102730,1448040,+345310,--109290,KRX
20081022,-12200,4,-2100,-14.69,13390252,7172,13390,+6218,+9603,555210,1009810,+454600,+662340,KRX
20081021,-14300,5,-1050,-6.84,6490341,10169,6784,--3385,--10842,664820,457080,--207740,--700180,KRX
20081020,+15350,2,+350,+2.33,5960991,7257,14714,+7457,+3101,485550,977990,+492440,+196700,KRX
20081017,-15000,5,-350,-2.28,5481293,12966,17322,+4356,--3216,832060,1127800,+295740,--184410,KRX
20081016,-15350,5,-2650,-14.72,6998460,7871,15443,+7572,+7412,488870,969020,+480150,+471320,KRX
20081015,-18000,5,-800,-4.26,5761075,10050,10210,+160,--2291,553670,562500,+8830,--125420,KRX
20081014,+18800,2,+2100,+12.57,8893519,11920,14371,+2451,+2152,659820,794070,+134250,+115940,KRX
20081013,+16700,2,+1500,+9.87,7553196,10700,10999,+299,+7519,662570,680880,+18310,+520360,KRX
20081010,-15200,5,-500,-3.18,6131136,17119,9899,--7220,--8319,1169490,667440,--502050,--565530,KRX
20081009,+15700,2,+600,+3.97,9502446,14974,16073,+1099,+5514,958350,1021830,+63480,+339790,KRX
20081008,-15100,4,-2650,-14.93,5504238,12680,8265,--4415,--13163,783550,507240,--276310,--777280,KRX
20081007,-17750,5,-50,-0.28,4730915,4620,13368,+8748,+14733,262340,763310,+500970,+830650,KRX
20081006,-17800,5,-1200,-6.32,6150554,11985,6000,--5985,--9941,662840,333160,--329680,--533190,KRX
20081002,-19000,5,-450,-2.31,4389812,4812,8768,+3956,+3181,249420,452930,+203510,+163600,KRX
20081001,+19450,2,+100,+0.52,2363222,9602,10377,+775,--12248,493640,533550,+39910,--643810,KRX
20080930,19350,3,0,0.00,5375058,10910,23933,+13023,+1776,571840,1255560,+683720,+118150,KRX
20080929,-19350,5,-50,-0.26,5321015,11616,22863,+11247,+11295,588810,1154380,+565570,+565440,KRX
20080926,-19400,5,-750,-3.72,4504066,7974,7926,--48,+2546,403460,403590,+130,+129820,KRX
20080925,-20150,5,-150,-0.74,6480136,10856,8262,--2594,--8736,541000,411310,--129690,--435760,KRX
20080924,+20300,2,+300,+1.50,4866411,4005,10147,+6142,+1058,199900,505970,+306070,+46250,KRX
20080923,+20000,2,+500,+2.56,4199586,6639,11723,+5084,--3939,335970,595790,+259820,--191800,KRX
20080922,-19500,5,-550,-2.74,6308938,7701,16724,+9023,--4904,387850,839470,+451620,--252920,KRX
20080919,+20050,2,+1500,+8.09,7043209,6275,20202,+13927,+14490,316460,1021000,+704540,+737940,KRX
20080918,-18550,5,-1350,-6.78,7311118,13411,12848,--563,--24601,715540,682140,--33400,--1248550,KRX
20080917,+19900,2,+1800,+9.94,8049428,15672,39710,+24038,+20343,797390,2012540,+1215150,+1022910,KRX
20080916,-18100,5,-2300,-11.27,7057420,20974,24669,+3695,+4834,1141070,1333310,+192240,+249440,KRX
20080912,+20400,2,+100,+0.49,4004898,9850,8711,--1139,--8041,476110,418910,--57200,--389280,KRX
20080911,+20300,2,+200,+1.00,9022907,33772,40674,+6902,+4952,1655810,1987890,+332080,+233490,KRX
20080910,+20100,2,+1500,+8.06,7351630,14355,16305,+1950,+15179,733700,832290,+98590,+789730,KRX
20080909,-18600,5,-1300,-6.53,6715913,19022,5793,--13229,--1132,998770,307630,--691140,--50250,KRX
20080908,+19900,2,+2550,+14.70,8245506,24573,12476,--12097,--8908,1294600,653710,--640890,--458550,KRX
20080905,-17350,5,-500,-2.80,7117937,14763,11574,--3189,+4358,846390,664050,--182340,+232740,KRX
20080904,-17850,5,-1250,-6.54,7152996,16140,8593,--7547,--4589,889300,474220,--415080,--256630,KRX
20080903,+19100,2,+1900,+11.05,7503678,15459,12501,--2958,--20922,842700,684250,--158450,--1195640,KRX
20080902,17200,3,0,0.00,5751252,9815,27779,+17964,+5760,570130,1607320,+1037190,+357570,KRX
20080901,-17200,5,-2200,-11.34,7082737,10442,22646,+12204,+8503,582970,1262590,+679620,+492360,KRX
20080829,+19400,2,+200,+1.04,4899520,12321,16022,+3701,--1310,635870,823130,+187260,--72810,KRX
20080828,-19200,5,-600,-3.03,4519749,8024,13035,+5011,--6814,408420,668490,+260070,--333950,KRX
20080827,-19800,5,-750,-3.65,6578670,5504,17329,+11825,--296,277150,871170,+594020,+5220,KRX
20080826,-20550,5,-500,-2.38,3761696,4579,16700,+12121,+4100,222620,811420,+588800,+210230,KRX
20080825,+21050,2,+100,+0.48,2070203,2464,10485,+8021,+2850,116280,494850,+378570,+132610,KRX
20080822,-20950,5,-650,-3.01,3607546,4387,9558,+5171,+3564,209460,455420,+245960,+171620,KRX
20080821,-21600,5,-500,-2.26,3034362,7290,8897,+1607,--6032,338300,412640,+74340,--273300,KRX
20080820,-22100,5,-300,-1.34,3894367,4093,11732,+7639,+4366,186060,533700,+347640,+199710,KRX
20080819,-22400,5,-1000,-4.27,3078400,8345,11618,+3273,+8830,367490,515420,+147930,+387640,KRX
20080818,-23400,5,-100,-0.43,2416751,9042,3485,--5557,--9622,389770,150060,--239710,--416630,KRX
20080814,+23500,2,+300,+1.29,3224350,10126,14191,+4065,+4550,435010,611930,+176920,+196790,KRX
20080813,-23200,5,-100,-0.43,2750788,8321,7836,--485,+2746,354310,334440,--19870,+114760,KRX
20080812,-23300,5,-500,-2.10,4560056,10095,6864,--3231,--5413,425510,290880,--134630,--227800,KRX
20080811,+23800,2,+1200,+5.31,5737712,14768,16950,+2182,+4910,624160,717330,+93170,+211030,KRX
20080808,+22600,2,+500,+2.26,4721418,11886,9158,--2728,+24111,524100,406240,--117860,+1067980,KRX
20080807,-22100,5,-300,-1.34,6003004,31751,4912,--26839,--24721,1406740,220900,--1185840,--1091830,KRX
20080806,+22400,2,+1700,+8.21,5188398,9821,7703,--2118,--10849,445370,351360,--94010,--512470,KRX
20080805,+20700,2,+200,+0.98,3403773,6121,14852,+8731,+5714,294850,713310,+418460,+272220,KRX
20080804,-20500,5,-550,-2.61,3331192,7970,10987,+3017,--49,388940,535180,+146240,+460,KRX
20080801,-21050,5,-600,-2.77,3394626,5468,8534,+3066,--1789,257570,403350,+145780,--77710,KRX
20080731,+21650,2,+550,+2.61,4185605,5646,10501,+4855,--10263,261870,485360,+223490,--482820,KRX
20080730,-21100,5,-700,-3.21,7361013,4413,19531,+15118,+21813,203360,909670,+706310,+1011020,KRX
20080729,-21800,5,-1200,-5.22,4930027,13342,6647,--6695,--13308,607340,302630,--304710,--593080,KRX
20080728,-23000,5,-350,-1.50,3473152,4004,10617,+6613,+662,174150,462520,+288370,+33270,KRX
20080725,-23350,5,-550,-2.30,4330678,8412,14363,+5951,+1855,357170,612270,+255100,+79050,KRX
20080724,+23900,2,+650,+2.80,6858488,12000,16096,+4096,+3611,507600,683650,+176050,+157420,KRX
20080723,-23250,5,-150,-0.64,5522028,14480,14965,+485,+4926,627010,645640,+18630,+208330,KRX
20080722,-23400,5,-450,-1.89,4405562,13135,8694,--4441,--15689,565380,375680,--189700,--670320,KRX
20080721,+23850,2,+1200,+5.30,3523891,11575,22823,+11248,+17765,488590,969210,+480620,+767580,KRX
20080718,+22650,2,+450,+2.03,4092848,11303,4786,--6517,+2853,497210,210250,--286960,+135020,KRX
20080717,+22200,2,+550,+2.54,4204834,17610,8240,--9370,--21143,791410,369430,--421980,--962300,KRX
20080716,-21650,5,-500,-2.26,5536556,13269,25042,+11773,+12771,609490,1149810,+540320,+584810,KRX
20080715,-22150,5,-1050,-4.53,2922887,10998,10000,--998,--34,489770,445280,--44490,--5710,KRX
20080714,-23200,5,-550,-2.32,2990080,10448,9484,--964,+13923,443940,405160,--38780,+598590,KRX
20080711,+23750,2,+1050,+4.63,4667715,24661,9774,--14887,--19450,1053330,415960,--637370,--842010,KRX
20080710,+22700,2,+150,+0.67,5012777,22554,27117,+4563,+7931,1002940,1207580,+204640,+351750,KRX
20080709,-22550,5,-100,-0.44,3364576,12322,8954,--3368,--10976,536040,388930,--147110,--481460,KRX
20080708,-22650,5,-400,-1.74,3817869,6321,13929,+7608,--10633,277920,612270,+334350,--465990,KRX
20080707,-23050,5,-300,-1.28,5666235,10334,28575,+18241,+17957,449940,1250280,+800340,+781710,KRX
20080704,-23350,5,-1700,-6.79,7131896,14901,15185,+284,+5994,622070,640700,+18630,+253860,KRX
20080703,+25050,2,+1300,+5.47,6437012,29563,23853,--5710,--21752,1203900,968670,--235230,--906760,KRX
20080702,-23750,5,-800,-3.26,4662581,8175,24217,+16042,+8412,343490,1015020,+671530,+359200,KRX
20080701,-24550,5,-450,-1.80,7000530,15283,22913,+7630,--7620,628530,940860,+312330,--293600,KRX
20080630,-25000,5,-950,-3.66,5483324,17149,32399,+15250,+7323,676160,1282090,+605930,+302630,KRX
20080627,-25950,5,-1250,-4.60,4516941,6829,14756,+7927,+7587,262000,565300,+303300,+290730,KRX
20080626,+27200,2,+50,+0.18,2468597,7816,8156,+340,--6535,284910,297480,+12570,--242630,KRX
20080625,-27150,5,-300,-1.09,2791496,8094,14969,+6875,+5517,298130,553330,+255200,+204940,KRX
20080624,-27450,5,-500,-1.79,2075540,6320,7678,+1358,--2591,228740,279000,+50260,--92610,KRX
20080623,27950,3,0,0.00,2690083,5597,9546,+3949,--281,201610,344480,+142870,--10110,KRX
20080620,+27950,2,+100,+0.36,3854455,9604,13834,+4230,+6568,346830,499810,+152980,+237310,KRX
20080619,-27850,5,-600,-2.11,3138101,10469,8131,--2338,--5252,376430,292100,--84330,--185760,KRX
20080618,-28450,5,-450,-1.56,4139315,10744,13658,+2914,+6323,380530,481960,+101430,+218990,KRX
20080617,-28900,5,-500,-1.70,3319275,17545,14136,--3409,--4820,607940,490380,--117560,--165190,KRX
20080616,+29400,2,+50,+0.17,2139938,10535,11946,+1411,--8685,354680,402310,+47630,--298320,KRX
20080613,+29350,2,+150,+0.51,3991754,7234,17330,+10096,+14866,247280,593230,+345950,+508660,KRX
20080612,-29200,5,-1950,-6.26,7259093,35768,30998,--4770,--4028,1217420,1054710,--162710,--138520,KRX
20080611,-31150,5,-50,-0.16,2463221,9107,8365,--742,+12342,294360,270170,--24190,+394830,KRX
20080610,-31200,5,-250,-0.79,4087318,22758,9674,--13084,+3437,728720,309700,--419020,+105480,KRX
20080609,+31450,2,+150,+0.48,4808300,25699,9178,--16521,--1718,815860,291360,--524500,--47930,KRX
20080605,+31300,2,+1050,+3.47,6289488,33304,18501,--14803,--19125,1068790,592220,--476570,--620400,KRX
20080604,+30250,2,+200,+0.67,2531317,11095,15417,+4322,+6626,363240,507070,+143830,+219020,KRX
20080603,-30050,5,-300,-0.99,2862655,11587,9283,--2304,+11571,381980,306790,--75190,+380760,KRX
20080602,-30350,5,-650,-2.10,3055725,24022,10147,--13875,--141003,789430,333480,--455950,--4570000,KRX
20080530,+31000,2,+1100,+3.68,10127440,68832,195960,+127128,+112506,2225910,6339960,+4114050,+3625650,KRX
20080529,+29900,2,+450,+1.53,3042082,7695,22317,+14622,+22062,256260,744660,+488400,+740430,KRX
20080528,29450,3,0,0.00,3229536,20375,12935,--7440,--10008,689560,437530,--252030,--342570,KRX
20080527,+29450,2,+850,+2.97,3667896,18963,21531,+2568,--20584,643730,734270,+90540,--714670,KRX
20080526,-28600,5,-800,-2.72,3771698,8113,31265,+23152,+31701,283150,1088360,+805210,+1094600,KRX
20080523,-29400,5,-250,-0.84,2759817,13526,4977,--8549,--3930,458730,169340,--289390,--133080,KRX
20080522,-29650,5,-350,-1.17,2973122,12119,7500,--4619,--9647,410820,254510,--156310,--324290,KRX
20080521,+30000,2,+150,+0.50,3053708,7928,12956,+5028,+751,263620,431600,+167980,+23860,KRX
20080520,-29850,5,-750,-2.45,5436958,7180,11457,+4277,+11373,242080,386200,+144120,+376420,KRX
20080519,30600,3,0,0.00,4020996,15769,8673,--7096,--6351,515810,283510,--232300,--208410,KRX
20080516,+30600,2,+200,+0.66,4756489,18580,17835,--745,+8182,605260,581370,--23890,+271400,KRX
20080515,+30400,2,+1000,+3.40,8450892,28004,19077,--8927,--13270,924950,629660,--295290,--441870,KRX
20080514,+29400,2,+200,+0.68,2837691,8956,13299,+4343,+2332,303760,450340,+146580,+77940,KRX
20080513,29200,3,0,0.00,2644485,7595,9606,+2011,+13844,260980,329620,+68640,+473520,KRX
20080509,+29200,2,+100,+0.34,3870034,17518,5685,--11833,--6051,599550,194670,--404880,--207680,KRX
20080508,+29100,2,+800,+2.83,6404820,25852,20070,--5782,--6139,888050,690850,--197200,--209320,KRX
20080507,-28300,5,-50,-0.18,3764461,7644,8001,+357,+1536,270380,282500,+12120,+54100,KRX
20080506,+28350,2,+400,+1.43,3790033,12728,11549,--1179,+1393,450220,408240,--41980,+50700,KRX
20080502,+27950,2,+1150,+4.29,5879147,18379,15807,--2572,--8476,661360,568680,--92680,--313190,KRX
20080430,26800,3,0,0.00,3156175,4677,10581,+5904,+1343,175530,396040,+220510,+50730,KRX
20080429,+26800,2,+150,+0.56,3654818,8148,12709,+4561,--26559,303690,473470,+169780,--996200,KRX
20080428,-26650,5,-1450,-5.16,11741135,12603,43723,+31120,+22272,472290,1638270,+1165980,+852920,KRX
20080425,-28100,5,-400,-1.40,7947243,5491,14339,+8848,+14081,194500,507560,+313060,+487750,KRX
20080424,-28500,5,-450,-1.55,5910222,16480,11247,--5233,--14561,568530,393840,--174690,--494060,KRX
20080423,-28950,5,-500,-1.70,5245300,6252,15580,+9328,+17833,214850,534220,+319370,+604550,KRX
20080422,+29450,2,+100,+0.34,6268959,21519,13014,--8505,+3153,721710,436530,--285180,+115430,KRX
20080421,+29350,2,+1050,+3.71,5874179,14004,2346,--11658,--18301,481150,80540,--400610,--633350,KRX
20080418,+28300,2,+250,+0.89,3338982,4417,11060,+6643,+6231,154520,387260,+232740,+218400,KRX
20080417,+28050,2,+250,+0.90,4626093,7119,7531,+412,--5463,251520,265860,+14340,--194530,KRX
20080416,-27800,5,-50,-0.18,3704662,4340,10215,+5875,--4160,155270,364140,+208870,--151600,KRX
20080415,-27850,5,-1050,-3.63,6857099,6930,16965,+10035,+10420,246690,607160,+360470,+373830,KRX
20080414,-28900,5,-50,-0.17,5397841,9775,9390,--385,+2520,336420,323060,--13360,+87930,KRX
20080411,+28950,2,+1300,+4.70,11133910,13386,10481,--2905,--10014,465930,364640,--101290,--357470,KRX
20080410,+27650,2,+800,+2.98,4927300,11830,18939,+7109,+11316,429430,685610,+256180,+410150,KRX
20080408,-26850,5,-600,-2.19,4726599,14029,9822,--4207,--9548,517920,363950,--153970,--347520,KRX
20080407,-27450,5,-550,-1.96,3686099,13719,19060,+5341,--2869,499620,693170,+193550,--102740,KRX
20080404,-28000,5,-250,-0.88,2774528,5408,13618,+8210,+3138,193490,489780,+296290,+116320,KRX
20080403,+28250,2,+100,+0.36,3046327,5576,10648,+5072,--3538,197960,377930,+179970,--121670,KRX
20080402,+28150,2,+250,+0.90,4544842,6698,15308,+8610,+8861,236140,537780,+301640,+311760,KRX
20080401,+27900,2,+50,+0.18,7407189,12290,12039,--251,+4040,437180,427060,--10120,+145180,KRX
20080331,+27850,2,+1550,+5.89,12337043,16652,12361,--4291,--8133,600520,445220,--155300,--301970,KRX
20080328,+26300,2,+500,+1.94,3121447,5835,9677,+3842,--4054,222720,369390,+146670,--161130,KRX
20080327,-25800,5,-650,-2.46,5285519,4743,12639,+7896,+19242,185210,493010,+307800,+734080,KRX
20080326,+26450,2,+550,+2.12,4662565,15412,4066,--11346,--9982,579350,153070,--426280,--375070,KRX
20080325,-25900,5,-150,-0.58,3046637,6322,4958,--1364,+1806,241550,190340,--51210,+70610,KRX
20080324,-26050,5,-200,-0.76,3381961,8385,5215,--3170,+3443,321080,199260,--121820,+136790,KRX
20080321,+26250,2,+1500,+6.06,7573430,16519,9906,--6613,--7868,643310,384700,--258610,--310190,KRX
20080320,+24750,2,+650,+2.70,3304085,6910,8165,+1255,--6657,284040,335620,+51580,--270520,KRX
20080319,-24100,5,-50,-0.21,3362228,7704,15616,+7912,+6168,314870,636970,+322100,+250350,KRX
20080318,+24150,2,+150,+0.63,2744891,6969,8713,+1744,--4002,291920,363670,+71750,--174140,KRX
20080317,+24000,2,+200,+0.84,3966402,8562,14308,+5746,+2315,366240,612130,+245890,+103670,KRX
20080314,-23800,5,-100,-0.42,2458362,6239,9670,+3431,+2109,261340,403560,+142220,+88680,KRX
20080313,-23900,5,-600,-2.45,3069033,12591,13913,+1322,--7177,525510,579050,+53540,--287550,KRX
20080312,-24500,5,-50,-0.20,4104595,3911,12410,+8499,+12078,155640,496730,+341090,+487750,KRX
20080311,+24550,2,+850,+3.59,3165583,11325,7746,--3579,--17676,465070,318410,--146660,--739830,KRX
20080310,-23700,5,-350,-1.46,2244452,2479,16576,+14097,+16734,104150,697320,+593170,+702060,KRX
20080307,-24050,5,-850,-3.41,3371537,9242,6605,--2637,--2339,382490,273600,--108890,--95540,KRX
20080306,+24900,2,+600,+2.47,6740104,10244,9946,--298,+3391,416340,402990,--13350,+138340,KRX
20080305,+24300,2,+650,+2.75,3918323,13833,10144,--3689,--2146,569120,417430,--151690,--86200,KRX
20080304,+23650,2,+350,+1.50,3972577,5865,4322,--1543,+4733,248150,182660,--65490,+200620,KRX
20080303,-23300,5,-1250,-5.09,4473335,15791,9515,--6276,--2058,670370,404260,--266110,--93870,KRX
20080229,-24550,5,-350,-1.41,2448630,9810,5592,--4218,+10171,399930,227690,--172240,+409840,KRX
20080228,-24900,5,-50,-0.20,4076337,18111,3722,--14389,--18752,732060,149980,--582080,--768690,KRX
20080227,+24950,2,+1850,+8.01,5583440,8479,12842,+4363,+3778,346970,533580,+186610,+160450,KRX
20080226,-23100,5,-400,-1.70,3754101,3627,4212,+585,--19863,154760,180920,+26160,--841020,KRX
20080225,-23500,5,-250,-1.05,4647320,1152,21600,+20448,+14073,48960,916140,+867180,+599140,KRX
20080222,-23750,5,-800,-3.26,5641334,6217,12592,+6375,--17,261630,529670,+268040,+9250,KRX
20080221,-24550,5,-50,-0.20,3190984,3906,10298,+6392,+4026,158580,417370,+258790,+161360,KRX
20080220,-24600,5,-900,-3.53,4093336,8619,10985,+2366,--1965,344480,441910,+97430,--72860,KRX
20080219,-25500,5,-150,-0.58,3222968,5945,10276,+4331,+1263,233280,403570,+170290,+51520,KRX
20080218,-25650,5,-350,-1.35,3023722,5240,8308,+3068,+6151,205420,324190,+118770,+237520,KRX
20080215,-26000,5,-200,-0.76,3354368,8725,5642,--3083,--11981,335970,217220,--118750,--457950,KRX
20080214,+26200,2,+400,+1.55,4234387,5338,14236,+8898,+5658,203940,543140,+339200,+212370,KRX
20080213,-25800,5,-450,-1.71,2743869,7548,10788,+3240,+6167,289660,416490,+126830,+238000,KRX
20080212,+26250,2,+150,+0.57,4783467,9828,6901,--2927,--5523,369220,258050,--111170,--210500,KRX
20080211,+26100,2,+50,+0.19,3825822,8472,11068,+2596,+2687,326190,425520,+99330,+102040,KRX
20080205,+26050,2,+50,+0.19,2539347,8724,8633,--91,+631,333070,330360,--2710,+26220,KRX
20080204,+26000,2,+700,+2.77,5335745,8778,8056,--722,--271,337630,308700,--28930,--10860,KRX
20080201,-25300,5,-700,-2.69,5957399,13987,13536,--451,--3434,553150,535080,--18070,--132710,KRX
20080131,-26000,5,-100,-0.38,4468228,12064,15047,+2983,+3958,463880,578520,+114640,+152520,KRX
20080130,+26100,2,+850,+3.37,9025016,20771,19796,--975,--7209,794030,756150,--37880,--286250,KRX
20080129,+25250,2,+800,+3.27,4308059,7978,14212,+6234,+3850,317300,565670,+248370,+151170,KRX
20080128,-24450,5,-700,-2.78,3506559,7236,9620,+2384,--1452,292970,390170,+97200,--53840,KRX
20080125,-25150,5,-950,-3.64,5772990,6787,10623,+3836,+2982,266920,417960,+151040,+118460,KRX
20080124,+26100,2,+800,+3.16,5131742,9765,10619,+854,+1607,373370,405950,+32580,+62090,KRX
20080123,+25300,2,+300,+1.20,6163397,13815,13062,--753,--2405,539720,510210,--29510,--96640,KRX
20080122,25000,3,0,0.00,9745690,19208,20860,+1652,+6706,764080,831210,+67130,+268190,KRX
20080121,+25000,2,+500,+2.04,7523875,21724,16670,--5054,--12992,860720,659660,--201060,--522880,KRX
20080118,24500,3,0,0.00,9942980,13385,21323,+7938,+3171,543750,865570,+321820,+112600,KRX
20080117,+24500,2,+2650,+12.13,10714366,11946,16713,+4767,--7660,504870,714090,+209220,--351380,KRX
20080116,-21850,5,-900,-3.96,4795073,8537,20964,+12427,+11161,385630,946230,+560600,+502320,KRX
20080115,-22750,5,-500,-2.15,3431690,6764,8030,+1266,--158,290800,349080,+58280,--2220,KRX
20080114,-23250,5,-450,-1.90,1868227,9161,10585,+1424,+9173,390940,451440,+60500,+387260,KRX
20080111,+23700,2,+400,+1.72,3832372,14676,6927,--7749,--7749,617770,291010,--326760,--326760,KRX
20080110,-23300,5,-200,-0.85,1980789,0,0,0,+9509,0,0,0,+415790,KRX
20080109,+23500,2,+400,+1.73,3217076,12881,3372,--9509,--11232,560890,145100,--415790,--491370,KRX
20080108,-23100,5,-500,-2.12,3245201,8027,9750,+1723,--929,346070,421650,+75580,--37300,KRX
20080107,-23600,5,-800,-3.28,4062797,6681,9333,+2652,--161,283370,396250,+112880,--3570,KRX
20080104,-24400,5,-200,-0.81,3164048,6452,9265,+2813,+4993,265700,382150,+116450,+205230,KRX
20080103,-24600,5,-250,-1.01,2770877,7921,5741,--2180,--2955,322760,233980,--88780,--121590,KRX
20080102,-24850,5,-1100,-4.24,3440780,14418,15193,+775,+8523,572890,605700,+32810,+329850,KRX
20071228,-25950,5,-50,-0.19,1957218,9439,1691,--7748,--3673,361900,64860,--297040,--142620,KRX
20071227,+26000,2,+300,+1.17,2801760,7365,3290,--4075,--5915,280350,125930,--154420,--226220,KRX
20071226,-25700,5,-50,-0.19,2519317,6218,8058,+1840,+5307,239170,310970,+71800,+206550,KRX
20071224,+25750,2,+1050,+4.25,4274037,9650,6183,--3467,--13129,377500,242750,--134750,--533860,KRX
20071221,+24700,2,+200,+0.82,3196468,4284,13946,+9662,+3664,176380,575490,+399110,+157280,KRX
20071220,-24500,5,-750,-2.97,2833831,7919,13917,+5998,+6378,318890,560720,+241830,+258930,KRX
20071218,25250,3,0,0.00,3724869,10817,10437,--380,--2217,432690,415590,--17100,--90440,KRX
20071217,-25250,5,-300,-1.17,3689736,6941,8778,+1837,+4881,274540,347880,+73340,+191010,KRX
20071214,-25550,5,-450,-1.73,4201350,10804,7760,--3044,+23272,420580,302910,--117670,+892330,KRX
20071213,-26000,5,-50,-0.19,4870974,33991,7675,--26316,--32167,1304830,294830,--1010000,--1236080,KRX
20071212,-26050,5,-450,-1.70,6195074,6993,12844,+5851,+3111,272550,498630,+226080,+122630,KRX
20071211,-26500,5,-500,-1.85,5025999,6247,8987,+2740,--3354,235230,338680,+103450,--119410,KRX
20071210,-27000,5,-500,-1.82,5444833,11809,17903,+6094,+6818,438110,660970,+222860,+250040,KRX
20071207,+27500,2,+550,+2.04,9077272,12087,11363,--724,--5941,438440,411260,--27180,--222100,KRX
20071206,+26950,2,+1300,+5.07,8883477,14902,20119,+5217,+9568,554700,749620,+194920,+371020,KRX
20071205,+25650,2,+200,+0.79,4208569,13910,9559,--4351,--5411,550860,374760,--176100,--217600,KRX
20071204,+25450,2,+250,+0.99,2905890,5184,6244,+1060,--829,203140,244640,+41500,--33440,KRX
20071203,-25200,5,-700,-2.70,3668301,6214,8103,+1889,--27278,246310,321250,+74940,--1055220,KRX
20071130,+25900,2,+1400,+5.71,8695045,20233,49400,+29167,+24013,789340,1919500,+1130160,+916570,KRX
20071129,+24500,2,+1700,+7.46,10821316,18834,23988,+5154,+5219,770080,983670,+213590,+217100,KRX
20071128,-22800,5,-50,-0.22,3036224,6048,5983,--65,--3745,262080,258570,--3510,--164620,KRX
20071127,-22850,5,-100,-0.44,3078706,7491,11171,+3680,+8446,332170,493280,+161110,+367490,KRX
20071126,+22950,2,+250,+1.10,2447060,8234,3468,--4766,--9430,356890,150510,--206380,--408280,KRX
20071123,22700,3,0,0.00,3714491,9048,13712,+4664,+3044,394810,596710,+201900,+127880,KRX
20071122,+22700,2,+200,+0.89,3842767,10000,11620,+1620,+16243,440180,514200,+74020,+720680,KRX
20071121,-22500,5,-500,-2.17,2697096,18942,4319,--14623,--18468,838130,191470,--646660,--817510,KRX
20071120,23000,3,0,0.00,3052344,6019,9864,+3845,+8269,266250,437100,+170850,+361320,KRX
20071119,-23000,5,-750,-3.16,4960780,19477,15053,--4424,+1251,843120,652650,--190470,+46200,KRX
20071116,+23750,2,+50,+0.21,5976549,10501,4826,--5675,--9079,436900,200230,--236670,--378640,KRX
20071115,+23700,2,+500,+2.16,4804998,7962,11366,+3404,--409,335270,477240,+141970,--24510,KRX
20071114,23200,3,0,0.00,3680017,7274,11087,+3813,+5340,308840,475320,+166480,+232330,KRX
20071113,+23200,2,+150,+0.65,3105225,10204,8677,--1527,+2220,441880,376030,--65850,+98030,KRX
20071112,-23050,5,-400,-1.71,2903394,8168,4421,--3747,--8864,357170,193290,--163880,--386330,KRX
20071109,+23450,2,+50,+0.21,5543055,10579,15696,+5117,+21311,453750,676200,+222450,+902880,KRX
20071108,-23400,5,-1250,-5.07,5652792,26156,9962,--16194,--16017,1103800,423370,--680430,--670700,KRX
20071107,+24650,2,+500,+2.07,6282531,6939,6762,--177,+2664,279270,269540,--9730,+111290,KRX
20071106,+24150,2,+500,+2.11,5339468,9091,6250,--2841,+2479,377840,256820,--121020,+104040,KRX
20071105,-23650,5,-450,-1.87,4010378,12385,7065,--5320,--5336,524700,299640,--225060,--226380,KRX
20071102,-24100,5,-450,-1.83,3383856,10574,10590,+16,+229,439670,440990,+1320,+10640,KRX
20071101,-24550,5,-450,-1.80,4716452,7186,6973,--213,+3058,288290,278970,--9320,+123250,KRX
20071031,+25000,2,+150,+0.60,8838583,11267,7996,--3271,--18095,443730,311160,--132570,--733890,KRX
20071030,-24850,5,-500,-1.97,6290150,7141,21965,+14824,+15958,290990,892310,+601320,+646920,KRX
20071029,-25350,5,-1000,-3.80,8870871,12329,11195,--1134,--4820,484960,439360,--45600,--225300,KRX
20071026,+26350,2,+3350,+14.57,19042962,23245,26931,+3686,--3855,911060,1090760,+179700,--141070,KRX
20071025,-23000,5,-1300,-5.35,9004225,13665,21206,+7541,+4837,589040,909810,+320770,+204600,KRX
20071024,-24300,5,-850,-3.38,6949179,14679,17383,+2704,+11396,591750,707920,+116170,+461050,KRX
20071023,-25150,5,-100,-0.40,4899273,17011,8319,--8692,--6406,674780,329900,--344880,--254200,KRX
20071022,-25250,5,-750,-2.88,5298719,13740,11454,--2286,+5945,547330,456650,--90680,+222230,KRX
20071019,-26000,5,-100,-0.38,5299247,13049,4818,--8231,--9772,496330,183420,--312910,--373470,KRX
20071018,-26100,5,-700,-2.61,8770212,10839,12380,+1541,+14749,413600,474160,+60560,+554280,KRX
20071017,+26800,2,+100,+0.37,6559482,25918,12710,--13208,--26214,966670,472950,--493720,--979680,KRX
20071016,-26700,5,-1300,-4.64,10340035,9715,22721,+13006,+11525,362480,848440,+485960,+432640,KRX
20071015,-28000,5,-300,-1.06,4293122,6893,8374,+1481,+5480,244770,298090,+53320,+193990,KRX
20071012,-28300,5,-350,-1.22,8134755,11567,7568,--3999,--7090,406770,266100,--140670,--248770,KRX
20071011,-28650,5,-300,-1.04,5057857,10888,13979,+3091,--347,381010,489110,+108100,--11410,KRX
20071010,-28950,5,-50,-0.17,4775770,3761,7199,+3438,--2029,130540,250050,+119510,--69570,KRX
20071009,-29000,5,-300,-1.02,5305075,5663,11130,+5467,+9851,196110,385190,+189080,+337660,KRX
20071008,-29300,5,-100,-0.34,5402021,8853,4469,--4384,--12522,300370,151790,--148580,--426760,KRX
20071005,-29400,5,-300,-1.01,5673386,5685,13823,+8138,--12358,194450,472630,+278180,--410360,KRX
20071004,-29700,5,-1300,-4.19,8514602,7062,27558,+20496,+15765,236830,925370,+688540,+535740,KRX
20071002,-31000,5,-100,-0.32,6479229,11814,16545,+4731,--373,380550,533350,+152800,--11540,KRX
20071001,-31100,5,-200,-0.64,5335855,9696,14800,+5104,+18349,313910,478250,+164340,+584370,KRX
20070928,+31300,2,+350,+1.13,7468733,19796,6551,--13245,+1218,628040,208010,--420030,+44960,KRX
20070927,+30950,2,+1750,+5.99,7895709,28564,14101,--14463,--16616,930010,465020,--464990,--539700,KRX
20070921,+29200,2,+350,+1.21,4900130,12629,14782,+2153,--2752,433950,508660,+74710,--92240,KRX
20070920,-28850,5,-1300,-4.31,7546620,12782,17687,+4905,--9463,440520,607470,+166950,--307800,KRX
20070919,+30150,2,+600,+2.03,5373391,9095,23463,+14368,+12522,300230,774980,+474750,+412160,KRX
20070918,-29550,5,-1000,-3.27,6086663,9557,11403,+1846,+2693,321750,384340,+62590,+89880,KRX
20070917,+30550,2,+150,+0.49,2882498,5351,4504,--847,--11310,174910,147620,--27290,--370170,KRX
20070914,-30400,5,-100,-0.33,6113911,6269,16732,+10463,+8481,206360,549240,+342880,+279310,KRX
20070913,-30500,5,-900,-2.87,7401219,18740,20722,+1982,+9304,614960,678530,+63570,+294800,KRX
20070912,-31400,5,-200,-0.63,3485293,11610,4288,--7322,+1593,366950,135720,--231230,+51460,KRX
20070911,+31600,2,+450,+1.44,5258972,16705,7790,--8915,--20973,528150,245460,--282690,--676360,KRX
20070910,+31150,2,+150,+0.48,6595526,10088,22146,+12058,+36188,326460,720130,+393670,+1169300,KRX
20070907,-31000,5,-1050,-3.28,9907081,36788,12658,--24130,--44108,1182840,407210,--775630,--1400880,KRX
20070906,-32050,5,-750,-2.29,9870563,3101,23079,+19978,+32679,97190,722440,+625250,+1008500,KRX
20070905,+32800,2,+200,+0.61,6786303,24256,11555,--12701,--9995,731800,348550,--383250,--299450,KRX
20070904,-32600,5,-400,-1.21,5397346,14510,11804,--2706,+102,445580,361780,--83800,--640,KRX
20070903,-33000,5,-750,-2.22,5607944,11042,8234,--2808,--35843,332290,249130,--83160,--1066480,KRX
20070831,+33750,2,+200,+0.60,6283061,7684,40719,+33035,+26070,229600,1212920,+983320,+778430,KRX
20070830,+33550,2,+850,+2.60,7173559,21892,28857,+6965,--6956,648560,853450,+204890,--227790,KRX
20070829,-32700,5,-500,-1.51,7808173,16204,30125,+13921,+3496,504490,937170,+432680,+119730,KRX
20070828,-33200,5,-1150,-3.35,10770631,20186,30611,+10425,+12994,612370,925320,+312950,+391110,KRX
20070827,-34350,5,-1200,-3.38,9563374,15674,13105,--2569,+5677,455290,377130,--78160,+155510,KRX
20070824,-35550,5,-1150,-3.13,7036301,17781,9535,--8246,--10208,501960,268290,--233670,--283950,KRX
20070823,-36700,5,-50,-0.14,4023192,15715,17677,+1962,--6312,425150,475430,+50280,--174590,KRX
20070822,+36750,2,+800,+2.23,4169620,7743,16017,+8274,+5049,211240,436110,+224870,+137550,KRX
20070821,-35950,5,-800,-2.18,3603886,10271,13496,+3225,+10616,283620,370940,+87320,+289610,KRX
20070820,+36750,2,+1450,+4.11,4153220,13577,6186,--7391,--5305,370900,168610,--202290,--142790,KRX
20070817,-35300,5,-1250,-3.42,5098790,19613,17527,--2086,--37714,546100,486600,--59500,--1035450,KRX
20070816,-36550,5,-1850,-4.82,7972490,9786,45414,+35628,+29796,268120,1244070,+975950,+825060,KRX
20070814,-38400,5,-600,-1.54,4686175,6211,12043,+5832,--7673,159770,310660,+150890,--200880,KRX
20070813,+39000,2,+1700,+4.56,5732127,3301,16806,+13505,+26714,86200,437970,+351770,+699170,KRX
20070810,-37300,5,-1400,-3.62,6148580,22555,9346,--13209,--9863,594890,247490,--347400,--260350,KRX
20070809,+38700,2,+1050,+2.79,6014002,17544,14198,--3346,--19212,453720,366670,--87050,--510880,KRX
20070808,+37650,2,+550,+1.48,2787643,3103,18969,+15866,+14690,83170,507000,+423830,+393070,KRX
20070807,-37100,5,-250,-0.67,2590020,8144,9320,+1176,--9325,218470,249230,+30760,--245300,KRX
20070806,+37350,2,+250,+0.67,6559845,19020,29521,+10501,+10595,508350,784410,+276060,+278400,KRX
20070803,+37100,2,+1300,+3.63,4779523,12416,12322,--94,--18981,341010,338670,--2340,--527500,KRX
20070802,+35800,2,+500,+1.42,4686778,12801,31688,+18887,+35421,357740,882900,+525160,+988670,KRX
20070801,-35300,5,-2300,-6.12,7216105,29827,13293,--16534,--15629,835970,372460,--463510,--437200,KRX
20070731,+37600,2,+650,+1.76,3762650,14394,13489,--905,--2836,384730,358420,--26310,--78820,KRX
20070730,+36950,2,+600,+1.65,4119960,12835,14766,+1931,--2096,348940,401450,+52510,--56320,KRX
20070727,-36350,5,-1050,-2.81,8138128,17387,21414,+4027,+3878,466530,575360,+108830,+105540,KRX
20070726,-37400,5,-900,-2.35,4975523,12881,13030,+149,--4033,338200,341490,+3290,--104990,KRX
20070725,-38300,5,-700,-1.79,4579628,5183,9365,+4182,--9657,134920,243200,+108280,--244540,KRX
20070724,-39000,5,-200,-0.51,4053341,7283,21122,+13839,+19099,185380,538200,+352820,+484970,KRX
20070723,39200,3,0,0.00,5066982,16332,11072,--5260,--2614,412730,280580,--132150,--62130,KRX
20070720,+39200,2,+1650,+4.39,6008139,15067,12421,--2646,--13618,392200,322180,--70020,--361930,KRX
20070719,-37550,5,-150,-0.40,3350177,8113,19085,+10972,+16155,216600,508510,+291910,+429890,KRX
20070718,+37700,2,+150,+0.40,4634352,19625,14442,--5183,--6855,518170,380190,--137980,--181890,KRX
20070716,-37550,5,-1550,-3.96,5778636,12698,14370,+1672,+1990,333720,377630,+43910,+52510,KRX
20070713,+39100,2,+300,+0.77,7064650,8703,8385,--318,+6414,222740,214140,--8600,+164830,KRX
20070712,+38800,2,+600,+1.57,6062962,20438,13706,--6732,--7914,525300,351870,--173430,--204070,KRX
20070711,+38200,2,+500,+1.33,7312966,10733,11915,+1182,+5250,280660,311300,+30640,+138610,KRX
20070710,+37700,2,+300,+0.80,5585871,8711,4643,--4068,+2768,232000,124030,--107970,+73010,KRX
20070709,-37400,5,-200,-0.53,10001749,14377,7541,--6836,--7221,380800,199820,--180980,--191780,KRX
20070706,+37600,2,+1700,+4.74,12637910,12594,12979,+385,+682,338640,349440,+10800,+18160,KRX
20070705,+35900,2,+950,+2.72,13703732,10894,10597,--297,+3699,300790,293430,--7360,+107750,KRX
20070704,+34950,2,+1450,+4.33,9822228,14272,10276,--3996,+979,410930,295820,--115110,+32180,KRX
20070703,+33500,2,+100,+0.30,3948367,8545,3570,--4975,--9060,253480,106190,--147290,--270320,KRX
20070702,+33400,2,+50,+0.15,4268886,5169,9254,+4085,--3241,156450,279480,+123030,--91980,KRX
20070629,-33350,5,-550,-1.62,5400964,8585,15911,+7326,+13628,254260,469270,+215010,+400240,KRX
20070628,+33900,2,+400,+1.19,4400397,8437,2135,--6302,+5504,248440,63210,--185230,+163590,KRX
20070627,-33500,5,-550,-1.62,4255969,18071,6265,--11806,--14854,535490,186670,--348820,--440550,KRX
20070626,+34050,2,+350,+1.04,6743839,7167,10215,+3048,+18006,213110,304840,+91730,+529790,KRX
20070625,-33700,5,-1000,-2.88,7028284,28064,13106,--14958,--3580,822510,384450,--438060,--109230,KRX
20070622,+34700,2,+200,+0.58,14024812,16226,4848,--11378,--12170,468990,140160,--328830,--353200,KRX
20070621,+34500,2,+2350,+7.31,18845309,24494,25286,+792,+3924,722680,747050,+24370,+119410,KRX
20070620,32150,3,0,0.00,8060920,14492,11360,--3132,+8566,445490,350450,--95040,+265540,KRX
20070619,+32150,2,+300,+0.94,9350751,16020,4322,--11698,--8341,494510,133930,--360580,--255450,KRX
20070618,+31850,2,+1250,+4.08,11729939,12466,9109,--3357,--4988,392030,286900,--105130,--158720,KRX
20070615,-30600,5,-300,-0.97,6227967,9474,11105,+1631,+109,310850,364440,+53590,+5100,KRX
20070614,+30900,2,+50,+0.16,5828082,24024,25546,+1522,+17953,779570,828060,+48490,+583100,KRX
20070613,-30850,5,-600,-1.91,5747647,21365,4934,--16431,--17218,694720,160110,--534610,--559670,KRX
20070612,-31450,5,-550,-1.72,5688974,7898,8685,+787,+19658,251870,276930,+25060,+613330,KRX
20070611,+32000,2,+450,+1.43,7402322,27965,9094,--18871,--13016,870510,282240,--588270,--404190,KRX
20070608,+31550,2,+650,+2.10,8611266,16297,10442,--5855,--241,520020,335940,--184080,--3700,KRX
20070607,+30900,2,+100,+0.32,5124594,12573,6959,--5614,+1383,407270,226890,--180380,+45110,KRX
20070605,+30800,2,+300,+0.98,6665324,13638,6641,--6997,--5191,439940,214450,--225490,--167660,KRX
20070604,+30500,2,+200,+0.66,9815586,18804,16998,--1806,+16399,608220,550390,--57830,+540680,KRX
20070601,+30300,2,+1550,+5.39,15433445,29708,11503,--18205,--14215,976060,377550,--598510,--459220,KRX
20070531,+28750,2,+500,+1.77,6161738,10252,6262,--3990,+1824,357800,218510,--139290,+69280,KRX
20070530,-28250,5,-400,-1.40,7569606,18976,13162,--5814,+20305,678300,469730,--208570,+700910,KRX
20070529,-28650,5,-700,-2.39,9365372,33762,7643,--26119,--21483,1177270,267790,--909480,--752090,KRX
20070528,-29350,5,-550,-1.84,5449928,9864,5228,--4636,--671,335270,177880,--157390,--24010,KRX
20070525,+29900,2,+450,+1.53,5379926,9683,5718,--3965,+11597,325140,191760,--133380,+394460,KRX
20070523,+29450,2,+50,+0.17,5998034,19653,4091,--15562,--3876,666010,138170,--527840,--126560,KRX
20070522,+29400,2,+250,+0.86,9477332,14060,2374,--11686,--13915,482490,81210,--401280,--477770,KRX
20070521,-29150,5,-150,-0.51,6855853,5807,8036,+2229,+8649,198560,275050,+76490,+296500,KRX
20070518,-29300,5,-950,-3.14,12476719,16859,10439,--6420,--6443,577080,357070,--220010,--220120,KRX
20070517,-30250,5,-550,-1.79,8666679,9751,9774,+23,--266,322000,322110,+110,--9630,KRX
20070516,-30800,5,-750,-2.38,6944296,6984,7273,+289,--1799,225620,235360,+9740,--55670,KRX
20070515,+31550,2,+100,+0.32,3176004,11321,13409,+2088,+7242,361480,426890,+65410,+228810,KRX
20070514,-31450,5,-250,-0.79,4931328,10771,5617,--5154,+4532,341750,178350,--163400,+144280,KRX
20070511,-31700,5,-300,-0.94,4464540,15828,6142,--9686,--14323,501890,194210,--307680,--452880,KRX
20070510,-32000,5,-550,-1.69,6832181,13761,18398,+4637,+10457,428820,574020,+145200,+324820,KRX
20070509,-32550,5,-150,-0.46,4038513,11688,5868,--5820,--7431,360880,181260,--179620,--229460,KRX
20070508,-32700,5,-600,-1.80,4523488,7502,9113,+1611,+3884,228800,278640,+49840,+114650,KRX
20070507,+33300,2,+1450,+4.55,10312955,17553,15280,--2273,--1544,528210,463400,--64810,--42210,KRX
20070504,31850,3,0,0.00,3223554,4017,3288,--729,--3489,125820,103220,--22600,--109520,KRX
20070503,-31850,5,-150,-0.47,3307683,3021,5781,+2760,+10866,94310,181230,+86920,+341070,KRX
20070502,-32000,5,-50,-0.16,3643420,10887,2781,--8106,--9134,341230,87080,--254150,--286350,KRX
20070430,32050,3,0,0.00,2193274,4746,5774,+1028,+3003,148350,180550,+32200,+94140,KRX
20070427,-32050,5,-150,-0.47,4749691,9619,7644,--1975,+2688,300030,238090,--61940,+82120,KRX
20070426,32200,3,0,0.00,6446199,8760,4097,--4663,--710,270800,126740,--144060,--21070,KRX
20070425,+32200,2,+450,+1.42,7722678,17458,13505,--3953,--2793,548100,425110,--122990,--86050,KRX
20070424,-31750,5,-600,-1.85,7995396,8655,7495,--1160,+2611,272710,235770,--36940,+78420,KRX
20070423,32350,3,0,0.00,5696747,9328,5557,--3771,--512,286260,170900,--115360,--14300,KRX
20070420,+32350,2,+150,+0.47,5839748,12450,9191,--3259,--3260,385030,283970,--101060,--101710,KRX
20070419,-32200,5,-1000,-3.01,13135781,12036,12037,+1,+2290,372230,372880,+650,+69800,KRX
20070418,-33200,5,-350,-1.04,5546126,8857,6568,--2289,--6908,266920,197770,--69150,--207320,KRX
20070417,-33550,5,-100,-0.30,5687469,8425,13044,+4619,+14568,250740,388910,+138170,+433510,KRX
20070416,-33650,5,-450,-1.32,5968063,17566,7617,--9949,+4546,521630,226290,--295340,+128760,KRX
20070413,34100,3,0,0.00,4626449,17009,2514,--14495,--12164,497790,73690,--424100,--355270,KRX
20070412,-34100,5,-100,-0.29,4174016,23036,20705,--2331,+6,675780,606950,--68830,+120,KRX
20070411,+34200,2,+800,+2.40,8008720,10652,8315,--2337,+13258,311570,242620,--68950,+398670,KRX
20070410,+33400,2,+200,+0.60,5332747,26526,10931,--15595,--19071,794720,327100,--467620,--572390,KRX
20070409,-33200,5,-200,-0.60,3773099,6112,9588,+3476,+13257,184570,289340,+104770,+396230,KRX
20070406,-33400,5,-400,-1.18,3160861,12642,2861,--9781,--7456,377020,85560,--291460,--222410,KRX
20070405,33800,3,0,0.00,3983978,9250,6925,--2325,+5627,272740,203690,--69050,+166760,KRX
20070404,+33800,2,+700,+2.11,7654806,17518,9566,--7952,+11189,518100,282290,--235810,+350330,KRX
20070403,+33100,2,+750,+2.32,6493707,20695,1554,--19141,--22270,633560,47420,--586140,--682280,KRX
20070402,-32350,5,-50,-0.15,3333963,4486,7615,+3129,+18254,137870,234010,+96140,+561880,KRX
20070330,32400,3,0,0.00,3112160,20259,5134,--15125,--17551,623800,158060,--465740,--540520,KRX
20070329,-32400,5,-100,-0.31,4239393,4726,7152,+2426,+12670,147390,222170,+74780,+388040,KRX
20070328,-32500,5,-100,-0.31,4221140,13796,3552,--10244,--14625,421330,108070,--313260,--447270,KRX
20070327,-32600,5,-200,-0.61,2353614,4538,8919,+4381,+2627,139000,273010,+134010,+80700,KRX
20070326,+32800,2,+250,+0.77,4129450,6433,8187,+1754,+3740,195860,249170,+53310,+113980,KRX
20070323,-32550,5,-200,-0.61,4131885,8128,6142,--1986,+3062,248460,187790,--60670,+93160,KRX
20070322,+32750,2,+850,+2.66,8583200,14875,9827,--5048,--1033,453300,299470,--153830,--27620,KRX
20070321,+31900,2,+550,+1.75,6900244,11417,7402,--4015,--5416,357490,231280,--126210,--170500,KRX
20070320,-31350,5,-200,-0.63,6008914,5334,6735,+1401,--6565,169700,213990,+44290,--208290,KRX
20070319,-31550,5,-100,-0.32,4207685,1980,9946,+7966,+9291,62860,315440,+252580,+294420,KRX
20070316,-31650,5,-200,-0.63,3038131,3445,2120,--1325,--3689,108610,66770,--41840,--114950,KRX
20070315,-31850,5,-50,-0.16,2782622,4784,7148,+2364,+3566,149170,222280,+73110,+111350,KRX
20070314,-31900,5,-450,-1.39,4800882,9531,8329,--1202,+7575,301950,263710,--38240,+232180,KRX
20070313,-32350,5,-700,-2.12,4437223,13795,5018,--8777,+1429,425190,154770,--270420,+39390,KRX
20070312,+33050,2,+550,+1.69,4623474,11810,1604,--10206,+8408,358480,48670,--309810,+260800,KRX
20070309,+32500,2,+100,+0.31,4005339,21367,2753,--18614,--16084,654920,84310,--570610,--491350,KRX
20070308,+32400,2,+400,+1.25,4641305,17911,15381,--2530,+4300,553530,474270,--79260,+134320,KRX
20070307,-32000,5,-100,-0.31,3874191,10959,4129,--6830,--7830,342830,129250,--213580,--244640,KRX
20070306,+32100,2,+650,+2.07,3650845,5870,6870,+1000,+8041,183010,214070,+31060,+253380,KRX
20070305,+31450,2,+50,+0.16,4503565,10505,3464,--7041,+2774,331900,109580,--222320,+88750,KRX
20070302,+31400,2,+250,+0.80,4201766,14787,4972,--9815,+162,468720,157650,--311070,+10180,KRX
20070228,-31150,5,-800,-2.50,8008997,22921,12944,--9977,--7629,738000,416750,--321250,--247670,KRX
20070227,-31950,5,-650,-1.99,4572140,7843,5495,--2348,--4572,245220,171640,--73580,--142250,KRX
20070226,+32600,2,+300,+0.93,4022813,5137,7361,+2224,--2093,159750,228420,+68670,--65400,KRX
20070223,-32300,5,-250,-0.77,5905518,5756,10073,+4317,--1149,178530,312600,+134070,--33340,KRX
20070222,-32550,5,-200,-0.61,4508495,6542,12008,+5466,+8374,199810,367220,+167410,+256080,KRX
20070221,+32750,2,+650,+2.02,7752967,12608,9700,--2908,+424,384750,296080,--88670,+16330,KRX
20070220,+32100,2,+200,+0.63,4056907,5287,1955,--3332,--1866,166330,61330,--105000,--57700,KRX
20070216,+31900,2,+600,+1.92,5532048,7546,6080,--1466,+465,238210,190910,--47300,+13770,KRX
20070215,+31300,2,+200,+0.64,4176890,5373,3442,--1931,+1731,170240,109170,--61070,+57110,KRX
20070214,+31100,2,+250,+0.81,4785225,9123,5461,--3662,--1121,293700,175520,--118180,--35490,KRX
20070213,+30850,2,+50,+0.16,3762304,6482,3941,--2541,--8131,209890,127200,--82690,--265020,KRX
20070212,-30800,5,-700,-2.22,7594356,6398,11988,+5590,--3075,209340,391670,+182330,--91350,KRX
20070209,-31500,5,-200,-0.63,4432259,2324,10989,+8665,+2299,73470,347150,+273680,+73570,KRX
20070208,-31700,5,-350,-1.09,5318148,4956,11322,+6366,+5006,155840,355950,+200110,+157460,KRX
20070207,-32050,5,-200,-0.62,5169719,11744,13104,+1360,+3197,364740,407390,+42650,+100070,KRX
20070206,-32250,5,-300,-0.92,5770431,10388,8551,--1837,+6499,322590,265170,--57420,+198910,KRX
20070205,+32550,2,+550,+1.72,5205451,11546,3210,--8336,--3749,355080,98750,--256330,--110950,KRX
20070202,+32000,2,+850,+2.73,7718965,10158,5571,--4587,--8830,319120,173740,--145380,--281950,KRX
20070201,-31150,5,-100,-0.32,8183670,5786,10029,+4243,+8745,186890,323460,+136570,+279230,KRX
20070131,-31250,5,-550,-1.73,7786100,14433,9931,--4502,--19333,455050,312390,--142660,--615610,KRX
20070130,+31800,2,+100,+0.32,6707433,5850,20681,+14831,+9916,184720,657670,+472950,+317280,KRX
20070129,-31700,5,-1250,-3.79,9079898,5920,10835,+4915,+10984,182970,338640,+155670,+339990,KRX
20070126,-32950,5,-600,-1.79,4348101,12947,6878,--6069,--1801,393700,209380,--184320,--58260,KRX
20070125,-33550,5,-250,-0.74,2286870,7965,3697,--4268,--6020,235930,109870,--126060,--178810,KRX
20070124,+33800,2,+1100,+3.36,3656330,6433,8185,+1752,--2443,190470,243220,+52750,--75170,KRX
20070123,-32700,5,-200,-0.61,3365091,2569,6764,+4195,--10915,78080,206000,+127920,--333200,KRX
20070122,+32900,2,+700,+2.17,5248127,4588,19698,+15110,+25194,139920,601040,+461120,+778830,KRX
20070119,-32200,5,-1650,-4.87,10996085,26379,16295,--10084,--8221,820230,502520,--317710,--262210,KRX
20070118,-33850,5,-400,-1.17,5698619,10146,8283,--1863,+1170,299390,243890,--55500,+31210,KRX
20070117,-34250,5,-1600,-4.46,7921034,12612,9579,--3033,--2879,362660,275950,--86710,--81780,KRX
20070116,-35850,5,-650,-1.78,3723261,3592,3438,--154,+6020,100230,95300,--4930,+163640,KRX
20070115,+36500,2,+100,+0.27,3382575,10411,4237,--6174,--6634,284510,115940,--168570,--180650,KRX
20070112,+36400,2,+200,+0.55,5912235,6051,6511,+460,+8800,167380,179460,+12080,+241640,KRX
20070111,-36200,5,-350,-0.96,5257628,17805,9465,--8340,+572,489560,260000,--229560,+14590,KRX
20070110,-36550,5,-100,-0.27,4068429,18564,9652,--8912,--1273,508220,264070,--244150,--37130,KRX
20070109,36650,3,0,0.00,2737071,15104,7465,--7639,--1246,409950,202930,--207020,--33630,KRX
20070108,-36650,5,-750,-2.01,3436598,12119,5726,--6393,--7541,328920,155530,--173390,--203790,KRX
20070105,+37400,2,+250,+0.67,5935841,21242,22390,+1148,+6368,574300,604700,+30400,+171430,KRX
20070104,+37150,2,+200,+0.54,4410444,11219,5999,--5220,--7903,302710,161680,--141030,--212580,KRX
20070103,-36950,5,-350,-0.94,3827777,7160,9843,+2683,+7040,192880,264430,+71550,+188910,KRX
20070102,+37300,2,+850,+2.33,4461871,5914,1557,--4357,--9267,159170,41810,--117360,--251650,KRX
20061228,+36450,2,+200,+0.55,2471070,2526,7436,+4910,+1512,69110,203400,+134290,+40760,KRX
20061227,+36250,2,+500,+1.40,1992596,3247,6645,+3398,--4665,89880,183410,+93530,--132140,KRX
20061226,-35750,5,-400,-1.11,2545108,6667,14730,+8063,--5252,187120,412790,+225670,--143040,KRX
20061222,36150,3,0,0.00,2271161,4850,18165,+13315,+14296,134260,502970,+368710,+395850,KRX
20061221,-36150,5,-250,-0.69,2119546,11380,10399,--981,--8656,312590,285450,--27140,--237980,KRX
20061220,+36400,2,+450,+1.25,2656915,8825,16500,+7675,+4087,242600,453440,+210840,+111430,KRX
20061219,-35950,5,-500,-1.37,2532841,3161,6749,+3588,+1191,87350,186760,+99410,+33640,KRX
20061218,+36450,2,+200,+0.55,2817132,4382,6779,+2397,+1448,120470,186240,+65770,+41180,KRX
20061215,+36250,2,+450,+1.26,3813327,12158,13107,+949,--2941,336580,361170,+24590,--81970,KRX
20061214,+35800,2,+950,+2.73,5766215,39763,43653,+3890,--13273,1114120,1220680,+106560,--387290,KRX
20061213,+34850,2,+250,+0.72,3018846,7026,24189,+17163,+6871,202360,696210,+493850,+196310,KRX
20061212,-34600,5,-750,-2.12,3554225,5816,16108,+10292,+16290,167590,465130,+297540,+467770,KRX
20061211,+35350,2,+350,+1.00,3018348,11091,5093,--5998,--8715,314190,143960,--170230,--247400,KRX
20061208,-35000,5,-1350,-3.71,6501090,8689,11406,+2717,--9162,246920,324090,+77170,--248810,KRX
20061207,-36350,5,-50,-0.14,2247778,4866,16745,+11879,+2163,133710,459690,+325980,+58170,KRX
20061206,-36400,5,-150,-0.41,3621729,2928,12644,+9716,+4925,80900,348710,+267810,+138690,KRX
20061205,+36550,2,+100,+0.27,5162364,4462,9253,+4791,+3108,120670,249790,+129120,+83500,KRX
20061204,+36450,2,+400,+1.11,4268006,4628,6311,+1683,--605,126940,172560,+45620,--19190,KRX
20061201,+36050,2,+750,+2.12,3049086,4474,6762,+2288,+4187,124760,189570,+64810,+118380,KRX
20061130,+35300,2,+250,+0.71,2399904,6735,4836,--1899,--6746,189970,136400,--53570,--191420,KRX
20061129,+35050,2,+250,+0.72,2080426,2218,7065,+4847,+2785,63180,201030,+137850,+78740,KRX
20061128,-34800,5,-600,-1.69,2755030,4516,6578,+2062,+757,129670,188780,+59110,+21950,KRX
20061127,-35400,5,-250,-0.70,3022008,4271,5576,+1305,--7512,121100,158260,+37160,--211610,KRX
20061124,+35650,2,+50,+0.14,2390727,3374,12191,+8817,+5908,95530,344300,+248770,+167230,KRX
20061123,-35600,5,-150,-0.42,2666078,4224,7133,+2909,+1641,118550,200090,+81540,+45900,KRX
20061122,+35750,2,+800,+2.29,3459669,7292,8560,+1268,--5590,204540,240180,+35640,--160510,KRX
20061121,-34950,5,-50,-0.14,2328910,1810,8668,+6858,+5678,51830,247980,+196150,+164490,KRX
20061120,-35000,5,-850,-2.37,3473368,9474,10654,+1180,--671,269860,301520,+31660,--20010,KRX
20061117,+35850,2,+250,+0.70,2590574,3838,5689,+1851,+1424,107210,158880,+51670,+39250,KRX
20061116,-35600,5,-400,-1.11,3737627,6063,6490,+427,--1142,169240,181660,+12420,--31310,KRX
20061115,+36000,2,+600,+1.69,4885944,5785,7354,+1569,+1860,160860,204590,+43730,+52250,KRX
20061114,+35400,2,+300,+0.85,5355096,5208,4917,--291,--135,146410,137890,--8520,--3620,KRX
20061113,+35100,2,+900,+2.63,4926680,4932,4776,--156,+2215,141340,136440,--4900,+64490,KRX
20061110,-34200,5,-500,-1.44,3184885,5097,2726,--2371,--8649,148730,79340,--69390,--250820,KRX
20061109,+34700,2,+200,+0.58,4721786,5863,12141,+6278,+5650,169230,350660,+181430,+163450,KRX
20061108,+34500,2,+500,+1.47,5653025,4770,5398,+628,--2458,137580,155560,+17980,--72550,KRX
20061107,+34000,2,+350,+1.04,4629830,3478,6564,+3086,+4101,102020,192550,+90530,+122400,KRX
20061106,-33650,5,-50,-0.15,4718196,6065,5050,--1015,--13471,182390,150520,--31870,--398730,KRX
20061103,-33700,5,-1100,-3.16,6289428,3494,15950,+12456,+6743,102580,469440,+366860,+201690,KRX
20061102,+34800,2,+750,+2.20,5600999,1797,7510,+5713,+3560,52020,217190,+165170,+102250,KRX
20061101,-34050,5,-150,-0.44,4500012,3353,5506,+2153,--281,98190,161110,+62920,--8950,KRX
20061031,+34200,2,+900,+2.70,5918013,3421,5855,+2434,+1642,100820,172690,+71870,+48150,KRX
20061030,-33300,5,-1050,-3.06,8110194,5772,6564,+792,--2719,172860,196580,+23720,--78480,KRX
20061027,-34350,5,-1200,-3.38,11439427,2443,5954,+3511,--6426,70750,172950,+102200,--177820,KRX
20061026,+35550,2,+200,+0.57,7359368,2842,12779,+9937,+3907,79970,359990,+280020,+109380,KRX
20061025,-35350,5,-650,-1.81,7837200,2262,8292,+6030,+12762,64070,234710,+170640,+355570,KRX
20061024,-36000,5,-100,-0.28,5780357,11452,4720,--6732,--865,314980,130050,--184930,--22250,KRX
20061023,36100,3,0,0.00,5707334,11861,5994,--5867,+18595,328430,165750,--162680,+514350,KRX
20061020,-36100,5,-100,-0.28,6110405,31167,6705,--24462,--20322,862370,185340,--677030,--565050,KRX
20061019,-36200,5,-1150,-3.08,4723708,9765,5625,--4140,--14501,264920,152940,--111980,--390830,KRX
20061018,+37350,2,+50,+0.13,3868978,2743,13104,+10361,+2834,74100,352950,+278850,+75330,KRX
20061017,37300,3,0,0.00,4272956,1967,9494,+7527,+7948,53070,256590,+203520,+214280,KRX
20061016,37300,3,0,0.00,5476640,4945,4524,--421,--3117,131310,120550,--10760,--85090,KRX
20061013,+37300,2,+1450,+4.04,5175251,7220,9916,+2696,+10858,194650,268980,+74330,+304040,KRX
20061012,+35850,2,+650,+1.85,4066172,14224,6062,--8162,--8764,399230,169520,--229710,--246820,KRX
20061011,+35200,2,+150,+0.43,4928237,10572,11174,+602,--1019,302780,319890,+17110,--29400,KRX
20061010,+35050,2,+100,+0.29,6030713,5481,7102,+1621,--3646,155980,202490,+46510,--101560,KRX
20061009,-34950,5,-1550,-4.25,9551557,13257,18524,+5267,+10354,374530,522600,+148070,+287970,KRX
20061004,-36500,5,-600,-1.62,4915087,11886,6799,--5087,--14950,325600,185700,--139900,--404370,KRX
20061002,-37100,5,-200,-0.54,2641626,3240,13103,+9863,+7004,86880,351350,+264470,+188140,KRX
20060929,+37300,2,+300,+0.81,3886480,4949,7808,+2859,--2233,132850,209180,+76330,--60230,KRX
20060928,+37000,2,+700,+1.93,5362142,3726,8818,+5092,--12404,100810,237370,+136560,--342760,KRX
20060927,+36300,2,+100,+0.28,6744334,3057,20553,+17496,+24128,83550,562870,+479320,+660030,KRX
20060926,-36200,5,-750,-2.03,6536446,10208,3576,--6632,--14351,278600,97890,--180710,--390020,KRX
20060925,+36950,2,+200,+0.54,6695668,2548,10267,+7719,+4811,69140,278450,+209310,+131060,KRX
20060922,-36750,5,-1400,-3.67,8430714,5821,8729,+2908,+861,156630,234880,+78250,+24530,KRX
20060921,-38150,5,-350,-0.91,6597914,6024,8071,+2047,+6255,157710,211430,+53720,+162450,KRX
20060920,-38500,5,-1400,-3.51,10850995,13443,9235,--4208,--4606,347670,238940,--108730,--118330,KRX
20060919,-39900,5,-200,-0.50,3880846,6736,7134,+398,--11454,168410,178010,+9600,--285840,KRX
20060918,+40100,2,+1000,+2.56,7301489,4361,16213,+11852,+13977,109500,404940,+295440,+350050,KRX
20060915,+39100,2,+200,+0.51,4998537,7315,5190,--2125,--16441,187760,133150,--54610,--422880,KRX
20060914,+38900,2,+550,+1.43,6599588,34830,49146,+14316,+15182,897740,1266010,+368270,+390830,KRX
20060913,+38350,2,+1150,+3.09,7923269,3752,2886,--866,--3892,97990,75430,--22560,--103640,KRX
20060912,+37200,2,+500,+1.36,4476640,3794,6820,+3026,+1697,102060,183140,+81080,+46130,KRX
20060911,-36700,5,-300,-0.81,4462638,4628,5957,+1329,--5717,124700,159650,+34950,--156800,KRX
20060908,+37000,2,+700,+1.93,3254058,1466,8512,+7046,+8201,39870,231620,+191750,+224690,KRX
20060907,-36300,5,-100,-0.27,4643237,10194,9039,--1155,+592,284250,251310,--32940,+14620,KRX
20060906,-36400,5,-600,-1.62,3311073,9119,7372,--1747,--1976,248600,201040,--47560,--54300,KRX
20060905,-37000,5,-850,-2.25,4693408,4558,4787,+229,--1709,122410,129150,+6740,--44450,KRX
20060904,+37850,2,+350,+0.93,3752697,3981,5919,+1938,--449,105290,156480,+51190,--12580,KRX
20060901,+37500,2,+700,+1.90,4748788,2887,5274,+2387,--6284,77530,141300,+63770,--173650,KRX
20060831,+36800,2,+500,+1.38,5582834,6097,14768,+8671,+2798,166320,403740,+237420,+75950,KRX
20060830,36300,3,0,0.00,4064666,3769,9642,+5873,+2206,103550,265020,+161470,+61000,KRX
20060829,+36300,2,+300,+0.83,5642090,2365,6032,+3667,+7227,64960,165430,+100470,+197970,KRX
20060828,+36000,2,+350,+0.98,7983548,7035,3475,--3560,+802,193060,95560,--97500,+24010,KRX
20060825,+35650,2,+1150,+3.33,7700470,14308,9946,--4362,+85,400160,278650,--121510,+8490,KRX
20060824,+34500,2,+500,+1.47,3270831,7322,2875,--4447,--1131,214150,84150,--130000,--32390,KRX
20060823,-34000,5,-500,-1.45,3190030,7771,4455,--3316,--13000,227900,130290,--97610,--378240,KRX
20060822,34500,3,0,0.00,3534084,2586,12270,+9684,+12363,75020,355650,+280630,+358770,KRX
20060821,-34500,5,-400,-1.15,3518985,6623,3944,--2679,--7073,192440,114300,--78140,--203980,KRX
20060818,+34900,2,+500,+1.45,8936984,6378,10772,+4394,--9701,183290,309130,+125840,--286490,KRX
20060817,+34400,2,+1500,+4.56,9859517,9370,23465,+14095,+9098,272550,684880,+412330,+261190,KRX
20060816,+32900,2,+100,+0.30,5780403,4102,9099,+4997,--3363,124540,275680,+151140,--104870,KRX
20060814,+32800,2,+250,+0.77,2284334,2471,10831,+8360,+8683,75640,331650,+256010,+268430,KRX
20060811,-32550,5,-150,-0.46,3812380,10691,10368,--323,+8052,325970,313550,--12420,+244770,KRX
20060810,-32700,5,-500,-1.51,4833179,17561,9186,--8375,--13579,538970,281780,--257190,--413260,KRX
20060809,33200,3,0,0.00,2943007,5285,10489,+5204,--8682,159710,315780,+156070,--266030,KRX
20060808,+33200,2,+400,+1.22,3642256,3319,17205,+13886,+17014,100620,522720,+422100,+517240,KRX
20060807,-32800,5,-850,-2.53,2778270,9777,6649,--3128,--10704,295070,199930,--95140,--320750,KRX
20060804,+33650,2,+550,+1.66,2951013,2510,10086,+7576,+12502,74770,300380,+225610,+371460,KRX
20060803,-33100,5,-100,-0.30,4139510,7723,2797,--4926,--10848,229850,84000,--145850,--325030,KRX
20060802,+33200,2,+300,+0.91,3076284,3594,9516,+5922,--185,108810,287990,+179180,--5830,KRX
20060801,+32900,2,+400,+1.23,9772578,3036,9143,+6107,+3824,92110,277120,+185010,+114860,KRX
20060731,+32500,2,+550,+1.72,4885154,5792,8075,+2283,--42,177110,247260,+70150,--2600,KRX
20060728,+31950,2,+150,+0.47,2400341,2492,4817,+2325,--10395,78160,150910,+72750,--325900,KRX
20060727,31800,3,0,0.00,3811182,3072,15792,+12720,+15376,96620,495270,+398650,+481460,KRX
20060726,-31800,5,-200,-0.63,2398267,5993,3337,--2656,--12263,187000,104190,--82810,--380220,KRX
20060725,+32000,2,+350,+1.11,5702684,2109,11716,+9607,+11951,65320,362730,+297410,+372060,KRX
20060724,-31650,5,-450,-1.40,3582142,8118,5774,--2344,--1307,257290,182640,--74650,--42120,KRX
20060721,+32100,2,+800,+2.56,4640404,4451,3414,--1037,--12094,140970,108440,--32530,--386790,KRX
20060720,+31300,2,+800,+2.62,7326404,1866,12923,+11057,+11758,59730,413990,+354260,+377570,KRX
20060719,-30500,5,-100,-0.33,3424861,4611,3910,--701,+2453,150600,127290,--23310,+79610,KRX
20060718,-30600,5,-300,-0.97,4944210,5859,2705,--3154,+5240,190980,88060,--102920,+167150,KRX
20060714,-30900,5,-1000,-3.13,5398288,13622,5228,--8394,+901,438910,168840,--270070,+22130,KRX
20060713,-31900,5,-200,-0.62,4188448,14618,5323,--9295,--10132,458670,166470,--292200,--317560,KRX
20060712,+32100,2,+350,+1.10,5122998,5198,6035,+837,--552,162260,187620,+25360,--18440,KRX
20060711,+31750,2,+800,+2.58,7134221,8473,9862,+1389,--11086,270030,313830,+43800,--361200,KRX
20060710,+30950,2,+600,+1.98,3920218,2706,15181,+12475,+14704,88770,493770,+405000,+478110,KRX
20060707,-30350,5,-150,-0.49,3541582,3867,1638,--2229,--2211,126740,53630,--73110,--71650,KRX
20060706,+30500,2,+50,+0.16,4934692,7636,7618,--18,--1246,252300,250840,--1460,--41120,KRX
20060705,-30450,5,-150,-0.49,4391382,3371,4599,+1228,--555,110290,149950,+39660,--18550,KRX
20060704,-30600,5,-400,-1.29,5128314,3649,5432,+1783,+5296,118640,176850,+58210,+171450,KRX
20060703,+31000,2,+250,+0.81,5694107,6780,3267,--3513,--24185,218000,104760,--113240,--782800,KRX
20060630,+30750,2,+800,+2.67,8561922,6365,27037,+20672,+5811,205450,875010,+669560,+177050,KRX
20060629,+29950,2,+200,+0.67,5275816,2030,16891,+14861,+20025,67290,559800,+492510,+666350,KRX
20060628,+29750,2,+250,+0.85,5544439,6377,1213,--5164,+7,214730,40890,--173840,--120,KRX
20060627,-29500,5,-100,-0.34,10346157,6887,1716,--5171,--13764,231360,57640,--173720,--470680,KRX
20060626,+29600,2,+2500,+9.23,44078345,10871,19464,+8593,+7340,373440,670400,+296960,+251010,KRX
20060623,+27100,2,+900,+3.44,10475595,3202,4455,+1253,--2798,118540,164490,+45950,--106660,KRX
20060622,-26200,5,-1150,-4.20,19015537,14199,18250,+4051,+4432,529420,682030,+152610,+164890,KRX
20060621,-27350,5,-900,-3.19,7006583,5835,5454,--381,+1490,212520,200240,--12280,+54260,KRX
20060620,-28250,5,-850,-2.92,5644553,5386,3515,--1871,--807,191210,124670,--66540,--29520,KRX
20060619,-29100,5,-600,-2.02,4836852,6166,5102,--1064,--5943,212770,175750,--37020,--198910,KRX
20060616,+29700,2,+850,+2.95,5537337,3667,8546,+4879,+11478,122160,284050,+161890,+387420,KRX
20060615,-28850,5,-200,-0.69,3790955,10044,3445,--6599,--16438,344310,118780,--225530,--565690,KRX
20060614,+29050,2,+150,+0.52,5382382,3236,13075,+9839,+19094,111900,452060,+340160,+659420,KRX
20060613,-28900,5,-1050,-3.51,4780389,17368,8113,--9255,--9477,599030,279770,--319260,--326220,KRX
20060612,-29950,5,-100,-0.33,2484328,3404,3626,+222,+1570,114770,121730,+6960,+51140,KRX
20060609,-30050,5,-50,-0.17,4039837,7787,6439,--1348,+1259,259480,215300,--44180,+42400,KRX
20060608,-30100,5,-500,-1.63,4330415,22390,19783,--2607,--9730,741210,654630,--86580,--318850,KRX
20060607,-30600,5,-900,-2.86,4594225,7536,14659,+7123,+15231,246820,479090,+232270,+491030,KRX
20060605,-31500,5,-250,-0.79,2457601,11995,3887,--8108,--9377,381960,123200,--258760,--298240,KRX
20060602,+31750,2,+500,+1.60,4473018,5621,6890,+1269,+3787,176920,216400,+39480,+120690,KRX
20060601,-31250,5,-750,-2.34,3390518,7648,5130,--2518,--1965,243230,162020,--81210,--62330,KRX
20060530,-32000,5,-200,-0.62,3825151,9418,8865,--553,+4714,296020,277140,--18880,+144350,KRX
20060529,-32200,5,-200,-0.62,3461484,11027,5760,--5267,--6092,340100,176870,--163230,--187420,KRX
20060526,+32400,2,+500,+1.57,4966475,9377,10202,+825,+7579,287010,311200,+24190,+230930,KRX
20060525,-31900,5,-1250,-3.77,5038621,12602,5848,--6754,--8537,387160,180420,--206740,--259290,KRX
20060524,+33150,2,+250,+0.76,4983441,13792,15575,+1783,--18393,420890,473440,+52550,--559770,KRX
20060523,+32900,2,+250,+0.77,6855214,4386,24562,+20176,+37920,133360,745680,+612320,+1139780,KRX
20060522,-32650,5,-1450,-4.25,5921693,24720,6976,--17744,--20526,737390,209930,--527460,--610200,KRX
20060519,-34100,5,-500,-1.45,5226466,6716,9498,+2782,--697,197890,280630,+82740,--23170,KRX
20060518,+34600,2,+300,+0.87,9386109,7502,10981,+3479,+4172,221010,326920,+105910,+125510,KRX
20060517,+34300,2,+1500,+4.57,11315562,11237,10544,--693,+1576,328140,308540,--19600,+51030,KRX
20060516,-32800,5,-700,-2.09,5206313,9170,6901,--2269,+3934,280410,209780,--70630,+120280,KRX
20060515,+33500,2,+650,+1.98,5394732,13143,6940,--6203,+6747,402270,211360,--190910,+213230,KRX
20060512,+32850,2,+600,+1.86,5895158,19122,6172,--12950,--19617,598660,194520,--404140,--611050,KRX
20060511,+32250,2,+250,+0.78,4563593,9943,16610,+6667,+19866,307560,514470,+206910,+624150,KRX
20060510,-32000,5,-850,-2.59,6035374,19904,6705,--13199,--4973,628470,211230,--417240,--165810,KRX
20060509,+32850,2,+1350,+4.29,9169933,17373,9147,--8226,--6293,526720,275290,--251430,--190610,KRX
20060508,+31500,2,+300,+0.96,4747563,6186,4253,--1933,--5280,195050,134230,--60820,--169700,KRX
20060504,+31200,2,+200,+0.65,5370080,4946,8293,+3347,+9198,161720,270600,+108880,+295730,KRX
20060503,-31000,5,-100,-0.32,4496568,11933,6082,--5851,--1049,380160,193310,--186850,--33870,KRX
20060502,-31100,5,-1850,-5.61,13177549,12683,7881,--4802,+1743,405850,252870,--152980,+45230,KRX
20060428,-32950,5,-950,-2.80,6174477,10123,3578,--6545,--4286,306190,107980,--198210,--131020,KRX
20060427,+33900,2,+650,+1.95,7117880,7643,5384,--2259,--7264,226680,159490,--67190,--218800,KRX
20060426,33250,3,0,0.00,5080201,3262,8267,+5005,--3416,99180,250790,+151610,--101540,KRX
20060425,-33250,5,-650,-1.92,6627562,5760,14181,+8421,+19977,174350,427500,+253150,+596950,KRX
20060424,-33900,5,-350,-1.02,5915064,15376,3820,--11556,--17899,457360,113560,--343800,--529090,KRX
20060421,+34250,2,+700,+2.09,7224497,10095,16438,+6343,+12871,294830,480120,+185290,+379170,KRX
20060420,33550,3,0,0.00,6055923,12341,5813,--6528,+3083,365690,171810,--193880,+89420,KRX
20060419,+33550,2,+600,+1.82,11248553,17509,7898,--9611,--13850,516080,232780,--283300,--411730,KRX
20060418,-32950,5,-50,-0.15,6400912,7506,11745,+4239,+9645,228460,356890,+128430,+294510,KRX
20060417,+33000,2,+500,+1.54,6812613,8972,3566,--5406,--10349,275110,109030,--166080,--320540,KRX
20060414,+32500,2,+1400,+4.50,9628229,6151,11094,+4943,+2510,192450,346910,+154460,+76750,KRX
20060413,+31100,2,+700,+2.30,5768549,8000,10433,+2433,+1903,258550,336260,+77710,+59910,KRX
20060412,+30400,2,+700,+2.36,5377226,4581,5111,+530,+6403,151860,169660,+17800,+215780,KRX
20060411,-29700,5,-650,-2.14,5852860,9916,4043,--5873,+7934,334380,136400,--197980,+254170,KRX
20060410,-30350,5,-550,-1.78,5323793,23838,10031,--13807,--16176,780390,328240,--452150,--529270,KRX
20060407,+30900,2,+100,+0.32,5856184,4682,7051,+2369,--3726,152750,229870,+77120,--117650,KRX
20060406,+30800,2,+200,+0.65,7380624,4143,10238,+6095,+5573,133090,327860,+194770,+177020,KRX
20060405,-30600,5,-250,-0.81,7730877,5430,5952,+522,+3787,177170,194920,+17750,+126390,KRX
20060404,+30850,2,+1250,+4.22,11517886,8937,5672,--3265,--9802,292430,183790,--108640,--330710,KRX
20060403,+29600,2,+700,+2.42,4496960,3362,9899,+6537,--58,114660,336730,+222070,--5120,KRX
20060331,+28900,2,+600,+2.12,8036603,4651,11246,+6595,+3370,161790,388980,+227190,+113690,KRX
20060330,+28300,2,+650,+2.35,6601655,1478,4703,+3225,--5032,52130,165630,+113500,--185480,KRX
20060329,27650,3,0,0.00,4554153,1119,9376,+8257,+4249,40820,339800,+298980,+152950,KRX
20060328,+27650,2,+200,+0.73,5474390,1600,5608,+4008,--3966,58300,204330,+146030,--145700,KRX
20060327,+27450,2,+900,+3.39,7095042,655,8629,+7974,+5022,24020,315750,+291730,+180400,KRX
20060324,-26550,5,-650,-2.39,7564695,1028,3980,+2952,+7727,38560,149890,+111330,+287340,KRX
20060323,-27200,5,-150,-0.55,7147856,7466,2691,--4775,+4852,275090,99080,--176010,+176440,KRX
20060322,-27350,5,-1050,-3.70,8765386,11004,1377,--9627,--5854,402770,50320,--352450,--220360,KRX
20060321,-28400,5,-300,-1.05,6547257,7820,4047,--3773,--9028,271020,138930,--132090,--313750,KRX
20060320,+28700,2,+100,+0.35,5194601,951,6206,+5255,+2335,33010,214670,+181660,+80450,KRX
20060317,+28600,2,+900,+3.25,7943736,3619,6539,+2920,+769,128540,229750,+101210,+24130,KRX
20060316,-27700,5,-650,-2.29,12307477,2123,4274,+2151,--2389,76440,153520,+77080,--82800,KRX
20060315,28350,3,0,0.00,7609587,3775,8315,+4540,+11080,133050,292930,+159880,+391500,KRX
20060314,-28350,5,-700,-2.41,8784830,8493,1953,--6540,--7388,300430,68810,--231620,--260500,KRX
20060313,-29050,5,-350,-1.19,8109698,2394,3242,+848,+1900,81970,110850,+28880,+64730,KRX
20060310,+29400,2,+300,+1.03,10007237,5327,4275,--1052,+10530,180960,145110,--35850,+359340,KRX
20060309,-29100,5,-350,-1.19,8551943,22400,10818,--11582,--16260,765370,370180,--395190,--556280,KRX
20060308,+29450,2,+300,+1.03,8627940,7318,11996,+4678,+8431,252570,413660,+161090,+289340,KRX
20060307,-29150,5,-1850,-5.97,13968020,9111,5358,--3753,--1521,310810,182560,--128250,--54500,KRX
20060306,+31000,2,+500,+1.64,8609534,10586,8354,--2232,+10177,344910,271160,--73750,+334830,KRX
20060303,-30500,5,-1550,-4.84,12898998,16660,4251,--12409,--8868,547030,138450,--408580,--303280,KRX
20060302,-32050,5,-1200,-3.61,7713450,7983,4442,--3541,--2917,241090,135790,--105300,--86420,KRX
20060228,+33250,2,+550,+1.68,6471233,5097,4473,--624,--2368,153520,134640,--18880,--72140,KRX
20060227,-32700,5,-200,-0.61,4892289,4715,6459,+1744,--22,144110,197370,+53260,--1350,KRX
20060224,+32900,2,+700,+2.17,8507219,5435,7201,+1766,--13806,167530,222140,+54610,--434520,KRX
20060223,+32200,2,+1250,+4.04,10433443,1726,17298,+15572,+26380,54070,543200,+489130,+841940,KRX
20060222,+30950,2,+650,+2.15,9849932,14000,3192,--10808,--11274,456120,103310,--352810,--368290,KRX
20060221,-30300,5,-700,-2.26,7633217,4238,4704,+466,--8437,139240,154720,+15480,--271920,KRX
20060220,-31000,5,-200,-0.64,7060460,3169,12072,+8903,+10500,102400,389800,+287400,+339130,KRX
20060217,+31200,2,+850,+2.80,11828324,7899,6302,--1597,--12813,254780,203050,--51730,--424280,KRX
20060216,+30350,2,+1400,+4.84,15694423,4348,15564,+11216,+17830,144410,516960,+372550,+587780,KRX
20060215,-28950,5,-4050,-12.27,30750375,12298,5684,--6614,--14573,401720,186490,--215230,--461390,KRX
20060214,33000,3,0,0.00,9133012,4362,12321,+7959,+21713,134750,380910,+246160,+662090,KRX
20060213,-33000,5,-1400,-4.07,10805711,16641,2887,--13754,--10531,502810,86880,--415930,--321550,KRX
20060210,-34400,5,-500,-1.43,8404537,7686,4463,--3223,+2781,223740,129360,--94380,+77200,KRX
20060209,+34900,2,+200,+0.58,7423868,10181,4177,--6004,--2953,290840,119260,--171580,--83310,KRX
20060208,-34700,5,-550,-1.56,9523601,10156,7105,--3051,+7802,288180,199910,--88270,+214780,KRX
20060207,-35250,5,-200,-0.56,12338416,14229,3376,--10853,--8717,396850,93800,--303050,--239010,KRX
20060206,+35450,2,+450,+1.29,12325246,9566,7430,--2136,+3049,279700,215660,--64040,+81540,KRX
20060203,-35000,5,-1250,-3.45,11244571,11108,5923,--5185,--4903,313170,167590,--145580,--136730,KRX
20060202,+36250,2,+750,+2.11,14279598,8823,8541,--282,--4539,246360,237510,--8850,--127650,KRX
20060201,-35500,5,-1800,-4.83,14930820,8312,12569,+4257,+9368,228850,347650,+118800,+254950,KRX
20060131,-37300,5,-200,-0.53,18154320,9262,4151,--5111,+26,246970,110820,--136150,+3610,KRX
20060127,+37500,2,+750,+2.04,14503649,9069,3932,--5137,--2756,246280,106520,--139760,--72620,KRX
20060126,+36750,2,+2750,+8.09,18925359,7983,5602,--2381,+14740,225540,158400,--67140,+422510,KRX
20060125,+34000,2,+500,+1.49,15537952,21796,4675,--17121,--19463,623990,134340,--489650,--563780,KRX
20060124,+33500,2,+2350,+7.54,15974226,7058,9400,+2342,--15218,221500,295630,+74130,--483450,KRX
20060123,-31150,5,-1150,-3.56,15530465,5967,23527,+17560,+21074,188510,746090,+557580,+664630,KRX
20060120,-32300,5,-2100,-6.10,16771296,12766,9252,--3514,--6269,381950,274900,--107050,--188680,KRX
20060119,+34400,2,+1400,+4.24,18428496,7767,10522,+2755,--11136,227410,309040,+81630,--330750,KRX
20060118,-33000,5,-3200,-8.84,19665484,9313,23204,+13891,+16989,276670,689050,+412380,+497590,KRX
20060117,-36200,5,-1550,-4.11,10257599,12130,9032,--3098,--9692,327670,242460,--85210,--257850,KRX
20060116,-37750,5,-350,-0.92,8045638,5007,11601,+6594,+19504,131820,304460,+172640,+515820,KRX
20060113,+38100,2,+400,+1.06,10008442,19400,6490,--12910,--8473,516230,173050,--343180,--225330,KRX
20060112,+37700,2,+350,+0.94,9289258,12208,7771,--4437,--12295,323360,205510,--117850,--328640,KRX
20060111,-37350,5,-650,-1.71,9532302,1640,9498,+7858,+14293,43850,254640,+210790,+380700,KRX
20060110,+38000,2,+1250,+3.40,16155952,14523,8088,--6435,--6952,382700,212790,--169910,--184490,KRX
20060109,+36750,2,+1700,+4.85,13652495,6291,6808,+517,+54,174380,188960,+14580,+1610,KRX
20060106,+35050,2,+450,+1.30,12707206,6463,6926,+463,--8458,182810,195780,+12970,--246830,KRX
20060105,-34600,5,-700,-1.98,21566179,7074,15995,+8921,+16167,205280,465080,+259800,+448400,KRX
20060104,-35300,5,-2800,-7.35,23140068,12814,5568,--7246,+1484,338190,149590,--188600,+43670,KRX
20060103,+38100,2,+500,+1.33,13834043,14190,5460,--8730,+2633,378030,145760,--232270,+75350,KRX
20060102,+37600,2,+2300,+6.52,13366196,18799,7436,--11363,--16524,508450,200830,--307620,--455610,KRX
20051229,+35300,2,+2100,+6.33,12846374,9936,15097,+5161,+4621,284740,432730,+147990,+132260,KRX
20051228,+33200,2,+200,+0.61,8378076,4966,5506,+540,--3408,150030,165760,+15730,--102870,KRX
20051227,-33000,5,-850,-2.51,10205945,4400,8348,+3948,+230,131140,249740,+118600,+7810,KRX
20051226,+33850,2,+400,+1.20,13141028,4106,7824,+3718,+3706,122150,232940,+110790,+110100,KRX
20051223,+33450,2,+550,+1.67,14205763,4726,4738,+12,+7024,140160,140850,+690,+215690,KRX
20051222,+32900,2,+1900,+6.13,27211979,10650,3638,--7012,--8183,325120,110120,--215000,--253180,KRX
20051221,+31000,2,+700,+2.31,13220569,4462,5633,+1171,--101,144560,182740,+38180,--2950,KRX
20051220,-30300,5,-400,-1.30,12219195,6029,7301,+1272,--7216,198330,239460,+41130,--242890,KRX
20051219,+30700,2,+1800,+6.23,16470978,3978,12466,+8488,+11414,133250,417270,+284020,+384730,KRX
20051216,-28900,5,-550,-1.87,15461504,11262,8336,--2926,--6836,386970,286260,--100710,--232400,KRX
20051215,+29450,2,+2000,+7.29,23126083,7264,11174,+3910,+10490,251700,383390,+131690,+375650,KRX
20051214,+27450,2,+1400,+5.37,21078644,12737,6157,--6580,--6089,469920,225960,--243960,--225140,KRX
20051213,+26050,2,+350,+1.36,10798436,4531,4040,--491,--9262,173000,154180,--18820,--355800,KRX
20051212,25700,3,0,0.00,10240490,2342,11113,+8771,+5948,90240,427220,+336980,+229830,KRX
20051209,-25700,5,-900,-3.38,12589275,6842,9665,+2823,+1901,261620,368770,+107150,+73100,KRX
20051208,26600,3,0,0.00,15973488,19310,20232,+922,+17925,728170,762220,+34050,+692800,KRX
20051207,+26600,2,+1850,+7.47,33017389,20726,3723,--17003,--10634,799570,140820,--658750,--393480,KRX
20051206,+24750,2,+550,+2.27,11957523,12223,5854,--6369,+217,507590,242320,--265270,+9130,KRX
20051205,+24200,2,+600,+2.54,9915868,10465,3879,--6586,--2833,435050,160650,--274400,--114430,KRX
20051202,+23600,2,+1000,+4.42,13751933,7110,3357,--3753,+1101,302520,142550,--159970,+56240,KRX
20051201,+22600,2,+700,+3.20,10351177,9850,4996,--4854,--5695,438350,222140,--216210,--254320,KRX
20051130,+21900,2,+150,+0.69,9063805,6474,7315,+841,+2740,295770,333880,+38110,+126950,KRX
20051129,-21750,5,-200,-0.91,7891004,6914,5015,--1899,--450,320190,231350,--88840,--19210,KRX
20051128,+21950,2,+850,+4.03,14492305,7767,6318,--1449,+876,360440,290810,--69630,+40720,KRX
20051125,-21100,5,-300,-1.40,10973571,9894,7569,--2325,--2230,464140,353790,--110350,--106470,KRX
20051124,-21400,5,-750,-3.39,13015120,6118,6023,--95,--9042,282600,278720,--3880,--409630,KRX
20051123,+22150,2,+700,+3.26,16006345,3761,12708,+8947,+12052,171420,577170,+405750,+548470,KRX
20051122,-21450,5,-1950,-8.33,27815334,7342,4237,--3105,--3731,336770,194050,--142720,--168510,KRX
20051121,+23400,2,+150,+0.65,7496586,5285,5911,+626,+1389,225180,250970,+25790,+58660,KRX
20051118,-23250,5,-1000,-4.12,12485615,4499,3736,--763,--664,189880,157010,--32870,--28520,KRX
20051117,24250,3,0,0.00,6512567,3982,3883,--99,--1116,163890,159540,--4350,--45870,KRX
20051116,+24250,2,+300,+1.25,11228000,5284,6301,+1017,+297,216140,257660,+41520,+11760,KRX
20051115,+23950,2,+100,+0.42,8906111,5572,6292,+720,+2348,237010,266770,+29760,+99710,KRX
20051114,+23850,2,+1100,+4.84,16150220,4619,2991,--1628,--12237,195770,125820,--69950,--540260,KRX
20051111,+22750,2,+700,+3.17,10273758,4461,15070,+10609,+8328,197840,668150,+470310,+366260,KRX
20051110,+22050,2,+250,+1.15,6719368,8366,10647,+2281,--5591,379980,484030,+104050,--256250,KRX
20051109,+21800,2,+100,+0.46,6406155,3661,11533,+7872,+5294,168530,528830,+360300,+241840,KRX
20051108,-21700,5,-300,-1.36,6461116,1480,4058,+2578,+411,68100,186560,+118460,+19250,KRX
20051107,+22000,2,+850,+4.02,15054011,3274,5441,+2167,--5979,152560,251770,+99210,--288970,KRX
20051104,+21150,2,+1150,+5.75,18118348,1585,9731,+8146,+5766,75880,464060,+388180,+269250,KRX
20051103,+20000,2,+350,+1.78,11475802,3276,5656,+2380,--2914,162370,281300,+118930,--152160,KRX
20051102,+19650,2,+100,+0.51,9642744,892,6186,+5294,+5262,45740,316830,+271090,+270320,KRX
20051101,+19550,2,+500,+2.62,15149725,2735,2767,+32,--4076,140670,141440,+770,--213170,KRX
20051031,+19050,2,+50,+0.26,10932690,2773,6881,+4108,+8054,144420,358360,+213940,+419400,KRX
20051028,-19000,5,-700,-3.55,11611441,8204,4258,--3946,--4127,425610,220150,--205460,--211520,KRX
20051027,-19700,5,-1250,-5.97,67108666,6353,6534,+181,+9040,320270,326330,+6060,+430560,KRX
20051026,-20950,5,-1650,-7.30,20171588,14539,5680,--8859,--10172,689180,264680,--424500,--480520,KRX
20051025,-22600,5,-700,-3.00,6523805,4489,5802,+1313,+3129,197210,253230,+56020,+135400,KRX
20051024,+23300,2,+600,+2.64,4826412,4460,2644,--1816,--14402,194410,115030,--79380,--639340,KRX
20051021,+22700,2,+450,+2.02,4986769,3288,15874,+12586,+10096,146560,706520,+559960,+446570,KRX
20051020,+22250,2,+750,+3.49,6525718,3031,5521,+2490,+3555,137740,251130,+113390,+162400,KRX
20051019,-21500,5,-550,-2.49,5454270,3112,2047,--1065,--7139,143500,94490,--49010,--321040,KRX
20051018,-22050,5,-250,-1.12,5833208,1508,7582,+6074,+5966,67430,339460,+272030,+269340,KRX
20051017,-22300,5,-1050,-4.50,5672245,3492,3600,+108,+4276,153110,155800,+2690,+182700,KRX
20051014,-23350,5,-450,-1.89,8738211,7027,2859,--4168,+11963,302240,122230,--180010,+511740,KRX
20051013,+23800,2,+600,+2.59,14352743,20227,4096,--16131,--8533,866160,174410,--691750,--365150,KRX
20051012,-23200,5,-550,-2.32,8445817,11155,3557,--7598,--11369,477340,150740,--326600,--489340,KRX
20051011,+23750,2,+1100,+4.86,7190139,2618,6389,+3771,+840,115330,278070,+162740,+35610,KRX
20051010,+22650,2,+250,+1.12,5062397,5834,8765,+2931,--813,259010,386140,+127130,--36900,KRX
20051007,-22400,5,-350,-1.54,4973105,3709,7453,+3744,+14341,164160,328190,+164030,+626730,KRX
20051006,-22750,5,-250,-1.09,7670390,13690,3093,--10597,--4994,597210,134510,--462700,--217050,KRX
20051005,+23000,2,+500,+2.22,7060851,9389,3786,--5603,--9296,411060,165410,--245650,--406740,KRX
20051004,-22500,5,-500,-2.17,8475208,2817,6510,+3693,+245,123790,284880,+161090,+14070,KRX
20050930,-23000,5,-800,-3.36,7730920,2111,5559,+3448,+1735,90990,238010,+147020,+73690,KRX
20050929,+23800,2,+200,+0.85,5127976,3112,4825,+1713,+210,132720,206050,+73330,+10240,KRX
20050928,-23600,5,-400,-1.67,7136340,4253,5756,+1503,+717,180790,243880,+63090,+30730,KRX
20050927,+24000,2,+200,+0.84,7674634,3385,4171,+786,--9524,140140,172500,+32360,--404930,KRX
20050926,+23800,2,+1000,+4.39,6178728,547,10857,+10310,+11325,23300,460590,+437290,+480890,KRX
20050923,-22800,5,-750,-3.18,9226563,4300,3285,--1015,+1161,182930,139330,--43600,+48980,KRX
20050922,+23550,2,+50,+0.21,6643303,4268,2092,--2176,+33,181400,88820,--92580,--840,KRX
20050921,-23500,5,-150,-0.63,9512287,6596,4387,--2209,--2959,277750,186010,--91740,--124580,KRX
20050920,-23650,5,-350,-1.46,9493869,2654,3404,+750,+1266,108430,141270,+32840,+54480,KRX
20050916,-24000,5,-100,-0.41,6291454,3456,2940,--516,+2637,144100,122460,--21640,+105610,KRX
20050915,-24100,5,-250,-1.03,17275723,6207,3054,--3153,--6572,252160,124910,--127250,--268870,KRX
20050914,+24350,2,+1600,+7.03,18197587,1887,5306,+3419,+6497,78850,220470,+141620,+277360,KRX
20050913,-22750,5,-50,-0.22,7541348,4686,1608,--3078,--5931,206820,71080,--135740,--263270,KRX
20050912,+22800,2,+1300,+6.05,12663145,4193,7046,+2853,+1973,187020,314550,+127530,+86680,KRX
20050909,+21500,2,+50,+0.23,6679418,1575,2455,+880,--783,73030,113880,+40850,--35630,KRX
20050908,-21450,5,-250,-1.15,6864335,18621,20284,+1663,+1513,867750,944230,+76480,+70610,KRX
20050907,-21700,5,-300,-1.36,13926103,3339,3489,+150,--9263,153120,158990,+5870,--397680,KRX
20050906,-22000,5,-1000,-4.35,7304799,1344,10757,+9413,+9054,58620,462170,+403550,+387680,KRX
20050905,+23000,2,+100,+0.44,4752489,2412,2771,+359,--746,104180,120050,+15870,--32760,KRX
20050902,+22900,2,+1000,+4.57,9960208,3419,4524,+1105,+1167,151830,200460,+48630,+51730,KRX
20050901,+21900,2,+500,+2.34,5802862,3494,3432,--62,+5108,160580,157480,--3100,+241180,KRX
20050831,+21400,2,+850,+4.14,8041964,7311,2141,--5170,--314,345610,101330,--244280,--8970,KRX
20050830,+20550,2,+400,+1.99,6985506,6809,1953,--4856,+370,330560,95250,--235310,+19920,KRX
20050829,-20150,5,-800,-3.82,4857174,6782,1556,--5226,--4257,331400,76170,--255230,--209310,KRX
20050826,+20950,2,+750,+3.71,9747581,4805,3836,--969,+9,229830,183910,--45920,+4250,KRX
20050825,-20200,5,-150,-0.74,5779176,5622,4644,--978,+9860,277800,227630,--50170,+480510,KRX
20050824,-20350,5,-250,-1.21,7331868,14897,4059,--10838,--12246,729280,198600,--530680,--596480,KRX
20050823,-20600,5,-950,-4.41,8316514,3551,4959,+1408,--5912,168150,233950,+65800,--277210,KRX
20050822,+21550,2,+750,+3.61,8238522,804,8124,+7320,+9508,37770,380780,+343010,+447480,KRX
20050819,-20800,5,-700,-3.26,10174900,6115,3927,--2188,+2591,292990,188520,--104470,+111200,KRX
20050818,-21500,5,-600,-2.71,6708420,10470,5691,--4779,--4140,473570,257900,--215670,--186740,KRX
20050817,-22100,5,-250,-1.12,5713540,3412,2773,--639,+270,154480,125550,--28930,+11500,KRX
20050816,+22350,2,+300,+1.36,8724970,4428,3519,--909,+2944,196210,155780,--40430,+126170,KRX
20050812,-22050,5,-1150,-4.96,10748679,6269,2416,--3853,--6315,272400,105800,--166600,--274260,KRX
20050811,+23200,2,+500,+2.20,7580765,3736,6198,+2462,+1252,162480,270140,+107660,+56750,KRX
20050810,+22700,2,+300,+1.34,9141683,4267,5477,+1210,+1018,187100,238010,+50910,+41860,KRX
20050809,-22400,5,-100,-0.44,7710784,2290,2482,+192,--1415,102340,111390,+9050,--64570,KRX
20050808,+22500,2,+400,+1.81,9883240,1290,2897,+1607,--1604,57530,131150,+73620,--68780,KRX
20050805,-22100,5,-900,-3.91,10028607,3066,6277,+3211,--3052,138370,280770,+142400,--125650,KRX
20050804,-23000,5,-1000,-4.17,7842857,2037,8300,+6263,+7967,87620,355670,+268050,+335880,KRX
20050803,-24000,5,-650,-2.64,11123102,3802,2098,--1704,--1283,153160,85330,--67830,--49110,KRX
20050802,+24650,2,+1100,+4.67,9339473,4137,3716,--421,+3062,170880,152160,--18720,+128130,KRX
20050801,-23550,5,-350,-1.46,4460030,5679,2196,--3483,--1022,239250,92400,--146850,--44150,KRX
20050729,+23900,2,+400,+1.70,6401238,5120,2659,--2461,+2693,213570,110870,--102700,+112890,KRX
20050728,+23500,2,+550,+2.40,15268454,8174,3020,--5154,--805,342550,126960,--215590,--26020,KRX
20050727,+22950,2,+300,+1.32,9199806,7212,2863,--4349,--334,314400,124830,--189570,--15240,KRX
20050726,-22650,5,-50,-0.22,11740262,6192,2177,--4015,--5232,269760,95430,--174330,--231460,KRX
20050725,+22700,2,+2150,+10.46,15230821,3580,4797,+1217,--4015,161470,218600,+57130,--206600,KRX
20050722,+20550,2,+300,+1.48,8911940,1397,6629,+5232,+3929,68340,332070,+263730,+202210,KRX
20050721,-20250,5,-550,-2.64,9168047,2681,3984,+1303,--2401,130760,192280,+61520,--112960,KRX
20050720,-20800,5,-1150,-5.24,8651256,4099,7803,+3704,+2467,190920,365400,+174480,+116640,KRX
20050719,+21950,2,+400,+1.86,8065981,2974,4211,+1237,+2685,137720,195560,+57840,+125290,KRX
20050718,-21550,5,-150,-0.69,4848270,3661,2213,--1448,+2066,169630,102180,--67450,+93630,KRX
20050715,-21700,5,-350,-1.59,8664371,6466,2952,--3514,--6166,296980,135900,--161080,--280950,KRX
20050714,+22050,2,+1700,+8.35,19239200,5613,8265,+2652,+4385,256840,376710,+119870,+206300,KRX
20050713,+20350,2,+400,+2.01,9169434,3636,1903,--1733,+4910,181540,95110,--86430,+230020,KRX
20050712,-19950,5,-900,-4.32,17115242,8797,2154,--6643,--6051,421920,105470,--316450,--287310,KRX
20050711,+20850,2,+2000,+10.61,15923941,4604,4012,--592,+3301,225250,196110,--29140,+176870,KRX
20050708,+18850,2,+700,+3.86,10263328,5238,1345,--3893,--5204,276560,70550,--206010,--278330,KRX
20050707,+18150,2,+50,+0.28,3002300,2095,3406,+1311,+1120,115600,187920,+72320,+62030,KRX
20050706,+18100,2,+400,+2.26,4458452,1763,1954,+191,+1255,97620,107910,+10290,+70180,KRX
20050705,17700,3,0,0.00,3047359,2547,1483,--1064,+1946,142990,83100,--59890,+110370,KRX
20050704,+17700,2,+700,+4.12,6595574,5255,2245,--3010,--1972,297350,127090,--170260,--108650,KRX
20050701,17000,3,0,0.00,2529705,2165,1127,--1038,--4326,127950,66340,--61610,--255570,KRX
20050630,+17000,2,+250,+1.49,2749534,814,4102,+3288,+127,48120,242080,+193960,+5970,KRX
20050629,+16750,2,+350,+2.13,4114960,1178,4339,+3161,+3015,70380,258370,+187990,+179090,KRX
20050628,-16400,5,-150,-0.91,6179799,1892,2038,+146,+4034,115420,124320,+8900,+241500,KRX
20050627,-16550,5,-650,-3.78,4018301,5389,1501,--3888,--1149,322330,89730,--232600,--70590,KRX
20050624,-17200,5,-200,-1.15,4143539,5067,2328,--2739,--3954,298520,136510,--162010,--231170,KRX
20050623,+17400,2,+250,+1.46,4056447,2504,3719,+1215,--2689,143790,212950,+69160,--156940,KRX
20050622,17150,3,0,0.00,4865601,552,4456,+3904,+2392,32050,258150,+226100,+139200,KRX
20050621,-17150,5,-250,-1.44,3392457,1438,2950,+1512,+6398,83570,170470,+86900,+368260,KRX
20050620,17400,3,0,0.00,4909073,5476,590,--4886,--3623,315290,33930,--281360,--206970,KRX
20050617,+17400,2,+1050,+6.42,11627957,4248,2985,--1263,--5325,250430,176040,--74390,--324100,KRX
20050616,+16350,2,+250,+1.55,3643647,1208,5270,+4062,+206,74110,323820,+249710,+8900,KRX
20050615,+16100,2,+400,+2.55,5109789,2239,6095,+3856,+1241,140140,380950,+240810,+74890,KRX
20050614,+15700,2,+50,+0.32,4954836,475,3090,+2615,+1378,30210,196130,+165920,+88890,KRX
20050613,-15650,5,-450,-2.80,3836949,1503,2740,+1237,+306,95020,172050,+77030,+20100,KRX
20050610,+16100,2,+150,+0.94,6551650,3491,4422,+931,--6840,214300,271230,+56930,--431120,KRX
20050609,+15950,2,+200,+1.27,4587860,12119,19890,+7771,--8,760200,1248250,+488050,--18310,KRX
20050608,+15750,2,+400,+2.61,5870450,2486,10265,+7779,+5869,158720,665080,+506360,+384180,KRX
20050607,-15350,5,-650,-4.06,6712541,1998,3908,+1910,--9094,129080,251260,+122180,--566510,KRX
20050603,+16000,2,+100,+0.63,4275637,695,11699,+11004,+8310,43520,732210,+688690,+518460,KRX
20050602,+15900,2,+250,+1.60,4755367,1909,4603,+2694,--7430,120320,290550,+170230,--469860,KRX
20050601,-15650,5,-250,-1.57,4286551,1265,11389,+10124,+9034,80010,720100,+640090,+571410,KRX
20050531,+15900,2,+150,+0.95,4529486,919,2009,+1090,+383,58380,127060,+68680,+23350,KRX
20050530,+15750,2,+350,+2.27,4764602,853,1560,+707,--4603,54800,100130,+45330,--304840,KRX
20050527,+15400,2,+700,+4.76,7887108,596,5906,+5310,+3846,39220,389390,+350170,+250630,KRX
20050526,-14700,5,-150,-1.01,3363209,828,2292,+1464,+3963,56330,155870,+99540,+268640,KRX
20050525,-14850,5,-100,-0.67,5750205,4251,1752,--2499,--3321,285720,116620,--169100,--224280,KRX
20050524,+14950,2,+350,+2.40,5135215,606,1428,+822,+66,40510,95690,+55180,+3610,KRX
20050523,+14600,2,+50,+0.34,2602778,499,1255,+756,--370,34160,85730,+51570,--25830,KRX
20050520,+14550,2,+200,+1.39,5725554,601,1727,+1126,--3998,41340,118740,+77400,--278140,KRX
20050519,+14350,2,+200,+1.41,4610146,1750,6874,+5124,+2256,121780,477320,+355540,+156220,KRX
20050518,+14150,2,+100,+0.71,4197496,709,3577,+2868,+2256,49790,249110,+199320,+159590,KRX
20050517,-14050,5,-350,-2.43,4800991,1836,2448,+612,--1078,129720,169450,+39730,--76060,KRX
20050516,-14400,5,-100,-0.69,5270731,1104,2794,+1690,+2806,76080,191870,+115790,+195650,KRX
20050513,+14500,2,+600,+4.32,7941900,2660,1544,--1116,--920,187270,107410,--79860,--65740,KRX
20050512,+13900,2,+600,+4.51,6859220,2669,2473,--196,+1664,192280,178160,--14120,+125220,KRX
20050511,-13300,5,-200,-1.48,2585868,2534,674,--1860,--2348,189800,50460,--139340,--174740,KRX
20050510,-13500,5,-200,-1.46,4755393,1205,1693,+488,+5525,89190,124590,+35400,+412120,KRX
20050509,+13700,2,+500,+3.79,7145025,6083,1046,--5037,--6125,453960,77240,--376720,--460610,KRX
20050506,+13200,2,+700,+5.60,7916641,1265,2353,+1088,--454,96640,180530,+83890,--37980,KRX
20050504,+12500,2,+300,+2.46,8052235,359,1901,+1542,+2059,28570,150440,+121870,+164260,KRX
20050503,+12200,2,+50,+0.41,4164470,1691,1174,--517,--972,137560,95170,--42390,--79930,KRX
20050502,+12150,2,+50,+0.41,2733984,416,871,+455,--1124,34100,71640,+37540,--92750,KRX
20050429,-12100,5,-50,-0.41,3089715,769,2348,+1579,+1385,63690,193980,+130290,+115290,KRX
20050428,-12150,5,-150,-1.22,4353393,1100,1294,+194,+3706,89250,104250,+15000,+301850,KRX
20050427,-12300,5,-150,-1.20,4965302,4600,1088,--3512,--2122,375420,88570,--286850,--177600,KRX
20050426,-12450,5,-350,-2.73,4159874,1773,383,--1390,--1950,139270,30020,--109250,--151760,KRX
20050425,-12800,5,-200,-1.54,3190542,1764,2324,+560,+1061,137080,179590,+42510,+80770,KRX
20050422,-13000,5,-150,-1.14,6334584,927,426,--501,--1124,70740,32480,--38260,--82830,KRX
20050421,+13150,2,+600,+4.78,12593947,1779,2402,+623,+4284,141470,186040,+44570,+334860,KRX
20050420,-12550,5,-50,-0.40,3925374,4640,979,--3661,--1549,366920,76630,--290290,--121960,KRX
20050419,+12600,2,+200,+1.61,3123988,2609,497,--2112,--3017,207820,39490,--168330,--241230,KRX
20050418,-12400,5,-600,-4.62,4244411,2203,3108,+905,+5578,174580,247480,+72900,+429460,KRX
20050415,-13000,5,-450,-3.35,4188338,6032,1359,--4673,+5377,459880,103320,--356560,+389750,KRX
20050414,-13450,5,-50,-0.37,3768531,12836,2786,--10050,--10251,953310,207000,--746310,--761200,KRX
20050413,-13500,5,-350,-2.53,3899687,1422,1623,+201,--781,102900,117790,+14890,--56050,KRX
20050412,+13850,2,+250,+1.84,4011393,831,1813,+982,+2852,60060,131000,+70940,+208400,KRX
20050411,-13600,5,-100,-0.73,2189927,2247,377,--1870,--1232,165110,27650,--137460,--91170,KRX
20050408,-13700,5,-150,-1.08,3656938,1524,886,--638,+672,110270,63980,--46290,+47930,KRX
20050407,-13850,5,-250,-1.77,3695507,2829,1519,--1310,--600,203330,109110,--94220,--43090,KRX
20050406,+14100,2,+200,+1.44,4690893,2850,2140,--710,--255,204080,152950,--51130,--18280,KRX
20050404,+13900,2,+250,+1.83,6082435,1658,1203,--455,--6341,119380,86530,--32850,--470930,KRX
20050401,+13650,2,+600,+4.60,6645326,497,6383,+5886,+5257,36610,474690,+438080,+390270,KRX
20050331,+13050,2,+100,+0.77,3588095,1455,2084,+629,--1101,110910,158720,+47810,--88610,KRX
20050330,+12950,2,+250,+1.97,3255052,1086,2816,+1730,+6713,85280,221700,+136420,+525640,KRX
20050329,-12700,5,-300,-2.31,3591025,5784,801,--4983,--6774,451770,62550,--389220,--526270,KRX
20050328,+13000,2,+100,+0.78,3352872,461,2252,+1791,+1331,35400,172450,+137050,+101430,KRX
20050325,+12900,2,+200,+1.57,3320158,1549,2009,+460,--154,120770,156390,+35620,--10300,KRX
20050324,-12700,5,-300,-2.31,5353797,3617,4231,+614,+1218,283300,329220,+45920,+91700,KRX
20050323,-13000,5,-400,-2.99,4250820,2761,2157,--604,+117,209610,163830,--45780,+8690,KRX
20050322,+13400,2,+250,+1.90,4361034,2751,2030,--721,--2641,206230,151760,--54470,--201240,KRX
20050321,+13150,2,+300,+2.33,4546555,3497,5417,+1920,+677,269360,416130,+146770,+52740,KRX
20050318,-12850,5,-150,-1.15,4176678,3198,4441,+1243,--2,247300,341330,+94030,--100,KRX
20050317,-13000,5,-400,-2.99,4893958,2511,3756,+1245,--638,192340,286470,+94130,--47550,KRX
20050316,+13400,2,+100,+0.75,5830633,2567,4450,+1883,+5112,191960,333640,+141680,+379410,KRX
20050315,-13300,5,-550,-3.97,5638852,4525,1296,--3229,--1251,333300,95570,--237730,--95920,KRX
20050314,-13850,5,-300,-2.12,3230919,2694,716,--1978,--8140,193230,51420,--141810,--580810,KRX
20050311,+14150,2,+500,+3.66,6256097,565,6727,+6162,+11597,40260,479260,+439000,+837750,KRX
20050310,+13650,2,+250,+1.87,8810717,12386,6951,--5435,--8959,908270,509520,--398750,--661840,KRX
20050309,-13400,5,-150,-1.11,6491479,563,4087,+3524,+2458,42020,305110,+263090,+185760,KRX
20050308,-13550,5,-350,-2.52,7855744,2024,3090,+1066,+3099,146640,223970,+77330,+222600,KRX
20050307,13900,3,0,0.00,8331839,3727,1694,--2033,--2368,266060,120790,--145270,--169450,KRX
20050304,-13900,5,-500,-3.47,10935514,1302,1637,+335,+824,92580,116760,+24180,+58110,KRX
20050303,-14400,5,-700,-4.64,16321988,1859,1370,--489,+4291,128880,94950,--33930,+287280,KRX
20050302,+15100,2,+50,+0.33,12711077,7007,2227,--4780,+636,468920,147710,--321210,+36020,KRX
20050228,15050,3,0,0.00,8472469,6329,913,--5416,--5204,417290,60060,--357230,--343730,KRX
20050225,+15050,2,+200,+1.35,11702283,2105,1893,--212,--2841,137630,124130,--13500,--191410,KRX
20050224,+14850,2,+550,+3.85,10619376,1032,3661,+2629,+1017,69710,247620,+177910,+66930,KRX
20050223,-14300,5,-900,-5.92,12391623,1150,2762,+1612,+3755,79530,190510,+110980,+246370,KRX
20050222,-15200,5,-1000,-6.17,13314101,3135,992,--2143,+3175,199330,63940,--135390,+209430,KRX
20050221,+16200,2,+550,+3.51,15827961,12352,7034,--5318,--5957,781170,436350,--344820,--385220,KRX
20050218,-15650,5,-100,-0.63,7473877,1652,2291,+639,+2807,106170,146570,+40400,+179420,KRX
20050217,+15750,2,+250,+1.61,9550228,3709,1541,--2168,+1018,237800,98780,--139020,+63110,KRX
20050216,+15500,2,+450,+2.99,16899507,5384,2198,--3186,+5317,341960,139830,--202130,+364330,KRX
20050215,+15050,2,+50,+0.33,11197370,9290,787,--8503,--11434,618780,52320,--566460,--771710,KRX
20050214,+15000,2,+1600,+11.94,24691789,2664,5595,+2931,+7848,184250,389500,+205250,+576410,KRX
20050211,+13400,2,+100,+0.75,4810612,6443,1526,--4917,--7398,485980,114820,--371160,--557850,KRX
20050207,+13300,2,+600,+4.72,7825531,6859,9340,+2481,+5157,517560,704250,+186690,+396670,KRX
20050204,-12700,5,-200,-1.55,3954698,4314,1638,--2676,--1558,337560,127580,--209980,--123770,KRX
20050203,-12900,5,-100,-0.77,4090593,1697,579,--1118,--1239,130660,44450,--86210,--94750,KRX
20050202,+13000,2,+200,+1.56,6939785,2006,2127,+121,+5093,154020,162560,+8540,+393830,KRX
20050201,-12800,5,-200,-1.54,4875468,5367,395,--4972,--10422,415880,30590,--385290,--809100,KRX
20050131,+13000,2,+400,+3.17,6479382,769,6219,+5450,+5786,59400,483210,+423810,+450940,KRX
20050128,-12600,5,-50,-0.40,3172729,2077,1741,--336,--965,165530,138400,--27130,--75360,KRX
20050127,-12650,5,-200,-1.56,5654243,2384,3013,+629,--4142,186230,234460,+48230,--328130,KRX
20050126,+12850,2,+500,+4.05,6499786,818,5589,+4771,+6485,64660,441020,+376360,+514220,KRX
20050125,-12350,5,-350,-2.76,4852477,2943,1229,--1714,+737,236650,98790,--137860,+56030,KRX
20050124,12700,3,0,0.00,4443459,4265,1814,--2451,--2703,336470,142580,--193890,--212930,KRX
20050121,-12700,5,-200,-1.55,5983961,2395,2647,+252,+2068,188100,207140,+19040,+159490,KRX
20050120,-12900,5,-250,-1.90,4697548,3576,1760,--1816,--1703,276090,135640,--140450,--130700,KRX
20050119,+13150,2,+200,+1.54,7000266,2915,2802,--113,+2413,223040,213290,--9750,+184740,KRX
20050118,-12950,5,-50,-0.38,8010582,4101,1575,--2526,--5499,315300,120810,--194490,--421580,KRX
20050117,+13000,2,+750,+6.12,17250441,1934,4907,+2973,--1323,150840,377930,+227090,--126760,KRX
20050114,+12250,2,+200,+1.66,14656018,2496,6792,+4296,+2699,208240,562090,+353850,+221040,KRX
20050113,+12050,2,+250,+2.12,6268104,3220,4817,+1597,+1586,269050,401860,+132810,+133560,KRX
20050112,-11800,5,-300,-2.48,7182158,1041,1052,+11,+2189,87570,86820,--750,+174880,KRX
20050111,-12100,5,-400,-3.20,14434038,4985,2807,--2178,--1878,402760,227130,--175630,--149160,KRX
20050110,+12500,2,+800,+6.84,8737587,2424,2124,--300,+2525,203790,177320,--26470,+214040,KRX
20050107,-11700,5,-200,-1.68,4783719,4132,1307,--2825,--3236,351450,110940,--240510,--271720,KRX
20050106,+11900,2,+50,+0.42,9309124,1689,2100,+411,--106,143020,174230,+31210,--13070,KRX
20050105,+11850,2,+100,+0.85,4775735,770,1287,+517,--1294,65870,110150,+44280,--111140,KRX
20050104,+11750,2,+150,+1.29,5562528,793,2604,+1811,+1304,68210,223630,+155420,+111960,KRX
20050103,-11600,5,-50,-0.43,3120279,755,1262,+507,--5298,64780,108240,+43460,--465250,KRX
20041230,+11650,2,+450,+4.02,5351629,720,6525,+5805,+130,62810,571520,+508710,--5660,KRX
20041229,+11200,2,+600,+5.66,5300836,585,6260,+5675,+8850,52940,567310,+514370,+810800,KRX
20041228,-10600,5,-300,-2.75,5121029,4966,1791,--3175,--3251,463060,166630,--296430,--302700,KRX
20041227,-10900,5,-100,-0.91,3830431,1384,1460,+76,--1172,126700,132970,+6270,--106760,KRX
20041224,11000,3,0,0.00,5268707,651,1899,+1248,+1608,59190,172220,+113030,+145610,KRX
20041223,-11000,5,-400,-3.51,4455417,1348,988,--360,--1951,120380,87800,--32580,--168340,KRX
20041222,-11400,5,-150,-1.30,5529365,1061,2652,+1591,+1340,91740,227500,+135760,+116120,KRX
20041221,+11550,2,+50,+0.43,5263930,2139,2390,+251,--207,186250,205890,+19640,--19900,KRX
20041220,-11500,5,-100,-0.86,4980384,1227,1685,+458,--498,106740,146280,+39540,--42820,KRX
20041217,+11600,2,+50,+0.43,5115524,1682,2638,+956,+633,146990,229350,+82360,+55960,KRX
20041216,-11550,5,-50,-0.43,8526250,1867,2190,+323,--873,159670,186070,+26400,--78230,KRX
20041215,+11600,2,+600,+5.45,9537127,1211,2407,+1196,+1881,105360,209990,+104630,+168470,KRX
20041214,+11000,2,+600,+5.77,10651761,1325,640,--685,--1809,123120,59280,--63840,--171440,KRX
20041213,+10400,2,+50,+0.48,3848125,1033,2157,+1124,+1512,99470,207070,+107600,+145080,KRX
20041210,-10350,5,-200,-1.90,4047545,1082,694,--388,+5879,103320,65840,--37480,+556740,KRX
20041209,+10550,2,+100,+0.96,6169988,15996,9729,--6267,--9262,1515530,921310,--594220,--876990,KRX
20041208,-10450,5,-50,-0.48,6856367,865,3860,+2995,+3218,81880,364650,+282770,+304900,KRX
20041207,+10500,2,+100,+0.96,4236413,1554,1331,--223,+2072,148070,125940,--22130,+197690,KRX
20041206,-10400,5,-250,-2.35,4944241,2747,452,--2295,--5578,262780,42960,--219820,--527770,KRX
20041203,+10650,2,+300,+2.90,7566680,659,3942,+3283,+1278,62270,370220,+307950,+123290,KRX
20041202,-10350,5,-350,-3.27,8306103,2039,4044,+2005,+326,193300,377960,+184660,+25140,KRX
20041201,+10700,2,+350,+3.38,9858766,1121,2800,+1679,+2854,107440,266960,+159520,+275260,KRX
20041130,+10350,2,+200,+1.97,11883963,3336,2161,--1175,--393,324060,208320,--115740,--37960,KRX
20041129,-10150,5,-400,-3.79,9801873,2443,1661,--782,--319,236740,158960,--77780,--31570,KRX
20041126,-10550,5,-500,-4.52,12298312,4453,3990,--463,+2954,412380,366170,--46210,+256690,KRX
20041125,-11050,5,-350,-3.07,9489792,5395,1978,--3417,--6148,478300,175400,--302900,--541690,KRX
20041124,-11400,5,-200,-1.72,5755109,668,3399,+2731,+2491,58530,297320,+238790,+218010,KRX
20041123,-11600,5,-100,-0.85,5201354,1626,1866,+240,+6486,139630,160410,+20780,+554000,KRX
20041122,-11700,5,-450,-3.70,5791813,6839,593,--6246,--3953,583750,50530,--533220,--339100,KRX
20041119,+12150,2,+250,+2.10,4945323,3850,1557,--2293,0,323160,129040,--194120,--9750,KRX
20041118,-11900,5,-600,-4.80,8709118,3739,1446,--2293,--6180,301520,117150,--184370,--493020,KRX
20041117,+12500,2,+250,+2.04,6961530,859,4746,+3887,+5404,68850,377500,+308650,+432180,KRX
20041116,+12250,2,+50,+0.41,5927956,2754,1237,--1517,--3248,223390,99860,--123530,--263820,KRX
20041115,+12200,2,+300,+2.52,7807995,1591,3322,+1731,--5996,131100,271390,+140290,--502910,KRX
20041112,+11900,2,+150,+1.28,6957282,493,8220,+7727,+5135,41170,684370,+643200,+428310,KRX
20041111,-11750,5,-250,-2.08,8806774,5106,7698,+2592,--6348,433970,648860,+214890,--544780,KRX
20041110,+12000,2,+550,+4.80,14203616,502,9442,+8940,+9465,42570,802240,+759670,+807100,KRX
20041109,-11450,5,-200,-1.72,7766787,1680,1155,--525,+2591,147670,100240,--47430,+218000,KRX
20041108,-11650,5,-400,-3.32,8454828,3349,233,--3116,--7692,285090,19660,--265430,--637810,KRX
20041105,-12050,5,-150,-1.23,7483559,513,5089,+4576,+8161,42290,414670,+372380,+662520,KRX
20041104,-12200,5,-550,-4.31,6917630,4199,614,--3585,--5370,339670,49530,--290140,--431750,KRX
20041103,+12750,2,+550,+4.51,12830501,1949,3734,+1785,+93,156400,298010,+141610,+2730,KRX
20041102,+12200,2,+50,+0.41,9179152,3172,4864,+1692,+2858,264470,403350,+138880,+232960,KRX
20041101,-12150,5,-550,-4.33,10647892,2327,1161,--1166,--67,185830,91750,--94080,--7020,KRX
20041029,-12700,5,-250,-1.93,7629898,2698,1599,--1099,--5917,213240,126180,--87060,--468530,KRX
20041028,+12950,2,+1050,+8.82,13177842,525,5343,+4818,+6112,41940,423410,+381470,+489730,KRX
20041027,-11900,5,-250,-2.06,10945810,2611,1317,--1294,--16,218900,110640,--108260,--5220,KRX
20041026,-12150,5,-450,-3.57,16186044,3290,2012,--1278,+603,258950,155910,--103040,+47890,KRX
20041025,+12600,2,+150,+1.20,9570967,6680,4799,--1881,--792,533100,382170,--150930,--60900,KRX
20041022,-12450,5,-450,-3.49,13947757,2445,1356,--1089,+3435,197210,107180,--90030,+265220,KRX
20041021,-12900,5,-50,-0.39,12348243,5423,899,--4524,--5257,425490,70240,--355250,--409670,KRX
20041020,-12950,5,-500,-3.72,9396497,1372,2105,+733,+524,103970,158390,+54420,+42190,KRX
20041019,-13450,5,-400,-2.89,13617198,3381,3590,+209,+1280,245700,257930,+12230,+86950,KRX
20041018,-13850,5,-350,-2.46,10634674,3455,2384,--1071,+410,240410,165690,--74720,+35620,KRX
20041015,+14200,2,+700,+5.19,11895625,3867,2386,--1481,--470,283260,172920,--110340,--32550,KRX
20041014,+13500,2,+100,+0.75,11664143,5758,4747,--1011,--850,430840,353050,--77790,--64330,KRX
20041013,+13400,2,+50,+0.37,12659167,2082,1921,--161,+4984,155700,142240,--13460,+359220,KRX
20041012,-13350,5,-1050,-7.29,12314205,6220,1075,--5145,--5188,451330,78650,--372680,--374500,KRX
20041011,+14400,2,+100,+0.70,14597066,2863,2906,+43,+2005,199690,201510,+1820,+143010,KRX
20041008,+14300,2,+650,+4.76,33972605,7583,5621,--1962,--1085,525900,384710,--141190,--75060,KRX
20041007,+13650,2,+900,+7.06,19655066,4813,3936,--877,--2887,361820,295690,--66130,--220320,KRX
20041006,+12750,2,+900,+7.59,22420875,3638,5648,+2010,--10880,289350,443540,+154190,--938510,KRX
20041005,+11850,2,+250,+2.16,14382022,4945,17835,+12890,+10408,420450,1513150,+1092700,+879880,KRX
20041004,+11600,2,+500,+4.50,7555624,2619,5101,+2482,--565,226240,439060,+212820,--59700,KRX
20041001,+11100,2,+600,+5.71,8058572,601,3648,+3047,+1054,54140,326660,+272520,+83280,KRX
20040930,+10500,2,+100,+0.96,4136379,1384,3377,+1993,+3115,131440,320680,+189240,+297590,KRX
20040924,10400,3,0,0.00,3980539,1937,815,--1122,--1952,186060,77710,--108350,--186820,KRX
20040923,-10400,5,-100,-0.95,3398997,1726,2556,+830,+4898,165180,243650,+78470,+456720,KRX
20040922,-10500,5,-500,-4.55,6379705,4531,463,--4068,--5790,421190,42940,--378250,--534850,KRX
20040921,+11000,2,+300,+2.80,7871367,772,2494,+1722,+1277,70370,226970,+156600,+117240,KRX
20040920,-10700,5,-250,-2.28,13039004,2467,2912,+445,+4368,231330,270690,+39360,+394180,KRX
20040917,-10950,5,-200,-1.79,7183509,5167,1244,--3923,--8974,467160,112340,--354820,--803550,KRX
20040916,-11150,5,-250,-2.19,7431845,661,5712,+5051,+4877,58780,507510,+448730,+432680,KRX
20040915,+11400,2,+550,+5.07,10503181,1048,1222,+174,+1950,95450,111500,+16050,+182630,KRX
20040914,+10850,2,+50,+0.46,7038694,2969,1193,--1776,--3877,276970,110390,--166580,--364400,KRX
20040913,+10800,2,+600,+5.88,10823082,591,2692,+2101,+2532,55580,253400,+197820,+240810,KRX
20040910,+10200,2,+240,+2.41,6740095,2078,1647,--431,--431,203450,160460,--42990,--42990,KRX
20040909,-9960,5,-10,-0.10,3826260,0,0,0,--2007,0,0,0,--198420,KRX
20040908,+9970,2,+150,+1.53,6206729,1431,3438,+2007,+2853,144210,342630,+198420,+283980,KRX
20040907,-9820,5,-100,-1.01,3798536,2100,1254,--846,--4678,212150,126590,--85560,--473090,KRX
20040906,-9920,5,-40,-0.40,4099249,523,4355,+3832,+10308,52940,440470,+387530,+1029770,KRX
20040903,-9960,5,-440,-4.23,6102135,7016,540,--6476,--6861,695670,53430,--642240,--677020,KRX
20040902,+10400,2,+50,+0.48,4787466,1934,2319,+385,--902,184130,218910,+34780,--89280,KRX
20040901,-10350,5,-100,-0.96,5632409,1009,2296,+1287,+733,98260,222320,+124060,+71510,KRX
20040831,-10450,5,-150,-1.42,4371614,628,1182,+554,+3602,59940,112490,+52550,+340960,KRX
20040830,+10600,2,+300,+2.91,6308360,3333,285,--3048,--3937,315510,27100,--288410,--374970,KRX
20040827,+10300,2,+200,+1.98,3976631,367,1256,+889,+1403,35810,122370,+86560,+137020,KRX
20040826,10100,3,0,0.00,8391808,1231,717,--514,--2224,119350,68890,--50460,--218450,KRX
20040825,10100,3,0,0.00,4881853,739,2449,+1710,+874,73170,241160,+167990,+83810,KRX
20040824,+10100,2,+310,+3.17,10274697,1079,1915,+836,+519,109030,193210,+84180,+51320,KRX
20040823,+9790,2,+460,+4.93,7596730,926,1243,+317,+42,97620,130480,+32860,+3590,KRX
20040820,+9330,2,+70,+0.76,3856371,1363,1638,+275,--2517,146960,176230,+29270,--272690,KRX
20040819,+9260,2,+210,+2.32,8005152,265,3057,+2792,+1335,28630,330590,+301960,+142700,KRX
20040818,+9050,2,+40,+0.44,5154968,507,1964,+1457,+1154,55800,215060,+159260,+126620,KRX
20040817,-9010,5,-130,-1.42,5723793,690,993,+303,--547,75460,108100,+32640,--59540,KRX
20040816,+9140,2,+320,+3.63,8676103,649,1499,+850,+2905,72300,164480,+92180,+322190,KRX
20040813,-8820,5,-180,-2.00,5544555,2885,830,--2055,--4089,322660,92650,--230010,--454440,KRX
20040812,-9000,5,-50,-0.55,4985786,2299,4333,+2034,+2760,255040,479470,+224430,+304390,KRX
20040811,-9050,5,-250,-2.69,8122178,1706,980,--726,+1682,186550,106590,--79960,+175310,KRX
20040810,-9300,5,-50,-0.53,7269526,2962,554,--2408,--3782,314130,58860,--255270,--403910,KRX
20040809,+9350,2,+300,+3.31,7556283,715,2089,+1374,+2300,78630,227270,+148640,+250810,KRX
20040806,-9050,5,-200,-2.16,5654826,2360,1434,--926,--2567,259760,157590,--102170,--280460,KRX
20040805,+9250,2,+450,+5.11,10753774,196,1837,+1641,+432,21360,199650,+178290,+40000,KRX
20040804,+8800,2,+270,+3.17,10164383,1454,2663,+1209,+403,167590,305880,+138290,+49430,KRX
20040803,-8530,5,-300,-3.40,11924059,715,1521,+806,+531,82810,171670,+88860,+61600,KRX
20040802,-8830,5,-170,-1.89,6919094,4259,4534,+275,--493,475700,502960,+27260,--47160,KRX
20040730,-9000,5,-700,-7.22,10716267,561,1329,+768,+1402,60940,135360,+74420,+138100,KRX
20040729,-9700,5,-600,-5.83,6326358,971,337,--634,--1279,97570,33890,--63680,--125060,KRX
20040728,-10300,5,-300,-2.83,6651283,973,1618,+645,+260,92960,154340,+61380,+26100,KRX
20040727,-10600,5,-50,-0.47,4908965,1053,1438,+385,+3042,99740,135020,+35280,+280280,KRX
20040726,-10650,5,-350,-3.18,6280954,3483,826,--2657,--2600,321200,76200,--245000,--237340,KRX
20040723,+11000,2,+200,+1.85,6652770,1845,1788,--57,+2249,168990,161330,--7660,+208490,KRX
20040722,-10800,5,-100,-0.92,4164705,2621,315,--2306,--5113,245230,29080,--216150,--468190,KRX
20040721,+10900,2,+150,+1.40,6420167,1245,4052,+2807,+6612,113670,365710,+252040,+603920,KRX
20040720,-10750,5,-300,-2.71,6865661,4724,919,--3805,--7302,436730,84850,--351880,--671940,KRX
20040719,+11050,2,+500,+4.74,9623072,551,4048,+3497,+3490,52630,372690,+320060,+322780,KRX
20040716,-10550,5,-100,-0.94,11337924,2167,2174,+7,+147,208330,205610,--2720,+12620,KRX
20040715,-10650,5,-250,-2.29,9574648,2140,2000,--140,--1327,201810,186470,--15340,--120370,KRX
20040714,-10900,5,-350,-3.11,6867099,2744,3931,+1187,+954,248410,353440,+105030,+85720,KRX
20040713,+11250,2,+150,+1.35,8099061,1652,1885,+233,+3594,151180,170490,+19310,+315400,KRX
20040712,-11100,5,-550,-4.72,8143812,5350,1989,--3361,--8393,465610,169520,--296090,--725390,KRX
20040709,+11650,2,+150,+1.30,5626950,793,5825,+5032,+12793,68120,497420,+429300,+1095310,KRX
20040708,-11500,5,-600,-4.96,8413959,10306,2545,--7761,--8386,885700,219690,--666010,--715280,KRX
20040707,-12100,5,-250,-2.02,7131670,2724,3349,+625,+590,228840,278110,+49270,+47900,KRX
20040706,-12350,5,-100,-0.80,7041992,2394,2429,+35,--723,193050,194420,+1370,--60390,KRX
20040705,+12450,2,+350,+2.89,6483559,2346,3104,+758,+5934,193050,254810,+61760,+484840,KRX
20040702,-12100,5,-500,-3.97,8576140,5637,461,--5176,--3815,460860,37780,--423080,--313280,KRX
20040701,-12600,5,-50,-0.40,10348599,4054,2693,--1361,--1325,322450,212650,--109800,--103360,KRX
20040630,+12650,2,+250,+2.02,14363759,3155,3119,--36,--5961,248140,241700,--6440,--490540,KRX
20040629,+12400,2,+550,+4.64,11365026,189,6114,+5925,+6817,15590,499690,+484100,+560130,KRX
20040628,+11850,2,+150,+1.28,11572948,2750,1858,--892,--4928,231380,155350,--76030,--426370,KRX
20040625,+11700,2,+400,+3.54,10184026,1707,5743,+4036,--564,149470,499810,+350340,--58830,KRX
20040624,+11300,2,+400,+3.67,11868529,2141,6741,+4600,+5499,195080,604250,+409170,+493150,KRX
20040623,-10900,5,-50,-0.46,8923380,3408,2509,--899,+847,307980,224000,--83980,+80730,KRX
20040622,10950,3,0,0.00,6057761,4282,2536,--1746,--5212,398500,233790,--164710,--477130,KRX
20040621,+10950,2,+150,+1.39,6525615,1794,5260,+3466,+8844,164620,477040,+312420,+808910,KRX
20040618,-10800,5,-150,-1.37,9828215,6550,1172,--5378,--8970,605110,108620,--496490,--827410,KRX
20040617,+10950,2,+400,+3.79,9753012,1017,4609,+3592,+4433,93920,424840,+330920,+412190,KRX
20040616,-10550,5,-450,-4.09,10794300,2867,2026,--841,--3597,265970,184700,--81270,--335800,KRX
20040615,+11000,2,+650,+6.28,10831554,2090,4846,+2756,+2087,198290,452820,+254530,+194790,KRX
20040614,-10350,5,-1050,-9.21,9841833,2438,3107,+669,+8892,219780,279520,+59740,+775550,KRX
20040611,-11400,5,-600,-5.00,10327592,8640,417,--8223,--6984,751850,36040,--715810,--611470,KRX
20040610,+12000,2,+150,+1.27,16000045,11173,9934,--1239,--889,933200,828860,--104340,--74080,KRX
20040609,+11850,2,+400,+3.49,15494782,2756,2406,--350,--1322,237550,207290,--30260,--113730,KRX
20040608,-11450,5,-150,-1.29,12665550,1305,2277,+972,--4156,113600,197070,+83470,--367250,KRX
20040607,+11600,2,+1000,+9.43,16338377,490,5618,+5128,+3972,44060,494780,+450720,+342190,KRX
20040604,+10600,2,+100,+0.95,9175478,8118,9274,+1156,+2086,760390,868920,+108530,+197950,KRX
20040603,-10500,5,-1000,-8.70,15982403,1838,908,--930,+1606,169070,79650,--89420,+132020,KRX
20040602,+11500,2,+200,+1.77,13758199,3411,875,--2536,--3901,296880,75440,--221440,--342510,KRX
20040601,+11300,2,+50,+0.44,16637581,765,2130,+1365,+4196,67880,188950,+121070,+379870,KRX
20040531,+11250,2,+400,+3.69,13580869,3131,300,--2831,--3943,285770,26970,--258800,--362020,KRX
20040528,+10850,2,+600,+5.85,18458352,1131,2243,+1112,--395,105220,208440,+103220,--37280,KRX
20040527,-10250,5,-50,-0.49,10873055,1555,3062,+1507,+4077,148610,289110,+140500,+390820,KRX
20040525,-10300,5,-600,-5.50,16242726,3630,1060,--2570,--658,353100,102780,--250320,--63480,KRX
20040524,+10900,2,+1300,+13.54,21059055,2648,736,--1912,--7666,257550,70710,--186840,--779840,KRX
20040521,+9600,2,+280,+3.00,15292873,1538,7292,+5754,+10129,158760,751760,+593000,+1043380,KRX
20040520,-9320,5,-980,-9.51,20446931,5314,939,--4375,--3749,546700,96320,--450380,--387900,KRX
20040519,+10300,2,+50,+0.49,24100428,2458,1832,--626,--1075,239680,177200,--62480,--110930,KRX
20040518,+10250,2,+600,+6.22,25631287,3404,3853,+449,--2051,344850,393300,+48450,--201980,KRX
20040517,-9650,4,-1700,-14.98,23996733,1455,3955,+2500,+8263,140400,390830,+250430,+727520,KRX
20040514,-11350,5,-1100,-8.84,17249064,7398,1635,--5763,+4566,613990,136900,--477090,+354210,KRX
20040513,-12450,5,-450,-3.49,13558695,13020,2691,--10329,--6295,1046610,215310,--831300,--526270,KRX
20040512,-12900,5,-100,-0.77,18956196,5320,1286,--4034,--1477,403040,98010,--305030,--106020,KRX
20040511,+13000,2,+600,+4.84,19327027,5189,2632,--2557,+1773,408150,209140,--199010,+144420,KRX
20040510,-12400,5,-700,-5.34,23798042,5453,1123,--4330,--3361,431440,88010,--343430,--272120,KRX
20040507,+13100,2,+850,+6.94,19691162,3801,2832,--969,--1701,297630,226320,--71310,--131140,KRX
20040506,-12250,5,-950,-7.20,15855499,2499,3231,+732,+1134,194490,254320,+59830,+87850,KRX
20040504,+13200,2,+1000,+8.20,27081604,2446,2044,--402,--3760,186200,158180,--28020,--311740,KRX
20040503,+12200,2,+300,+2.52,9363015,587,3945,+3358,+434,49570,333290,+283720,+20910,KRX
20040430,+11900,2,+1250,+11.74,15637146,2586,5510,+2924,--4183,227350,490160,+262810,--386850,KRX
20040429,-10650,5,-600,-5.33,11756139,623,7730,+7107,+9756,57460,707120,+649660,+880490,KRX
20040428,-11250,5,-200,-1.75,11517072,3126,477,--2649,--4344,272860,42030,--230830,--379910,KRX
20040427,+11450,2,+200,+1.78,9808058,630,2325,+1695,+3543,55220,204300,+149080,+307880,KRX
20040426,-11250,5,-900,-7.41,13807027,2446,598,--1848,--4646,210860,52060,--158800,--386070,KRX
20040423,-12150,5,-50,-0.41,12726464,1897,4695,+2798,+6849,156560,383830,+227270,+546890,KRX
20040422,-12200,5,-1000,-7.58,14494571,4816,765,--4051,--2343,380650,61030,--319620,--189730,KRX
20040421,+13200,2,+400,+3.13,11743257,2402,694,--1708,--2895,183140,53250,--129890,--223040,KRX
20040420,+12800,2,+150,+1.19,7714438,948,2135,+1187,+5288,74500,167650,+93150,+423140,KRX
20040419,+12650,2,+200,+1.61,8587686,4414,313,--4101,+1870,355240,25250,--329990,+144950,KRX
20040416,-12450,5,-800,-6.04,11334599,6378,407,--5971,--5957,507430,32490,--474940,--477080,KRX
20040414,-13250,5,-650,-4.68,12729932,2540,2526,--14,+333,185080,187220,+2140,+27400,KRX
20040413,+13900,2,+300,+2.21,9183958,2112,1765,--347,--7946,152690,127430,--25260,--573450,KRX
20040412,13600,3,0,0.00,9052376,685,8284,+7599,+10817,50210,598400,+548190,+792320,KRX
20040409,+13600,2,+100,+0.74,8737683,4084,866,--3218,--5399,308320,64190,--244130,--406670,KRX
20040408,-13500,5,-250,-1.82,10939430,4302,6483,+2181,+3864,318490,481030,+162540,+286330,KRX
20040407,13750,3,0,0.00,14072979,2122,439,--1683,+98,155890,32100,--123790,+3680,KRX
20040406,+13750,2,+1200,+9.56,25346229,3198,1417,--1781,--1126,230960,103490,--127470,--75540,KRX
20040402,+12550,2,+100,+0.80,9774982,2606,1951,--655,+781,207240,155310,--51930,+64000,KRX
20040401,+12450,2,+200,+1.63,11450543,2865,1429,--1436,+2267,230620,114690,--115930,+194380,KRX
20040331,+12250,2,+850,+7.46,18128484,4288,585,--3703,--2313,358960,48650,--310310,--191110,KRX
20040330,-11400,5,-150,-1.30,8155237,1734,344,--1390,--3933,149150,29950,--119200,--342990,KRX
20040329,+11550,2,+700,+6.45,10473266,187,2730,+2543,--2045,16410,240200,+223790,--192140,KRX
20040326,+10850,2,+250,+2.36,12517231,525,5113,+4588,+2280,47940,463870,+415930,+213080,KRX
20040325,-10600,5,-950,-8.23,13976642,1955,4263,+2308,+5181,177810,380660,+202850,+445000,KRX
20040324,-11550,5,-650,-5.33,9936711,3994,1121,--2873,+77,336020,93870,--242150,+8390,KRX
20040323,+12200,2,+200,+1.67,14471147,5598,2648,--2950,+2183,474530,223990,--250540,+176630,KRX
20040322,+12000,2,+350,+3.00,13241976,5554,421,--5133,--6609,462240,35070,--427170,--552420,KRX
20040319,-11650,5,-50,-0.43,14579904,394,1870,+1476,+3352,33440,158690,+125250,+289920,KRX
20040318,+11700,2,+600,+5.41,20339567,2676,800,--1876,--2513,234250,69580,--164670,--221620,KRX
20040317,+11100,2,+100,+0.91,15562411,1625,2262,+637,--1059,146140,203090,+56950,--103170,KRX
20040316,+11000,2,+550,+5.26,18070152,473,2169,+1696,+1821,44370,204490,+160120,+172140,KRX
20040315,+10450,2,+250,+2.45,16380508,1263,1138,--125,+3105,121740,109720,--12020,+303850,KRX
20040312,-10200,5,-450,-4.23,24928339,5972,2742,--3230,+3665,591040,275170,--315870,+339670,KRX
20040311,+10650,2,+1340,+14.39,38075512,15769,8874,--6895,--5917,1499960,844420,--655540,--551720,KRX
20040310,-9310,5,-120,-1.27,7744027,1936,958,--978,--3127,206390,102570,--103820,--333520,KRX
20040309,-9280,5,-370,-3.83,0,414,2563,+2149,+1220,44540,274240,+229700,+135710,KRX
20040308,-9650,5,-250,-2.53,12236534,597,1526,+929,+2241,61240,155230,+93990,+225030,KRX
20040305,+9900,2,+110,+1.12,14886962,2091,779,--1312,--2864,208770,77730,--131040,--289680,KRX
20040304,+9790,2,+20,+0.20,9568215,702,2254,+1552,+2573,71820,230460,+158640,+263810,KRX
20040303,+9770,2,+520,+5.62,17763043,1543,522,--1021,--602,160010,54840,--105170,--61090,KRX
20040302,+9250,2,+280,+3.12,12307578,1026,607,--419,--2459,109820,65740,--44080,--273940,KRX
20040227,-8670,5,-200,-2.25,1280920,230,2270,+2040,+2764,26060,255920,+229860,+309980,KRX
20040226,-8870,5,-20,-0.22,7644613,1349,625,--724,--1354,150010,69890,--80120,--149840,KRX
20040225,-8890,5,-180,-1.98,10822132,774,1404,+630,--7131,85100,154820,+69720,--748110,KRX
20040224,-9070,5,-760,-7.73,13834640,359,8120,+7761,+4190,38480,856310,+817830,+444820,KRX
20040223,+9830,2,+720,+7.90,28225360,873,4444,+3571,+6019,89640,462650,+373010,+639810,KRX
20040220,-9110,5,-190,-2.04,11370596,2763,315,--2448,--3587,301090,34290,--266800,--394400,KRX
20040219,+9300,2,+570,+6.53,18328739,742,1881,+1139,+1407,82390,209990,+127600,+158170,KRX
20040218,+8730,2,+70,+0.81,10280361,1333,1065,--268,--1232,152060,121490,--30570,--141990,KRX
20040217,+8660,2,+200,+2.36,12743842,1973,2937,+964,+2048,226810,338230,+111420,+241200,KRX
20040216,+8460,2,+40,+0.48,10451768,2382,1298,--1084,--1340,284920,155140,--129780,--159680,KRX
20040213,+8420,2,+100,+1.20,8357507,1552,1808,+256,--2288,184910,214810,+29900,--273620,KRX
20040212,-8320,5,-100,-1.19,6863995,2505,5049,+2544,+227,299940,603460,+303520,+31460,KRX
20040211,+8420,2,+20,+0.24,11799389,1095,3412,+2317,+1861,128680,400740,+272060,+217090,KRX
20040210,-8400,5,-40,-0.47,8153311,793,1249,+456,+645,95570,150540,+54970,+77810,KRX
20040209,+8440,2,+10,+0.12,10149018,1495,1306,--189,+3158,174640,151800,--22840,+385360,KRX
20040206,+8430,2,+200,+2.43,15340318,4509,1162,--3347,--5440,549890,141690,--408200,--656410,KRX
20040205,-8230,5,-350,-4.08,8286231,658,2751,+2093,+1227,78680,326890,+248210,+145120,KRX
20040204,+8580,2,+280,+3.37,14265030,859,1725,+866,--1182,101360,204450,+103090,--139020,KRX
20040203,-8300,5,-530,-6.00,16279307,526,2574,+2048,+2402,62640,304750,+242110,+282130,KRX
20040202,-8830,5,-120,-1.34,10210962,1115,761,--354,--946,126300,86280,--40020,--106420,KRX
20040130,-8950,5,-10,-0.11,14512975,880,1472,+592,+92,99280,165680,+66400,+11950,KRX
20040129,+8960,2,+240,+2.75,26191899,1099,1599,+500,+1207,121730,176180,+54450,+137890,KRX
20040128,+8720,2,+800,+10.10,36757325,1172,465,--707,--8,136680,53240,--83440,+9590,KRX
20040127,+7920,2,+500,+6.74,17535205,1306,607,--699,+3359,172230,79200,--93030,+449740,KRX
20040126,+7420,2,+20,+0.27,14078675,4293,235,--4058,--2344,574140,31370,--542770,--311390,KRX
20040120,-7400,5,-30,-0.40,8078362,2094,380,--1714,--1930,282390,51010,--231380,--259680,KRX
20040119,7430,3,0,0.00,8573096,759,975,+216,+339,100880,129180,+28300,+43410,KRX
20040116,+7430,2,+200,+2.77,19268423,1187,1064,--123,+2049,158770,143660,--15110,+281480,KRX
20040115,-7230,5,-250,-3.34,9907602,2631,459,--2172,--4169,359520,62930,--296590,--574390,KRX
20040114,+7480,2,+430,+6.10,26804841,404,2401,+1997,+3083,54840,332640,+277800,+429030,KRX
20040113,-7050,5,-210,-2.89,8931965,1415,329,--1086,+844,197290,46060,--151230,+118790,KRX
20040112,+7260,2,+100,+1.40,13738547,2431,501,--1930,--2936,340250,70230,--270020,--411060,KRX
20040109,+7160,2,+650,+9.98,19633814,881,1887,+1006,+2867,123570,264610,+141040,+427290,KRX
20040108,-6510,5,-110,-1.66,13864093,3867,2006,--1861,--2081,589340,303090,--286250,--318970,KRX
20040107,+6620,2,+490,+7.99,20562472,636,856,+220,+1867,96790,129510,+32720,+296150,KRX
20040106,-6130,5,-120,-1.92,10501167,2046,399,--1647,--323,327940,64510,--263430,--47180,KRX
20040105,+6250,2,+650,+11.61,18766562,1870,546,--1324,--2448,306020,89770,--216250,--416400,KRX
20040102,5600,3,0,0.00,4148379,235,1359,+1124,+1088,41790,241940,+200150,+194690,KRX
20031230,+5600,2,+350,+6.67,11516285,348,384,+36,--436,63290,68750,+5460,--85620,KRX
20031229,+5250,2,+210,+4.17,4728093,723,1195,+472,+342,139050,230130,+91080,+64830,KRX
20031226,-5040,5,-160,-3.08,5497716,690,820,+130,--120,135070,161320,+26250,--18340,KRX
20031224,-5200,5,-370,-6.64,5230945,585,835,+250,--555,109200,153790,+44590,--92690,KRX
20031223,-5570,5,-280,-4.79,4567122,716,1521,+805,+540,124660,261940,+137280,+94520,KRX
20031222,-5850,5,-310,-5.03,3984748,560,825,+265,+364,93060,135820,+42760,+58640,KRX
20031219,-6160,5,-10,-0.16,5354127,748,649,--99,--665,120290,104410,--15880,--106830,KRX
20031218,-6170,5,-40,-0.64,5000030,699,1265,+566,+1795,112840,203790,+90950,+286400,KRX
20031217,-6210,5,-100,-1.58,3379780,1382,153,--1229,--514,219960,24510,--195450,--83230,KRX
20031216,-6310,5,-310,-4.68,4307955,922,207,--715,--3256,144680,32460,--112220,--507060,KRX
20031215,+6620,2,+320,+5.08,8512696,217,2758,+2541,+334,33600,428440,+394840,+47010,KRX
20031212,+6300,2,+20,+0.32,3794157,231,2438,+2207,+4547,36420,384250,+347830,+724220,KRX
20031211,-6280,5,-70,-1.10,6621503,9292,6952,--2340,+1143,1476480,1100090,--376390,+180680,KRX
20031210,+6350,2,+20,+0.32,6912456,3827,344,--3483,--4394,611410,54340,--557070,--700240,KRX
20031209,+6330,2,+40,+0.64,2886885,248,1159,+911,+2659,39020,182190,+143170,+419060,KRX
20031208,-6290,5,-160,-2.48,4227528,2260,512,--1748,--365,356340,80450,--275890,--64310,KRX
20031205,-6450,5,-210,-3.15,4193750,1522,139,--1383,--2007,232820,21240,--211580,--304700,KRX
20031204,-6660,5,-90,-1.33,3953031,679,1303,+624,--311,100910,194030,+93120,--43250,KRX
20031203,-6750,5,-50,-0.74,8358300,533,1468,+935,+303,78490,214860,+136370,+43160,KRX
20031202,-6800,5,-80,-1.16,6795140,481,1113,+632,--249,70020,163230,+93210,--35310,KRX
20031201,+6880,2,+250,+3.77,10124883,617,1498,+881,+3,90240,218760,+128520,--4580,KRX
20031128,+6630,2,+150,+2.31,7882395,699,1577,+878,+786,106000,239100,+133100,+117930,KRX
20031127,-6480,5,-220,-3.28,6390263,470,562,+92,--1378,71200,86370,+15170,--219150,KRX
20031126,+6700,2,+560,+9.12,16557584,189,1659,+1470,+358,29440,263760,+234320,+56150,KRX
20031125,+6140,2,+30,+0.49,4021719,427,1539,+1112,+64,69290,247460,+178170,+7690,KRX
20031124,-6110,5,-470,-7.14,5456478,712,1760,+1048,+1127,110610,281090,+170480,+182650,KRX
20031121,-6580,5,-80,-1.20,6393336,1153,1074,--79,--3646,173020,160850,--12170,--542850,KRX
20031120,-6660,5,-70,-1.04,4269454,621,4188,+3567,+6410,92370,623050,+530680,+943370,KRX
20031119,-6730,5,-350,-4.94,6183325,3358,515,--2843,--3928,488140,75450,--412690,--567110,KRX
20031118,+7080,2,+90,+1.29,6204900,679,1764,+1085,+4552,96630,251050,+154420,+653580,KRX
20031117,6990,3,0,0.00,4819774,3602,135,--3467,--2884,518510,19350,--499160,--415640,KRX
20031114,-6990,5,-150,-2.10,5563141,2013,1430,--583,--1977,287640,204120,--83520,--279870,KRX
20031113,+7140,2,+120,+1.71,8717304,2667,4061,+1394,+1384,372650,569000,+196350,+194720,KRX
20031112,+7020,2,+120,+1.74,4810981,797,807,+10,+678,113690,115320,+1630,+98850,KRX
20031111,-6900,5,-160,-2.27,5993535,1531,863,--668,+2685,222110,124890,--97220,+374230,KRX
20031110,-7060,5,-190,-2.62,5915971,3980,627,--3353,--4426,559650,88200,--471450,--620800,KRX
20031107,+7250,2,+40,+0.55,6581125,770,1843,+1073,+410,106980,256330,+149350,+56320,KRX
20031106,-7210,5,-320,-4.25,9461894,963,1626,+663,+164,130830,223860,+93030,+25440,KRX
20031105,+7530,2,+280,+3.86,8907817,716,1215,+499,+2343,95770,163360,+67590,+303180,KRX
20031104,-7250,5,-570,-7.29,18931814,2148,304,--1844,--3722,276750,41160,--235590,--476520,KRX
20031103,+7820,2,+290,+3.85,13070311,472,2350,+1878,+3009,60290,301220,+240930,+391340,KRX
20031031,+7530,2,+90,+1.21,9822863,1965,834,--1131,--2631,260760,110350,--150410,--352870,KRX
20031030,+7440,2,+100,+1.36,7563190,443,1943,+1500,+276,59560,262020,+202460,+42820,KRX
20031029,-7340,5,-260,-3.42,17665927,829,2053,+1224,--2231,105270,264910,+159640,--299610,KRX
20031028,+7600,2,+490,+6.89,22149649,1280,4735,+3455,+2162,173940,633190,+459250,+277030,KRX
20031027,+7110,2,+110,+1.57,8575892,1071,2364,+1293,+859,150590,332810,+182220,+121130,KRX
20031024,-7000,5,-130,-1.82,8024480,1009,1443,+434,+4058,142840,203930,+61090,+561850,KRX
20031023,-7130,5,-370,-4.93,9506934,4489,865,--3624,--3186,620680,119920,--500760,--442940,KRX
20031022,-7500,5,-210,-2.72,24602332,1101,663,--438,+65,142570,84750,--57820,+7940,KRX
20031021,-7710,5,-190,-2.41,14227678,1935,1432,--503,--2142,249460,183700,--65760,--273610,KRX
20031020,+7900,2,+200,+2.60,13792465,482,2121,+1639,--879,61260,269110,+207850,--125050,KRX
20031017,+7700,2,+550,+7.69,34334150,927,3445,+2518,--383,126920,459820,+332900,--69880,KRX
20031016,-7150,5,-80,-1.11,7225700,1185,4086,+2901,+2266,165050,567830,+402780,+315290,KRX
20031015,+7230,2,+130,+1.83,15616733,1017,1652,+635,--1774,140590,228080,+87490,--255810,KRX
20031014,+7100,2,+240,+3.50,15469108,1218,3627,+2409,+1939,173630,516930,+343300,+275990,KRX
20031013,-6860,5,-100,-1.44,11381168,3087,3557,+470,--854,447130,514440,+67310,--123690,KRX
20031010,+6960,2,+180,+2.65,10673340,2481,3805,+1324,--1542,362270,553270,+191000,--229090,KRX
20031009,-6780,5,-20,-0.29,7441427,3351,6217,+2866,+3300,493040,913130,+420090,+481780,KRX
20031008,-6800,5,-250,-3.55,12038530,1002,568,--434,+1215,142270,80580,--61690,+173610,KRX
20031007,+7050,2,+200,+2.92,16856319,1837,188,--1649,+280,262220,26920,--235300,+41110,KRX
20031006,+6850,2,+10,+0.15,16797369,3238,1309,--1929,--1422,464130,187720,--276410,--203520,KRX
20031002,+6840,2,+140,+2.09,17901390,2112,1605,--507,--715,305060,232170,--72890,--104240,KRX
20031001,-6700,5,-10,-0.15,7659289,958,1166,+208,+3221,145110,176460,+31350,+465750,KRX
20030930,-6710,5,-130,-1.90,14841139,3386,373,--3013,--3312,488770,54370,--434400,--478990,KRX
20030929,-6840,5,-130,-1.87,9860456,2058,2357,+299,+1484,300010,344600,+44590,+222040,KRX
20030926,+6970,2,+160,+2.35,21713354,2348,1163,--1185,+444,350380,172930,--177450,+62790,KRX
20030925,-6810,5,-290,-4.08,9950264,3093,1464,--1629,+1455,455900,215660,--240240,+185850,KRX
20030924,-7100,5,-80,-1.11,14829152,4117,1033,--3084,--3800,568300,142210,--426090,--529900,KRX
20030923,+7180,2,+30,+0.42,12071118,1393,2109,+716,--847,197170,300980,+103810,--106840,KRX
20030922,-7150,5,-590,-7.62,9826971,1131,2694,+1563,+528,157250,367900,+210650,+81340,KRX
20030919,-7740,5,-170,-2.15,8126041,1572,2607,+1035,--303,200790,330100,+129310,--38440,KRX
20030918,-7910,5,-250,-3.06,11115354,496,1834,+1338,+1295,62120,229870,+167750,+162710,KRX
20030917,+8160,2,+60,+0.74,18337278,834,877,+43,+421,100520,105560,+5040,+52070,KRX
20030916,-8100,5,-20,-0.25,8413821,958,580,--378,--2036,118630,71600,--47030,--252390,KRX
20030915,+8120,2,+40,+0.50,8858591,168,1826,+1658,+4402,20840,226200,+205360,+546870,KRX
20030909,+8080,2,+310,+3.99,21407087,6680,3936,--2744,--2322,827610,486100,--341510,--287700,KRX
20030908,-7770,5,-380,-4.66,11261415,1140,718,--422,+454,145080,91270,--53810,+53940,KRX
20030905,-8150,5,-60,-0.73,14053791,1766,890,--876,+344,214830,107080,--107750,+37390,KRX
20030904,-8210,5,-210,-2.49,15326523,1606,386,--1220,+184,191500,46360,--145140,+14530,KRX
20030903,-8420,5,-640,-7.06,21391750,2243,839,--1404,--2932,257310,97640,--159670,--336650,KRX
20030902,+9060,2,+920,+11.30,51189365,609,2137,+1528,+2366,70550,247530,+176980,+280150,KRX
20030901,+8140,2,+170,+2.13,14590182,1600,762,--838,--1808,196720,93550,--103170,--224690,KRX
20030829,-7970,5,-90,-1.12,10370368,976,1946,+970,+719,121720,243240,+121520,+89670,KRX
20030828,+8060,2,+340,+4.40,20574369,917,1168,+251,+162,113800,145650,+31850,+20520,KRX
20030827,-7720,5,-150,-1.91,12956159,854,943,+89,--31,109330,120660,+11330,--4290,KRX
20030826,-7870,5,-260,-3.20,11910792,992,1112,+120,--1368,123050,138670,+15620,--166580,KRX
20030825,+8130,2,+50,+0.62,15570984,397,1885,+1488,+1693,48510,230710,+182200,+204440,KRX
20030822,-8080,5,-310,-3.69,14310107,1148,943,--205,--3201,136200,113960,--22240,--378700,KRX
20030821,+8390,2,+40,+0.48,15948991,371,3367,+2996,+3684,44620,401080,+356460,+435170,KRX
20030820,-8350,5,-520,-5.86,24857574,1220,532,--688,+448,140770,62060,--78710,+48780,KRX
20030819,+8870,2,+600,+7.26,40549036,1651,515,--1136,--312,186000,58510,--127490,--31250,KRX
20030818,-8270,5,-370,-4.28,17142666,3733,2909,--824,--2995,432720,336480,--96240,--351480,KRX
20030814,-8640,5,-260,-2.92,19233115,2414,4585,+2171,+2899,274880,530120,+255240,+336620,KRX
20030813,8900,3,0,0.00,26805688,1125,397,--728,+391,126530,45150,--81380,+40910,KRX
20030812,-8900,5,-100,-1.11,35352983,1478,359,--1119,--603,161100,38810,--122290,--63030,KRX
20030811,+9000,2,+200,+2.27,39234569,1154,638,--516,+415,131210,71950,--59260,+42690,KRX
20030808,-8800,5,-550,-5.88,22321758,1248,317,--931,--922,136910,34960,--101950,--101620,KRX
20030807,-9350,5,-230,-2.40,30238055,640,631,--9,--730,66640,66310,--330,--81540,KRX
20030806,+9580,2,+270,+2.90,36074182,560,1281,+721,+649,60220,141430,+81210,+73150,KRX
20030805,+9310,2,+880,+10.44,58087545,704,776,+72,+744,75730,83790,+8060,+87050,KRX
20030804,-8430,5,-60,-0.71,32163755,1024,352,--672,--766,120480,41490,--78990,--93020,KRX
20030801,+8490,1,+1100,+14.88,51435719,749,843,+94,--734,93280,107310,+14030,--98520,KRX
20030731,-7390,5,-50,-0.67,18779732,483,1311,+828,--815,65870,178420,+112550,--112930,KRX
20030730,+7440,2,+370,+5.23,23982872,323,1966,+1643,+756,44030,269510,+225480,+100270,KRX
20030729,-7070,5,-410,-5.48,37534085,464,1351,+887,--970,64920,190130,+125210,--111730,KRX
20030728,-7480,5,-230,-2.98,26822234,390,2247,+1857,+3604,49930,286870,+236940,+449130,KRX
20030725,-7710,5,-620,-7.44,19227327,2137,390,--1747,--1163,261100,48910,--212190,--140470,KRX
20030724,-8330,5,-160,-1.88,35117806,1222,638,--584,--958,149190,77470,--71720,--117200,KRX
20030723,-8490,5,-290,-3.30,31493303,961,1335,+374,--1218,108670,154150,+45480,--138420,KRX
20030722,-8780,5,-80,-0.90,44982925,665,2257,+1592,+2096,75600,259500,+183900,+232530,KRX
20030721,-8860,5,-770,-8.00,31216159,1671,1167,--504,--1459,174290,125660,--48630,--148780,KRX
20030718,-9630,5,-110,-1.13,21997360,649,1604,+955,--635,67120,167270,+100150,--64660,KRX
20030716,+9740,2,+590,+6.45,42482959,855,2445,+1590,+2808,88000,252810,+164810,+290680,KRX
20030715,-9150,5,-110,-1.19,51949688,2920,1702,--1218,--370,306780,180910,--125870,--29590,KRX
20030714,+9260,1,+1200,+14.89,45581534,1517,669,--848,+449,173940,77660,--96280,+64960,KRX
20030711,+8060,2,+100,+1.26,17730233,1669,372,--1297,--507,208190,46950,--161240,--61880,KRX
20030710,-7960,5,-20,-0.25,16151831,4644,3854,--790,+143,582520,483160,--99360,+17010,KRX
20030709,+7980,2,+150,+1.92,27652702,1230,297,--933,+2566,153980,37610,--116370,+303330,KRX
20030708,-7830,5,-220,-2.73,33352087,4080,581,--3499,--4648,492090,72390,--419700,--570030,KRX
20030707,+8050,2,+750,+10.27,41132141,345,1494,+1149,+582,45210,195540,+150330,+66290,KRX
20030704,+7300,2,+490,+7.20,37080702,247,814,+567,+1213,35920,119960,+84040,+176090,KRX
20030703,+6810,2,+110,+1.64,34947679,1600,954,--646,--1539,228100,136050,--92050,--235140,KRX
20030702,+6700,2,+800,+13.56,48933752,276,1169,+893,+971,42380,185470,+143090,+157090,KRX
20030701,+5900,2,+110,+1.90,17310743,634,556,--78,--291,108850,94850,--14000,--50420,KRX
20030630,-5790,5,-140,-2.36,12944766,337,550,+213,--863,58260,94680,+36420,--142520,KRX
20030627,+5930,2,+90,+1.54,21444199,313,1389,+1076,+1036,52260,231200,+178940,+171630,KRX
20030626,-5840,5,-220,-3.63,32884397,1107,1147,+40,--225,187210,194520,+7310,--35080,KRX
20030625,+6060,2,+50,+0.83,35551981,472,737,+265,--1546,76640,119030,+42390,--261670,KRX
20030624,-6010,5,-150,-2.44,25826309,187,1998,+1811,+264,31550,335610,+304060,+52980,KRX
20030623,-6160,5,-160,-2.53,40876521,409,1956,+1547,+1458,64870,315950,+251080,+238250,KRX
20030620,+6320,2,+370,+6.22,64117923,733,822,+89,+1130,119780,132610,+12830,+190660,KRX
20030619,+5950,1,+770,+14.86,55326942,1509,468,--1041,--908,261160,83330,--177830,--147150,KRX
20030618,-5180,4,-910,-14.94,43046920,1012,879,--133,--2299,183530,152850,--30680,--402320,KRX
20030617,+6090,2,+500,+8.94,56158263,362,2528,+2166,+2739,60190,431830,+371640,+475730,KRX
20030616,+5590,2,+10,+0.18,32478074,1155,582,--573,+442,204330,100240,--104090,+84100,KRX
20030613,+5580,1,+720,+14.81,17513406,1151,136,--1015,+4258,214240,26050,--188190,+904180,KRX
20030612,+4860,1,+630,+14.89,34773174,5475,202,--5273,--5342,1136480,44110,--1092370,--1108630,KRX
20030611,+4230,2,+80,+1.93,19392659,881,950,+69,--171,207590,223850,+16260,--40650,KRX
20030610,+4150,2,+95,+2.34,22166844,635,875,+240,+110,151840,208750,+56910,+24170,KRX
20030609,-4055,5,-50,-1.22,16723973,711,841,+130,+757,174850,207590,+32740,+185890,KRX
20030605,+4105,2,+260,+6.76,41021741,1050,423,--627,--291,257740,104590,--153150,--67070,KRX
20030604,+3845,2,+10,+0.26,7458248,653,317,--336,+668,168530,82450,--86080,+173410,KRX
20030603,-3835,5,-125,-3.16,8314075,1129,125,--1004,--2361,292080,32590,--259490,--598910,KRX
20030602,+3960,2,+145,+3.80,18865550,127,1484,+1357,+1620,32100,371520,+339420,+406640,KRX
20030530,+3815,2,+15,+0.39,12757471,772,509,--263,--1269,200110,132890,--67220,--325070,KRX
20030529,-3800,5,-105,-2.69,12965601,381,1387,+1006,--1482,98870,356720,+257850,--350480,KRX
20030528,+3905,2,+5,+0.13,18401623,142,2630,+2488,+2622,35330,643660,+608330,+641810,KRX
20030527,+3900,2,+100,+2.63,16606421,742,608,--134,--1599,189550,156070,--33480,--399330,KRX
20030526,+3800,2,+30,+0.80,49527908,520,1985,+1465,+686,132680,498530,+365850,+144370,KRX
20030523,+3770,1,+490,+14.94,24242734,250,1029,+779,+892,70240,291720,+221480,+260840,KRX
20030522,-3280,5,-140,-4.09,9760865,985,872,--113,+347,296110,256750,--39360,+93450,KRX
20030521,-3420,5,-20,-0.58,8514816,986,526,--460,--102,284420,151610,--132810,--23520,KRX
20030520,+3440,2,+50,+1.47,15156749,680,322,--358,+864,203610,94320,--109290,+236950,KRX
20030519,-3390,5,-410,-10.79,15780058,1512,290,--1222,--452,430680,84440,--346240,--148280,KRX
20030516,-3800,5,-160,-4.04,10963375,1206,436,--770,--1402,309580,111620,--197960,--351810,KRX
20030515,-3960,5,-390,-8.97,17025526,691,1323,+632,+1163,165180,319030,+153850,+280380,KRX
20030514,+4350,2,+250,+6.10,25582127,1397,866,--531,--447,328040,201510,--126530,--106700,KRX
20030513,-4100,5,-55,-1.32,45146633,1434,1350,--84,--1410,331690,311860,--19830,--351460,KRX
20030512,+4155,1,+540,+14.94,27993814,227,1553,+1326,+1224,55060,386690,+331630,+304240,KRX
20030509,+3615,2,+125,+3.58,14384732,480,582,+102,--913,134970,162360,+27390,--262820,KRX
20030507,-3490,5,-120,-3.32,20283379,1124,2139,+1015,+600,319570,609780,+290210,+171240,KRX
20030506,+3610,2,+380,+11.76,42501290,470,885,+415,+1308,132900,251870,+118970,+398910,KRX
20030502,3230,3,0,0.00,8071618,1540,647,--893,--1348,480030,200090,--279940,--417130,KRX
20030430,-3230,5,-20,-0.62,14493509,225,680,+455,--111,68120,205310,+137190,--35320,KRX
20030429,+3250,2,+35,+1.09,10488879,191,757,+566,+62,57460,229970,+172510,+17700,KRX
20030428,-3215,5,-85,-2.58,16080714,142,646,+504,+914,42590,197400,+154810,+271830,KRX
20030425,-3300,4,-580,-14.95,19217347,758,348,--410,--722,219310,102290,--117020,--194210,KRX
20030424,+3880,2,+10,+0.26,23499709,358,670,+312,--644,87670,164860,+77190,--153860,KRX
20030423,-3870,5,-270,-6.52,15042874,189,1145,+956,+1507,46230,277280,+231050,+361360,KRX
20030422,-4140,5,-290,-6.55,18069444,709,158,--551,--1027,167530,37220,--130310,--234500,KRX
20030421,-4430,5,-150,-3.28,30564828,294,770,+476,--1028,64620,168810,+104190,--224360,KRX
20030418,+4580,2,+160,+3.62,87623876,93,1597,+1504,+875,19850,348400,+328550,+190050,KRX
20030417,+4420,2,+395,+9.81,45033496,154,783,+629,+628,34510,173010,+138500,+138200,KRX
20030416,+4025,1,+525,+15.00,870285,0,1,+1,--543,0,300,+300,--154960,KRX
20030415,+3500,1,+455,+14.94,3424095,13,557,+544,+1,3760,159020,+155260,--24820,KRX
20030414,+3045,1,+395,+14.91,12165572,71,614,+543,+543,23860,203940,+180080,+180080,KRX
20030411,0,0,0,0.00,0,0,0,0,0,0,0,0,0,KRX
20030410,135,0,0,0.00,0,0,0,0,0,0,0,0,0,KRX
20030409,0,0,0,0.00,0,0,0,0,0,0,0,0,0,KRX
20030408,0,0,0,0.00,0,0,0,0,0,0,0,0,0,KRX
20030407,0,0,0,0.00,0,0,0,0,0,0,0,0,0,KRX
20030404,0,0,0,0.00,0,0,0,0,0,0,0,0,0,KRX
20030403,0,0,0,0.00,0,0,0,0,0,0,0,0,0,KRX
20030402,0,0,0,0.00,0,0,0,0,0,0,0,0,0,KRX
20030401,0,0,0,0.00,0,0,0,0,0,0,0,0,0,KRX
20030331,0,0,0,0.00,0,0,0,0,0,0,0,0,0,KRX
20030328,0,0,0,0.00,0,0,0,0,0,0,0,0,0,KRX
20030327,0,0,0,0.00,0,0,0,0,+359,0,0,0,+2587250,KRX
20030326,-135,5,-10,-6.90,253841754,472,113,--359,--561,3369070,781820,--2587250,--3944020,KRX
20030325,-145,5,-10,-6.45,100802063,9,211,+202,+259,66660,1423430,+1356770,+1707550,KRX
20030324,-155,5,-10,-6.06,155868381,139,82,--57,--494,858480,507700,--350780,--2969460,KRX
20030321,165,3,0,0.00,149625270,160,597,+437,+662,968550,3587230,+2618680,+4038780,KRX
20030320,+165,1,+20,+13.79,316356293,321,96,--225,--73,2031860,611760,--1420100,--366850,KRX
20030319,-145,5,-5,-3.33,69695620,182,30,--152,--233,1249030,195780,--1053250,--1547190,KRX
20030318,+150,2,+5,+3.45,78004277,81,162,+81,--15,538130,1032070,+493940,--160560,KRX
20030317,-145,4,-20,-12.12,133193025,99,195,+96,+255,661030,1315530,+654500,+1617200,KRX
20030314,165,3,0,0.00,108166784,344,185,--159,--684,2038880,1076180,--962700,--4108120,KRX
20030313,-165,5,-5,-2.94,89581589,595,1120,+525,+119,3642020,6787440,+3145420,+722720,KRX
20030312,+170,2,+10,+6.25,178325562,51,457,+406,+259,301000,2723700,+2422700,+1537830,KRX
20030311,-160,5,-10,-5.88,120032346,25,172,+147,+157,155020,1039890,+884870,+965630,KRX
20030310,-170,5,-10,-5.56,93946976,114,104,--10,--62,650240,569480,--80760,--341290,KRX
20030307,-180,5,-10,-5.26,85955168,129,181,+52,+10,710400,970930,+260530,+45260,KRX
20030306,190,3,0,0.00,112938963,89,131,+42,+115,469690,684960,+215270,+604610,KRX
20030305,-190,5,-5,-2.56,156535387,99,26,--73,+181,522690,133350,--389340,+885610,KRX
20030304,-195,5,-10,-4.88,74101250,273,19,--254,--562,1369980,95030,--1274950,--2748190,KRX
20030303,+205,2,+5,+2.50,111169432,44,352,+308,+474,214850,1688090,+1473240,+2286380,KRX
20030228,-200,5,-5,-2.44,116709766,206,40,--166,+284,1005520,192380,--813140,+1387680,KRX
20030227,-205,5,-5,-2.38,106572010,516,66,--450,--351,2519610,318790,--2200820,--1734190,KRX
20030226,-210,5,-10,-4.55,224204872,207,108,--99,+93,975870,509240,--466630,+377590,KRX
20030225,-220,5,-15,-6.38,154340960,374,182,--192,--1117,1639810,795590,--844220,--4693790,KRX
20030224,-235,5,-5,-2.08,173681154,22,947,+925,+1095,93990,3943560,+3849570,+4539040,KRX
20030221,-240,5,-20,-7.69,436286948,273,103,--170,--296,1100650,411180,--689470,--1245920,KRX
20030220,+260,1,+30,+13.04,537758320,236,362,+126,+250,960090,1516540,+556450,+1129340,KRX
20030219,-230,5,-5,-2.13,131740463,495,371,--124,--267,2128430,1555540,--572890,--1161870,KRX
20030218,-235,5,-10,-4.08,159630648,236,379,+143,+4,1006800,1595780,+588980,+13230,KRX
20030217,+245,2,+20,+8.89,230795610,107,246,+139,+460,437850,1013600,+575750,+2027430,KRX
20030214,+225,2,+5,+2.27,175413536,454,133,--321,--1050,2024960,573280,--1451680,--4703580,KRX
20030213,-220,5,-5,-2.22,67356788,566,1295,+729,+724,2562040,5813940,+3251900,+3231900,KRX
20030212,225,3,0,0.00,71437861,29,34,+5,+183,131100,151100,+20000,+807960,KRX
20030211,-225,5,-5,-2.17,143758614,272,94,--178,--339,1202400,414440,--787960,--1481900,KRX
20030210,230,3,0,0.00,110279280,52,213,+161,+160,228610,922550,+693940,+693940,KRX
20030207,-230,5,-10,-4.17,112930188,155,156,+1,+28,664110,664110,0,+111940,KRX
20030206,-240,5,-5,-2.04,128447380,69,42,--27,--38,285510,173570,--111940,--137630,KRX
20030205,-245,5,-25,-9.26,387285883,132,143,+11,+173,530740,556430,+25690,+740700,KRX
20030204,+270,1,+35,+14.89,310766688,296,134,--162,--258,1268530,553520,--715010,--1111330,KRX
20030203,235,3,0,0.00,107187477,105,201,+96,+118,450120,846440,+396320,+489460,KRX
20030130,+235,2,+15,+6.82,195175224,49,27,--22,+204,208900,115760,--93140,+836160,KRX
20030129,-220,4,-35,-13.73,248834219,394,168,--226,--70,1694940,765640,--929300,--314860,KRX
20030128,-255,5,-5,-1.92,83646580,219,63,--156,+802,854190,239750,--614440,+3111220,KRX
20030127,-260,5,-15,-5.45,103377713,1053,95,--958,--1006,4085170,359510,--3725660,--3857700,KRX
20030124,-275,5,-10,-3.51,125062592,355,403,+48,--1451,1285440,1417480,+132040,--4977560,KRX
20030123,-285,5,-5,-1.72,197548700,68,1567,+1499,+1608,232790,5342390,+5109600,+5506600,KRX
20030122,-290,5,-5,-1.69,213109614,305,196,--109,+227,1063370,666370,--397000,+762740,KRX
20030121,295,3,0,0.00,111439610,539,203,--336,--386,1852240,692500,--1159740,--1325360,KRX
20030120,+295,2,+5,+1.72,177271497,177,227,+50,+254,605130,770750,+165620,+896180,KRX
20030117,-290,5,-5,-1.69,122189607,575,371,--204,--636,1973390,1242830,--730560,--2143640,KRX
20030116,-295,5,-10,-3.28,133629673,186,618,+432,+889,626810,2039890,+1413080,+2938070,KRX
20030115,-305,5,-5,-1.61,183548600,856,399,--457,--133,2799340,1274350,--1524990,--455100,KRX
20030114,-310,5,-15,-4.62,323276647,604,280,--324,--1115,1966540,896650,--1069890,--3700960,KRX
20030113,+325,2,+35,+12.07,463606924,141,932,+791,+805,458550,3089620,+2631070,+2762520,KRX
20030110,-290,5,-5,-1.69,201953207,680,666,--14,+1475,2356850,2225400,--131450,+4916200,KRX
20030109,-295,5,-5,-1.67,184934820,1836,347,--1489,--1466,6212510,1164860,--5047650,--4958440,KRX
20030108,-300,5,-5,-1.64,163405014,414,391,--23,+577,1358380,1269170,--89210,+1870730,KRX
20030107,-305,5,-20,-6.15,209475913,881,281,--600,--586,2828140,868200,--1959940,--1906960,KRX
20030106,-325,5,-5,-1.52,235616953,212,198,--14,+1252,655270,602290,--52980,+3746420,KRX
20030103,+330,2,+10,+3.13,492958780,1395,129,--1266,--151,4187710,388310,--3799400,--201820,KRX
20030102,+320,1,+40,+14.29,312319310,1130,15,--1115,--1233,3647390,49810,--3597580,--3988190,KRX
20021230,-280,5,-5,-1.75,258891766,586,704,+118,+868,2083840,2474450,+390610,+2976230,KRX
20021227,285,3,0,0.00,454116395,976,226,--750,--1046,3361660,776040,--2585620,--3557620,KRX
20021226,-285,5,-10,-3.39,454382157,259,555,+296,+166,895090,1867090,+972000,+576160,KRX
20021224,-295,5,-20,-6.35,319627743,209,339,+130,--754,693340,1089180,+395840,--2380380,KRX
20021223,-315,5,-10,-3.08,365716675,179,1063,+884,--519,555000,3331220,+2776220,--1313090,KRX
20021220,-325,4,-55,-14.47,593453813,155,1558,+1403,+1389,442140,4531450,+4089310,+4058300,KRX
20021218,+380,2,+25,+7.04,868339261,411,425,+14,--505,1096370,1127380,+31010,--1380960,KRX
20021217,-355,5,-5,-1.39,803873629,67,586,+519,+1121,180680,1592650,+1411970,+3246890,KRX
20021216,+360,1,+45,+14.29,549178831,662,60,--602,+1162,2017570,182650,--1834920,+3625380,KRX
20021213,-315,5,-15,-4.55,207729702,1860,96,--1764,--3025,5758310,298010,--5460300,--9269360,KRX
20021212,-330,5,-20,-5.71,764133953,2017,3278,+1261,+3139,6121960,9931020,+3809060,+8991270,KRX
20021211,-350,4,-60,-14.63,459554773,2004,126,--1878,--1939,5536730,354520,--5182210,--5315300,KRX
20021210,+410,2,+20,+5.13,320572791,385,446,+61,+599,985750,1118840,+133090,+1535280,KRX
20021209,-390,5,-50,-11.36,533985788,1243,705,--538,+523,3106360,1704170,--1402190,+1006710,KRX
20021206,-440,5,-5,-1.12,279008558,1274,213,--1061,--2497,2887480,478580,--2408900,--5651440,KRX
20021205,+445,2,+5,+1.14,175648259,516,1952,+1436,+1100,1171310,4413850,+3242540,+2480300,KRX
20021204,-440,5,-20,-4.35,231429258,699,1035,+336,--190,1565780,2328020,+762240,--371620,KRX
20021203,+460,2,+20,+4.55,471022025,294,820,+526,+924,635570,1769430,+1133860,+2050580,KRX
20021202,+440,2,+5,+1.15,329272451,811,413,--398,--263,1840290,923570,--916720,--599350,KRX
20021129,-435,5,-5,-1.14,196800266,490,355,--135,--348,1133150,815780,--317370,--803470,KRX
20021128,-440,5,-10,-2.22,301856153,719,932,+213,--189,1593990,2080090,+486100,--392910,KRX
20021127,-450,5,-15,-3.23,291519687,421,823,+402,+1786,928580,1807590,+879010,+3727810,KRX
20021126,-465,5,-20,-4.12,994798449,1701,317,--1384,--2491,3500850,652050,--2848800,--5230510,KRX
20021125,+485,2,+45,+10.23,1074239619,297,1404,+1107,+595,617860,2999570,+2381710,+1276220,KRX
20021122,-440,5,-20,-4.35,311868532,341,853,+512,--1204,760250,1865740,+1105490,--2533050,KRX
20021121,460,3,0,0.00,357189636,208,1924,+1716,+175,446530,4085070,+3638540,+335180,KRX
20021120,-460,5,-10,-2.13,739620956,284,1825,+1541,+778,609720,3913080,+3303360,+1561630,KRX
20021119,+470,1,+60,+14.63,1176177099,281,1044,+763,+776,606660,2348390,+1741730,+1801060,KRX
20021118,-410,5,-10,-2.38,320880644,611,598,--13,+217,1484030,1424700,--59330,+491210,KRX
20021115,-420,5,-35,-7.69,643888620,755,525,--230,--674,1699900,1149360,--550540,--1478730,KRX
20021114,-455,5,-15,-3.19,260746268,1237,1681,+444,+2165,2701320,3629510,+928190,+4509880,KRX
20021113,-470,5,-20,-4.08,355508263,1833,112,--1721,--2337,3814160,232470,--3581690,--4853400,KRX
20021112,+490,2,+10,+2.08,540159260,498,1114,+616,+1353,1055350,2327060,+1271710,+2790650,KRX
20021111,-480,5,-20,-4.00,325706581,1187,450,--737,+531,2441360,922420,--1518940,+1128110,KRX
20021108,+500,2,+5,+1.01,346847281,1486,218,--1268,--215,3093950,446900,--2647050,--644830,KRX
20021107,-495,5,-35,-6.60,409320091,1772,719,--1053,--3135,3410430,1408210,--2002220,--5984510,KRX
20021106,+530,2,+30,+6.00,817663698,326,2408,+2082,+3319,624390,4606680,+3982290,+6405770,KRX
20021105,-500,5,-20,-3.85,821756859,1797,560,--1237,--3251,3509870,1086390,--2423480,--6456130,KRX
20021104,+520,1,+65,+14.29,1292829175,69,2083,+2014,+2555,136380,4169030,+4032650,+5239470,KRX
20021101,-455,5,-20,-4.21,526204866,1062,521,--541,--674,2311070,1104250,--1206820,--1451390,KRX
20021031,+475,2,+15,+3.26,603066511,870,1003,+133,+97,1822860,2067430,+244570,+202300,KRX
20021030,-460,5,-45,-8.91,924558028,514,550,+36,--329,1120540,1162810,+42270,--602240,KRX
20021029,-505,4,-85,-14.41,1124983824,811,1176,+365,+405,1424410,2068920,+644510,+719830,KRX
20021028,+590,1,+75,+14.56,721658137,524,484,--40,--1002,916400,841080,--75320,--1840590,KRX
20021025,-515,5,-30,-5.50,625377547,443,1405,+962,+2877,839350,2604620,+1765270,+5194630,KRX
20021024,+545,2,+20,+3.81,1220169524,2359,444,--1915,--3755,4224990,795630,--3429360,--7326660,KRX
20021023,+525,1,+65,+14.13,1080763893,493,2333,+1840,+1938,1042970,4940270,+3897300,+4088940,KRX
20021022,-460,5,-5,-1.08,640788610,461,363,--98,+135,961950,770310,--191640,+281400,KRX
20021021,+465,2,+5,+1.09,1194169404,390,157,--233,--268,785380,312340,--473040,--566220,KRX
20021018,+460,1,+60,+15.00,606146836,351,386,+35,--111,771280,864460,+93180,--271660,KRX
20021017,+400,1,+50,+14.29,782743696,352,498,+146,+245,927160,1292000,+364840,+656380,KRX
20021016,+350,2,+15,+4.48,696314067,224,125,--99,+25,636550,345010,--291540,+88850,KRX
20021015,+335,1,+40,+13.56,323637166,181,57,--124,--195,560580,180190,--380390,--606290,KRX
20021014,+295,2,+10,+3.51,228266581,205,276,+71,+209,691550,917450,+225900,+694860,KRX
20021011,+285,2,+5,+1.79,317604430,248,110,--138,+560,841570,372610,--468960,+1977990,KRX
20021010,-280,5,-5,-1.75,317354409,1802,1104,--698,--939,6546050,4099100,--2446950,--3265170,KRX
20021009,-285,5,-20,-6.56,186846635,818,1059,+241,--1449,2771840,3590060,+818220,--4728090,KRX
20021008,+305,2,+5,+1.67,226475572,52,1742,+1690,+2468,173110,5719420,+5546310,+8113890,KRX
20021007,-300,5,-15,-4.76,325392438,852,74,--778,--1336,2813700,246120,--2567580,--4281480,KRX
20021004,-315,4,-55,-14.86,518562207,166,724,+558,+400,517330,2231230,+1713900,+1284910,KRX
20021002,-370,4,-60,-13.95,451565255,203,361,+158,--800,524220,953210,+428990,--1814540,KRX
20021001,+430,2,+5,+1.18,189937465,100,1058,+958,+1148,234950,2478480,+2243530,+2701290,KRX
20020930,-425,5,-5,-1.16,242095763,432,242,--190,--1111,1036550,578790,--457760,--2448870,KRX
20020927,-430,5,-45,-9.47,806661290,228,1149,+921,+1166,517550,2508660,+1991110,+2508220,KRX
20020926,+475,1,+60,+14.46,331747820,353,108,--245,--745,743910,226800,--517110,--1697670,KRX
20020925,-415,5,-15,-3.49,197873630,113,613,+500,+192,268740,1449300,+1180560,+486500,KRX
20020924,-430,5,-10,-2.27,263671660,183,491,+308,+353,425610,1119670,+694060,+799790,KRX
20020923,-440,5,-25,-5.38,192104650,83,38,--45,--43,189310,83580,--105730,--84340,KRX
20020919,-465,5,-5,-1.06,177505260,482,480,--2,+1836,1034830,1013440,--21390,+3853340,KRX
20020918,-470,5,-25,-5.05,224659550,1860,22,--1838,--3261,3922150,47420,--3874730,--6759140,KRX
20020917,+495,2,+15,+3.13,226074880,214,1637,+1423,+2298,438730,3323140,+2884410,+4604990,KRX
20020916,-480,5,-60,-11.11,526408840,1001,126,--875,+107,1966930,246350,--1720580,+219330,KRX
20020913,+540,2,+20,+3.85,894378130,2197,1215,--982,--796,3986590,2046680,--1939910,--1577350,KRX
20020912,+520,1,+65,+14.29,254792430,186,0,--186,--576,362560,0,--362560,--1208590,KRX
20020911,-455,5,-10,-2.15,200052520,190,580,+390,--179,409020,1255050,+846030,--341630,KRX
20020910,-465,5,-20,-4.12,237669580,197,766,+569,+561,412740,1600400,+1187660,+1173900,KRX
20020909,+485,2,+5,+1.04,510960700,261,269,+8,+716,554680,568440,+13760,+1468210,KRX
20020906,-480,5,-25,-4.95,241949380,821,113,--708,--176,1682820,228370,--1454450,--422600,KRX
20020905,-505,5,-10,-1.94,177389890,786,254,--532,+796,1521690,489840,--1031850,+1547070,KRX
20020904,-515,5,-10,-1.90,188005360,1475,147,--1328,--953,2861090,282170,--2578920,--1873480,KRX
20020903,-525,5,-10,-1.87,321364740,716,341,--375,+90,1346990,641550,--705440,+174190,KRX
20020902,535,3,0,0.00,209490410,827,362,--465,--535,1561210,681580,--879630,--1039920,KRX
20020830,-535,5,-15,-2.73,359995600,801,871,+70,+1091,1455670,1615960,+160290,+1993280,KRX
20020829,+550,2,+30,+5.77,703679660,1077,56,--1021,--1881,1933920,100930,--1832990,--3450320,KRX
20020828,-520,5,-20,-3.70,186622580,573,1433,+860,+3083,1089050,2706380,+1617330,+5778160,KRX
20020827,+540,2,+10,+1.89,243804570,2268,45,--2223,--2683,4245260,84430,--4160830,--4999550,KRX
20020826,-530,5,-50,-8.62,339462100,579,1039,+460,--519,1059490,1898210,+838720,--801100,KRX
20020823,-580,5,-20,-3.33,415785240,334,1313,+979,+1630,567360,2207180,+1639820,+2684840,KRX
20020822,-600,5,-25,-4.00,807730620,1754,1103,--651,--1240,2844990,1799970,--1045020,--1998720,KRX
20020821,+625,2,+35,+5.93,966104110,937,1526,+589,--2589,1542290,2495990,+953700,--4166870,KRX
20020820,+590,2,+15,+2.61,1170102420,519,3697,+3178,+3416,831150,5951720,+5120570,+5514220,KRX
20020819,+575,1,+75,+15.00,714470560,768,530,--238,--529,1354800,961150,--393650,--953770,KRX
20020816,-500,5,-5,-0.99,397285710,432,723,+291,--478,844150,1404270,+560120,--938840,KRX
20020814,-505,5,-30,-5.61,424667790,689,1458,+769,+617,1330820,2829780,+1498960,+1223700,KRX
20020813,-535,5,-30,-5.31,394130500,331,483,+152,+97,601720,876980,+275260,+208600,KRX
20020812,-565,5,-5,-0.88,457844890,686,741,+55,--64,1197940,1264600,+66660,--151820,KRX
20020809,+570,2,+10,+1.79,1015650480,567,686,+119,+3859,972820,1191300,+218480,+6788730,KRX
20020808,-560,5,-30,-5.08,497790070,3782,42,--3740,--3434,6641660,71410,--6570250,--6038530,KRX
20020807,+590,2,+10,+1.72,571620590,801,495,--306,--3188,1341710,809990,--531720,--5529440,KRX
20020806,+580,2,+10,+1.75,971604060,234,3116,+2882,+3843,408640,5406360,+4997720,+6595840,KRX
20020805,-570,5,-25,-4.20,1246155720,1054,93,--961,--1003,1755010,156890,--1598120,--1612240,KRX
20020802,+595,2,+50,+9.17,1239196570,492,534,+42,+939,910020,924140,+14120,+1754730,KRX
20020801,+545,2,+35,+6.86,962007500,1061,164,--897,+386,2059090,318480,--1740610,+332260,KRX
20020731,-510,5,-75,-12.82,1437929110,1382,99,--1283,--1920,2236060,163190,--2072870,--3235170,KRX
20020730,+585,1,+75,+14.71,847671410,489,1126,+637,+1428,846390,2008690,+1162300,+2851780,KRX
20020729,+510,1,+65,+14.61,1552343690,988,197,--791,--1389,2162960,473480,--1689480,--2943820,KRX
20020726,-445,4,-75,-14.42,487660640,199,797,+598,--423,431540,1685880,+1254340,--619100,KRX
20020725,+520,2,+10,+1.96,792436520,207,1228,+1021,+2066,379430,2252870,+1873440,+3803980,KRX
20020724,-510,5,-55,-9.73,1446582040,1407,362,--1045,--2238,2609240,678700,--1930540,--3974350,KRX
20020723,-565,5,-60,-9.60,1832794260,321,1514,+1193,+1186,552780,2596590,+2043810,+1972160,KRX
20020722,-625,4,-110,-14.97,961735370,868,875,+7,+3785,1280400,1352050,+71650,+5366960,KRX
20020719,+735,2,+30,+4.26,1627712800,3913,135,--3778,--4593,5479640,184330,--5295310,--6554560,KRX
20020718,+705,2,+65,+10.16,1335622270,578,1393,+815,+422,874760,2134010,+1259250,+708110,KRX
20020716,-640,5,-20,-3.03,1492878280,997,1390,+393,+117,1511800,2062940,+551140,+171240,KRX
20020715,+660,2,+5,+0.76,1197572960,1722,1998,+276,--1957,2359860,2739760,+379900,--3174610,KRX
20020712,+655,1,+85,+14.91,1303780610,433,2666,+2233,+3257,674440,4228950,+3554510,+4343180,KRX
20020711,-570,4,-95,-14.29,500747140,2710,1686,--1024,--439,3688780,2900110,--788670,+91450,KRX
20020710,+665,1,+85,+14.66,149323860,629,44,--585,--1950,947370,67250,--880120,--3288160,KRX
20020709,+580,1,+75,+14.85,975615560,79,1444,+1365,+1279,137660,2545700,+2408040,+2236750,KRX
20020708,+505,1,+65,+14.77,434911390,219,305,+86,+62,434090,605380,+171290,+122080,KRX
20020705,+440,1,+55,+14.29,450057040,100,124,+24,+815,236240,285450,+49210,+2228000,KRX
20020704,+385,1,+50,+14.93,1004020020,989,198,--791,--616,2705710,526920,--2178790,--1656130,KRX
20020703,+335,1,+40,+13.56,16229040,175,0,--175,--62,522660,0,--522660,--137440,KRX
20020702,+295,1,+35,+13.46,66672680,130,17,--113,--27,442250,57030,--385220,--88150,KRX
20020628,+260,1,+30,+13.04,230094490,381,295,--86,+156,1477390,1180320,--297070,+819470,KRX
20020627,+230,1,+30,+15.00,513160050,253,11,--242,--431,1169720,53180,--1116540,--2052930,KRX
20020626,-200,4,-30,-13.04,201270660,114,303,+189,--225,551920,1488310,+936390,--761560,KRX
20020625,-230,5,-30,-11.54,310507600,75,489,+414,+110,308100,2006050,+1697950,+564640,KRX
20020624,-260,5,-25,-8.77,259082210,69,373,+304,+1055,258930,1392240,+1133310,+3720160,KRX
20020621,-285,5,-5,-1.72,415517360,1400,649,--751,--1222,4787390,2200540,--2586850,--4199930,KRX
20020620,290,3,0,0.00,530655180,166,637,+471,+621,580340,2193420,+1613080,+2127610,KRX
20020619,-290,5,-45,-13.43,30997893,330,180,--150,--487,1079270,564740,--514530,--1528660,KRX
20020618,+335,2,+5,+1.52,313137250,43,380,+337,+165,130660,1144790,+1014130,+525240,KRX
20020617,-330,5,-30,-8.33,336992480,543,715,+172,+187,1573180,2062070,+488890,+546140,KRX
20020614,360,3,0,0.00,303972780,346,331,--15,+702,951200,893950,--57250,+1930610,KRX
20020612,-360,5,-20,-5.26,274649750,1805,1088,--717,--550,5009840,3021980,--1987860,--1532310,KRX
20020611,+380,2,+25,+7.04,570229650,234,67,--167,--772,636620,181070,--455550,--2147620,KRX
20020610,-355,5,-35,-8.97,790180490,42,647,+605,+828,116600,1808670,+1692070,+2220940,KRX
20020607,-390,4,-65,-14.29,530822387,237,14,--223,--211,563380,34510,--528870,--504230,KRX
20020605,-455,4,-75,-14.15,365644668,56,44,--12,+94,119690,95050,--24640,+161470,KRX
20020604,-530,4,-90,-14.52,160050627,174,68,--106,--105,309900,123790,--186110,--184920,KRX
20020603,-620,5,-70,-10.14,110265515,108,107,--1,--75,168660,167470,--1190,--103800,KRX
20020531,-690,5,-10,-1.43,109172195,199,273,+74,--53,286330,388940,+102610,--74190,KRX
20020530,-700,5,-30,-4.11,77399063,134,261,+127,+744,187340,364140,+176800,+998920,KRX
20020529,-730,5,-5,-0.68,134734816,675,58,--617,--940,900380,78260,--822120,--1262400,KRX
20020528,+735,2,+15,+2.08,74582007,98,421,+323,+303,132200,572480,+440280,+420020,KRX
20020527,+720,2,+15,+2.13,125506110,210,230,+20,--337,294480,314740,+20260,--486750,KRX
20020524,705,3,0,0.00,74397669,8,365,+357,+716,11640,518650,+507010,+997780,KRX
20020523,-705,5,-65,-8.44,91933478,427,68,--359,--527,582380,91610,--490770,--709670,KRX
20020522,+770,2,+10,+1.32,86850864,105,273,+168,+424,136180,355080,+218900,+552490,KRX
20020521,-760,5,-65,-7.88,151451496,329,73,--256,+351,421910,88320,--333590,+368040,KRX
20020520,-825,5,-35,-4.07,156292538,646,39,--607,--1272,746940,45310,--701630,--1454700,KRX
20020517,+860,2,+30,+3.61,283518630,14,679,+665,+578,16790,769860,+753070,+650020,KRX
20020516,+830,2,+90,+12.16,491924515,45,132,+87,--159,61620,164670,+103050,--225540,KRX
20020515,+740,2,+35,+4.96,177356214,37,283,+246,--201,49970,378560,+328590,--299390,KRX
20020514,+705,2,+45,+6.82,267892172,58,505,+447,+485,82150,710130,+627980,+685080,KRX
20020513,-660,5,-5,-0.75,74704949,93,55,--38,+7,139940,82840,--57100,+13210,KRX
20020510,-665,5,-30,-4.32,100788316,202,157,--45,+940,294130,223820,--70310,+1363300,KRX
20020509,-695,5,-15,-2.11,327948417,1328,343,--985,--908,1900480,466870,--1433610,--1317040,KRX
20020508,+710,1,+90,+14.52,222126813,127,50,--77,--170,193990,77420,--116570,--254840,KRX
20020507,-620,5,-85,-12.06,126626416,69,162,+93,--51,107370,245640,+138270,--59730,KRX
20020506,-705,5,-100,-12.42,148740076,83,227,+144,+470,112000,310000,+198000,+583110,KRX
20020503,-805,5,-10,-1.23,214147234,522,196,--326,--92,623400,238290,--385110,--104630,KRX
20020502,-815,4,-140,-14.66,246380173,241,7,--234,+207,288320,7840,--280480,+311250,KRX
20020430,+955,2,+55,+6.11,560235390,572,131,--441,--379,732910,141180,--591730,--522720,KRX
20020429,-900,4,-155,-14.69,70785286,76,14,--62,--65,84990,15980,--69010,--66590,KRX
20020426,+1055,2,+45,+4.46,147136611,328,331,+3,--373,315470,313050,--2420,--354550,KRX
20020425,-1010,5,-70,-6.48,115245081,95,471,+376,+313,88380,440510,+352130,+301530,KRX
20020424,+1080,2,+75,+7.46,200736661,154,217,+63,0,148480,199080,+50600,--13020,KRX
20020423,-1005,5,-170,-14.47,160970234,228,291,+63,--975,206290,269910,+63620,--808680,KRX
20020422,-1175,5,-85,-6.75,145252045,276,1314,+1038,+1463,234090,1106390,+872300,+1202910,KRX
20020419,-1260,5,-55,-4.18,77686731,723,298,--425,--723,562760,232150,--330610,--559570,KRX
20020418,-1315,5,-45,-3.31,76812910,263,561,+298,--1232,195600,424560,+228960,--877990,KRX
20020417,-1360,5,-5,-0.37,82304615,143,1673,+1530,+1160,103920,1210870,+1106950,+841270,KRX
20020416,-1365,5,-40,-2.85,108667187,263,633,+370,+388,186680,452360,+265680,+272630,KRX
20020415,-1405,5,-45,-3.10,247267793,272,254,--18,+741,184390,177440,--6950,+547180,KRX
20020412,+1450,1,+185,+14.62,271440936,897,138,--759,+944,651710,97580,--554130,+796660,KRX
20020411,-1265,5,-5,-0.39,70213647,3652,1949,--1703,--834,2893560,1542770,--1350790,--673430,KRX
20020410,1270,3,0,0.00,113990523,1085,216,--869,--1435,845710,168350,--677360,--1113240,KRX
20020409,-1270,5,-65,-4.87,83459283,268,834,+566,+288,207840,643720,+435880,+237880,KRX
20020408,-1335,5,-35,-2.55,77962838,483,761,+278,--345,359920,557920,+198000,--258980,KRX
20020404,1370,3,0,0.00,80463948,179,802,+623,+878,130580,587560,+456980,+642150,KRX
20020403,-1370,5,-10,-0.72,71391216,851,596,--255,--1299,615630,430460,--185170,--933350,KRX
20020402,-1380,5,-35,-2.47,83103788,251,1295,+1044,+2727,181120,929300,+748180,+1915110,KRX
20020401,-1415,5,-25,-1.74,69769811,1765,82,--1683,--2088,1223690,56760,--1166930,--1438460,KRX
20020329,-1440,5,-115,-7.40,98908495,165,570,+405,+219,113120,384650,+271530,+151300,KRX
20020328,+1555,2,+85,+5.78,212858314,312,498,+186,--726,203990,324220,+120230,--483880,KRX
20020327,+1470,2,+15,+1.03,143148629,89,1001,+912,--440,60750,664860,+604110,--329930,KRX
20020326,-1455,5,-10,-0.68,55115871,51,1403,+1352,+1109,35490,969530,+934040,+769880,KRX
20020325,-1465,5,-55,-3.62,72462187,339,582,+243,--645,226570,390730,+164160,--434470,KRX
20020322,+1520,2,+110,+7.80,137375665,478,1366,+888,+149,324660,923290,+598630,+80470,KRX
20020321,-1410,5,-50,-3.42,131607789,205,944,+739,+1008,143870,662030,+518160,+695880,KRX
20020320,-1460,5,-85,-5.50,135369474,1086,817,--269,--1009,717800,540080,--177720,--659320,KRX
20020319,-1545,5,-35,-2.22,122290347,810,1550,+740,+854,511800,993400,+481600,+557310,KRX
20020318,-1580,5,-85,-5.11,175640707,671,557,--114,+259,418160,342450,--75710,+138080,KRX
20020315,-1665,5,-30,-1.77,134854458,755,382,--373,--56,441430,227640,--213790,--21120,KRX
20020314,+1695,2,+70,+4.31,181569821,2633,2316,--317,--147,1562280,1369610,--192670,--89980,KRX
20020313,-1625,5,-30,-1.81,126732625,649,479,--170,+359,392650,289960,--102690,+216220,KRX
20020312,+1655,2,+45,+2.80,213175457,789,260,--529,--11,474410,155500,--318910,--7780,KRX
20020311,-1610,5,-125,-7.20,179223458,784,266,--518,--893,470910,159780,--311130,--525140,KRX
20020308,-1735,5,-50,-2.80,234779515,289,664,+375,--43,164450,378460,+214010,+7420,KRX
20020307,-1785,4,-315,-15.00,295816138,258,676,+418,+191,130080,336670,+206590,+96980,KRX
20020306,+2100,2,+140,+7.14,420436428,590,817,+227,+1635,279010,388620,+109610,+858500,KRX
20020305,+1960,1,+255,+14.96,248387247,1462,54,--1408,--2241,779360,30470,--748890,--1241150,KRX
20020304,+1705,2,+90,+5.57,150434557,270,1103,+833,+878,158740,651000,+492260,+518030,KRX
20020228,-1615,5,-55,-3.29,216458526,448,403,--45,--1629,264590,238820,--25770,--1035810,KRX
20020227,+1670,2,+190,+12.84,219683232,185,1769,+1584,+537,119130,1129170,+1010040,+300360,KRX
20020226,+1480,2,+30,+2.07,186219361,46,1093,+1047,+787,30980,740660,+709680,+541360,KRX
20020225,-1450,5,-150,-9.38,149291847,165,425,+260,+151,107840,276160,+168320,+104330,KRX
20020222,+1600,2,+40,+2.56,305933611,349,458,+109,--212,232380,296370,+63990,--140050,KRX
20020221,-1560,5,-205,-11.61,242828498,227,548,+321,+360,135860,339900,+204040,+224540,KRX
20020220,-1765,5,-35,-1.94,208554774,187,148,--39,--1585,102730,82230,--20500,--864350,KRX
20020219,-1800,5,-110,-5.76,225363820,1100,2646,+1546,+1414,601590,1445440,+843850,+771970,KRX
20020218,-1910,5,-105,-5.21,427385508,498,630,+132,--14,264050,335930,+71880,+2760,KRX
20020215,-2015,4,-355,-14.98,285585509,418,564,+146,--955,198970,268090,+69120,--401490,KRX
20020214,-2370,5,-160,-6.32,287919020,1298,2399,+1101,+1738,531650,1002260,+470610,+737950,KRX
20020208,+2530,2,+190,+8.12,161547410,892,255,--637,--404,377300,109960,--267340,--167640,KRX
20020207,-2340,5,-145,-5.84,85649783,527,294,--233,--98,219760,120060,--99700,--46490,KRX
20020206,+2485,2,+15,+0.61,103669556,520,385,--135,+563,206970,153760,--53210,+230530,KRX
20020205,+2470,2,+20,+0.82,128329141,1064,366,--698,--74,431330,147590,--283740,--45110,KRX
20020204,-2450,5,-165,-6.31,183555721,803,179,--624,+1480,307730,69100,--238630,+580940,KRX
20020201,+2615,2,+175,+7.17,266552487,2142,38,--2104,--274,834520,14950,--819570,--99590,KRX
20020131,-2440,5,-80,-3.17,227578662,2060,230,--1830,--1470,810250,90270,--719980,--558680,KRX
20020130,+2520,2,+230,+10.04,270803470,517,157,--360,--899,232340,71040,--161300,--361160,KRX
20020129,-2290,5,-200,-8.03,122720301,1006,1545,+539,--296,434260,634120,+199860,--134270,KRX
20020128,+2490,2,+10,+0.40,149685519,501,1336,+835,--1853,196170,530300,+334130,--698260,KRX
20020125,-2480,5,-120,-4.62,147371581,430,3118,+2688,--296,166190,1198580,+1032390,--78870,KRX
20020124,-2600,5,-20,-0.76,149810665,562,3546,+2984,+1854,210150,1321410,+1111260,+671260,KRX
20020123,+2620,2,+35,+1.35,136603532,477,1607,+1130,+1787,186900,626900,+440000,+694470,KRX
20020122,+2585,2,+210,+8.84,269182162,1195,538,--657,--1758,460250,205780,--254470,--730640,KRX
20020121,-2375,5,-25,-1.04,169422186,377,1478,+1101,+1854,161130,637300,+476170,+769580,KRX
20020118,-2400,5,-200,-7.69,138360559,1453,700,--753,--2103,565790,272380,--293410,--829670,KRX
20020117,-2600,5,-75,-2.80,275388503,612,1962,+1350,+1182,239850,776110,+536260,+473150,KRX
20020116,-2675,5,-145,-5.14,173771506,643,811,+168,+1745,232780,295890,+63110,+586190,KRX
20020115,-2820,5,-345,-10.90,208842307,2073,496,--1577,--1773,690110,167030,--523080,--588300,KRX
20020114,+3165,2,+135,+4.46,222787155,738,934,+196,+1118,239660,304880,+65220,+371690,KRX
20020111,-3030,5,-90,-2.88,247917427,1973,1051,--922,+2860,646580,340110,--306470,+898670,KRX
20020110,-3120,5,-105,-3.26,423437658,6130,2348,--3782,--637,1933810,728670,--1205140,--191550,KRX
20020109,+3225,1,+420,+14.97,365153956,3778,633,--3145,--2432,1227030,213440,--1013590,--758320,KRX
20020108,-2805,5,-55,-1.92,215215619,1537,824,--713,--524,550050,294780,--255270,--186020,KRX
20020107,-2860,5,-80,-2.72,218383389,2071,1882,--189,--1661,722400,653150,--69250,--559360,KRX
20020104,+2940,2,+90,+3.16,178207266,933,2405,+1472,--432,317860,807970,+490110,--155340,KRX
20020103,+2850,2,+70,+2.52,314706140,909,2813,+1904,+1010,312400,957850,+645450,+299780,KRX
20020102,+2780,1,+360,+14.88,246233296,848,1742,+894,+894,331230,676900,+345670,+345670,KRX
