일자,현재가,대비부호,전일대비,등락율,체결수량,프로그램매도금액,프로그램매수금액,프로그램순매수금액,프로그램순매수금액증감,프로그램매도수량,프로그램매수수량,프로그램순매수수량,프로그램순매수수량증감,거래소구분
20260720,69700,0,0,0.00,0,0,0,0,--15275,0,0,0,--216823,KRX
20260716,-69700,5,-3300,-4.52,2541779,71950,87225,+15275,--11164,1032558,1249381,+216823,--144224,KRX
20260715,+73000,2,+2100,+2.96,2540969,57964,84403,+26439,+11369,792729,1153776,+361047,+145392,KRX
20260714,-70900,5,-2300,-3.14,4079032,97937,113007,+15070,+12927,1380869,1596524,+215655,+179251,KRX
20260713,-73200,5,-4900,-6.27,2881964,62763,64906,+2143,--47116,833332,869736,+36404,--592327,KRX
20260710,+78100,2,+4900,+6.69,3005529,39571,88830,+49259,+1317,505598,1134329,+628731,--26455,KRX
20260709,-73200,5,-800,-1.08,3641029,83240,131182,+47942,--3672,1121921,1777107,+655186,--42843,KRX
20260708,-74000,5,-7600,-9.31,3895625,71323,122937,+51614,+74910,940935,1638964,+698029,+988702,KRX
20260707,-81600,5,-3900,-4.56,2596943,84803,61507,--23296,+1225,1052066,761393,--290673,--8263,KRX
20260706,-85500,5,-700,-0.81,2210209,65116,40595,--24521,--37932,754867,472457,--282410,--440738,KRX
20260703,+86200,2,+200,+0.23,2936728,73271,86682,+13411,+27562,878195,1036523,+158328,+322849,KRX
20260702,-86000,5,-2500,-2.82,2538076,75835,61684,--14151,--5655,876987,712466,--164521,--68330,KRX
20260701,+88500,2,+1700,+1.96,2186748,62969,54473,--8496,+15676,711145,614954,--96191,+182541,KRX
20260630,-86800,5,-1200,-1.36,2498630,99806,75634,--24172,--34888,1149994,871262,--278732,--409140,KRX
20260629,+88000,2,+6900,+8.51,4231835,145571,156287,+10716,--8368,1700465,1830873,+130408,--101188,KRX
20260626,-81100,5,-6700,-7.63,4769262,118393,137477,+19084,+41555,1444490,1676086,+231596,+484323,KRX
20260625,-87800,5,-2800,-3.09,2738234,95758,73287,--22471,--37155,1074872,822145,--252727,--412076,KRX
20260624,+90600,2,+1400,+1.57,3053656,72373,87057,+14684,--43084,803834,963183,+159349,--450227,KRX
20260623,-89200,5,-5000,-5.31,4439638,110266,168034,+57768,+53028,1187912,1797488,+609576,+560236,KRX
20260622,-94200,5,-3700,-3.78,2146567,59627,64367,+4740,+10901,627950,677290,+49340,+106526,KRX
20260619,-97900,5,-1700,-1.71,4391283,166931,160770,--6161,+133304,1708604,1651418,--57186,+1296383,KRX
20260618,-99600,5,-3600,-3.49,4268637,198018,58553,--139465,--128619,1924902,571333,--1353569,--1249098,KRX
20260617,-103200,5,-100,-0.10,2408504,80864,70018,--10846,+781,778042,673571,--104471,+10925,KRX
20260616,+103300,2,+3500,+3.51,3301721,118891,107264,--11627,--23727,1147371,1031975,--115396,--234391,KRX
20260615,+99800,2,+6700,+7.20,2520626,83713,95813,+12100,--14806,839980,958975,+118995,--165889,KRX
20260612,+93100,2,+4500,+5.08,2998526,89191,116097,+26906,+51319,956646,1241530,+284884,+569078,KRX
20260611,-88600,5,-2500,-2.74,3002950,113382,88969,--24413,+1915,1298870,1014676,--284194,+9152,KRX
20260610,-91100,5,-1200,-1.30,2646807,97439,71111,--26328,--38938,1085383,792037,--293346,--432162,KRX
20260609,+92300,2,+6500,+7.58,3082661,80085,92695,+12610,+57028,883672,1022488,+138816,+649583,KRX
20260608,-85800,5,-9800,-10.25,3956048,148192,103774,--44418,--34984,1703702,1192935,--510767,--412537,KRX
20260605,-95600,5,-3600,-3.63,3954422,110389,100955,--9434,+27500,1160832,1062602,--98230,+272855,KRX
20260604,-99200,5,-800,-0.80,2776755,98383,61449,--36934,+76573,989005,617920,--371085,+755342,KRX
20260602,-100000,5,-6900,-6.45,4963793,213143,99636,--113507,--102789,2106566,980139,--1126427,--1023364,KRX
20260601,+106900,2,+1300,+1.23,4623394,121382,110664,--10718,--10163,1106767,1003704,--103063,--99700,KRX
20260529,-105600,5,-300,-0.28,4626529,222149,221594,--555,+561,2108980,2105617,--3363,+2950,KRX
20260528,-105900,5,-2600,-2.40,3224326,89030,87914,--1116,+38419,837192,830879,--6313,+352525,KRX
20260527,-108500,5,-4100,-3.64,3275977,118765,79230,--39535,+3833,1077423,718585,--358838,+26789,KRX
20260526,+112600,2,+1000,+0.90,3027392,110270,66902,--43368,+38578,976736,591109,--385627,+343233,KRX
20260522,+111600,2,+3200,+2.95,2908260,148492,66546,--81946,--48436,1316319,587459,--728860,--419183,KRX
20260521,+108400,2,+7100,+7.01,2673341,118311,84801,--33510,--59577,1091332,781655,--309677,--567872,KRX
20260520,-101300,5,-4700,-4.43,4332142,106480,132547,+26067,+57022,1047822,1306017,+258195,+547670,KRX
20260519,-106000,5,-6100,-5.44,3654573,121964,91009,--30955,+10481,1142347,852872,--289475,+83305,KRX
20260518,+112100,2,+1300,+1.17,4669776,167165,125729,--41436,--25531,1522533,1149753,--372780,--236992,KRX
20260515,-110800,5,-6300,-5.38,5217764,124679,108774,--15905,+80691,1102523,966735,--135788,+687792,KRX
20260514,-117100,5,-2900,-2.42,4374858,186013,89417,--96596,--11979,1585615,762035,--823580,--116246,KRX
20260513,-120000,5,-5600,-4.46,4596035,174490,89873,--84617,--119833,1454885,747551,--707334,--966154,KRX
20260512,-125600,5,-2400,-1.88,6170656,172810,208026,+35216,+73090,1361790,1620610,+258820,+552907,KRX
20260511,-128000,5,-1600,-1.23,3619903,120457,82583,--37874,+226952,938207,644120,--294087,+1748417,KRX
20260508,-129600,5,-6800,-4.99,4535272,300308,35482,--264826,--402606,2314097,271593,--2042504,--3057487,KRX
20260507,+136400,2,+9400,+7.40,7805577,175815,313595,+137780,+125685,1294651,2309634,+1014983,+924043,KRX
20260506,-127000,5,-200,-0.16,3905996,134401,146496,+12095,+37336,1056068,1147008,+90940,+291878,KRX
20260504,+127200,2,+100,+0.08,3214565,114259,89018,--25241,--12625,900744,699806,--200938,--103208,KRX
20260430,-127100,5,-2100,-1.63,3380571,126483,113867,--12616,--46657,991348,893618,--97730,--361616,KRX
20260429,+129200,2,+1400,+1.10,3292329,58533,92574,+34041,+19994,453934,717820,+263886,+155070,KRX
20260428,-127800,5,-1100,-0.85,3191190,83519,97566,+14047,+71157,652475,761291,+108816,+555929,KRX
20260427,+128900,2,+1800,+1.42,3984476,144752,87642,--57110,--141810,1129891,682778,--447113,--1120545,KRX
20260424,+127100,2,+4500,+3.67,5682618,79498,164198,+84700,--117172,633208,1306640,+673432,--981383,KRX
20260423,+122600,2,+6700,+5.78,8119024,92094,293966,+201872,+236299,759750,2414565,+1654815,+1960393,KRX
20260422,+115900,2,+200,+0.17,3779530,112245,77818,--34427,--150228,982782,677204,--305578,--1310253,KRX
20260421,+115700,2,+4700,+4.23,4773848,70066,185867,+115801,+8856,611959,1616634,+1004675,+55193,KRX
20260420,+111000,2,+2500,+2.30,5644556,87490,194435,+106945,+186714,780225,1729707,+949482,+1681992,KRX
20260417,-108500,5,-2300,-2.08,3591052,144017,64248,--79769,--371127,1323474,590964,--732510,--3367857,KRX
20260416,+110800,2,+6600,+6.33,8123993,76359,367717,+291358,+84607,695921,3331268,+2635347,+657653,KRX
20260415,+104200,2,+4500,+4.51,5470474,52882,259633,+206751,+219135,507201,2484895,+1977694,+2102002,KRX
20260414,+99700,2,+400,+0.40,1937143,51662,39278,--12384,--12526,516196,391888,--124308,--124527,KRX
20260413,-99300,5,-900,-0.90,1746075,53417,53559,+142,--20180,542993,543212,+219,--201140,KRX
20260410,+100200,2,+200,+0.20,2785465,94625,114947,+20322,--16214,945578,1146937,+201359,--161630,KRX
20260409,-100000,5,-1200,-1.19,2195437,63764,100300,+36536,--78560,636306,999295,+362989,--780515,KRX
20260408,+101200,2,+6300,+6.64,4010457,49676,164772,+115096,+111002,493637,1637141,+1143504,+1100719,KRX
20260407,-94900,5,-800,-0.84,2102382,40019,44113,+4094,+19860,418009,460794,+42785,+207285,KRX
20260406,-95700,5,-900,-0.93,2040458,48495,32729,--15766,--18832,502613,338113,--164500,--195236,KRX
20260403,+96600,2,+3000,+3.21,2522536,39972,43038,+3066,+24387,414698,445434,+30736,+254670,KRX
20260402,-93600,5,-6000,-6.02,5180190,108529,87208,--21321,--87367,1127681,903747,--223934,--893347,KRX
20260401,+99600,2,+7800,+8.50,3416180,52602,118648,+66046,+109066,533630,1203043,+669413,+1134218,KRX
20260331,-91800,5,-2400,-2.55,4215936,134462,91442,--43020,--44400,1448549,983744,--464805,--477678,KRX
20260330,-94200,5,-3900,-3.98,2828606,72983,74363,+1380,+70564,782314,795187,+12873,+729250,KRX
20260327,-98100,5,-2800,-2.78,3549743,113633,44449,--69184,--89230,1172827,456450,--716377,--912791,KRX
20260326,-100900,5,-1700,-1.66,2606678,56679,76725,+20046,--54033,559148,755562,+196414,--522641,KRX
20260325,+102600,2,+2500,+2.50,3200148,35577,109656,+74079,+163141,345931,1064986,+719055,+1607579,KRX
20260324,-100100,5,-600,-0.60,5096704,157389,68327,--89062,+100433,1565644,677120,--888524,+945674,KRX
20260323,-100700,5,-8900,-8.12,6026425,234885,45390,--189495,--350409,2278300,444102,--1834198,--3292126,KRX
20260320,+109600,2,+3300,+3.10,8066734,134433,295347,+160914,+127891,1233837,2691765,+1457928,+1150722,KRX
20260319,-106300,5,-1000,-0.93,3330546,57417,90440,+33023,--94818,538670,845876,+307206,--880320,KRX
20260318,+107300,2,+2900,+2.78,4134308,42623,170464,+127841,+170635,397224,1584750,+1187526,+1592788,KRX
20260317,-104400,5,-1300,-1.23,3105960,86219,43425,--42794,+339,816654,411392,--405262,+6061,KRX
20260316,-105700,5,-800,-0.75,5817407,165359,122226,--43133,--254144,1544971,1133648,--411323,--2400081,KRX
20260313,+106500,2,+3000,+2.90,9435079,155613,366624,+211011,+133247,1471015,3459773,+1988758,+1237452,KRX
20260312,+103500,2,+2500,+2.48,4875165,92247,170011,+77764,+89274,894604,1645910,+751306,+860695,KRX
20260311,-101000,5,-1500,-1.46,6103321,146985,135475,--11510,--232337,1436940,1327551,--109389,--2251033,KRX
20260310,+102500,2,+6300,+6.55,10814168,82018,302845,+220827,+375187,800112,2941756,+2141644,+3773862,KRX
20260309,-96200,5,-1800,-1.84,7957034,274172,119812,--154360,--149726,2894842,1262624,--1632218,--1580793,KRX
20260306,+98000,2,+7500,+8.29,7901291,151612,146978,--4634,+65343,1611364,1559939,--51425,+721125,KRX
20260305,+90500,2,+9900,+12.28,6781072,202172,132195,--69977,--98938,2220670,1448120,--772550,--1148347,KRX
20260304,-80600,5,-16300,-16.82,13364978,233935,262896,+28961,+95964,2734355,3110152,+375797,+1036384,KRX
20260303,-96900,5,-9400,-8.84,7514576,188715,121712,--67003,--153051,1868435,1207848,--660587,--1450095,KRX
20260227,+106300,2,+2500,+2.41,8296804,158184,244232,+86048,+73091,1476735,2266243,+789508,+664526,KRX
20260226,+103800,2,+600,+0.58,4153497,122792,135749,+12957,--31687,1187247,1312229,+124982,--303784,KRX
20260225,+103200,2,+1900,+1.88,4216954,72769,117413,+44644,+86107,707224,1135990,+428766,+841524,KRX
20260224,-101300,5,-700,-0.69,3886617,126935,85472,--41463,+20730,1259133,846375,--412758,+187366,KRX
20260223,-102000,5,-1500,-1.45,5545186,176720,114527,--62193,--277927,1712126,1112002,--600124,--2662906,KRX
20260220,+103500,2,+5100,+5.18,12069557,128559,344293,+215734,+286869,1232758,3295540,+2062782,+2779180,KRX
20260219,+98400,2,+1700,+1.76,5026177,145169,74034,--71135,--381795,1464135,747737,--716398,--3889571,KRX
20260213,+96700,2,+1200,+1.26,17459913,104340,415000,+310660,+451902,1077144,4250317,+3173173,+4687341,KRX
20260212,95500,3,0,0.00,6335775,244416,103174,--141242,--225209,2610637,1096469,--1514168,--2388925,KRX
20260211,+95500,2,+1400,+1.49,5915111,65919,149886,+83967,+75650,691500,1566257,+874757,+786988,KRX
20260210,-94100,5,-1300,-1.36,3956141,63457,71774,+8317,--273965,673227,760996,+87769,--2858039,KRX
20260209,+95400,2,+6400,+7.19,9843507,85890,368172,+282282,+364265,903041,3848849,+2945808,+3883970,KRX
20260206,-89000,5,-1600,-1.77,5838705,151576,69593,--81983,+95735,1731420,793258,--938162,+999487,KRX
20260205,-90600,5,-5900,-6.11,7594510,245651,67933,--177718,--508776,2666357,728708,--1937649,--5393895,KRX
20260204,+96500,2,+5300,+5.81,12423583,73547,404605,+331058,+234082,777147,4233393,+3456246,+2384416,KRX
20260203,+91200,2,+5000,+5.80,4647177,48555,145531,+96976,+102097,541704,1613534,+1071830,+1133797,KRX
20260202,-86200,5,-4400,-4.86,6823888,108050,102929,--5121,+182382,1233209,1171242,--61967,+1990970,KRX
20260130,-90600,5,-3400,-3.62,6970845,249030,61527,--187503,--338455,2724121,671184,--2052937,--3646723,KRX
20260129,+94000,2,+2000,+2.17,10185321,131817,282769,+150952,+285087,1402991,2996777,+1593786,+3050620,KRX
20260128,-92000,5,-1600,-1.71,6937694,190731,56596,--134135,--75949,2069697,612863,--1456834,--837969,KRX
20260127,+93600,2,+1800,+1.96,6846342,154094,95908,--58186,+21783,1640704,1021839,--618865,+249149,KRX
20260126,-91800,5,-1500,-1.61,5800785,131190,51221,--79969,--235413,1422938,554924,--868014,--2530718,KRX
20260123,+93300,2,+3300,+3.67,8194841,81998,237442,+155444,+155875,885033,2547737,+1662704,+1668644,KRX
20260122,-90000,5,-1300,-1.42,8033403,123421,122990,--431,+32261,1339821,1333881,--5940,+348014,KRX
20260121,-91300,5,-4000,-4.20,7923831,128551,95859,--32692,--30475,1400605,1046651,--353954,--336578,KRX
20260120,-95300,5,-100,-0.10,10795773,149785,147568,--2217,+159197,1571621,1554245,--17376,+1682994,KRX
20260119,+95400,2,+100,+0.10,8509605,241032,79618,--161414,--562443,2537670,837300,--1700370,--5967300,KRX
20260116,+95300,2,+5800,+6.48,17969737,88754,489783,+401029,+391538,952745,5219675,+4266930,+4160750,KRX
20260115,-89500,5,-100,-0.11,4591674,77477,86968,+9491,--164983,870086,976266,+106180,--1840970,KRX
20260114,+89600,2,+2600,+2.99,11558755,102964,277438,+174474,+245931,1154990,3102140,+1947150,+2775648,KRX
20260113,-87000,5,-1100,-1.25,5385770,125885,54428,--71457,--112867,1457208,628710,--828498,--1293603,KRX
20260112,+88100,2,+3900,+4.63,11400912,124708,166118,+41410,+63630,1417925,1883030,+465105,+732097,KRX
20260109,+84200,2,+500,+0.60,5124556,93062,70842,--22220,--19353,1100791,833799,--266992,--233873,KRX
20260108,-83700,5,-300,-0.36,4745395,73715,70848,--2867,--16512,875140,842021,--33119,--193801,KRX
20260107,-84000,5,-1900,-2.21,6931439,94583,108228,+13645,+20143,1114760,1275442,+160682,+247359,KRX
20260106,+85900,2,+2700,+3.25,9538963,149989,143491,--6498,--263018,1781075,1694398,--86677,--3244291,KRX
20260105,+83200,2,+8000,+10.64,15125707,117711,374231,+256520,+256401,1436082,4593696,+3157614,+3156232,KRX
20260102,-75200,5,-100,-0.13,2800553,43303,43422,+119,+12817,573985,575367,+1382,+169491,KRX
20251230,-75300,5,-1200,-1.57,2834603,50121,37423,--12698,--60463,660445,492336,--168109,--794854,KRX
20251229,+76500,2,+2900,+3.94,3657688,30569,78334,+47765,+87869,407635,1034380,+626745,+1167186,KRX
20251226,-73600,5,-2300,-3.03,5247445,69250,29146,--40104,--36363,932639,392198,--540441,--492025,KRX
20251224,-75900,5,-1700,-2.19,2536166,36172,32431,--3741,--11291,472482,424066,--48416,--144926,KRX
20251223,-77600,5,-400,-0.51,2742514,42531,50081,+7550,+4937,544790,641300,+96510,+68596,KRX
20251222,+78000,2,+600,+0.78,4089864,80661,83274,+2613,--22340,1027659,1055573,+27914,--297102,KRX
20251219,+77400,2,+2900,+3.89,3687392,42502,67455,+24953,+27485,554269,879285,+325016,+358852,KRX
20251218,-74500,5,-1000,-1.32,3102027,26336,23804,--2532,+20488,353679,319843,--33836,+269332,KRX
20251217,-75500,5,-1800,-2.33,3971897,40654,17634,--23020,--52776,535166,231998,--303168,--684099,KRX
20251216,+77300,2,+200,+0.26,7621947,73814,103570,+29756,+112144,970254,1351185,+380931,+1450979,KRX
20251215,-77100,5,-2600,-3.26,4304510,102534,20146,--82388,--101785,1332222,262174,--1070048,--1315578,KRX
20251212,+79700,2,+2400,+3.10,5474020,37674,57071,+19397,+31400,473902,719432,+245530,+401670,KRX
20251211,+77300,2,+500,+0.65,4672243,67722,55719,--12003,--13238,872298,716158,--156140,--171303,KRX
20251210,+76800,2,+100,+0.13,2489211,14714,15949,+1235,+10784,191096,206259,+15163,+139357,KRX
20251209,-76700,5,-100,-0.13,2739253,23204,13655,--9549,+51979,302010,177816,--124194,+675142,KRX
20251208,-76800,5,-3600,-4.48,5826257,86117,24589,--61528,--93863,1119181,319845,--799336,--1204197,KRX
20251205,+80400,2,+1200,+1.52,3813990,56443,88778,+32335,+101323,707574,1112435,+404861,+1276280,KRX
20251204,+79200,2,+800,+1.02,3902774,116824,47836,--68988,--82943,1472937,601518,--871419,--1049420,KRX
20251203,+78400,2,+3400,+4.53,3892884,72557,86512,+13955,+46780,932221,1110222,+178001,+614380,KRX
20251202,+75000,2,+100,+0.13,2978860,72467,39642,--32825,--13249,963742,527363,--436379,--177001,KRX
20251201,-74900,5,-1500,-1.96,2242179,43419,23843,--19576,+28218,576023,316645,--259378,+364392,KRX
20251128,-76400,5,-1200,-1.55,2094782,67347,19553,--47794,--18308,878460,254690,--623770,--248060,KRX
20251127,-77600,5,-100,-0.13,3201206,79330,49844,--29486,--68847,1010392,634682,--375710,--888456,KRX
20251126,+77700,2,+4200,+5.71,4463298,65034,104395,+39361,+32114,842896,1355642,+512746,+415776,KRX
20251125,+73500,2,+1000,+1.38,2759653,43791,51038,+7247,+16685,592673,689643,+96970,+225811,KRX
20251124,-72500,5,-600,-0.82,4434839,135214,125776,--9438,+31896,1862075,1733234,--128841,+437299,KRX
20251121,-73100,5,-4600,-5.92,3710469,82215,40881,--41334,--44767,1124449,558309,--566140,--610558,KRX
20251120,+77700,2,+3300,+4.44,4284021,97791,101224,+3433,+45484,1250878,1295296,+44418,+605314,KRX
20251119,-74400,5,-1000,-1.33,4874642,122580,80529,--42051,--39520,1643616,1082720,--560896,--534711,KRX
20251118,-75400,5,-3400,-4.31,4481145,73125,70594,--2531,+22400,948112,921927,--26185,+290058,KRX
20251117,+78800,2,+400,+0.51,2785151,72304,47373,--24931,+122368,915831,599588,--316243,+1530612,KRX
20251114,-78400,5,-4700,-5.66,6117065,204429,57130,--147299,--158322,2564527,717672,--1846855,--1978721,KRX
20251113,+83100,2,+4700,+5.99,7945958,149101,160124,+11023,+16998,1823714,1955580,+131866,+208285,KRX
20251112,+78400,2,+200,+0.26,2934998,65441,59466,--5975,--11991,832170,755751,--76419,--159579,KRX
20251111,-78200,5,-1400,-1.76,5045991,88529,94545,+6016,+71520,1119492,1202652,+83160,+914411,KRX
20251110,+79600,2,+1700,+2.18,4562734,126654,61150,--65504,--68265,1604010,772759,--831251,--870374,KRX
20251107,-77900,5,-1400,-1.77,8514588,156237,158998,+2761,+146992,2005890,2045013,+39123,+1812146,KRX
20251106,-79300,5,-4300,-5.14,9627107,250212,105981,--144231,--29760,3068129,1295106,--1773023,--377076,KRX
20251105,-83600,5,-5900,-6.59,12058956,240084,125613,--114471,--81670,2913670,1517723,--1395947,--1029664,KRX
20251104,89500,3,0,0.00,5250243,129068,96267,--32801,+10816,1438897,1072614,--366283,+123685,KRX
20251103,+89500,2,+800,+0.90,4163376,101605,57988,--43617,+76821,1137900,647932,--489968,+854834,KRX
20251031,-88700,5,-1000,-1.11,5182993,179884,59446,--120438,+119492,2010542,665740,--1344802,+1292685,KRX
20251030,-89700,5,-6700,-6.95,10224579,309723,69793,--239930,--433607,3402418,764931,--2637487,--4704448,KRX
20251029,+96400,2,+10000,+11.57,16679002,183704,377381,+193677,+150933,1963164,4030125,+2066961,+1574581,KRX
20251028,+86400,2,+4500,+5.49,9619982,133581,176325,+42744,+74669,1589780,2082160,+492380,+883522,KRX
20251027,+81900,2,+1000,+1.24,4964095,116241,84316,--31925,+410,1420130,1028988,--391142,+16322,KRX
20251024,+80900,2,+4600,+6.03,8095168,159064,126729,--32335,+15804,1998708,1591244,--407464,+221591,KRX
20251023,-76300,5,-2700,-3.42,5543167,119419,71280,--48139,--16828,1560747,931692,--629055,--230386,KRX
20251022,-79000,5,-1000,-1.25,4895634,109551,78240,--31311,+45330,1396859,998190,--398669,+539783,KRX
20251021,-80000,5,-300,-0.37,7005242,154258,77617,--76641,--15917,1890276,951824,--938452,--185933,KRX
20251020,+80300,2,+100,+0.12,4709983,114624,53900,--60724,--18364,1422320,669801,--752519,--235338,KRX
20251017,-80200,5,-3500,-4.18,7348394,135042,92682,--42360,+31627,1656514,1139333,--517181,+367382,KRX
20251016,+83700,2,+800,+0.97,7429581,178929,104942,--73987,--171608,2143949,1259386,--884563,--2087647,KRX
20251015,+82900,2,+7100,+9.37,11930455,111811,209432,+97621,+83374,1380808,2583892,+1203084,+1008120,KRX
20251014,-75800,5,-1800,-2.32,12010193,187953,202200,+14247,+96825,2441321,2636285,+194964,+1286922,KRX
20251013,+77600,2,+3100,+4.16,14272165,246647,164069,--82578,--443538,3231396,2139438,--1091958,--6190643,KRX
20251010,+74500,2,+9700,+14.97,19302308,130978,491938,+360960,+316571,1827147,6925832,+5098685,+4420315,KRX
20251002,+64800,2,+200,+0.31,6999933,109517,153906,+44389,--92386,1689112,2367482,+678370,--1435213,KRX
20251001,+64600,2,+1900,+3.03,6938399,46152,182927,+136775,+147645,715532,2829115,+2113583,+2289271,KRX
20250930,-62700,5,-200,-0.32,3606043,64895,54025,--10870,--18684,1039230,863542,--175688,--297478,KRX
20250929,-62900,5,-200,-0.32,3647678,49800,57614,+7814,+42662,788783,910573,+121790,+674824,KRX
20250926,-63100,5,-900,-1.41,5541302,90310,55462,--34848,+83091,1429038,876004,--553034,+1253282,KRX
20250925,-64000,5,-1900,-2.88,7602443,157322,39383,--117939,--219908,2412898,606582,--1806316,--3369190,KRX
20250924,+65900,2,+2800,+4.44,12114101,106379,208348,+101969,+12632,1633728,3196602,+1562874,+155833,KRX
20250923,+63100,2,+700,+1.12,7614160,61945,151282,+89337,+4600,979203,2386244,+1407041,+72895,KRX
20250922,+62400,2,+1600,+2.63,6830285,54384,139121,+84737,+138276,865745,2199891,+1334146,+2217470,KRX
20250919,+60800,2,+200,+0.33,4819288,125025,71486,--53539,+24594,2042966,1159642,--883324,+394091,KRX
20250918,-60600,5,-700,-1.14,4347323,101914,23781,--78133,--19936,1667906,390491,--1277415,--326750,KRX
20250917,-61300,5,-2000,-3.16,4251068,98585,40388,--58197,--296116,1607723,657058,--950665,--4799595,KRX
20250916,+63300,2,+4500,+7.65,10211386,46904,284823,+237919,+316343,762174,4611104,+3848930,+5170549,KRX
20250915,-58800,5,-2200,-3.61,6290788,129663,51239,--78424,--156963,2188909,867290,--1321619,--2622161,KRX
20250912,61000,3,0,0.00,6545777,55994,134533,+78539,+82345,930510,2231052,+1300542,+1356085,KRX
20250911,-61000,5,-1600,-2.56,5153511,103606,99800,--3806,--28860,1678693,1623150,--55543,--454245,KRX
20250910,+62600,2,+400,+0.64,4417144,73451,98505,+25054,--1671,1175840,1574542,+398702,--32885,KRX
20250909,+62200,2,+1300,+2.13,4166491,46942,73667,+26725,+60433,764397,1195984,+431587,+986179,KRX
20250908,-60900,5,-900,-1.46,2969015,62586,28878,--33708,--10950,1029007,474415,--554592,--187115,KRX
20250905,-61800,5,-1000,-1.59,2993213,48802,26044,--22758,--24245,788625,421148,--367477,--387815,KRX
20250904,+62800,2,+400,+0.64,5423711,74768,76255,+1487,--11574,1175031,1195369,+20338,--185985,KRX
20250903,+62400,2,+2000,+3.31,5684184,59599,72660,+13061,+17579,959102,1165425,+206323,+281437,KRX
20250902,+60400,2,+800,+1.34,2966108,44789,40271,--4518,--5122,743331,668217,--75114,--87250,KRX
20250901,-59600,5,-2100,-3.40,5716620,54678,55282,+604,+10325,901137,913273,+12136,+167210,KRX
20250829,-61700,5,-1200,-1.91,4054284,69695,59974,--9721,--11158,1123276,968202,--155074,--177462,KRX
20250828,-62900,5,-200,-0.32,3239392,37316,38753,+1437,--8026,592451,614839,+22388,--125645,KRX
20250827,-63100,5,-200,-0.32,5128958,55698,65161,+9463,+99205,874487,1022520,+148033,+1561546,KRX
20250826,-63300,5,-2600,-3.95,8035078,157540,67798,--89742,--164737,2481927,1068414,--1413513,--2557652,KRX
20250825,+65900,2,+3700,+5.95,9091500,72772,147767,+74995,+103117,1129799,2273938,+1144139,+1596086,KRX
20250822,+62200,2,+700,+1.14,6049757,93658,65536,--28122,--29065,1504552,1052605,--451947,--457177,KRX
20250821,+61500,2,+4100,+7.14,18858670,201230,202173,+943,+48882,3306512,3311742,+5230,+789458,KRX
20250820,-57400,5,-2100,-3.53,27973111,360540,312601,--47939,+3062,6540369,5756141,--784228,+39171,KRX
20250819,-59500,5,-5600,-8.60,11588978,156011,105010,--51001,--27692,2534607,1711208,--823399,--464494,KRX
20250818,-65100,5,-400,-0.61,3325497,60585,37276,--23309,--20001,925926,567021,--358905,--306806,KRX
20250814,-65500,5,-1000,-1.50,4562288,73458,70150,--3308,+11878,1121626,1069527,--52099,+177847,KRX
20250813,+66500,2,+1000,+1.53,3751147,63122,47936,--15186,+184020,952680,722734,--229946,+2755894,KRX
20250812,-65500,5,-3900,-5.62,11456932,309253,110047,--199206,--324289,4605145,1619305,--2985840,--4790456,KRX
20250811,+69400,2,+3000,+4.52,12119383,86298,211381,+125083,+90722,1250905,3055521,+1804616,+1284887,KRX
20250808,+66400,2,+1000,+1.53,3430734,31527,65888,+34361,+29707,480238,999967,+519729,+452749,KRX
20250807,-65400,5,-900,-1.36,7028428,89432,94086,+4654,--79175,1349217,1416197,+66980,--1195795,KRX
20250806,+66300,2,+1500,+2.31,7621974,80131,163960,+83829,+39181,1215105,2477880,+1262775,+576151,KRX
20250805,+64800,2,+500,+0.78,4234409,46589,91237,+44648,--115224,718090,1404714,+686624,--1810393,KRX
20250804,+64300,2,+2900,+4.72,7644885,39745,199617,+159872,+353197,624944,3121961,+2497017,+5586524,KRX
20250801,-61400,5,-4200,-6.40,9805226,239527,46202,--193325,--218492,3831761,742254,--3089507,--3461441,KRX
20250731,+65600,2,+1900,+2.98,10172066,239763,264930,+25167,+85832,3691583,4063517,+371934,+1322689,KRX
20250730,-63700,5,-1400,-2.15,3994493,100180,39515,--60665,--100530,1569087,618332,--950755,--1561929,KRX
20250729,+65100,2,+1600,+2.52,6058820,72061,111926,+39865,+166687,1126231,1737405,+611174,+2605280,KRX
20250728,-63500,5,-2400,-3.64,6552841,155656,28834,--126822,--156822,2445918,451812,--1994106,--2446487,KRX
20250725,+65900,2,+500,+0.76,6428969,66462,96462,+30000,--70338,1014032,1466413,+452381,--1060986,KRX
20250724,+65400,2,+2000,+3.15,8285648,75956,176294,+100338,+124775,1155361,2668728,+1513367,+1899758,KRX
20250723,+63400,2,+800,+1.28,4609170,75014,50577,--24437,+213033,1186338,799947,--386391,+3269088,KRX
20250722,-62600,5,-5800,-8.48,12619813,286445,48975,--237470,--318279,4423628,768149,--3655479,--4836697,KRX
20250721,+68400,2,+3600,+5.56,12003142,104574,185383,+80809,+49260,1574555,2755773,+1181218,+695186,KRX
20250718,+64800,2,+1500,+2.37,5840366,64131,95680,+31549,+62497,1004414,1490446,+486032,+972566,KRX
20250717,-63300,5,-300,-0.47,5721579,89467,58519,--30948,--9356,1399575,913041,--486534,--147638,KRX
20250716,-63600,5,-1700,-2.60,6041772,87425,65833,--21592,--80757,1369561,1030665,--338896,--1264840,KRX
20250715,+65300,2,+5100,+8.47,12238170,116734,175899,+59165,+36958,1846268,2772212,+925944,+558244,KRX
20250714,-60200,5,-300,-0.50,7522323,74732,96939,+22207,+50373,1233804,1601504,+367700,+822538,KRX
20250711,-60500,5,-2600,-4.12,7581825,98668,70502,--28166,+5446,1604082,1149244,--454838,+68026,KRX
20250710,-63100,5,-1300,-2.02,7153224,136638,103026,--33612,+60475,2149633,1626769,--522864,+914133,KRX
20250709,-64400,5,-2200,-3.30,6921230,141554,47467,--94087,--124116,2167414,730417,--1436997,--1892332,KRX
20250708,+66600,2,+3700,+5.88,10035127,115706,145735,+30029,+15619,1763285,2218620,+455335,+194524,KRX
20250707,+62900,2,+2900,+4.83,9074725,113449,127859,+14410,+1760,1843200,2104011,+260811,+54710,KRX
20250704,-60000,5,-1900,-3.07,7881195,80215,92865,+12650,+48651,1304288,1510389,+206101,+780732,KRX
20250703,+61900,2,+300,+0.49,6984206,91447,55446,--36001,--49392,1463842,889211,--574631,--799087,KRX
20250702,-61600,5,-900,-1.44,12016774,156432,169823,+13391,+2389,2557131,2781587,+224456,+44546,KRX
20250701,-62500,5,-5900,-8.63,14134978,161570,172572,+11002,+51371,2453400,2633310,+179910,+774503,KRX
20250630,+68400,2,+2600,+3.95,12295863,171070,130701,--40369,--77272,2482222,1887629,--594593,--1160341,KRX
20250627,+65800,2,+1100,+1.70,7601019,91854,128757,+36903,+15808,1409068,1974816,+565748,+227110,KRX
20250626,-64700,5,-1100,-1.67,13499836,197944,219039,+21095,+83053,3041596,3380234,+338638,+1273348,KRX
20250625,-65800,5,-3100,-4.50,11308003,173180,111222,--61958,+86228,2610435,1675725,--934710,+1220122,KRX
20250624,+68900,2,+300,+0.44,13780632,306384,158198,--148186,--303855,4445462,2290630,--2154832,--4603403,KRX
20250623,+68600,2,+8400,+13.95,28367599,275443,431112,+155669,+122990,4178017,6626588,+2448571,+1905845,KRX
20250620,-60200,5,-800,-1.31,10039131,143982,176661,+32679,+52374,2405261,2947987,+542726,+876539,KRX
20250619,61000,3,0,0.00,7994191,111247,91552,--19695,+53635,1849225,1515412,--333813,+894835,KRX
20250618,+61000,2,+1600,+2.69,14495257,195044,121714,--73330,+228980,3257491,2028843,--1228648,+3763179,KRX
20250617,-59400,5,-200,-0.34,23039564,464752,162442,--302310,--175352,7742452,2750625,--4991827,--2802431,KRX
20250616,+59600,2,+5000,+9.16,14476095,280357,153399,--126958,+8764,4833393,2643997,--2189396,+293289,KRX
20250613,54600,3,0,0.00,14943904,292785,157063,--135722,--21347,5378905,2896220,--2482685,--361222,KRX
20250612,+54600,2,+3500,+6.85,16430444,338932,224557,--114375,--180252,6254110,4132647,--2121463,--3444271,KRX
20250611,+51100,2,+3100,+6.46,14201108,145341,211218,+65877,+79036,2884344,4207152,+1322808,+1605717,KRX
20250610,+48000,2,+500,+1.05,12176419,146455,133296,--13159,+57412,3081138,2798229,--282909,+1211681,KRX
20250609,+47500,2,+1600,+3.49,12678443,162788,92217,--70571,--86858,3442047,1947457,--1494590,--1818972,KRX
20250605,+45900,2,+3250,+7.62,20061143,174604,190891,+16287,--66258,3895470,4219852,+324382,--1640933,KRX
20250604,+42650,2,+1700,+4.15,11387783,69996,152541,+82545,+11105,1670693,3636008,+1965315,+213361,KRX
20250602,+40950,2,+600,+1.49,10013882,55222,126662,+71440,+123936,1351165,3103119,+1751954,+3034475,KRX
20250530,-40350,5,-1850,-4.38,12787928,178339,125843,--52496,--101806,4388512,3105991,--1282521,--2466364,KRX
20250529,+42200,2,+2400,+6.03,14449764,111599,160909,+49310,--2373,2692913,3876756,+1183843,--160681,KRX
20250528,-39800,5,-2550,-6.02,23906372,164332,216015,+51683,+36237,3919513,5264037,+1344524,+968803,KRX
20250527,+42350,2,+850,+2.05,10536843,73387,88833,+15446,+57426,1756840,2132561,+375721,+1376545,KRX
20250526,+41500,2,+700,+1.72,15784843,132260,90280,--41980,--30823,3181019,2180195,--1000824,--704818,KRX
20250523,+40800,2,+2550,+6.67,16382809,126085,114928,--11157,+10021,3140387,2844381,--296006,+254420,KRX
20250522,-38250,5,-850,-2.17,10239052,92106,70928,--21178,--60641,2398850,1848424,--550426,--1572126,KRX
20250521,+39100,2,+1900,+5.11,17374970,146334,185797,+39463,--67841,3818855,4840555,+1021700,--1931607,KRX
20250520,+37200,2,+2600,+7.51,15739607,93119,200423,+107304,+157193,2538033,5491340,+2953307,+4396663,KRX
20250519,+34600,2,+300,+0.87,9332808,85281,35392,--49889,--137497,2475129,1031773,--1443356,--4053209,KRX
20250516,+34300,2,+2350,+7.36,17619218,60917,148525,+87608,+83670,1813003,4422856,+2609853,+2494675,KRX
20250515,+31950,2,+650,+2.08,9164026,52000,55938,+3938,--26701,1635150,1750328,+115178,--852703,KRX
20250514,+31300,2,+1650,+5.56,14737537,87190,117829,+30639,+4881,2825066,3792947,+967881,+94760,KRX
20250513,+29650,2,+850,+2.95,7723345,48339,74097,+25758,+2780,1646461,2519582,+873121,+103100,KRX
20250512,+28800,2,+950,+3.41,13828502,57476,80454,+22978,+34319,1957635,2727656,+770021,+1175858,KRX
20250509,+27850,2,+100,+0.36,4958723,37269,25928,--11341,+1354,1330666,924829,--405837,+57062,KRX
20250508,+27750,2,+450,+1.65,6334443,46064,33369,--12695,--98815,1683699,1220800,--462899,--3722238,KRX
20250507,-27300,5,-400,-1.44,12312853,43484,129604,+86120,+86040,1635257,4894596,+3259339,+3241495,KRX
20250502,-27700,5,-1250,-4.32,11490437,87766,87846,+80,--13583,3137241,3155085,+17844,--456870,KRX
20250430,+28950,2,+50,+0.17,7230121,39511,53174,+13663,+1256,1358058,1832772,+474714,+42586,KRX
20250429,+28900,2,+600,+2.12,5013948,26423,38830,+12407,+4848,922509,1354637,+432128,+163241,KRX
20250428,+28300,2,+400,+1.43,4927227,28385,35944,+7559,--4837,1008415,1277302,+268887,--178136,KRX
20250425,+27900,2,+1000,+3.72,6572442,54844,67240,+12396,--8639,1974848,2421871,+447023,--345866,KRX
20250424,+26900,2,+1150,+4.47,7151830,32998,54033,+21035,+30306,1240775,2033664,+792889,+1149488,KRX
20250423,+25750,2,+100,+0.39,3008282,30586,21315,--9271,--10549,1184445,827846,--356599,--408983,KRX
20250422,-25650,5,-400,-1.54,3763759,34118,35396,+1278,+13188,1320699,1373083,+52384,+503203,KRX
20250421,+26050,2,+100,+0.39,5684586,54992,43082,--11910,--5872,2102750,1651931,--450819,--205560,KRX
20250418,+25950,2,+1500,+6.13,9342636,73328,67290,--6038,--7984,2857465,2612206,--245259,--329771,KRX
20250417,+24450,2,+1100,+4.71,5611133,38819,40765,+1946,+6403,1598321,1682833,+84512,+268910,KRX
20250416,-23350,5,-750,-3.11,3167471,25252,20795,--4457,+9764,1061654,877256,--184398,+407237,KRX
20250415,+24100,2,+750,+3.21,3836499,29184,14963,--14221,+7798,1219842,628207,--591635,+347935,KRX
20250414,-23350,5,-50,-0.21,3014484,32358,10339,--22019,--9792,1383810,444240,--939570,--411331,KRX
20250411,+23400,2,+1250,+5.64,4735671,35867,23640,--12227,--398,1572258,1044019,--528239,+12525,KRX
20250410,+22150,2,+2000,+9.93,4519005,45851,34022,--11829,--18977,2093901,1553137,--540764,--899977,KRX
20250409,-20150,5,-600,-2.89,4963918,37755,44903,+7148,--2899,1855321,2214534,+359213,--126933,KRX
20250408,+20750,2,+100,+0.48,4971559,36999,47046,+10047,+5608,1759893,2246039,+486146,+250620,KRX
20250407,-20650,5,-2400,-10.41,6966945,39341,43780,+4439,--24151,1848662,2084188,+235526,--1018211,KRX
20250404,-23050,5,-550,-2.33,9303071,45780,74370,+28590,+23224,1986244,3239981,+1253737,+1025664,KRX
20250403,-23600,5,-350,-1.46,3317518,16997,22363,+5366,+8141,723412,951485,+228073,+339704,KRX
20250402,+23950,2,+100,+0.42,3804949,36141,33366,--2775,--6288,1500599,1388968,--111631,--259067,KRX
20250401,+23850,2,+400,+1.71,3603990,23368,26881,+3513,--13757,974950,1122386,+147436,--591501,KRX
20250331,-23450,5,-900,-3.70,4304162,20272,37542,+17270,+2171,862157,1601094,+738937,+119724,KRX
20250328,-24350,5,-700,-2.79,4248520,13961,29060,+15099,+13510,569475,1188688,+619213,+554403,KRX
20250327,-25050,5,-700,-2.72,3399033,14864,16453,+1589,+8749,585960,650770,+64810,+336789,KRX
20250326,-25750,5,-800,-3.01,4072877,23325,16165,--7160,+6536,889817,617838,--271979,+238478,KRX
20250325,-26550,5,-50,-0.19,6096858,36444,22748,--13696,+1028,1354041,843584,--510457,+36008,KRX
20250324,-26600,5,-400,-1.48,3809578,28122,13398,--14724,--57716,1047276,500811,--546465,--2164232,KRX
20250321,+27000,2,+1500,+5.88,16078140,50467,93459,+42992,+79131,1889909,3507676,+1617767,+2991441,KRX
20250320,-25500,5,-1100,-4.14,7791782,48963,12824,--36139,--46533,1868138,494464,--1373674,--1761798,KRX
20250319,+26600,2,+800,+3.10,15416506,76365,86759,+10394,+10009,2852534,3240658,+388124,+369374,KRX
20250318,+25800,2,+200,+0.78,9464041,40503,40888,+385,+55550,1576993,1595743,+18750,+2130760,KRX
20250317,-25600,5,-1150,-4.30,12152675,75157,19992,--55165,--39085,2885650,773640,--2112010,--1500725,KRX
20250314,+26750,2,+900,+3.48,11307695,63413,47333,--16080,+18495,2381374,1770089,--611285,+693729,KRX
20250313,-25850,5,-400,-1.52,9559895,71320,36745,--34575,--30597,2707869,1402855,--1305014,--1153533,KRX
20250312,+26250,2,+700,+2.74,9482846,63726,59748,--3978,--2903,2416090,2264609,--151481,--102000,KRX
20250311,-25550,5,-700,-2.67,8281822,36861,35786,--1075,+4208,1469486,1420005,--49481,+152258,KRX
20250310,-26250,5,-100,-0.38,6310178,29344,24061,--5283,+15696,1123990,922251,--201739,+599334,KRX
20250307,-26350,5,-150,-0.57,7395091,51131,30152,--20979,+21188,1960610,1159537,--801073,+764621,KRX
20250306,-26500,5,-400,-1.49,7474904,67501,25334,--42167,--9189,2512160,946466,--1565694,--315234,KRX
20250305,+26900,2,+1400,+5.49,13199012,89227,56249,--32978,--12644,3367535,2117075,--1250460,--460579,KRX
20250304,+25500,2,+100,+0.39,9094716,58462,38128,--20334,--6608,2296789,1506908,--789881,--255195,KRX
20250228,-25400,5,-1650,-6.10,13565445,82757,69031,--13726,--13705,3208416,2673730,--534686,--548362,KRX
20250227,-27050,5,-550,-1.99,6824895,27843,27822,--21,+1958,1007164,1020840,+13676,+83226,KRX
20250226,-27600,5,-650,-2.30,7857812,32638,30659,--1979,+4434,1177989,1108439,--69550,+153520,KRX
20250225,+28250,2,+150,+0.53,8160438,40701,34288,--6413,+6607,1445181,1222111,--223070,+241388,KRX
20250224,-28100,5,-850,-2.94,9711056,38752,25732,--13020,+5594,1380413,915955,--464458,+179296,KRX
20250221,+28950,2,+300,+1.05,10117896,55866,37252,--18614,--22025,1928863,1285109,--643754,--774263,KRX
20250220,-28650,5,-1200,-4.02,17575818,82044,85455,+3411,+20911,2844612,2975121,+130509,+695155,KRX
20250219,-29850,5,-450,-1.49,17987673,94998,77498,--17500,--66822,3138547,2573901,--564646,--2177874,KRX
20250218,+30300,2,+2100,+7.45,35485391,123233,172555,+49322,+75788,4117041,5730269,+1613228,+2608259,KRX
20250217,+28200,2,+600,+2.17,29333641,125030,98564,--26466,--152152,4536295,3541264,--995031,--5568911,KRX
20250214,+27600,2,+3050,+12.42,55550815,172968,298654,+125686,+110741,6385103,10958983,+4573880,+3963035,KRX
20250213,+24550,2,+300,+1.24,6884176,23759,38704,+14945,+4018,974345,1585190,+610845,+157218,KRX
20250212,+24250,2,+700,+2.97,7299965,24577,35504,+10927,+240,1026059,1479686,+453627,+1268,KRX
20250211,+23550,2,+550,+2.39,5280321,14611,25298,+10687,+14292,619921,1072280,+452359,+604328,KRX
20250210,-23000,5,-200,-0.86,5482455,24422,20817,--3605,--12068,1044454,892485,--151969,--513204,KRX
20250207,-23200,5,-800,-3.33,8864252,32056,40519,+8463,+6302,1386264,1747499,+361235,+270727,KRX
20250206,+24000,2,+50,+0.21,5496725,18996,21157,+2161,+7757,787206,877714,+90508,+320561,KRX
20250205,-23950,5,-450,-1.84,5969958,26954,21358,--5596,--8483,1119353,889300,--230053,--338341,KRX
20250204,+24400,2,+1050,+4.50,9612429,43277,46164,+2887,--21467,1789215,1897503,+108288,--930798,KRX
20250203,-23350,5,-550,-2.30,9026940,30176,54530,+24354,+42864,1285096,2324182,+1039086,+1828231,KRX
20250131,-23900,5,-800,-3.24,15303404,95596,77086,--18510,--39073,4045894,3256749,--789145,--1617324,KRX
20250124,+24700,2,+850,+3.56,15520011,54855,75418,+20563,+40877,2220582,3048761,+828179,+1675206,KRX
20250123,-23850,5,-100,-0.42,10160667,56511,36197,--20314,--156640,2370821,1523794,--847027,--6585418,KRX
20250122,+23950,2,+1900,+8.62,31258484,72819,209145,+136326,+139060,3055847,8794238,+5738391,+5862488,KRX
20250121,+22050,2,+150,+0.68,6325422,26562,23828,--2734,--3414,1204953,1080856,--124097,--149453,KRX
20250120,+21900,2,+150,+0.69,16311734,61320,62000,+680,--10739,2764752,2790108,+25356,--493630,KRX
20250117,+21750,2,+950,+4.57,13756111,51592,63011,+11419,+9670,2399269,2918255,+518986,+434244,KRX
20250116,+20800,2,+500,+2.46,6025092,21148,22897,+1749,+1069,1015339,1100081,+84742,+51027,KRX
20250115,+20300,2,+200,+1.00,5122024,18886,19566,+680,--1675,934124,967839,+33715,--83137,KRX
20250114,20100,3,0,0.00,3913984,11683,14038,+2355,+6455,583620,700472,+116852,+325971,KRX
20250113,+20100,2,+100,+0.50,7574561,35385,31285,--4100,--19847,1753892,1544773,--209119,--973218,KRX
20250110,+20000,2,+1170,+6.21,21673672,75985,91732,+15747,+30027,3832574,4596673,+764099,+1533056,KRX
20250109,-18830,5,-70,-0.37,4165547,24854,10574,--14280,--14785,1334248,565291,--768957,--793067,KRX
20250108,-18900,5,-80,-0.42,3834048,12785,13290,+505,--5889,686551,710661,+24110,--311474,KRX
20250107,+18980,2,+350,+1.88,4591740,13484,19878,+6394,--5891,712325,1047909,+335584,--324522,KRX
20250106,+18630,2,+430,+2.36,5055167,10988,23273,+12285,+7496,595174,1255280,+660106,+397723,KRX
20250103,+18200,2,+140,+0.78,4544088,10158,14947,+4789,--50,559659,822042,+262383,--5976,KRX
20250102,+18060,2,+510,+2.91,3032474,7692,12531,+4839,+4531,427398,695757,+268359,+250673,KRX
20241230,-17550,5,-70,-0.40,2594742,8590,8898,+308,+5160,486160,503846,+17686,+289118,KRX
20241227,-17620,5,-240,-1.34,4586870,14616,9764,--4852,+1679,822168,550736,--271432,+89310,KRX
20241226,-17860,5,-420,-2.30,3625772,11205,4674,--6531,--9156,619494,258752,--360742,--501453,KRX
20241224,+18280,2,+120,+0.66,4603391,9835,12460,+2625,--6080,534792,675503,+140711,--341702,KRX
20241223,+18160,2,+590,+3.36,4139796,7886,16591,+8705,+32099,436651,919064,+482413,+1778419,KRX
20241220,-17570,5,-280,-1.57,7472877,39388,15994,--23394,--10903,2185380,889374,--1296006,--592591,KRX
20241219,-17850,5,-210,-1.16,4646486,19278,6787,--12491,--22118,1083867,380452,--703415,--1239926,KRX
20241218,+18060,2,+570,+3.26,5186115,9007,18634,+9627,+16002,502057,1038568,+536511,+898303,KRX
20241217,-17490,5,-150,-0.85,4083393,15581,9206,--6375,--13711,885146,523354,--361792,--776150,KRX
20241216,+17640,2,+400,+2.32,5640808,13283,20619,+7336,+21166,752123,1166481,+414358,+1200868,KRX
20241213,-17240,5,-590,-3.31,6652260,22641,8811,--13830,--18561,1290013,503503,--786510,--1052680,KRX
20241212,+17830,2,+600,+3.48,10237930,34717,39448,+4731,+23187,1946183,2212353,+266170,+1338041,KRX
20241211,+17230,2,+50,+0.29,6769658,32220,13764,--18456,--14501,1867682,795811,--1071871,--859082,KRX
20241210,-17180,5,-200,-1.15,13229410,31914,27959,--3955,--10186,1830022,1617233,--212789,--568823,KRX
20241209,-17380,5,-700,-3.87,7621883,27520,33751,+6231,--29028,1569758,1925792,+356034,--1590192,KRX
20241206,-18080,5,-610,-3.26,10277179,14999,50258,+35259,+27523,826470,2772696,+1946226,+1531335,KRX
20241205,-18690,5,-310,-1.63,8487418,17883,25619,+7736,--7219,940594,1355485,+414891,--386496,KRX
20241204,-19000,5,-2150,-10.17,25531530,77941,92896,+14955,+5603,3975268,4776655,+801387,+356951,KRX
20241203,+21150,2,+450,+2.17,3594136,9894,19246,+9352,+9335,469504,913940,+444436,+441558,KRX
20241202,-20700,5,-450,-2.13,3268088,10909,10926,+17,+2165,520371,523249,+2878,+108774,KRX
20241129,-21150,5,-300,-1.40,7293479,34207,32059,--2148,--4724,1635897,1530001,--105896,--224263,KRX
20241128,+21450,2,+350,+1.66,3953289,11587,14163,+2576,+5147,540271,658638,+118367,+240098,KRX
20241127,+21100,2,+50,+0.24,4066364,12357,9786,--2571,+40084,584243,462512,--121731,+1880838,KRX
20241126,-21050,5,-1100,-4.97,7907491,49237,6582,--42655,--34263,2309637,307068,--2002569,--1622888,KRX
20241125,+22150,2,+50,+0.23,7335876,40189,31797,--8392,--79140,1810551,1430870,--379681,--3559460,KRX
20241122,+22100,2,+1200,+5.74,15909665,31389,102137,+70748,+77867,1416003,4595782,+3179779,+3512078,KRX
20241121,-20900,5,-800,-3.69,5994908,21057,13938,--7119,+13746,990152,657853,--332299,+618035,KRX
20241120,-21700,5,-700,-3.13,5971125,29831,8966,--20865,--46126,1361002,410668,--950334,--2081703,KRX
20241119,+22400,2,+850,+3.94,12909089,31498,56759,+25261,+33354,1419707,2551076,+1131369,+1506118,KRX
20241118,-21550,5,-300,-1.37,7772892,39556,31463,--8093,+12536,1822629,1447880,--374749,+578488,KRX
20241115,-21850,5,-600,-2.67,10709767,63838,43209,--20629,--81794,2934519,1981282,--953237,--3756608,KRX
20241114,+22450,2,+1700,+8.19,17292496,41054,102219,+61165,+64486,1874512,4677883,+2803371,+2960941,KRX
20241113,-20750,5,-100,-0.48,7911988,25639,22318,--3321,+1165,1212749,1055179,--157570,+55258,KRX
20241112,-20850,5,-50,-0.24,5632665,21761,17275,--4486,+81,1037682,824854,--212828,--2958,KRX
20241111,-20900,5,-550,-2.56,6806611,22583,18016,--4567,--4646,1056718,846848,--209870,--214914,KRX
20241108,+21450,2,+50,+0.23,4591326,12745,12824,+79,+914,595100,600144,+5044,+45389,KRX
20241107,+21400,2,+500,+2.39,9313005,30878,30043,--835,--6348,1456173,1415828,--40345,--302767,KRX
20241106,+20900,2,+500,+2.45,7885107,25695,31208,+5513,+2374,1231522,1493944,+262422,+109720,KRX
20241105,+20400,2,+400,+2.00,4022063,11052,14191,+3139,+2993,548276,700978,+152702,+148129,KRX
20241104,+20000,2,+20,+0.10,4911648,14062,14208,+146,+6104,710481,715054,+4573,+296103,KRX
20241101,-19980,5,-70,-0.35,5749622,19985,14027,--5958,+3634,987185,695655,--291530,+216571,KRX
20241031,-20050,5,-1350,-6.31,14011947,69869,60277,--9592,--12887,3484969,2976868,--508101,--663909,KRX
20241030,-21400,5,-450,-2.06,6459985,17336,20631,+3295,+2240,803427,959235,+155808,+107969,KRX
20241029,+21850,2,+450,+2.10,12069996,42690,43745,+1055,--6068,1952563,2000402,+47839,--286205,KRX
20241028,+21400,2,+800,+3.88,11033510,29522,36645,+7123,+7185,1385678,1719722,+334044,+333836,KRX
20241025,-20600,5,-250,-1.20,4764600,14768,14706,--62,+1546,706684,706892,+208,+69472,KRX
20241024,+20850,2,+750,+3.73,8918248,24759,23151,--1608,--8159,1201999,1132735,--69264,--396558,KRX
20241023,-20100,5,-550,-2.66,6418161,13258,19809,+6551,+10621,653798,981092,+327294,+523113,KRX
20241022,20650,3,0,0.00,13625006,42265,38195,--4070,+13036,2036046,1840227,--195819,+625572,KRX
20241021,+20650,2,+200,+0.98,12710750,50504,33398,--17106,--20946,2427669,1606278,--821391,--1010030,KRX
20241018,-20450,5,-700,-3.31,10127307,30865,34705,+3840,--34869,1496080,1684719,+188639,--1625618,KRX
20241017,+21150,2,+1690,+8.68,34706921,79955,118664,+38709,+38017,3797827,5612084,+1814257,+1783620,KRX
20241016,+19460,2,+460,+2.42,10748471,22942,23634,+692,--5639,1176126,1206763,+30637,--301471,KRX
20241015,+19000,2,+530,+2.87,9302369,24388,30719,+6331,+1855,1276799,1608907,+332108,+88916,KRX
20241014,+18470,2,+370,+2.04,2294944,3784,8260,+4476,+3635,205995,449187,+243192,+197367,KRX
20241011,-18100,5,-100,-0.55,1659316,3495,4336,+841,--4906,191679,237504,+45825,--270761,KRX
20241010,-18200,5,-170,-0.93,2389396,10187,15934,+5747,+4036,558240,874826,+316586,+224631,KRX
20241008,+18370,2,+100,+0.55,4087833,10934,12645,+1711,--10780,592268,684223,+91955,--604128,KRX
20241007,+18270,2,+860,+4.94,3744724,5558,18049,+12491,+19036,311796,1007879,+696083,+1073800,KRX
20241004,+17410,2,+100,+0.58,2178359,13183,6638,--6545,+907,759442,381725,--377717,+51151,KRX
20241002,-17310,5,-600,-3.35,2532931,13690,6238,--7452,--5593,787317,358449,--428868,--324144,KRX
20240930,-17910,5,-140,-0.78,2322831,13716,11857,--1859,--2378,762018,657294,--104724,--133411,KRX
20240927,-18050,5,-400,-2.17,2136062,5882,6401,+519,--7958,322852,351539,+28687,--431608,KRX
20240926,+18450,2,+350,+1.93,2525949,5369,13846,+8477,+6116,294090,754385,+460295,+332631,KRX
20240925,-18100,5,-60,-0.33,2332580,5518,7879,+2361,+704,301686,429350,+127664,+36844,KRX
20240924,-18160,5,-40,-0.22,2653431,6417,8074,+1657,--2025,356181,447001,+90820,--108941,KRX
20240923,+18200,2,+240,+1.34,3924727,10107,13789,+3682,+9230,551379,751140,+199761,+504999,KRX
20240920,-17960,5,-750,-4.01,5353964,19907,14359,--5548,--13081,1093075,787837,--305238,--708953,KRX
20240919,+18710,2,+550,+3.03,4720304,12224,19757,+7533,+7620,657950,1061665,+403715,+404265,KRX
20240913,+18160,2,+450,+2.54,5730891,20408,20321,--87,--16158,1117679,1117129,--550,--929154,KRX
20240912,+17710,2,+1340,+8.19,4467950,8016,24087,+16071,+20212,460554,1389158,+928604,+1180397,KRX
20240911,-16370,5,-190,-1.15,2024091,8730,4589,--4141,--186,530405,278612,--251793,--15703,KRX
20240910,-16560,5,-240,-1.43,1575573,7998,4043,--3955,--6551,478288,242198,--236090,--393282,KRX
20240909,+16800,2,+230,+1.39,1829627,4626,7222,+2596,+2968,278889,436081,+157192,+178612,KRX
20240906,-16570,5,-50,-0.30,2141879,5129,4757,--372,+7957,307164,285744,--21420,+467911,KRX
20240905,-16620,5,-580,-3.37,3117440,12049,3720,--8329,+911,711416,222085,--489331,+47055,KRX
20240904,-17200,5,-450,-2.55,3900091,18249,9009,--9240,--4826,1058767,522381,--536386,--287359,KRX
20240903,-17650,5,-240,-1.34,2152522,7858,3444,--4414,+2667,443350,194323,--249027,+145001,KRX
20240902,-17890,5,-210,-1.16,1972917,10282,3201,--7081,--5849,572092,178064,--394028,--324494,KRX
20240830,+18100,2,+350,+1.97,3987360,17593,16361,--1232,+16938,970164,900630,--69534,+946131,KRX
20240829,-17750,5,-730,-3.95,4748040,23605,5435,--18170,--25826,1318861,303196,--1015665,--1425267,KRX
20240828,+18480,2,+620,+3.47,8797648,21582,29238,+7656,+3399,1165208,1574810,+409602,+164547,KRX
20240827,+17860,2,+430,+2.47,2821052,5427,9684,+4257,+11690,308652,553707,+245055,+670537,KRX
20240826,-17430,5,-580,-3.22,3234955,14272,6839,--7433,--7834,817808,392326,--425482,--447520,KRX
20240823,+18010,2,+250,+1.41,2158110,7346,7747,+401,+1366,409064,431102,+22038,+75991,KRX
20240822,-17760,5,-280,-1.55,1844964,6413,5448,--965,--378,360384,306431,--53953,--22043,KRX
20240821,+18040,2,+70,+0.39,2239981,10336,9749,--587,+6504,577534,545624,--31910,+360043,KRX
20240820,-17970,5,-260,-1.43,2970641,14297,7206,--7091,+2843,791289,399336,--391953,+147075,KRX
20240819,-18230,5,-520,-2.77,3153671,17407,7473,--9934,--26482,946171,407143,--539028,--1423688,KRX
20240816,+18750,2,+580,+3.19,4173741,6077,22625,+16548,+16520,324150,1208810,+884660,+882987,KRX
20240814,+18170,2,+20,+0.11,1949539,6994,7022,+28,+1342,383953,385626,+1673,+73478,KRX
20240813,-18150,5,-190,-1.04,3047042,11147,9833,--1314,--5374,607296,535491,--71805,--294321,KRX
20240812,+18340,2,+650,+3.67,3352235,5199,9259,+4060,+9494,286617,509133,+222516,+530078,KRX
20240809,+17690,2,+150,+0.86,2791297,11409,5975,--5434,--8925,645339,337777,--307562,--506570,KRX
20240808,+17540,2,+690,+4.09,6916530,29559,33050,+3491,+17205,1698470,1897478,+199008,+1009056,KRX
20240807,-16850,5,-20,-0.12,3752220,24132,10418,--13714,--20923,1425582,615534,--810048,--1241164,KRX
20240806,+16870,2,+1010,+6.37,7701706,25075,32284,+7209,+5303,1487862,1918978,+431116,+303938,KRX
20240805,-15860,5,-1830,-10.34,8528030,31582,33488,+1906,+13469,1924884,2052062,+127178,+767132,KRX
20240802,-17690,5,-1020,-5.45,6333063,24197,12634,--11563,--4283,1348434,708480,--639954,--252439,KRX
20240801,-18710,5,-120,-0.64,3223275,13915,6635,--7280,--6112,740195,352680,--387515,--334409,KRX
20240731,+18830,2,+270,+1.45,14217304,45474,44306,--1168,+2855,2382750,2329644,--53106,+164553,KRX
20240730,+18560,2,+30,+0.16,5141839,16646,12623,--4023,--4488,901842,684183,--217659,--242980,KRX
20240729,-18530,5,-340,-1.80,5559272,15882,16347,+465,--3720,855405,880726,+25321,--196494,KRX
20240726,-18870,5,-60,-0.32,5558211,10841,15026,+4185,+13182,568640,790455,+221815,+678636,KRX
20240725,-18930,5,-890,-4.49,9151927,28403,19406,--8997,--17336,1463268,1006447,--456821,--878163,KRX
20240724,-19820,5,-60,-0.30,6287396,15862,24201,+8339,--5162,800964,1222306,+421342,--253968,KRX
20240723,-19880,5,-320,-1.58,9843278,26569,40070,+13501,+1152,1328781,2004091,+675310,+67117,KRX
20240722,20200,3,0,0.00,10307333,26251,38600,+12349,--11,1289057,1897250,+608193,--1204,KRX
20240719,-20200,5,-800,-3.81,14963385,37904,50264,+12360,+106398,1852448,2461845,+609397,+4717405,KRX
20240718,-21000,5,-250,-1.18,63401772,239946,145908,--94038,--128570,10643912,6535904,--4108008,--5660099,KRX
20240717,+21250,2,+250,+1.19,28715925,89653,124185,+34532,+54827,4130600,5682691,+1552091,+2523170,KRX
20240716,-21000,5,-600,-2.78,11853733,55518,35223,--20295,--21443,2650502,1679423,--971079,--1014977,KRX
20240715,+21600,2,+700,+3.35,13663975,55005,56153,+1148,+7928,2572072,2615970,+43898,+411353,KRX
20240712,-20900,5,-950,-4.35,25828467,111614,104834,--6780,--16163,5395713,5028258,--367455,--797656,KRX
20240711,21850,3,0,0.00,9593927,38409,47792,+9383,+28627,1759063,2189264,+430201,+1304926,KRX
20240710,-21850,5,-400,-1.80,10787800,48764,29520,--19244,--65379,2223205,1348480,--874725,--2978106,KRX
20240709,+22250,2,+1250,+5.95,27672205,66486,112621,+46135,+3955,3056209,5159590,+2103381,+98022,KRX
20240708,+21000,2,+1460,+7.47,17115452,34828,77008,+42180,+45573,1678641,3684000,+2005359,+2180541,KRX
20240705,+19540,2,+90,+0.46,3669523,13522,10129,--3393,--6319,694236,519054,--175182,--325436,KRX
20240704,+19450,2,+190,+0.99,3031068,9711,12637,+2926,+6528,500027,650281,+150254,+336377,KRX
20240703,-19260,5,-70,-0.36,3217410,9431,5829,--3602,--3125,486561,300438,--186123,--163733,KRX
20240702,-19330,5,-620,-3.11,5001382,13673,13196,--477,+2279,701256,678866,--22390,+115490,KRX
20240701,-19950,5,-150,-0.75,3308069,12569,9813,--2756,--720,627885,490005,--137880,--36771,KRX
20240628,+20100,2,+210,+1.06,4460272,16361,14325,--2036,--3197,817703,716594,--101109,--158579,KRX
20240627,-19890,5,-510,-2.50,8053252,37468,38629,+1161,--578,1887981,1945451,+57470,--32124,KRX
20240626,-20400,5,-100,-0.49,3944738,12735,14474,+1739,--6620,622814,712408,+89594,--320944,KRX
20240625,-20500,5,-300,-1.44,4365817,9974,18333,+8359,+19349,487455,897993,+410538,+935616,KRX
20240624,-20800,5,-100,-0.48,5116277,21800,10810,--10990,+554,1043717,518639,--525078,+30803,KRX
20240621,+20900,2,+50,+0.24,6442943,28376,16832,--11544,--6562,1367912,812031,--555881,--321795,KRX
20240620,-20850,5,-300,-1.42,8196543,27511,22529,--4982,--33547,1311618,1077532,--234086,--1592295,KRX
20240619,+21150,2,+1430,+7.25,22507234,42019,70584,+28565,+24983,2031463,3389672,+1358209,+1174258,KRX
20240618,+19720,2,+40,+0.20,5968659,10970,14552,+3582,+10767,557627,741578,+183951,+548689,KRX
20240617,+19680,2,+20,+0.10,3791849,13549,6364,--7185,+2045,687303,322565,--364738,+102088,KRX
20240614,+19660,2,+140,+0.72,8012095,39626,30396,--9230,+1661,2006620,1539794,--466826,+77300,KRX
20240613,-19520,5,-480,-2.40,8249591,38183,27292,--10891,--22940,1926818,1382692,--544126,--1153830,KRX
20240612,+20000,2,+840,+4.38,13075043,24570,36619,+12049,+22787,1238911,1848615,+609704,+1157960,KRX
20240611,-19160,5,-290,-1.49,7737686,26833,16095,--10738,+1512,1377898,829642,--548256,+83268,KRX
20240610,+19450,2,+280,+1.46,8708921,31680,19430,--12250,--4055,1629332,997808,--631524,--208412,KRX
20240607,+19170,2,+50,+0.26,9572160,29713,21518,--8195,--10598,1532562,1109450,--423112,--556712,KRX
20240605,-19120,5,-80,-0.42,11131017,32270,34673,+2403,+13025,1687423,1821023,+133600,+684411,KRX
20240604,-19200,5,-1550,-7.47,22201157,66890,56268,--10622,--2590,3428871,2878060,--550811,--178209,KRX
20240603,-20750,5,-50,-0.24,10844092,40386,32354,--8032,--20782,1918959,1546357,--372602,--976376,KRX
20240531,+20800,2,+200,+0.97,23319880,81384,94134,+12750,+14115,3882123,4485897,+603774,+666642,KRX
20240530,-20600,5,-350,-1.67,13731664,42705,41340,--1365,--315,2073271,2010403,--62868,--36460,KRX
20240529,-20950,5,-850,-3.90,24131082,68527,67477,--1050,--32150,3213433,3187025,--26408,--1484631,KRX
20240528,+21800,2,+500,+2.35,40450557,111165,142265,+31100,--77835,5170407,6628630,+1458223,--3922508,KRX
20240527,+21300,2,+3040,+16.65,69376008,113723,222658,+108935,+106500,5498473,10879204,+5380731,+5251007,KRX
20240524,+18260,2,+140,+0.77,4634875,9186,11621,+2435,+4363,514951,644675,+129724,+236790,KRX
20240523,+18120,2,+60,+0.33,4907488,15753,13825,--1928,--11975,866932,759866,--107066,--658864,KRX
20240522,+18060,2,+350,+1.98,7405159,16941,26988,+10047,+3367,934944,1486742,+551798,+175932,KRX
20240521,-17710,5,-90,-0.51,2644936,6509,13189,+6680,+3152,365378,741244,+375866,+176611,KRX
20240520,-17800,5,-250,-1.39,4049716,11869,15397,+3528,--3357,663497,862752,+199255,--181197,KRX
20240517,-18050,5,-50,-0.28,4289283,9577,16462,+6885,--18378,528364,908816,+380452,--1016214,KRX
20240516,+18100,2,+430,+2.43,6900766,9305,34568,+25263,+21746,515185,1911851,+1396666,+1198598,KRX
20240514,-17670,5,-30,-0.17,2709021,6126,9643,+3517,--3757,346891,544959,+198068,--215908,KRX
20240513,+17700,2,+370,+2.14,3857620,6340,13614,+7274,+996,361314,775290,+413976,+54161,KRX
20240510,-17330,5,-310,-1.76,3452162,6725,13003,+6278,--4209,384404,744219,+359815,--233911,KRX
20240509,+17640,2,+290,+1.67,5610241,11499,21986,+10487,+1560,652250,1245976,+593726,+77094,KRX
20240508,+17350,2,+270,+1.58,4228373,9002,17929,+8927,--24380,523289,1039921,+516632,--1442677,KRX
20240507,+17080,2,+530,+3.20,4909006,3221,36528,+33307,+31136,190105,2149414,+1959309,+1827524,KRX
20240503,+16550,2,+50,+0.30,2742456,7477,9648,+2171,+6264,452210,583995,+131785,+379427,KRX
20240502,-16500,5,-300,-1.79,3091806,14294,10201,--4093,--10026,857621,609979,--247642,--599924,KRX
20240430,+16800,2,+10,+0.06,3357626,10728,16661,+5933,--526,639009,991291,+352282,--33195,KRX
20240429,+16790,2,+580,+3.58,4319136,8215,14674,+6459,+4099,491522,876999,+385477,+239334,KRX
20240426,+16210,2,+350,+2.21,2584334,4694,7054,+2360,+4142,291715,437858,+146143,+256637,KRX
20240425,+15860,2,+90,+0.57,4182658,11975,10193,--1782,--2865,746285,635791,--110494,--178261,KRX
20240424,+15770,2,+230,+1.48,2265827,7710,8793,+1083,+3683,490520,558287,+67767,+234360,KRX
20240423,-15540,5,-190,-1.21,2243428,8568,5968,--2600,--3460,550722,384129,--166593,--224974,KRX
20240422,+15730,2,+1040,+7.08,4363033,9253,10113,+860,+4948,600276,658657,+58381,+339260,KRX
20240419,-14690,5,-210,-1.41,2638314,11395,7307,--4088,--6288,781217,500338,--280879,--431095,KRX
20240418,+14900,2,+580,+4.05,2901014,7350,9550,+2200,+6019,495440,645656,+150216,+410040,KRX
20240417,-14320,5,-280,-1.92,2717485,11686,7867,--3819,--997,802899,543075,--259824,--69340,KRX
20240416,-14600,5,-520,-3.44,3657519,10132,7310,--2822,--2442,688332,497848,--190484,--167009,KRX
20240415,-15120,5,-190,-1.24,2081675,6587,6207,--380,--3550,433529,410054,--23475,--231700,KRX
20240412,+15310,2,+190,+1.26,3335803,8310,11480,+3170,+21278,546003,754228,+208225,+1386882,KRX
20240411,-15120,5,-1130,-6.95,9126279,30035,11927,--18108,--18494,1959849,781192,--1178657,--1202777,KRX
20240409,-16250,5,-300,-1.81,2301107,4804,5190,+386,--1745,293379,317499,+24120,--104474,KRX
20240408,-16550,5,-430,-2.53,2300795,4414,6545,+2131,+7044,264367,392961,+128594,+419607,KRX
20240405,+16980,2,+170,+1.01,2715731,10837,5924,--4913,--5340,642259,351246,--291013,--315892,KRX
20240404,+16810,2,+310,+1.88,2412736,8218,8645,+427,--1537,491854,516733,+24879,--93533,KRX
20240403,-16500,5,-280,-1.67,2499652,7586,9550,+1964,+3581,457931,576343,+118412,+207399,KRX
20240402,-16780,5,-490,-2.84,5075350,17272,15655,--1617,--1152,1023382,934395,--88987,--62485,KRX
20240401,+17270,2,+50,+0.29,2146515,4997,4532,--465,+2508,289474,262972,--26502,+145515,KRX
20240329,-17220,5,-300,-1.71,2524536,6704,3731,--2973,--799,387583,215566,--172017,--48047,KRX
20240328,+17520,2,+40,+0.23,4830265,13893,11719,--2174,+75,782512,658542,--123970,+5196,KRX
20240327,+17480,2,+270,+1.57,3863061,10166,7917,--2249,--9898,585424,456258,--129166,--575674,KRX
20240326,-17210,5,-90,-0.52,4156582,8216,15865,+7649,+5547,476676,923184,+446508,+327563,KRX
20240325,-17300,5,-590,-3.30,4860054,10550,12652,+2102,--2798,604393,723338,+118945,--152743,KRX
20240322,-17890,5,-180,-1.00,3747422,5569,10469,+4900,--12017,309826,581514,+271688,--670680,KRX
20240321,+18070,2,+330,+1.86,5160145,7811,24728,+16917,+10423,435999,1378367,+942368,+572929,KRX
20240320,-17740,5,-100,-0.56,6722040,13451,19945,+6494,+26914,768897,1138336,+369439,+1490699,KRX
20240319,-17840,5,-20,-0.11,12722844,46846,26426,--20420,--17619,2559389,1438129,--1121260,--965785,KRX
20240318,-17860,5,-120,-0.67,3999193,12521,9720,--2801,+4967,698026,542551,--155475,+271038,KRX
20240315,-17980,5,-250,-1.37,8533585,34738,26970,--7768,--54131,1925127,1498614,--426513,--2965040,KRX
20240314,+18230,2,+750,+4.29,18288130,30243,76606,+46363,+27453,1668551,4207078,+2538527,+1467253,KRX
20240313,+17480,2,+450,+2.64,14079981,28200,47110,+18910,+24166,1617091,2688365,+1071274,+1387050,KRX
20240312,+17030,2,+310,+1.85,8074010,25009,19753,--5256,--44525,1486028,1170252,--315776,--2633283,KRX
20240311,+16720,2,+860,+5.42,22523304,30639,69908,+39269,+34905,1811764,4129271,+2317507,+2039287,KRX
20240308,+15860,2,+280,+1.80,2084140,4135,8499,+4364,+4472,264139,542359,+278220,+285586,KRX
20240307,-15580,5,-50,-0.32,1401354,4073,3965,--108,+313,262193,254827,--7366,+20007,KRX
20240306,+15630,2,+170,+1.10,1752227,4541,4120,--421,+3534,292264,264891,--27373,+226044,KRX
20240305,-15460,5,-310,-1.97,2319953,6696,2741,--3955,+8196,428438,175021,--253417,+508849,KRX
20240304,-15770,5,-470,-2.89,3110647,15267,3116,--12151,--13999,955782,193516,--762266,--876107,KRX
20240229,+16240,2,+100,+0.62,2035766,9291,11139,+1848,--876,573841,687682,+113841,--55388,KRX
20240228,+16140,2,+180,+1.13,1681722,2977,5701,+2724,+714,185291,354520,+169229,+45451,KRX
20240227,-15960,5,-170,-1.05,2117223,6252,8262,+2010,+5353,388590,512368,+123778,+330137,KRX
20240226,-16130,5,-220,-1.35,2244025,8974,5631,--3343,--3381,551684,345325,--206359,--211435,KRX
20240223,+16350,2,+50,+0.31,4013239,10298,10336,+38,--5751,625547,630623,+5076,--347265,KRX
20240222,+16300,2,+330,+2.07,6214676,8217,14006,+5789,--10091,508561,860902,+352341,--648436,KRX
20240221,+15970,2,+430,+2.77,4448086,5442,21322,+15880,+12994,342657,1343434,+1000777,+814291,KRX
20240220,-15540,5,-90,-0.58,1828555,4351,7237,+2886,--4961,280365,466851,+186486,--317415,KRX
20240219,+15630,2,+260,+1.69,2066654,2580,10427,+7847,+6814,166386,670287,+503901,+437000,KRX
20240216,-15370,5,-20,-0.13,1438734,2946,3979,+1033,+510,191524,258425,+66901,+33916,KRX
20240215,+15390,2,+30,+0.20,1518495,4226,4749,+523,+2314,273876,306861,+32985,+149607,KRX
20240214,-15360,5,-260,-1.66,1559104,4709,2918,--1791,--3100,306582,189960,--116622,--199929,KRX
20240213,15620,3,0,0.00,1614544,4440,5749,+1309,--5876,283832,367139,+83307,--378506,KRX
20240208,+15620,2,+380,+2.49,2392223,5769,12954,+7185,+3871,370869,832682,+461813,+245218,KRX
20240207,-15240,5,-80,-0.52,1694519,3872,7186,+3314,+988,252881,469476,+216595,+64767,KRX
20240206,-15320,5,-50,-0.33,1409909,4357,6683,+2326,+18467,284004,435832,+151828,+1193000,KRX
20240205,-15370,5,-630,-3.94,3312720,21361,5220,--16141,--39735,1379253,338081,--1041172,--2526822,KRX
20240202,+16000,2,+620,+4.03,5846733,5090,28684,+23594,+22502,325391,1811041,+1485650,+1415109,KRX
20240201,-15380,5,-60,-0.39,1935366,8509,9601,+1092,--8807,554819,625360,+70541,--574187,KRX
20240131,+15440,2,+410,+2.73,3684053,33566,43465,+9899,+9338,2180533,2825261,+644728,+609820,KRX
20240130,-15030,5,-290,-1.89,1877476,7866,8427,+561,--5902,517229,552137,+34908,--383832,KRX
20240129,+15320,2,+150,+0.99,2313980,4787,11250,+6463,--5763,310620,729360,+418740,--387777,KRX
20240126,+15170,2,+300,+2.02,2122184,3537,15763,+12226,+8748,234050,1040567,+806517,+573098,KRX
20240125,+14870,2,+10,+0.07,2985230,8847,12325,+3478,+2092,606857,840276,+233419,+140418,KRX
20240124,-14860,5,-140,-0.93,1197281,2500,3886,+1386,--3211,168026,261027,+93001,--212483,KRX
20240123,-15000,5,-10,-0.07,1248628,1771,6368,+4597,+5348,117822,423306,+305484,+355165,KRX
20240122,-15010,5,-120,-0.79,1287642,3498,2747,--751,--5098,232101,182420,--49681,--338615,KRX
20240119,+15130,2,+350,+2.37,1636362,3174,7521,+4347,+2922,210745,499679,+288934,+193309,KRX
20240118,+14780,2,+210,+1.44,1941646,7571,8996,+1425,+8679,511221,606846,+95625,+585694,KRX
20240117,-14570,5,-660,-4.33,2935031,14366,7112,--7254,--7341,971974,481905,--490069,--495853,KRX
20240116,-15230,5,-90,-0.59,1531386,4291,4378,+87,--1920,282053,287837,+5784,--126293,KRX
20240115,+15320,2,+260,+1.73,1318881,1725,3732,+2007,+3346,113234,245311,+132077,+220317,KRX
20240112,-15060,5,-90,-0.59,1704650,5395,4056,--1339,--2335,356334,268094,--88240,--151542,KRX
20240111,-15150,5,-40,-0.26,1719484,6984,7980,+996,+3844,458399,521701,+63302,+248792,KRX
20240110,-15190,5,-390,-2.50,2340544,6037,3189,--2848,--5346,393913,208423,--185490,--344807,KRX
20240109,+15580,2,+20,+0.13,1259097,2027,4525,+2498,+2750,129808,289125,+159317,+176148,KRX
20240108,15560,3,0,0.00,1581709,4658,4406,--252,--1275,298823,281992,--16831,--82188,KRX
20240105,-15560,5,-10,-0.06,1539993,3371,4394,+1023,+2418,215500,280857,+65357,+155039,KRX
20240104,-15570,5,-30,-0.19,1514733,5624,4229,--1395,+8328,361215,271533,--89682,+528638,KRX
20240103,-15600,5,-410,-2.56,2191181,13183,3460,--9723,--11407,838450,220130,--618320,--723545,KRX
20240102,+16010,2,+110,+0.69,2109268,6307,7991,+1684,--9208,397536,502761,+105225,--583308,KRX
20231228,+15900,2,+260,+1.66,2335589,4324,15216,+10892,+8113,272517,961050,+688533,+509775,KRX
20231227,+15640,2,+220,+1.43,1567855,2667,5446,+2779,--6099,172269,351027,+178758,--394754,KRX
20231226,-15420,5,-90,-0.58,2084693,1547,10425,+8878,+3779,99732,673244,+573512,+245194,KRX
20231222,-15510,5,-40,-0.26,1671315,1234,6333,+5099,+7928,79395,407713,+328318,+508595,KRX
20231221,-15550,5,-360,-2.26,2524263,7036,4207,--2829,--14981,450091,269814,--180277,--944519,KRX
20231220,+15910,2,+230,+1.47,2253632,2657,14809,+12152,+8512,167146,931388,+764242,+531899,KRX
20231219,-15680,5,-70,-0.44,1562940,2198,5838,+3640,+3452,140389,372732,+232343,+220419,KRX
20231218,-15750,5,-160,-1.01,1443735,4360,4548,+188,--7023,276575,288499,+11924,--442301,KRX
20231215,+15910,2,+70,+0.44,2139101,8132,15343,+7211,--5412,511548,965773,+454225,--346284,KRX
20231214,+15840,2,+390,+2.52,2730039,7601,20224,+12623,+11716,480674,1281183,+800509,+742334,KRX
20231213,-15450,5,-350,-2.22,1851766,3237,4144,+907,--4156,207852,266027,+58175,--262010,KRX
20231212,+15800,2,+290,+1.87,2277725,2667,7730,+5063,+1625,168838,489023,+320185,+98452,KRX
20231211,-15510,5,-210,-1.34,2764922,4186,7624,+3438,+1872,271732,493465,+221733,+123608,KRX
20231208,-15720,5,-170,-1.07,2014425,3565,5131,+1566,+1494,225546,323671,+98125,+94645,KRX
20231207,-15890,5,-60,-0.38,2155438,5339,5411,+72,--679,339237,342717,+3480,--42039,KRX
20231206,+15950,2,+50,+0.31,3611870,7503,8254,+751,--12787,468235,513754,+45519,--805769,KRX
20231205,+15900,2,+290,+1.86,5270726,4913,18451,+13538,+1757,309405,1160693,+851288,+96892,KRX
20231204,+15610,2,+340,+2.23,3099825,3673,15454,+11781,+11615,235932,990328,+754396,+743618,KRX
20231201,-15270,5,-530,-3.35,2260691,7243,7409,+166,--12986,472985,483763,+10778,--835488,KRX
20231130,+15800,2,+730,+4.84,3705112,18407,31559,+13152,+11658,1185940,2032206,+846266,+746531,KRX
20231129,-15070,5,-190,-1.25,1786131,4134,5628,+1494,--2616,274482,374217,+99735,--170429,KRX
20231128,+15260,2,+300,+2.01,2643879,4695,8805,+4110,--61,308183,578347,+270164,--8860,KRX
20231127,-14960,5,-60,-0.40,1661963,1798,5969,+4171,+224,120051,399075,+279024,+17109,KRX
20231124,+15020,2,+80,+0.54,1703946,3377,7324,+3947,--6003,224746,486661,+261915,--405037,KRX
20231123,+14940,2,+330,+2.26,3026285,2730,12680,+9950,+9385,182940,849892,+666952,+628232,KRX
20231122,-14610,5,-80,-0.54,1688901,4820,5385,+565,--3426,330042,368762,+38720,--232361,KRX
20231121,+14690,2,+10,+0.07,2008313,5292,9283,+3991,--1066,360013,631094,+271081,--73941,KRX
20231120,+14680,2,+290,+2.02,1707728,2969,8026,+5057,+6734,203676,548698,+345022,+461604,KRX
20231117,-14390,5,-210,-1.44,1386982,5404,3727,--1677,--3340,374596,258014,--116582,--230501,KRX
20231116,-14600,5,-60,-0.41,1614014,3803,5466,+1663,--5836,260038,373957,+113919,--400339,KRX
20231115,+14660,2,+450,+3.17,2557703,4923,12422,+7499,+2979,338743,853001,+514258,+191734,KRX
20231114,+14210,2,+490,+3.57,1811655,1082,5602,+4520,+5200,76957,399481,+322524,+372048,KRX
20231113,-13720,5,-120,-0.87,1697288,4292,3612,--680,--2318,311990,262466,--49524,--167665,KRX
20231110,-13840,5,-270,-1.91,1636104,2244,3882,+1638,+2972,162176,280317,+118141,+212454,KRX
20231109,-14110,5,-440,-3.02,3451251,8605,7271,--1334,+150,608916,514603,--94313,+7954,KRX
20231108,-14550,5,-30,-0.21,2276346,5863,4379,--1484,--1168,401430,299163,--102267,--77639,KRX
20231107,-14580,5,-420,-2.80,3590867,11006,10690,--316,--8842,754960,730332,--24628,--603212,KRX
20231106,+15000,2,+1020,+7.30,5270912,8950,17476,+8526,+13482,610471,1189055,+578584,+935765,KRX
20231103,+13980,2,+70,+0.50,2417312,11773,6817,--4956,--3903,846136,488955,--357181,--282631,KRX
20231102,+13910,2,+450,+3.34,2901997,7603,6550,--1053,--1433,547220,472670,--74550,--101956,KRX
20231101,+13460,2,+40,+0.30,1675872,4869,5249,+380,+4478,360135,387541,+27406,+325423,KRX
20231031,-13420,5,-360,-2.61,2783847,11885,7787,--4098,--6486,876387,578370,--298017,--472565,KRX
20231030,+13780,2,+200,+1.47,1976907,5747,8135,+2388,--581,421290,595838,+174548,--42697,KRX
20231027,-13580,5,-50,-0.37,2140230,4488,7457,+2969,+7449,329044,546289,+217245,+543689,KRX
20231026,-13630,5,-430,-3.06,2597308,10287,5807,--4480,--5789,750746,424302,--326444,--419194,KRX
20231025,+14060,2,+10,+0.07,1728852,4727,6036,+1309,+22,336516,429266,+92750,--1171,KRX
20231024,+14050,2,+190,+1.37,2718220,7552,8839,+1287,+1940,547762,641683,+93921,+141225,KRX
20231023,+13860,2,+30,+0.22,2164663,7728,7075,--653,--2650,556780,509476,--47304,--191145,KRX
20231020,-13830,5,-200,-1.43,3044333,7050,9047,+1997,+5681,508289,652130,+143841,+405079,KRX
20231019,-14030,5,-390,-2.70,3101406,11811,8127,--3684,--6055,838480,577242,--261238,--425452,KRX
20231018,+14420,2,+150,+1.05,2341923,7490,9861,+2371,+840,519847,684061,+164214,+60426,KRX
20231017,-14270,5,-20,-0.14,3452233,9322,10853,+1531,--7208,646595,750383,+103788,--507154,KRX
20231016,-14290,5,-240,-1.65,3670542,5394,14133,+8739,+19316,376120,987062,+610942,+1319046,KRX
20231013,-14530,5,-600,-3.97,7824978,23131,12554,--10577,--7288,1567026,858922,--708104,--491656,KRX
20231012,-15130,5,-80,-0.53,4094298,14789,11500,--3289,--8348,977181,760733,--216448,--549402,KRX
20231011,+15210,2,+410,+2.77,3159069,8615,13674,+5059,+14693,569190,902144,+332954,+973094,KRX
20231010,-14800,5,-640,-4.15,6464477,26387,16753,--9634,--2464,1754947,1114807,--640140,--176200,KRX
20231006,-15440,5,-90,-0.58,2209136,10008,2838,--7170,--597,647348,183408,--463940,--46175,KRX
20231005,-15530,5,-240,-1.52,3060416,13591,7018,--6573,+11410,864340,446575,--417765,+707549,KRX
20231004,-15770,5,-660,-4.02,4253850,26621,8638,--17983,--13308,1663954,538640,--1125314,--839499,KRX
20230927,+16430,2,+100,+0.61,2166027,10075,5400,--4675,+7702,616155,330340,--285815,+468199,KRX
20230926,-16330,5,-220,-1.33,3017727,17690,5313,--12377,--4788,1076548,322534,--754014,--295275,KRX
20230925,-16550,5,-120,-0.72,2921505,14653,7064,--7589,+1334,885123,426384,--458739,+73857,KRX
20230922,-16670,5,-170,-1.01,3567261,16961,8038,--8923,--203,1013158,480562,--532596,--18713,KRX
20230921,-16840,5,-220,-1.29,4370886,16396,7676,--8720,+31680,965382,451499,--513883,+1828233,KRX
20230920,-17060,5,-840,-4.69,6875625,45047,4647,--40400,--70614,2611899,269783,--2342116,--4027041,KRX
20230919,+17900,2,+880,+5.17,17114186,38983,69197,+30214,+33395,2198052,3882977,+1684925,+1870552,KRX
20230918,-17020,5,-150,-0.87,2142331,6537,3356,--3181,--9508,381570,195943,--185627,--554626,KRX
20230915,+17170,2,+150,+0.88,2925758,11199,17526,+6327,+9493,653997,1022996,+368999,+554874,KRX
20230914,+17020,2,+110,+0.65,2531644,15708,12542,--3166,--788,925888,740013,--185875,--42885,KRX
20230913,+16910,2,+140,+0.83,2985320,13151,10773,--2378,+15077,782362,639372,--142990,+890750,KRX
20230912,-16770,5,-450,-2.61,4082563,23109,5654,--17455,--21527,1369010,335270,--1033740,--1266852,KRX
20230911,+17220,2,+370,+2.20,8021543,20683,24755,+4072,+11791,1191703,1424815,+233112,+694826,KRX
20230908,+16850,2,+190,+1.14,2658948,15997,8278,--7719,+3202,955570,493856,--461714,+194795,KRX
20230907,+16660,2,+50,+0.30,3142247,20306,9385,--10921,+7078,1220608,564099,--656509,+416268,KRX
20230906,-16610,5,-360,-2.12,4131111,23626,5627,--17999,--10337,1409178,336401,--1072777,--622100,KRX
20230905,-16970,5,-220,-1.28,3644463,16895,9233,--7662,--593,994130,543453,--450677,--42323,KRX
20230904,-17190,5,-280,-1.60,4217999,19400,12331,--7069,--2317,1120045,711691,--408354,--132095,KRX
20230901,-17470,5,-750,-4.12,9137701,35450,30698,--4752,--54169,1976330,1700071,--276259,--2970422,KRX
20230831,+18220,2,+470,+2.65,17523405,64209,113626,+49417,+14994,3518349,6212512,+2694163,+750531,KRX
20230830,+17750,2,+390,+2.25,5876303,4702,39125,+34423,+21331,266805,2210437,+1943632,+1189653,KRX
20230829,+17360,2,+190,+1.11,3520744,5270,18362,+13092,--606,305044,1059023,+753979,--44958,KRX
20230828,+17170,2,+470,+2.81,5669524,12716,26414,+13698,+9661,742598,1541535,+798937,+556100,KRX
20230825,+16700,2,+130,+0.78,2370322,4978,9015,+4037,+7507,299105,541942,+242837,+457576,KRX
20230824,+16570,2,+190,+1.16,3075005,16127,12657,--3470,--10446,981359,766620,--214739,--636305,KRX
20230823,+16380,2,+390,+2.44,5050867,13903,20879,+6976,+6086,845393,1266959,+421566,+366803,KRX
20230822,-15990,5,-30,-0.19,2318700,8397,9287,+890,+489,524819,579582,+54763,+30471,KRX
20230821,16020,3,0,0.00,2066185,8088,8489,+401,+4870,503122,527414,+24292,+304140,KRX
20230818,-16020,5,-230,-1.42,2713901,12686,8217,--4469,--3793,792284,512436,--279848,--236474,KRX
20230817,-16250,5,-60,-0.37,3587408,11818,11142,--676,--4454,733445,690071,--43374,--272916,KRX
20230816,-16310,5,-300,-1.81,2911073,7427,11205,+3778,+12398,452761,682303,+229542,+746288,KRX
20230814,-16610,5,-320,-1.89,3222873,14929,6309,--8620,--9037,892807,376061,--516746,--540513,KRX
20230811,+16930,2,+50,+0.30,2143319,8231,8648,+417,+1629,486429,510196,+23767,+95608,KRX
20230810,-16880,5,-120,-0.71,2426479,8933,7721,--1212,--2561,527998,456157,--71841,--150115,KRX
20230809,+17000,2,+240,+1.43,2682800,8103,9452,+1349,+1678,481221,559495,+78274,+99325,KRX
20230808,-16760,5,-40,-0.24,2897858,8579,8250,--329,+8340,509984,488933,--21051,+492129,KRX
20230807,-16800,5,-120,-0.71,3702972,16211,7542,--8669,--7581,957596,444416,--513180,--447985,KRX
20230804,-16920,5,-50,-0.29,3665049,11453,10365,--1088,+22470,677058,611863,--65195,+1301868,KRX
20230803,-16970,5,-720,-4.07,6967040,33925,10367,--23558,--43101,1973083,606020,--1367063,--2451196,KRX
20230802,+17690,2,+190,+1.09,10983837,22894,42437,+19543,+17659,1281497,2365630,+1084133,+977607,KRX
20230801,+17500,2,+10,+0.06,3702874,9286,11170,+1884,+14726,530702,637228,+106526,+840332,KRX
20230731,+17490,2,+10,+0.06,5780632,31992,19150,--12842,--16102,1824873,1091067,--733806,--921823,KRX
20230728,+17480,2,+620,+3.68,5137810,14015,17275,+3260,--626,820256,1008273,+188017,--38316,KRX
20230727,+16860,2,+140,+0.84,4696296,16941,20827,+3886,+30246,997788,1224121,+226333,+1778316,KRX
20230726,-16720,5,-990,-5.59,10079108,45986,19626,--26360,--39618,2718464,1166481,--1551983,--2302299,KRX
20230725,+17710,2,+430,+2.49,5707891,10401,23659,+13258,+5792,592699,1343015,+750316,+316680,KRX
20230724,-17280,5,-90,-0.52,4077810,6881,14347,+7466,+8501,399526,833162,+433636,+493734,KRX
20230721,-17370,5,-200,-1.14,3059896,10721,9686,--1035,+1713,617002,556904,--60098,+97758,KRX
20230720,-17570,5,-100,-0.57,2853528,8588,5840,--2748,+1068,491748,333892,--157856,+61334,KRX
20230719,+17670,2,+320,+1.84,4079456,15555,11739,--3816,+7244,889324,670134,--219190,+414121,KRX
20230718,-17350,5,-250,-1.42,4769079,20150,9090,--11060,+3086,1154678,521367,--633311,+164926,KRX
20230717,-17600,5,-290,-1.62,5080681,24655,10509,--14146,+46345,1392531,594294,--798237,+2530625,KRX
20230714,-17890,5,-1170,-6.14,12639660,73811,13320,--60491,--59725,4064219,735357,--3328862,--3288069,KRX
20230713,+19060,2,+670,+3.64,8868816,25653,24887,--766,+11986,1368244,1327451,--40793,+643615,KRX
20230712,-18390,5,-460,-2.44,7333258,29768,17016,--12752,--36461,1600073,915665,--684408,--1950746,KRX
20230711,+18850,2,+1120,+6.32,12449251,21206,44915,+23709,+21300,1148857,2415195,+1266338,+1130802,KRX
20230710,+17730,2,+330,+1.90,4260814,10796,13205,+2409,+2024,607195,742731,+135536,+113396,KRX
20230707,17400,3,0,0.00,3739076,11814,12199,+385,+1396,679779,701919,+22140,+80318,KRX
20230706,-17400,5,-340,-1.92,4432982,17924,16913,--1011,--374,1025169,966991,--58178,--20762,KRX
20230705,-17740,5,-180,-1.00,4161144,14999,14362,--637,--1072,841567,804151,--37416,--61320,KRX
20230704,-17920,5,-180,-0.99,3546173,11981,12416,+435,+6783,667816,691720,+23904,+377147,KRX
20230703,-18100,5,-10,-0.06,3281662,14786,8438,--6348,--9835,819834,466591,--353243,--546083,KRX
20230630,+18110,2,+360,+2.03,3431001,14270,17757,+3487,+2231,791235,984075,+192840,+120894,KRX
20230629,-17750,5,-250,-1.39,3398202,11126,12382,+1256,+10977,621619,693565,+71946,+608268,KRX
20230628,-18000,5,-230,-1.26,3466874,15377,5656,--9721,--11251,848809,312487,--536322,--620644,KRX
20230627,+18230,2,+440,+2.47,5005256,16885,18415,+1530,--1083,932232,1016554,+84322,--63243,KRX
20230626,-17790,5,-320,-1.77,5166894,16813,19426,+2613,--6256,943753,1091318,+147565,--341665,KRX
20230623,+18110,2,+100,+0.56,5520005,18072,26941,+8869,+18148,994806,1484036,+489230,+977252,KRX
20230622,-18010,5,-1260,-6.54,13508101,39879,30600,--9279,--20496,2160479,1672457,--488022,--1067145,KRX
20230621,19270,3,0,0.00,7437770,17977,29194,+11217,+8966,928035,1507158,+579123,+468415,KRX
20230620,-19270,5,-10,-0.05,15170674,39876,42127,+2251,+2210,2030266,2140974,+110708,+109174,KRX
20230619,+19280,2,+10,+0.05,6161779,18573,18614,+41,--35488,967379,968913,+1534,--1862774,KRX
20230616,+19270,2,+520,+2.77,9271007,15238,50767,+35529,+26675,799491,2663799,+1864308,+1394903,KRX
20230615,18750,3,0,0.00,6261737,17016,25870,+8854,--2853,903998,1373403,+469405,--157178,KRX
20230614,-18750,5,-120,-0.64,6886391,17364,29071,+11707,--15649,926197,1552780,+626583,--820466,KRX
20230613,+18870,2,+430,+2.33,11632474,23287,50643,+27356,+14586,1233048,2680097,+1447049,+752529,KRX
20230612,-18440,5,-530,-2.79,13980557,38250,51020,+12770,--124745,2076423,2770943,+694520,--6638793,KRX
20230609,+18970,2,+1060,+5.92,21807559,27624,165139,+137515,+103313,1487340,8820653,+7333313,+5416196,KRX
20230608,+17910,2,+510,+2.93,8344601,16935,51137,+34202,+13769,948649,2865766,+1917117,+737927,KRX
20230607,+17400,2,+450,+2.65,6632297,11054,31487,+20433,--267,640159,1819349,+1179190,--54468,KRX
20230605,+16950,2,+510,+3.10,5109308,5520,26220,+20700,+10885,328765,1562423,+1233658,+636384,KRX
20230602,+16440,2,+240,+1.48,3337794,6839,16654,+9815,+7580,418197,1015471,+597274,+461511,KRX
20230601,+16200,2,+120,+0.75,3553945,12051,14286,+2235,+4256,744562,880325,+135763,+260824,KRX
20230531,+16080,2,+20,+0.12,4768120,43896,41875,--2021,--4813,2733185,2608124,--125061,--297689,KRX
20230530,+16060,2,+60,+0.38,3003648,7457,10249,+2792,--44,464581,637209,+172628,--4431,KRX
20230526,-16000,5,-160,-0.99,2667363,6093,8929,+2836,--685,379380,556439,+177059,--37611,KRX
20230525,-16160,5,-210,-1.28,2823124,7370,10891,+3521,--1119,453586,668256,+214670,--67891,KRX
20230524,-16370,5,-40,-0.24,2876212,8768,13408,+4640,+1856,536151,818712,+282561,+112510,KRX
20230523,+16410,2,+30,+0.18,2635166,5827,8611,+2784,+316,355554,525605,+170051,+21506,KRX
20230522,+16380,2,+330,+2.06,5867434,16243,18711,+2468,--1849,989215,1137760,+148545,--121237,KRX
20230519,+16050,2,+270,+1.71,3664969,6372,10689,+4317,+4602,400749,670531,+269782,+290366,KRX
20230518,+15780,2,+10,+0.06,3108159,10052,9767,--285,+8974,639877,619293,--20584,+566148,KRX
20230517,-15770,5,-50,-0.32,3662141,17450,8191,--9259,--6256,1101162,514430,--586732,--394439,KRX
20230516,+15820,2,+440,+2.86,6090991,21737,18734,--3003,+4315,1374254,1181961,--192293,+284749,KRX
20230515,+15380,2,+240,+1.59,3569530,15930,8612,--7318,+558,1040718,563676,--477042,+41546,KRX
20230512,-15140,5,-190,-1.24,3518129,16381,8505,--7876,+141,1079530,560942,--518588,+2268,KRX
20230511,-15330,5,-30,-0.20,3668960,17993,9976,--8017,+3998,1167163,646307,--520856,+254538,KRX
20230510,-15360,5,-180,-1.16,3872476,18213,6198,--12015,--300,1176246,400852,--775394,--24580,KRX
20230509,-15540,5,-270,-1.71,3899445,18155,6440,--11715,+2281,1164274,413460,--750814,+130265,KRX
20230508,15810,3,0,0.00,3558213,18406,4410,--13996,--292,1158797,277718,--881079,--16537,KRX
20230504,+15810,2,+240,+1.54,6676920,28331,14627,--13704,+3953,1784467,919925,--864542,+251195,KRX
20230503,-15570,5,-560,-3.47,8122231,29701,12044,--17657,--182,1882062,766325,--1115737,--41635,KRX
20230502,-16130,5,-560,-3.36,8497929,34879,17404,--17475,--20172,2144903,1070801,--1074102,--1239671,KRX
20230428,-16690,5,-240,-1.42,7092891,23586,26283,+2697,--6071,1394472,1560041,+165569,--352821,KRX
20230427,-16930,5,-170,-0.99,6525535,17683,26451,+8768,+30436,1042164,1560554,+518390,+1763775,KRX
20230426,-17100,5,-1000,-5.52,9133999,43657,21989,--21668,--7027,2512249,1266864,--1245385,--437690,KRX
20230425,+18100,2,+20,+0.11,8874845,40063,25422,--14641,--11233,2192862,1385167,--807695,--622065,KRX
20230424,-18080,5,-330,-1.79,5888901,24631,21223,--3408,--8675,1347217,1161587,--185630,--471282,KRX
20230421,+18410,2,+40,+0.22,5970460,17717,22984,+5267,+36,962763,1248415,+285652,--2322,KRX
20230420,-18370,5,-170,-0.92,7734047,24758,29989,+5231,--6956,1323556,1611530,+287974,--371432,KRX
20230419,-18540,5,-100,-0.54,7611256,16846,29033,+12187,+18267,898913,1558319,+659406,+982353,KRX
20230418,-18640,5,-660,-3.42,11148031,38383,32303,--6080,--44514,2037137,1714190,--322947,--2339489,KRX
20230417,+19300,2,+1220,+6.75,23326779,42109,80543,+38434,+22114,2219883,4236425,+2016542,+1114824,KRX
20230414,+18080,2,+220,+1.23,8155956,12860,29180,+16320,+13104,715331,1617049,+901718,+721943,KRX
20230413,+17860,2,+160,+0.90,6339687,19809,23025,+3216,--29254,1113217,1292992,+179775,--1668042,KRX
20230412,+17700,2,+730,+4.30,12799902,18476,50946,+32470,+21049,1049287,2897104,+1847817,+1179296,KRX
20230411,+16970,2,+220,+1.31,5106654,10834,22255,+11421,+1794,641584,1310105,+668521,+96781,KRX
20230410,-16750,5,-80,-0.48,5000474,10409,20036,+9627,+17421,626827,1198567,+571740,+1033467,KRX
20230407,-16830,5,-220,-1.29,4015924,15641,7847,--7794,--13320,924266,462539,--461727,--782812,KRX
20230406,+17050,2,+70,+0.41,5869627,10483,16009,+5526,--939,611302,932387,+321085,--56459,KRX
20230405,-16980,5,-300,-1.74,6849792,12348,18813,+6465,--5008,731149,1108693,+377544,--282329,KRX
20230404,+17280,2,+220,+1.29,5979172,11196,22669,+11473,+12415,648496,1308369,+659873,+717785,KRX
20230403,+17060,2,+60,+0.35,5999794,16916,15974,--942,--17425,994130,936218,--57912,--1036123,KRX
20230331,+17000,2,+650,+3.98,10667172,19074,35557,+16483,+31170,1134899,2113110,+978211,+1872418,KRX
20230330,-16350,5,-300,-1.80,6071505,27459,12772,--14687,--4599,1671245,777038,--894207,--272624,KRX
20230329,+16650,2,+550,+3.42,7640751,26095,16007,--10088,--6906,1594947,973364,--621583,--422130,KRX
20230328,+16100,2,+150,+0.94,3746813,10998,7816,--3182,+8831,687843,488390,--199453,+553162,KRX
20230327,-15950,5,-350,-2.15,4820797,19264,7251,--12013,+4280,1206986,454371,--752615,+244884,KRX
20230324,+16300,2,+170,+1.05,6524954,26992,10699,--16293,--11078,1648464,650965,--997499,--676163,KRX
20230323,-16130,5,-380,-2.30,5722913,17562,12347,--5215,+4229,1083133,761797,--321336,+247798,KRX
20230322,-16510,5,-240,-1.43,4702727,16320,6876,--9444,--2401,982646,413512,--569134,--151381,KRX
20230321,-16750,5,-270,-1.59,4084065,15263,8220,--7043,--3699,906382,488629,--417753,--223928,KRX
20230320,-17020,5,-70,-0.41,4221727,11028,7684,--3344,--3761,643841,450016,--193825,--219488,KRX
20230317,-17090,5,-270,-1.56,4404664,13989,14406,+417,+10196,813504,839167,+25663,+587398,KRX
20230316,-17360,5,-330,-1.87,5005319,21054,11275,--9779,--19114,1209808,648073,--561735,--1099022,KRX
20230315,+17690,2,+910,+5.42,8767717,15444,24779,+9335,+6347,879252,1416539,+537287,+361934,KRX
20230314,-16780,5,-1030,-5.78,8669240,23467,26455,+2988,+1589,1364379,1539732,+175353,+96874,KRX
20230313,-17810,5,-80,-0.45,6962135,23536,24935,+1399,+11310,1329716,1408195,+78479,+624459,KRX
20230310,-17890,5,-250,-1.38,10207127,32874,22963,--9911,--23206,1824047,1278067,--545980,--1292381,KRX
20230309,+18140,2,+1010,+5.90,25659871,55533,68828,+13295,+17190,3087625,3834026,+746401,+975415,KRX
20230308,+17130,2,+290,+1.72,8722695,26130,22235,--3895,--8861,1536024,1307010,--229014,--521522,KRX
20230307,-16840,5,-50,-0.30,4017290,8648,13614,+4966,--5499,513798,806306,+292508,--328213,KRX
20230306,+16890,2,+170,+1.02,5199228,12203,22668,+10465,+6019,725206,1345927,+620721,+360028,KRX
20230303,+16720,2,+140,+0.84,5530314,15173,19619,+4446,--14505,920224,1180917,+260693,--887296,KRX
20230302,+16580,2,+320,+1.97,5444938,9614,28565,+18951,+20848,583002,1730991,+1147989,+1265962,KRX
20230228,16260,3,0,0.00,3788123,17712,15815,--1897,--5068,1083362,965389,--117973,--312974,KRX
20230227,-16260,5,-60,-0.37,2645855,5307,8478,+3171,+2170,326103,521104,+195001,+136669,KRX
20230224,-16320,5,-10,-0.06,4298766,11635,12636,+1001,--3660,708799,767131,+58332,--227868,KRX
20230223,+16330,2,+100,+0.62,3445835,7899,12560,+4661,--3264,487564,773764,+286200,--200698,KRX
20230222,+16230,2,+30,+0.19,4564945,10180,18105,+7925,--6519,630589,1117487,+486898,--409333,KRX
20230221,+16200,2,+480,+3.05,5130282,10423,24867,+14444,+9711,648234,1544465,+896231,+594916,KRX
20230220,+15720,2,+250,+1.62,2891928,5935,10668,+4733,--2299,380197,681512,+301315,--153144,KRX
20230217,15470,3,0,0.00,2271405,4305,11337,+7032,+3986,278518,732977,+454459,+258402,KRX
20230216,+15470,2,+150,+0.98,2673879,6449,9495,+3046,+17451,416240,612297,+196057,+1123009,KRX
20230215,-15320,5,-640,-4.01,4650959,20568,6163,--14405,--24673,1323106,396154,--926952,--1570591,KRX
20230214,+15960,2,+240,+1.53,2766498,5199,15467,+10268,+7672,325988,969627,+643639,+480172,KRX
20230213,+15720,2,+70,+0.45,2636363,7006,9602,+2596,+3353,445173,608640,+163467,+211403,KRX
20230210,-15650,5,-230,-1.45,3276002,8666,7909,--757,+2517,552540,504604,--47936,+157587,KRX
20230209,-15880,5,-210,-1.31,2419606,7039,3765,--3274,--11390,442268,236745,--205523,--710044,KRX
20230208,+16090,2,+380,+2.42,3679734,8456,16572,+8116,+15742,527209,1031730,+504521,+986990,KRX
20230207,-15710,5,-130,-0.82,3766903,14403,6777,--7626,+2912,912352,429883,--482469,+173549,KRX
20230206,-15840,5,-660,-4.00,4853484,17583,7045,--10538,--9912,1094352,438334,--656018,--617751,KRX
20230203,-16500,5,-100,-0.60,2696530,7874,7248,--626,--2916,476078,437811,--38267,--174976,KRX
20230202,+16600,2,+70,+0.42,3154847,6680,8970,+2290,+12259,403394,540103,+136709,+738278,KRX
20230201,-16530,5,-170,-1.02,3314405,15611,5642,--9969,--12431,942254,340685,--601569,--749191,KRX
20230131,+16700,2,+90,+0.54,3626527,16124,18586,+2462,+2340,967875,1115497,+147622,+141295,KRX
20230130,+16610,2,+20,+0.12,3894790,10013,10135,+122,--3348,600248,606575,+6327,--203912,KRX
20230127,+16590,2,+310,+1.90,5215081,7526,10996,+3470,--664,452946,663185,+210239,--45254,KRX
20230126,+16280,2,+170,+1.06,2875285,3765,7899,+4134,+4671,232953,488446,+255493,+288314,KRX
20230125,-16110,5,-140,-0.86,3354716,7431,6894,--537,--2831,458631,425810,--32821,--174733,KRX
20230120,+16250,2,+150,+0.93,2108912,4022,6316,+2294,+10153,248649,390561,+141912,+627676,KRX
20230119,+16100,2,+100,+0.63,2731748,13096,5237,--7859,--8533,809799,324035,--485764,--527455,KRX
20230118,-16000,5,-300,-1.84,3162026,7616,8290,+674,+1422,474212,515903,+41691,+86423,KRX
20230117,-16300,5,-200,-1.21,3098591,9748,9000,--748,+14855,589927,545195,--44732,+870708,KRX
20230116,-16500,5,-650,-3.79,8834739,30190,14587,--15603,--20506,1786115,870675,--915440,--1203245,KRX
20230113,+17150,2,+250,+1.48,5199400,17178,22081,+4903,--2744,1011000,1298805,+287805,--163688,KRX
20230112,+16900,2,+500,+3.05,7585935,20800,28447,+7647,+8398,1240190,1691683,+451493,+495794,KRX
20230111,16400,3,0,0.00,3744965,14261,13510,--751,--2381,863875,819574,--44301,--146646,KRX
20230110,+16400,2,+150,+0.92,6079252,19494,21124,+1630,--10621,1189326,1291671,+102345,--668369,KRX
20230109,+16250,2,+750,+4.84,5007477,10068,22319,+12251,+2349,637894,1408608,+770714,+124276,KRX
20230106,+15500,2,+350,+2.31,3520392,6587,16489,+9902,+14330,430911,1077349,+646438,+938131,KRX
20230105,-15150,5,-200,-1.30,2824340,14155,9727,--4428,--8669,934193,642500,--291693,--570781,KRX
20230104,+15350,2,+250,+1.66,2774250,7746,11987,+4241,+5731,512172,791260,+279088,+379649,KRX
20230103,-15100,5,-150,-0.98,2882312,10755,9265,--1490,+1709,714741,614180,--100561,+106532,KRX
20230102,-15250,5,-150,-0.97,2055671,8016,4817,--3199,+1914,520213,313120,--207093,+119770,KRX
20221229,-15400,5,-300,-1.91,4185941,15946,10833,--5113,--16932,1018025,691162,--326863,--1086179,KRX
20221228,+15700,2,+850,+5.72,7173101,16510,28329,+11819,--3601,1062306,1821622,+759316,--277237,KRX
20221227,+14850,2,+50,+0.34,4755935,6609,22029,+15420,+7190,443970,1480523,+1036553,+484474,KRX
20221226,-14800,5,-200,-1.33,2643007,4164,12394,+8230,+7123,279595,831674,+552079,+481752,KRX
20221223,-15000,5,-650,-4.15,4741720,12608,13715,+1107,--1180,830623,900950,+70327,--75490,KRX
20221222,+15650,2,+200,+1.29,1825069,5604,7891,+2287,--816,359141,504958,+145817,--54716,KRX
20221221,-15450,5,-50,-0.32,1821977,4384,7487,+3103,--1312,282475,483008,+200533,--83879,KRX
20221220,-15500,5,-50,-0.32,2608459,6213,10628,+4415,+13165,398423,682835,+284412,+839920,KRX
20221219,-15550,5,-650,-4.01,3198517,13787,5037,--8750,--4265,876704,321196,--555508,--279415,KRX
20221216,-16200,5,-400,-2.41,3523031,16088,11603,--4485,+5179,991380,715287,--276093,+307741,KRX
20221215,+16600,2,+250,+1.53,7259840,25513,15849,--9664,--19478,1531879,948045,--583834,--1186974,KRX
20221214,+16350,2,+300,+1.87,2971007,8492,18306,+9814,+20995,523393,1126533,+603140,+1287371,KRX
20221213,16050,3,0,0.00,5146930,22578,11397,--11181,--13801,1381631,697400,--684231,--848490,KRX
20221212,+16050,2,+50,+0.31,2525210,8708,11328,+2620,+2318,544281,708540,+164259,+145650,KRX
20221209,+16000,2,+50,+0.31,2354866,10167,10469,+302,--4518,637336,655945,+18609,--286518,KRX
20221208,15950,3,0,0.00,4343309,30648,35468,+4820,--3376,1927595,2232722,+305127,--208008,KRX
20221207,+15950,2,+50,+0.31,2371499,7568,15764,+8196,+2932,475281,988416,+513135,+184650,KRX
20221206,-15900,5,-250,-1.55,2622275,7619,12883,+5264,--3255,475421,803906,+328485,--192449,KRX
20221205,16150,3,0,0.00,3201044,9651,18170,+8519,+8800,596468,1117402,+520934,+535561,KRX
20221202,-16150,5,-600,-3.58,3972630,13647,13366,--281,+690,836276,821649,--14627,+43712,KRX
20221201,16750,3,0,0.00,2790804,8967,7996,--971,--11530,533027,474688,--58339,--690421,KRX
20221130,+16750,2,+150,+0.90,3419935,17886,28445,+10559,+8763,1071052,1703134,+632082,+523969,KRX
20221129,+16600,2,+50,+0.30,2073572,6385,8181,+1796,--3090,384554,492667,+108113,--186841,KRX
20221128,-16550,5,-400,-2.36,3299209,8857,13743,+4886,+11535,531708,826662,+294954,+685627,KRX
20221125,-16950,5,-200,-1.17,3817941,15048,8399,--6649,--14460,879061,488388,--390673,--847088,KRX
20221124,+17150,2,+250,+1.48,3324916,5222,13033,+7811,+6815,306419,762834,+456415,+398059,KRX
20221123,+16900,2,+50,+0.30,3257156,11568,12564,+996,--8770,684931,743287,+58356,--525042,KRX
20221122,+16850,2,+400,+2.43,4999521,11015,20781,+9766,+1834,657750,1241148,+583398,+100221,KRX
20221121,+16450,2,+150,+0.92,3476157,8590,16522,+7932,--4685,523146,1006323,+483177,--285284,KRX
20221118,-16300,5,-50,-0.31,5738679,10285,22902,+12617,+26696,623710,1392171,+768461,+1597685,KRX
20221117,-16350,5,-900,-5.22,7979032,24996,10917,--14079,--24820,1483787,654563,--829224,--1462907,KRX
20221116,+17250,2,+300,+1.77,7407932,17930,28671,+10741,+11323,1050128,1683811,+633683,+665877,KRX
20221115,+16950,2,+50,+0.30,4690274,10782,10200,--582,+3904,635356,603162,--32194,+240911,KRX
20221114,+16900,2,+400,+2.42,11611161,32550,28064,--4486,--21914,1923516,1650411,--273105,--1341695,KRX
20221111,+16500,2,+650,+4.10,7965255,11264,28692,+17428,+29113,687652,1756242,+1068590,+1791138,KRX
20221110,-15850,5,-100,-0.63,11015018,30248,18563,--11685,--19272,1878318,1155770,--722548,--1197760,KRX
20221109,+15950,2,+350,+2.24,6887616,13938,21525,+7587,+8532,877288,1352500,+475212,+536120,KRX
20221108,+15600,2,+200,+1.30,5850774,15387,14442,--945,--1577,990165,929257,--60908,--96821,KRX
20221107,+15400,2,+500,+3.36,9139897,27988,28620,+632,+9129,1832415,1868328,+35913,+601134,KRX
20221104,-14900,5,-50,-0.33,5788652,22117,13620,--8497,--2723,1476119,910898,--565221,--178833,KRX
20221103,+14950,2,+550,+3.82,19890236,39698,33924,--5774,+27306,2667108,2280720,--386388,+1857011,KRX
20221102,-14400,5,-1450,-9.15,20279801,61532,28452,--33080,--32274,4171452,1928053,--2243399,--2195322,KRX
20221101,+15850,2,+2600,+19.62,50186813,94816,94010,--806,+767,6188484,6140407,--48077,+70744,KRX
20221031,-13250,5,-350,-2.57,4839931,11227,9654,--1573,--601,850368,731547,--118821,--49334,KRX
20221028,+13600,2,+200,+1.49,4035580,13783,12811,--972,--11608,1014919,945432,--69487,--869812,KRX
20221027,+13400,2,+450,+3.47,4645660,10150,20786,+10636,+7098,763594,1563919,+800325,+535726,KRX
20221026,12950,3,0,0.00,5972837,18306,21844,+3538,+10731,1399374,1663973,+264599,+823571,KRX
20221025,-12950,5,-650,-4.78,7667300,18507,11314,--7193,--15736,1429557,870585,--558972,--1184613,KRX
20221024,+13600,2,+300,+2.26,3951589,8464,17007,+8543,+24796,620740,1246381,+625641,+1830847,KRX
20221021,-13300,5,-750,-5.34,5746289,28541,12288,--16253,+6407,2103910,898704,--1205206,+418838,KRX
20221020,+14050,2,+700,+5.24,12749283,51119,28459,--22660,--21658,3642377,2018333,--1624044,--1551908,KRX
20221019,-13350,5,-150,-1.11,4351355,12144,11142,--1002,+1022,893695,821559,--72136,+79093,KRX
20221018,+13500,2,+250,+1.89,3732353,13816,11792,--2024,--6037,1029832,878603,--151229,--458221,KRX
20221017,+13250,2,+150,+1.15,3638614,9199,13212,+4013,--2362,712937,1019929,+306992,--175878,KRX
20221014,+13100,2,+500,+3.97,4981767,13412,19787,+6375,--4432,1032821,1515691,+482870,--382803,KRX
20221013,-12600,5,-1000,-7.35,8495686,17295,28102,+10807,+10221,1350175,2215848,+865673,+821712,KRX
20221012,+13600,2,+100,+0.74,4229805,15683,16269,+586,--6566,1155198,1199159,+43961,--491603,KRX
20221011,-13500,5,-1050,-7.22,6229330,12465,19617,+7152,+17097,908656,1444220,+535564,+1217622,KRX
20221007,-14550,5,-250,-1.69,3196493,19112,9167,--9945,--14863,1310938,628880,--682058,--1018346,KRX
20221006,+14800,2,+550,+3.86,3523594,10019,14937,+4918,+23153,678764,1015052,+336288,+1553253,KRX
20221005,-14250,5,-700,-4.68,5982745,29390,11155,--18235,--18719,1984486,767521,--1216965,--1249773,KRX
20221004,+14950,2,+700,+4.91,4214728,17892,18376,+484,--9073,1212669,1245477,+32808,--640648,KRX
20220930,-14250,5,-50,-0.35,7095899,26292,35849,+9557,+4165,1831664,2505120,+673456,+283912,KRX
20220929,-14300,5,-400,-2.72,6781006,21408,26800,+5392,--18452,1442705,1832249,+389544,--1239909,KRX
20220928,-14700,5,-900,-5.77,9314852,18489,42333,+23844,+23767,1226561,2856014,+1629453,+1624074,KRX
20220927,+15600,2,+100,+0.65,6867788,24239,24316,+77,--5532,1556195,1561574,+5379,--365412,KRX
20220926,-15500,5,-1400,-8.28,9796673,23534,29143,+5609,+12630,1470394,1841185,+370791,+785770,KRX
20220923,-16900,5,-400,-2.31,4826991,15472,8451,--7021,+765,918092,503113,--414979,+40224,KRX
20220922,+17300,2,+50,+0.29,3991641,19830,12044,--7786,--3392,1162679,707476,--455203,--201487,KRX
20220921,-17250,5,-100,-0.58,3948430,17330,12936,--4394,--4347,1002721,749005,--253716,--253108,KRX
20220920,+17350,2,+550,+3.27,4510077,21701,21654,--47,+8912,1263018,1262410,--608,+519276,KRX
20220919,-16800,5,-800,-4.55,6541172,27080,18121,--8959,+90,1585207,1065323,--519884,--4702,KRX
20220916,-17600,5,-150,-0.85,4721699,25229,16180,--9049,+16280,1434012,918830,--515182,+902446,KRX
20220915,+17750,2,+250,+1.43,7263129,47597,22268,--25329,--13107,2665052,1247424,--1417628,--721159,KRX
20220914,-17500,5,-400,-2.23,6230561,26367,14145,--12222,+9853,1505517,809048,--696469,+530462,KRX
20220913,+17900,2,+100,+0.56,5112500,29694,7619,--22075,--3991,1650385,423454,--1226931,--218227,KRX
20220908,-17800,5,-300,-1.66,6224734,28603,10519,--18084,+3104,1595509,586805,--1008704,+149741,KRX
20220907,-18100,5,-1000,-5.24,10575237,38344,17156,--21188,--5117,2098335,939890,--1158445,--316412,KRX
20220906,+19100,2,+200,+1.06,4387576,21391,5320,--16071,--4280,1119652,277619,--842033,--218663,KRX
20220905,-18900,5,-200,-1.05,8944145,49490,37699,--11791,+10130,2595718,1972348,--623370,+518322,KRX
20220902,-19100,5,-100,-0.52,9852175,46801,24880,--21921,+35687,2427713,1286021,--1141692,+1764926,KRX
20220901,-19200,5,-1150,-5.65,16906202,89942,32334,--57608,+54104,4543722,1637104,--2906618,+2613016,KRX
20220831,-20350,5,-1350,-6.22,52609426,179618,67906,--111712,--93689,8868884,3349250,--5519634,--4706732,KRX
20220830,-21700,5,-450,-2.03,7621825,27780,9757,--18023,--30717,1260089,447187,--812902,--1395898,KRX
20220829,22150,3,0,0.00,6584232,14814,27508,+12694,+17923,669449,1252445,+582996,+808804,KRX
20220826,-22150,5,-500,-2.21,12269911,43285,38056,--5229,--33004,1912715,1686907,--225808,--1461187,KRX
20220825,+22650,2,+1050,+4.86,12553535,21678,49453,+27775,+44233,971889,2207268,+1235379,+1998970,KRX
20220824,-21600,5,-400,-1.82,8237100,36539,20081,--16458,--39893,1700176,936585,--763591,--1840370,KRX
20220823,+22000,2,+700,+3.29,11179633,23940,47375,+23435,+19035,1099159,2175938,+1076779,+870714,KRX
20220822,+21300,2,+150,+0.71,4535155,15734,20134,+4400,+341,737346,943411,+206065,+13198,KRX
20220819,-21150,5,-300,-1.40,4048714,12386,16445,+4059,--11985,578329,771196,+192867,--559317,KRX
20220818,+21450,2,+250,+1.18,4423900,10883,26927,+16044,+2256,509895,1262079,+752184,+110523,KRX
20220817,21200,3,0,0.00,6344352,17795,31583,+13788,+11836,832852,1474513,+641661,+550605,KRX
20220816,+21200,2,+50,+0.24,8389809,25848,27800,+1952,--28920,1213970,1305026,+91056,--1376391,KRX
20220812,+21150,2,+850,+4.19,14352395,34612,65484,+30872,+18437,1633705,3101152,+1467447,+858783,KRX
20220811,+20300,2,+100,+0.50,5736690,19190,31625,+12435,--5558,942688,1551352,+608664,--275698,KRX
20220810,+20200,2,+450,+2.28,9019644,21992,39985,+17993,+7032,1093726,1978088,+884362,+321250,KRX
20220809,+19750,2,+500,+2.60,4577464,6455,17416,+10961,+5941,330095,893207,+563112,+300894,KRX
20220808,+19250,2,+400,+2.12,3787880,8952,13972,+5020,--8028,468606,730824,+262218,--434989,KRX
20220805,+18850,2,+250,+1.34,2680909,3846,16894,+13048,+14966,205051,902258,+697207,+799285,KRX
20220804,-18600,5,-100,-0.53,2014279,8556,6638,--1918,--8157,458067,355989,--102078,--438076,KRX
20220803,+18700,2,+250,+1.36,3029896,8813,15052,+6239,+10379,473623,809621,+335998,+554928,KRX
20220802,-18450,5,-300,-1.60,4349423,19974,15834,--4140,--170,1069578,850648,--218930,--7296,KRX
20220801,18750,3,0,0.00,3055710,12719,8749,--3970,--20696,677200,465566,--211634,--1119660,KRX
20220729,+18750,2,+600,+3.31,6072369,11993,28719,+16726,+17621,643744,1551770,+908026,+957682,KRX
20220728,+18150,2,+250,+1.40,3017942,8898,8003,--895,--6662,494289,444633,--49656,--372593,KRX
20220727,+17900,2,+150,+0.85,1948230,3693,9460,+5767,+14348,207486,530423,+322937,+799258,KRX
20220726,+17750,2,+250,+1.43,5269771,22090,13509,--8581,--3197,1228222,751901,--476321,--170402,KRX
20220725,-17500,5,-300,-1.69,2278064,9171,3787,--5384,--6756,521574,215655,--305919,--382790,KRX
20220722,17800,3,0,0.00,2371293,8841,10213,+1372,--36,494116,570987,+76871,--1442,KRX
20220721,+17800,2,+150,+0.85,2103324,8089,9497,+1408,+2036,456060,534373,+78313,+113890,KRX
20220720,+17650,2,+100,+0.57,2104671,9422,8794,--628,+6023,533105,497528,--35577,+341359,KRX
20220719,-17550,5,-100,-0.57,2495171,14358,7707,--6651,--9436,814634,437698,--376936,--534321,KRX
20220718,+17650,2,+200,+1.15,2452112,7575,10360,+2785,+4395,431062,588447,+157385,+249618,KRX
20220715,-17450,5,-350,-1.97,2771850,11103,9493,--1610,--2060,637903,545670,--92233,--117913,KRX
20220714,+17800,2,+50,+0.28,3196017,13053,13503,+450,+7609,736614,762294,+25680,+428547,KRX
20220713,-17750,5,-400,-2.20,2736093,13543,6384,--7159,--1744,758148,355281,--402867,--102225,KRX
20220712,-18150,5,-200,-1.09,3507711,15589,10174,--5415,--8478,864579,563937,--300642,--468442,KRX
20220711,-18350,5,-200,-1.08,2783456,7538,10601,+3063,+10531,409077,576877,+167800,+561679,KRX
20220708,-18550,5,-150,-0.80,4196993,19333,11865,--7468,--23201,1028465,634586,--393879,--1237129,KRX
20220707,+18700,2,+1250,+7.16,7893062,24141,39874,+15733,+18466,1321686,2164936,+843250,+977677,KRX
20220706,-17450,5,-950,-5.16,6581996,23941,21208,--2733,--1712,1326890,1192463,--134427,--79714,KRX
20220705,+18400,2,+50,+0.27,5072898,22091,21070,--1021,--9089,1206735,1152022,--54713,--494667,KRX
20220704,-18350,5,-1050,-5.41,6645916,24835,32903,+8068,--1757,1326303,1766257,+439954,--68682,KRX
20220701,19400,3,0,0.00,6164425,18855,28680,+9825,--10652,964988,1473624,+508636,--533537,KRX
20220630,-19400,5,-400,-2.02,8387736,24365,44842,+20477,+582,1229407,2271580,+1042173,+19501,KRX
20220629,+19800,2,+1050,+5.60,10608126,20576,40471,+19895,+25682,1064562,2087234,+1022672,+1333841,KRX
20220628,+18750,2,+550,+3.02,8277865,26337,20550,--5787,--10361,1415761,1104592,--311169,--558502,KRX
20220627,+18200,2,+1250,+7.37,8556329,24584,29158,+4574,+17130,1388006,1635339,+247333,+994821,KRX
20220624,+16950,2,+50,+0.30,5081279,25062,12506,--12556,--541,1492633,745145,--747488,--16289,KRX
20220623,+16900,2,+850,+5.30,16726876,62423,50408,--12015,--6178,3688349,2957150,--731199,--385351,KRX
20220622,-16050,5,-600,-3.60,5566173,18652,12815,--5837,--8208,1133306,787458,--345848,--490560,KRX
20220621,+16650,2,+250,+1.52,3711977,12348,14719,+2371,+15371,744739,889451,+144712,+905496,KRX
20220620,-16400,5,-650,-3.81,6005704,31985,18985,--13000,--23324,1915969,1155185,--760784,--1373018,KRX
20220617,-17050,5,-100,-0.58,6564565,45677,56001,+10324,+6868,2677339,3289573,+612234,+407734,KRX
20220616,-17150,5,-200,-1.15,4332508,17763,21219,+3456,+1805,1012527,1217027,+204500,+108335,KRX
20220615,-17350,5,-750,-4.14,4370373,13264,14915,+1651,--10938,755480,851645,+96165,--621044,KRX
20220614,+18100,2,+50,+0.28,5457793,16537,29126,+12589,+13954,923051,1640260,+717209,+789237,KRX
20220613,-18050,5,-1100,-5.74,6026327,22543,21178,--1365,--136,1218890,1146862,--72028,--7567,KRX
20220610,-19150,5,-400,-2.05,2222339,8642,7413,--1229,--3035,451017,386556,--64461,--157099,KRX
20220609,+19550,2,+150,+0.77,3939507,20045,21851,+1806,+6792,1035454,1128092,+92638,+346952,KRX
20220608,-19400,5,-150,-0.77,2350430,10295,5309,--4986,+1458,525454,271140,--254314,+75000,KRX
20220607,-19550,5,-350,-1.76,3593852,17394,10950,--6444,+12822,886298,556984,--329314,+632950,KRX
20220603,-19900,5,-300,-1.49,4467731,26678,7412,--19266,--778,1333177,370913,--962264,--56992,KRX
20220602,-20200,5,-550,-2.65,3812110,28618,10130,--18488,--52640,1401651,496379,--905272,--2565072,KRX
20220531,+20750,2,+500,+2.47,9076600,97507,131659,+34152,+37380,4706316,6366116,+1659800,+1819854,KRX
20220530,+20250,2,+100,+0.50,3302730,20151,16923,--3228,--9760,991449,831395,--160054,--485258,KRX
20220527,+20150,2,+150,+0.75,2303180,8112,14644,+6532,+5726,402887,728091,+325204,+285960,KRX
20220526,-20000,5,-50,-0.25,2968052,14081,14887,+806,+365,697896,737140,+39244,+16893,KRX
20220525,-20050,5,-100,-0.50,2571857,9648,10089,+441,--2986,479953,502304,+22351,--145604,KRX
20220524,-20150,5,-250,-1.23,3085693,8856,12283,+3427,+16455,433684,601639,+167955,+791538,KRX
20220523,-20400,5,-200,-0.97,6226683,26709,13681,--13028,--20212,1283241,659658,--623583,--967906,KRX
20220520,+20600,2,+800,+4.04,6503125,27835,35019,+7184,+5141,1361616,1705939,+344323,+235815,KRX
20220519,-19800,5,-50,-0.25,3526501,14849,16892,+2043,+5287,752924,861432,+108508,+262353,KRX
20220518,-19850,5,-700,-3.41,4869301,20324,17080,--3244,--16272,1006806,852961,--153845,--793046,KRX
20220517,+20550,2,+500,+2.49,3244332,9435,22463,+13028,+6534,462957,1102158,+639201,+318678,KRX
20220516,+20050,2,+400,+2.04,4383477,21158,27652,+6494,--24321,1062602,1383125,+320523,--1272831,KRX
20220513,+19650,2,+900,+4.80,7318326,25990,56805,+30815,+37056,1347237,2940591,+1593354,+1906662,KRX
20220512,-18750,5,-1350,-6.72,10685592,33848,27607,--6241,+4928,1757895,1444587,--313308,+240457,KRX
20220511,-20100,5,-350,-1.71,3465350,19245,8076,--11169,+858,951580,397815,--553765,+35530,KRX
20220510,-20450,5,-500,-2.39,4949976,25628,13601,--12027,--9239,1254553,665258,--589295,--453893,KRX
20220509,+20950,2,+100,+0.48,4130879,18274,15486,--2788,+11844,873091,737689,--135402,+566540,KRX
20220506,-20850,5,-150,-0.71,4320206,25313,10681,--14632,--24175,1212709,510767,--701942,--1153688,KRX
20220504,+21000,2,+200,+0.96,5223209,13082,22625,+9543,+9398,622224,1073970,+451746,+444469,KRX
20220503,+20800,2,+350,+1.71,4848099,12226,12371,+145,--379,582532,589809,+7277,--17854,KRX
20220502,-20450,5,-150,-0.73,2783810,7835,8359,+524,+14878,381747,406878,+25131,+712854,KRX
20220429,-20600,5,-550,-2.60,4595157,26424,12070,--14354,--12674,1268104,580381,--687723,--603396,KRX
20220428,+21150,2,+550,+2.67,3398623,15047,13367,--1680,--1204,728837,644510,--84327,--64052,KRX
20220427,+20600,2,+100,+0.49,3564588,13071,12595,--476,+946,636711,616436,--20275,+49079,KRX
20220426,+20500,2,+100,+0.49,2365288,8460,7038,--1422,+6617,411945,342591,--69354,+320956,KRX
20220425,-20400,5,-750,-3.55,4784194,19147,11108,--8039,--849,929576,539266,--390310,--51827,KRX
20220422,-21150,5,-600,-2.76,3859930,17428,10238,--7190,--2790,819700,481217,--338483,--138171,KRX
20220421,+21750,2,+100,+0.46,6695408,27581,23181,--4400,--18328,1256580,1056268,--200312,--846226,KRX
20220420,+21650,2,+300,+1.41,5462781,15021,28949,+13928,+14424,695034,1340948,+645914,+669708,KRX
20220419,+21350,2,+50,+0.23,4335130,11470,10974,--496,+5813,540008,516214,--23794,+272235,KRX
20220418,+21300,2,+350,+1.67,4614365,13569,7260,--6309,--9773,635781,339752,--296029,--461684,KRX
20220415,+20950,2,+100,+0.48,2971405,7075,10539,+3464,--5712,338951,504606,+165655,--273567,KRX
20220414,+20850,2,+100,+0.48,4053377,11132,20308,+9176,+5419,535514,974736,+439222,+256578,KRX
20220413,+20750,2,+650,+3.23,3800172,8733,12490,+3757,+2868,427517,610161,+182644,+138196,KRX
20220412,-20100,5,-100,-0.50,3453023,11315,12204,+889,+1846,561533,605981,+44448,+90899,KRX
20220411,-20200,5,-500,-2.42,3097217,9130,8173,--957,--2808,447228,400777,--46451,--135646,KRX
20220408,+20700,2,+200,+0.98,3206462,8684,10535,+1851,+10978,420795,509990,+89195,+533816,KRX
20220407,-20500,5,-50,-0.24,4346786,22577,13450,--9127,--2311,1099444,654823,--444621,--118381,KRX
20220406,-20550,5,-450,-2.14,4044908,13213,6397,--6816,--1755,632900,306660,--326240,--84224,KRX
20220405,21000,3,0,0.00,3709805,14041,8980,--5061,+5420,672694,430678,--242016,+262207,KRX
20220404,+21000,2,+700,+3.45,7439470,25523,15042,--10481,+3193,1225733,721510,--504223,+162441,KRX
20220401,-20300,5,-150,-0.73,5220407,23197,9523,--13674,--16604,1133414,466750,--666664,--813064,KRX
20220331,+20450,2,+50,+0.25,7618745,20743,23673,+2930,--12220,1018055,1164455,+146400,--605868,KRX
20220330,-20400,5,-700,-3.32,10862771,24892,40042,+15150,+15984,1191144,1943412,+752268,+789698,KRX
20220329,-21100,5,-800,-3.65,8905252,17890,17056,--834,+9719,837577,800147,--37430,+439342,KRX
20220328,-21900,5,-250,-1.13,5036040,19780,9227,--10553,--2317,894386,417614,--476772,--111456,KRX
20220325,-22150,5,-550,-2.42,7278083,18296,10060,--8236,--8578,815532,450216,--365316,--380067,KRX
20220324,+22700,2,+850,+3.89,17831949,31094,31436,+342,+8083,1380171,1394922,+14751,+362446,KRX
20220323,+21850,2,+150,+0.69,10300993,27460,19719,--7741,--10710,1251552,903857,--347695,--487057,KRX
20220322,-21700,5,-100,-0.46,6374280,17727,20696,+2969,--9175,810614,949976,+139362,--413939,KRX
20220321,-21800,5,-600,-2.68,7570199,10749,22893,+12144,+9241,489328,1042629,+553301,+423466,KRX
20220318,-22400,5,-200,-0.88,6259772,26578,29481,+2903,--5675,1183001,1312836,+129835,--248678,KRX
20220317,22600,3,0,0.00,7140677,19699,28277,+8578,+9656,871525,1250038,+378513,+424028,KRX
20220316,+22600,2,+300,+1.35,8732663,24021,22943,--1078,+4311,1053263,1007748,--45515,+192634,KRX
20220315,-22300,5,-1050,-4.50,12494051,35690,30301,--5389,+55082,1572906,1334757,--238149,+2334148,KRX
20220314,+23350,2,+100,+0.43,20952739,101158,40687,--60471,--114956,4312856,1740559,--2572297,--4989153,KRX
20220311,+23250,2,+2150,+10.19,30782087,62232,116717,+54485,+108466,2824756,5241612,+2416856,+4892135,KRX
20220310,+21100,2,+300,+1.44,24667383,115156,61175,--53981,--11672,5320036,2844757,--2475279,--424166,KRX
20220308,-20800,5,-450,-2.12,12991783,90829,48520,--42309,--9050,4417096,2365983,--2051113,--506311,KRX
20220307,-21250,5,-450,-2.07,11144900,54367,21108,--33259,--38509,2536344,991542,--1544802,--1783252,KRX
20220304,+21700,2,+450,+2.12,19438353,55865,61115,+5250,--3779,2587702,2826152,+238450,--191732,KRX
20220303,+21250,2,+100,+0.47,14544579,35613,44642,+9029,+1214,1630383,2060565,+430182,+49025,KRX
20220302,+21150,2,+350,+1.68,14896142,38556,46371,+7815,+21117,1825327,2206484,+381157,+1011922,KRX
20220228,+20800,2,+1900,+10.05,28646876,94142,80840,--13302,--12490,4464656,3833891,--630765,--589948,KRX
20220225,+18900,2,+800,+4.42,8935172,26484,25672,--812,--6662,1399607,1358790,--40817,--366404,KRX
20220224,-18100,5,-600,-3.21,5745352,15680,21530,+5850,--1252,841617,1167204,+325587,--53543,KRX
20220223,+18700,2,+100,+0.54,4207236,16978,24080,+7102,+563,911884,1291014,+379130,+26592,KRX
20220222,-18600,5,-300,-1.59,5141221,14144,20683,+6539,+18762,760730,1113268,+352538,+1008491,KRX
20220221,+18900,2,+400,+2.16,7252419,28157,15934,--12223,--12035,1510643,854690,--655953,--648689,KRX
20220218,+18500,2,+1650,+9.79,9967745,36500,36312,--188,+1587,2051113,2043849,--7264,+96884,KRX
20220217,+16850,2,+500,+3.06,6290708,22358,20583,--1775,--10923,1329570,1225422,--104148,--670785,KRX
20220216,+16350,2,+900,+5.83,4367655,13421,22569,+9148,+2211,829709,1396346,+566637,+117108,KRX
20220215,-15450,5,-150,-0.96,4637764,15751,22688,+6937,+22329,1011567,1461096,+449529,+1403799,KRX
20220214,-15600,5,-1750,-10.09,10091884,38050,22658,--15392,--18322,2378011,1423741,--954270,--1124975,KRX
20220211,-17350,5,-50,-0.29,3696217,18129,21059,+2930,+9580,1046368,1217073,+170705,+548632,KRX
20220210,-17400,5,-400,-2.25,6863862,47532,40882,--6650,--13806,2716954,2339027,--377927,--782901,KRX
20220209,+17800,2,+350,+2.01,5412405,29088,36244,+7156,+6149,1648666,2053640,+404974,+347172,KRX
20220208,+17450,2,+150,+0.87,6761982,30129,31136,+1007,+14486,1721157,1778959,+57802,+815161,KRX
20220207,-17300,5,-750,-4.16,6895516,31914,18435,--13479,--13707,1802179,1044820,--757359,--770200,KRX
20220204,+18050,2,+100,+0.56,4498749,20650,20878,+228,--3095,1143570,1156411,+12841,--170188,KRX
20220203,+17950,2,+250,+1.41,3220029,12290,15613,+3323,+17671,681079,864108,+183029,+991189,KRX
20220128,-17700,5,-100,-0.56,3837197,24505,10157,--14348,--7307,1381782,573622,--808160,--414648,KRX
20220127,-17800,5,-100,-0.56,3808893,23282,16241,--7041,--9332,1299155,905643,--393512,--529171,KRX
20220126,+17900,2,+700,+4.07,5332300,22213,24504,+2291,--618,1245918,1381577,+135659,--35485,KRX
20220125,-17200,5,-800,-4.44,4290190,15779,18688,+2909,--12084,900289,1071433,+171144,--659103,KRX
20220124,-18000,5,-450,-2.44,3771113,5057,20050,+14993,+21168,280727,1110974,+830247,+1162475,KRX
20220121,-18450,5,-200,-1.07,3878332,17220,11045,--6175,--533,926405,594177,--332228,--31086,KRX
20220120,-18650,5,-450,-2.36,5004206,23969,18327,--5642,--3667,1285519,984377,--301142,--197706,KRX
20220119,+19100,2,+50,+0.26,3723958,13320,11345,--1975,+4309,696495,593059,--103436,+218751,KRX
20220118,-19050,5,-750,-3.79,3870925,11957,5673,--6284,--5784,616102,293915,--322187,--295845,KRX
20220117,-19800,5,-350,-1.74,3459380,11102,10602,--500,+9882,560446,534104,--26342,+488453,KRX
20220114,-20150,5,-550,-2.66,3275824,16747,6365,--10382,+1020,830041,315246,--514795,+39685,KRX
20220113,-20700,5,-200,-0.96,4245573,25904,14502,--11402,--31077,1258513,704033,--554480,--1499307,KRX
20220112,+20900,2,+350,+1.70,3187490,6381,26056,+19675,+13222,307271,1252098,+944827,+630431,KRX
20220111,20550,3,0,0.00,2249008,9457,15910,+6453,+5915,462560,776956,+314396,+287965,KRX
20220110,+20550,2,+300,+1.48,4477914,17127,17665,+538,--3926,832851,859282,+26431,--193928,KRX
20220107,+20250,2,+200,+1.00,2427353,5745,10209,+4464,+7761,286055,506414,+220359,+382776,KRX
20220106,-20050,5,-700,-3.37,3070341,8080,4783,--3297,--20704,398743,236326,--162417,--1004102,KRX
20220105,+20750,2,+100,+0.48,3656521,13289,30696,+17407,+22922,643109,1484794,+841685,+1109890,KRX
20220104,-20650,5,-300,-1.43,2509924,10827,5312,--5515,--2486,525648,257443,--268205,--121980,KRX
20220103,+20950,2,+550,+2.70,4473282,15455,12426,--3029,+8477,733582,587357,--146225,+412379,KRX
20211230,-20400,5,-400,-1.92,3039827,15693,4187,--11506,+7820,763181,204577,--558604,+347259,KRX
20211229,+21550,2,+800,+3.86,7208031,34051,14725,--19326,--36298,1593391,687528,--905863,--1724673,KRX
20211228,+20750,2,+600,+2.98,7918098,29516,46488,+16972,+4926,1417751,2236561,+818810,+223390,KRX
20211227,-20150,5,-100,-0.49,3962529,4780,16826,+12046,+6575,236824,832244,+595420,+328398,KRX
20211224,-20250,5,-150,-0.74,3003794,10102,15573,+5471,--2816,493593,760615,+267022,--137373,KRX
20211223,-20400,5,-250,-1.21,4131038,14387,22674,+8287,--1512,699127,1103522,+404395,--68865,KRX
20211222,-20650,5,-650,-3.05,4060582,7888,17687,+9799,+16926,378207,851467,+473260,+805312,KRX
20211221,-21300,5,-500,-2.29,2838890,14292,7165,--7127,--10025,666294,334242,--332052,--463237,KRX
20211220,+21800,2,+100,+0.46,3050917,10300,13198,+2898,--8511,473093,604278,+131185,--396121,KRX
20211217,+21700,2,+200,+0.93,2610485,9148,20557,+11409,+10742,422460,949766,+527306,+493106,KRX
20211216,-21500,5,-200,-0.92,2755974,10340,11007,+667,--7147,479642,513842,+34200,--326333,KRX
20211215,+21700,2,+100,+0.46,2240946,3684,11498,+7814,+10516,169902,530435,+360533,+482117,KRX
20211214,-21600,5,-700,-3.14,3624774,10802,8100,--2702,--11366,495116,373532,--121584,--510833,KRX
20211213,+22300,2,+300,+1.36,2954985,8876,17540,+8664,--188,398095,787344,+389249,--15026,KRX
20211210,+22000,2,+350,+1.62,3517721,11223,20075,+8852,--10076,513381,917656,+404275,--471365,KRX
20211209,+21650,2,+450,+2.12,4477577,23460,42388,+18928,+5631,1086884,1962524,+875640,+248826,KRX
20211208,+21200,2,+450,+2.17,5076956,17179,30476,+13297,+11636,804852,1431666,+626814,+546637,KRX
20211207,20750,3,0,0.00,3436570,12107,13768,+1661,--9757,582243,662420,+80177,--476415,KRX
20211206,+20750,2,+600,+2.98,5844744,14448,25866,+11418,+14047,705930,1262522,+556592,+689343,KRX
20211203,+20150,2,+300,+1.51,4748003,20238,17609,--2629,--9284,1005537,872786,--132751,--468496,KRX
20211202,-19850,5,-50,-0.25,4540692,15584,22239,+6655,+10382,790023,1125768,+335745,+514821,KRX
20211201,+19900,2,+900,+4.74,10638966,38328,34601,--3727,--7,1958783,1779707,--179076,+16470,KRX
20211130,-19000,5,-900,-4.52,16155792,101435,97715,--3720,--19152,5285317,5089771,--195546,--974496,KRX
20211129,-19900,5,-3150,-13.67,20603007,51185,66617,+15432,+4213,2534497,3313447,+778950,+299371,KRX
20211126,-23050,5,-250,-1.07,6052043,14673,25892,+11219,+21984,630292,1109871,+479579,+934936,KRX
20211125,-23300,5,-700,-2.92,5012820,21464,10699,--10765,--17060,908354,452997,--455357,--720421,KRX
20211124,+24000,2,+350,+1.48,6032526,17049,23344,+6295,+9652,713694,978758,+265064,+404131,KRX
20211123,-23650,5,-50,-0.21,6459378,24045,20688,--3357,+6830,1003571,864504,--139067,+286809,KRX
20211122,-23700,5,-350,-1.46,7227822,31952,21765,--10187,--25198,1333879,908003,--425876,--1060034,KRX
20211119,-24050,5,-400,-1.64,10971093,23964,38975,+15011,+11823,1000608,1634766,+634158,+506399,KRX
20211118,-24450,5,-950,-3.74,9902698,22607,25795,+3188,+31093,914285,1042044,+127759,+1209469,KRX
20211117,-25400,5,-300,-1.17,11749178,53008,25103,--27905,--38453,2049596,967886,--1081710,--1491732,KRX
20211116,+25700,2,+150,+0.59,7188676,19022,29570,+10548,+33533,737167,1147189,+410022,+1296662,KRX
20211115,-25550,5,-650,-2.48,7062809,37370,14385,--22985,--22273,1444978,558338,--886640,--851612,KRX
20211112,+26200,2,+400,+1.55,12667699,54191,53479,--712,+2691,2053666,2018638,--35028,+98521,KRX
20211111,+25800,2,+100,+0.39,10866409,45400,41997,--3403,--12638,1778303,1644754,--133549,--479677,KRX
20211110,-25700,5,-700,-2.65,11904277,28544,37779,+9235,+61819,1094724,1440852,+346128,+2322176,KRX
20211109,-26400,5,-150,-0.56,20212913,109508,56924,--52584,--10085,4079832,2103784,--1976048,--368451,KRX
20211108,+26550,2,+50,+0.19,12271458,69886,27387,--42499,+9617,2640187,1032590,--1607597,+383096,KRX
20211105,+26500,2,+250,+0.95,18396791,94235,42119,--52116,--147840,3590064,1599371,--1990693,--5615202,KRX
20211104,+26250,2,+1650,+6.71,50618083,109559,205283,+95724,+145016,4128969,7753478,+3624509,+5590490,KRX
20211103,-24600,5,-500,-1.99,11955366,65643,16351,--49292,--64145,2622702,656721,--1965981,--2568548,KRX
20211102,+25100,2,+1050,+4.37,10192672,19381,34234,+14853,+34675,787320,1389887,+602567,+1401265,KRX
20211101,-24050,5,-350,-1.43,11559754,44749,24927,--19822,+11182,1816478,1017780,--798698,+465142,KRX
20211029,+24400,2,+200,+0.83,9490424,52335,21331,--31004,--25527,2135180,871340,--1263840,--1083347,KRX
20211028,-24200,5,-1500,-5.84,20971502,72731,67254,--5477,+4544,2888466,2707973,--180493,+210673,KRX
20211027,-25700,5,-400,-1.53,13218675,45349,35328,--10021,+10238,1759924,1368758,--391166,+397589,KRX
20211026,+26100,2,+350,+1.36,23624601,102250,81991,--20259,--97522,3968449,3179694,--788755,--3877439,KRX
20211025,+25750,2,+3150,+13.94,45115134,96398,173661,+77263,+100547,3880205,6968889,+3088684,+4094579,KRX
20211022,-22600,5,-500,-2.16,11669246,47705,24421,--23284,+571,2067381,1061486,--1005895,+53416,KRX
20211021,+23100,2,+1300,+5.96,15021575,58141,34286,--23855,--12823,2583637,1524326,--1059311,--565299,KRX
20211020,-21800,5,-1200,-5.22,10961988,36361,25329,--11032,--13793,1629449,1135437,--494012,--612223,KRX
20211019,-23000,5,-100,-0.43,9022295,31293,34054,+2761,+28260,1362724,1480935,+118211,+1193123,KRX
20211018,-23100,5,-350,-1.49,13269028,62816,37317,--25499,--23079,2666730,1591818,--1074912,--960596,KRX
20211015,+23450,2,+1000,+4.45,25864817,95996,93576,--2420,+460,4096694,3982378,--114316,+36259,KRX
20211014,+22450,2,+700,+3.22,22222278,86698,83818,--2880,--32262,3898716,3748141,--150575,--1569879,KRX
20211013,+21750,2,+2800,+14.78,21043820,56456,85838,+29382,+34045,2702797,4122101,+1419304,+1666805,KRX
20211012,-18950,5,-150,-0.79,2780973,16123,11460,--4663,--11700,848749,601248,--247501,--613660,KRX
20211008,+19100,2,+100,+0.53,2904470,11107,18144,+7037,--10960,579540,945699,+366159,--592714,KRX
20211007,+19000,2,+850,+4.68,3825082,8935,26932,+17997,+21128,479125,1437998,+958873,+1111841,KRX
20211006,-18150,5,-1350,-6.92,8006011,27852,24721,--3131,--3495,1482038,1329070,--152968,--171369,KRX
20211005,-19500,5,-200,-1.02,4218010,13841,14205,+364,+18360,706614,725015,+18401,+918136,KRX
20211001,-19700,5,-850,-4.14,5347469,26581,8585,--17996,--20776,1328683,428948,--899735,--1031399,KRX
20210930,+20550,2,+100,+0.49,3692901,19021,21801,+2780,+14387,918107,1049771,+131664,+701749,KRX
20210929,-20450,5,-550,-2.62,4289388,26458,14851,--11607,--21655,1296171,726086,--570085,--1050797,KRX
20210928,+21000,2,+350,+1.69,3636884,8659,18707,+10048,+9645,415986,896698,+480712,+461507,KRX
20210927,+20650,2,+100,+0.49,2819616,13204,13607,+403,+17172,638584,657789,+19205,+828740,KRX
20210924,-20550,5,-550,-2.61,4238194,27334,10565,--16769,--5028,1318871,509336,--809535,--256074,KRX
20210923,-21100,5,-550,-2.54,3912892,23506,11765,--11741,+12495,1106991,553530,--553461,+556222,KRX
20210917,-21650,5,-200,-0.92,8208158,62831,38595,--24236,--45690,2875109,1765426,--1109683,--2098521,KRX
20210916,+21850,2,+800,+3.80,7565043,16575,38029,+21454,+29252,765195,1754033,+988838,+1355887,KRX
20210915,+21050,2,+50,+0.24,4251447,23111,15313,--7798,--24681,1085844,718795,--367049,--1175332,KRX
20210914,+21000,2,+700,+3.45,3757880,9089,25972,+16883,+16765,435332,1243615,+808283,+803191,KRX
20210913,-20300,5,-100,-0.49,3294114,15266,15384,+118,+11048,754590,759682,+5092,+537535,KRX
20210910,-20400,5,-500,-2.39,3469590,16926,5996,--10930,--17766,823772,291329,--532443,--860073,KRX
20210909,-20900,5,-250,-1.18,4119523,19943,26779,+6836,+12692,952309,1279939,+327630,+602052,KRX
20210908,-21150,5,-750,-3.42,4802830,20429,14573,--5856,--14787,958320,683898,--274422,--675604,KRX
20210907,+21900,2,+50,+0.23,7529699,22961,31892,+8931,+13794,1041041,1442223,+401182,+624713,KRX
20210906,+21850,2,+100,+0.46,3397053,9742,4879,--4863,+21645,447515,223984,--223531,+990396,KRX
20210903,+21750,2,+450,+2.11,8654338,49189,22681,--26508,+15160,2248507,1034580,--1213927,+701494,KRX
20210902,-21300,5,-600,-2.74,7925997,57218,15550,--41668,--19876,2632053,716632,--1915421,--933852,KRX
20210901,+21900,2,+1000,+4.78,16710922,61606,39814,--21792,--31400,2807774,1826205,--981569,--1444852,KRX
20210831,+20900,2,+500,+2.45,4228787,30748,40356,+9608,+14366,1497585,1960868,+463283,+693780,KRX
20210830,-20400,5,-50,-0.24,2821185,12659,7901,--4758,--19489,614985,384488,--230497,--956228,KRX
20210827,+20450,2,+350,+1.74,3634106,7674,22405,+14731,+31375,376972,1102703,+725731,+1542981,KRX
20210826,-20100,5,-750,-3.60,5131881,31101,14457,--16644,--16044,1532874,715624,--817250,--788441,KRX
20210825,+20850,2,+100,+0.48,4132649,15647,15047,--600,--3536,750114,721305,--28809,--171828,KRX
20210824,+20750,2,+950,+4.80,5868323,22831,25767,+2936,--17940,1110792,1253811,+143019,--913538,KRX
20210823,+19800,2,+300,+1.54,5982070,19626,40502,+20876,--8601,994567,2051124,+1056557,--441598,KRX
20210820,19500,3,0,0.00,6913642,15480,44957,+29477,+60251,786405,2284560,+1498155,+3026138,KRX
20210819,-19500,5,-1400,-6.70,8919698,45805,15031,--30774,--48452,2286163,758180,--1527983,--2378314,KRX
20210818,+20900,2,+250,+1.21,5178993,16816,34494,+17678,+18061,806889,1657220,+850331,+870477,KRX
20210817,-20650,5,-150,-0.72,4675178,20715,20332,--383,+14272,997743,977597,--20146,+681453,KRX
20210813,-20800,5,-900,-4.15,6231124,29679,15024,--14655,--42765,1416466,714867,--701599,--1992509,KRX
20210812,+21700,2,+350,+1.64,7949013,32391,60501,+28110,+23448,1488972,2779882,+1290910,+1073461,KRX
20210811,-21350,5,-150,-0.70,3164590,7813,12475,+4662,--12956,363339,580788,+217449,--607264,KRX
20210810,+21500,2,+50,+0.23,4820501,9530,27148,+17618,+38091,445154,1269867,+824713,+1769031,KRX
20210809,-21450,5,-950,-4.24,5408738,29493,9020,--20473,--19035,1359780,415462,--944318,--888800,KRX
20210806,+22400,2,+750,+3.46,6664341,28701,27263,--1438,+15090,1294804,1239286,--55518,+708456,KRX
20210805,21650,3,0,0.00,5088359,36458,19930,--16528,--36006,1684345,920371,--763974,--1685209,KRX
20210804,+21650,2,+950,+4.59,7960032,26573,46051,+19478,+15725,1246903,2168138,+921235,+729651,KRX
20210803,-20700,5,-1100,-5.05,9201057,27130,30883,+3753,--2793,1287318,1478902,+191584,--110780,KRX
20210802,+21800,2,+50,+0.23,4528795,14087,20633,+6546,+18719,645589,947953,+302364,+855363,KRX
20210730,-21750,5,-800,-3.55,9395196,50811,38638,--12173,--6734,2315391,1762392,--552999,--313748,KRX
20210729,22550,3,0,0.00,3600769,19258,13819,--5439,+4267,850015,610764,--239251,+185727,KRX
20210728,-22550,5,-400,-1.74,5029262,23514,13808,--9706,--13112,1035155,610177,--424978,--572731,KRX
20210727,+22950,2,+150,+0.66,5086433,21219,24625,+3406,--7233,917629,1065382,+147753,--322344,KRX
20210726,-22800,5,-600,-2.56,6706140,17556,28195,+10639,+1894,762832,1232929,+470097,+95844,KRX
20210723,-23400,5,-100,-0.43,5992650,18619,27364,+8745,+18320,795263,1169516,+374253,+785698,KRX
20210722,-23500,5,-900,-3.69,10673373,46597,37022,--9575,+6652,1951831,1540386,--411445,+263832,KRX
20210721,-24400,5,-700,-2.79,23143319,104979,88752,--16227,--15808,4330278,3655001,--675277,--659863,KRX
20210720,+25100,2,+300,+1.21,8034764,33175,32756,--419,+3260,1323252,1307838,--15414,+132091,KRX
20210719,-24800,5,-300,-1.20,4477148,14132,10453,--3679,+29508,571176,423671,--147505,+1161737,KRX
20210716,-25100,5,-950,-3.65,7620725,44864,11677,--33187,--42326,1769884,460642,--1309242,--1650602,KRX
20210715,+26050,2,+150,+0.58,8323605,34255,43394,+9139,--14715,1305787,1647147,+341360,--580061,KRX
20210714,+25900,2,+400,+1.57,5035512,11849,35703,+23854,+13700,460016,1381437,+921421,+538385,KRX
20210713,25500,3,0,0.00,7125834,27709,37863,+10154,+81588,1073185,1456221,+383036,+3132130,KRX
20210712,-25500,5,-600,-2.30,9194495,89747,18313,--71434,--109288,3449085,699991,--2749094,--4226456,KRX
20210709,+26100,2,+850,+3.37,11473129,29403,67257,+37854,+31356,1148652,2626014,+1477362,+1217689,KRX
20210708,-25250,5,-100,-0.39,6897281,19278,25776,+6498,+37060,766448,1026121,+259673,+1455758,KRX
20210707,-25350,5,-700,-2.69,8883352,52018,21456,--30562,--50450,2026945,830860,--1196085,--1963365,KRX
20210706,+26050,2,+1100,+4.41,20625393,59106,78994,+19888,+522,2269320,3036600,+767280,--6544,KRX
20210705,+24950,2,+200,+0.81,6993495,16371,35737,+19366,+33461,655260,1429084,+773824,+1332079,KRX
20210702,-24750,5,-100,-0.40,8257740,30265,16170,--14095,--35699,1197874,639619,--558255,--1434003,KRX
20210701,+24850,2,+1000,+4.19,11082685,26412,48016,+21604,+16489,1073205,1948953,+875748,+662486,KRX
20210630,-23850,5,-350,-1.45,4892112,12085,17200,+5115,--3687,507195,720457,+213262,--155492,KRX
20210629,+24200,2,+450,+1.89,8308385,27251,36053,+8802,+4235,1129169,1497923,+368754,+187235,KRX
20210628,-23750,5,-1000,-4.04,9564220,32155,36722,+4567,--5634,1329874,1511393,+181519,--233259,KRX
20210625,+24750,2,+100,+0.41,8665468,25511,35712,+10201,+21582,1029996,1444774,+414778,+862571,KRX
20210624,-24650,5,-1350,-5.19,14268629,48646,37265,--11381,--6418,1921480,1473687,--447793,--254136,KRX
20210623,-26000,5,-750,-2.80,12694560,44609,39646,--4963,--18950,1690333,1496676,--193657,--717087,KRX
20210622,+26750,2,+950,+3.68,16187785,42841,56828,+13987,+20590,1601632,2125062,+523430,+780698,KRX
20210621,+25800,2,+550,+2.18,10949824,7498,895,--6603,--10350,292144,34876,--257268,--403531,KRX
20210618,+25250,2,+1150,+4.77,9648276,18483,22230,+3747,+5444,740098,886361,+146263,+216054,KRX
20210617,-24100,5,-350,-1.43,5610972,4362,2665,--1697,--4936,180345,110554,--69791,--202476,KRX
20210616,+24450,2,+850,+3.60,21641071,1467,4706,+3239,+4932,60187,192872,+132685,+204463,KRX
20210615,+23600,2,+50,+0.21,7193835,5873,4180,--1693,+703,248908,177130,--71778,+32584,KRX
20210614,-23550,5,-200,-0.84,15423461,4437,2041,--2396,+2473,193725,89363,--104362,+99022,KRX
20210611,+23750,2,+350,+1.50,20472749,9480,4611,--4869,--9589,401780,198396,--203384,--407954,KRX
20210610,-23400,5,-2700,-10.34,26820159,25533,30253,+4720,--2097,1059737,1264307,+204570,--81241,KRX
20210609,+26100,2,+750,+2.96,49304967,10592,17409,+6817,+10961,406755,692566,+285811,+402232,KRX
20210608,-25350,5,-6650,-20.78,69302385,40582,36438,--4144,+32939,1434957,1318536,--116421,+1148507,KRX
20210607,+32000,2,+6900,+27.49,78938648,195838,158755,--37083,--53889,6729593,5464665,--1264928,--1955040,KRX
20210604,+25100,2,+2350,+10.33,48657132,97137,113943,+16806,+58144,4005490,4695602,+690112,+2516565,KRX
20210603,+22750,2,+700,+3.17,26629543,95782,54444,--41338,--24130,4251822,2425369,--1826453,--1137169,KRX
20210602,+22050,2,+2300,+11.65,65569886,175200,157992,--17208,--11927,7966268,7276984,--689284,--446561,KRX
20210601,-19750,5,-150,-0.75,24657258,62159,56878,--5281,+12036,3137505,2894782,--242723,+696168,KRX
20210531,+19900,2,+2050,+11.48,40307576,104475,87158,--17317,--52364,5421624,4482733,--938891,--2949975,KRX
20210528,+17850,2,+1050,+6.25,22969402,46820,81867,+35047,+31400,2683911,4694995,+2011084,+1800158,KRX
20210527,+16800,2,+700,+4.35,22653777,53560,57207,+3647,--30905,3217295,3428221,+210926,--1987650,KRX
20210526,+16100,2,+1400,+9.52,25778709,36466,71018,+34552,+26862,2311758,4510334,+2198576,+1673536,KRX
20210525,+14700,2,+150,+1.03,6705477,9695,17385,+7690,+15537,666529,1191569,+525040,+1057147,KRX
20210524,+14550,2,+650,+4.68,14284697,24735,16888,--7847,+2610,1686320,1154213,--532107,+234414,KRX
20210521,+13900,2,+100,+0.72,6255968,18832,8375,--10457,--20515,1384315,617794,--766521,--1498910,KRX
20210520,+13800,2,+1200,+9.52,10551893,18938,28996,+10058,+12110,1424518,2156907,+732389,+895335,KRX
20210518,+12600,2,+100,+0.80,1422357,5489,3437,--2052,--220,436210,273264,--162946,--16914,KRX
20210517,+12500,2,+200,+1.63,2558009,6690,4858,--1832,+1872,534093,388061,--146032,+153529,KRX
20210514,-12300,5,-150,-1.20,1612004,6413,2709,--3704,--4180,518569,219008,--299561,--340921,KRX
20210513,-12450,5,-150,-1.19,2839769,9500,9976,+476,+4716,761259,802619,+41360,+376017,KRX
20210512,-12600,5,-400,-3.08,2424446,8441,4201,--4240,--555,667130,332473,--334657,--50322,KRX
20210511,-13000,5,-100,-0.76,2550681,7918,4233,--3685,--2955,609831,325496,--284335,--227924,KRX
20210510,+13100,2,+450,+3.56,3140979,5570,4840,--730,--1985,428678,372267,--56411,--155621,KRX
20210507,+12650,2,+150,+1.20,2572136,4017,5272,+1255,+9379,316789,415999,+99210,+744822,KRX
20210506,-12500,5,-150,-1.19,3587752,14939,6815,--8124,--5542,1188462,542850,--645612,--441922,KRX
20210504,-12650,5,-150,-1.17,5349274,13611,11029,--2582,+3981,1103112,899422,--203690,+293950,KRX
20210503,-12800,5,-1150,-8.24,6583366,14787,8224,--6563,--7033,1122083,624443,--497640,--532646,KRX
20210430,-13950,5,-200,-1.41,3415800,6530,7000,+470,--450,466396,501402,+35006,--30081,KRX
20210429,-14150,5,-100,-0.70,3502112,5896,6816,+920,--97,414997,480084,+65087,--6133,KRX
20210428,+14250,2,+300,+2.15,6444551,8722,9739,+1017,+1487,608033,679253,+71220,+105164,KRX
20210427,-13950,5,-50,-0.36,3519111,7371,6901,--470,--1456,523978,490034,--33944,--104547,KRX
20210426,+14000,2,+200,+1.45,1933409,3746,4732,+986,+4649,269989,340592,+70603,+334935,KRX
20210423,-13800,5,-200,-1.43,2153624,5110,1447,--3663,--5037,368271,103939,--264332,--361890,KRX
20210422,+14000,2,+400,+2.94,3455319,5259,6633,+1374,+1176,376714,474272,+97558,+82607,KRX
20210421,-13600,5,-300,-2.16,2399938,5256,5454,+198,--3255,384744,399695,+14951,--237443,KRX
20210420,-13900,5,-50,-0.36,2845248,3639,7092,+3453,+4077,261833,514227,+252394,+296557,KRX
20210419,-13950,5,-50,-0.36,2159065,2106,1482,--624,+438,149505,105342,--44163,+32199,KRX
20210416,+14000,2,+50,+0.36,3380999,5456,4394,--1062,+9465,392082,315720,--76362,+673064,KRX
20210415,-13950,5,-400,-2.79,5067538,17714,7187,--10527,--17345,1263357,513931,--749426,--1244338,KRX
20210414,+14350,2,+900,+6.69,9803404,14189,21007,+6818,+3294,999691,1494603,+494912,+230977,KRX
20210413,+13450,2,+250,+1.89,2663212,3516,7040,+3524,+3617,263181,527116,+263935,+270958,KRX
20210412,-13200,5,-100,-0.75,1662109,2473,2380,--93,+2016,187984,180961,--7023,+150567,KRX
20210409,-13300,5,-100,-0.75,1655136,4158,2049,--2109,--6746,311161,153571,--157590,--503227,KRX
20210408,+13400,2,+450,+3.47,3370213,4556,9193,+4637,+3798,343304,688941,+345637,+280956,KRX
20210407,-12950,5,-50,-0.38,1308998,1784,2623,+839,+1449,138275,202956,+64681,+111214,KRX
20210406,-13000,5,-100,-0.76,1499887,3199,2589,--610,--1281,245781,199248,--46533,--97865,KRX
20210405,+13100,2,+100,+0.77,1616961,1628,2299,+671,+1183,123906,175238,+51332,+90482,KRX
20210402,+13000,2,+350,+2.77,2117567,3319,2807,--512,+616,259667,220517,--39150,+48414,KRX
20210401,-12650,5,-350,-2.69,2340118,3441,2313,--1128,--161,269954,182390,--87564,--13505,KRX
20210331,-13000,5,-200,-1.52,2549685,5338,4371,--967,+3640,408891,334832,--74059,+273753,KRX
20210330,-13200,5,-50,-0.38,3530338,11709,7102,--4607,--4877,885107,537295,--347812,--368884,KRX
20210329,+13250,2,+550,+4.33,7978246,18578,18848,+270,--8670,1391358,1412430,+21072,--689051,KRX
20210326,+12700,2,+450,+3.67,4376275,6535,15475,+8940,+8375,515381,1225504,+710123,+663809,KRX
20210325,+12250,2,+200,+1.66,2074964,3804,4369,+565,--1427,311984,358298,+46314,--119938,KRX
20210324,+12050,2,+250,+2.12,1831987,3632,5624,+1992,+4874,306747,472999,+166252,+409152,KRX
20210323,-11800,5,-100,-0.84,1789260,5273,2391,--2882,+3080,443480,200580,--242900,+258176,KRX
20210322,+11900,2,+300,+2.59,6481505,14486,8524,--5962,--6302,1204867,703791,--501076,--530568,KRX
20210319,-11600,5,-50,-0.43,2525989,13117,13457,+340,+2910,1131915,1161407,+29492,+249829,KRX
20210318,-11650,5,-200,-1.69,2046605,5995,3425,--2570,--1867,513820,293483,--220337,--156466,KRX
20210317,+11850,2,+200,+1.72,1640342,5033,4330,--703,+272,434217,370346,--63871,+21150,KRX
20210316,+11650,2,+300,+2.64,2118056,5449,4474,--975,+2771,473146,388125,--85021,+243884,KRX
20210315,11350,3,0,0.00,1739737,6060,2314,--3746,--12003,532493,203588,--328905,--1065664,KRX
20210312,+11350,2,+750,+7.08,4854988,6734,14991,+8257,+3732,592762,1329521,+736759,+309703,KRX
20210311,-10600,5,-50,-0.47,2359118,3338,7863,+4525,+7573,315144,742200,+427056,+711245,KRX
20210310,-10650,5,-150,-1.39,1459284,5387,2339,--3048,--3845,502135,217946,--284189,--357163,KRX
20210309,+10800,2,+100,+0.93,1757065,3569,4366,+797,+2415,333359,406333,+72974,+223096,KRX
20210308,-10700,5,-100,-0.93,1403614,3544,1926,--1618,+1818,326806,176684,--150122,+167776,KRX
20210305,-10800,5,-350,-3.14,1684871,6205,2769,--3436,+1160,574052,256154,--317898,+93853,KRX
20210304,-11150,5,-150,-1.33,2115583,7837,3241,--4596,--9928,703923,292172,--411751,--892414,KRX
20210303,+11300,2,+600,+5.61,3121554,4751,10083,+5332,+3478,427608,908271,+480663,+305649,KRX
20210302,+10700,2,+100,+0.94,1873327,5523,7377,+1854,+12201,518576,693590,+175014,+1164356,KRX
20210226,-10600,5,-500,-4.50,3778708,20341,9994,--10347,--17496,1936222,946880,--989342,--1654835,KRX
20210225,+11100,2,+850,+8.29,3366323,5839,12988,+7149,+5216,543629,1209122,+665493,+479158,KRX
20210224,-10250,5,-750,-6.82,4156906,6214,8147,+1933,--1690,587536,773871,+186335,--144287,KRX
20210223,-11000,5,-200,-1.79,2576210,3741,7364,+3623,+4607,343047,673669,+330622,+417336,KRX
20210222,-11200,5,-200,-1.75,1903429,3240,2256,--984,--1573,286229,199515,--86714,--139145,KRX
20210219,-11400,5,-100,-0.87,2094577,2809,3398,+589,+3037,247010,299441,+52431,+261616,KRX
20210218,11500,3,0,0.00,2297980,4990,2542,--2448,--1729,427804,218619,--209185,--147258,KRX
20210217,-11500,5,-350,-2.95,2387142,3464,2745,--719,--28,300527,238600,--61927,--5088,KRX
20210216,-11850,5,-300,-2.47,2302703,3152,2461,--691,--2719,263899,207060,--56839,--225027,KRX
20210215,-12150,5,-50,-0.41,1855160,1820,3848,+2028,+1705,151008,319196,+168188,+142342,KRX
20210210,-12200,5,-50,-0.41,1987671,4024,4347,+323,+613,333137,358983,+25846,+49392,KRX
20210209,12250,3,0,0.00,1847594,2747,2457,--290,+982,222670,199124,--23546,+78919,KRX
20210208,+12250,2,+450,+3.81,4010916,8450,7178,--1272,+2247,687091,584626,--102465,+184980,KRX
20210205,+11800,2,+250,+2.16,4819620,11380,7861,--3519,--1059,946882,659437,--287445,--77420,KRX
20210204,-11550,5,-350,-2.94,2197430,5644,3184,--2460,--2642,484732,274707,--210025,--224280,KRX
20210203,+11900,2,+50,+0.42,2222041,5394,5576,+182,+1128,455816,470071,+14255,+94207,KRX
20210202,-11850,5,-100,-0.84,2414158,6747,5801,--946,--1398,567313,487361,--79952,--124676,KRX
20210201,+11950,2,+200,+1.70,4094484,8709,9161,+452,+2349,747025,791749,+44724,+213031,KRX
20210129,-11750,5,-900,-7.11,6873260,12561,10664,--1897,+729,1060990,892683,--168307,+38092,KRX
20210128,-12650,5,-500,-3.80,3045073,6414,3788,--2626,--3077,502526,296127,--206399,--240337,KRX
20210127,-13150,5,-150,-1.13,2012265,3421,3872,+451,+5339,259630,293568,+33938,+398733,KRX
20210126,+13300,2,+50,+0.38,3704644,8910,4022,--4888,--4246,661731,296936,--364795,--316141,KRX
20210125,-13250,5,-150,-1.12,2208941,3254,2612,--642,+3475,245704,197050,--48654,+256866,KRX
20210122,+13400,2,+50,+0.37,2646725,8492,4375,--4117,--6099,630579,325059,--305520,--451028,KRX
20210121,+13350,2,+100,+0.75,3470923,5597,7579,+1982,+2525,414086,559594,+145508,+186831,KRX
20210120,-13250,5,-50,-0.38,2542378,5480,4937,--543,--1213,417356,376033,--41323,--91622,KRX
20210119,+13300,2,+200,+1.53,2894723,6642,7312,+670,+807,505979,556278,+50299,+60401,KRX
20210118,-13100,5,-450,-3.32,2739294,6320,6183,--137,+3683,479771,469669,--10102,+268009,KRX
20210115,-13550,5,-350,-2.52,3230145,9017,5197,--3820,--2578,657974,379863,--278111,--195871,KRX
20210114,+13900,2,+600,+4.51,7981165,18807,17565,--1242,--990,1352970,1270730,--82240,--63943,KRX
20210113,+13300,2,+50,+0.38,2665001,6222,5970,--252,+368,465373,447076,--18297,+27767,KRX
20210112,-13250,5,-200,-1.49,3281855,7065,6445,--620,+4698,536632,490568,--46064,+344075,KRX
20210111,-13450,5,-750,-5.28,6981930,13788,8470,--5318,--5235,1019167,629028,--390139,--386297,KRX
20210108,+14200,2,+50,+0.35,4418318,8704,8621,--83,--180,612995,609153,--3842,--10815,KRX
20210107,14150,3,0,0.00,3295124,5176,5273,+97,+3639,363682,370655,+6973,+250680,KRX
20210106,-14150,5,-550,-3.74,4183844,10876,7334,--3542,--7667,754068,510361,--243707,--530857,KRX
20210105,+14700,2,+800,+5.76,7228208,15779,19904,+4125,+6627,1082830,1369980,+287150,+468727,KRX
20210104,+13900,2,+400,+2.96,3627782,9948,7446,--2502,--1486,722573,540996,--181577,--108308,KRX
20201230,+13500,2,+450,+3.45,3220580,6319,5303,--1016,+2460,471474,398205,--73269,+194613,KRX
20201229,+13050,2,+200,+1.56,2971656,9142,5666,--3476,--134,704141,436259,--267882,--11750,KRX
20201228,-12850,5,-500,-3.75,4876853,10635,7293,--3342,--1322,818875,562743,--256132,--109639,KRX
20201224,+13350,2,+250,+1.91,6990921,16639,14619,--2020,--4730,1250868,1104375,--146493,--350756,KRX
20201223,-13100,5,-300,-2.24,2882549,4495,7205,+2710,+5480,333142,537405,+204263,+408344,KRX
20201222,-13400,5,-500,-3.60,2891737,6949,4179,--2770,--5570,509497,305416,--204081,--405844,KRX
20201221,13900,3,0,0.00,2137240,1357,4157,+2800,+5578,97185,298948,+201763,+400124,KRX
20201218,-13900,5,-450,-3.14,2692526,10971,8193,--2778,--6717,786551,588190,--198361,--487907,KRX
20201217,+14350,2,+500,+3.61,5667891,13479,17418,+3939,+10592,951227,1240773,+289546,+763072,KRX
20201216,-13850,5,-450,-3.15,4129545,11969,5316,--6653,--5519,854900,381374,--473526,--395187,KRX
20201215,-14300,5,-100,-0.69,1419318,2987,1853,--1134,--1076,207382,129043,--78339,--74314,KRX
20201214,-14400,5,-350,-2.37,1705707,2757,2699,--58,+482,190546,186521,--4025,+29614,KRX
20201211,+14750,2,+150,+1.03,3540864,9121,8581,--540,--4115,620235,586596,--33639,--277663,KRX
20201210,+14600,2,+50,+0.34,3025117,8061,11636,+3575,+6619,557709,801733,+244024,+455107,KRX
20201209,+14550,2,+150,+1.04,2180486,8077,5033,--3044,+626,556586,345503,--211083,+40211,KRX
20201208,14400,3,0,0.00,3639869,11065,7395,--3670,--4617,755766,504472,--251294,--316777,KRX
20201207,-14400,5,-500,-3.36,3682592,4981,5928,+947,+7470,346016,411499,+65483,+507802,KRX
20201204,-14900,5,-100,-0.67,3422729,11239,4716,--6523,--1043,760873,318554,--442319,--76366,KRX
20201203,-15000,5,-50,-0.33,4046522,9168,3688,--5480,--3213,612931,246978,--365953,--219049,KRX
20201202,-15050,5,-450,-2.90,7731027,17437,15170,--2267,+2052,1137121,990217,--146904,+125746,KRX
20201201,-15500,5,-1250,-7.46,9105455,12292,7973,--4319,--48885,770713,498063,--272650,--2937973,KRX
20201130,-16750,5,-350,-2.05,28023172,239689,284255,+44566,+4272,14295680,16961003,+2665323,+240739,KRX
20201127,+17100,2,+1050,+6.54,16536985,12476,52770,+40294,+17246,743508,3168092,+2424584,+959947,KRX
20201126,+16050,2,+650,+4.22,7391253,4039,27087,+23048,+9981,256404,1721041,+1464637,+609496,KRX
20201125,+15400,2,+100,+0.65,4523336,5570,18637,+13067,+9080,365405,1220546,+855141,+593089,KRX
20201124,15300,3,0,0.00,3872144,11603,15590,+3987,--9987,759052,1021104,+262052,--660328,KRX
20201123,+15300,2,+500,+3.38,4409425,7085,21059,+13974,+7988,465930,1388310,+922380,+517472,KRX
20201120,+14800,2,+150,+1.02,2685588,4386,10372,+5986,--1424,296909,701817,+404908,--103822,KRX
20201119,-14650,5,-250,-1.68,5002875,6712,14122,+7410,--983,457195,965925,+508730,--47734,KRX
20201118,-14900,5,-950,-5.99,7600712,5736,14129,+8393,+1787,380552,937016,+556464,+133926,KRX
20201117,+15850,2,+100,+0.63,4073172,5059,11665,+6606,--4107,318913,741451,+422538,--248694,KRX
20201116,-15750,5,-700,-4.26,5797926,3973,14686,+10713,+2581,246663,917895,+671232,+173495,KRX
20201113,+16450,2,+50,+0.30,5190976,7953,16085,+8132,+2000,486301,984038,+497737,+123168,KRX
20201112,+16400,2,+50,+0.31,5682191,8956,15088,+6132,--9724,553187,927756,+374569,--603561,KRX
20201111,+16350,2,+400,+2.51,11496128,14903,30759,+15856,+28621,917370,1895500,+978130,+1796899,KRX
20201110,+15950,2,+300,+1.92,6414858,21987,9222,--12765,--23343,1408749,589980,--818769,--1493289,KRX
20201109,+15650,2,+950,+6.46,16870984,14442,25020,+10578,+5682,916697,1591217,+674520,+344890,KRX
20201106,+14700,2,+150,+1.03,4993545,7050,11946,+4896,--13693,486899,816529,+329630,--961113,KRX
20201105,+14550,2,+700,+5.05,5530543,2919,21508,+18589,+8450,204354,1495097,+1290743,+565781,KRX
20201104,-13850,5,-500,-3.48,7308120,8503,18642,+10139,--2779,604686,1329648,+724962,--188225,KRX
20201103,+14350,2,+450,+3.24,4684381,3150,16068,+12918,+10810,222082,1135269,+913187,+760679,KRX
20201102,+13900,2,+150,+1.09,2237212,2652,4760,+2108,+5378,192526,345034,+152508,+384651,KRX
20201030,-13750,5,-400,-2.83,3740736,9491,6221,--3270,--10234,678520,446377,--232143,--734132,KRX
20201029,+14150,2,+350,+2.54,5385965,4712,11676,+6964,+581,338944,840933,+501989,+36560,KRX
20201028,+13800,2,+400,+2.99,3102057,2448,8831,+6383,+14,180009,645438,+465429,--19556,KRX
20201027,+13400,2,+250,+1.90,2892079,3903,10272,+6369,+7179,296715,781700,+484985,+545763,KRX
20201026,-13150,5,-750,-5.40,3274617,4089,3279,--810,--1526,306053,245275,--60778,--112154,KRX
20201023,+13900,2,+200,+1.46,5155911,4426,5142,+716,--2414,317663,369039,+51376,--180406,KRX
20201022,+13700,2,+250,+1.86,3445724,3140,6270,+3130,+382,232799,464581,+231782,+25472,KRX
20201021,13450,3,0,0.00,3515082,4388,7136,+2748,+2801,326429,532739,+206310,+231875,KRX
20201020,+13450,2,+100,+0.75,9356008,13130,13077,--53,--3656,1014762,989197,--25565,--319424,KRX
20201019,+13350,2,+1300,+10.79,8173802,10404,14007,+3603,+2011,810467,1104326,+293859,+158935,KRX
20201016,+12050,2,+250,+2.12,2858426,3107,4699,+1592,+9070,259939,394863,+134924,+760460,KRX
20201015,-11800,5,-50,-0.42,5690459,11289,3811,--7478,--6655,945416,319880,--625536,--561955,KRX
20201014,-12900,5,-300,-2.27,4468644,7094,6271,--823,--3062,550493,486912,--63581,--233189,KRX
20201013,-13200,5,-250,-1.86,3686757,5016,7255,+2239,+2876,379793,549401,+169608,+214410,KRX
20201012,-13450,5,-450,-3.24,3493472,6491,5854,--637,--15256,476510,431708,--44802,--1093912,KRX
20201008,+13900,2,+300,+2.21,5035095,6476,21095,+14619,+13669,465913,1515023,+1049110,+979160,KRX
20201007,-13600,5,-250,-1.81,2058639,1565,2515,+950,+831,114387,184337,+69950,+59835,KRX
20201006,-13850,5,-150,-1.07,2917441,5012,5131,+119,--4554,359108,369223,+10115,--328922,KRX
20201005,+14000,2,+700,+5.26,3595091,2516,7189,+4673,+5873,183741,522778,+339037,+426238,KRX
20200929,-13300,5,-200,-1.48,2374486,3766,2566,--1200,--4725,278803,191602,--87201,--354980,KRX
20200928,+13500,2,+650,+5.06,5477811,6045,9570,+3525,+3624,449381,717160,+267779,+274055,KRX
20200925,-12850,5,-350,-2.65,3602865,4984,4885,--99,--4248,381829,375553,--6276,--329065,KRX
20200924,-13200,5,-200,-1.49,5953307,7638,11787,+4149,+4794,571840,894629,+322789,+368850,KRX
20200923,-13400,5,-600,-4.29,5174096,8447,7802,--645,+2008,624880,578819,--46061,+130331,KRX
20200922,-14000,5,-400,-2.78,9002689,12993,10340,--2653,+1386,913182,736790,--176392,+100875,KRX
20200921,-14400,5,-600,-4.00,5982061,11110,7071,--4039,+2589,759359,482092,--277267,+155087,KRX
20200918,-15000,5,-450,-2.91,7741797,14684,8056,--6628,+4689,967569,535215,--432354,+273980,KRX
20200917,-15450,5,-250,-1.59,12256176,17677,6360,--11317,--12487,1107618,401284,--706334,--781622,KRX
20200916,+15700,2,+700,+4.67,8133286,3794,4964,+1170,+2642,246800,322088,+75288,+176003,KRX
20200915,+15000,2,+100,+0.67,4132818,4424,2952,--1472,+1193,302868,202153,--100715,+77060,KRX
20200914,+14900,2,+50,+0.34,4063725,5384,2719,--2665,--1647,359500,181725,--177775,--109896,KRX
20200911,+14850,2,+150,+1.02,12164824,6999,5981,--1018,+120,468200,400321,--67879,+19838,KRX
20200910,+14700,2,+600,+4.26,24374578,9604,8466,--1138,--332,675408,587691,--87717,--35718,KRX
20200909,-14100,5,-1150,-7.54,11886727,5428,4622,--806,--5332,379365,327366,--51999,--338773,KRX
20200908,-15250,5,-850,-5.28,14535692,3449,7975,+4526,+1784,210316,497090,+286774,+106113,KRX
20200907,-16100,5,-200,-1.23,37784332,11627,14369,+2742,--38,725729,906390,+180661,+7854,KRX
20200904,16300,3,0,0.00,15512400,8578,11358,+2780,+6286,516906,689713,+172807,+377522,KRX
20200903,-16300,5,-450,-2.69,14504061,8090,4584,--3506,--391,477025,272310,--204715,--65646,KRX
20200902,+16750,2,+800,+5.02,44917768,24862,21747,--3115,--3654,1479872,1340803,--139069,--186937,KRX
20200901,-15950,5,-150,-0.93,23748362,13755,14294,+539,+11549,864931,912799,+47868,+814058,KRX
20200831,+16100,2,+3100,+23.85,72792099,45740,34730,--11010,--27678,3032676,2266486,--766190,--2103788,KRX
20200828,+13000,2,+2700,+26.21,72620662,32349,49017,+16668,+10598,2599331,3936929,+1337598,+733204,KRX
20200827,+10300,2,+300,+3.00,7638089,3861,9931,+6070,+4400,382624,987018,+604394,+436953,KRX
20200826,-10000,5,-150,-1.48,5588703,3653,5323,+1670,--4711,365857,533298,+167441,--474917,KRX
20200825,+10150,2,+370,+3.78,8881237,8060,14441,+6381,+6578,810647,1453005,+642358,+660966,KRX
20200824,-9780,5,-130,-1.31,5473981,4817,4620,--197,+1162,497485,478877,--18608,+117438,KRX
20200821,-9910,5,-140,-1.39,5412722,3155,1796,--1359,--5932,316790,180744,--136046,--600302,KRX
20200820,10050,3,0,0.00,10513477,5317,9890,+4573,+5557,533058,997314,+464256,+561883,KRX
20200819,+10050,2,+250,+2.55,9160520,5893,4909,--984,--6483,592011,494384,--97627,--664341,KRX
20200818,+9800,2,+120,+1.24,14484833,7211,12710,+5499,+8146,739419,1306133,+566714,+835532,KRX
20200814,+9680,2,+670,+7.44,29948472,18937,16290,--2647,--3863,1971030,1702212,--268818,--403683,KRX
20200813,-9010,5,-80,-0.88,3504677,2397,3613,+1216,+795,265215,400080,+134865,+83572,KRX
20200812,+9090,2,+40,+0.44,7535713,3530,3951,+421,+1194,387254,438547,+51293,+136491,KRX
20200811,-9050,5,-200,-2.16,3608745,2412,1639,--773,--4640,265242,180044,--85198,--516719,KRX
20200810,+9250,2,+110,+1.20,6208652,3612,7479,+3867,+3017,397677,829198,+431521,+336573,KRX
20200807,+9140,2,+80,+0.88,8946676,4311,5161,+850,+2266,457236,552184,+94948,+250931,KRX
20200806,-9060,5,-270,-2.89,5284485,2773,1357,--1416,+122,306144,150161,--155983,+8801,KRX
20200805,-9330,5,-30,-0.32,4392492,2565,1027,--1538,--1545,274948,110164,--164784,--180941,KRX
20200804,+9360,2,+90,+0.97,16585803,5218,5225,+7,--30,566168,582325,+16157,+9131,KRX
20200803,-9270,5,-1230,-11.71,14335122,3585,3622,+37,+995,365838,372864,+7026,+97156,KRX
20200731,-10500,5,-350,-3.23,5361710,3197,2239,--958,--282,301777,211647,--90130,--28898,KRX
20200730,10850,3,0,0.00,9153255,3231,2555,--676,+156,303079,241847,--61232,+14370,KRX
20200729,+10850,2,+900,+9.05,22574519,3123,2291,--832,--591,289658,214056,--75602,--54902,KRX
20200728,+9950,2,+1240,+14.24,7321406,604,363,--241,--302,61550,40850,--20700,--27683,KRX
20200727,+8710,2,+540,+6.61,4790529,15,76,+61,+718,1758,8741,+6983,+86568,KRX
20200724,-8170,5,-440,-5.11,3983059,658,1,--657,--3236,79711,126,--79585,--396065,KRX
20200723,+8610,2,+30,+0.35,23415566,5511,8090,+2579,+3457,653425,969905,+316480,+406990,KRX
20200722,+8580,2,+1430,+20.00,81915574,11299,10421,--878,--339,1309548,1219038,--90510,--34189,KRX
20200721,+7150,1,+1650,+30.00,33938081,5552,5013,--539,--1116,876207,819886,--56321,--161492,KRX
20200720,+5500,2,+585,+11.90,14522226,2255,2832,+577,+2772,408428,513599,+105171,+543412,KRX
20200717,-4915,5,-5,-0.10,2088178,2548,353,--2195,--2820,509599,71358,--438241,--566155,KRX
20200716,+4920,2,+140,+2.93,2324207,1621,2246,+625,+723,330603,458517,+127914,+152090,KRX
20200715,+4780,2,+140,+3.02,2542589,2521,2423,--98,--76,525935,501759,--24176,--18655,KRX
20200714,+4640,2,+40,+0.87,1013309,1145,1123,--22,--255,247148,241627,--5521,--56239,KRX
20200713,+4600,2,+90,+2.00,951592,724,957,+233,+844,157942,208660,+50718,+184994,KRX
20200710,-4510,5,-110,-2.38,1080756,1071,460,--611,--165,235780,101504,--134276,--37712,KRX
20200709,4620,3,0,0.00,1023021,1168,722,--446,--818,252927,156363,--96564,--176628,KRX
20200708,+4620,2,+15,+0.33,772586,948,1320,+372,+945,204733,284797,+80064,+203332,KRX
20200707,-4605,5,-105,-2.23,904170,1318,745,--573,--827,282296,159028,--123268,--177073,KRX
20200706,-4710,5,-55,-1.15,729250,308,562,+254,+680,65322,119127,+53805,+143436,KRX
20200703,-4765,5,-10,-0.21,715352,713,287,--426,--171,150096,60465,--89631,--36291,KRX
20200702,+4775,2,+70,+1.49,948459,658,403,--255,--95,138272,84932,--53340,--19799,KRX
20200701,-4705,5,-130,-2.69,1112203,777,617,--160,--517,162816,129275,--33541,--109432,KRX
20200630,+4835,2,+195,+4.20,4391289,1995,2352,+357,+887,412383,488274,+75891,+184759,KRX
20200629,+4640,2,+100,+2.20,3378721,2377,1847,--530,--615,509810,400942,--108868,--127308,KRX
20200626,+4540,2,+10,+0.22,806991,551,636,+85,--32,121309,139749,+18440,--7417,KRX
20200625,-4530,5,-130,-2.79,1329223,784,901,+117,+452,173086,198943,+25857,+97171,KRX
20200624,4660,3,0,0.00,930684,912,577,--335,--209,194539,123225,--71314,--45543,KRX
20200623,-4660,5,-140,-2.92,1526730,945,819,--126,+78,199922,174151,--25771,+17229,KRX
20200622,-4800,5,-35,-0.72,1683227,1078,874,--204,--90,225144,182144,--43000,--18946,KRX
20200619,-4835,5,-50,-1.02,1763585,3230,3116,--114,--170,669146,645092,--24054,--35356,KRX
20200618,-4885,5,-85,-1.71,1376752,888,944,+56,+238,182169,193471,+11302,+47277,KRX
20200617,-4970,5,-180,-3.50,2790682,2332,2150,--182,+365,464956,428981,--35975,+71034,KRX
20200616,+5150,2,+485,+10.40,7651105,2602,2055,--547,--636,519835,412826,--107009,--126082,KRX
20200615,-4665,5,-295,-5.95,2380851,1835,1924,+89,+47,379488,398561,+19073,+8235,KRX
20200612,-4960,5,-180,-3.50,2710264,2260,2302,+42,--392,460527,471365,+10838,--71849,KRX
20200611,-5140,5,-150,-2.84,3663758,4035,4469,+434,+469,778763,861450,+82687,+90136,KRX
20200610,5290,3,0,0.00,2209406,1970,1935,--35,--1056,378288,370839,--7449,--201484,KRX
20200609,+5290,2,+200,+3.93,4181149,3026,4047,+1021,+1975,577511,771546,+194035,+381443,KRX
20200608,+5090,2,+50,+0.99,3119843,2746,1792,--954,--2767,540492,353084,--187408,--553083,KRX
20200605,+5040,2,+95,+1.92,2890291,1059,2872,+1813,+1881,211776,577451,+365675,+377824,KRX
20200604,+4945,2,+70,+1.44,4927576,2926,2858,--68,+243,583161,571012,--12149,+48734,KRX
20200603,+4875,2,+15,+0.31,5950654,3074,2763,--311,--1307,627088,566205,--60883,--269848,KRX
20200602,+4860,2,+420,+9.46,12206389,2333,3329,+996,+2612,479748,688713,+208965,+570315,KRX
20200601,+4440,2,+160,+3.74,3440172,2755,1139,--1616,--798,616919,255569,--361350,--171224,KRX
20200529,-4280,5,-100,-2.28,2704962,2571,1753,--818,--645,599539,409413,--190126,--155298,KRX
20200528,-4380,5,-180,-3.95,5252286,3243,3070,--173,+271,730545,695717,--34828,+17691,KRX
20200527,+4560,2,+570,+14.29,18027176,7578,7134,--444,--1256,1676663,1624144,--52519,--256777,KRX
20200526,+3990,2,+40,+1.01,1128935,422,1234,+812,+435,105930,310188,+204258,+108206,KRX
20200525,3950,3,0,0.00,917046,510,887,+377,+2245,129625,225677,+96052,+568770,KRX
20200522,-3950,5,-165,-4.01,2473381,3596,1728,--1868,--4107,907571,434853,--472718,--1018306,KRX
20200521,+4115,2,+120,+3.00,2592816,1122,3361,+2239,+2575,274124,819712,+545588,+629787,KRX
20200520,-3995,5,-65,-1.60,1332894,1566,1230,--336,--4186,391048,306849,--84199,--1046885,KRX
20200519,+4060,2,+180,+4.64,3387190,1397,5247,+3850,+3677,347040,1309726,+962686,+918078,KRX
20200518,-3880,5,-35,-0.89,991164,658,831,+173,--513,170095,214703,+44608,--130775,KRX
20200515,+3915,2,+5,+0.13,2059886,884,1570,+686,+444,224921,400304,+175383,+113096,KRX
20200514,+3910,2,+5,+0.13,1351318,1220,1462,+242,+43,312113,374400,+62287,+10657,KRX
20200513,+3905,2,+65,+1.69,1064655,883,1082,+199,+1006,227680,279310,+51630,+260772,KRX
20200512,-3840,5,-100,-2.54,1513878,1681,874,--807,--1230,433778,224636,--209142,--315774,KRX
20200511,+3940,2,+10,+0.25,2293956,1420,1843,+423,+38,360616,467248,+106632,+8779,KRX
20200508,+3930,2,+10,+0.26,917637,566,951,+385,--182,143933,241786,+97853,--47108,KRX
20200507,3920,3,0,0.00,1025539,664,1231,+567,+1041,169744,314705,+144961,+265215,KRX
20200506,+3920,2,+5,+0.13,1027651,1088,614,--474,--372,276781,156527,--120254,--92613,KRX
20200504,-3915,5,-80,-2.00,1273198,1193,1091,--102,--1243,304129,276488,--27641,--315314,KRX
20200429,+3995,2,+60,+1.52,1919724,866,2007,+1141,+3111,218159,505832,+287673,+775861,KRX
20200428,+3935,2,+100,+2.61,3975074,3249,1279,--1970,--3387,808471,320283,--488188,--862296,KRX
20200427,+3835,2,+85,+2.27,2074327,374,1791,+1417,+1935,98536,472644,+374108,+509933,KRX
20200424,-3750,5,-160,-4.09,1752023,1510,992,--518,--801,396015,260190,--135825,--209779,KRX
20200423,-3910,5,-75,-1.88,2328022,1229,1512,+283,+2170,314365,388319,+73954,+536609,KRX
20200422,-3985,5,-55,-1.36,5308000,3479,1592,--1887,+169,854424,391769,--462655,+32575,KRX
20200421,-4040,5,-50,-1.22,5367510,4553,2497,--2056,--3371,1116816,621586,--495230,--828314,KRX
20200420,+4090,2,+270,+7.07,6061652,3003,4318,+1315,--641,728061,1061145,+333084,--181184,KRX
20200417,+3820,2,+85,+2.28,2372103,772,2728,+1956,+1240,202450,716718,+514268,+319969,KRX
20200416,-3735,5,-345,-8.46,4869416,2439,3155,+716,+668,654003,848302,+194299,+182190,KRX
20200414,+4080,2,+90,+2.26,2793485,1454,1502,+48,+427,355735,367844,+12109,+105788,KRX
20200413,+3990,2,+30,+0.76,4278302,1637,1258,--379,+499,408644,314965,--93679,+128671,KRX
20200410,+3960,2,+115,+2.99,4248078,2663,1785,--878,--926,676146,453796,--222350,--233224,KRX
20200409,+3845,2,+115,+3.08,2370110,1833,1881,+48,--254,483216,494090,+10874,--69051,KRX
20200408,-3730,5,-35,-0.93,2090799,1294,1596,+302,+285,345850,425775,+79925,+76260,KRX
20200407,+3765,2,+15,+0.40,2931356,1931,1948,+17,--178,511044,514709,+3665,--48824,KRX
20200406,+3750,2,+30,+0.81,2771760,1072,1267,+195,+133,287046,339535,+52489,+32315,KRX
20200403,+3720,2,+145,+4.06,4658939,2194,2256,+62,+40,584557,604731,+20174,+13208,KRX
20200402,-3575,5,-10,-0.28,2800541,2306,2328,+22,+68,655344,662310,+6966,--13729,KRX
20200401,+3585,2,+170,+4.98,11071823,3647,3601,--46,+406,989100,1009795,+20695,+151607,KRX
20200331,3415,3,0,0.00,4106692,2697,2245,--452,--459,780388,649476,--130912,--134035,KRX
20200330,-3415,5,-175,-4.87,4475555,2411,2418,+7,+2351,716620,719743,+3123,+600712,KRX
20200327,+3590,2,+330,+10.12,12592104,5900,3556,--2344,--2062,1550604,953015,--597589,--517354,KRX
20200326,+3260,2,+200,+6.54,6259963,3568,3286,--282,+259,1126657,1046422,--80235,+93372,KRX
20200325,+3060,2,+255,+9.09,4245711,2608,2067,--541,--1015,853219,679612,--173607,--353720,KRX
20200324,+2805,2,+335,+13.56,2832196,1482,1956,+474,+308,561365,741478,+180113,+113530,KRX
20200323,-2470,5,-190,-7.14,2689734,1487,1653,+166,+134,601617,668200,+66583,+53141,KRX
20200320,+2660,2,+15,+0.57,3682065,2381,2413,+32,--1469,897911,911353,+13442,--530690,KRX
20200319,-2645,5,-250,-8.64,3790942,2404,3905,+1501,+2606,882360,1426492,+544132,+908580,KRX
20200318,-2895,5,-215,-6.91,3309600,2821,1716,--1105,--2367,940756,576308,--364448,--812185,KRX
20200317,+3110,2,+225,+7.80,5123524,3055,4317,+1262,+1120,1022671,1470408,+447737,+394389,KRX
20200316,-2885,5,-220,-7.09,4159318,2703,2845,+142,--2371,884689,938037,+53348,--800761,KRX
20200313,-3105,5,-170,-5.19,6606806,3551,6064,+2513,--998,1186397,2040506,+854109,--188005,KRX
20200312,-3275,5,-315,-8.77,9676133,4019,7530,+3511,+3985,1171323,2213437,+1042114,+1126290,KRX
20200311,-3590,5,-980,-21.44,18831495,10282,9808,--474,+1027,2636639,2552463,--84176,+244557,KRX
20200310,-4570,5,-140,-2.97,2315823,3498,1997,--1501,+230,764373,435640,--328733,+32706,KRX
20200309,-4710,5,-270,-5.42,2004801,2670,939,--1731,--471,560531,199092,--361439,--109335,KRX
20200306,-4980,5,-100,-1.97,1131889,1831,571,--1260,--940,366698,114594,--252104,--188943,KRX
20200305,+5080,2,+90,+1.80,975567,1223,903,--320,+358,242217,179056,--63161,+72496,KRX
20200304,4990,3,0,0.00,776606,1363,685,--678,--316,272965,137308,--135657,--63642,KRX
20200303,+4990,2,+35,+0.71,915343,1086,724,--362,+886,216063,144048,--72015,+180123,KRX
20200302,-4955,5,-55,-1.10,1481752,2722,1474,--1248,--1227,549377,297239,--252138,--247645,KRX
20200228,-5010,5,-100,-1.96,1945522,2323,2302,--21,+274,464450,459957,--4493,+52579,KRX
20200227,-5110,5,-60,-1.16,1038932,1448,1153,--295,--2,281612,224540,--57072,+154,KRX
20200226,-5170,5,-20,-0.39,1111019,1769,1476,--293,+1640,344936,287710,--57226,+315035,KRX
20200225,+5190,2,+40,+0.78,2086999,4023,2090,--1933,--74,776761,404500,--372261,--15404,KRX
20200224,-5150,5,-230,-4.28,1933589,2677,818,--1859,+462,513753,156896,--356857,+72615,KRX
20200221,-5380,5,-90,-1.65,1453367,3158,837,--2321,--277,584453,154981,--429472,--59282,KRX
20200220,-5470,5,-130,-2.32,1632466,2947,903,--2044,+355,533752,163562,--370190,+56343,KRX
20200219,-5600,5,-200,-3.45,2074490,3422,1023,--2399,--763,608434,181901,--426533,--149262,KRX
20200218,-5800,5,-220,-3.65,2524864,3576,1940,--1636,--6174,607560,330289,--277271,--1035726,KRX
20200217,+6020,2,+330,+5.80,4456082,3389,7927,+4538,+1053,566999,1325454,+758455,+144519,KRX
20200214,+5690,2,+270,+4.98,2734795,1883,5368,+3485,+5007,331820,945756,+613936,+891916,KRX
20200213,-5420,5,-170,-3.04,1932363,2831,1309,--1522,--1379,517228,239248,--277980,--252494,KRX
20200212,+5590,2,+10,+0.18,801498,1232,1089,--143,--651,220194,194708,--25486,--116740,KRX
20200211,+5580,2,+20,+0.36,668379,533,1041,+508,+531,95634,186888,+91254,+95186,KRX
20200210,5560,3,0,0.00,671282,930,907,--23,--108,168213,164281,--3932,--19322,KRX
20200207,-5560,5,-30,-0.54,665110,801,886,+85,--353,143898,159288,+15390,--62351,KRX
20200206,+5590,2,+130,+2.38,1184826,1255,1693,+438,+644,226043,303784,+77741,+115628,KRX
20200205,+5460,2,+20,+0.37,945465,1564,1358,--206,+519,287919,250032,--37887,+95588,KRX
20200204,+5440,2,+60,+1.12,905595,1421,696,--725,+625,261398,127923,--133475,+118351,KRX
20200203,-5380,5,-90,-1.65,1706527,2652,1302,--1350,--35,494760,242934,--251826,--15794,KRX
20200131,-5470,5,-140,-2.50,1598819,2708,1393,--1315,+1015,487562,251530,--236032,+171041,KRX
20200130,-5610,5,-340,-5.71,2112366,3559,1229,--2330,+97,622251,215178,--407073,--4213,KRX
20200129,-5950,5,-270,-4.34,1843903,3481,1054,--2427,+301,578163,175303,--402860,+48618,KRX
20200128,+6220,2,+80,+1.30,3175703,4040,1312,--2728,--5904,670424,218946,--451478,--979123,KRX
20200123,+6140,2,+340,+5.86,3923005,1542,4718,+3176,+3841,257223,784868,+527645,+651470,KRX
20200122,+5800,2,+290,+5.26,2030554,2675,2010,--665,--814,478093,354268,--123825,--150828,KRX
20200121,-5510,5,-60,-1.08,509345,484,633,+149,--318,87074,114077,+27003,--57042,KRX
20200120,-5570,5,-90,-1.59,791383,547,1014,+467,+607,97120,181165,+84045,+108843,KRX
20200117,-5660,5,-50,-0.88,647351,886,746,--140,--104,155785,130987,--24798,--18250,KRX
20200116,+5710,2,+30,+0.53,966945,1134,1098,--36,--554,197864,191316,--6548,--98997,KRX
20200115,+5680,2,+130,+2.34,940350,556,1074,+518,+184,98634,191083,+92449,+32594,KRX
20200114,-5550,5,-10,-0.18,524469,636,970,+334,+267,114353,174208,+59855,+47788,KRX
20200113,+5560,2,+70,+1.28,586307,548,615,+67,--1123,99317,111384,+12067,--205584,KRX
20200110,+5490,2,+70,+1.29,826407,777,1967,+1190,+1478,142115,359766,+217651,+271046,KRX
20200109,+5420,2,+110,+2.07,845653,1481,1193,--288,+429,274167,220772,--53395,+79894,KRX
20200108,-5310,5,-220,-3.98,1736784,2091,1374,--717,--486,391786,258497,--133289,--91168,KRX
20200107,-5530,5,-20,-0.36,675755,1314,1083,--231,--68,236489,194368,--42121,--13174,KRX
20200106,-5550,5,-170,-2.97,1346655,1804,1641,--163,--554,322494,293547,--28947,--97374,KRX
20200103,-5720,5,-10,-0.17,761035,1020,1411,+391,--84,178379,246806,+68427,--14091,KRX
20200102,+5730,2,+10,+0.17,732351,920,1395,+475,+116,160246,242764,+82518,+19920,KRX
20191230,-5720,5,-20,-0.35,505643,319,678,+359,--359,55761,118359,+62598,--62503,KRX
20191227,+5740,2,+50,+0.88,763038,647,1365,+718,+151,113501,238602,+125101,+25529,KRX
20191226,-5690,5,-10,-0.18,651388,253,820,+567,+349,44430,144002,+99572,+61560,KRX
20191224,-5700,5,-60,-1.04,882373,802,1020,+218,+136,140472,178484,+38012,+24327,KRX
20191223,+5760,2,+50,+0.88,951866,1037,1119,+82,+1108,181254,194939,+13685,+194541,KRX
20191220,+5710,2,+30,+0.53,1469730,3730,2704,--1026,+2830,655207,474351,--180856,+492802,KRX
20191219,+5680,2,+210,+3.84,4483578,5570,1714,--3856,--4014,973297,299639,--673658,--702484,KRX
20191218,+5470,2,+10,+0.18,487849,550,708,+158,+1245,100782,129608,+28826,+228216,KRX
20191217,-5460,5,-100,-1.80,908821,1854,767,--1087,--3474,339973,140583,--199390,--631094,KRX
20191216,+5560,2,+90,+1.65,1624438,1510,3897,+2387,+1920,272792,704496,+431704,+346391,KRX
20191213,-5470,5,-110,-1.97,1768635,1268,1735,+467,--3,231072,316385,+85313,--2872,KRX
20191212,+5580,2,+240,+4.49,1789927,2162,2632,+470,--17,389034,477219,+88185,--3209,KRX
20191211,+5340,2,+30,+0.56,429098,502,989,+487,+605,94074,185468,+91394,+114237,KRX
20191210,+5310,2,+40,+0.76,837074,1291,1173,--118,--639,242385,219542,--22843,--121432,KRX
20191209,+5270,2,+10,+0.19,737262,515,1036,+521,+171,97706,196295,+98589,+30836,KRX
20191206,-5260,5,-40,-0.75,1487188,1719,2069,+350,+698,327485,395238,+67753,+132624,KRX
20191205,-5300,5,-90,-1.67,701642,897,549,--348,--765,167917,103046,--64871,--142938,KRX
20191204,-5390,5,-110,-2.00,984487,1168,1585,+417,+207,215858,293925,+78067,+39745,KRX
20191203,-5500,5,-60,-1.08,467914,652,862,+210,--121,118338,156660,+38322,--21494,KRX
20191202,+5560,2,+100,+1.83,517736,521,852,+331,+1378,94320,154136,+59816,+249974,KRX
20191129,-5460,5,-60,-1.09,759976,1462,415,--1047,+283,265765,75607,--190158,+50715,KRX
20191128,+5520,2,+60,+1.10,665986,1708,378,--1330,+172,309605,68732,--240873,+32575,KRX
20191127,-5460,5,-30,-0.55,618473,1886,384,--1502,--592,343310,69862,--273448,--107455,KRX
20191126,+5490,2,+100,+1.86,1045341,1830,920,--910,--1075,333961,167968,--165993,--196893,KRX
20191125,+5390,2,+60,+1.13,797219,1296,1461,+165,+810,241114,272014,+30900,+151185,KRX
20191122,-5330,5,-20,-0.37,720194,1523,878,--645,--1107,284355,164070,--120285,--207192,KRX
20191121,-5350,5,-120,-2.19,1335507,1196,1658,+462,+1855,222095,309002,+86907,+338236,KRX
20191120,-5470,5,-190,-3.36,1706857,2656,1263,--1393,--1047,480217,228888,--251329,--190271,KRX
20191119,-5660,5,-60,-1.05,890353,1208,862,--346,--511,213175,152117,--61058,--90030,KRX
20191118,+5720,2,+40,+0.70,721323,654,819,+165,--69,114296,143268,+28972,--11933,KRX
20191115,-5680,5,-20,-0.35,756587,905,1139,+234,+680,158225,199130,+40905,+119145,KRX
20191114,-5700,5,-20,-0.35,978786,1432,986,--446,--161,251592,173352,--78240,--28650,KRX
20191113,-5720,5,-70,-1.21,582094,878,593,--285,--114,152559,102969,--49590,--20071,KRX
20191112,-5790,5,-40,-0.69,456049,776,605,--171,+306,134002,104483,--29519,+52263,KRX
20191111,-5830,5,-70,-1.19,651789,1112,635,--477,--851,190767,108985,--81782,--145172,KRX
20191108,+5900,2,+40,+0.68,545412,659,1033,+374,+260,111619,175009,+63390,+44015,KRX
20191107,-5860,5,-10,-0.17,667100,800,914,+114,+73,135861,155236,+19375,+12255,KRX
20191106,+5870,2,+20,+0.34,658702,961,1002,+41,+81,163851,170971,+7120,+13492,KRX
20191105,-5850,5,-20,-0.34,1187669,1782,1742,--40,--1450,304311,297939,--6372,--247244,KRX
20191104,+5870,2,+100,+1.73,1211205,551,1961,+1410,+5025,93961,334833,+240872,+863510,KRX
20191101,-5770,5,-370,-6.03,3360057,5266,1651,--3615,--3061,906058,283420,--622638,--533256,KRX
20191031,-6140,5,-100,-1.60,1235685,1624,1070,--554,--731,263624,174242,--89382,--117548,KRX
20191030,6240,3,0,0.00,689902,875,1052,+177,+1245,139242,167408,+28166,+197786,KRX
20191029,-6240,5,-140,-2.19,1018466,1748,680,--1068,--1321,277895,108275,--169620,--208929,KRX
20191028,-6380,5,-10,-0.16,634791,490,743,+253,+229,76637,115946,+39309,+35425,KRX
20191025,+6390,2,+30,+0.47,413801,528,552,+24,--322,82697,86581,+3884,--50420,KRX
20191024,+6360,2,+10,+0.16,574071,641,987,+346,+591,100786,155090,+54304,+92525,KRX
20191023,-6350,5,-160,-2.46,970609,1048,803,--245,--440,164250,126029,--38221,--68172,KRX
20191022,+6510,2,+100,+1.56,668280,824,1019,+195,--78,126828,156779,+29951,--12586,KRX
20191021,-6410,5,-120,-1.84,507778,509,782,+273,+507,78990,121527,+42537,+78498,KRX
20191018,+6530,2,+20,+0.31,536824,792,558,--234,--440,121343,85382,--35961,--67577,KRX
20191017,-6510,5,-90,-1.36,567405,497,703,+206,+242,75646,107262,+31616,+37028,KRX
20191016,+6600,2,+70,+1.07,481601,734,698,--36,+1349,111286,105874,--5412,+205568,KRX
20191015,+6530,2,+10,+0.15,947309,1865,480,--1385,--1092,283769,72789,--210980,--166666,KRX
20191014,+6520,2,+220,+3.49,1039340,1282,989,--293,+1011,196748,152434,--44314,+161300,KRX
20191011,6300,3,0,0.00,713519,1778,474,--1304,--419,280240,74626,--205614,--65601,KRX
20191010,-6300,5,-120,-1.87,918449,2017,1132,--885,--25,318844,178831,--140013,--6889,KRX
20191008,+6420,2,+60,+0.94,1120377,2158,1298,--860,--997,333766,200642,--133124,--155042,KRX
20191007,-6360,5,-70,-1.09,897272,1175,1312,+137,--533,183943,205861,+21918,--81149,KRX
20191004,-6430,5,-180,-2.72,1201941,1239,1909,+670,+1906,190620,293687,+103067,+288354,KRX
20191002,-6610,5,-210,-3.08,1318712,2269,1033,--1236,--1033,340493,155206,--185287,--155882,KRX
20191001,+6820,2,+20,+0.29,924722,1322,1119,--203,--1249,193768,164363,--29405,--186031,KRX
20190930,+6800,2,+40,+0.59,1144451,1111,2157,+1046,+1742,163998,320624,+156626,+259088,KRX
20190927,-6760,5,-90,-1.31,933451,1757,1061,--696,--842,257954,155492,--102462,--124915,KRX
20190926,-6850,5,-90,-1.30,1874593,2291,2437,+146,+1260,335119,357572,+22453,+180355,KRX
20190925,-6940,5,-130,-1.84,1788517,2454,1340,--1114,+1614,348526,190624,--157902,+226950,KRX
20190924,-7070,5,-130,-1.81,1555232,3537,809,--2728,--531,499102,114250,--384852,--79225,KRX
20190923,+7200,2,+260,+3.75,3368191,4173,1976,--2197,--11,579421,273794,--305627,+7981,KRX
20190920,-6940,5,-110,-1.56,1587336,3461,1275,--2186,--1764,497510,183902,--313608,--252394,KRX
20190919,+7050,2,+280,+4.14,2802848,2822,2400,--422,+1015,406209,344995,--61214,+150840,KRX
20190918,-6770,5,-240,-3.42,3059351,2930,1493,--1437,+6191,431475,219421,--212054,+859186,KRX
20190917,+7010,2,+320,+4.78,6977102,9812,2184,--7628,--9099,1379428,308188,--1071240,--1295372,KRX
20190916,+6690,2,+380,+6.02,2180028,1021,2492,+1471,+254,154357,378489,+224132,+30454,KRX
20190911,+6310,2,+110,+1.77,1411469,2069,3286,+1217,--1361,329060,522738,+193678,--226926,KRX
20190910,+6200,2,+190,+3.16,1275487,545,3123,+2578,+1235,88814,509418,+420604,+200278,KRX
20190909,+6010,2,+20,+0.33,925395,660,2003,+1343,+784,108861,329187,+220326,+127186,KRX
20190906,5990,3,0,0.00,545477,487,1046,+559,+829,81180,174320,+93140,+138026,KRX
20190905,-5990,5,-120,-1.96,1060167,1136,866,--270,--970,187419,142533,--44886,--160486,KRX
20190904,+6110,2,+80,+1.33,664406,798,1498,+700,+370,132137,247737,+115600,+61147,KRX
20190903,+6030,2,+10,+0.17,522889,703,1033,+330,+121,116043,170496,+54453,+19841,KRX
20190902,+6020,2,+40,+0.67,475422,327,536,+209,--2426,54615,89227,+34612,--405472,KRX
20190830,+5980,2,+150,+2.57,1030563,370,3005,+2635,+2974,61994,502078,+440084,+497838,KRX
20190829,-5830,5,-20,-0.34,1019619,1643,1304,--339,--488,279115,221361,--57754,--83339,KRX
20190828,+5850,2,+70,+1.21,532758,659,808,+149,+546,113432,139017,+25585,+94051,KRX
20190827,+5780,2,+40,+0.70,879938,2144,1747,--397,--1740,369791,301325,--68466,--301187,KRX
20190826,-5740,5,-150,-2.55,754581,550,1893,+1343,+733,95782,328503,+232721,+128695,KRX
20190823,+5890,2,+10,+0.17,597865,537,1147,+610,+492,91457,195483,+104026,+83981,KRX
20190822,-5880,5,-30,-0.51,896204,1669,1787,+118,--454,283709,303754,+20045,--76850,KRX
20190821,+5910,2,+70,+1.20,1019356,1511,2083,+572,+374,255929,352824,+96895,+63150,KRX
20190820,5840,3,0,0.00,719990,1084,1282,+198,--1236,185602,219347,+33745,--215653,KRX
20190819,+5840,2,+290,+5.23,1256394,1006,2440,+1434,+803,174386,423784,+249398,+134988,KRX
20190816,-5550,5,-30,-0.54,730474,894,1525,+631,+339,161117,275527,+114410,+61575,KRX
20190814,+5580,2,+150,+2.76,939543,1409,1701,+292,+569,255599,308434,+52835,+104305,KRX
20190813,+5430,2,+20,+0.37,652116,1462,1185,--277,--985,270804,219334,--51470,--182962,KRX
20190812,+5410,2,+100,+1.88,655636,482,1190,+708,+1394,89628,221120,+131492,+259848,KRX
20190809,+5310,2,+10,+0.19,934955,1656,970,--686,--101,309738,181382,--128356,--18333,KRX
20190808,+5300,2,+40,+0.76,1063171,1804,1219,--585,--101,339385,229362,--110023,--17463,KRX
20190807,+5260,2,+60,+1.15,1035284,2132,1648,--484,--2302,407927,315367,--92560,--441901,KRX
20190806,5200,3,0,0.00,1913981,1808,3626,+1818,+3341,346139,695480,+349341,+623606,KRX
20190805,-5200,5,-610,-10.50,3513614,4290,2767,--1523,+1665,788666,514401,--274265,+269782,KRX
20190802,-5810,5,-190,-3.17,1709266,4120,932,--3188,--2721,703079,159032,--544047,--465686,KRX
20190801,-6000,5,-90,-1.48,1156855,1674,1207,--467,--926,279042,200681,--78361,--154216,KRX
20190731,+6090,2,+60,+1.00,1115921,1996,2455,+459,+4405,330032,405887,+75855,+727510,KRX
20190730,-6030,5,-110,-1.79,1667218,4729,783,--3946,--2934,780343,128688,--651655,--488555,KRX
20190729,-6140,5,-260,-4.06,1900235,3099,2087,--1012,--6280,490954,327854,--163100,--984638,KRX
20190726,+6400,2,+290,+4.75,4164548,3148,8416,+5268,+10701,491775,1313313,+821538,+1709752,KRX
20190725,-6110,5,-240,-3.78,2332524,6471,1038,--5433,--6974,1057546,169332,--888214,--1128495,KRX
20190724,+6350,2,+60,+0.95,1159871,670,2211,+1541,+1075,105118,345399,+240281,+166655,KRX
20190723,+6290,2,+30,+0.48,650670,965,1431,+466,--12,152915,226541,+73626,--2072,KRX
20190722,6260,3,0,0.00,618792,757,1235,+478,+189,120414,196112,+75698,+28472,KRX
20190719,+6260,2,+200,+3.30,820511,1034,1323,+289,+635,167297,214523,+47226,+104192,KRX
20190718,-6060,5,-10,-0.16,394187,877,531,--346,--333,144274,87308,--56966,--54737,KRX
20190717,-6070,5,-110,-1.78,569932,839,826,--13,--1106,137756,135527,--2229,--177568,KRX
20190716,+6180,2,+80,+1.31,771048,762,1855,+1093,+1189,123579,298918,+175339,+191200,KRX
20190715,-6100,5,-120,-1.93,517012,911,815,--96,--485,148721,132860,--15861,--78409,KRX
20190712,+6220,2,+40,+0.65,373602,376,765,+389,--1011,60415,122963,+62548,--165124,KRX
20190711,+6180,2,+200,+3.34,1064066,1065,2465,+1400,+2051,173814,401486,+227672,+336704,KRX
20190710,-5980,5,-30,-0.50,971770,1663,1012,--651,+792,277957,168925,--109032,+129211,KRX
20190709,-6010,5,-160,-2.59,956021,1851,408,--1443,--985,305622,67379,--238243,--164337,KRX
20190708,-6170,5,-70,-1.12,685470,1114,656,--458,--653,179922,106016,--73906,--105191,KRX
20190705,+6240,2,+70,+1.13,416883,610,805,+195,+1131,98077,129362,+31285,+184136,KRX
20190704,-6170,5,-50,-0.80,922583,1766,830,--936,--761,288001,135150,--152851,--125082,KRX
20190703,-6220,5,-70,-1.11,763025,1249,1074,--175,--494,198804,171035,--27769,--78628,KRX
20190702,-6290,5,-10,-0.16,553351,617,936,+319,--202,97959,148818,+50859,--31559,KRX
20190701,+6300,2,+100,+1.61,806778,619,1140,+521,+5887,98332,180750,+82418,+935299,KRX
20190628,-6200,5,-400,-6.06,2601348,6278,912,--5366,--5995,998738,145857,--852881,--947632,KRX
20190627,+6600,2,+100,+1.54,721232,860,1489,+629,+1177,130727,225478,+94751,+179242,KRX
20190626,6500,3,0,0.00,719068,1566,1018,--548,--329,241414,156923,--84491,--50812,KRX
20190625,-6500,5,-70,-1.07,1096171,1584,1365,--219,+2537,240425,206746,--33679,+381974,KRX
20190624,-6570,5,-220,-3.24,1391052,3542,786,--2756,--2903,534520,118867,--415653,--437084,KRX
20190621,+6790,2,+50,+0.74,1112361,2904,3051,+147,+756,428467,449898,+21431,+111557,KRX
20190620,+6740,2,+40,+0.60,931134,1408,799,--609,--2739,207915,117789,--90126,--408931,KRX
20190619,+6700,2,+150,+2.29,1109484,373,2503,+2130,+1592,55797,374602,+318805,+237024,KRX
20190618,-6550,5,-50,-0.76,650351,889,1427,+538,+626,134641,216422,+81781,+95201,KRX
20190617,-6600,5,-30,-0.45,665718,1257,1169,--88,+1326,190417,176997,--13420,+200035,KRX
20190614,-6630,5,-10,-0.15,1382125,3756,2342,--1414,--1972,566490,353035,--213455,--297111,KRX
20190613,+6640,2,+60,+0.91,1574079,2973,3531,+558,+593,449145,532801,+83656,+89422,KRX
20190612,+6580,2,+70,+1.08,1180839,2388,2353,--35,--1936,362794,357028,--5766,--298293,KRX
20190611,+6510,2,+190,+3.01,1314486,550,2451,+1901,+2072,84593,377120,+292527,+319661,KRX
20190610,+6320,2,+10,+0.16,711044,1857,1686,--171,--774,293602,266468,--27134,--121975,KRX
20190607,+6310,2,+10,+0.16,908023,1451,2054,+603,+1970,229521,324362,+94841,+310307,KRX
20190605,-6300,5,-100,-1.56,1096063,2200,833,--1367,--3776,345048,129582,--215466,--587238,KRX
20190604,+6400,2,+190,+3.06,2357347,2333,4742,+2409,+2142,363263,735035,+371772,+329074,KRX
20190603,-6210,5,-40,-0.64,1159052,1871,2138,+267,+968,303915,346613,+42698,+154350,KRX
20190531,-6250,5,-10,-0.16,1120483,2648,1947,--701,--4285,421367,309715,--111652,--688771,KRX
20190530,+6260,2,+280,+4.68,1822254,1758,5342,+3584,+7279,282988,860107,+577119,+1189882,KRX
20190529,-5980,5,-260,-4.17,2044631,4566,871,--3695,--3487,757389,144626,--612763,--579764,KRX
20190528,+6240,2,+120,+1.96,1158010,2245,2037,--208,--116,359418,326419,--32999,--17846,KRX
20190527,+6120,2,+110,+1.83,758899,889,797,--92,+254,145861,130708,--15153,+42391,KRX
20190524,6010,3,0,0.00,648839,1286,940,--346,--860,213387,155843,--57544,--143190,KRX
20190523,-6010,5,-20,-0.33,877242,715,1229,+514,+409,119475,205121,+85646,+68544,KRX
20190522,-6030,5,-60,-0.99,790182,860,965,+105,+403,142322,159424,+17102,+65750,KRX
20190521,-6090,5,-80,-1.30,1142828,2050,1752,--298,+67,337059,288411,--48648,+9758,KRX
20190520,-6170,5,-160,-2.53,539892,902,537,--365,--923,144605,86199,--58406,--146422,KRX
20190517,+6330,2,+20,+0.32,464159,474,1032,+558,+595,74692,162708,+88016,+93701,KRX
20190516,-6310,5,-100,-1.56,488864,695,658,--37,--663,109964,104279,--5685,--103365,KRX
20190515,+6410,2,+150,+2.40,746745,822,1448,+626,--1295,129006,226686,+97680,--209485,KRX
20190514,+6260,2,+120,+1.95,1351794,1496,3417,+1921,+2408,239909,547074,+307165,+382231,KRX
20190513,-6140,5,-340,-5.25,1774059,1892,1405,--487,+540,300451,225385,--75066,+80853,KRX
20190510,-6480,5,-100,-1.52,1612942,2518,1491,--1027,+847,385641,229722,--155919,+125532,KRX
20190509,-6580,5,-210,-3.09,1872721,3766,1892,--1874,--281,566670,285219,--281451,--46547,KRX
20190508,+6790,2,+50,+0.74,1073027,2563,970,--1593,--72,377447,142543,--234904,--16325,KRX
20190507,-6740,5,-270,-3.85,2084938,3374,1853,--1521,+3836,490444,271865,--218579,+526684,KRX
20190503,-7010,5,-430,-5.78,2470841,5733,376,--5357,--11718,797953,52690,--745263,--1609752,KRX
20190502,+7440,2,+450,+6.44,4654884,2493,8854,+6361,+6174,337971,1202460,+864489,+838469,KRX
20190430,+6990,2,+70,+1.01,1116251,1819,2006,+187,+1522,262750,288770,+26020,+218902,KRX
20190429,-6920,5,-110,-1.56,1264291,2191,856,--1335,--6388,316455,123573,--192882,--897902,KRX
20190426,+7030,2,+160,+2.33,3592082,2324,7377,+5053,+3795,326707,1031727,+705020,+522335,KRX
20190425,-6870,5,-30,-0.43,1116308,1446,2704,+1258,+1222,209681,392366,+182685,+177999,KRX
20190424,-6900,5,-160,-2.27,1331912,2250,2286,+36,--3247,323487,328173,+4686,--461244,KRX
20190423,+7060,2,+80,+1.15,1530237,1643,4926,+3283,+1822,233807,699737,+465930,+256444,KRX
20190422,+6980,2,+40,+0.58,925560,595,2056,+1461,+1567,85357,294843,+209486,+225600,KRX
20190419,+6940,2,+50,+0.73,1795431,1431,1325,--106,--417,206617,190503,--16114,--59142,KRX
20190418,-6890,5,-290,-4.04,1424647,1426,1737,+311,+704,203444,246472,+43028,+97398,KRX
20190417,-7180,5,-220,-2.97,975064,1388,995,--393,--333,191824,137454,--54370,--46442,KRX
20190416,7400,3,0,0.00,1147801,1704,1644,--60,--305,227509,219581,--7928,--40949,KRX
20190415,+7400,2,+50,+0.68,770549,879,1124,+245,--70,119109,152130,+33021,--9767,KRX
20190412,+7350,2,+10,+0.14,497379,1098,1413,+315,+686,149837,192625,+42788,+93763,KRX
20190411,+7340,2,+140,+1.94,1004687,2056,1685,--371,--448,281965,230990,--50975,--61673,KRX
20190410,-7200,5,-100,-1.37,718683,1237,1314,+77,+251,172589,183287,+10698,+34624,KRX
20190409,7300,3,0,0.00,456850,1014,840,--174,+687,138808,114882,--23926,+91939,KRX
20190408,-7300,5,-70,-0.95,868499,2030,1169,--861,--821,274301,158436,--115865,--110731,KRX
20190405,+7370,2,+140,+1.94,1050225,1768,1728,--40,--1148,240423,235289,--5134,--158474,KRX
20190404,7230,3,0,0.00,654333,730,1838,+1108,--799,101149,254489,+153340,--112058,KRX
20190403,+7230,2,+110,+1.54,816995,674,2581,+1907,+389,93850,359248,+265398,+52489,KRX
20190402,+7120,2,+30,+0.42,842504,674,2192,+1518,--3300,94631,307540,+212909,--477946,KRX
20190401,+7090,2,+400,+5.98,1656328,807,5625,+4818,+4628,115746,806601,+690855,+662873,KRX
20190329,+6690,2,+70,+1.06,1422198,2386,2576,+190,+395,360510,388492,+27982,+58820,KRX
20190328,-6620,5,-190,-2.79,1161494,1531,1326,--205,+3980,229972,199134,--30838,+570002,KRX
20190327,-6810,5,-300,-4.22,2727927,5012,827,--4185,--4670,720082,119242,--600840,--661072,KRX
20190326,+8240,2,+300,+3.78,2165648,2420,2905,+485,--1849,298543,358775,+60232,--228767,KRX
20190325,+7940,2,+70,+0.89,2114283,2739,5073,+2334,+3129,341524,630523,+288999,+389867,KRX
20190322,-7870,5,-50,-0.63,1101413,2366,1571,--795,+3884,299763,198895,--100868,+477323,KRX
20190321,-7920,5,-120,-1.49,3429174,6774,2095,--4679,--2803,834765,256574,--578191,--343071,KRX
20190320,-8040,5,-10,-0.12,1001434,3507,1631,--1876,--1631,438691,203571,--235120,--204463,KRX
20190319,+8050,2,+10,+0.12,923510,1983,1738,--245,+1984,246573,215916,--30657,+244180,KRX
20190318,-8040,5,-70,-0.86,1242746,3129,900,--2229,--1340,385450,110613,--274837,--164564,KRX
20190315,+8110,2,+160,+2.01,1684105,4777,3888,--889,--102,591721,481448,--110273,--11002,KRX
20190314,+7950,2,+150,+1.92,1059928,3112,2325,--787,--518,392073,292802,--99271,--64848,KRX
20190313,-7800,5,-90,-1.14,719952,1899,1630,--269,--927,242399,207976,--34423,--117919,KRX
20190312,+7890,2,+90,+1.15,579419,1022,1680,+658,+13,129590,213086,+83496,+230,KRX
20190311,-7800,5,-70,-0.89,1040650,1379,2024,+645,+1012,178120,261386,+83266,+130119,KRX
20190308,-7870,5,-150,-1.87,1303890,2290,1923,--367,+250,288949,242096,--46853,+30066,KRX
20190307,-8020,5,-50,-0.62,977939,2000,1383,--617,--504,248470,171551,--76919,--62878,KRX
20190306,-8070,5,-40,-0.49,822852,1890,1777,--113,--68,233744,219703,--14041,--9556,KRX
20190305,-8110,5,-190,-2.29,2070127,3089,3044,--45,+155,381492,377007,--4485,+20068,KRX
20190304,+8300,2,+20,+0.24,918981,2028,1828,--200,+57,242896,218343,--24553,+5866,KRX
20190228,-8280,5,-160,-1.90,1354592,2146,1889,--257,--783,255906,225487,--30419,--93019,KRX
20190227,+8440,2,+80,+0.96,978824,697,1223,+526,+829,83018,145618,+62600,+99044,KRX
20190226,+8360,2,+70,+0.84,1322624,2125,1822,--303,+1327,254667,218223,--36444,+159199,KRX
20190225,-8290,5,-60,-0.72,1967704,3143,1513,--1630,+2894,377480,181837,--195643,+346259,KRX
20190222,-8350,5,-810,-8.84,5643940,10161,5637,--4524,--4017,1210624,668722,--541902,--486715,KRX
20190221,+9160,2,+20,+0.22,1012212,2002,1495,--507,+232,218171,162984,--55187,+25439,KRX
20190220,-9140,5,-90,-0.98,1143582,3004,2265,--739,--1511,328425,247799,--80626,--164726,KRX
20190219,+9230,2,+150,+1.65,1274713,1974,2746,+772,+3443,214656,298756,+84100,+376514,KRX
20190218,-9080,5,-350,-3.71,3678935,5648,2977,--2671,+51,619990,327576,--292414,--3507,KRX
20190215,+9430,2,+10,+0.11,1429819,3867,1145,--2722,+4697,410495,121588,--288907,+489865,KRX
20190214,-9420,5,-1030,-9.86,5235166,11175,3756,--7419,--6238,1171599,392827,--778772,--667918,KRX
20190213,-10450,5,-500,-4.57,1487102,3734,2553,--1181,+35,352653,241799,--110854,--416,KRX
20190212,-10950,5,-150,-1.35,773897,2965,1749,--1216,--708,266455,156017,--110438,--65154,KRX
20190211,-11100,5,-200,-1.77,404723,1690,1182,--508,+1045,151064,105780,--45284,+91568,KRX
20190208,-11300,5,-300,-2.59,385272,2427,874,--1553,--2963,213879,77027,--136852,--257988,KRX
20190207,+11600,2,+450,+4.04,795714,1394,2804,+1410,+1243,120246,241382,+121136,+106304,KRX
20190201,-11150,5,-200,-1.76,394697,1297,1464,+167,+123,115790,130622,+14832,+11003,KRX
20190131,+11350,2,+50,+0.44,460175,2242,2286,+44,+239,198170,201999,+3829,+20668,KRX
20190130,11300,3,0,0.00,389393,1576,1381,--195,--314,138969,122130,--16839,--27467,KRX
20190129,+11300,2,+50,+0.44,369766,1404,1523,+119,--438,124993,135621,+10628,--38460,KRX
20190128,+11250,2,+150,+1.35,513610,1093,1650,+557,--38,96665,145753,+49088,--4840,KRX
20190125,+11100,2,+100,+0.91,324115,617,1212,+595,+877,55797,109725,+53928,+79404,KRX
20190124,-11000,5,-150,-1.35,309320,1308,1026,--282,--1006,117997,92521,--25476,--90361,KRX
20190123,+11150,2,+150,+1.36,356409,757,1481,+724,--37,67969,132854,+64885,--4100,KRX
20190122,11000,3,0,0.00,396416,1139,1900,+761,+467,103395,172380,+68985,+42468,KRX
20190121,+11000,2,+200,+1.85,699139,2257,2551,+294,--309,203927,230444,+26517,--29022,KRX
20190118,+10800,2,+50,+0.47,573556,1574,2177,+603,--819,145520,201059,+55539,--76676,KRX
20190117,+10750,2,+350,+3.37,671794,1389,2811,+1422,+950,129215,261430,+132215,+86769,KRX
20190116,-10400,5,-150,-1.42,641209,2177,2649,+472,+1319,207157,252603,+45446,+124535,KRX
20190115,+10550,2,+50,+0.48,563946,1795,948,--847,--648,167874,88785,--79089,--60604,KRX
20190114,+10500,2,+300,+2.94,1057690,1988,1789,--199,--731,187826,169341,--18485,--70939,KRX
20190111,+10200,2,+150,+1.49,335781,954,1486,+532,--72,94097,146551,+52454,--8088,KRX
20190110,10050,3,0,0.00,484789,1152,1756,+604,--116,114985,175527,+60542,--11135,KRX
20190109,+10050,2,+130,+1.31,437156,756,1476,+720,--933,75416,147093,+71677,--93949,KRX
20190108,+9920,2,+120,+1.22,602010,603,2256,+1653,+923,60592,226218,+165626,+91200,KRX
20190107,+9800,2,+140,+1.45,436206,503,1233,+730,+628,51399,125825,+74426,+63782,KRX
20190104,+9660,2,+90,+0.94,426970,1272,1374,+102,--1479,132400,143044,+10644,--154468,KRX
20190103,+9570,2,+120,+1.27,649727,964,2545,+1581,+1274,100735,265847,+165112,+132141,KRX
20190102,-9450,5,-280,-2.88,808625,1265,1572,+307,+112,131033,164004,+32971,+12982,KRX
20181228,+9730,2,+30,+0.31,737386,2087,2282,+195,+561,213309,233298,+19989,+57501,KRX
20181227,+9700,2,+10,+0.10,1221640,3524,3158,--366,+1463,359856,322344,--37512,+141471,KRX
20181226,-9690,5,-1060,-9.86,2279461,4361,2532,--1829,--2167,434907,255924,--178983,--210149,KRX
20181224,-10750,5,-150,-1.38,300675,716,1054,+338,+1273,66610,97776,+31166,+114988,KRX
20181221,-10900,5,-400,-3.54,975883,5425,4490,--935,--1677,496992,413170,--83822,--148842,KRX
20181220,-11300,5,-200,-1.74,411248,1455,2197,+742,+96,128504,193524,+65020,+9144,KRX
20181219,+11500,2,+250,+2.22,559181,1532,2178,+646,+936,133476,189352,+55876,+81528,KRX
20181218,-11250,5,-250,-2.17,463041,1692,1402,--290,--313,150073,124421,--25652,--27541,KRX
20181217,-11500,5,-50,-0.43,331122,1483,1506,+23,+245,128420,130309,+1889,+21101,KRX
20181214,+11550,2,+150,+1.32,517833,2161,1939,--222,--2026,187769,168557,--19212,--178878,KRX
20181213,+11400,2,+300,+2.70,754357,3219,5023,+1804,+1455,284806,444472,+159666,+128461,KRX
20181212,-11100,5,-50,-0.45,588648,1427,1776,+349,+32,127913,159118,+31205,+3361,KRX
20181211,-11150,5,-50,-0.45,322829,1363,1680,+317,--342,120930,148774,+27844,--31101,KRX
20181210,-11200,5,-200,-1.75,396343,717,1376,+659,+1491,64062,123007,+58945,+131600,KRX
20181207,-11400,5,-200,-1.72,298029,1272,440,--832,--3050,111131,38476,--72655,--263349,KRX
20181206,+11600,2,+100,+0.87,701835,2108,4326,+2218,+1810,181649,372343,+190694,+155622,KRX
20181205,-11500,5,-250,-2.13,466096,1339,1747,+408,--192,115627,150699,+35072,--15275,KRX
20181204,+11750,2,+50,+0.43,564577,2409,3009,+600,+707,204398,254745,+50347,+59756,KRX
20181203,+11700,2,+300,+2.63,931511,3538,3431,--107,+6890,300524,291115,--9409,+605950,KRX
20181130,-11400,5,-200,-1.72,7058498,62241,55244,--6997,--6770,5465544,4850185,--615359,--596242,KRX
20181129,-11600,5,-350,-2.93,1081399,3831,3604,--227,--83,327480,308363,--19117,--7714,KRX
20181128,+11950,2,+150,+1.27,1077319,3883,3739,--144,--1166,322031,310628,--11403,--98571,KRX
20181127,+11800,2,+350,+3.06,1039494,4549,5571,+1022,--3435,389159,476327,+87168,--301738,KRX
20181126,+11450,2,+600,+5.53,1629886,2656,7113,+4457,+3557,230953,619859,+388906,+306300,KRX
20181123,-10850,5,-100,-0.91,362017,924,1824,+900,+2073,84830,167436,+82606,+189463,KRX
20181122,-10950,5,-250,-2.23,559438,2597,1424,--1173,--2892,236773,129916,--106857,--261269,KRX
20181121,+11200,2,+200,+1.82,817700,2409,4128,+1719,--1452,216502,370914,+154412,--137730,KRX
20181120,+11000,2,+350,+3.29,1037770,2108,5279,+3171,--724,193658,485800,+292142,--73259,KRX
20181119,+10650,2,+200,+1.91,891234,1340,5235,+3895,+3504,125884,491285,+365401,+327946,KRX
20181116,+10450,2,+150,+1.46,1104014,3169,3560,+391,+45,305197,342652,+37455,+3436,KRX
20181115,-10300,5,-50,-0.48,1123978,4053,4399,+346,+4670,397136,431155,+34019,+449542,KRX
20181114,-10350,5,-750,-6.76,2558000,8240,3916,--4324,--3913,792855,377332,--415523,--376819,KRX
20181113,-11100,5,-100,-0.89,732639,2947,2536,--411,--792,270187,231483,--38704,--72593,KRX
20181112,-11200,5,-250,-2.18,478600,1720,2101,+381,--415,152341,186230,+33889,--37581,KRX
20181109,+11450,2,+150,+1.33,1019568,4096,4892,+796,--501,361055,432525,+71470,--42278,KRX
20181108,+11300,2,+200,+1.80,553881,1666,2963,+1297,+2983,146755,260503,+113748,+261706,KRX
20181107,-11100,5,-150,-1.33,1002252,4578,2892,--1686,--615,407014,259056,--147958,--52821,KRX
20181106,11250,3,0,0.00,496098,3613,2542,--1071,+124,320570,225433,--95137,+10590,KRX
20181105,-11250,5,-300,-2.60,516022,3108,1913,--1195,--1402,276003,170276,--105727,--124147,KRX
20181102,+11550,2,+600,+5.48,800678,2618,2825,+207,+18,229927,248347,+18420,+895,KRX
20181101,10950,3,0,0.00,731429,3049,3238,+189,+277,279897,297422,+17525,+24662,KRX
20181031,+10950,2,+200,+1.86,804897,3399,3311,--88,--1349,312383,305246,--7137,--125227,KRX
20181030,+10750,2,+100,+0.94,775036,2470,3731,+1261,+442,229528,347618,+118090,+41737,KRX
20181029,-10650,5,-300,-2.74,669972,1915,2734,+819,--180,174720,251073,+76353,--18846,KRX
20181026,-10950,5,-450,-3.95,1018122,3292,4291,+999,+1042,296689,391888,+95199,+99579,KRX
20181025,-11400,5,-350,-2.98,880929,4534,4491,--43,+145,397669,393289,--4380,+11530,KRX
20181024,-11750,5,-100,-0.84,599862,2700,2512,--188,+534,228979,213069,--15910,+44525,KRX
20181023,-11850,5,-400,-3.27,904482,3859,3137,--722,+673,324868,264433,--60435,+53810,KRX
20181022,-12250,5,-100,-0.81,440278,2257,862,--1395,--179,184823,70578,--114245,--15243,KRX
20181019,-12350,5,-150,-1.20,518418,2352,1136,--1216,+2482,191540,92538,--99002,+197287,KRX
20181018,-12500,5,-400,-3.10,879848,5292,1594,--3698,--2648,424338,128049,--296289,--214729,KRX
20181017,+12900,2,+200,+1.57,348841,1990,940,--1050,--626,154590,73030,--81560,--48168,KRX
20181016,12700,3,0,0.00,226761,1350,926,--424,--287,105985,72593,--33392,--22769,KRX
20181015,+12700,2,+100,+0.79,411679,1677,1540,--137,+605,131372,120749,--10623,+48454,KRX
20181012,12600,3,0,0.00,789973,2999,2257,--742,--1412,238638,179561,--59077,--112561,KRX
20181011,-12600,5,-800,-5.97,1034277,3842,4512,+670,+4141,298995,352479,+53484,+306421,KRX
20181010,-13400,5,-900,-6.29,1121651,5612,2141,--3471,--3454,410983,158046,--252937,--251976,KRX
20181008,-14300,5,-200,-1.38,284037,1256,1239,--17,--152,87064,86103,--961,--10203,KRX
20181005,+14500,2,+50,+0.35,525840,3265,3400,+135,--100,225324,234566,+9242,--7014,KRX
20181004,-14450,5,-350,-2.36,705756,3045,3280,+235,+624,209001,225257,+16256,+42582,KRX
20181002,-14800,5,-200,-1.33,778752,3434,3045,--389,--54,228483,202157,--26326,--3546,KRX
20181001,+15000,2,+100,+0.67,500377,1984,1649,--335,+282,133443,110663,--22780,+18821,KRX
20180928,-14900,5,-50,-0.33,421550,2494,1877,--617,--1630,167571,125970,--41601,--109116,KRX
20180927,+14950,2,+100,+0.67,470783,1628,2641,+1013,+206,108839,176354,+67515,+13863,KRX
20180921,+14850,2,+50,+0.34,633344,2209,3016,+807,+647,148778,202430,+53652,+42890,KRX
20180920,-14800,5,-150,-1.00,396766,1509,1669,+160,--64,101467,112229,+10762,--4080,KRX
20180919,+14950,2,+50,+0.34,619765,2738,2962,+224,+564,182343,197185,+14842,+37845,KRX
20180918,+14900,2,+100,+0.68,373969,1933,1593,--340,--505,131010,108007,--23003,--34243,KRX
20180917,-14800,5,-50,-0.34,324864,1534,1699,+165,+296,103406,114646,+11240,+20148,KRX
20180914,-14850,5,-50,-0.34,375174,1686,1555,--131,--1851,113330,104422,--8908,--124485,KRX
20180913,+14900,2,+200,+1.36,530461,1785,3505,+1720,+2034,119957,235534,+115577,+137033,KRX
20180912,-14700,5,-100,-0.68,344057,2322,2008,--314,--31,158153,136697,--21456,--2959,KRX
20180911,-14800,5,-300,-1.99,492583,2002,1719,--283,--1291,133941,115444,--18497,--85982,KRX
20180910,+15100,2,+350,+2.37,586035,1876,2884,+1008,+207,125923,193408,+67485,+12976,KRX
20180907,+14750,2,+150,+1.03,360818,1461,2262,+801,--157,99442,153951,+54509,--11170,KRX
20180906,+14600,2,+200,+1.39,395988,1178,2136,+958,+1183,80746,146425,+65679,+81150,KRX
20180905,+14400,2,+100,+0.70,440203,1688,1463,--225,--58,116641,101170,--15471,--3766,KRX
20180904,+14300,2,+50,+0.35,313245,1209,1042,--167,--752,84444,72739,--11705,--52580,KRX
20180903,+14250,2,+100,+0.71,362498,966,1551,+585,+2638,67849,108724,+40875,+185644,KRX
20180831,-14150,5,-450,-3.08,1219775,5407,3354,--2053,--2200,380477,235708,--144769,--154100,KRX
20180830,-14600,5,-500,-3.31,795582,2045,2192,+147,--96,138575,147906,+9331,--6644,KRX
20180829,+15100,2,+150,+1.00,604551,1532,1775,+243,--3443,101825,117800,+15975,--231908,KRX
20180828,+14950,2,+500,+3.46,872195,1181,4867,+3686,+3106,79527,327410,+247883,+207737,KRX
20180827,-14450,5,-200,-1.37,505981,1224,1804,+580,+467,84700,124846,+40146,+32410,KRX
20180824,-14650,5,-100,-0.68,324119,1351,1464,+113,+406,92206,99942,+7736,+27552,KRX
20180823,-14750,5,-50,-0.34,363605,1787,1494,--293,--1172,121320,101504,--19816,--78627,KRX
20180822,-14800,5,-50,-0.34,370962,406,1285,+879,+1641,27267,86078,+58811,+110188,KRX
20180821,-14850,5,-100,-0.67,490702,2146,1384,--762,--301,145007,93630,--51377,--20314,KRX
20180820,+14950,2,+200,+1.36,334295,1898,1437,--461,--740,127816,96753,--31063,--49946,KRX
20180817,+14750,2,+100,+0.68,269793,1086,1365,+279,--1047,73674,92557,+18883,--72104,KRX
20180816,14650,3,0,0.00,314688,755,2081,+1326,+1568,51633,142620,+90987,+107556,KRX
20180814,+14650,2,+100,+0.69,325379,1300,1058,--242,+3412,89074,72505,--16569,+230579,KRX
20180813,-14550,5,-600,-3.96,625727,4600,946,--3654,--5576,311202,64054,--247148,--376060,KRX
20180810,+15150,2,+500,+3.41,894748,1681,3603,+1922,+1481,112769,241681,+128912,+98552,KRX
20180809,-14650,5,-150,-1.01,475404,2517,2958,+441,+37,170307,200667,+30360,+3014,KRX
20180808,14800,3,0,0.00,309287,1181,1585,+404,--62,79826,107172,+27346,--4346,KRX
20180807,+14800,2,+50,+0.34,239427,713,1179,+466,+433,48480,80172,+31692,+29173,KRX
20180806,-14750,5,-100,-0.67,398370,1362,1395,+33,--3242,92155,94674,+2519,--220490,KRX
20180803,+14850,2,+500,+3.48,631224,890,4165,+3275,+1091,60688,283697,+223009,+71677,KRX
20180802,+14350,2,+50,+0.35,631183,1321,3505,+2184,+4643,91568,242900,+151332,+321641,KRX
20180801,-14300,5,-750,-4.98,1471602,5394,2935,--2459,--4168,373766,203457,--170309,--284547,KRX
20180731,15050,3,0,0.00,511601,2789,4498,+1709,+1034,186608,300846,+114238,+69344,KRX
20180730,+15050,2,+200,+1.35,391795,1282,1957,+675,+447,85367,130261,+44894,+29231,KRX
20180727,+14850,2,+150,+1.02,409589,1243,1471,+228,+988,83826,99489,+15663,+66627,KRX
20180726,-14700,5,-50,-0.34,377088,1738,978,--760,+349,117173,66209,--50964,+23272,KRX
20180725,+14750,2,+100,+0.68,759236,2909,1800,--1109,--1789,194720,120484,--74236,--119813,KRX
20180724,+14650,2,+350,+2.45,546295,2455,3135,+680,+972,169611,215188,+45577,+65858,KRX
20180723,+14300,2,+400,+2.88,684062,1970,1678,--292,--562,137461,117180,--20281,--39826,KRX
20180720,+13900,2,+50,+0.36,417606,1460,1730,+270,--1894,105463,125008,+19545,--137174,KRX
20180719,-13850,5,-50,-0.36,680463,1126,3290,+2164,+2799,81620,238339,+156719,+199900,KRX
20180718,-13900,5,-500,-3.47,758088,2686,2051,--635,+226,189666,146485,--43181,+16793,KRX
20180717,+14400,2,+200,+1.41,458037,1852,991,--861,+49,129225,69251,--59974,+4286,KRX
20180716,-14200,5,-50,-0.35,419684,2458,1548,--910,--2102,173352,109092,--64260,--147923,KRX
20180713,+14250,2,+50,+0.35,561415,961,2153,+1192,+2781,67411,151074,+83663,+194746,KRX
20180712,-14200,5,-350,-2.41,927708,3576,1987,--1589,--2860,249956,138873,--111083,--198323,KRX
20180711,-14550,5,-250,-1.69,560937,1449,2720,+1271,+1208,99439,186679,+87240,+83154,KRX
20180710,+14800,2,+50,+0.34,448109,1959,2022,+63,--287,131745,135831,+4086,--19845,KRX
20180709,-14750,5,-150,-1.01,354975,1122,1472,+350,+294,76290,100221,+23931,+20018,KRX
20180706,+14900,2,+600,+4.20,634266,2532,2588,+56,--687,171340,175253,+3913,--48599,KRX
20180705,-14300,5,-300,-2.05,593538,1282,2025,+743,+406,89466,141978,+52512,+29595,KRX
20180704,-14600,5,-100,-0.68,332964,846,1183,+337,--1899,57834,80751,+22917,--130605,KRX
20180703,+14700,2,+200,+1.38,646915,1270,3506,+2236,+4549,87118,240640,+153522,+307817,KRX
20180702,-14500,5,-1150,-7.35,1669731,5467,3154,--2313,--3318,368765,214470,--154295,--218592,KRX
20180629,+15650,2,+300,+1.95,497133,2259,3264,+1005,+1599,145516,209813,+64297,+102114,KRX
20180628,15350,3,0,0.00,751552,2746,2152,--594,--931,177587,139770,--37817,--60223,KRX
20180627,-15350,5,-600,-3.76,838958,3577,3914,+337,+1605,228712,251118,+22406,+101227,KRX
20180626,+15950,2,+250,+1.59,824120,4633,3365,--1268,--581,289996,211175,--78821,--35849,KRX
20180625,+15700,2,+50,+0.32,664374,3461,2774,--687,--1746,219761,176789,--42972,--111477,KRX
20180622,+15650,2,+150,+0.97,805611,3726,4785,+1059,+855,239059,307564,+68505,+53980,KRX
20180621,-15500,5,-750,-4.62,869543,2673,2877,+204,--1261,169089,183614,+14525,--78493,KRX
20180620,+16250,2,+300,+1.88,1094329,3150,4615,+1465,--6548,195599,288617,+93018,--399560,KRX
20180619,-15950,5,-1100,-6.45,2405351,3555,11568,+8013,+6439,217692,710270,+492578,+401151,KRX
20180618,-17050,5,-700,-3.94,983824,3937,5511,+1574,--478,231089,322516,+91427,--24603,KRX
20180615,+17750,2,+150,+0.85,722447,5241,7293,+2052,--1152,295768,411798,+116030,--66012,KRX
20180614,-17600,5,-1100,-5.88,1273870,3219,6423,+3204,+3345,180389,362431,+182042,+189197,KRX
20180612,-18700,5,-300,-1.58,578431,2735,2594,--141,--1730,144428,137273,--7155,--90440,KRX
20180611,+19000,2,+350,+1.88,611639,2158,3747,+1589,+1845,113490,196775,+83285,+96761,KRX
20180608,-18650,5,-300,-1.58,333164,1914,1658,--256,+158,101775,88299,--13476,+8706,KRX
20180607,-18950,5,-100,-0.52,791089,4385,3971,--414,--1386,230438,208256,--22182,--74780,KRX
20180605,+19050,2,+550,+2.97,611114,2599,3571,+972,--507,138928,191526,+52598,--27269,KRX
20180604,-18500,5,-150,-0.80,416829,1360,2839,+1479,+2659,72585,152452,+79867,+142810,KRX
20180601,-18650,5,-450,-2.36,449278,3133,1953,--1180,+614,167217,104274,--62943,+31828,KRX
20180531,+19100,2,+450,+2.41,1461834,17268,15474,--1794,--3277,907459,812688,--94771,--175589,KRX
20180530,-18650,5,-50,-0.27,1196709,4998,6481,+1483,+1518,270690,351508,+80818,+81717,KRX
20180529,-18700,5,-1100,-5.56,1292202,4499,4464,--35,--135,236987,236088,--899,--7132,KRX
20180528,+19800,2,+1200,+6.45,1916388,9216,9316,+100,--6098,463820,470053,+6233,--324235,KRX
20180525,-18600,5,-800,-4.12,1403864,4269,10467,+6198,+5206,228673,559141,+330468,+278730,KRX
20180524,-19400,5,-500,-2.51,785080,2461,3453,+992,--1316,126322,178060,+51738,--68022,KRX
20180523,19900,3,0,0.00,1425667,6550,8858,+2308,+611,334272,454032,+119760,+35152,KRX
20180521,-19900,5,-500,-2.45,774406,2653,4350,+1697,--744,132132,216740,+84608,--36135,KRX
20180518,+20400,2,+100,+0.49,719776,3074,5515,+2441,+1217,150856,271599,+120743,+61413,KRX
20180517,-20300,5,-150,-0.73,1047386,3720,4944,+1224,+1673,179432,238762,+59330,+80666,KRX
20180516,-20450,5,-800,-3.76,1492338,6083,5634,--449,+1085,295705,274369,--21336,+49292,KRX
20180515,+21250,2,+750,+3.66,2597894,14104,12570,--1534,--3656,667084,596456,--70628,--175377,KRX
20180514,+20500,2,+1100,+5.67,1855015,4304,6426,+2122,+6267,213521,318270,+104749,+319150,KRX
20180511,-19400,5,-200,-1.02,1451302,8555,4410,--4145,--7923,442079,227678,--214401,--411371,KRX
20180510,+19600,2,+1100,+5.95,1781460,5159,8937,+3778,+2726,267231,464201,+196970,+138963,KRX
20180509,-18500,5,-250,-1.33,929481,3138,4190,+1052,--1703,168153,226160,+58007,--87642,KRX
20180508,-18750,5,-450,-2.34,1214288,4928,7683,+2755,--3317,258742,404391,+145649,--170782,KRX
20180504,+19200,2,+750,+4.07,1682285,6588,12660,+6072,+2796,345241,661672,+316431,+141746,KRX
20180503,+18450,2,+300,+1.65,2716301,6824,10100,+3276,+6178,364652,539337,+174685,+333927,KRX
20180502,+18150,2,+250,+1.40,1723142,8262,5360,--2902,--9178,453084,293842,--159242,--508861,KRX
20180430,+17900,2,+650,+3.77,2382908,11055,17331,+6276,+2061,619336,968955,+349619,+107717,KRX
20180427,+17250,2,+200,+1.17,1159193,2778,6993,+4215,+3601,160832,402734,+241902,+205471,KRX
20180426,+17050,2,+200,+1.19,725315,3041,3655,+614,--1431,178719,215150,+36431,--84825,KRX
20180425,-16850,5,-50,-0.30,633832,2526,4571,+2045,--2986,149595,270851,+121256,--180711,KRX
20180424,-16900,5,-100,-0.59,839703,1262,6293,+5031,--365,75295,377262,+301967,--12012,KRX
20180423,+17000,2,+100,+0.59,2334069,6435,11831,+5396,+2013,376175,690154,+313979,+111429,KRX
20180420,+16900,2,+500,+3.05,1875458,3762,7145,+3383,+1405,224822,427372,+202550,+80531,KRX
20180419,+16400,2,+350,+2.18,1017180,3123,5101,+1978,+1647,191459,313478,+122019,+98719,KRX
20180418,+16050,2,+900,+5.94,1840724,6813,7144,+331,+355,427858,451158,+23300,+25130,KRX
20180417,+15150,2,+200,+1.34,402050,2074,2050,--24,+309,137038,135208,--1830,+20431,KRX
20180416,+14950,2,+200,+1.36,388610,924,591,--333,+674,61799,39538,--22261,+45509,KRX
20180413,-14750,5,-200,-1.34,470069,2465,1458,--1007,--98,166305,98535,--67770,--6949,KRX
20180412,14950,3,0,0.00,326151,1559,650,--909,--1070,104401,43580,--60821,--71552,KRX
20180411,+14950,2,+50,+0.34,292985,1484,1645,+161,+175,99394,110125,+10731,+11628,KRX
20180410,+14900,2,+50,+0.34,384149,1642,1628,--14,+354,111010,110113,--897,+24085,KRX
20180409,-14850,5,-100,-0.67,424398,1887,1519,--368,+446,127536,102554,--24982,+29506,KRX
20180406,-14950,5,-200,-1.32,469352,2344,1530,--814,--769,156814,102326,--54488,--51631,KRX
20180405,+15150,2,+150,+1.00,380286,1605,1560,--45,--635,106034,103177,--2857,--41925,KRX
20180404,-15000,5,-450,-2.91,683232,2363,2953,+590,+1117,155711,194779,+39068,+72995,KRX
20180403,+15450,2,+150,+0.98,530512,3635,3108,--527,--1786,235705,201778,--33927,--115473,KRX
20180402,-15300,5,-600,-3.77,1020305,3439,4698,+1259,+1248,221351,302897,+81546,+80559,KRX
20180330,15900,3,0,0.00,529484,2520,2531,+11,--705,158054,159041,+987,--44670,KRX
20180329,-15900,5,-300,-1.85,909703,3246,3962,+716,+1026,204413,250070,+45657,+64274,KRX
20180328,-16200,5,-350,-2.11,995605,3233,2923,--310,--9791,197112,178495,--18617,--599888,KRX
20180327,+16550,2,+1250,+8.17,2240849,4177,13658,+9481,+9287,256750,838021,+581271,+568597,KRX
20180326,+15300,2,+300,+2.00,429115,1385,1579,+194,+10,90618,103292,+12674,+332,KRX
20180323,-15000,5,-600,-3.85,664906,2140,2324,+184,+364,140135,152477,+12342,+24053,KRX
20180322,+15600,2,+100,+0.65,692161,2211,2031,--180,--1860,140538,128827,--11711,--119138,KRX
20180321,+15500,2,+250,+1.64,812529,2997,4677,+1680,+1218,192022,299449,+107427,+76979,KRX
20180320,+15250,2,+50,+0.33,340326,1278,1740,+462,--527,83961,114409,+30448,--34429,KRX
20180319,+15200,2,+50,+0.33,494468,1119,2108,+989,--1345,73449,138326,+64877,--90121,KRX
20180316,+15150,2,+450,+3.06,764443,2720,5054,+2334,+1833,179568,334566,+154998,+120451,KRX
20180315,-14700,5,-450,-2.97,1218397,3360,3861,+501,--1623,227084,261631,+34547,--100841,KRX
20180314,-15150,5,-50,-0.33,2424273,4763,6887,+2124,+1778,309249,444637,+135388,+112716,KRX
20180313,15200,3,0,0.00,367661,1384,1730,+346,--1107,91095,113767,+22672,--72860,KRX
20180312,+15200,2,+150,+1.00,519349,974,2427,+1453,+1317,63982,159514,+95532,+86295,KRX
20180309,+15050,2,+200,+1.35,547063,1517,1653,+136,--637,100804,110041,+9237,--42093,KRX
20180308,+14850,2,+450,+3.13,577855,2149,2922,+773,+329,146149,197479,+51330,+20596,KRX
20180307,-14400,5,-150,-1.03,406689,2020,2464,+444,+1241,140008,170742,+30734,+85534,KRX
20180306,14550,3,0,0.00,373054,1622,825,--797,--1494,111478,56678,--54800,--102338,KRX
20180305,-14550,5,-100,-0.68,314632,1340,2037,+697,+1329,91366,138904,+47538,+90668,KRX
20180302,-14650,5,-300,-2.01,325426,1508,876,--632,--1748,102809,59679,--43130,--117764,KRX
20180228,-14950,5,-200,-1.32,394588,1794,2910,+1116,+1436,119558,194192,+74634,+95700,KRX
20180227,-15150,5,-200,-1.30,234598,1059,739,--320,--1118,69257,48191,--21066,--73207,KRX
20180226,+15350,2,+250,+1.66,291927,812,1610,+798,--1095,53196,105337,+52141,--73844,KRX
20180223,+15100,2,+150,+1.00,357055,977,2870,+1893,+1377,65178,191163,+125985,+91687,KRX
20180222,-14950,5,-200,-1.32,243625,813,1329,+516,+883,54204,88502,+34298,+58404,KRX
20180221,-15150,5,-150,-0.98,275830,1571,1204,--367,+37,103251,79145,--24106,+2619,KRX
20180220,+15300,2,+400,+2.68,555061,1632,1228,--404,--1472,106688,79963,--26725,--99041,KRX
20180219,+14900,2,+400,+2.76,331991,874,1942,+1068,+1548,59192,131508,+72316,+105270,KRX
20180214,+14500,2,+50,+0.35,422315,1738,1258,--480,+1319,120080,87126,--32954,+89147,KRX
20180213,-14450,5,-500,-3.34,637307,2595,796,--1799,--1249,176324,54223,--122101,--85666,KRX
20180212,-14950,5,-250,-1.64,429563,1539,989,--550,--245,102337,65902,--36435,--15913,KRX
20180209,+15200,2,+100,+0.66,655448,2872,2567,--305,+1587,191557,171035,--20522,+103878,KRX
20180208,-15100,5,-400,-2.58,793589,3746,1854,--1892,--2624,246244,121844,--124400,--171085,KRX
20180207,+15500,2,+100,+0.65,554978,3144,3876,+732,+2047,202017,248702,+46685,+132703,KRX
20180206,-15400,5,-350,-2.22,953289,4009,2694,--1315,--474,262571,176553,--86018,--33016,KRX
20180205,-15750,5,-500,-3.08,559215,2278,1437,--841,+83,143714,90712,--53002,+3112,KRX
20180202,-16250,5,-450,-2.69,515363,2272,1348,--924,+22,138899,82785,--56114,+121,KRX
20180201,-16700,5,-300,-1.76,325884,1992,1046,--946,--1446,118539,62304,--56235,--84607,KRX
20180131,+17000,2,+250,+1.49,720173,3617,4117,+500,+617,217571,245943,+28372,+35819,KRX
20180130,-16750,5,-150,-0.89,761823,2779,2662,--117,--2191,164911,157464,--7447,--131116,KRX
20180129,+16900,2,+750,+4.64,1830016,3828,5902,+2074,+1447,226858,350527,+123669,+84451,KRX
20180126,+16150,2,+50,+0.31,632377,1947,2574,+627,--3367,121756,160974,+39218,--208826,KRX
20180125,+16100,2,+100,+0.63,831930,915,4909,+3994,+3144,56828,304872,+248044,+195257,KRX
20180124,+16000,2,+100,+0.63,574386,1921,2771,+850,+336,120055,172842,+52787,+20476,KRX
20180123,+15900,2,+450,+2.91,447968,1748,2262,+514,+993,111888,144199,+32311,+63177,KRX
20180122,-15450,5,-250,-1.59,413759,2079,1600,--479,+74,134084,103218,--30866,+5087,KRX
20180119,+15700,2,+100,+0.64,533497,2699,2146,--553,+1113,173681,137728,--35953,+70046,KRX
20180118,-15600,5,-400,-2.50,799230,3024,1358,--1666,+1128,192742,86743,--105999,+69104,KRX
20180117,-16000,5,-450,-2.74,4058185,12039,9245,--2794,--3215,764438,589335,--175103,--200511,KRX
20180116,-16450,5,-450,-2.66,700137,2105,2526,+421,--940,127239,152647,+25408,--54895,KRX
20180115,-16900,5,-300,-1.74,390927,1201,2562,+1361,--28,70128,150431,+80303,+194,KRX
20180112,+17200,2,+200,+1.18,760694,3159,4548,+1389,--1260,182583,262692,+80109,--74376,KRX
20180111,-17000,5,-200,-1.16,636162,2244,4893,+2649,--7615,130564,285049,+154485,--437959,KRX
20180110,+17200,2,+700,+4.24,2060863,3373,13637,+10264,+7272,196004,788448,+592444,+410569,KRX
20180109,+16500,2,+350,+2.17,601001,892,3884,+2992,+1829,54129,236004,+181875,+110182,KRX
20180108,16150,3,0,0.00,630771,1795,2958,+1163,--159,110287,181980,+71693,--10141,KRX
20180105,16150,3,0,0.00,442379,1315,2637,+1322,--1276,81430,163264,+81834,--80485,KRX
20180104,+16150,2,+500,+3.19,729061,1480,4078,+2598,+705,92634,254953,+162319,+42050,KRX
20180103,+15650,2,+50,+0.32,581009,1142,3035,+1893,--16,72569,192838,+120269,--3852,KRX
20180102,+15600,2,+250,+1.63,534253,1435,3344,+1909,+381,93460,217581,+124121,+24864,KRX
20171228,-15350,5,-100,-0.65,437455,397,1925,+1528,+1807,25785,125042,+99257,+116863,KRX
20171227,-15450,5,-400,-2.52,494747,1341,1062,--279,--2488,86411,68805,--17606,--157139,KRX
20171226,+15850,2,+200,+1.28,504871,1093,3302,+2209,+2608,69033,208566,+139533,+165179,KRX
20171222,-15650,5,-200,-1.26,477137,1493,1094,--399,--772,95466,69820,--25646,--49050,KRX
20171221,-15850,5,-150,-0.94,341855,1031,1404,+373,--72,64806,88210,+23404,--4462,KRX
20171220,+16000,2,+150,+0.95,286060,693,1138,+445,--236,43472,71338,+27866,--14942,KRX
20171219,+15850,2,+100,+0.63,395851,1345,2026,+681,+1424,85102,127910,+42808,+89590,KRX
20171218,-15750,5,-350,-2.17,533252,2120,1377,--743,--718,133844,87062,--46782,--45075,KRX
20171215,+16100,2,+200,+1.26,494279,2708,2683,--25,+609,168935,167228,--1707,+37680,KRX
20171214,-15900,5,-100,-0.63,764082,5080,4446,--634,+129,316878,277491,--39387,+8294,KRX
20171213,+16000,2,+150,+0.95,393375,2586,1823,--763,+252,161516,113835,--47681,+16619,KRX
20171212,+15850,2,+50,+0.32,385847,2044,1029,--1015,--100,129396,65096,--64300,--6701,KRX
20171211,15800,3,0,0.00,471966,2180,1265,--915,+1704,137081,79482,--57599,+105764,KRX
20171208,-15800,5,-900,-5.39,1391743,4890,2271,--2619,+52,305592,142229,--163363,--8111,KRX
20171207,-16700,5,-250,-1.47,1613865,6512,3841,--2671,+1537,381315,226063,--155252,+92621,KRX
20171206,-16950,5,-600,-3.42,1543624,9627,5419,--4208,--12398,563123,315250,--247873,--722283,KRX
20171205,+17550,2,+1450,+9.01,3019559,5819,14009,+8190,+8028,340745,815155,+474410,+464367,KRX
20171204,+16100,2,+100,+0.63,341926,1564,1726,+162,+1985,97405,107448,+10043,+122819,KRX
20171201,-16000,5,-400,-2.44,581195,3241,1418,--1823,--2811,201200,88424,--112776,--172798,KRX
20171130,+16400,2,+400,+2.50,688500,5452,6440,+988,+235,335266,395288,+60022,+12928,KRX
20171129,+16000,2,+100,+0.63,402442,1575,2328,+753,+1868,98059,145153,+47094,+116814,KRX
20171128,-15900,5,-100,-0.63,396384,2649,1534,--1115,--1005,165746,96026,--69720,--62730,KRX
20171127,-16000,5,-150,-0.93,366199,2002,1892,--110,+593,124880,117890,--6990,+36348,KRX
20171124,-16150,5,-100,-0.62,381745,1838,1135,--703,--533,113430,70092,--43338,--32589,KRX
20171123,+16250,2,+350,+2.20,486684,2121,1951,--170,+3040,131470,120721,--10749,+191596,KRX
20171122,+15900,2,+100,+0.63,787333,5639,2429,--3210,--321,354614,152269,--202345,--20367,KRX
20171121,-15800,5,-350,-2.17,1283234,5247,2358,--2889,--589,330682,148704,--181978,--40120,KRX
20171120,-16150,5,-150,-0.92,621765,3500,1200,--2300,--772,215785,73927,--141858,--48498,KRX
20171117,-16300,5,-150,-0.91,714525,3277,1749,--1528,+478,199916,106556,--93360,+28506,KRX
20171116,-16450,5,-350,-2.08,977077,4025,2019,--2006,--3463,244300,122434,--121866,--208432,KRX
20171115,-16800,5,-700,-4.00,878226,2020,3477,+1457,+1496,118386,204952,+86566,+88519,KRX
20171114,-17500,5,-100,-0.57,534952,3442,3403,--39,+139,197757,195804,--1953,+7929,KRX
20171113,-17600,5,-200,-1.12,501097,2842,2664,--178,+1369,160827,150945,--9882,+79207,KRX
20171110,+17800,2,+300,+1.71,802378,4418,2871,--1547,--604,251727,162638,--89089,--33665,KRX
20171109,+17500,2,+600,+3.55,1261436,5370,4427,--943,+1113,310492,255068,--55424,+67147,KRX
20171108,+16900,2,+150,+0.90,565567,3505,1449,--2056,+228,208871,86300,--122571,+13660,KRX
20171107,-16750,5,-250,-1.47,873006,3922,1638,--2284,+190,234188,97957,--136231,+9340,KRX
20171106,-17000,5,-250,-1.45,712539,4286,1812,--2474,--2403,252562,106991,--145571,--141430,KRX
20171103,+17250,2,+150,+0.88,398640,1610,1539,--71,+1036,93401,89260,--4141,+60668,KRX
20171102,+17100,2,+150,+0.88,465715,2685,1578,--1107,--877,157255,92446,--64809,--52095,KRX
20171101,-16950,5,-550,-3.14,1281038,4118,3888,--230,+421,240614,227900,--12714,+24060,KRX
20171031,-17500,5,-400,-2.23,1000793,4874,4223,--651,--550,276167,239393,--36774,--31647,KRX
20171030,-17900,5,-500,-2.72,494225,1421,1320,--101,--897,78478,73351,--5127,--48173,KRX
20171027,+18400,2,+200,+1.10,589070,3141,3937,+796,--698,170582,213628,+43046,--39360,KRX
20171026,+18200,2,+200,+1.11,626761,1889,3383,+1494,--1904,103915,186321,+82406,--108712,KRX
20171025,18000,3,0,0.00,1047507,1270,4668,+3398,+1902,70864,261982,+191118,+108610,KRX
20171024,-18000,5,-400,-2.17,1194958,2207,3703,+1496,--206,120573,203081,+82508,--10918,KRX
20171023,-18400,5,-1000,-5.15,2046507,4855,6557,+1702,+12679,258753,352179,+93426,+627587,KRX
20171020,-19400,5,-250,-1.27,8105476,19044,8067,--10977,--9755,934993,400832,--534161,--471469,KRX
20171019,+19650,2,+1100,+5.93,2013938,6313,5091,--1222,+1530,324422,261730,--62692,+85217,KRX
20171018,-18550,5,-300,-1.59,641833,4726,1974,--2752,--1930,254257,106348,--147909,--103668,KRX
20171017,+18850,2,+450,+2.45,1009860,3192,2370,--822,--840,170877,126636,--44241,--45640,KRX
20171016,-18400,5,-250,-1.34,656587,2830,2848,+18,+104,154279,155678,+1399,+5970,KRX
20171013,+18650,2,+350,+1.91,751337,2446,2360,--86,+262,131751,127180,--4571,+15212,KRX
20171012,+18300,2,+100,+0.55,610961,3253,2905,--348,--61,179647,159864,--19783,--4270,KRX
20171011,+18200,2,+600,+3.41,1195313,3392,3105,--287,+1604,185971,170458,--15513,+92570,KRX
20171010,+17600,2,+500,+2.92,618515,3335,1444,--1891,--1172,190598,82515,--108083,--65754,KRX
20170929,+17100,2,+450,+2.70,454218,1953,1234,--719,--216,114735,72406,--42329,--12319,KRX
20170928,-16650,5,-350,-2.06,366707,1960,1457,--503,+1846,117232,87222,--30010,+108254,KRX
20170927,+17000,2,+400,+2.41,690906,4248,1899,--2349,--3314,249470,111206,--138264,--196722,KRX
20170926,+16600,2,+350,+2.15,301654,1508,2473,+965,+1762,91072,149530,+58458,+107481,KRX
20170925,-16250,5,-400,-2.40,465449,1898,1101,--797,--540,116656,67633,--49023,--33536,KRX
20170922,-16650,5,-200,-1.19,491186,2608,2351,--257,+591,156517,141030,--15487,+34680,KRX
20170921,-16850,5,-250,-1.46,446897,2149,1301,--848,--367,127407,77240,--50167,--22196,KRX
20170920,-17100,5,-300,-1.72,470045,2642,2161,--481,--231,153952,125981,--27971,--13096,KRX
20170919,+17400,2,+300,+1.75,537866,2054,1804,--250,+224,118660,103785,--14875,+12784,KRX
20170918,-17100,5,-150,-0.87,245803,1348,874,--474,--144,78512,50853,--27659,--8414,KRX
20170915,+17250,2,+50,+0.29,334724,2906,2576,--330,--962,169341,150096,--19245,--56115,KRX
20170914,+17200,2,+300,+1.78,488683,2741,3373,+632,+1334,159658,196528,+36870,+78246,KRX
20170913,-16900,5,-200,-1.17,339628,2302,1600,--702,--2404,135659,94283,--41376,--141143,KRX
20170912,+17100,2,+400,+2.40,569762,1423,3125,+1702,+1694,83642,183409,+99767,+99319,KRX
20170911,-16700,5,-250,-1.47,457351,1657,1665,+8,+104,98746,99194,+448,+5974,KRX
20170908,-16950,5,-400,-2.31,453042,1416,1320,--96,+263,83353,77827,--5526,+15236,KRX
20170907,+17350,2,+200,+1.17,259726,2075,1716,--359,+1001,119862,99100,--20762,+57984,KRX
20170906,-17150,5,-300,-1.72,468024,2737,1377,--1360,--69,158426,79680,--78746,--5238,KRX
20170905,-17450,5,-350,-1.97,405494,2477,1186,--1291,--2308,140942,67434,--73508,--131617,KRX
20170904,+17800,2,+200,+1.14,447396,1372,2389,+1017,+2909,77012,135121,+58109,+164964,KRX
20170901,-17600,5,-400,-2.22,667864,3105,1213,--1892,--1983,175227,68372,--106855,--111862,KRX
20170831,18000,3,0,0.00,359356,2857,2948,+91,+138,158921,163928,+5007,+7648,KRX
20170830,+18000,2,+100,+0.56,204754,1076,1029,--47,+1987,59883,57242,--2641,+111104,KRX
20170829,-17900,5,-200,-1.10,387178,3279,1245,--2034,--831,183335,69590,--113745,--47171,KRX
20170828,+18100,2,+150,+0.84,279848,2168,965,--1203,--2043,119892,53318,--66574,--113327,KRX
20170825,+17950,2,+250,+1.41,374917,2679,3519,+840,+2604,149510,196263,+46753,+146124,KRX
20170824,-17700,5,-350,-1.94,519926,3526,1762,--1764,--1217,198459,99088,--99371,--68872,KRX
20170823,+18050,2,+350,+1.98,588121,4451,3904,--547,+383,247446,216947,--30499,+21826,KRX
20170822,-17700,5,-300,-1.67,606572,2390,1460,--930,+1077,134257,81932,--52325,+59417,KRX
20170821,-18000,5,-50,-0.28,437716,3440,1433,--2007,+4509,191508,79766,--111742,+249264,KRX
20170818,-18050,5,-550,-2.96,867288,7774,1258,--6516,--4091,430668,69662,--361006,--230770,KRX
20170817,+18600,2,+350,+1.92,667798,4576,2151,--2425,--1735,246496,116260,--130236,--92605,KRX
20170816,-18250,5,-50,-0.27,307556,2487,1797,--690,+18,135761,98130,--37631,+803,KRX
20170814,-18300,5,-350,-1.88,320264,1975,1267,--708,--348,107326,68892,--38434,--19090,KRX
20170811,-18650,5,-300,-1.58,402485,1868,1508,--360,--1742,100051,80707,--19344,--92422,KRX
20170810,18950,3,0,0.00,371696,1766,3148,+1382,+535,93325,166403,+73078,+28410,KRX
20170809,-18950,5,-50,-0.26,392924,1371,2218,+847,+1298,72028,116696,+44668,+68261,KRX
20170808,19000,3,0,0.00,488772,3074,2623,--451,--308,161555,137962,--23593,--15534,KRX
20170807,+19000,2,+400,+2.15,980451,5222,5079,--143,+1932,271358,263299,--8059,+103803,KRX
20170804,-18600,5,-150,-0.80,1022793,6033,3958,--2075,+7613,327426,215564,--111862,+395688,KRX
20170803,-18750,5,-1800,-8.76,2151421,13520,3832,--9688,--8332,707667,200117,--507550,--442336,KRX
20170802,-20550,5,-400,-1.91,418974,3034,1678,--1356,--1705,146128,80914,--65214,--81844,KRX
20170801,+20950,2,+350,+1.70,311599,1974,2323,+349,--467,94293,110923,+16630,--23083,KRX
20170731,-20600,5,-200,-0.96,326542,1720,2536,+816,+803,83738,123451,+39713,+38962,KRX
20170728,-20800,5,-200,-0.95,293912,2571,2584,+13,--410,122797,123548,+751,--19091,KRX
20170727,+21000,2,+200,+0.96,428204,1940,2363,+423,--330,91990,111832,+19842,--16051,KRX
20170726,+20800,2,+50,+0.24,309959,1641,2394,+753,--352,78397,114290,+35893,--17583,KRX
20170725,+20750,2,+150,+0.73,212372,1150,2255,+1105,+1088,55555,109031,+53476,+52647,KRX
20170724,-20600,5,-400,-1.90,279547,1217,1234,+17,--921,59178,60007,+829,--43814,KRX
20170721,+21000,2,+150,+0.72,207106,481,1419,+938,+538,22927,67570,+44643,+25639,KRX
20170720,+20850,2,+100,+0.48,291801,1389,1789,+400,--1,66637,85641,+19004,--581,KRX
20170719,+20750,2,+50,+0.24,337286,1765,2166,+401,--527,85257,104842,+19585,--25599,KRX
20170718,+20700,2,+350,+1.72,373074,1326,2254,+928,--1793,64296,109480,+45184,--89313,KRX
20170717,+20350,2,+200,+0.99,439078,433,3154,+2721,+4596,21317,155814,+134497,+228132,KRX
20170714,-20150,5,-1000,-4.73,1379999,4626,2751,--1875,--2417,229226,135591,--93635,--119318,KRX
20170713,-21150,5,-150,-0.70,416101,1025,1567,+542,+695,48408,74091,+25683,+32754,KRX
20170712,+21300,2,+200,+0.95,442404,2024,1871,--153,--152,94605,87534,--7071,--7122,KRX
20170711,-21100,5,-300,-1.40,356625,1625,1624,--1,--1497,76800,76851,+51,--69536,KRX
20170710,+21400,2,+150,+0.71,291567,1094,2590,+1496,+723,51053,120640,+69587,+33217,KRX
20170707,-21250,5,-150,-0.70,247951,827,1600,+773,+474,38935,75305,+36370,+22417,KRX
20170706,-21400,5,-50,-0.23,257672,1567,1866,+299,+776,73054,87007,+13953,+36140,KRX
20170705,+21450,2,+250,+1.18,459278,1988,1511,--477,+3,92389,70202,--22187,+516,KRX
20170704,-21200,5,-50,-0.24,240425,1446,966,--480,--1680,68100,45397,--22703,--79297,KRX
20170703,+21250,2,+300,+1.43,316704,1077,2277,+1200,+1251,50741,107335,+56594,+58580,KRX
20170630,-20950,5,-200,-0.95,548778,3160,3109,--51,--3322,149292,147306,--1986,--157290,KRX
20170629,+21150,2,+500,+2.42,666411,1114,4385,+3271,+3260,52983,208287,+155304,+154821,KRX
20170628,-20650,5,-950,-4.40,1369069,3813,3824,+11,+1478,184494,184977,+483,+68039,KRX
20170627,-21600,5,-200,-0.92,329244,2586,1119,--1467,--592,119146,51590,--67556,--27356,KRX
20170626,-21800,5,-100,-0.46,311050,1628,753,--875,--1266,74781,34581,--40200,--58305,KRX
20170623,+21900,2,+550,+2.58,388148,2446,2837,+391,+198,112212,130317,+18105,+9466,KRX
20170622,-21350,5,-250,-1.16,620646,3579,3772,+193,+918,167648,176287,+8639,+42271,KRX
20170621,21600,3,0,0.00,611797,4251,3526,--725,+5865,197093,163461,--33632,+272575,KRX
20170620,+21600,2,+150,+0.70,1700338,10688,4098,--6590,+1585,496707,190500,--306207,+54040,KRX
20170619,-21450,5,-2650,-11.00,3351941,15209,7034,--8175,--4632,677160,316913,--360247,--214047,KRX
20170616,-24100,5,-100,-0.41,675692,6485,2942,--3543,--2853,267782,121582,--146200,--117487,KRX
20170615,24200,3,0,0.00,659549,4268,3578,--690,--5486,176534,147821,--28713,--228891,KRX
20170614,+24200,2,+700,+2.98,1320274,3887,8683,+4796,+4661,161741,361919,+200178,+194530,KRX
20170613,+23500,2,+100,+0.43,397438,2261,2396,+135,--32,96191,101839,+5648,--1546,KRX
20170612,+23400,2,+100,+0.43,331353,1287,1454,+167,+301,55000,62194,+7194,+13066,KRX
20170609,23300,3,0,0.00,341991,2198,2064,--134,--3580,94631,88759,--5872,--154034,KRX
20170608,+23300,2,+150,+0.65,460359,3591,7037,+3446,+3244,155007,303169,+148162,+139740,KRX
20170607,-23150,5,-200,-0.86,458150,4715,4917,+202,--1533,203722,212144,+8422,--65547,KRX
20170605,+23350,2,+50,+0.21,354160,2026,3761,+1735,--1909,86532,160501,+73969,--81446,KRX
20170602,23300,3,0,0.00,610186,3431,7075,+3644,+791,146683,302098,+155415,+32588,KRX
20170601,+23300,2,+500,+2.19,666448,2985,5838,+2853,+3456,129138,251965,+122827,+149406,KRX
20170531,+22800,2,+50,+0.22,726192,9418,8815,--603,--4769,413694,387115,--26579,--209735,KRX
20170530,+22750,2,+350,+1.56,647933,2366,6532,+4166,+8879,104151,287307,+183156,+391152,KRX
20170529,-22400,5,-1100,-4.68,1883429,7793,3080,--4713,+6440,344031,136035,--207996,+265210,KRX
20170526,-23500,5,-550,-2.29,1455447,18395,7242,--11153,--15011,780183,306977,--473206,--633971,KRX
20170525,+24050,2,+350,+1.48,664712,831,4689,+3858,+5675,34600,195365,+160765,+237008,KRX
20170524,-23700,5,-450,-1.86,613052,3781,1964,--1817,--3484,158813,82570,--76243,--145508,KRX
20170523,+24150,2,+150,+0.63,429766,1308,2975,+1667,+1843,54306,123571,+69265,+76634,KRX
20170522,+24000,2,+300,+1.27,481428,2801,2625,--176,--841,116418,109049,--7369,--35483,KRX
20170519,+23700,2,+250,+1.07,432795,2077,2742,+665,+511,87268,115382,+28114,+21705,KRX
20170518,-23450,5,-200,-0.85,375928,2039,2193,+154,+953,87237,93646,+6409,+40896,KRX
20170517,+23650,2,+250,+1.07,485067,3235,2436,--799,--2500,138494,104007,--34487,--107224,KRX
20170516,-23400,5,-550,-2.30,870060,4006,5707,+1701,+2652,170944,243681,+72737,+111830,KRX
20170515,-23950,5,-450,-1.84,464912,3642,2691,--951,--438,150697,111604,--39093,--17832,KRX
20170512,+24400,2,+300,+1.24,581778,3366,2853,--513,--317,138792,117531,--21261,--12539,KRX
20170511,+24100,2,+350,+1.47,888541,4150,3954,--196,+1918,174849,166127,--8722,+80168,KRX
20170510,+23750,2,+150,+0.64,640766,5954,3840,--2114,--2034,250299,161409,--88890,--85340,KRX
20170508,+23600,2,+150,+0.64,352845,2153,2073,--80,+1253,91741,88191,--3550,+53176,KRX
20170504,+23450,2,+100,+0.43,329431,3521,2188,--1333,--1054,149706,92980,--56726,--44939,KRX
20170502,+23350,2,+100,+0.43,457493,3318,3039,--279,+2329,140551,128764,--11787,+99209,KRX
20170428,-23250,5,-650,-2.72,637806,4651,2043,--2608,--2743,198345,87349,--110996,--116365,KRX
20170427,-23900,5,-150,-0.62,353495,2390,2525,+135,+1680,99952,105321,+5369,+69697,KRX
20170426,+24050,2,+300,+1.26,745688,5249,3704,--1545,--1020,217698,153370,--64328,--42219,KRX
20170425,23750,3,0,0.00,407187,2145,1620,--525,--1200,90261,68152,--22109,--50844,KRX
20170424,+23750,2,+250,+1.06,410812,1096,1771,+675,+2856,46228,74963,+28735,+121506,KRX
20170421,-23500,5,-300,-1.26,443475,3667,1486,--2181,--5607,156097,63326,--92771,--237797,KRX
20170420,+23800,2,+450,+1.93,496200,853,4279,+3426,+3388,35915,180941,+145026,+143493,KRX
20170419,-23350,5,-600,-2.51,883488,2180,2218,+38,+461,92797,94330,+1533,+19369,KRX
20170418,+23950,2,+250,+1.05,406906,1908,1485,--423,+677,80226,62390,--17836,+28572,KRX
20170417,-23700,5,-150,-0.63,569045,2793,1693,--1100,+81,117895,71487,--46408,+2977,KRX
20170414,-23850,5,-450,-1.85,394481,2432,1251,--1181,--3291,101611,52226,--49385,--136181,KRX
20170413,+24300,2,+350,+1.46,491925,2569,4679,+2110,+734,106848,193644,+86796,+29648,KRX
20170412,-23950,5,-50,-0.21,378343,1736,3112,+1376,+1956,72132,129280,+57148,+81454,KRX
20170411,-24000,5,-200,-0.83,402437,2979,2399,--580,--883,123888,99582,--24306,--37006,KRX
20170410,-24200,5,-700,-2.81,592172,1808,2111,+303,--1123,74133,86833,+12700,--44669,KRX
20170407,+24900,2,+150,+0.61,367794,797,2223,+1426,+2171,32126,89495,+57369,+87564,KRX
20170406,-24750,5,-200,-0.80,424039,2336,1591,--745,--713,94536,64341,--30195,--29616,KRX
20170405,+24950,2,+1100,+4.61,1552075,4955,4923,--32,+1216,199935,199356,--579,+51657,KRX
20170404,-23850,5,-50,-0.21,423231,3178,1930,--1248,--284,132859,80623,--52236,--11881,KRX
20170403,-23900,5,-50,-0.21,355494,2880,1916,--964,--1971,120261,79906,--40355,--81681,KRX
20170331,+23950,2,+50,+0.21,601207,3735,4742,+1007,+4128,155467,196793,+41326,+171488,KRX
20170330,-23900,5,-250,-1.04,526598,4334,1213,--3121,--468,180868,50706,--130162,--20399,KRX
20170329,-24150,5,-300,-1.23,670985,4561,1908,--2653,+112,188888,79125,--109763,+3510,KRX
20170328,-24450,5,-300,-1.21,550843,4369,1604,--2765,--1298,178922,65649,--113273,--53644,KRX
20170327,-24750,5,-200,-0.80,733585,4437,2970,--1467,+1941,180362,120733,--59629,+75708,KRX
20170324,-24950,5,-600,-2.35,887985,6411,3003,--3408,--4938,255604,120267,--135337,--196556,KRX
20170323,+25550,2,+1050,+4.29,1216026,2620,4150,+1530,+1335,102900,164119,+61219,+53335,KRX
20170322,-24500,5,-300,-1.21,429194,3183,3378,+195,+1015,129338,137222,+7884,+41009,KRX
20170321,24800,3,0,0.00,471031,2335,1515,--820,--1085,94526,61401,--33125,--43904,KRX
20170320,-24800,5,-150,-0.60,369023,1997,2262,+265,--1792,80223,91002,+10779,--72123,KRX
20170317,+24950,2,+450,+1.84,724711,2445,4502,+2057,+2438,98421,181323,+82902,+98763,KRX
20170316,+24500,2,+200,+0.82,556571,3009,2628,--381,+259,122869,107008,--15861,+10340,KRX
20170315,-24300,5,-200,-0.82,436280,2319,1679,--640,+698,94667,68466,--26201,+28223,KRX
20170314,-24500,5,-250,-1.01,787486,4173,2835,--1338,--1117,170709,116285,--54424,--45307,KRX
20170313,+24750,2,+250,+1.02,395398,1776,1555,--221,+553,71998,62881,--9117,+22665,KRX
20170310,+24500,2,+150,+0.62,398579,2907,2133,--774,--1732,119052,87270,--31782,--70905,KRX
20170309,-24350,5,-100,-0.41,591199,2202,3160,+958,+5778,90088,129211,+39123,+234557,KRX
20170308,-24450,5,-650,-2.59,660676,5270,450,--4820,--4364,213754,18320,--195434,--178166,KRX
20170307,+25100,2,+1150,+4.80,1225705,5235,4779,--456,--1684,209489,192221,--17268,--68951,KRX
20170306,-23950,5,-100,-0.42,680215,2827,4055,+1228,+391,118846,170529,+51683,+16386,KRX
20170303,-24050,5,-450,-1.84,980536,3794,4631,+837,+368,157727,193024,+35297,+15481,KRX
20170302,-24500,5,-50,-0.20,1226662,4906,5375,+469,--2554,199640,219456,+19816,--105433,KRX
20170228,-24550,5,-2050,-7.71,3256278,9123,12146,+3023,+2827,370561,495810,+125249,+117804,KRX
20170227,+26600,2,+300,+1.14,509370,2397,2593,+196,--869,89719,97164,+7445,--33036,KRX
20170224,-26300,5,-600,-2.23,946201,3061,4126,+1065,+2625,114911,155392,+40481,+97811,KRX
20170223,-26900,5,-500,-1.82,786958,4284,2724,--1560,+1553,158236,100906,--57330,+56028,KRX
20170222,+27400,2,+100,+0.37,685129,5270,2157,--3113,--2104,191823,78465,--113358,--76548,KRX
20170221,-27300,5,-250,-0.91,878017,4298,3289,--1009,+4633,156596,119786,--36810,+168704,KRX
20170220,-27550,5,-450,-1.61,918158,7882,2240,--5642,--4110,287182,81668,--205514,--150502,KRX
20170217,-28000,5,-850,-2.95,1454767,6548,5016,--1532,--1662,234088,179076,--55012,--60204,KRX
20170216,-28850,5,-1150,-3.83,645424,2479,2609,+130,--832,84639,89831,+5192,--26897,KRX
20170215,+30000,2,+100,+0.33,325973,2511,3473,+962,+1972,83850,115939,+32089,+65725,KRX
20170214,-29900,5,-500,-1.64,624749,5408,4398,--1010,--3317,179437,145801,--33636,--109650,KRX
20170213,+30400,2,+650,+2.18,932864,3353,5660,+2307,+4049,110507,186521,+76014,+134785,KRX
20170210,+29750,2,+300,+1.02,674245,4751,3009,--1742,--7615,160131,101360,--58771,--258828,KRX
20170209,+29450,2,+950,+3.33,835828,2387,8260,+5873,+5294,81094,281151,+200057,+179825,KRX
20170208,28500,3,0,0.00,256393,1948,2527,+579,+2370,68086,88318,+20232,+82910,KRX
20170207,-28500,5,-450,-1.55,284142,3125,1334,--1791,--781,109308,46630,--62678,--27649,KRX
20170206,+28950,2,+450,+1.58,332227,2714,1704,--1010,+457,94169,59140,--35029,+16802,KRX
20170203,+28500,2,+250,+0.88,272969,4003,2536,--1467,--152,141174,89343,--51831,--5578,KRX
20170202,-28250,5,-300,-1.05,427756,3658,2343,--1315,--1612,128021,81768,--46253,--56898,KRX
20170201,+28550,2,+1100,+4.01,421770,2008,2305,+297,+845,70323,80968,+10645,+30441,KRX
20170131,-27450,5,-650,-2.31,209621,1758,1210,--548,--1795,63580,43784,--19796,--64793,KRX
20170126,+28100,2,+800,+2.93,308180,1102,2349,+1247,+1346,39424,84421,+44997,+48499,KRX
20170125,-27300,5,-600,-2.15,331749,1641,1542,--99,--1740,59410,55908,--3502,--62611,KRX
20170124,27900,3,0,0.00,325918,1774,3415,+1641,+772,63786,122895,+59109,+28184,KRX
20170123,-27900,5,-300,-1.06,278439,1086,1955,+869,+2132,38550,69475,+30925,+75045,KRX
20170120,-28200,5,-400,-1.40,350134,2705,1442,--1263,--2998,94576,50456,--44120,--104677,KRX
20170119,28600,3,0,0.00,378298,2835,4570,+1735,+4281,99310,159867,+60557,+149161,KRX
20170118,-28600,5,-650,-2.22,430795,4523,1977,--2546,--1822,157510,68906,--88604,--63811,KRX
20170117,29250,3,0,0.00,287678,2202,1478,--724,--692,75128,50335,--24793,--23842,KRX
20170116,+29250,2,+50,+0.17,448231,1939,1907,--32,+417,66824,65873,--951,+14377,KRX
20170113,-29200,5,-400,-1.35,374361,2360,1911,--449,--563,81054,65726,--15328,--19207,KRX
20170112,+29600,2,+100,+0.34,331159,2616,2730,+114,+1505,88500,92379,+3879,+50771,KRX
20170111,+29500,2,+150,+0.51,529863,2733,1342,--1391,--3948,92248,45356,--46892,--134370,KRX
20170110,+29350,2,+650,+2.26,621198,2001,4558,+2557,+6085,68236,155714,+87478,+210352,KRX
20170109,-28700,5,-300,-1.03,429774,4357,829,--3528,--4841,151752,28878,--122874,--168642,KRX
20170106,+29000,2,+800,+2.84,921886,2239,3552,+1313,--662,77332,123100,+45768,--24760,KRX
20170105,+28200,2,+600,+2.17,478945,1968,3943,+1975,+4152,70108,140636,+70528,+148032,KRX
20170104,-27600,5,-1000,-3.50,785629,4815,2638,--2177,--1570,171836,94332,--77504,--55977,KRX
20170103,+28600,2,+550,+1.96,559236,2597,1990,--607,--606,91164,69637,--21527,--21731,KRX
20170102,+28050,2,+850,+3.13,290710,1234,1233,--1,+400,44453,44657,+204,+14569,KRX
20161229,-27200,5,-550,-1.98,306547,2018,1617,--401,--972,73460,59095,--14365,--34990,KRX
20161228,-27750,5,-100,-0.36,460026,1683,2254,+571,+5097,60458,81083,+20625,+181515,KRX
20161227,-27850,5,-300,-1.07,777754,8544,4018,--4526,--524,304838,143948,--160890,--18517,KRX
20161226,+28150,2,+150,+0.54,805112,5128,1126,--4002,--1370,182372,39999,--142373,--47720,KRX
20161223,+28000,2,+450,+1.63,459667,3814,1182,--2632,--1708,137113,42460,--94653,--61144,KRX
20161222,+27550,2,+150,+0.55,304788,2939,2015,--924,+727,106686,73177,--33509,+26271,KRX
20161221,-27400,5,-300,-1.08,564982,3802,2151,--1651,--6478,137711,77931,--59780,--237056,KRX
20161220,+27700,2,+1550,+5.93,1233580,2578,7405,+4827,+8598,93807,271083,+177276,+320972,KRX
20161219,+26150,2,+50,+0.19,564296,6411,2640,--3771,--824,244228,100532,--143696,--30653,KRX
20161216,26100,3,0,0.00,420549,5500,2553,--2947,--2418,210850,97807,--113043,--92405,KRX
20161215,+26100,2,+400,+1.56,287164,2913,2384,--529,+1793,112587,91949,--20638,+69150,KRX
20161214,-25700,5,-700,-2.65,674550,6772,4450,--2322,--2721,262167,172379,--89788,--104843,KRX
20161213,+26400,2,+100,+0.38,369315,1957,2356,+399,--2427,73782,88837,+15055,--92826,KRX
20161212,+26300,2,+850,+3.34,478784,1203,4029,+2826,+2136,45705,153586,+107881,+80905,KRX
20161209,-25450,5,-150,-0.59,241650,1026,1716,+690,--648,40194,67170,+26976,--24711,KRX
20161208,+25600,2,+100,+0.39,725113,3345,4683,+1338,+3598,131983,183670,+51687,+137847,KRX
20161207,-25500,5,-1400,-5.20,663612,4494,2234,--2260,--2674,173086,86926,--86160,--101456,KRX
20161206,+26900,2,+600,+2.28,347909,2528,2942,+414,+1017,93929,109225,+15296,+38085,KRX
20161205,+26300,2,+150,+0.57,222273,1931,1328,--603,+614,73068,50279,--22789,+23357,KRX
20161202,-26150,5,-600,-2.24,224762,1992,775,--1217,--284,75562,29416,--46146,--11674,KRX
20161201,+26750,2,+950,+3.68,438337,3238,2305,--933,+110,122031,87559,--34472,+6249,KRX
20161130,25800,3,0,0.00,408249,5991,4948,--1043,+690,232748,192027,--40721,+25924,KRX
20161129,-25800,5,-300,-1.15,414686,5087,3354,--1733,--3289,195926,129281,--66645,--125867,KRX
20161128,-26100,5,-450,-1.69,269821,1045,2601,+1556,+1395,39833,99055,+59222,+53243,KRX
20161125,-26550,5,-350,-1.30,277245,1648,1809,+161,+444,61727,67706,+5979,+16312,KRX
20161124,+26900,2,+50,+0.19,379171,2414,2131,--283,--2642,89301,78968,--10333,--98341,KRX
20161123,-26850,5,-100,-0.37,569394,908,3267,+2359,+2458,33807,121815,+88008,+91503,KRX
20161122,+26950,2,+100,+0.37,356998,2670,2571,--99,--2893,99327,95832,--3495,--107903,KRX
20161121,-26850,5,-50,-0.19,459396,2086,4880,+2794,+1448,77534,181942,+104408,+53347,KRX
20161118,-26900,5,-1300,-4.61,1067127,4888,6234,+1346,+1022,180982,232043,+51061,+39557,KRX
20161117,+28200,2,+400,+1.44,566643,2137,2461,+324,+3064,76815,88319,+11504,+111531,KRX
20161116,27800,3,0,0.00,881701,8038,5298,--2740,--3201,292058,192031,--100027,--116515,KRX
20161115,-27800,5,-900,-3.14,962959,4170,4631,+461,+1424,149408,165896,+16488,+49484,KRX
20161114,+28700,2,+750,+2.68,1477689,5059,4096,--963,--1418,175424,142428,--32996,--48478,KRX
20161111,+27950,2,+1400,+5.27,1266798,5107,5562,+455,--5073,186397,201879,+15482,--196234,KRX
20161110,+26550,2,+2400,+9.94,1160017,3260,8788,+5528,+4171,123611,335327,+211716,+154715,KRX
20161109,-24150,5,-1450,-5.66,1452446,6504,7861,+1357,+641,266066,323067,+57001,+28918,KRX
20161108,-25600,5,-350,-1.35,389186,1417,2133,+716,--2145,55047,83130,+28083,--82053,KRX
20161107,+25950,2,+850,+3.39,526458,1692,4553,+2861,+3032,65040,175176,+110136,+116889,KRX
20161104,-25100,5,-600,-2.33,477255,3001,2830,--171,+2735,119126,112373,--6753,+106902,KRX
20161103,-25700,5,-150,-0.58,656314,6585,3679,--2906,--2415,257574,143919,--113655,--94837,KRX
20161102,-25850,5,-550,-2.08,382287,2541,2050,--491,--1724,97219,78401,--18818,--65708,KRX
20161101,+26400,2,+200,+0.76,338842,3129,4362,+1233,+649,118497,165387,+46890,+24440,KRX
20161031,-26200,5,-850,-3.14,337885,1983,2567,+584,+3495,75086,97536,+22450,+130869,KRX
20161028,+27050,2,+150,+0.56,334780,3921,1010,--2911,--2281,146067,37648,--108419,--85106,KRX
20161027,-26900,5,-100,-0.37,340084,2792,2162,--630,+680,103492,80179,--23313,+25212,KRX
20161026,-27000,5,-600,-2.17,452573,2904,1594,--1310,+35,107600,59075,--48525,--73,KRX
20161025,27600,3,0,0.00,618283,4543,3198,--1345,--891,163972,115520,--48452,--32027,KRX
20161024,+27600,2,+950,+3.56,734174,4361,3907,--454,+1863,158120,141695,--16425,+70671,KRX
20161021,+26650,2,+550,+2.11,492403,3472,1155,--2317,--2746,130656,43560,--87096,--103722,KRX
20161020,+26100,2,+800,+3.16,511124,2682,3111,+429,+1560,103582,120208,+16626,+60896,KRX
20161019,-25300,5,-750,-2.88,596323,3143,2012,--1131,--791,123550,79280,--44270,--31231,KRX
20161018,-26050,5,-200,-0.76,296176,2149,1809,--340,+764,82827,69788,--13039,+28969,KRX
20161017,+26250,2,+50,+0.19,355333,2892,1788,--1104,+2022,109960,67952,--42008,+75464,KRX
20161014,+26200,2,+100,+0.38,729195,5855,2729,--3126,--590,219951,102479,--117472,--20193,KRX
20161013,-26100,5,-450,-1.69,491886,4237,1701,--2536,--1268,162447,65168,--97279,--50159,KRX
20161012,+26550,2,+1150,+4.53,801632,4866,3598,--1268,+854,183852,136732,--47120,+37466,KRX
20161011,-25400,5,-150,-0.59,820843,7042,4920,--2122,--3908,280208,195622,--84586,--156191,KRX
20161010,-25550,5,-700,-2.67,1647212,5215,7001,+1786,+4402,207350,278955,+71605,+169820,KRX
20161007,-26250,5,-500,-1.87,906918,8146,5530,--2616,--2352,306050,207835,--98215,--88957,KRX
20161006,+26750,2,+1800,+7.21,1291773,5529,5265,--264,--1173,210732,201474,--9258,--45824,KRX
20161005,-24950,5,-600,-2.35,890795,4832,5741,+909,+4653,193521,230087,+36566,+181856,KRX
20161004,-25550,5,-300,-1.16,692777,10282,6538,--3744,--5107,398757,253467,--145290,--198319,KRX
20160930,+25850,2,+400,+1.57,666922,7510,8873,+1363,+1660,292342,345371,+53029,+64655,KRX
20160929,+25450,2,+150,+0.59,576725,2791,2494,--297,+322,109057,97431,--11626,+11833,KRX
20160928,-25300,5,-800,-3.07,997230,4909,4290,--619,--2420,192934,169475,--23459,--92616,KRX
20160927,+26100,2,+50,+0.19,812446,2763,4564,+1801,+1300,105655,174812,+69157,+49260,KRX
20160926,-26050,5,-700,-2.62,873181,3338,3839,+501,--1913,127327,147224,+19897,--70398,KRX
20160923,-26750,5,-250,-0.93,877864,3990,6404,+2414,+161,149438,239733,+90295,+6577,KRX
20160922,-27000,5,-500,-1.82,843331,3604,5857,+2253,--1422,131884,215602,+83718,--51107,KRX
20160921,-27500,5,-250,-0.90,705751,2435,6110,+3675,+3376,89180,224005,+134825,+123901,KRX
20160920,-27750,5,-900,-3.14,741273,4852,5151,+299,+3180,173346,184270,+10924,+111848,KRX
20160919,-28650,5,-400,-1.38,493631,5393,2512,--2881,--5402,188966,88042,--100924,--188190,KRX
20160913,+29050,2,+750,+2.65,718817,9098,11619,+2521,+2840,314081,401347,+87266,+98238,KRX
20160912,-28300,5,-1200,-4.07,536770,2998,2679,--319,--1126,104306,93334,--10972,--38115,KRX
20160909,+29500,2,+400,+1.37,443165,2422,3229,+807,+2945,82139,109282,+27143,+100033,KRX
20160908,-29100,5,-700,-2.35,637012,6094,3956,--2138,--1692,208119,135229,--72890,--57997,KRX
20160907,+29800,2,+50,+0.17,440814,2429,1983,--446,+1150,81417,66524,--14893,+38665,KRX
20160906,+29750,2,+300,+1.02,598622,3324,1728,--1596,--4618,111624,58066,--53558,--157450,KRX
20160905,+29450,2,+1050,+3.70,663086,1252,4274,+3022,+2240,42704,146596,+103892,+76491,KRX
20160902,+28400,2,+100,+0.35,391318,2501,3283,+782,--1576,88452,115853,+27401,--56361,KRX
20160901,+28300,2,+650,+2.35,532094,2389,4747,+2358,--3157,84845,168607,+83762,--116214,KRX
20160831,+27650,2,+600,+2.22,761721,4109,9624,+5515,+3750,148531,348507,+199976,+135041,KRX
20160830,-27050,5,-150,-0.55,576374,2388,4153,+1765,--3239,87675,152610,+64935,--120427,KRX
20160829,-27200,5,-200,-0.73,736804,2010,7014,+5004,+3994,74881,260243,+185362,+148523,KRX
20160826,-27400,5,-700,-2.49,532147,1774,2784,+1010,+424,64392,101231,+36839,+16111,KRX
20160825,-28100,5,-150,-0.53,294549,1374,1960,+586,+1008,48467,69195,+20728,+35757,KRX
20160824,28250,3,0,0.00,310870,2053,1631,--422,--1390,72860,57831,--15029,--49650,KRX
20160823,+28250,2,+350,+1.25,378138,1584,2552,+968,+2167,56290,90911,+34621,+77261,KRX
20160822,-27900,5,-700,-2.45,465208,2872,1673,--1199,--1175,102580,59940,--42640,--42039,KRX
20160819,+28600,2,+400,+1.42,516730,2329,2305,--24,--119,81591,80990,--601,--3952,KRX
20160818,+28200,2,+100,+0.36,365812,2037,2132,+95,--915,72100,75451,+3351,--33508,KRX
20160817,+28100,2,+200,+0.72,577857,1864,2874,+1010,+642,66691,103550,+36859,+23800,KRX
20160816,-27900,5,-300,-1.06,470432,2012,2380,+368,+2096,71679,84738,+13059,+74524,KRX
20160812,+28200,2,+100,+0.36,576625,3016,1288,--1728,--2414,107221,45756,--61465,--86117,KRX
20160811,+28100,2,+850,+3.12,659724,2189,2875,+686,+1079,78577,103229,+24652,+39121,KRX
20160810,-27250,5,-150,-0.55,360582,1941,1548,--393,+1335,71045,56576,--14469,+48485,KRX
20160809,+27400,2,+200,+0.74,382469,2690,962,--1728,+1822,97979,35025,--62954,+66816,KRX
20160808,+27200,2,+200,+0.74,847822,4865,1315,--3550,--9721,177853,48083,--129770,--361818,KRX
20160805,+27000,2,+1550,+6.09,1206287,1595,7766,+6171,+4917,59559,291607,+232048,+182884,KRX
20160804,-25450,5,-250,-0.97,474326,1822,3076,+1254,+2239,71450,120614,+49164,+87463,KRX
20160803,-25700,5,-800,-3.02,632261,2905,1920,--985,--5201,113078,74779,--38299,--198708,KRX
20160802,+26500,2,+400,+1.53,539828,2508,6724,+4216,+4396,95330,255739,+160409,+167134,KRX
20160801,-26100,5,-100,-0.38,435995,2134,1954,--180,+1650,81845,75120,--6725,+63569,KRX
20160729,-26200,5,-250,-0.95,800363,5493,3663,--1830,--1438,210711,140417,--70294,--55505,KRX
20160728,+26450,2,+750,+2.92,1161889,3504,3112,--392,+1876,133244,118455,--14789,+73647,KRX
20160727,-25700,5,-50,-0.19,640942,3763,1495,--2268,--62,146686,58250,--88436,--2260,KRX
20160726,+25750,2,+1150,+4.67,1022825,4303,2097,--2206,--4022,169148,82972,--86176,--161011,KRX
20160725,+24600,2,+100,+0.41,599002,1719,3535,+1816,+920,70409,145244,+74835,+38507,KRX
20160722,-24500,5,-350,-1.41,375998,1410,2306,+896,+1211,57171,93499,+36328,+49067,KRX
20160721,-24850,5,-50,-0.20,408519,2011,1696,--315,--1663,81124,68385,--12739,--67380,KRX
20160720,+24900,2,+500,+2.05,541952,1480,2828,+1348,+1502,59800,114441,+54641,+61151,KRX
20160719,-24400,5,-550,-2.20,905683,2457,2303,--154,--115,100918,94408,--6510,--4456,KRX
20160718,+24950,2,+950,+3.96,953426,2734,2695,--39,--82,110276,108222,--2054,--3832,KRX
20160715,+24000,2,+300,+1.27,570563,1991,2034,+43,+2692,82770,84548,+1778,+112945,KRX
20160714,-23700,5,-550,-2.27,578627,4671,2022,--2649,--3298,196099,84932,--111167,--137847,KRX
20160713,+24250,2,+350,+1.46,681266,2343,2992,+649,+5193,97092,123772,+26680,+217040,KRX
20160712,+23900,2,+700,+3.02,1257693,6111,1567,--4544,--7350,255736,65376,--190360,--315574,KRX
20160711,+23200,2,+1600,+7.41,1086789,2284,5090,+2806,+3314,99612,224826,+125214,+148286,KRX
20160708,-21600,5,-500,-2.26,340967,1963,1455,--508,--1923,90313,67241,--23072,--86858,KRX
20160707,+22100,2,+700,+3.27,491584,1309,2724,+1415,+2583,59227,123013,+63786,+117971,KRX
20160706,-21400,5,-450,-2.06,537063,3427,2259,--1168,+822,159404,105219,--54185,+35722,KRX
20160705,-21850,5,-350,-1.58,581525,2936,946,--1990,--1167,132870,42963,--89907,--53031,KRX
20160704,+22200,2,+800,+3.74,610166,3526,2703,--823,--1243,159169,122293,--36876,--56462,KRX
20160701,+21400,2,+200,+0.94,241166,810,1230,+420,+1640,37815,57401,+19586,+76988,KRX
20160630,-21200,5,-100,-0.47,337355,2529,1309,--1220,--474,118888,61486,--57402,--22163,KRX
20160629,+21300,2,+450,+2.16,479955,1650,904,--746,--2750,77520,42281,--35239,--132639,KRX
20160628,+20850,2,+900,+4.51,704627,3102,5106,+2004,+533,150293,247693,+97400,+23137,KRX
20160627,-19950,5,-300,-1.48,884139,1334,2805,+1471,+5096,66896,141159,+74263,+248994,KRX
20160624,-20250,5,-1200,-5.59,2028234,10755,7130,--3625,--3344,509896,335165,--174731,--161395,KRX
20160623,-21450,5,-150,-0.69,343540,2712,2431,--281,--1451,127350,114014,--13336,--67987,KRX
20160622,+21600,2,+600,+2.86,423766,1521,2691,+1170,+1534,70773,125424,+54651,+72139,KRX
20160621,+21000,2,+250,+1.20,533921,2150,1786,--364,--483,103065,85577,--17488,--23168,KRX
20160620,-20750,5,-50,-0.24,347687,1651,1770,+119,--165,79052,84732,+5680,--7971,KRX
20160617,+20800,2,+200,+0.97,441146,3039,3323,+284,--1787,145118,158769,+13651,--85565,KRX
20160616,+20600,2,+100,+0.49,483220,2063,4134,+2071,+1319,99200,198416,+99216,+62719,KRX
20160615,-20500,5,-250,-1.20,714256,3592,4344,+752,+5116,176157,212654,+36497,+244884,KRX
20160614,-20750,5,-750,-3.49,1005922,8508,4144,--4364,--2114,405949,197562,--208387,--103949,KRX
20160613,-21500,5,-550,-2.49,590082,3180,930,--2250,+3001,147279,42841,--104438,+132465,KRX
20160610,-22050,5,-100,-0.45,703881,7072,1821,--5251,--2626,318921,82018,--236903,--119485,KRX
20160609,+22150,2,+250,+1.14,1371573,9698,7073,--2625,--2485,435161,317743,--117418,--110947,KRX
20160608,+21900,2,+150,+0.69,1634422,3949,3809,--140,--736,180678,174207,--6471,--33882,KRX
20160607,21750,3,0,0.00,923007,6411,7007,+596,--2252,294747,322158,+27411,--102804,KRX
20160603,+21750,2,+450,+2.11,1512039,8357,11205,+2848,+18851,382766,512981,+130215,+872853,KRX
20160602,-21300,5,-1900,-8.19,10307855,22984,6981,--16003,--14422,1061799,319161,--742638,--676026,KRX
20160601,-23200,5,-1050,-4.33,810514,4732,3151,--1581,--3711,200676,134064,--66612,--153857,KRX
20160531,+24250,2,+700,+2.97,698713,4915,7045,+2130,+985,201809,289054,+87245,+38490,KRX
20160530,-23550,5,-50,-0.21,273480,1018,2163,+1145,+182,43306,92061,+48755,+8042,KRX
20160527,-23600,5,-100,-0.42,199365,1249,2212,+963,--225,53030,93743,+40713,--9469,KRX
20160526,+23700,2,+200,+0.85,186186,1029,2217,+1188,--777,43528,93710,+50182,--32874,KRX
20160525,+23500,2,+350,+1.51,234478,798,2763,+1965,+2858,33807,116863,+83056,+121545,KRX
20160524,-23150,5,-650,-2.73,399987,3258,2365,--893,+572,140347,101858,--38489,+22788,KRX
20160523,-23800,5,-450,-1.86,324861,3432,1967,--1465,--3724,143496,82219,--61277,--155769,KRX
20160520,+24250,2,+900,+3.85,406612,2351,4610,+2259,+1279,97960,192452,+94492,+52552,KRX
20160519,-23350,5,-550,-2.30,437658,3565,4545,+980,+56,152104,194044,+41940,+3021,KRX
20160518,+23900,2,+250,+1.06,424474,3794,4718,+924,--3113,158880,197799,+38919,--131717,KRX
20160517,+23650,2,+350,+1.50,531061,2973,7010,+4037,+602,125538,296174,+170636,+23310,KRX
20160516,-23300,5,-250,-1.06,412884,1778,5213,+3435,+2804,76324,223650,+147326,+120174,KRX
20160513,-23550,5,-550,-2.28,515138,4204,4835,+631,--2042,178525,205677,+27152,--82012,KRX
20160512,+24100,2,+200,+0.84,527671,2162,4835,+2673,+2993,88313,197477,+109164,+122767,KRX
20160511,-23900,5,-400,-1.65,421895,2838,2518,--320,--1541,119165,105562,--13603,--64573,KRX
20160510,+24300,2,+700,+2.97,708518,4181,5402,+1221,--4539,174563,225533,+50970,--194004,KRX
20160509,-23600,5,-700,-2.88,914002,6059,11819,+5760,+7053,257314,502288,+244974,+296484,KRX
20160504,-24300,5,-1400,-5.45,854683,4441,3148,--1293,--399,178742,127232,--51510,--16656,KRX
20160503,-25700,5,-200,-0.77,322226,2147,1253,--894,+248,83707,48853,--34854,+9392,KRX
20160502,-25900,5,-200,-0.77,468127,2855,1713,--1142,--1146,110457,66211,--44246,--44032,KRX
20160429,+26100,2,+350,+1.36,628429,2573,2577,+4,+5010,99327,99113,--214,+192304,KRX
20160428,-25750,5,-300,-1.15,577286,7139,2133,--5006,--11030,274598,82080,--192518,--426707,KRX
20160427,+26050,2,+1350,+5.47,1001971,2597,8621,+6024,+6812,100589,334778,+234189,+265492,KRX
20160426,-24700,5,-800,-3.14,424316,2637,1849,--788,+813,105557,74254,--31303,+31390,KRX
20160425,25500,3,0,0.00,340758,2984,1383,--1601,+1141,116886,54193,--62693,+43878,KRX
20160422,-25500,5,-150,-0.58,458459,5836,3094,--2742,--4080,227575,121004,--106571,--159118,KRX
20160421,+25650,2,+550,+2.19,637456,6025,7363,+1338,+2744,235099,287646,+52547,+106694,KRX
20160420,-25100,5,-600,-2.33,1226366,8390,6984,--1406,+785,328735,274588,--54147,+30851,KRX
20160419,+25700,2,+350,+1.38,1731060,10552,8361,--2191,--6014,406865,321867,--84998,--234871,KRX
20160418,-25350,5,-650,-2.50,954935,4269,8092,+3823,+414,168004,317877,+149873,+20023,KRX
20160415,-26000,5,-550,-2.07,1292335,5226,8635,+3409,--7848,198609,328459,+129850,--306935,KRX
20160414,+26550,2,+2450,+10.17,2152762,3030,14287,+11257,+5758,119003,555788,+436785,+205305,KRX
20160412,+24100,2,+1450,+6.40,1687950,4749,10248,+5499,+4456,201358,432838,+231480,+185334,KRX
20160411,+22650,2,+950,+4.38,968488,4055,5098,+1043,+9,180581,226727,+46146,--1590,KRX
20160408,+21700,2,+350,+1.64,460231,2845,3879,+1034,--1177,133524,181260,+47736,--56859,KRX
20160407,+21350,2,+1100,+5.43,672574,1585,3796,+2211,+4315,74444,179039,+104595,+209460,KRX
20160406,20250,3,0,0.00,500530,5388,3284,--2104,--1288,266869,162004,--104865,--65166,KRX
20160405,-20250,5,-700,-3.34,545008,3525,2709,--816,--1255,171970,132271,--39699,--60426,KRX
20160404,+20950,2,+100,+0.48,358325,2621,3060,+439,+4330,125186,145913,+20727,+205711,KRX
20160401,-20850,5,-750,-3.47,472912,4819,928,--3891,--2573,229219,44235,--184984,--124001,KRX
20160331,+21600,2,+200,+0.93,633768,4461,3143,--1318,+2112,206583,145600,--60983,+99873,KRX
20160330,+21400,2,+100,+0.47,558957,5128,1698,--3430,--3052,240471,79615,--160856,--142729,KRX
20160329,+21300,2,+850,+4.16,701670,2923,2545,--378,--565,137885,119758,--18127,--27293,KRX
20160328,+20450,2,+100,+0.49,192102,1325,1512,+187,+288,64484,73650,+9166,+14151,KRX
20160325,+20350,2,+50,+0.25,283176,1412,1311,--101,+1129,69255,64270,--4985,+54970,KRX
20160324,-20300,5,-400,-1.93,319889,2554,1324,--1230,+471,124637,64682,--59955,+22311,KRX
20160323,-20700,5,-200,-0.96,316626,2678,977,--1701,--2565,129436,47170,--82266,--123127,KRX
20160322,+20900,2,+50,+0.24,615073,4356,5220,+864,--1775,207870,248731,+40861,--88756,KRX
20160321,-20850,5,-300,-1.42,1172671,4720,7359,+2639,+3062,229390,359007,+129617,+149702,KRX
20160318,-21150,5,-100,-0.47,434350,3877,3454,--423,--2161,183085,163000,--20085,--101333,KRX
20160317,+21250,2,+600,+2.91,550872,2680,4418,+1738,--2662,124864,206112,+81248,--131697,KRX
20160316,-20650,5,-450,-2.13,644828,2038,6438,+4400,+1220,98691,311636,+212945,+63007,KRX
20160315,-21100,5,-250,-1.17,427434,1610,4790,+3180,+4986,75879,225817,+149938,+233569,KRX
20160314,-21350,5,-800,-3.61,605828,4197,2391,--1806,--2029,194836,111205,--83631,--94801,KRX
20160311,+22150,2,+400,+1.84,694041,3304,3527,+223,--1130,150737,161907,+11170,--51291,KRX
20160310,+21750,2,+350,+1.64,661052,2314,3667,+1353,+2291,106867,169328,+62461,+106693,KRX
20160309,-21400,5,-450,-2.06,788213,4366,3428,--938,--3896,204519,160287,--44232,--178827,KRX
20160308,+21850,2,+100,+0.46,2335354,9917,12875,+2958,+1661,461840,596435,+134595,+72829,KRX
20160307,+21750,2,+1600,+7.94,1936978,5115,6412,+1297,+2387,238571,300337,+61766,+116834,KRX
20160304,+20150,2,+1100,+5.77,1626692,7089,5999,--1090,--7782,357300,302232,--55068,--412984,KRX
20160303,+19050,2,+1500,+8.55,1914902,2781,9473,+6692,+2525,149210,507126,+357916,+119263,KRX
20160302,+17550,2,+1050,+6.36,1507661,1664,5831,+4167,+6096,95497,334150,+238653,+354541,KRX
20160229,-16500,5,-600,-3.51,590789,3980,2051,--1929,--3509,238650,122762,--115888,--208170,KRX
20160226,+17100,2,+100,+0.59,420787,1727,3307,+1580,--805,101122,193404,+92282,--47620,KRX
20160225,+17000,2,+50,+0.29,510879,1621,4006,+2385,+3118,95195,235097,+139902,+183199,KRX
20160224,-16950,5,-150,-0.88,560954,2282,1549,--733,--2118,133921,90624,--43297,--123984,KRX
20160223,+17100,2,+350,+2.09,1096605,3530,4915,+1385,+1397,206095,286782,+80687,+81321,KRX
20160222,-16750,5,-550,-3.18,1107035,3690,3678,--12,+1633,220008,219374,--634,+94708,KRX
20160219,17300,3,0,0.00,384080,2888,1243,--1645,--4265,167262,71920,--95342,--246344,KRX
20160218,+17300,2,+850,+5.17,907904,2255,4875,+2620,+3695,130205,281207,+151002,+215627,KRX
20160217,-16450,5,-250,-1.50,743409,4208,3133,--1075,--2947,253239,188614,--64625,--178344,KRX
20160216,+16700,2,+500,+3.09,728558,1380,3252,+1872,+1554,83609,197328,+113719,+93995,KRX
20160215,+16200,2,+450,+2.86,728431,2598,2916,+318,+1175,160470,180194,+19724,+73086,KRX
20160212,-15750,5,-150,-0.94,1070290,6310,5453,--857,--761,398064,344702,--53362,--47635,KRX
20160211,-15900,5,-150,-0.93,1079055,4160,4064,--96,--5653,263357,257630,--5727,--353177,KRX
20160205,+16050,2,+1200,+8.08,1945403,2620,8177,+5557,+2192,165966,513416,+347450,+122815,KRX
20160204,+14850,2,+400,+2.77,1312085,3701,7066,+3365,+6552,248554,473189,+224635,+443763,KRX
20160203,-14450,5,-1100,-7.07,1931540,6479,3292,--3187,--2107,444412,225284,--219128,--149047,KRX
20160202,-15550,5,-400,-2.51,1006470,5623,4543,--1080,+262,361963,291882,--70081,+13877,KRX
20160201,-15950,5,-850,-5.06,1270075,5943,4601,--1342,--1234,371412,287454,--83958,--77760,KRX
20160129,-16800,5,-150,-0.88,575914,3333,3225,--108,--5597,198251,192053,--6198,--339038,KRX
20160128,+16950,2,+1150,+7.28,1028416,1558,7047,+5489,+4719,93151,425991,+332840,+284069,KRX
20160127,+15800,2,+50,+0.32,582366,1285,2055,+770,+3260,80451,129222,+48771,+206370,KRX
20160126,-15750,5,-250,-1.56,706863,3365,875,--2490,--2958,212714,55115,--157599,--186870,KRX
20160125,+16000,2,+650,+4.23,785473,1482,1950,+468,--659,92722,121993,+29271,--44043,KRX
20160122,+15350,2,+200,+1.32,1155439,5138,6265,+1127,--5260,333075,406389,+73314,--319694,KRX
20160121,+15150,2,+700,+4.84,5016029,7249,13636,+6387,+7512,458016,851024,+393008,+471268,KRX
20160120,14450,3,0,0.00,1062610,4005,2880,--1125,+2657,278855,200595,--78260,+182995,KRX
20160119,-14450,5,-550,-3.67,1759820,6642,2860,--3782,--1639,460151,198896,--261255,--116269,KRX
20160118,+15000,2,+350,+2.39,1961061,7736,5593,--2143,+736,520373,375387,--144986,+30768,KRX
20160115,-14650,5,-1950,-11.75,3863482,11042,8163,--2879,+336,712792,537038,--175754,+15268,KRX
20160114,-16600,5,-1100,-6.21,1065179,5356,2141,--3215,--3752,319361,128339,--191022,--221112,KRX
20160113,+17700,2,+350,+2.02,486017,1130,1667,+537,+2843,63780,93870,+30090,+160217,KRX
20160112,-17350,5,-700,-3.88,725248,4021,1715,--2306,--2870,227880,97753,--130127,--161449,KRX
20160111,-18050,5,-100,-0.55,340740,1024,1588,+564,--588,56487,87809,+31322,--32627,KRX
20160108,-18150,5,-400,-2.16,724676,1631,2783,+1152,+233,90338,154287,+63949,+14644,KRX
20160107,-18550,5,-300,-1.59,366121,986,1905,+919,--1317,52515,101820,+49305,--69955,KRX
20160106,-18850,5,-350,-1.82,704496,1762,3998,+2236,+1897,93279,212539,+119260,+101563,KRX
20160105,-19200,5,-100,-0.52,584882,2905,3244,+339,+1438,150868,168565,+17697,+73146,KRX
20160104,-19300,5,-1300,-6.31,949396,2899,1800,--1099,--1002,147091,91642,--55449,--52201,KRX
20151230,-20600,5,-250,-1.20,770433,3859,3762,--97,+2789,187980,184732,--3248,+131609,KRX
20151229,-20850,5,-1550,-6.92,962439,4092,1206,--2886,+1067,191914,57057,--134857,+40906,KRX
20151228,-22400,5,-450,-1.97,585684,5452,1499,--3953,--5376,242399,66636,--175763,--238159,KRX
20151224,+22850,2,+850,+3.86,502711,1336,2759,+1423,+376,58478,120874,+62396,+15037,KRX
20151223,+22000,2,+100,+0.46,354060,1318,2365,+1047,+2210,59732,107091,+47359,+100375,KRX
20151222,-21900,5,-650,-2.88,553852,2919,1756,--1163,--142,132922,79906,--53016,--7041,KRX
20151221,-22550,5,-100,-0.44,325392,2541,1520,--1021,+196,113998,68023,--45975,+8124,KRX
20151218,+22650,2,+300,+1.34,373818,3855,2638,--1217,--768,171345,117246,--54099,--33863,KRX
20151217,+22350,2,+300,+1.36,352709,1778,1329,--449,--1521,80212,59976,--20236,--68273,KRX
20151216,+22050,2,+250,+1.15,473000,2038,3110,+1072,+4030,91480,139517,+48037,+184064,KRX
20151215,+21800,2,+50,+0.23,586182,6019,3061,--2958,--5492,277003,140976,--136027,--252943,KRX
20151214,-21750,5,-1050,-4.61,963942,2998,5532,+2534,+4223,137963,254879,+116916,+190327,KRX
20151211,-22800,5,-900,-3.80,560762,3651,1962,--1689,--725,159191,85780,--73411,--32779,KRX
20151210,-23700,5,-150,-0.63,308029,2925,1961,--964,+203,123330,82698,--40632,+8438,KRX
20151209,+23850,2,+600,+2.58,331627,2732,1565,--1167,--628,115121,66051,--49070,--25931,KRX
20151208,-23250,5,-550,-2.31,560565,4554,4015,--539,--197,194998,171859,--23139,--9271,KRX
20151207,-23800,5,-1000,-4.03,541802,2736,2394,--342,+1169,112512,98644,--13868,+47428,KRX
20151204,+24800,2,+600,+2.48,429639,2330,819,--1511,+1132,95119,33823,--61296,+48166,KRX
20151203,-24200,5,-450,-1.83,436899,3896,1253,--2643,+1894,161541,52079,--109462,+75350,KRX
20151202,+24650,2,+300,+1.23,456560,5388,851,--4537,--3860,219474,34662,--184812,--157239,KRX
20151201,+24350,2,+750,+3.18,540722,2393,1716,--677,+3280,97670,70097,--27573,+138538,KRX
20151130,-23600,5,-300,-1.26,639943,9644,5687,--3957,--4337,405525,239414,--166111,--181878,KRX
20151127,-23900,5,-250,-1.04,913342,3630,4010,+380,--1713,149440,165207,+15767,--71178,KRX
20151126,+24150,2,+950,+4.09,736502,1140,3233,+2093,+2946,47405,134350,+86945,+123485,KRX
20151125,-23200,5,-600,-2.52,530920,3598,2745,--853,--710,154387,117847,--36540,--30265,KRX
20151124,+23800,2,+350,+1.49,540871,2515,2372,--143,--1784,106197,99922,--6275,--76053,KRX
20151123,+23450,2,+500,+2.18,998188,2534,4175,+1641,+709,107804,177582,+69778,+28419,KRX
20151120,+22950,2,+1500,+6.99,1039318,3092,4024,+932,+1853,136595,177954,+41359,+84771,KRX
20151119,+21450,2,+400,+1.90,630544,3082,2161,--921,+1255,144457,101045,--43412,+59703,KRX
20151118,+21050,2,+300,+1.45,517412,3326,1150,--2176,--3249,157565,54450,--103115,--154140,KRX
20151117,+20750,2,+550,+2.72,526193,2530,3603,+1073,+2844,122266,173291,+51025,+135176,KRX
20151116,-20200,5,-1450,-6.70,974099,3710,1939,--1771,--1307,178034,93883,--84151,--62859,KRX
20151113,-21650,5,-600,-2.70,340432,1817,1353,--464,--291,83269,61977,--21292,--13439,KRX
20151112,+22250,2,+50,+0.23,375907,2089,1916,--173,--2436,94652,86799,--7853,--110138,KRX
20151111,+22200,2,+1600,+7.77,1177481,1784,4047,+2263,--633,80389,182674,+102285,--38516,KRX
20151110,+20600,2,+550,+2.74,643755,1875,4771,+2896,+3187,89808,230609,+140801,+155203,KRX
20151109,-20050,5,-450,-2.20,251457,1533,1242,--291,+811,76119,61717,--14402,+39301,KRX
20151106,-20500,5,-400,-1.91,282303,1896,794,--1102,--997,92314,38611,--53703,--48681,KRX
20151105,-20900,5,-350,-1.65,161058,987,882,--105,--468,47137,42115,--5022,--22026,KRX
20151104,+21250,2,+350,+1.67,164454,1175,1538,+363,--579,55947,72951,+17004,--27570,KRX
20151103,+20900,2,+300,+1.46,305641,1664,2606,+942,+478,79120,123694,+44574,+22208,KRX
20151102,20600,3,0,0.00,305602,2283,2747,+464,+922,110282,132648,+22366,+44172,KRX
20151030,-20600,5,-650,-3.06,330182,2194,1736,--458,--226,105386,83580,--21806,--10864,KRX
20151029,-21250,5,-150,-0.70,187553,1615,1383,--232,+801,75779,64837,--10942,+37206,KRX
20151028,-21400,5,-600,-2.73,364383,2254,1221,--1033,--1411,105078,56930,--48148,--65304,KRX
20151027,-22000,5,-50,-0.23,184066,784,1162,+378,--246,35662,52818,+17156,--11101,KRX
20151026,+22050,2,+250,+1.15,190384,992,1616,+624,+28,45015,73272,+28257,+1083,KRX
20151023,+21800,2,+200,+0.93,244620,1384,1980,+596,+715,63296,90470,+27174,+32646,KRX
20151022,21600,3,0,0.00,240567,1473,1354,--119,--1178,67989,62517,--5472,--54420,KRX
20151021,+21600,2,+250,+1.17,205437,742,1801,+1059,+423,34330,83278,+48948,+18905,KRX
20151020,-21350,5,-250,-1.16,268827,1208,1844,+636,--886,56559,86602,+30043,--40014,KRX
20151019,+21600,2,+50,+0.23,252021,1099,2621,+1522,+1249,50640,120697,+70057,+57564,KRX
20151016,-21550,5,-400,-1.82,677768,6098,6371,+273,--2273,283949,296442,+12493,--104469,KRX
20151015,+21950,2,+500,+2.33,301041,1052,3598,+2546,+2444,48284,165246,+116962,+112378,KRX
20151014,-21450,5,-1450,-6.33,646627,2440,2542,+102,--1149,111725,116309,+4584,--50432,KRX
20151013,-22900,5,-100,-0.43,483624,3556,4807,+1251,--52,156894,211910,+55016,--2091,KRX
20151012,+23000,2,+1150,+5.26,656728,1821,3124,+1303,+518,79881,136988,+57107,+21267,KRX
20151008,+21850,2,+400,+1.86,420602,2282,3067,+785,+820,105580,141420,+35840,+37735,KRX
20151007,+21450,2,+200,+0.94,322471,3220,3185,--35,--389,150669,148774,--1895,--18579,KRX
20151006,+21250,2,+500,+2.41,294877,1866,2220,+354,+1200,88508,105192,+16684,+56959,KRX
20151005,-20750,5,-400,-1.89,294194,2030,1184,--846,+543,96830,56555,--40275,+24827,KRX
20151002,-21150,5,-100,-0.47,237571,2281,892,--1389,--172,106998,41896,--65102,--7743,KRX
20151001,+21250,2,+100,+0.47,255148,2601,1384,--1217,+107,122478,65119,--57359,+5350,KRX
20150930,-21150,5,-400,-1.86,214744,2752,1428,--1324,+477,130221,67512,--62709,+22407,KRX
20150925,+21550,2,+450,+2.13,272601,3332,1531,--1801,--1023,157198,72082,--85116,--48304,KRX
20150924,-21100,5,-150,-0.71,222031,1582,804,--778,--461,74890,38078,--36812,--21954,KRX
20150923,-21250,5,-500,-2.30,240271,1457,1140,--317,--294,68211,53353,--14858,--13759,KRX
20150922,-21750,5,-50,-0.23,185278,1403,1380,--23,--839,64286,63187,--1099,--38731,KRX
20150921,-21800,5,-150,-0.68,264980,1397,2213,+816,+2510,64586,102218,+37632,+114560,KRX
20150918,-21950,5,-850,-3.73,734274,4668,2974,--1694,--740,212523,135595,--76928,--35056,KRX
20150917,+22800,2,+200,+0.88,558928,5075,4121,--954,--865,221033,179161,--41872,--37737,KRX
20150916,+22600,2,+400,+1.80,425834,2907,2818,--89,--854,129033,124898,--4135,--38801,KRX
20150915,+22200,2,+150,+0.68,224430,984,1749,+765,--376,44529,79195,+34666,--16673,KRX
20150914,-22050,5,-450,-2.00,449210,2677,3818,+1141,+2555,121501,172840,+51339,+115017,KRX
20150911,+22500,2,+500,+2.27,799801,3688,2274,--1414,--4725,165578,101900,--63678,--217658,KRX
20150910,+22000,2,+1550,+7.58,807636,2024,5335,+3311,+3591,94806,248786,+153980,+168153,KRX
20150909,+20450,2,+750,+3.81,461687,2213,1933,--280,+1248,109806,95633,--14173,+64003,KRX
20150908,+19700,2,+100,+0.51,527419,3365,1837,--1528,--2771,171417,93241,--78176,--142714,KRX
20150907,+19600,2,+1750,+9.80,844618,2830,4073,+1243,+902,150058,214596,+64538,+45382,KRX
20150904,-17850,5,-450,-2.46,260857,1272,1613,+341,+1875,70456,89612,+19156,+102299,KRX
20150903,-18300,5,-200,-1.08,226447,2294,760,--1534,--1059,124561,41418,--83143,--57265,KRX
20150902,-18500,5,-200,-1.07,208744,2101,1626,--475,--873,114010,88132,--25878,--47171,KRX
20150901,+18700,2,+300,+1.63,221592,1464,1862,+398,+383,78719,100012,+21293,+20735,KRX
20150831,-18400,5,-150,-0.81,282284,2508,2523,+15,+104,135392,135950,+558,+5361,KRX
20150828,+18550,2,+200,+1.09,353350,2275,2186,--89,+643,121672,116869,--4803,+34815,KRX
20150827,-18350,5,-350,-1.87,322922,3147,2415,--732,+696,170876,131258,--39618,+41278,KRX
20150826,+18700,2,+1000,+5.65,567403,5012,3584,--1428,--1429,277451,196555,--80896,--80988,KRX
20150825,+17700,2,+750,+4.42,533611,3046,3047,+1,+1433,172773,172865,+92,+84564,KRX
20150824,-16950,5,-350,-2.02,576492,4654,3222,--1432,--3362,274853,190381,--84472,--196488,KRX
20150821,-17300,5,-350,-1.98,610078,2270,4200,+1930,+2831,131646,243662,+112016,+160233,KRX
20150820,-17650,5,-1150,-6.12,516916,2544,1643,--901,+34,138538,90321,--48217,+1607,KRX
20150819,-18800,5,-250,-1.31,387274,2863,1928,--935,--2108,152233,102409,--49824,--111165,KRX
20150818,+19050,2,+50,+0.26,256588,1346,2519,+1173,+2487,70443,131784,+61341,+129997,KRX
20150817,-19000,5,-500,-2.56,277872,2508,1194,--1314,--424,131033,62377,--68656,--23113,KRX
20150813,+19500,2,+550,+2.90,445067,3151,2261,--890,--555,161480,115937,--45543,--28019,KRX
20150812,-18950,5,-250,-1.30,460576,2307,1972,--335,--1736,120950,103426,--17524,--89872,KRX
20150811,+19200,2,+100,+0.52,339932,1588,2989,+1401,+5269,82034,154382,+72348,+272693,KRX
20150810,-19100,5,-1000,-4.98,594520,4999,1131,--3868,--824,258966,58621,--200345,--49790,KRX
20150807,-20100,5,-450,-2.19,309593,3859,815,--3044,--1523,190801,40246,--150555,--76764,KRX
20150806,-20550,5,-150,-0.72,324661,3395,1874,--1521,--1499,164572,90781,--73791,--72842,KRX
20150805,+20700,2,+500,+2.48,345533,2444,2422,--22,+2288,118502,117553,--949,+114386,KRX
20150804,+20200,2,+350,+1.76,392705,4662,2352,--2310,+475,232390,117055,--115335,+24243,KRX
20150803,-19850,5,-250,-1.24,587655,5694,2909,--2785,+2434,285366,145788,--139578,+120324,KRX
20150731,-20100,5,-150,-0.74,671880,7123,1904,--5219,--3746,354147,94245,--259902,--187630,KRX
20150730,20250,3,0,0.00,525079,4038,2565,--1473,--420,197325,125053,--72272,--20575,KRX
20150729,-20250,5,-150,-0.74,336373,2203,1150,--1053,+866,108104,56407,--51697,+41241,KRX
20150728,-20400,5,-350,-1.69,442092,3542,1623,--1919,+785,171712,78774,--92938,+37258,KRX
20150727,+20750,2,+550,+2.72,984830,7008,4304,--2704,+657,335442,205246,--130196,+33293,KRX
20150724,-20200,5,-1300,-6.05,974152,5054,1693,--3361,--1230,246098,82609,--163489,--64838,KRX
20150723,-21500,5,-500,-2.27,453273,3248,1117,--2131,+1073,150207,51556,--98651,+45628,KRX
20150722,-22000,5,-650,-2.87,479064,4355,1151,--3204,--1178,196044,51765,--144279,--54672,KRX
20150721,+22650,2,+250,+1.12,347743,3406,1380,--2026,--908,150410,60803,--89607,--39617,KRX
20150720,-22400,5,-400,-1.75,413564,3281,2163,--1118,+392,146559,96569,--49990,+15119,KRX
20150717,-22800,5,-1050,-4.40,746326,4580,3070,--1510,--2076,198264,133155,--65109,--88784,KRX
20150716,-23850,5,-450,-1.85,408339,1351,1917,+566,+833,56625,80300,+23675,+34662,KRX
20150715,-24300,5,-150,-0.61,297511,1151,884,--267,--430,47091,36104,--10987,--17586,KRX
20150714,-24450,5,-100,-0.41,318816,1661,1824,+163,+852,67783,74382,+6599,+34707,KRX
20150713,-24550,5,-300,-1.21,256125,1652,963,--689,--264,67160,39052,--28108,--11121,KRX
20150710,+24850,2,+1200,+5.07,473785,2564,2139,--425,+85,104630,87643,--16987,+4911,KRX
20150709,+23650,2,+100,+0.42,303978,2187,1677,--510,+872,93047,71149,--21898,+36582,KRX
20150708,-23550,5,-450,-1.88,293023,3199,1817,--1382,--1594,134982,76502,--58480,--67345,KRX
20150707,+24000,2,+400,+1.69,244897,1891,2103,+212,+1160,79360,88225,+8865,+48960,KRX
20150706,-23600,5,-700,-2.88,390002,3597,2649,--948,+861,151892,111797,--40095,+34611,KRX
20150703,24300,3,0,0.00,270566,3286,1477,--1809,+13,135617,60911,--74706,--744,KRX
20150702,-24300,5,-250,-1.02,305996,3941,2119,--1822,--876,159715,85753,--73962,--35122,KRX
20150701,+24550,2,+550,+2.29,327575,2799,1853,--946,+1143,114793,75953,--38840,+48578,KRX
20150630,+24000,2,+300,+1.27,270223,3121,1032,--2089,--551,130616,43198,--87418,--23874,KRX
20150629,-23700,5,-1200,-4.82,305003,2680,1142,--1538,+42,110984,47440,--63544,--271,KRX
20150626,-24900,5,-450,-1.78,290995,2971,1391,--1580,+1900,118805,55532,--63273,+72056,KRX
20150625,-25350,5,-250,-0.98,374622,4537,1057,--3480,--1581,176707,41378,--135329,--59798,KRX
20150624,+25600,2,+500,+1.99,356466,4947,3048,--1899,--889,195485,119954,--75531,--34697,KRX
20150623,+25100,2,+1200,+5.02,363536,2897,1887,--1010,+772,117501,76667,--40834,+33059,KRX
20150622,-23900,5,-300,-1.24,256038,3003,1221,--1782,+494,124397,50504,--73893,+18171,KRX
20150619,+24200,2,+400,+1.68,394248,3736,1460,--2276,--2342,152067,60003,--92064,--94811,KRX
20150618,-23800,5,-300,-1.24,248612,2394,2460,+66,--636,100548,103295,+2747,--26799,KRX
20150617,+24100,2,+550,+2.34,310908,2446,3148,+702,+5200,102732,132278,+29546,+217974,KRX
20150616,-23550,5,-1150,-4.66,523607,6256,1758,--4498,--5256,262060,73632,--188428,--219017,KRX
20150615,+24700,2,+100,+0.41,290904,1771,2529,+758,+3494,71425,102014,+30589,+139957,KRX
20150612,-24600,5,-600,-2.38,315682,3970,1234,--2736,--1445,158708,49340,--109368,--58465,KRX
20150611,-25200,5,-300,-1.18,412384,3957,2666,--1291,+174,156226,105323,--50903,+6129,KRX
20150610,-25500,5,-450,-1.73,238636,2871,1406,--1465,--2316,111773,54741,--57032,--89776,KRX
20150609,+25950,2,+850,+3.39,515742,4890,5741,+851,+1980,187963,220707,+32744,+77602,KRX
20150608,-25100,5,-700,-2.71,488874,4913,3784,--1129,--3053,194977,150119,--44858,--119299,KRX
20150605,-25800,5,-300,-1.15,400026,2463,4387,+1924,+4264,94882,169323,+74441,+162940,KRX
20150604,-26100,5,-300,-1.14,374682,4313,1973,--2340,--842,163232,74733,--88499,--32073,KRX
20150603,-26400,5,-500,-1.86,274350,2792,1294,--1498,--2163,105063,48637,--56426,--80639,KRX
20150602,+26900,2,+500,+1.89,380165,5422,6087,+665,+3680,201723,225936,+24213,+138402,KRX
20150601,-26400,5,-850,-3.12,420649,5605,2590,--3015,+1846,212032,97843,--114189,+64867,KRX
20150529,-27250,5,-300,-1.09,1104899,24289,19428,--4861,--2970,892379,713323,--179056,--111031,KRX
20150528,-27550,5,-850,-2.99,470501,4386,2495,--1891,+65,158304,90279,--68025,+549,KRX
20150527,-28400,5,-500,-1.73,376427,5959,4003,--1956,+2196,208829,140255,--68574,+76852,KRX
20150526,+28900,2,+350,+1.23,453876,6135,1983,--4152,--4845,214738,69312,--145426,--171074,KRX
20150522,+28550,2,+1400,+5.16,543388,5519,6212,+693,+2895,193662,219310,+25648,+106229,KRX
20150521,-27150,5,-800,-2.86,501618,4142,1940,--2202,--2025,151938,71357,--80581,--74216,KRX
20150520,-27950,5,-150,-0.53,367495,2367,2190,--177,--177,84879,78514,--6365,--6415,KRX
20150519,28100,3,0,0.00,420902,3890,3890,0,+1691,137550,137600,+50,+59611,KRX
20150518,-28100,5,-1200,-4.10,520802,3690,1999,--1691,--209,130213,70652,--59561,--9492,KRX
20150515,-29300,5,-850,-2.82,244418,2511,1029,--1482,--505,84758,34689,--50069,--16863,KRX
20150514,+30150,2,+550,+1.86,318483,3150,2173,--977,+1446,106499,73293,--33206,+47592,KRX
20150513,-29600,5,-1100,-3.58,408421,6006,3583,--2423,--1713,199064,118266,--80798,--57536,KRX
20150512,+30700,2,+700,+2.33,253170,2022,1312,--710,--452,66249,42987,--23262,--14784,KRX
20150511,+30000,2,+250,+0.84,217309,1731,1473,--258,--326,57247,48769,--8478,--10817,KRX
20150508,+29750,2,+450,+1.54,137990,1740,1808,+68,+159,58654,60993,+2339,+5629,KRX
20150507,-29300,5,-50,-0.17,194325,2455,2364,--91,+447,83428,80138,--3290,+15144,KRX
20150506,-29350,5,-500,-1.68,263690,2536,1998,--538,--561,86350,67916,--18434,--19281,KRX
20150504,-29850,5,-650,-2.13,308550,2675,2698,+23,+1762,88754,89601,+847,+58029,KRX
20150430,-30500,5,-150,-0.49,486177,6182,4443,--1739,--1992,203557,146375,--57182,--65646,KRX
20150429,-30650,5,-1100,-3.46,382758,3268,3521,+253,+1196,105228,113692,+8464,+38131,KRX
20150428,31750,3,0,0.00,257795,2874,1931,--943,+649,90297,60630,--29667,+20367,KRX
20150427,+31750,2,+450,+1.44,461063,4074,2482,--1592,+1111,127593,77559,--50034,+35896,KRX
20150424,-31300,5,-250,-0.79,558193,6342,3639,--2703,--3331,200785,114855,--85930,--105641,KRX
20150423,+31550,2,+950,+3.10,554625,2897,3525,+628,--3157,91781,111492,+19711,--102423,KRX
20150422,-30600,5,-450,-1.45,490999,2114,5899,+3785,+4453,68609,190743,+122134,+143117,KRX
20150421,-31050,5,-700,-2.20,308997,1965,1297,--668,--4430,62099,41116,--20983,--141135,KRX
20150420,+31750,2,+450,+1.44,488190,1307,5069,+3762,+272,41445,161597,+120152,+9159,KRX
20150417,-31300,5,-850,-2.64,460826,869,4359,+3490,+1523,27638,138631,+110993,+50117,KRX
20150416,+32150,2,+200,+0.63,566474,1255,3222,+1967,+2122,38868,99744,+60876,+65162,KRX
20150415,+31950,2,+150,+0.47,693986,4607,4452,--155,--2820,143380,139094,--4286,--87945,KRX
20150414,+31800,2,+1400,+4.61,1304307,4355,7020,+2665,+2452,136875,220534,+83659,+76761,KRX
20150413,+30400,2,+1200,+4.11,914461,3449,3662,+213,+198,114533,121431,+6898,+6465,KRX
20150410,-29200,5,-300,-1.02,478760,3698,3713,+15,--1608,125659,126092,+433,--54759,KRX
20150409,+29500,2,+1450,+5.17,752635,2995,4618,+1623,+318,102644,157836,+55192,+8285,KRX
20150408,+28050,2,+500,+1.81,355582,2212,3517,+1305,+306,79486,126393,+46907,+10616,KRX
20150407,+27550,2,+100,+0.36,207308,1205,2204,+999,+1394,43849,80140,+36291,+50472,KRX
20150406,-27450,5,-450,-1.61,300962,1840,1445,--395,+65,66546,52365,--14181,+2500,KRX
20150403,+27900,2,+350,+1.27,317602,2051,1591,--460,--2165,74248,57567,--16681,--79447,KRX
20150402,+27550,2,+500,+1.85,372267,2585,4290,+1705,+58,94938,157704,+62766,+1984,KRX
20150401,-27050,5,-1250,-4.42,508725,1846,3493,+1647,--898,67543,128325,+60782,--29910,KRX
20150331,-28300,5,-250,-0.88,533993,4030,6575,+2545,+2444,143276,233968,+90692,+86780,KRX
20150330,+28550,2,+400,+1.42,341065,3314,3415,+101,--3148,116762,120674,+3912,--111488,KRX
20150327,+28150,2,+100,+0.36,393505,1629,4878,+3249,--1452,57883,173283,+115400,--51605,KRX
20150326,-28050,5,-100,-0.36,384069,1122,5823,+4701,+1359,39856,206861,+167005,+47952,KRX
20150325,-28150,5,-650,-2.26,504391,1557,4899,+3342,+182,55423,174476,+119053,+7810,KRX
20150324,-28800,5,-450,-1.54,621778,2513,5673,+3160,+1525,88151,199394,+111243,+55466,KRX
20150323,-29250,5,-350,-1.18,370176,730,2365,+1635,--13,24868,80645,+55777,--20,KRX
20150320,+29600,2,+550,+1.89,402437,3346,4994,+1648,+3501,113613,169410,+55797,+119764,KRX
20150319,+29050,2,+350,+1.22,414485,4263,2410,--1853,--805,146805,82838,--63967,--27128,KRX
20150318,+28700,2,+250,+0.88,259544,3087,2039,--1048,--7283,108588,71749,--36839,--258691,KRX
20150317,+28450,2,+1400,+5.18,528977,2429,8664,+6235,+6765,86069,307921,+221852,+241665,KRX
20150316,-27050,5,-100,-0.37,334457,2872,2342,--530,--1601,106905,87092,--19813,--59233,KRX
20150313,-27150,5,-100,-0.37,344380,2857,3928,+1071,+692,105188,144608,+39420,+25998,KRX
20150312,-27250,5,-500,-1.80,315061,3658,4037,+379,+2104,133189,146611,+13422,+74826,KRX
20150311,-27750,5,-200,-0.72,411936,4957,3232,--1725,--3227,177594,116190,--61404,--114986,KRX
20150310,-27950,5,-600,-2.10,395583,1651,3153,+1502,+853,58796,112378,+53582,+30954,KRX
20150309,-28550,5,-100,-0.35,192181,647,1296,+649,+659,22620,45248,+22628,+22961,KRX
20150306,-28650,5,-350,-1.21,361832,2141,2131,--10,--728,74343,74010,--333,--24781,KRX
20150305,+29000,2,+50,+0.17,392380,2429,3147,+718,--1930,83686,108134,+24448,--64171,KRX
20150304,-28950,5,-950,-3.18,1320665,5015,7663,+2648,+891,168008,256627,+88619,+29801,KRX
20150303,+29900,2,+300,+1.01,552920,3097,4854,+1757,+323,104370,163188,+58818,+10387,KRX
20150302,+29600,2,+550,+1.89,518843,2564,3998,+1434,--1150,86476,134907,+48431,--40119,KRX
20150227,+29050,2,+50,+0.17,674017,5655,8239,+2584,--1800,194915,283465,+88550,--64961,KRX
20150226,+29000,2,+1100,+3.94,633204,1704,6088,+4384,+3523,59500,213011,+153511,+122738,KRX
20150225,-27900,5,-150,-0.53,384237,3360,4221,+861,--3196,120488,151261,+30773,--114346,KRX
20150224,+28050,2,+300,+1.08,411726,2348,6405,+4057,+1684,83950,229069,+145119,+59172,KRX
20150223,+27750,2,+150,+0.54,284324,1569,3942,+2373,+3084,56817,142764,+85947,+111498,KRX
20150217,+27600,2,+200,+0.73,301927,2376,1665,--711,+115,85889,60338,--25551,+4425,KRX
20150216,+27400,2,+450,+1.67,440569,3068,2242,--826,--3274,111517,81541,--29976,--122239,KRX
20150213,+26950,2,+550,+2.08,455859,1200,3648,+2448,--653,44869,137132,+92263,--26384,KRX
20150212,+26400,2,+300,+1.15,659508,1961,5062,+3101,+2302,75041,193688,+118647,+87844,KRX
20150211,-26100,5,-400,-1.51,394619,2224,3023,+799,--609,85190,115993,+30803,--22256,KRX
20150210,26500,3,0,0.00,528497,2866,4274,+1408,+2588,107590,160649,+53059,+97339,KRX
20150209,-26500,5,-50,-0.19,484581,2845,1665,--1180,--4135,106768,62488,--44280,--158110,KRX
20150206,+26550,2,+1450,+5.78,1223077,3240,6195,+2955,+4127,125194,239024,+113830,+160662,KRX
20150205,+25100,2,+50,+0.20,469134,2656,1484,--1172,--260,106040,59208,--46832,--10245,KRX
20150204,+25050,2,+550,+2.24,501356,2467,1555,--912,--268,98943,62356,--36587,--9987,KRX
20150203,+24500,2,+450,+1.87,435041,1947,1303,--644,--1582,80505,53905,--26600,--65756,KRX
20150202,+24050,2,+750,+3.22,369901,2087,3025,+938,+2032,87740,126896,+39156,+85761,KRX
20150130,-23300,5,-450,-1.89,373034,4447,3353,--1094,--1946,190343,143738,--46605,--82485,KRX
20150129,-23750,5,-450,-1.86,318968,1719,2571,+852,--591,72256,108136,+35880,--23849,KRX
20150128,+24200,2,+800,+3.42,514176,1195,2638,+1443,+589,50026,109755,+59729,+23163,KRX
20150127,+23400,2,+750,+3.31,426248,1668,2522,+854,+1491,71676,108242,+36566,+64893,KRX
20150126,+22650,2,+200,+0.89,166847,1467,830,--637,--434,65262,36935,--28327,--19311,KRX
20150123,-22450,5,-100,-0.44,238536,1759,1556,--203,--581,77837,68821,--9016,--25843,KRX
20150122,+22550,2,+750,+3.44,312117,1526,1904,+378,+599,67917,84744,+16827,+26974,KRX
20150121,-21800,5,-100,-0.46,196686,1378,1157,--221,--130,63416,53269,--10147,--5959,KRX
20150120,-21900,5,-150,-0.68,155924,891,800,--91,+436,40495,36307,--4188,+19808,KRX
20150119,+22050,2,+600,+2.80,328988,1668,1141,--527,+2312,76116,52120,--23996,+107828,KRX
20150116,-21450,5,-550,-2.50,357873,3237,398,--2839,--1019,150309,18485,--131824,--49109,KRX
20150115,-22000,5,-50,-0.23,236349,2501,681,--1820,--662,113634,30919,--82715,--30405,KRX
20150114,-22050,5,-200,-0.90,264105,1860,702,--1158,+684,83990,31680,--52310,+30195,KRX
20150113,-22250,5,-450,-1.98,275821,2765,923,--1842,--1523,123723,41218,--82505,--68335,KRX
20150112,-22700,5,-250,-1.09,211989,1382,1063,--319,--537,60969,46799,--14170,--23652,KRX
20150109,+22950,2,+750,+3.38,276402,1951,2169,+218,--357,85214,94696,+9482,--16125,KRX
20150108,+22200,2,+200,+0.91,241177,1642,2217,+575,+1009,73610,99217,+25607,+45250,KRX
20150107,-22000,5,-200,-0.90,285584,1796,1362,--434,+44,81142,61499,--19643,+1677,KRX
20150106,-22200,5,-800,-3.48,382409,1982,1504,--478,--1930,88836,67516,--21320,--84787,KRX
20150105,+23000,2,+250,+1.10,414039,2247,3699,+1452,+1129,98958,162425,+63467,+49293,KRX
20150102,-22750,5,-900,-3.81,417443,2451,2774,+323,+1541,106748,120922,+14174,+66236,KRX
20141230,-23650,5,-250,-1.05,321860,3381,2163,--1218,+595,143517,91455,--52062,+23854,KRX
20141229,-23900,5,-750,-3.04,386314,2829,1016,--1813,--1479,118572,42656,--75916,--62318,KRX
20141226,+24650,2,+250,+1.02,495499,2759,2425,--334,--532,111168,97570,--13598,--21755,KRX
20141224,+24400,2,+100,+0.41,191614,1419,1617,+198,--126,58620,66777,+8157,--5073,KRX
20141223,+24300,2,+50,+0.21,198420,1666,1990,+324,+1717,68362,81592,+13230,+70460,KRX
20141222,-24250,5,-500,-2.02,228186,2730,1337,--1393,--491,112198,54968,--57230,--20569,KRX
20141219,+24750,2,+50,+0.20,253050,2510,1608,--902,--3948,101834,65173,--36661,--161363,KRX
20141218,+24700,2,+1000,+4.22,375437,1258,4304,+3046,+3624,51426,176128,+124702,+149006,KRX
20141217,-23700,5,-300,-1.25,202172,2423,1845,--578,--1644,101599,77295,--24304,--68688,KRX
20141216,+24000,2,+50,+0.21,321444,3190,4256,+1066,--227,133394,177778,+44384,--10187,KRX
20141215,+23950,2,+400,+1.70,200821,908,2201,+1293,+2117,38405,92976,+54571,+89555,KRX
20141212,-23550,5,-400,-1.67,393471,2516,1692,--824,--2549,106572,71588,--34984,--106127,KRX
20141211,-23950,5,-550,-2.24,347995,1987,3712,+1725,+2091,82439,153582,+71143,+86205,KRX
20141210,-24500,5,-1400,-5.41,1028738,4201,3835,--366,--3477,172992,157930,--15062,--134497,KRX
20141209,-25900,5,-650,-2.45,360621,1014,4125,+3111,+3127,38960,158395,+119435,+120045,KRX
20141208,-26550,5,-300,-1.12,199806,1679,1663,--16,--135,63117,62507,--610,--5276,KRX
20141205,+26850,2,+450,+1.70,443789,3105,3224,+119,+4068,117737,122403,+4666,+153802,KRX
20141204,+26400,2,+600,+2.33,458218,6162,2213,--3949,--738,232878,83742,--149136,--25516,KRX
20141203,-25800,5,-50,-0.19,343199,4449,1238,--3211,--3337,171350,47730,--123620,--128628,KRX
20141202,+25850,2,+1000,+4.02,295820,2321,2447,+126,--400,90709,95717,+5008,--15886,KRX
20141201,-24850,5,-1250,-4.79,690000,4499,5025,+526,+3341,180265,201159,+20894,+127312,KRX
20141128,-26100,5,-1150,-4.22,523006,4709,1894,--2815,--3853,178413,71995,--106418,--144813,KRX
20141127,+27250,2,+450,+1.68,512674,2286,3324,+1038,--2927,84050,122445,+38395,--107906,KRX
20141126,-26800,5,-1300,-4.63,894980,1737,5702,+3965,+4114,63963,210264,+146301,+151832,KRX
20141125,+28100,2,+250,+0.90,668978,4704,4555,--149,+2528,168421,162890,--5531,+90770,KRX
20141124,+27850,2,+1750,+6.70,1879475,6154,3477,--2677,--4730,222478,126177,--96301,--179831,KRX
20141121,+26100,2,+2650,+11.30,1276479,3735,5788,+2053,+560,148487,232017,+83530,+20333,KRX
20141120,-23450,5,-200,-0.85,307952,985,2478,+1493,+744,41666,104863,+63197,+31892,KRX
20141119,-23650,5,-450,-1.87,409119,2472,3221,+749,+2004,104545,135850,+31305,+82110,KRX
20141118,-24100,5,-900,-3.60,491882,4179,2924,--1255,--2903,171278,120473,--50805,--116584,KRX
20141117,+25000,2,+350,+1.42,309726,919,2567,+1648,+2389,36763,102542,+65779,+96083,KRX
20141114,-24650,5,-150,-0.60,250425,2149,1408,--741,--1210,87659,57355,--30304,--49219,KRX
20141113,-24800,5,-100,-0.40,426278,2235,2704,+469,--1661,90763,109678,+18915,--67295,KRX
20141112,+24900,2,+1600,+6.87,712856,2429,4559,+2130,+4279,99404,185614,+86210,+178136,KRX
20141111,-23300,5,-100,-0.43,253828,3204,1055,--2149,--2059,137100,45174,--91926,--88148,KRX
20141110,+23400,2,+450,+1.96,251969,985,895,--90,+955,42168,38390,--3778,+41902,KRX
20141107,+22950,2,+550,+2.46,408783,2299,1254,--1045,+690,100216,54536,--45680,+32331,KRX
20141106,+22400,2,+450,+2.05,326285,2631,896,--1735,--793,118251,40240,--78011,--34388,KRX
20141105,+21950,2,+50,+0.23,365153,3237,2295,--942,+4188,149161,105538,--43623,+192778,KRX
20141104,-21900,5,-850,-3.74,1003908,6842,1712,--5130,--982,314385,77984,--236401,--54378,KRX
20141103,-22750,5,-700,-2.99,458398,5016,868,--4148,--2000,219876,37853,--182023,--88187,KRX
20141031,+23450,2,+350,+1.52,554232,3735,1587,--2148,--581,162253,68417,--93836,--27037,KRX
20141030,-23100,5,-850,-3.55,379911,2486,919,--1567,--4800,106215,39416,--66799,--203252,KRX
20141029,+23950,2,+1100,+4.81,550730,1184,4417,+3233,+3146,49700,186153,+136453,+132757,KRX
20141028,-22850,5,-300,-1.30,229261,880,967,+87,+718,38375,42071,+3696,+30685,KRX
20141027,-23150,5,-100,-0.43,231166,1487,856,--631,--175,63806,36817,--26989,--7082,KRX
20141024,+23250,2,+550,+2.42,357319,1992,1536,--456,--242,86880,66973,--19907,--10264,KRX
20141023,+22700,2,+50,+0.22,373546,1977,1763,--214,--738,87426,77783,--9643,--32500,KRX
20141022,-22650,5,-200,-0.88,375326,1282,1806,+524,+4594,56399,79256,+22857,+200858,KRX
20141021,-22850,5,-650,-2.77,662833,5405,1335,--4070,--1495,236494,58493,--178001,--68593,KRX
20141020,+23500,2,+100,+0.43,331914,3418,843,--2575,--2065,145215,35807,--109408,--87623,KRX
20141017,+23400,2,+150,+0.65,263538,2458,1948,--510,--647,105040,83255,--21785,--27175,KRX
20141016,+23250,2,+100,+0.43,500043,4250,4387,+137,--2079,181881,187271,+5390,--90349,KRX
20141015,+23150,2,+200,+0.87,331639,1343,3559,+2216,+750,58220,153959,+95739,+33604,KRX
20141014,-22950,5,-100,-0.43,865855,3137,4603,+1466,+2017,136732,198867,+62135,+85784,KRX
20141013,-23050,5,-950,-3.96,448106,1672,1121,--551,--356,71788,48139,--23649,--15524,KRX
20141010,-24000,5,-50,-0.21,280534,1585,1390,--195,--518,66018,57893,--8125,--21586,KRX
20141008,+24050,2,+350,+1.48,275222,1501,1824,+323,+1014,62386,75847,+13461,+42837,KRX
20141007,-23700,5,-250,-1.04,416716,2954,2263,--691,--1064,123167,93791,--29376,--44927,KRX
20141006,+23950,2,+300,+1.27,350411,2025,2398,+373,--1237,84057,99608,+15551,--52824,KRX
20141002,-23650,5,-1100,-4.44,843604,4229,5839,+1610,+2521,174945,243320,+68375,+105004,KRX
20141001,-24750,5,-1300,-4.99,646523,2928,2017,--911,--2429,116614,79985,--36629,--95310,KRX
20140930,-26050,5,-550,-2.07,1093650,6600,8118,+1518,+1527,256795,315476,+58681,+58542,KRX
20140929,-26600,5,-800,-2.92,475666,1961,1952,--9,+1020,72732,72871,+139,+37541,KRX
20140926,-27400,5,-200,-0.72,302649,1890,861,--1029,--505,68691,31289,--37402,--18427,KRX
20140925,-27600,5,-50,-0.18,242914,1321,797,--524,--695,47851,28876,--18975,--25183,KRX
20140924,+27650,2,+150,+0.55,254156,1675,1846,+171,+570,60561,66769,+6208,+20884,KRX
20140923,-27500,5,-450,-1.61,372435,2463,2064,--399,+1594,89307,74631,--14676,+56173,KRX
20140922,-27950,5,-500,-1.76,341714,2837,844,--1993,--1665,100841,29992,--70849,--59418,KRX
20140919,+28450,2,+750,+2.71,438090,4085,3757,--328,--503,143915,132484,--11431,--17701,KRX
20140918,-27700,5,-100,-0.36,236009,1286,1461,+175,--848,46256,52526,+6270,--30791,KRX
20140917,+27800,2,+450,+1.65,221996,521,1544,+1023,+581,18815,55876,+37061,+21145,KRX
20140916,+27350,2,+50,+0.18,212118,1285,1727,+442,+255,46850,62766,+15916,+9102,KRX
20140915,-27300,5,-200,-0.73,209405,1304,1491,+187,--150,47642,54456,+6814,--5397,KRX
20140912,+27500,2,+100,+0.36,135210,786,1123,+337,+1038,28569,40780,+12211,+37695,KRX
20140911,-27400,5,-450,-1.62,309874,2173,1472,--701,+261,78931,53447,--25484,+9049,KRX
20140905,-27850,5,-400,-1.42,240420,1533,571,--962,--346,54986,20453,--34533,--12740,KRX
20140904,+28250,2,+600,+2.17,332955,2118,1502,--616,+1924,75402,53609,--21793,+70746,KRX
20140903,-27650,5,-50,-0.18,432705,4395,1855,--2540,--2022,160083,67544,--92539,--73940,KRX
20140902,-27700,5,-500,-1.77,351955,3004,2486,--518,--469,108428,89829,--18599,--16934,KRX
20140901,-28200,5,-650,-2.25,407605,1584,1535,--49,+1436,56122,54457,--1665,+49483,KRX
20140829,+28850,2,+50,+0.17,777938,5261,3776,--1485,--2841,180964,129816,--51148,--98220,KRX
20140828,+28800,2,+1150,+4.16,729114,2773,4129,+1356,+975,96649,143721,+47072,+33244,KRX
20140827,+27650,2,+150,+0.55,319531,940,1321,+381,--291,34036,47864,+13828,--10594,KRX
20140826,+27500,2,+300,+1.10,285901,1308,1980,+672,+1352,47550,71972,+24422,+49190,KRX
20140825,-27200,5,-600,-2.16,278974,1550,870,--680,+1452,56450,31682,--24768,+52683,KRX
20140822,+27800,2,+600,+2.21,355726,3038,906,--2132,--1948,110286,32835,--77451,--70770,KRX
20140821,-27200,5,-500,-1.81,383574,1566,1382,--184,--1893,57191,50510,--6681,--68317,KRX
20140820,-27700,5,-300,-1.07,435683,1145,2854,+1709,+4218,41308,102944,+61636,+150899,KRX
20140819,-28000,5,-400,-1.41,603697,3937,1428,--2509,--1214,139931,50668,--89263,--43774,KRX
20140818,-28400,5,-550,-1.90,327281,1907,612,--1295,--126,67005,21516,--45489,--4981,KRX
20140814,-28950,5,-100,-0.34,252526,1685,516,--1169,--2159,58337,17829,--40508,--74654,KRX
20140813,+29050,2,+700,+2.47,367991,2422,3412,+990,+1026,83547,117693,+34146,+35467,KRX
20140812,+28350,2,+200,+0.71,388167,1569,1533,--36,--458,55133,53812,--1321,--16287,KRX
20140811,-28150,5,-400,-1.40,453041,1692,2114,+422,+1743,59904,74870,+14966,+60956,KRX
20140808,-28550,5,-150,-0.52,305483,2236,915,--1321,--1012,77861,31871,--45990,--35220,KRX
20140807,-28700,5,-50,-0.17,391531,2645,2336,--309,--305,91956,81186,--10770,--10688,KRX
20140806,-28750,5,-1150,-3.85,950222,2680,2676,--4,+1605,92921,92839,--82,+53311,KRX
20140805,-29900,5,-100,-0.33,488604,2949,1340,--1609,--2123,97948,44555,--53393,--70482,KRX
20140804,30000,3,0,0.00,572122,2059,2573,+514,--2393,68586,85675,+17089,--79434,KRX
20140801,-30000,5,-300,-0.99,663570,2845,5752,+2907,+6004,94585,191108,+96523,+198656,KRX
20140731,-30300,5,-850,-2.73,1050518,9103,6006,--3097,--4294,299245,197112,--102133,--140276,KRX
20140730,-31150,5,-1300,-4.01,1362760,4225,5422,+1197,--192,135951,174094,+38143,--4192,KRX
20140729,-32450,5,-1250,-3.71,1304375,3340,4729,+1389,+215,101957,144292,+42335,+7604,KRX
20140728,-33700,5,-350,-1.03,415275,1445,2619,+1174,+1453,42522,77253,+34731,+42933,KRX
20140725,+34050,2,+150,+0.44,237551,1444,1165,--279,--50,42489,34287,--8202,--1478,KRX
20140724,-33900,5,-100,-0.29,431652,2631,2402,--229,--155,76964,70240,--6724,--4564,KRX
20140723,+34000,2,+350,+1.04,347774,1974,1900,--74,--3267,58221,56061,--2160,--97538,KRX
20140722,+33650,2,+800,+2.44,289686,997,4190,+3193,+3318,29729,125107,+95378,+99171,KRX
20140721,-32850,5,-100,-0.30,164475,1206,1081,--125,+301,36644,32851,--3793,+9127,KRX
20140718,-32950,5,-50,-0.15,151066,1110,684,--426,--1393,33703,20783,--12920,--42268,KRX
20140717,+33000,2,+400,+1.23,234090,741,1708,+967,--738,22479,51827,+29348,--22973,KRX
20140716,+32600,2,+200,+0.62,320406,980,2685,+1705,+1143,30125,82446,+52321,+35091,KRX
20140715,32400,3,0,0.00,367776,1477,2039,+562,--2592,45524,62754,+17230,--80104,KRX
20140714,-32400,5,-50,-0.15,408883,684,3838,+3154,+2929,21114,118448,+97334,+90353,KRX
20140711,-32450,5,-850,-2.55,309113,1241,1466,+225,--2739,37885,44866,+6981,--81618,KRX
20140710,+33300,2,+250,+0.76,374898,1205,4169,+2964,+1775,36009,124608,+88599,+52623,KRX
20140709,-33050,5,-650,-1.93,515852,1425,2614,+1189,--763,43098,79074,+35976,--21768,KRX
20140708,-33700,5,-50,-0.15,237190,770,2722,+1952,+1571,22763,80507,+57744,+46595,KRX
20140707,-33750,5,-450,-1.32,285373,1805,2186,+381,--2122,53347,64496,+11149,--60970,KRX
20140704,+34200,2,+200,+0.59,445875,1357,3860,+2503,+481,39443,111562,+72119,+12629,KRX
20140703,-34000,5,-350,-1.02,313063,1561,3583,+2022,--132,45923,105413,+59490,--3230,KRX
20140702,-34350,5,-350,-1.01,332329,999,3153,+2154,+809,29079,91799,+62720,+23427,KRX
20140701,-34700,5,-350,-1.00,347512,1597,2942,+1345,+710,46245,85538,+39293,+21193,KRX
20140630,+35050,2,+100,+0.29,282968,1193,1828,+635,+435,34108,52208,+18100,+12388,KRX
20140627,+34950,2,+100,+0.29,344214,1881,2081,+200,--1004,53853,59565,+5712,--28955,KRX
20140626,+34850,2,+450,+1.31,369757,1370,2574,+1204,+1977,39581,74248,+34667,+57280,KRX
20140625,+34400,2,+500,+1.47,403055,1979,1206,--773,--3179,57743,35130,--22613,--94165,KRX
20140624,+33900,2,+350,+1.04,269660,894,3300,+2406,+1127,26547,98099,+71552,+33625,KRX
20140623,-33550,5,-350,-1.03,241267,721,2000,+1279,--995,21440,59367,+37927,--29353,KRX
20140620,+33900,2,+100,+0.30,345758,1684,3958,+2274,+176,49799,117079,+67280,+5275,KRX
20140619,+33800,2,+200,+0.60,528924,3329,5427,+2098,+699,98699,160704,+62005,+20259,KRX
20140618,+33600,2,+1050,+3.23,691995,2510,3909,+1399,--1967,74810,116556,+41746,--61799,KRX
20140617,+32550,2,+700,+2.20,390548,1881,5247,+3366,+3078,57954,161499,+103545,+94524,KRX
20140616,-31850,5,-350,-1.09,197393,1131,1419,+288,--251,35498,44519,+9021,--7724,KRX
20140613,32200,3,0,0.00,202890,2335,2874,+539,--8543,72951,89696,+16745,--266263,KRX
20140612,+32200,2,+550,+1.74,604041,2526,11608,+9082,+7046,78678,361686,+283008,+218828,KRX
20140611,-31650,5,-550,-1.71,745336,2018,4054,+2036,--481,63557,127737,+64180,--13991,KRX
20140610,-32200,5,-50,-0.16,313210,582,3099,+2517,--2290,18071,96242,+78171,--71406,KRX
20140609,+32250,2,+200,+0.62,445990,575,5382,+4807,+3923,17923,167500,+149577,+121745,KRX
20140605,-32050,5,-950,-2.88,759525,4024,4908,+884,--2654,124543,152375,+27832,--79038,KRX
20140603,-33000,5,-500,-1.49,387917,2485,6023,+3538,+2059,75034,181904,+106870,+62473,KRX
20140602,-33500,5,-50,-0.15,282853,2652,4131,+1479,--1582,79899,124296,+44397,--47393,KRX
20140530,+33550,2,+850,+2.60,706843,13563,16624,+3061,+3032,404990,496780,+91790,+90780,KRX
20140529,-32700,5,-900,-2.68,439911,1374,1403,+29,+106,41530,42540,+1010,+3620,KRX
20140528,+33600,2,+100,+0.30,327074,2835,2758,--77,+24,85270,82660,--2610,+530,KRX
20140527,-33500,5,-650,-1.90,342377,1503,1402,--101,--825,45010,41870,--3140,--24348,KRX
20140526,+34150,2,+350,+1.04,275706,845,1569,+724,--48,24842,46050,+21208,--1662,KRX
20140523,+33800,2,+250,+0.75,231315,1712,2484,+772,--408,50740,73610,+22870,--12326,KRX
20140522,+33550,2,+350,+1.05,307855,1058,2238,+1180,--1928,31524,66720,+35196,--58484,KRX
20140521,-33200,5,-100,-0.30,320301,861,3969,+3108,+2176,25920,119600,+93680,+65590,KRX
20140520,-33300,5,-600,-1.77,349575,1445,2377,+932,+1878,43490,71580,+28090,+55820,KRX
20140519,-33900,5,-600,-1.74,311567,3400,2454,--946,--2055,99880,72150,--27730,--60080,KRX
20140516,+34500,2,+250,+0.73,299313,2807,3916,+1109,--9998,81930,114280,+32350,--293490,KRX
20140515,+34250,2,+1050,+3.16,631917,1605,12712,+11107,+7758,47020,372860,+325840,+224440,KRX
20140514,+33200,2,+50,+0.15,374820,1370,4719,+3349,--1712,41460,142860,+101400,--51976,KRX
20140513,+33150,2,+950,+2.95,422180,1222,6283,+5061,+4309,37154,190530,+153376,+129766,KRX
20140512,-32200,5,-750,-2.28,694633,2841,3593,+752,--751,87870,111480,+23610,--21910,KRX
20140509,-32950,5,-300,-0.90,446330,1018,2521,+1503,+1199,30860,76380,+45520,+36356,KRX
20140508,+33250,2,+250,+0.76,389914,2872,3176,+304,+4164,87046,96210,+9164,+125164,KRX
20140507,-33000,5,-1050,-3.08,555553,5695,1835,--3860,--443,171430,55430,--116000,--16390,KRX
20140502,-34050,5,-750,-2.16,417303,5566,2149,--3417,--4013,162540,62930,--99610,--116380,KRX
20140430,+34800,2,+50,+0.14,297787,3600,4196,+596,--1980,102810,119580,+16770,--57410,KRX
20140429,+34750,2,+300,+0.87,246251,1473,4049,+2576,+62,42470,116650,+74180,+1357,KRX
20140428,-34450,5,-350,-1.01,371264,1829,4343,+2514,+1404,53030,125853,+72823,+41051,KRX
20140425,-34800,5,-1700,-4.66,723082,3357,4467,+1110,--1793,95168,126940,+31772,--47948,KRX
20140424,+36500,2,+350,+0.97,246630,480,3383,+2903,+167,13200,92920,+79720,+4530,KRX
20140423,-36150,5,-450,-1.23,372386,580,3316,+2736,+76,15920,91110,+75190,+2348,KRX
20140422,-36600,5,-300,-0.81,293618,449,3109,+2660,+862,12278,85120,+72842,+23902,KRX
20140421,-36900,5,-250,-0.67,247370,381,2179,+1798,+98,10380,59320,+48940,+3140,KRX
20140418,+37150,2,+50,+0.13,281863,631,2331,+1700,+1337,17020,62820,+45800,+35995,KRX
20140417,+37100,2,+100,+0.27,328546,1365,1728,+363,--3426,36895,46700,+9805,--92673,KRX
20140416,+37000,2,+800,+2.21,637181,1171,4960,+3789,+4833,31762,134240,+102478,+131048,KRX
20140415,-36200,5,-50,-0.14,770831,2675,1631,--1044,--1149,73140,44570,--28570,--31500,KRX
20140414,+36250,2,+500,+1.40,466732,1764,1869,+105,+868,48870,51800,+2930,+24230,KRX
20140411,+35750,2,+50,+0.14,510410,3442,2679,--763,--1452,97270,75970,--21300,--40574,KRX
20140410,-35700,5,-300,-0.83,377962,1478,2167,+689,--1378,41486,60760,+19274,--38890,KRX
20140409,+36000,2,+1050,+3.00,467662,1739,3806,+2067,+826,48808,106972,+58164,+22764,KRX
20140408,-34950,5,-200,-0.57,287483,1344,2585,+1241,+642,38320,73720,+35400,+18400,KRX
20140407,-35150,5,-300,-0.85,258822,1435,2034,+599,--1989,40770,57770,+17000,--56510,KRX
20140404,+35450,2,+550,+1.58,419744,1550,4138,+2588,+261,43840,117350,+73510,+7340,KRX
20140403,-34900,5,-400,-1.13,280298,1611,3938,+2327,--432,45840,112010,+66170,--12351,KRX
20140402,+35300,2,+200,+0.57,323710,1241,4000,+2759,+2130,35359,113880,+78521,+60448,KRX
20140401,-35100,5,-50,-0.14,471512,4226,4855,+629,+2984,121277,139350,+18073,+84823,KRX
20140331,-35150,5,-400,-1.13,441166,6263,3908,--2355,--4647,177812,111062,--66750,--131540,KRX
20140328,+35550,2,+1000,+2.89,549925,1680,3972,+2292,+193,47490,112280,+64790,+4340,KRX
20140327,-34550,5,-50,-0.14,441248,1927,4026,+2099,+382,55600,116050,+60450,+10825,KRX
20140326,+34600,2,+300,+0.87,532068,2453,4170,+1717,--2512,70980,120605,+49625,--74649,KRX
20140325,+34300,2,+1050,+3.16,619782,771,5000,+4229,+3553,22636,146910,+124274,+104161,KRX
20140324,+33250,2,+50,+0.15,299176,1303,1979,+676,+1765,38977,59090,+20113,+52895,KRX
20140321,+33200,2,+200,+0.61,434698,4070,2981,--1089,--570,122892,90110,--32782,--17212,KRX
20140320,-33000,5,-900,-2.65,386463,1725,1206,--519,--1312,51930,36360,--15570,--38921,KRX
20140319,-33900,5,-100,-0.29,171479,510,1303,+793,+1119,15049,38400,+23351,+32859,KRX
20140318,34000,3,0,0.00,332703,1191,865,--326,+2082,34888,25380,--9508,+61472,KRX
20140317,+34000,2,+100,+0.29,267305,3449,1041,--2408,+88,101660,30680,--70980,+2752,KRX
20140314,+33900,2,+400,+1.19,371196,3883,1387,--2496,--1870,114702,40970,--73732,--54942,KRX
20140313,+33500,2,+550,+1.67,405884,3053,2427,--626,+413,91480,72690,--18790,+12580,KRX
20140312,-32950,5,-550,-1.64,527791,2774,1735,--1039,--902,84030,52660,--31370,--27270,KRX
20140311,33500,3,0,0.00,293643,1483,1346,--137,+1093,44160,40060,--4100,+32080,KRX
20140310,-33500,5,-1050,-3.04,621130,2540,1310,--1230,--944,74930,38750,--36180,--28030,KRX
20140307,-34550,5,-550,-1.57,299289,1019,733,--286,+59,29280,21130,--8150,+1820,KRX
20140306,+35100,2,+400,+1.15,303227,1984,1639,--345,--537,56970,47000,--9970,--15499,KRX
20140305,+34700,2,+400,+1.17,299924,1566,1758,+192,--1213,45131,50660,+5529,--35371,KRX
20140304,-34300,5,-400,-1.15,475734,1799,3204,+1405,+4219,52190,93090,+40900,+121330,KRX
20140303,-34700,5,-1500,-4.14,737790,4138,1324,--2814,--1670,118330,37900,--80430,--48433,KRX
20140228,+36200,2,+250,+0.70,471883,3977,2833,--1144,--1854,110927,78930,--31997,--51877,KRX
20140227,-35950,5,-200,-0.55,353164,1498,2208,+710,+2426,41930,61810,+19880,+67435,KRX
20140226,-36150,5,-550,-1.50,560788,3538,1822,--1716,--1991,98365,50810,--47555,--55125,KRX
20140225,+36700,2,+200,+0.55,380092,1539,1814,+275,+3877,42050,49620,+7570,+106070,KRX
20140224,+36500,2,+300,+0.83,728005,4188,586,--3602,--3201,114540,16040,--98500,--86890,KRX
20140221,+36200,2,+400,+1.12,720453,4891,4490,--401,--1356,135650,124040,--11610,--38620,KRX
20140220,+35800,2,+1800,+5.29,873400,2923,3878,+955,+1845,83130,110140,+27010,+52898,KRX
20140219,-34000,5,-500,-1.45,324373,2013,1123,--890,--490,58698,32810,--25888,--14288,KRX
20140218,34500,3,0,0.00,266074,1532,1132,--400,--431,44540,32940,--11600,--12510,KRX
20140217,+34500,2,+300,+0.88,224207,1030,1061,+31,+611,29980,30890,+910,+17890,KRX
20140214,+34200,2,+500,+1.48,258752,1802,1222,--580,+634,52830,35850,--16980,+18930,KRX
20140213,-33700,5,-150,-0.44,247135,2488,1274,--1214,--1829,73450,37540,--35910,--54010,KRX
20140212,+33850,2,+100,+0.30,304761,1796,2411,+615,+1892,53010,71110,+18100,+55609,KRX
20140211,-33750,5,-1050,-3.02,592777,4615,3338,--1277,--272,135663,98154,--37509,--8269,KRX
20140210,+34800,2,+350,+1.02,223728,3120,2115,--1005,--609,90700,61460,--29240,--18120,KRX
20140207,+34450,2,+100,+0.29,345049,3255,2859,--396,--867,93930,82810,--11120,--25020,KRX
20140206,+34350,2,+950,+2.84,374715,3942,4413,+471,--390,114410,128310,+13900,--11690,KRX
20140205,-33400,5,-800,-2.34,725046,6052,6913,+861,+2696,178430,204020,+25590,+78431,KRX
20140204,-34200,5,-1500,-4.20,536768,5609,3774,--1835,+1727,162151,109310,--52841,+46449,KRX
20140203,-35700,5,-950,-2.59,341289,4995,1433,--3562,--1810,139230,39940,--99290,--51292,KRX
20140129,+36650,2,+1050,+2.95,409962,4047,2295,--1752,+527,111258,63260,--47998,+15889,KRX
20140128,+35600,2,+450,+1.28,321997,4689,2410,--2279,--1596,132267,68380,--63887,--44417,KRX
20140127,-35150,5,-900,-2.50,460843,4585,3902,--683,--1439,130380,110910,--19470,--40305,KRX
20140124,-36050,5,-400,-1.10,396727,2839,3595,+756,+1051,78905,99740,+20835,+29035,KRX
20140123,-36450,5,-250,-0.68,443039,4297,4002,--295,+3796,117300,109100,--8200,+102373,KRX
20140122,-36700,5,-350,-0.94,871700,5410,1319,--4091,--1906,146133,35560,--110573,--51313,KRX
20140121,+37050,2,+550,+1.51,718545,2642,457,--2185,+2765,71740,12480,--59260,+77310,KRX
20140120,+36500,2,+250,+0.69,533886,5289,339,--4950,--1344,145970,9400,--136570,--36742,KRX
20140117,+36250,2,+400,+1.12,495362,4302,696,--3606,+5555,119130,19302,--99828,+155162,KRX
20140116,-35850,5,-50,-0.14,873576,9815,654,--9161,--7667,273080,18090,--254990,--212980,KRX
20140115,+35900,2,+1550,+4.51,886135,6109,4615,--1494,+6071,172550,130540,--42010,+176782,KRX
20140114,-34350,5,-900,-2.55,610651,8663,1098,--7565,+3150,250582,31790,--218792,+88724,KRX
20140113,-35250,5,-150,-0.42,705163,12113,1398,--10715,--3128,347626,40110,--307516,--91491,KRX
20140110,+35400,2,+700,+2.02,827090,8233,646,--7587,--4739,234375,18350,--216025,--134193,KRX
20140109,+34700,2,+400,+1.17,475227,3654,806,--2848,--1661,105222,23390,--81832,--47142,KRX
20140108,+34300,2,+150,+0.44,352647,2892,1705,--1187,--2361,84390,49700,--34690,--68920,KRX
20140107,34150,3,0,0.00,299313,2430,3604,+1174,+3469,71110,105340,+34230,+101650,KRX
20140106,+34150,2,+150,+0.44,385687,4890,2595,--2295,--998,143680,76260,--67420,--28880,KRX
20140103,-34000,5,-400,-1.16,817137,6399,5102,--1297,--2722,190230,151690,--38540,--79520,KRX
20140102,-34400,5,-1000,-2.82,475477,3065,4490,+1425,+5011,87680,128660,+40980,+141280,KRX
20131230,-35400,5,-550,-1.53,506596,5049,1463,--3586,--168,141380,41080,--100300,--3980,KRX
20131227,+35950,2,+1200,+3.45,649788,5367,1949,--3418,--1585,151740,55420,--96320,--43461,KRX
20131226,-34750,5,-200,-0.57,522792,5842,4009,--1833,+1983,167829,114970,--52859,+57521,KRX
20131224,+34950,2,+450,+1.30,774070,8405,4589,--3816,--1169,242680,132300,--110380,--32858,KRX
20131223,+34500,2,+1500,+4.55,889949,6517,3870,--2647,+20,191052,113530,--77522,+3275,KRX
20131220,+33000,2,+100,+0.30,451809,5637,2970,--2667,+1102,170780,89983,--80797,+32755,KRX
20131219,-32900,5,-500,-1.50,831207,9670,5901,--3769,+2296,292372,178820,--113552,+68967,KRX
20131218,+33400,2,+500,+1.52,708508,9855,3790,--6065,--4613,296639,114120,--182519,--138329,KRX
20131217,+32900,2,+200,+0.61,647281,4303,2851,--1452,+5356,130910,86720,--44190,+164392,KRX
20131216,+32700,2,+550,+1.71,1084258,10956,4148,--6808,--3531,335440,126858,--208582,--106172,KRX
20131213,+32150,2,+150,+0.47,1349732,9064,5787,--3277,+6529,282530,180120,--102410,+205060,KRX
20131212,-32000,5,-1500,-4.48,13627800,27038,17232,--9806,--11542,846170,538700,--307470,--358850,KRX
20131211,-33500,5,-1050,-3.04,1462596,6524,8260,+1736,--1532,193020,244400,+51380,--40592,KRX
20131210,-34550,5,-850,-2.40,669125,1204,4472,+3268,+1017,33978,125950,+91972,+28413,KRX
20131209,+35400,2,+350,+1.00,348553,936,3187,+2251,+118,26451,90010,+63559,+3239,KRX
20131206,-35050,5,-650,-1.82,453591,1731,3864,+2133,+3546,48860,109180,+60320,+99610,KRX
20131205,-35700,5,-900,-2.46,313484,3186,1773,--1413,--2366,88720,49430,--39290,--65134,KRX
20131204,-36600,5,-450,-1.21,269429,2779,3732,+953,+2079,75736,101580,+25844,+56108,KRX
20131203,-37050,5,-600,-1.59,170020,1780,654,--1126,+727,47804,17540,--30264,+18764,KRX
20131202,-37650,5,-500,-1.31,175646,2290,437,--1853,--2026,60630,11602,--49028,--53508,KRX
20131129,+38150,2,+50,+0.13,115136,922,1095,+173,--571,24180,28660,+4480,--15100,KRX
20131128,+38100,2,+100,+0.26,222368,1477,2221,+744,+4304,38840,58420,+19580,+113098,KRX
20131127,-38000,5,-750,-1.94,359058,6205,2645,--3560,--4349,163070,69552,--93518,--112916,KRX
20131126,+38750,2,+250,+0.65,728191,7800,8589,+789,--1044,206892,226290,+19398,--28292,KRX
20131125,+38500,2,+1150,+3.08,237488,590,2423,+1833,+1731,15350,63040,+47690,+44927,KRX
20131122,+37350,2,+450,+1.22,273303,1649,1751,+102,+2411,44317,47080,+2763,+64813,KRX
20131121,-36900,5,-1300,-3.40,449177,3094,785,--2309,--3959,83200,21150,--62050,--105077,KRX
20131120,-38200,5,-350,-0.91,246961,1638,3288,+1650,+2147,42873,85900,+43027,+55927,KRX
20131119,-38550,5,-350,-0.90,332630,2734,2237,--497,+1244,70540,57640,--12900,+31903,KRX
20131118,+38900,2,+150,+0.39,171773,2411,670,--1741,--2443,62023,17220,--44803,--62826,KRX
20131115,+38750,2,+500,+1.31,315893,1084,1786,+702,+2100,27827,45850,+18023,+54472,KRX
20131114,38250,3,0,0.00,205065,2666,1268,--1398,--1102,69459,33010,--36449,--28619,KRX
20131113,-38250,5,-500,-1.29,251095,2358,2062,--296,+996,61280,53450,--7830,+25193,KRX
20131112,-38750,5,-550,-1.40,370974,2771,1479,--1292,+178,71003,37980,--33023,+3737,KRX
20131111,-39300,5,-1000,-2.48,346089,2761,1291,--1470,+1860,69440,32680,--36760,+45630,KRX
20131108,-40300,5,-250,-0.62,245691,4301,971,--3330,--1287,106380,23990,--82390,--32450,KRX
20131107,-40550,5,-350,-0.86,160564,2564,521,--2043,--4522,62650,12710,--49940,--110213,KRX
20131106,+40900,2,+400,+0.99,223828,1679,4158,+2479,+4520,40890,101163,+60273,+110240,KRX
20131105,-40500,5,-1400,-3.34,686492,4943,2902,--2041,--2296,121187,71220,--49967,--56067,KRX
20131104,-41900,5,-300,-0.71,190619,1918,2173,+255,+1171,45460,51560,+6100,+27280,KRX
20131101,-42200,5,-1150,-2.65,431931,2415,1499,--916,+1110,56360,35180,--21180,+25349,KRX
20131031,-43350,5,-1050,-2.36,305357,5096,3070,--2026,--3766,117167,70638,--46529,--85859,KRX
20131030,+44400,2,+950,+2.19,263491,1617,3357,+1740,+297,36590,75920,+39330,+6410,KRX
20131029,-43450,5,-500,-1.14,161847,1541,2984,+1443,+1010,35150,68070,+32920,+23040,KRX
20131028,+43950,2,+250,+0.57,119129,1128,1561,+433,+1667,25750,35630,+9880,+37675,KRX
20131025,-43700,5,-1300,-2.89,208307,2670,1436,--1234,--1620,60375,32580,--27795,--36415,KRX
20131024,+45000,2,+400,+0.90,147387,799,1185,+386,--1486,17810,26430,+8620,--32510,KRX
20131023,-44600,5,-200,-0.45,334306,2430,4302,+1872,+1694,53670,94800,+41130,+37036,KRX
20131022,+44800,2,+300,+0.67,230275,2291,2469,+178,--1666,51190,55284,+4094,--37586,KRX
20131021,+44500,2,+150,+0.34,203960,1705,3549,+1844,+1119,38550,80230,+41680,+25334,KRX
20131018,-44350,5,-450,-1.00,219044,1348,2073,+725,--2405,30384,46730,+16346,--53750,KRX
20131017,+44800,2,+800,+1.82,312773,1704,4834,+3130,+2352,38194,108290,+70096,+52351,KRX
20131016,-44000,5,-650,-1.46,283132,1688,2466,+778,--3478,38195,55940,+17745,--78366,KRX
20131015,+44650,2,+1450,+3.36,558071,3037,7293,+4256,+4879,68569,164680,+96111,+110175,KRX
20131014,-43200,5,-2900,-6.29,1197718,2848,2225,--623,--457,65514,51450,--14064,--10554,KRX
20131011,+46100,2,+1100,+2.44,419538,2384,2218,--166,--1845,51940,48430,--3510,--40552,KRX
20131010,-45000,5,-900,-1.96,317345,3851,5530,+1679,+3551,85058,122100,+37042,+78572,KRX
20131008,-45900,5,-300,-0.65,289862,4561,2689,--1872,--4741,100810,59280,--41530,--103969,KRX
20131007,+46200,2,+1800,+4.05,545494,4498,7367,+2869,+909,97743,160182,+62439,+17839,KRX
20131004,-44400,5,-500,-1.11,430053,2215,4175,+1960,+2670,50410,95010,+44600,+60350,KRX
20131002,-44900,5,-1100,-2.39,330219,3514,2804,--710,--1475,77690,61940,--15750,--32250,KRX
20131001,-46000,5,-150,-0.33,306889,1346,2111,+765,+279,29230,45730,+16500,+5940,KRX
20130930,-46150,5,-1000,-2.12,368546,3377,3863,+486,--153,72960,83520,+10560,--2934,KRX
20130927,+47150,2,+200,+0.43,268020,3691,4330,+639,+3374,78346,91840,+13494,+71975,KRX
20130926,+46950,2,+300,+0.64,268865,3778,1043,--2735,--3434,80741,22260,--58481,--73660,KRX
20130925,+46650,2,+200,+0.43,302388,3686,4385,+699,+166,79191,94370,+15179,+3439,KRX
20130924,-46450,5,-100,-0.21,588729,4045,4578,+533,+196,88380,100120,+11740,+4756,KRX
20130923,-46550,5,-250,-0.53,401966,3114,3451,+337,+3067,66616,73600,+6984,+65041,KRX
20130917,-46800,5,-550,-1.16,358140,5633,2903,--2730,--3443,119947,61890,--58057,--73320,KRX
20130916,+47350,2,+1750,+3.84,535845,2402,3115,+713,+47,51300,66563,+15263,+1093,KRX
20130913,-45600,5,-600,-1.30,541559,7145,7811,+666,--1738,155380,169550,+14170,--37191,KRX
20130912,-46200,5,-1700,-3.55,784018,4799,7203,+2404,+992,102919,154280,+51361,+21783,KRX
20130911,+47900,2,+350,+0.74,471911,5066,6478,+1412,+1897,105922,135500,+29578,+39848,KRX
20130910,+47550,2,+850,+1.82,688303,5194,4709,--485,--1694,109670,99400,--10270,--36180,KRX
20130909,+46700,2,+1700,+3.78,520148,2755,3964,+1209,+1903,59800,85710,+25910,+41380,KRX
20130906,+45000,2,+450,+1.01,298643,2958,2264,--694,+763,65670,50200,--15470,+17310,KRX
20130905,44550,3,0,0.00,332680,5776,4319,--1457,+2869,129890,97110,--32780,+63516,KRX
20130904,44550,3,0,0.00,402527,6581,2255,--4326,--5778,146206,49910,--96296,--129047,KRX
20130903,+44550,2,+1450,+3.36,380334,1970,3422,+1452,+2003,44425,77176,+32751,+45475,KRX
20130902,+43100,2,+450,+1.06,209261,2710,2159,--551,+2367,62594,49870,--12724,+55569,KRX
20130830,-42650,5,-50,-0.12,251656,5799,2881,--2918,--3320,135724,67431,--68293,--77709,KRX
20130829,+42700,2,+1000,+2.40,182486,2051,2453,+402,+1305,48134,57550,+9416,+31046,KRX
20130828,-41700,5,-750,-1.77,223058,2569,1666,--903,+46,61600,39970,--21630,+577,KRX
20130827,42450,3,0,0.00,239404,2494,1545,--949,+167,58467,36260,--22207,+4049,KRX
20130826,+42450,2,+550,+1.31,279618,2594,1478,--1116,--707,61170,34914,--26256,--16456,KRX
20130823,+41900,2,+300,+0.72,596345,4605,4196,--409,+12,109700,99900,--9800,--304,KRX
20130822,-41600,5,-2600,-5.88,778233,5136,4715,--421,+389,121826,112330,--9496,+8739,KRX
20130821,-44200,5,-900,-2.00,239801,3749,2939,--810,--304,84145,65910,--18235,--7595,KRX
20130820,-45100,5,-1800,-3.84,354994,3220,2714,--506,+993,70310,59670,--10640,+21290,KRX
20130819,+46900,2,+100,+0.21,159584,1809,310,--1499,+1367,38530,6600,--31930,+29438,KRX
20130816,-46800,5,-350,-0.74,276915,5209,2343,--2866,--2662,111410,50042,--61368,--56898,KRX
20130814,+47150,2,+1050,+2.28,414003,2013,1809,--204,+2984,43050,38580,--4470,+64740,KRX
20130813,46100,3,0,0.00,196056,4264,1076,--3188,--3256,92573,23363,--69210,--70820,KRX
20130812,+46100,2,+600,+1.32,170883,1513,1581,+68,+1983,33250,34860,+1610,+43410,KRX
20130809,-45500,5,-150,-0.33,226370,2955,1040,--1915,--761,64480,22680,--41800,--16560,KRX
20130808,+45650,2,+700,+1.56,271596,3299,2145,--1154,+323,72060,46820,--25240,+7520,KRX
20130807,+44950,2,+200,+0.45,206297,3670,2193,--1477,--2306,81630,48870,--32760,--51340,KRX
20130806,-44750,5,-600,-1.32,308791,2573,3402,+829,+953,57720,76300,+18580,+21330,KRX
20130805,-45350,5,-550,-1.20,141815,1196,1072,--124,+2085,26300,23550,--2750,+45171,KRX
20130802,-45900,5,-550,-1.18,175885,3972,1763,--2209,--3968,86191,38270,--47921,--85852,KRX
20130801,+46450,2,+350,+0.76,189222,1875,3634,+1759,--871,40450,78381,+37931,--18764,KRX
20130731,+46100,2,+50,+0.11,321069,4405,7035,+2630,+1342,95689,152384,+56695,+28755,KRX
20130730,+46050,2,+150,+0.33,157917,1158,2446,+1288,+864,25110,53050,+27940,+18688,KRX
20130729,-45900,5,-350,-0.76,200919,1976,2400,+424,--131,42778,52030,+9252,--2448,KRX
20130726,+46250,2,+950,+2.10,500850,1944,2499,+555,+1018,41880,53580,+11700,+21653,KRX
20130725,-45300,5,-900,-1.95,371819,1899,1436,--463,--2866,41362,31409,--9953,--62211,KRX
20130724,+46200,2,+1200,+2.67,241941,1297,3700,+2403,+4163,28380,80638,+52258,+91049,KRX
20130723,-45000,5,-300,-0.66,269173,3703,1943,--1760,--2172,81750,42959,--38791,--48001,KRX
20130722,+45300,2,+850,+1.91,271360,1722,2134,+412,+1882,38040,47250,+9210,+42319,KRX
20130719,+44450,2,+500,+1.14,276809,2298,828,--1470,+602,51729,18620,--33109,+14231,KRX
20130718,+43950,2,+250,+0.57,217350,3182,1110,--2072,--2715,72600,25260,--47340,--62127,KRX
20130717,+43700,2,+1100,+2.58,198835,1714,2357,+643,+3744,39483,54270,+14787,+87127,KRX
20130716,-42600,5,-1050,-2.41,200333,4058,957,--3101,--6014,94490,22150,--72340,--139170,KRX
20130715,+43650,2,+900,+2.11,223493,2121,5034,+2913,+2482,49120,115950,+66830,+56742,KRX
20130712,-42750,5,-200,-0.47,72725,779,1210,+431,--1226,18202,28290,+10088,--29151,KRX
20130711,+42950,2,+1950,+4.76,190917,1557,3214,+1657,+873,36690,75929,+39239,+20249,KRX
20130710,41000,3,0,0.00,94439,1131,1915,+784,+1055,27430,46420,+18990,+25644,KRX
20130709,-41000,5,-150,-0.36,141617,2114,1843,--271,--812,51594,44940,--6654,--19694,KRX
20130708,-41150,5,-800,-1.91,195684,1209,1750,+541,--148,29410,42450,+13040,--3330,KRX
20130705,41950,3,0,0.00,97845,826,1515,+689,--681,19660,36030,+16370,--16265,KRX
20130704,+41950,2,+300,+0.72,138647,542,1912,+1370,+669,12940,45575,+32635,+15805,KRX
20130703,-41650,5,-1150,-2.69,184230,2707,3408,+701,+919,64510,81340,+16830,+21952,KRX
20130702,+42800,2,+150,+0.35,174066,3433,3215,--218,+2741,80272,75150,--5122,+64938,KRX
20130701,+42650,2,+150,+0.35,227859,4118,1159,--2959,--3592,97420,27360,--70060,--85369,KRX
20130628,+42500,2,+1500,+3.66,277677,5367,6000,+633,+3333,127341,142650,+15309,+81359,KRX
20130627,+41000,2,+100,+0.24,274605,5817,3117,--2700,--3278,142160,76110,--66050,--80485,KRX
20130626,+40900,2,+2450,+6.37,365301,5588,6166,+578,+2645,139915,154350,+14435,+66842,KRX
20130625,-38450,5,-1600,-4.00,337208,5669,3602,--2067,--911,145237,92830,--52407,--23307,KRX
20130624,+40050,2,+350,+0.88,159313,2721,1565,--1156,--617,68170,39070,--29100,--15542,KRX
20130621,-39700,5,-800,-1.98,235405,2918,2379,--539,--1430,73609,60051,--13558,--35838,KRX
20130620,-40500,5,-1900,-4.48,504205,2914,3805,+891,+1020,71400,93680,+22280,+25150,KRX
20130619,-42400,5,-1200,-2.75,230000,2353,2224,--129,--526,54900,52030,--2870,--12110,KRX
20130618,+43600,2,+1050,+2.47,154046,2111,2508,+397,--7,48630,57870,+9240,--247,KRX
20130617,-42550,5,-250,-0.58,138103,1035,1439,+404,+1349,24153,33640,+9487,+31217,KRX
20130614,-42800,5,-50,-0.12,164520,2331,1386,--945,+1497,53800,32070,--21730,+34940,KRX
20130613,42850,3,0,0.00,310894,7089,4647,--2442,--4515,164810,108140,--56670,--104466,KRX
20130612,-42850,5,-900,-2.06,232029,1496,3569,+2073,+4333,34444,82240,+47796,+99371,KRX
20130611,-43750,5,-1300,-2.89,347515,5045,2785,--2260,--1338,115170,63595,--51575,--31146,KRX
20130610,+45050,2,+200,+0.45,117950,1606,684,--922,--1453,35569,15140,--20429,--32089,KRX
20130607,-44850,5,-200,-0.44,218177,2182,2713,+531,--828,48310,59970,+11660,--18533,KRX
20130605,45050,3,0,0.00,202825,2430,3789,+1359,+678,54100,84293,+30193,+14223,KRX
20130604,-45050,5,-550,-1.21,645518,5137,5818,+681,+1238,115350,131320,+15970,+27974,KRX
20130603,-45600,5,-1450,-3.08,413034,3023,2466,--557,--1067,66064,54060,--12004,--22616,KRX
20130531,+47050,2,+500,+1.07,324376,3336,3846,+510,+562,70718,81330,+10612,+11752,KRX
20130530,-46550,5,-50,-0.11,175404,1574,1522,--52,+1487,33810,32670,--1140,+31670,KRX
20130529,+46600,2,+250,+0.54,277593,3329,1790,--1539,--574,71090,38280,--32810,--12260,KRX
20130528,+46350,2,+250,+0.54,403989,2991,2026,--965,--3074,63880,43330,--20550,--66420,KRX
20130527,+46100,2,+1600,+3.60,308509,600,2709,+2109,+615,13060,58930,+45870,+12270,KRX
20130524,-44500,5,-450,-1.00,195763,918,2412,+1494,+2241,20620,54220,+33600,+50052,KRX
20130523,-44950,5,-1000,-2.18,253827,2927,2180,--747,--1295,64432,47980,--16452,--28404,KRX
20130522,+45950,2,+350,+0.77,188650,1295,1843,+548,+1911,28268,40220,+11952,+41695,KRX
20130521,+45600,2,+100,+0.22,203225,2778,1415,--1363,--4238,60660,30917,--29743,--92703,KRX
20130520,-45500,5,-200,-0.44,299607,3549,6424,+2875,+1184,77890,140850,+62960,+25730,KRX
20130516,+45700,2,+600,+1.33,284014,860,2551,+1691,+2629,18910,56140,+37230,+58118,KRX
20130515,+45100,2,+450,+1.01,297367,2010,1072,--938,--1343,44673,23785,--20888,--30158,KRX
20130514,+44650,2,+1850,+4.32,329671,1724,2129,+405,--266,38980,48250,+9270,--6413,KRX
20130513,-42800,5,-700,-1.61,128069,844,1515,+671,+1366,19617,35300,+15683,+31553,KRX
20130510,-43500,5,-900,-2.03,142974,1860,1165,--695,--3639,42480,26610,--15870,--83030,KRX
20130509,+44400,2,+1300,+3.02,301700,995,3939,+2944,+2840,22670,89830,+67160,+64721,KRX
20130508,+43100,2,+250,+0.58,209763,1801,1905,+104,--770,41690,44129,+2439,--17896,KRX
20130507,+42850,2,+1150,+2.76,350603,2312,3186,+874,--683,54045,74380,+20335,--16474,KRX
20130506,+41700,2,+700,+1.71,306382,2571,4128,+1557,+1543,61131,97940,+36809,+36670,KRX
20130503,+41000,2,+750,+1.86,141708,1866,1880,+14,+448,46101,46240,+139,+10773,KRX
20130502,-40250,5,-700,-1.71,193382,2242,1808,--434,--1383,55500,44866,--10634,--34108,KRX
20130430,+40950,2,+1500,+3.80,284391,3858,4807,+949,+472,95389,118863,+23474,+11344,KRX
20130429,-39450,5,-150,-0.38,136792,890,1367,+477,+93,22590,34720,+12130,+2479,KRX
20130426,-39600,5,-350,-0.88,128348,1156,1540,+384,+1647,29120,38771,+9651,+41431,KRX
20130425,+39950,2,+400,+1.01,231701,2960,1697,--1263,--1003,74590,42810,--31780,--25575,KRX
20130424,+39550,2,+1850,+4.91,431448,3134,2874,--260,--767,79457,73252,--6205,--19609,KRX
20130423,-37700,5,-50,-0.13,321840,2274,2781,+507,+1622,60150,73554,+13404,+42882,KRX
20130422,-37750,5,-600,-1.56,440737,4503,3388,--1115,--1985,118870,89392,--29478,--52476,KRX
20130419,+38350,2,+550,+1.46,316832,2399,3269,+870,+115,63340,86338,+22998,+2798,KRX
20130418,-37800,5,-100,-0.26,393298,2890,3645,+755,--3741,76300,96500,+20200,--105351,KRX
20130417,-37900,5,-1300,-3.32,2700216,4864,9360,+4496,+1951,134443,259994,+125551,+60415,KRX
20130416,-39200,5,-950,-2.37,593815,2219,4764,+2545,+2147,56722,121858,+65136,+54610,KRX
20130415,-40150,5,-1150,-2.78,517472,2742,3140,+398,+43,68162,78688,+10526,+1849,KRX
20130412,-41300,5,-1450,-3.39,294644,2112,2467,+355,--198,50410,59087,+8677,--4243,KRX
20130411,-42750,5,-250,-0.58,235801,1481,2034,+553,+2218,34750,47670,+12920,+52055,KRX
20130410,+43000,2,+450,+1.06,176636,3937,2272,--1665,--2419,92179,53044,--39135,--56855,KRX
20130409,-42550,5,-50,-0.12,142677,1194,1948,+754,+459,28074,45794,+17720,+10862,KRX
20130408,-42600,5,-450,-1.05,181613,1860,2155,+295,+2954,43389,50247,+6858,+67549,KRX
20130405,-43050,5,-1900,-4.23,368673,4466,1807,--2659,--1081,102281,41590,--60691,--25398,KRX
20130404,+44950,2,+550,+1.24,379061,3513,1935,--1578,--2042,78590,43297,--35293,--45628,KRX
20130403,+44400,2,+400,+0.91,223569,1901,2365,+464,+1866,43275,53610,+10335,+41886,KRX
20130402,-44000,5,-1000,-2.22,335577,4655,3253,--1402,--2335,104700,73149,--31551,--52396,KRX
20130401,+45000,2,+150,+0.33,188758,868,1801,+933,+707,19285,40130,+20845,+15836,KRX
20130329,-44850,5,-50,-0.11,190697,1098,1324,+226,--1455,24400,29409,+5009,--32050,KRX
20130328,+44900,2,+900,+2.05,676725,4983,6664,+1681,--1891,110755,147814,+37059,--44982,KRX
20130327,+44000,2,+1400,+3.29,335862,2251,5823,+3572,+3185,51720,133761,+82041,+72901,KRX
20130326,+42600,2,+350,+0.83,179720,994,1381,+387,--524,23310,32450,+9140,--12300,KRX
20130325,+42250,2,+250,+0.60,183578,1062,1973,+911,+2588,25080,46520,+21440,+61270,KRX
20130322,-42000,5,-250,-0.59,193388,2948,1271,--1677,--774,69990,30160,--39830,--18595,KRX
20130321,-42250,5,-50,-0.12,215772,2062,1159,--903,--677,48540,27305,--21235,--15854,KRX
20130320,-42300,5,-300,-0.70,161489,1889,1663,--226,+1746,44601,39220,--5381,+40899,KRX
20130319,-42600,5,-200,-0.47,213067,4024,2052,--1972,--2975,94300,48020,--46280,--69630,KRX
20130318,-42800,5,-300,-0.70,98590,919,1922,+1003,--428,21430,44780,+23350,--9917,KRX
20130315,-43100,5,-50,-0.12,290548,3448,4879,+1431,+614,80156,113423,+33267,+14557,KRX
20130314,+43150,2,+50,+0.12,344902,2966,3783,+817,+2666,68740,87450,+18710,+61530,KRX
20130313,-43100,5,-500,-1.15,190894,2792,943,--1849,--1576,64640,21820,--42820,--36545,KRX
20130312,-43600,5,-100,-0.23,110240,1426,1153,--273,--1265,32680,26405,--6275,--28878,KRX
20130311,-43700,5,-450,-1.02,151033,1376,2368,+992,+1027,31420,54023,+22603,+23393,KRX
20130308,-44150,5,-300,-0.67,166587,2469,2434,--35,--2372,55900,55110,--790,--53490,KRX
20130307,+44450,2,+900,+2.07,349915,1460,3797,+2337,--1688,32980,85680,+52700,--39126,KRX
20130306,+43550,2,+500,+1.16,273396,855,4880,+4025,+4366,19490,111316,+91826,+99746,KRX
20130305,-43050,5,-150,-0.35,133850,1565,1224,--341,--45,36190,28270,--7920,--1115,KRX
20130304,-43200,5,-650,-1.48,158372,1914,1618,--296,--3276,43960,37155,--6805,--74814,KRX
20130228,+43850,2,+800,+1.86,196712,863,3843,+2980,+1588,19691,87700,+68009,+35583,KRX
20130227,-43050,5,-100,-0.23,234364,977,2369,+1392,+902,22734,55160,+32426,+21291,KRX
20130226,-43150,5,-650,-1.48,151161,1397,1887,+490,+1187,32149,43284,+11135,+27000,KRX
20130225,43800,3,0,0.00,169321,2069,1372,--697,--655,47155,31290,--15865,--14793,KRX
20130222,-43800,5,-350,-0.79,270633,2996,2954,--42,--3687,68422,67350,--1072,--84133,KRX
20130221,+44150,2,+1050,+2.44,470028,2596,6241,+3645,+1238,59020,142081,+83061,+26901,KRX
20130220,+43100,2,+700,+1.65,264631,1662,4069,+2407,+1117,38740,94900,+56160,+25630,KRX
20130219,-42400,5,-100,-0.24,236474,781,2071,+1290,+1052,18460,48990,+30530,+24941,KRX
20130218,-42500,5,-300,-0.70,149771,648,886,+238,+652,15210,20799,+5589,+15229,KRX
20130215,+42800,2,+200,+0.47,140571,1191,777,--414,--829,27760,18120,--9640,--19347,KRX
20130214,+42600,2,+400,+0.95,255517,1631,2046,+415,+1127,38230,47937,+9707,+26507,KRX
20130213,+42200,2,+700,+1.69,255070,2632,1920,--712,+1321,62370,45570,--16800,+32090,KRX
20130212,+41500,2,+300,+0.73,240684,2799,766,--2033,--1925,67310,18420,--48890,--46213,KRX
20130208,-41200,5,-50,-0.12,312767,2700,2592,--108,--2420,65497,62820,--2677,--58408,KRX
20130207,-41250,5,-950,-2.25,701327,3365,5677,+2312,+3864,81393,137124,+55731,+92501,KRX
20130206,-42200,5,-300,-0.71,386417,3760,2208,--1552,+2011,88860,52090,--36770,+46508,KRX
20130205,-42500,5,-350,-0.82,649310,8085,4522,--3563,--6953,189258,105980,--83278,--163388,KRX
20130204,+42850,2,+50,+0.12,898264,4161,7551,+3390,--3697,97430,177540,+80110,--85005,KRX
20130201,-42800,5,-3750,-8.06,2504592,4678,11765,+7087,+6555,108036,273151,+165115,+152635,KRX
20130131,-46550,5,-1550,-3.22,874413,5764,6296,+532,+2251,121309,133789,+12480,+48516,KRX
20130130,+48100,2,+1600,+3.44,482585,3551,1832,--1719,--1573,74731,38695,--36036,--32871,KRX
20130129,+46500,2,+50,+0.11,328228,2901,2755,--146,--852,62143,58978,--3165,--18377,KRX
20130128,+46450,2,+850,+1.86,234806,1915,2621,+706,+670,41188,56400,+15212,+14472,KRX
20130125,+45600,2,+50,+0.11,236642,3544,3580,+36,--1603,77670,78410,+740,--34937,KRX
20130124,-45550,5,-400,-0.87,301644,2583,4222,+1639,+3495,56393,92070,+35677,+75710,KRX
20130123,-45950,5,-550,-1.18,398666,5871,4015,--1856,--2438,126497,86464,--40033,--52299,KRX
20130122,-46500,5,-200,-0.43,276544,1740,2322,+582,--841,37204,49470,+12266,--18214,KRX
20130121,-46700,5,-300,-0.64,255498,926,2349,+1423,+2725,19800,50280,+30480,+58150,KRX
20130118,+47000,2,+200,+0.43,189631,3312,2010,--1302,--1607,70300,42630,--27670,--34243,KRX
20130117,-46800,5,-500,-1.06,254986,2357,2662,+305,+947,50327,56900,+6573,+20133,KRX
20130116,-47300,5,-350,-0.73,264930,2984,2342,--642,+4151,62930,49370,--13560,+85970,KRX
20130115,-47650,5,-1200,-2.46,405962,6683,1890,--4793,--4305,138920,39390,--99530,--89475,KRX
20130114,+48850,2,+1050,+2.20,465760,4436,3948,--488,+1737,91150,81095,--10055,+36455,KRX
20130111,-47800,5,-900,-1.85,356225,4284,2059,--2225,--2530,89490,42980,--46510,--52540,KRX
20130110,+48700,2,+1850,+3.95,416053,2656,2961,+305,--344,55480,61510,+6030,--7705,KRX
20130109,-46850,5,-550,-1.16,326077,2120,2769,+649,+3957,45020,58755,+13735,+82815,KRX
20130108,-47400,5,-1800,-3.66,682579,7766,4458,--3308,--1869,162520,93440,--69080,--39781,KRX
20130107,+49200,2,+100,+0.20,408591,4811,3372,--1439,--207,98049,68750,--29299,--3969,KRX
20130104,+49100,2,+250,+0.51,602254,6968,5736,--1232,--5707,142710,117380,--25330,--119554,KRX
20130103,+48850,2,+3000,+6.54,1100332,5420,9895,+4475,+3210,112933,207157,+94224,+66703,KRX
20130102,+45850,2,+650,+1.44,267822,1739,3004,+1265,--405,37920,65441,+27521,--9399,KRX
20121228,+45200,2,+450,+1.01,208939,2390,4060,+1670,+220,52880,89800,+36920,+4583,KRX
20121227,-44750,5,-500,-1.10,290267,1351,2801,+1450,+567,30159,62496,+32337,+13085,KRX
20121226,-45250,5,-500,-1.09,312969,2408,3291,+883,--949,53088,72340,+19252,--20460,KRX
20121224,+45750,2,+350,+0.77,352349,2377,4209,+1832,--2308,51748,91460,+39712,--51570,KRX
20121221,+45400,2,+600,+1.34,356193,2006,6146,+4140,--3336,44294,135576,+91282,--74051,KRX
20121220,-44800,5,-1150,-2.50,854113,3708,11184,+7476,+6625,82197,247530,+165333,+146553,KRX
20121218,-45950,5,-650,-1.39,557787,3797,4648,+851,+1093,81650,100430,+18780,+23969,KRX
20121217,+46600,2,+500,+1.08,529744,3594,3352,--242,--1552,77175,71986,--5189,--33639,KRX
20121214,+46100,2,+200,+0.44,301883,1943,3253,+1310,--985,42280,70730,+28450,--21417,KRX
20121213,+45900,2,+550,+1.21,641812,7529,9824,+2295,+5118,164850,214717,+49867,+111855,KRX
20121212,-45350,5,-750,-1.63,614205,7167,4344,--2823,--1292,157609,95621,--61988,--28204,KRX
20121211,+46100,2,+2500,+5.73,1285101,9168,7637,--1531,+2383,201752,167968,--33784,+57067,KRX
20121210,+43600,2,+300,+0.69,677583,5948,2034,--3914,--37,137821,46970,--90851,--2051,KRX
20121207,+43300,2,+600,+1.41,886480,5454,1577,--3877,--3635,124930,36130,--88800,--83685,KRX
20121206,+42700,2,+1900,+4.66,801734,4883,4641,--242,+2753,115295,110180,--5115,+68562,KRX
20121205,-40800,5,-100,-0.24,329396,5560,2565,--2995,--3274,136677,63000,--73677,--80586,KRX
20121204,+40900,2,+750,+1.87,330248,1933,2212,+279,--2434,47471,54380,+6909,--60677,KRX
20121203,-40150,5,-500,-1.23,564250,1160,3873,+2713,+3280,28884,96470,+67586,+81524,KRX
20121130,-40650,5,-1050,-2.52,923585,5167,4600,--567,+1358,126798,112860,--13938,+32232,KRX
20121129,-41700,5,-50,-0.12,631554,4813,2888,--1925,--1278,115010,68840,--46170,--30644,KRX
20121128,-41750,5,-750,-1.76,335716,4873,4226,--647,--321,116346,100820,--15526,--7784,KRX
20121127,+42500,2,+500,+1.19,339080,3287,2961,--326,+3171,77602,69860,--7742,+75273,KRX
20121126,-42000,5,-700,-1.64,310869,5053,1556,--3497,--2144,119965,36950,--83015,--51480,KRX
20121123,-42700,5,-50,-0.12,192235,2694,1341,--1353,--1271,62815,31280,--31535,--29595,KRX
20121122,+42750,2,+500,+1.18,150741,1778,1696,--82,+2559,41360,39420,--1940,+59475,KRX
20121121,-42250,5,-650,-1.52,267342,3947,1306,--2641,--3492,92015,30600,--61415,--81135,KRX
20121120,+42900,2,+1000,+2.39,248174,1464,2315,+851,+376,34110,53830,+19720,+8581,KRX
20121119,+41900,2,+100,+0.24,194630,1603,2078,+475,+2703,38051,49190,+11139,+63604,KRX
20121116,-41800,5,-1050,-2.45,374345,5086,2858,--2228,--1581,120375,67910,--52465,--37289,KRX
20121115,-42850,5,-800,-1.83,269005,3113,2466,--647,+419,72634,57458,--15176,+8826,KRX
20121114,+43650,2,+1650,+3.93,871847,5358,4292,--1066,--2984,122100,98098,--24002,--68771,KRX
20121113,-42000,5,-50,-0.12,596811,2843,4761,+1918,--1513,67521,112290,+44769,--36431,KRX
20121112,-42050,5,-1850,-4.21,624760,614,4045,+3431,+2823,14270,95470,+81200,+67230,KRX
20121109,-43900,5,-1850,-4.04,732114,4885,5493,+608,+3494,110360,124330,+13970,+77089,KRX
20121108,-45750,5,-950,-2.03,290737,4788,1902,--2886,--2350,104670,41551,--63119,--51368,KRX
20121107,+46700,2,+550,+1.19,257222,3160,2624,--536,+540,68231,56480,--11751,+11668,KRX
20121106,+46150,2,+400,+0.87,331533,2661,1585,--1076,--1517,57819,34400,--23419,--33074,KRX
20121105,+45750,2,+50,+0.11,212594,1486,1927,+441,--561,32490,42145,+9655,--12232,KRX
20121102,+45700,2,+350,+0.77,405596,2322,3324,+1002,+462,50843,72730,+21887,+9652,KRX
20121101,-45350,5,-1350,-2.89,691305,5150,5690,+540,--147,113165,125400,+12235,--2528,KRX
20121031,-46700,5,-1300,-2.71,657289,2700,3387,+687,+2887,57222,71985,+14763,+60634,KRX
20121030,-48000,5,-500,-1.03,453890,5603,3403,--2200,--4952,116681,70810,--45871,--102341,KRX
20121029,-48500,5,-1000,-2.02,488476,1564,4316,+2752,+2129,31970,88440,+56470,+44083,KRX
20121026,-49500,5,-1100,-2.17,647381,2712,3335,+623,+1111,54634,67021,+12387,+22113,KRX
20121025,+50600,2,+100,+0.20,235589,2372,1884,--488,+268,46991,37265,--9726,+5119,KRX
20121024,-50500,5,-700,-1.37,420636,5624,4868,--756,--226,111009,96164,--14845,--4496,KRX
20121023,-51200,5,-200,-0.39,231805,2337,1807,--530,+1074,45485,35136,--10349,+20830,KRX
20121022,-51400,5,-1000,-1.91,386849,3591,1987,--1604,--277,69795,38616,--31179,--5828,KRX
20121019,+52400,2,+100,+0.19,380584,4799,3472,--1327,+1086,91602,66251,--25351,+21025,KRX
20121018,-52300,5,-200,-0.38,448005,5653,3240,--2413,--2967,108505,62129,--46376,--57028,KRX
20121017,52500,3,0,0.00,440630,2866,3420,+554,--869,54563,65215,+10652,--16611,KRX
20121016,-52500,5,-700,-1.32,378750,1338,2761,+1423,+1073,25481,52744,+27263,+20528,KRX
20121015,-53200,5,-900,-1.66,343046,2752,3102,+350,+161,51712,58447,+6735,+3228,KRX
20121012,-54100,5,-100,-0.18,167424,1454,1643,+189,+1095,26940,30447,+3507,+20241,KRX
20121011,-54200,5,-200,-0.37,180676,3094,2188,--906,--1455,56971,40237,--16734,--26802,KRX
20121010,-54400,5,-1100,-1.98,540690,1553,2102,+549,--1517,28415,38483,+10068,--27246,KRX
20121009,-55500,5,-400,-0.72,455000,1816,3882,+2066,+3236,32825,70139,+37314,+58080,KRX
20121008,-55900,5,-600,-1.06,321267,2509,1339,--1170,+393,44623,23857,--20766,+6826,KRX
20121005,+56500,2,+300,+0.53,348470,3467,1904,--1563,--5191,61268,33676,--27592,--92129,KRX
20121004,+56200,2,+500,+0.90,249034,976,4604,+3628,+2261,17365,81902,+64537,+40017,KRX
20121002,-55700,5,-300,-0.54,308027,1724,3091,+1367,--1527,30967,55487,+24520,--27183,KRX
20120928,-56000,5,-400,-0.71,364660,1360,4254,+2894,+1931,24202,75905,+51703,+34624,KRX
20120927,-56400,5,-1000,-1.74,416298,1717,2680,+963,--626,30455,47534,+17079,--10726,KRX
20120926,57400,3,0,0.00,226403,1533,3122,+1589,--59,26781,54586,+27805,--894,KRX
20120925,-57400,5,-900,-1.54,419882,1045,2693,+1648,+1426,18191,46890,+28699,+24939,KRX
20120924,-58300,5,-200,-0.34,447796,1787,2009,+222,--3632,30847,34607,+3760,--62126,KRX
20120921,+58500,2,+100,+0.17,493730,1767,5621,+3854,+2512,30260,96146,+65886,+42932,KRX
20120920,-58400,5,-400,-0.68,505190,1616,2958,+1342,--5564,27460,50414,+22954,--95041,KRX
20120919,-58800,5,-700,-1.18,1161702,2390,9296,+6906,+9107,40868,158863,+117995,+154804,KRX
20120918,-59500,5,-3100,-4.95,1807457,7282,5081,--2201,--6204,121824,85015,--36809,--100300,KRX
20120917,+62600,2,+1600,+2.62,560481,3634,7637,+4003,--4590,58212,121703,+63491,--77486,KRX
20120914,+61000,2,+1500,+2.52,582036,3056,11649,+8593,+6357,50047,191024,+140977,+103455,KRX
20120913,-59500,5,-500,-0.83,359002,2939,5175,+2236,--861,49438,86960,+37522,--14226,KRX
20120912,+60000,2,+600,+1.01,325731,1203,4300,+3097,+4926,20148,71896,+51748,+82546,KRX
20120911,-59400,5,-800,-1.33,247367,3565,1736,--1829,--3032,60097,29299,--30798,--50605,KRX
20120910,+60200,2,+200,+0.33,245474,835,2038,+1203,--623,13811,33618,+19807,--10479,KRX
20120907,+60000,2,+1000,+1.69,350783,2761,4587,+1826,+1853,45950,76236,+30286,+30775,KRX
20120906,-59000,5,-300,-0.51,204550,2401,2374,--27,+863,40767,40278,--489,+14549,KRX
20120905,-59300,5,-700,-1.17,235501,3647,2757,--890,--679,61551,46513,--15038,--11491,KRX
20120904,+60000,2,+900,+1.52,287090,2469,2258,--211,--1455,41191,37644,--3547,--24500,KRX
20120903,-59100,5,-100,-0.17,222558,2322,3566,+1244,+619,39440,60393,+20953,+10413,KRX
20120831,+59200,2,+300,+0.51,225796,3033,3658,+625,--412,51457,61997,+10540,--7264,KRX
20120830,-58900,5,-1200,-2.00,422964,2289,3326,+1037,+48,38762,56566,+17804,+1336,KRX
20120829,-60100,5,-500,-0.83,333194,2232,3221,+989,+1539,37176,53644,+16468,+25575,KRX
20120828,-60600,5,-200,-0.33,179575,2258,1708,--550,--3994,37207,28100,--9107,--65816,KRX
20120827,+60800,2,+900,+1.50,226786,1663,5107,+3444,+1590,27388,84097,+56709,+25942,KRX
20120824,-59900,5,-300,-0.50,448887,3909,5763,+1854,--2530,65133,95900,+30767,--41498,KRX
20120823,-60200,5,-2500,-3.99,1073605,4802,9186,+4384,+2299,79206,151471,+72265,+38881,KRX
20120822,-62700,5,-1000,-1.57,413327,2905,4990,+2085,+601,46455,79839,+33384,+10294,KRX
20120821,-63700,5,-200,-0.31,227851,2991,4475,+1484,--202,46893,69983,+23090,--3196,KRX
20120820,-63900,5,-500,-0.78,232907,2302,3988,+1686,+418,35967,62253,+26286,+6447,KRX
20120817,+64400,2,+100,+0.16,329299,3623,4891,+1268,--846,56501,76340,+19839,--12804,KRX
20120816,-64300,5,-300,-0.46,235326,1747,3861,+2114,--805,27078,59721,+32643,--12799,KRX
20120814,+64600,2,+1600,+2.54,462632,2957,5876,+2919,+1699,45929,91371,+45442,+26077,KRX
20120813,-63000,5,-100,-0.16,193460,2342,3562,+1220,--2850,37218,56583,+19365,--44979,KRX
20120810,-63100,5,-500,-0.79,315354,2599,6669,+4070,--3936,41101,105445,+64344,--61735,KRX
20120809,+63600,2,+700,+1.11,332821,4277,12283,+8006,+5679,67350,193429,+126079,+89462,KRX
20120808,-62900,5,-200,-0.32,357058,2874,5201,+2327,+1389,45396,82013,+36617,+21824,KRX
20120807,+63100,2,+600,+0.96,251791,1357,2295,+938,--860,21478,36271,+14793,--13744,KRX
20120806,+62500,2,+500,+0.81,279344,1934,3732,+1798,+4896,30781,59318,+28537,+78224,KRX
20120803,-62000,5,-500,-0.80,403759,5121,2023,--3098,--5566,82031,32344,--49687,--89130,KRX
20120802,+62500,2,+1900,+3.14,721740,2339,4807,+2468,+1773,37370,76813,+39443,+27994,KRX
20120801,-60600,5,-100,-0.16,161124,2198,2893,+695,--2928,36273,47722,+11449,--48268,KRX
20120731,+60700,2,+1200,+2.02,357535,3850,7473,+3623,+6415,63631,123348,+59717,+106705,KRX
20120730,-59500,5,-200,-0.34,188022,3748,956,--2792,--5558,63027,16039,--46988,--93352,KRX
20120727,+59700,2,+1800,+3.11,446307,2188,4954,+2766,+2010,36729,83093,+46364,+33233,KRX
20120726,+57900,2,+1000,+1.76,321359,2743,3499,+756,--732,47667,60798,+13131,--13172,KRX
20120725,-56900,5,-400,-0.70,177348,1524,3012,+1488,+2183,26985,53288,+26303,+38451,KRX
20120724,-57300,5,-800,-1.38,250115,4555,3860,--695,--1407,79447,67299,--12148,--24349,KRX
20120723,-58100,5,-600,-1.02,170237,1837,2549,+712,+1660,31864,44065,+12201,+28253,KRX
20120720,+58700,2,+100,+0.17,217790,3244,2296,--948,--2198,54847,38795,--16052,--37163,KRX
20120719,+58600,2,+1900,+3.35,442480,2410,3660,+1250,--3,41104,62215,+21111,--969,KRX
20120718,-56700,5,-1000,-1.73,195372,2056,3309,+1253,--278,36099,58179,+22080,--4288,KRX
20120717,-57700,5,-600,-1.03,197430,1835,3366,+1531,+2090,31621,57989,+26368,+36115,KRX
20120716,+58300,2,+1100,+1.92,245512,3019,2460,--559,--3506,51971,42224,--9747,--61744,KRX
20120713,+57200,2,+1100,+1.96,329369,3507,6454,+2947,+4154,61670,113667,+51997,+73859,KRX
20120712,-56100,5,-2300,-3.94,469182,4587,3380,--1207,+2230,81298,59436,--21862,+37423,KRX
20120711,-58400,5,-1300,-2.18,427854,5630,2193,--3437,--5334,97046,37761,--59285,--91080,KRX
20120710,+59700,2,+400,+0.67,172979,1681,3578,+1897,+359,28167,59962,+31795,+5984,KRX
20120709,-59300,5,-600,-1.00,209710,1703,3241,+1538,+75,28478,54289,+25811,+1485,KRX
20120706,-59900,5,-700,-1.16,174068,1600,3063,+1463,+960,26642,50968,+24326,+16023,KRX
20120705,+60600,2,+400,+0.66,298896,1503,2006,+503,--930,24719,33022,+8303,--15533,KRX
20120704,-60200,5,-100,-0.17,369968,2537,3970,+1433,+1404,42201,66037,+23836,+23088,KRX
20120703,+60300,2,+2000,+3.43,657752,4510,4539,+29,+2618,74837,75585,+748,+44845,KRX
20120702,+58300,2,+800,+1.39,490494,3705,1116,--2589,--3442,63100,19003,--44097,--59195,KRX
20120629,+57500,2,+1700,+3.05,500678,5852,6705,+853,--130,102107,117205,+15098,--2307,KRX
20120628,+55800,2,+1100,+2.01,328109,2459,3442,+983,+1322,43793,61198,+17405,+23622,KRX
20120627,54700,3,0,0.00,161128,3350,3011,--339,+2399,61336,55119,--6217,+43741,KRX
20120626,-54700,5,-700,-1.26,157019,4611,1873,--2738,--1570,84087,34129,--49958,--28595,KRX
20120625,+55400,2,+100,+0.18,154840,3748,2580,--1168,+178,68036,46673,--21363,+3050,KRX
20120622,-55300,5,-1100,-1.95,211476,3560,2214,--1346,--1532,64446,40033,--24413,--27740,KRX
20120621,+56400,2,+100,+0.18,250123,2885,3071,+186,--1570,50896,54223,+3327,--27701,KRX
20120620,+56300,2,+1000,+1.81,328194,2102,3858,+1756,+2586,37397,68425,+31028,+46225,KRX
20120619,55300,3,0,0.00,175535,3053,2223,--830,--2996,55592,40395,--15197,--54257,KRX
20120618,+55300,2,+900,+1.65,263591,2467,4633,+2166,+750,44477,83537,+39060,+13203,KRX
20120615,-54400,5,-900,-1.63,188888,1829,3245,+1416,--1497,33591,59448,+25857,--26925,KRX
20120614,+55300,2,+800,+1.47,320978,6784,9697,+2913,+2005,123089,175871,+52782,+36117,KRX
20120613,+54500,2,+200,+0.37,315442,1764,2672,+908,+468,32352,49017,+16665,+8487,KRX
20120612,+54300,2,+300,+0.56,189923,1212,1652,+440,--1983,22382,30560,+8178,--36763,KRX
20120611,+54000,2,+1500,+2.86,350364,1936,4359,+2423,+2086,36002,80943,+44941,+38564,KRX
20120608,+52500,2,+100,+0.19,154498,2140,2477,+337,--947,40652,47029,+6377,--18007,KRX
20120607,+52400,2,+900,+1.75,223660,2059,3343,+1284,+404,39184,63568,+24384,+7242,KRX
20120605,+51500,2,+800,+1.58,158663,2871,3751,+880,+2674,56101,73243,+17142,+52466,KRX
20120604,-50700,5,-2200,-4.16,422487,7670,5876,--1794,--1327,150992,115668,--35324,--26464,KRX
20120601,-52900,5,-1100,-2.04,287931,3833,3366,--467,--2203,72716,63856,--8860,--40528,KRX
20120531,+54000,2,+700,+1.31,560579,18736,20472,+1736,+3337,351141,382809,+31668,+61781,KRX
20120530,-53300,5,-400,-0.74,159364,4330,2729,--1601,--3800,81387,51274,--30113,--71053,KRX
20120529,+53700,2,+500,+0.94,280609,2974,5173,+2199,+3806,55511,96451,+40940,+71145,KRX
20120525,+53200,2,+400,+0.76,292233,3580,1973,--1607,--6099,67201,36996,--30205,--116200,KRX
20120524,+52800,2,+2200,+4.35,396434,1724,6216,+4492,+5154,33078,119073,+85995,+99022,KRX
20120523,-50600,5,-1000,-1.94,186429,3419,2757,--662,+1031,67348,54321,--13027,+20603,KRX
20120522,+51600,2,+1400,+2.79,404417,6422,4729,--1693,--2021,126660,93030,--33630,--40205,KRX
20120521,-50200,5,-700,-1.38,245165,2623,2951,+328,+3554,52026,58601,+6575,+69615,KRX
20120518,-50900,5,-1400,-2.68,325875,6660,3434,--3226,--2401,130164,67124,--63040,--47267,KRX
20120517,+52300,2,+1100,+2.15,246691,6415,5590,--825,--1804,123030,107257,--15773,--34369,KRX
20120516,-51200,5,-300,-0.58,297768,4781,5760,+979,+628,92558,111154,+18596,+11889,KRX
20120515,-51500,5,-1100,-2.09,375398,3139,3490,+351,--550,60985,67692,+6707,--10441,KRX
20120514,+52600,2,+200,+0.38,177298,2729,3630,+901,+2410,51962,69110,+17148,+45579,KRX
20120511,-52400,5,-1500,-2.78,390783,4617,3108,--1509,+441,87478,59047,--28431,+7932,KRX
20120510,-53900,5,-500,-0.92,313680,4884,2934,--1950,--1094,90915,54552,--36363,--20517,KRX
20120509,-54400,5,-1100,-1.98,382381,3878,3022,--856,+6915,71429,55583,--15846,+123810,KRX
20120508,-55500,5,-100,-0.18,275791,8993,1222,--7771,--5397,161634,21978,--139656,--96681,KRX
20120507,+55600,2,+600,+1.09,361615,5223,2849,--2374,--1033,94413,51438,--42975,--18514,KRX
20120504,+55000,2,+600,+1.10,265166,2739,1398,--1341,--1655,49920,25459,--24461,--30116,KRX
20120503,-54400,5,-400,-0.73,255278,1816,2130,+314,+544,33615,39270,+5655,+9829,KRX
20120502,+54800,2,+1500,+2.81,417916,3595,3365,--230,+1396,65655,61481,--4174,+26364,KRX
20120430,-53300,5,-1300,-2.38,486390,4489,2863,--1626,--3852,84174,53636,--30538,--71057,KRX
20120427,+54600,2,+1700,+3.21,580363,4678,6904,+2226,--2508,85637,126156,+40519,--48500,KRX
20120426,-52900,5,-700,-1.31,469541,1597,6331,+4734,+3039,30013,119032,+89019,+57452,KRX
20120425,-53600,5,-1300,-2.37,596470,4101,5796,+1695,--663,75964,107531,+31567,--11272,KRX
20120424,-54900,5,-700,-1.26,307606,2625,4983,+2358,--1508,47784,90623,+42839,--26630,KRX
20120423,+55600,2,+400,+0.72,240396,989,4855,+3866,--555,17789,87258,+69469,--9647,KRX
20120420,-55200,5,-1800,-3.16,578928,2252,6673,+4421,+4630,40736,119852,+79116,+82767,KRX
20120419,-57000,5,-1300,-2.23,318461,2908,2699,--209,+2246,50756,47105,--3651,+38490,KRX
20120418,+58300,2,+300,+0.52,266282,5179,2724,--2455,--1367,88948,46807,--42141,--23308,KRX
20120417,+58000,2,+300,+0.52,210167,3224,2136,--1088,+287,55867,37034,--18833,+5139,KRX
20120416,-57700,5,-700,-1.20,196258,2864,1489,--1375,--544,49842,25870,--23972,--9863,KRX
20120413,+58400,2,+700,+1.21,331162,3665,2834,--831,--2025,62462,48353,--14109,--34728,KRX
20120412,+57700,2,+500,+0.87,249615,2927,4121,+1194,+677,50810,71429,+20619,+11024,KRX
20120410,-57200,5,-600,-1.04,438436,5110,5627,+517,--2574,88787,98382,+9595,--43567,KRX
20120409,-57800,5,-2400,-3.99,570932,3478,6569,+3091,+5934,59798,112960,+53162,+100205,KRX
20120406,-60200,5,-600,-0.99,270035,4715,1872,--2843,--4648,78027,30984,--47043,--76917,KRX
20120405,+60800,2,+400,+0.66,260644,1514,3319,+1805,+2032,25066,54940,+29874,+33541,KRX
20120404,-60400,5,-1300,-2.11,439223,5928,5701,--227,--9289,97973,94306,--3667,--149509,KRX
20120403,-61700,5,-1800,-2.83,861707,5910,14972,+9062,+10478,95073,240915,+145842,+168146,KRX
20120402,-63500,5,-300,-0.47,225052,4925,3509,--1416,--3507,77442,55138,--22304,--55165,KRX
20120330,+63800,2,+700,+1.11,233775,5185,7276,+2091,+3311,81406,114267,+32861,+51832,KRX
20120329,-63100,5,-700,-1.10,423591,4664,3444,--1220,--527,73446,54475,--18971,--8452,KRX
20120328,-63800,5,-300,-0.47,321212,3642,2949,--693,--3003,56343,45824,--10519,--46543,KRX
20120327,+64100,2,+1200,+1.91,481781,3708,6018,+2310,+4524,57497,93521,+36024,+70449,KRX
20120326,-62900,5,-1400,-2.18,336970,3951,1737,--2214,+3023,61659,27234,--34425,+46837,KRX
20120323,+64300,2,+1100,+1.74,533278,7658,2421,--5237,--2188,119033,37771,--81262,--32921,KRX
20120322,-63200,5,-700,-1.10,351373,5290,2241,--3049,--747,83802,35461,--48341,--12172,KRX
20120321,-63900,5,-400,-0.62,429539,7470,5168,--2302,--312,117120,80951,--36169,--5621,KRX
20120320,-64300,5,-2100,-3.16,877337,7966,5976,--1990,+1128,123778,93230,--30548,+16505,KRX
20120319,-66400,5,-300,-0.45,430436,5659,2541,--3118,--4275,85350,38297,--47053,--64369,KRX
20120316,+66700,2,+300,+0.45,193348,2095,3252,+1157,--609,31417,48733,+17316,--9220,KRX
20120315,+66400,2,+100,+0.15,263215,2321,4087,+1766,--1614,34914,61450,+26536,--24073,KRX
20120314,-66300,5,-500,-0.75,657812,4903,8283,+3380,--4788,73519,124128,+50609,--71594,KRX
20120313,-66800,5,-1400,-2.05,1179083,3555,11723,+8168,+9661,53433,175636,+122203,+142915,KRX
20120312,-68200,5,-3500,-4.88,818336,5483,3990,--1493,+667,78642,57930,--20712,+9571,KRX
20120309,+71700,2,+400,+0.56,239747,4956,2796,--2160,--308,69246,38963,--30283,--4211,KRX
20120308,+71300,2,+1400,+2.00,335394,8178,6326,--1852,+7418,114829,88757,--26072,+106060,KRX
20120307,-69900,5,-1000,-1.41,328472,11185,1915,--9270,--11360,159457,27325,--132132,--161255,KRX
20120306,+70900,2,+700,+1.00,443261,4815,6905,+2090,+6205,67596,96719,+29123,+87421,KRX
20120305,-70200,5,-1600,-2.23,312310,6185,2070,--4115,--3520,87651,29353,--58298,--50048,KRX
20120302,+71800,2,+1200,+1.70,382892,6544,5949,--595,+5482,91400,83150,--8250,+76907,KRX
20120229,-70600,5,-900,-1.26,447791,9235,3158,--6077,--3156,129594,44437,--85157,--44235,KRX
20120228,+71500,2,+1400,+2.00,473185,6335,3414,--2921,+4859,88719,47797,--40922,+68530,KRX
20120227,-70100,5,-1200,-1.68,437815,10819,3039,--7780,--7358,152390,42938,--109452,--103263,KRX
20120224,+71300,2,+2300,+3.33,595427,5695,5273,--422,--1829,80406,74217,--6189,--26514,KRX
20120223,69000,3,0,0.00,365944,3382,4789,+1407,+3461,48831,69156,+20325,+50122,KRX
20120222,-69000,5,-900,-1.29,377316,4045,1991,--2054,--1464,58686,28889,--29797,--21220,KRX
20120221,-69900,5,-700,-0.99,364732,4265,3675,--590,--4038,61230,52653,--8577,--57847,KRX
20120220,+70600,2,+1200,+1.73,892354,5388,8836,+3448,--148,76546,125816,+49270,--1714,KRX
20120217,-69400,5,-4500,-6.09,2710147,8444,12040,+3596,+6010,119232,170216,+50984,+83079,KRX
20120216,-73900,5,-2600,-3.40,492643,7151,4737,--2414,--4300,95804,63709,--32095,--56714,KRX
20120215,+76500,2,+200,+0.26,237877,2685,4571,+1886,+3864,35208,59827,+24619,+50641,KRX
20120214,-76300,5,-200,-0.26,302434,6023,4045,--1978,+1404,79152,53130,--26022,+17858,KRX
20120213,-76500,5,-600,-0.78,346034,8047,4665,--3382,+953,104332,60452,--43880,+12187,KRX
20120210,+77100,2,+400,+0.52,640426,8452,4117,--4335,--4614,109285,53218,--56067,--59432,KRX
20120209,+76700,2,+1200,+1.59,514165,4040,4319,+279,--3836,53302,56667,+3365,--51734,KRX
20120208,+75500,2,+1300,+1.75,622989,3034,7149,+4115,+2235,40342,95441,+55099,+29721,KRX
20120207,-74200,5,-800,-1.07,364090,3591,5471,+1880,+1069,48190,73568,+25378,+14429,KRX
20120206,+75000,2,+2600,+3.59,1298495,7670,8481,+811,--70,101727,112676,+10949,--1221,KRX
20120203,+72400,2,+700,+0.98,510300,3196,4077,+881,--2329,44311,56481,+12170,--32749,KRX
20120202,+71700,2,+2000,+2.87,965041,5718,8928,+3210,+3840,79777,124696,+44919,+53970,KRX
20120201,+69700,2,+2200,+3.26,780608,7569,6939,--630,--2436,108939,99888,--9051,--35816,KRX
20120131,+67500,2,+700,+1.05,272869,4781,6587,+1806,+1599,71130,97895,+26765,+23637,KRX
20120130,-66800,5,-900,-1.33,304364,4214,4421,+207,--1978,63343,66471,+3128,--29215,KRX
20120127,-67700,5,-200,-0.29,216172,2453,4638,+2185,--3880,36435,68778,+32343,--56883,KRX
20120126,+67900,2,+900,+1.34,270423,2775,8840,+6065,+1943,40889,130115,+89226,+28493,KRX
20120125,-67000,5,-1500,-2.19,371314,3405,7527,+4122,+3017,50337,111070,+60733,+44687,KRX
20120120,+68500,2,+800,+1.18,397955,6534,7639,+1105,--1918,95748,111794,+16046,--28715,KRX
20120119,+67700,2,+1800,+2.73,556430,3542,6565,+3023,+129,52158,96919,+44761,+624,KRX
20120118,+65900,2,+700,+1.07,257875,2398,5292,+2894,--2244,36603,80740,+44137,--34425,KRX
20120117,+65200,2,+100,+0.15,288105,3061,8199,+5138,+6015,47000,125562,+78562,+91954,KRX
20120116,-65100,5,-1800,-2.69,234992,2723,1846,--877,--1848,41759,28367,--13392,--27913,KRX
20120113,-66900,5,-100,-0.15,167730,3360,4331,+971,+1621,50316,64837,+14521,+24438,KRX
20120112,+67000,2,+800,+1.21,219694,2984,2334,--650,--3791,45083,35166,--9917,--56950,KRX
20120111,+66200,2,+600,+0.91,440067,3883,7024,+3141,--1163,58140,105173,+47033,--18452,KRX
20120110,+65600,2,+2600,+4.13,436194,2932,7236,+4304,+5076,44563,110048,+65485,+77681,KRX
20120109,-63000,5,-1500,-2.33,322256,3522,2750,--772,+667,55862,43666,--12196,+10229,KRX
20120106,-64500,5,-400,-0.62,173518,2763,1324,--1439,--5180,42991,20566,--22425,--79694,KRX
20120105,64900,3,0,0.00,228778,726,4467,+3741,+1397,11168,68437,+57269,+21396,KRX
20120104,-64900,5,-800,-1.22,361327,3521,5865,+2344,--2596,54297,90170,+35873,--39297,KRX
20120103,+65700,2,+1300,+2.02,311707,2228,7168,+4940,+6311,33869,109039,+75170,+96234,KRX
20120102,-64400,5,-700,-1.08,258681,3264,1893,--1371,--1995,50282,29218,--21064,--30728,KRX
20111229,-65100,5,-1400,-2.11,301353,4247,4871,+624,+1035,64935,74599,+9664,+15927,KRX
20111228,+66500,2,+800,+1.22,152746,3461,3050,--411,--3196,52170,45907,--6263,--48138,KRX
20111227,-65700,5,-1000,-1.50,222903,2134,4919,+2785,+298,32165,74040,+41875,+4731,KRX
20111226,-66700,5,-1000,-1.48,242113,1046,3533,+2487,--94,15606,52750,+37144,--803,KRX
20111223,-67700,5,-600,-0.88,282252,1686,4267,+2581,+966,24913,62860,+37947,+14088,KRX
20111222,-68300,5,-700,-1.01,199383,1356,2971,+1615,--206,19896,43755,+23859,--2484,KRX
20111221,+69000,2,+800,+1.17,221819,2828,4649,+1821,+926,40845,67188,+26343,+13209,KRX
20111220,+68200,2,+1200,+1.79,226627,1696,2591,+895,+1797,24886,38020,+13134,+25859,KRX
20111219,-67000,5,-3700,-5.23,668938,6629,5727,--902,+1018,97896,85171,--12725,+14403,KRX
20111216,+70700,2,+600,+0.86,445995,3575,1655,--1920,--1540,50481,23353,--27128,--21814,KRX
20111215,-70100,5,-400,-0.57,641272,6863,6483,--380,+901,97353,92039,--5314,+13063,KRX
20111214,+70500,2,+1100,+1.59,667504,5419,4138,--1281,+19,77731,59354,--18377,+352,KRX
20111213,+69400,2,+400,+0.58,767025,5371,4071,--1300,--2042,77365,58636,--18729,--29612,KRX
20111212,+69000,2,+3700,+5.67,922013,3410,4152,+742,+2007,50148,61031,+10883,+30341,KRX
20111209,-65300,5,-1300,-1.95,256215,5155,3890,--1265,--2613,78682,59224,--19458,--39695,KRX
20111208,-66600,5,-500,-0.75,275080,5829,7177,+1348,--3590,87504,107741,+20237,--53824,KRX
20111207,+67100,2,+1400,+2.13,305739,1423,6361,+4938,+2728,21268,95329,+74061,+40620,KRX
20111206,-65700,5,-1200,-1.79,232574,2819,5029,+2210,+610,42959,76400,+33441,+9310,KRX
20111205,-66900,5,-300,-0.45,227524,2063,3663,+1600,--4199,31081,55212,+24131,--62411,KRX
20111202,+67200,2,+500,+0.75,340231,1460,7259,+5799,--2449,21786,108328,+86542,--36833,KRX
20111201,+66700,2,+1600,+2.46,705627,2310,10558,+8248,+5214,34526,157901,+123375,+76436,KRX
20111130,+65100,2,+1600,+2.52,538116,4164,7198,+3034,+110,64233,111172,+46939,+1079,KRX
20111129,+63500,2,+900,+1.44,272940,3401,6325,+2924,+1409,53575,99435,+45860,+21649,KRX
20111128,+62600,2,+900,+1.46,178141,2879,4394,+1515,+2884,46096,70307,+24211,+46343,KRX
20111125,-61700,5,-100,-0.16,387540,5155,3786,--1369,--1234,84062,61930,--22132,--19882,KRX
20111124,-61800,5,-1000,-1.59,306481,3305,3170,--135,+4732,53596,51346,--2250,+74642,KRX
20111123,-62800,5,-1900,-2.94,279057,6556,1689,--4867,--4138,103710,26818,--76892,--65629,KRX
20111122,+64700,2,+1300,+2.05,292019,2272,1543,--729,+2492,35183,23920,--11263,+39263,KRX
20111121,-63400,5,-1400,-2.16,224275,4466,1245,--3221,+588,70059,19533,--50526,+8945,KRX
20111118,-64800,5,-600,-0.92,251735,6027,2218,--3809,--1529,93863,34392,--59471,--24072,KRX
20111117,+65400,2,+1600,+2.51,409961,5397,3117,--2280,+439,83246,47847,--35399,+7081,KRX
20111116,-63800,5,-700,-1.09,363525,5012,2293,--2719,--655,78050,35570,--42480,--10590,KRX
20111115,-64500,5,-500,-0.77,369085,4223,2159,--2064,--3810,65193,33303,--31890,--58639,KRX
20111114,+65000,2,+3000,+4.84,648892,2402,4148,+1746,+4407,37224,63973,+26749,+69611,KRX
20111111,+62000,2,+1000,+1.64,381790,5825,3164,--2661,--2851,93891,51029,--42862,--45536,KRX
20111110,-61000,5,-3400,-5.28,698664,6393,6583,+190,--1300,104769,107443,+2674,--20077,KRX
20111109,-64400,5,-1900,-2.87,824194,3251,4741,+1490,+718,50537,73288,+22751,+10943,KRX
20111108,-66300,5,-200,-0.30,442828,2650,3422,+772,--5386,40132,51940,+11808,--79944,KRX
20111107,+66500,2,+3400,+5.39,1590003,5863,12021,+6158,--330,87484,179236,+91752,--11427,KRX
20111104,+63100,2,+2800,+4.64,801183,1716,8204,+6488,+7439,27399,130578,+103179,+118967,KRX
20111103,+60300,2,+400,+0.67,867770,4193,3242,--951,--1139,68708,52920,--15788,--18154,KRX
20111102,+59900,2,+1100,+1.87,1112533,9227,9415,+188,+1777,156560,158926,+2366,+29447,KRX
20111101,-58800,5,-1200,-2.00,613563,4913,3324,--1589,--2215,83856,56775,--27081,--37395,KRX
20111031,-60000,5,-300,-0.50,391905,3409,4035,+626,--8318,56592,66906,+10314,--137188,KRX
20111028,+60300,2,+1400,+2.38,914660,4675,13619,+8944,+6676,77294,224796,+147502,+109212,KRX
20111027,+58900,2,+500,+0.86,664955,1475,3743,+2268,+229,24898,63188,+38290,+3163,KRX
20111026,+58400,2,+400,+0.69,342785,2528,4567,+2039,+337,43469,78596,+35127,+6132,KRX
20111025,+58000,2,+700,+1.22,737319,3722,5424,+1702,--2556,63425,92420,+28995,--45418,KRX
20111024,+57300,2,+1800,+3.24,566773,1827,6085,+4258,+4965,31907,106320,+74413,+87202,KRX
20111021,+55500,2,+900,+1.65,462949,2931,2224,--707,+778,53284,40495,--12789,+13669,KRX
20111020,-54600,5,-700,-1.27,500346,3359,1874,--1485,--2333,60333,33875,--26458,--41877,KRX
20111019,-55300,5,-600,-1.07,312213,1966,2814,+848,+425,35304,50723,+15419,+7817,KRX
20111018,-55900,5,-1600,-2.78,440596,2461,2884,+423,--446,44190,51792,+7602,--7504,KRX
20111017,-57500,5,-500,-0.86,374722,2470,3339,+869,--1567,42776,57882,+15106,--27956,KRX
20111014,+58000,2,+1500,+2.65,361059,2035,4471,+2436,+3658,35736,78798,+43062,+64836,KRX
20111013,-56500,5,-500,-0.88,620370,5129,3907,--1222,+237,90545,68771,--21774,+4099,KRX
20111012,+57000,2,+200,+0.35,543282,4275,2816,--1459,--1807,75628,49755,--25873,--31941,KRX
20111011,+56800,2,+100,+0.18,587243,2202,2550,+348,+1789,38176,44244,+6068,+31144,KRX
20111010,+56700,2,+400,+0.71,463583,3876,2435,--1441,--2235,67918,42842,--25076,--39285,KRX
20111007,+56300,2,+2300,+4.26,707111,4172,4966,+794,+135,74301,88510,+14209,+1788,KRX
20111006,+54000,2,+2200,+4.25,432365,3509,4168,+659,--259,65296,77717,+12421,--5481,KRX
20111005,-51800,5,-2100,-3.90,622593,4862,5780,+918,+4347,92744,110646,+17902,+83832,KRX
20111004,-53900,5,-2300,-4.09,549282,8157,4728,--3429,--3522,155979,90049,--65930,--67653,KRX
20110930,+56200,2,+100,+0.18,406691,5736,5829,+93,+482,102657,104380,+1723,+9547,KRX
20110929,+56100,2,+2700,+5.06,732706,4797,4408,--389,+3307,87507,79683,--7824,+60883,KRX
20110928,+53400,2,+700,+1.33,569688,7219,3523,--3696,--6127,134168,65461,--68707,--114936,KRX
20110927,+52700,2,+1700,+3.33,389400,2483,4914,+2431,--1540,47508,93737,+46229,--32026,KRX
20110926,-51000,5,-1100,-2.11,520072,2135,6106,+3971,+8327,41908,120163,+78255,+159910,KRX
20110923,-52100,5,-3900,-6.96,559514,7407,3051,--4356,--4327,139127,57472,--81655,--80686,KRX
20110922,-56000,5,-100,-0.18,750325,6293,6264,--29,--1228,113995,113026,--969,--21967,KRX
20110921,+56100,2,+1100,+2.00,603352,3319,4518,+1199,+376,59395,80393,+20998,+5877,KRX
20110920,+55000,2,+1000,+1.85,431992,3407,4230,+823,+1372,62962,78083,+15121,+25358,KRX
20110919,+54000,2,+300,+0.56,461781,2782,2233,--549,--7406,51533,41296,--10237,--139171,KRX
20110916,+53700,2,+3000,+5.92,648084,1576,8433,+6857,+6907,29577,158511,+128934,+130115,KRX
20110915,50700,3,0,0.00,500911,3809,3759,--50,+99,74540,73359,--1181,+1352,KRX
20110914,-50700,5,-1600,-3.06,498674,4518,4369,--149,+2018,88112,85579,--2533,+38883,KRX
20110909,-52300,5,-1300,-2.43,305802,4412,2245,--2167,--3623,84158,42742,--41416,--68499,KRX
20110908,-53600,5,-500,-0.92,403901,3048,4504,+1456,+184,56940,84023,+27083,+2721,KRX
20110907,+54100,2,+2800,+5.46,392012,3758,5030,+1272,+2686,70941,95303,+24362,+51726,KRX
20110906,-51300,5,-1500,-2.84,500646,3043,1629,--1414,--1406,58978,31614,--27364,--27431,KRX
20110905,-52800,5,-2500,-4.52,410156,4027,4019,--8,+496,75278,75345,+67,+9179,KRX
20110902,+55300,2,+300,+0.55,398803,3205,2701,--504,--2306,57713,48601,--9112,--40232,KRX
20110901,+55000,2,+200,+0.36,802522,6611,8413,+1802,+315,117910,149030,+31120,+3780,KRX
20110831,54800,3,0,0.00,581930,3500,4987,+1487,+2850,64567,91907,+27340,+52098,KRX
20110830,-54800,5,-500,-0.90,514660,4869,3506,--1363,--661,88848,64090,--24758,--11566,KRX
20110829,+55300,2,+2400,+4.54,500613,4422,3720,--702,--1421,80964,67772,--13192,--26767,KRX
20110826,+52900,2,+400,+0.76,251576,2698,3417,+719,+2101,51133,64708,+13575,+39854,KRX
20110825,+52500,2,+500,+0.96,206625,3552,2170,--1382,+1770,67301,41022,--26279,+33180,KRX
20110824,-52000,5,-800,-1.52,349029,6187,3035,--3152,--2054,117120,57661,--59459,--38578,KRX
20110823,+52800,2,+2100,+4.14,573603,5657,4559,--1098,--3569,108447,87566,--20881,--69703,KRX
20110822,+50700,2,+300,+0.60,417594,4033,6504,+2471,--2450,79584,128406,+48822,--46985,KRX
20110819,-50400,5,-3200,-5.97,658441,2787,7708,+4921,+4372,54282,150089,+95807,+85064,KRX
20110818,-53600,5,-2600,-4.63,680160,4173,4722,+549,--2344,76283,87026,+10743,--40915,KRX
20110817,+56200,2,+200,+0.36,634367,3784,6677,+2893,+2684,67549,119207,+51658,+47779,KRX
20110816,+56000,2,+1200,+2.19,757114,4069,4278,+209,+549,72004,75883,+3879,+9822,KRX
20110812,+54800,2,+600,+1.11,594963,5730,5390,--340,--533,104240,98297,--5943,--9358,KRX
20110811,-54200,5,-1000,-1.81,1117412,7187,7380,+193,+10590,133927,137342,+3415,+185771,KRX
20110810,-55200,5,-200,-0.36,681628,16234,5837,--10397,--8370,285916,103560,--182356,--145290,KRX
20110809,-55400,5,-2300,-3.99,1219544,16131,14104,--2027,--1974,301511,264445,--37066,--36644,KRX
20110808,-57700,5,-2100,-3.51,758562,10817,10764,--53,--2121,186351,185929,--422,--35640,KRX
20110805,-59800,5,-2200,-3.55,763558,7641,9709,+2068,--245,129341,164559,+35218,--2322,KRX
20110804,-62000,5,-1500,-2.36,550374,3886,6199,+2313,+3312,61444,98984,+37540,+53214,KRX
20110803,-63500,5,-1900,-2.91,537843,7229,6230,--999,--7548,114050,98376,--15674,--116225,KRX
20110802,-65400,5,-1800,-2.68,652429,4235,10784,+6549,+461,64140,164691,+100551,+8990,KRX
20110801,-67200,5,-400,-0.59,697619,2225,8313,+6088,+7147,33316,124877,+91561,+107113,KRX
20110729,-67600,5,-800,-1.17,283641,3657,2598,--1059,--2990,53903,38351,--15552,--43697,KRX
20110728,+68400,2,+200,+0.29,435769,2019,3950,+1931,--2240,29582,57727,+28145,--32704,KRX
20110727,+68200,2,+1100,+1.64,427437,2348,6519,+4171,+1706,34545,95394,+60849,+24760,KRX
20110726,-67100,5,-1300,-1.90,825853,8059,10524,+2465,+4101,118786,154875,+36089,+59908,KRX
20110725,+68400,2,+500,+0.74,582467,4372,2736,--1636,--4013,63607,39788,--23819,--58840,KRX
20110722,+67900,2,+400,+0.59,471412,4328,6705,+2377,+2054,63997,99018,+35021,+30205,KRX
20110721,+67500,2,+300,+0.45,367424,5180,5503,+323,--195,77339,82155,+4816,--2952,KRX
20110720,+67200,2,+1400,+2.13,659279,2724,3242,+518,+3076,40637,48405,+7768,+46654,KRX
20110719,-65800,5,-600,-0.90,377739,4954,2396,--2558,+3439,75261,36375,--38886,+51345,KRX
20110718,+66400,2,+500,+0.76,819551,7050,1053,--5997,--4775,106052,15821,--90231,--71658,KRX
20110715,+65900,2,+1900,+2.97,827733,4407,3185,--1222,+2880,66772,48199,--18573,+46100,KRX
20110714,+64000,2,+2200,+3.56,777311,9077,4975,--4102,--5822,142994,78321,--64673,--92736,KRX
20110713,61800,3,0,0.00,536706,4882,6602,+1720,+257,79234,107297,+28063,+4639,KRX
20110712,-61800,5,-2100,-3.29,408068,1822,3285,+1463,--1664,29286,52710,+23424,--25341,KRX
20110711,+63900,2,+100,+0.16,377278,1600,4727,+3127,--2340,24981,73746,+48765,--37001,KRX
20110708,+63800,2,+700,+1.11,646082,3231,8698,+5467,+1657,50670,136436,+85766,+25260,KRX
20110707,-63100,5,-700,-1.10,790781,2797,6607,+3810,+3397,44346,104852,+60506,+53975,KRX
20110706,+63800,2,+1400,+2.24,670870,2316,2729,+413,+527,36519,43050,+6531,+8290,KRX
20110705,+62400,2,+500,+0.81,673974,3968,3854,--114,+1462,63485,61726,--1759,+23742,KRX
20110704,+61900,2,+1400,+2.31,723529,5459,3883,--1576,--803,88035,62534,--25501,--12022,KRX
20110701,+60500,2,+4000,+7.08,1584112,5759,4986,--773,--1130,96354,82875,--13479,--19745,KRX
20110630,+56500,2,+100,+0.18,424046,3561,3918,+357,--2030,62988,69254,+6266,--35951,KRX
20110629,+56400,2,+800,+1.44,337590,1685,4072,+2387,+703,29892,72109,+42217,+12513,KRX
20110628,-55600,5,-700,-1.24,278305,1795,3479,+1684,+3135,31959,61663,+29704,+55552,KRX
20110627,56300,3,0,0.00,304035,3791,2340,--1451,--5260,67195,41347,--25848,--93548,KRX
20110624,+56300,2,+1000,+1.81,453493,1391,5200,+3809,+666,24663,92363,+67700,+10833,KRX
20110623,+55300,2,+100,+0.18,498022,1850,4993,+3143,+3306,33719,90586,+56867,+60070,KRX
20110622,+55200,2,+700,+1.28,328853,3593,3430,--163,--1943,65168,61965,--3203,--36090,KRX
20110621,+54500,2,+1000,+1.87,386850,2462,4242,+1780,+3162,45380,78267,+32887,+58229,KRX
20110620,+53500,2,+200,+0.38,415231,4941,3559,--1382,--7298,91113,65771,--25342,--136628,KRX
20110617,+53300,2,+1800,+3.50,782594,2704,8620,+5916,+7706,50725,162011,+111286,+145719,KRX
20110616,-51500,5,-1100,-2.09,374072,3533,1743,--1790,--2636,68000,33567,--34433,--50375,KRX
20110615,+52600,2,+700,+1.35,463286,3852,4698,+846,--1223,73306,89248,+15942,--24134,KRX
20110614,+51900,2,+100,+0.19,650378,4753,6822,+2069,+4457,91999,132075,+40076,+86832,KRX
20110613,-51800,5,-2900,-5.30,1235576,8648,6260,--2388,--1281,166091,119335,--46756,--26811,KRX
20110610,-54700,5,-1200,-2.15,415581,3556,2449,--1107,+3282,63948,44003,--19945,+58100,KRX
20110609,-55900,5,-300,-0.53,461010,7879,3490,--4389,--6329,140048,62003,--78045,--112612,KRX
20110608,-56200,5,-500,-0.88,263529,1993,3933,+1940,--1119,35445,70012,+34567,--19400,KRX
20110607,+56700,2,+500,+0.89,380755,1639,4698,+3059,+1377,29034,83001,+53967,+23860,KRX
20110603,-56200,5,-1500,-2.60,549984,1959,3641,+1682,+2456,34446,64553,+30107,+43416,KRX
20110602,-57700,5,-700,-1.20,393212,3566,2792,--774,--2206,61561,48252,--13309,--37808,KRX
20110601,+58400,2,+1600,+2.82,645045,4523,5955,+1432,--4249,77965,102464,+24499,--76318,KRX
20110531,-56800,5,-1300,-2.24,1409449,6086,11767,+5681,+6083,108261,209078,+100817,+107286,KRX
20110530,-58100,5,-1800,-3.01,633194,5010,4608,--402,--2477,85764,79295,--6469,--40678,KRX
20110527,-59900,5,-1300,-2.12,440214,2333,4408,+2075,+2123,38416,72625,+34209,+35055,KRX
20110526,+61200,2,+1700,+2.86,583878,4978,4930,--48,+4254,82584,81738,--846,+71533,KRX
20110525,-59500,5,-200,-0.34,446391,6057,1755,--4302,--3086,101904,29525,--72379,--51872,KRX
20110524,+59700,2,+200,+0.34,315513,4532,3316,--1216,--5,76155,55648,--20507,--370,KRX
20110523,-59500,5,-800,-1.33,357125,3480,2269,--1211,--744,58095,37958,--20137,--12366,KRX
20110520,-60300,5,-500,-0.82,335267,2133,1666,--467,+3019,35255,27484,--7771,+48867,KRX
20110519,-60800,5,-1100,-1.78,454023,5840,2354,--3486,--2099,95071,38433,--56638,--34172,KRX
20110518,+61900,2,+200,+0.32,461153,4515,3128,--1387,+386,72580,50114,--22466,+6086,KRX
20110517,-61700,5,-300,-0.48,381807,4674,2901,--1773,+5307,75362,46810,--28552,+84852,KRX
20110516,-62000,5,-1400,-2.21,426400,9225,2145,--7080,--5743,147775,34371,--113404,--92369,KRX
20110513,-63400,5,-800,-1.25,369340,4055,2718,--1337,+4988,63923,42888,--21035,+77000,KRX
20110512,-64200,5,-1000,-1.53,361201,9375,3050,--6325,--7349,145192,47157,--98035,--114028,KRX
20110511,+65200,2,+100,+0.15,666134,5772,6796,+1024,+7575,88572,104565,+15993,+115601,KRX
20110509,-65100,5,-1400,-2.11,591776,8919,2368,--6551,--8272,135711,36103,--99608,--125402,KRX
20110506,-66500,5,-100,-0.15,701002,4009,5730,+1721,+2812,60070,85864,+25794,+42073,KRX
20110504,+66600,2,+4000,+6.39,2000853,9314,8223,--1091,+143,140893,124614,--16279,+3556,KRX
20110503,-62600,5,-1200,-1.88,738263,4531,3297,--1234,--10056,72503,52668,--19835,--160575,KRX
20110502,+63800,2,+4000,+6.69,1031232,3096,11918,+8822,+8400,48839,189579,+140740,+133513,KRX
20110429,-59800,5,-2300,-3.70,1421092,8254,8676,+422,+2405,137617,144844,+7227,+39064,KRX
20110428,-62100,5,-1100,-1.74,516312,4269,2286,--1983,--4201,68484,36647,--31837,--66380,KRX
20110427,63200,3,0,0.00,504722,3357,5575,+2218,+225,52740,87283,+34543,+2711,KRX
20110426,-63200,5,-600,-0.94,442581,2464,4457,+1993,+612,39132,70964,+31832,+10371,KRX
20110425,+63800,2,+1400,+2.24,747094,3040,4421,+1381,+346,47483,68944,+21461,+4761,KRX
20110422,-62400,5,-300,-0.48,489042,2200,3235,+1035,--1860,35360,52060,+16700,--29321,KRX
20110421,-62700,5,-700,-1.10,705932,4278,7173,+2895,+610,68413,114434,+46021,+9512,KRX
20110420,+63400,2,+700,+1.12,577803,3507,5792,+2285,--189,55508,92017,+36509,--3235,KRX
20110419,+62700,2,+300,+0.48,529335,3445,5919,+2474,+2164,55252,94996,+39744,+34783,KRX
20110418,-62400,5,-2900,-4.44,1059863,3546,3856,+310,--385,56510,61471,+4961,--5645,KRX
20110415,-65300,5,-1100,-1.66,463861,2343,3038,+695,--544,35786,46392,+10606,--8145,KRX
20110414,+66400,2,+800,+1.22,586152,5262,6501,+1239,+1412,79481,98232,+18751,+21461,KRX
20110413,-65600,5,-500,-0.76,709409,2555,2382,--173,+1729,39253,36543,--2710,+26110,KRX
20110412,-66100,5,-1000,-1.49,445004,4757,2855,--1902,--3709,72152,43332,--28820,--55755,KRX
20110411,-67100,5,-500,-0.74,468837,2088,3895,+1807,--3322,31019,57954,+26935,--48445,KRX
20110408,-67600,5,-900,-1.31,755548,2257,7386,+5129,+3327,33186,108566,+75380,+48761,KRX
20110407,-68500,5,-700,-1.01,642244,2322,4124,+1802,--1079,33794,60413,+26619,--15082,KRX
20110406,-69200,5,-500,-0.72,527243,2080,4961,+2881,+505,30055,71756,+41701,+7608,KRX
20110405,+69700,2,+400,+0.58,390461,1139,3515,+2376,+10246,16340,50433,+34093,+148066,KRX
20110404,-69300,5,-1000,-1.42,539056,12471,4601,--7870,--12852,180472,66499,--113973,--185121,KRX
20110401,+70300,2,+100,+0.14,560260,3080,8062,+4982,--3898,44023,115171,+71148,--55852,KRX
20110331,+70200,2,+2100,+3.08,1416767,7822,16702,+8880,+2536,111678,238678,+127000,+33188,KRX
20110330,+68100,2,+3000,+4.61,1218189,4187,10531,+6344,+908,61869,155681,+93812,+9642,KRX
20110329,+65100,2,+3000,+4.83,882024,2113,7549,+5436,+3285,32592,116762,+84170,+49340,KRX
20110328,-62100,5,-2500,-3.87,915425,2262,4413,+2151,+475,36105,70935,+34830,+8998,KRX
20110325,-64600,5,-1100,-1.67,783223,3479,5155,+1676,+482,53722,79554,+25832,+7545,KRX
20110324,+65700,2,+100,+0.15,593471,1389,2583,+1194,+2171,21092,39379,+18287,+33285,KRX
20110323,+65600,2,+1200,+1.86,564741,4617,3640,--977,+345,70361,55363,--14998,+4856,KRX
20110322,-64400,5,-600,-0.92,1249196,7226,5904,--1322,+3966,109269,89415,--19854,+62180,KRX
20110321,+65000,2,+3500,+5.69,1339453,7318,2030,--5288,--699,113460,31426,--82034,--7363,KRX
20110318,+61500,2,+2900,+4.95,1290798,7071,2482,--4589,--3276,115137,40466,--74671,--52254,KRX
20110317,-58600,5,-100,-0.17,1084000,6276,4963,--1313,--3666,107743,85326,--22417,--63358,KRX
20110316,+58700,2,+3100,+5.58,1461833,3346,5699,+2353,+4325,57780,98721,+40941,+76231,KRX
20110315,-55600,5,-2400,-4.14,2367705,14327,12355,--1972,+2746,252833,217543,--35290,+42479,KRX
20110314,-58000,5,-7000,-10.77,2789646,14272,9554,--4718,--1995,241725,163956,--77769,--36015,KRX
20110311,-65000,5,-2000,-2.99,780621,5854,3131,--2723,--3882,89770,48016,--41754,--58894,KRX
20110310,+67000,2,+100,+0.15,624911,8872,10031,+1159,--2886,132282,149422,+17140,--43023,KRX
20110309,-66900,5,-2500,-3.60,1302428,6300,10345,+4045,+2296,93702,153865,+60163,+35001,KRX
20110308,-69400,5,-400,-0.57,352345,2517,4266,+1749,+2199,36350,61512,+25162,+31737,KRX
20110307,+69800,2,+1100,+1.60,669011,3062,2612,--450,+77,43997,37422,--6575,+1079,KRX
20110304,-68700,5,-200,-0.29,583406,3810,3283,--527,+184,55243,47589,--7654,+2671,KRX
20110303,+68900,2,+700,+1.03,473782,3181,2470,--711,+1248,46447,36122,--10325,+18477,KRX
20110302,-68200,5,-700,-1.02,267478,4815,2856,--1959,+1863,70738,41936,--28802,+26896,KRX
20110228,-68900,5,-400,-0.58,348494,7482,3660,--3822,--2922,109006,53308,--55698,--42729,KRX
20110225,+69300,2,+2100,+3.13,438311,5181,4281,--900,--7474,74975,62006,--12969,--109940,KRX
20110224,+67200,2,+700,+1.05,481755,2270,8844,+6574,+5726,33654,130625,+96971,+84623,KRX
20110223,-66500,5,-1900,-2.78,587143,4483,5331,+848,+4196,66753,79101,+12348,+61156,KRX
20110222,-68400,5,-2600,-3.66,656700,6762,3414,--3348,+947,98814,50006,--48808,+11890,KRX
20110221,+71000,2,+100,+0.14,360977,5855,1560,--4295,--3244,82719,22021,--60698,--45844,KRX
20110218,+70900,2,+1400,+2.01,482059,4678,3627,--1051,+3495,66306,51452,--14854,+50476,KRX
20110217,-69500,5,-1900,-2.66,767726,8988,4442,--4546,--5926,129092,63762,--65330,--84313,KRX
20110216,+71400,2,+700,+0.99,591627,3590,4970,+1380,+6846,50350,69333,+18983,+95940,KRX
20110215,-70700,5,-700,-0.98,719911,10487,5021,--5466,--5889,147849,70892,--76957,--82804,KRX
20110214,-71400,5,-1000,-1.38,593191,3030,3453,+423,+1874,42167,48014,+5847,+25726,KRX
20110211,-72400,5,-900,-1.23,496710,5540,4089,--1451,+3067,75963,56084,--19879,+41619,KRX
20110210,-73300,5,-2300,-3.04,744803,9287,4769,--4518,--5953,125948,64450,--61498,--80507,KRX
20110209,-75600,5,-1600,-2.07,616224,2994,4429,+1435,+6663,39361,58370,+19009,+86483,KRX
20110208,-77200,5,-700,-0.90,464043,11332,6104,--5228,--5323,146374,78900,--67474,--68571,KRX
20110207,+77900,2,+900,+1.17,575188,3657,3752,+95,+575,46791,47888,+1097,+7225,KRX
20110201,-77000,5,-1800,-2.28,1201105,2658,2178,--480,--866,34297,28169,--6128,--11387,KRX
20110131,-78800,5,-3500,-4.25,1148073,5163,5549,+386,+4451,64574,69833,+5259,+55102,KRX
20110128,82300,3,0,0.00,719613,5102,1037,--4065,+386,62559,12716,--49843,+4331,KRX
20110127,+82300,2,+900,+1.11,727146,5747,1296,--4451,--4287,70010,15836,--54174,--52183,KRX
20110126,+81400,2,+400,+0.49,352068,2342,2178,--164,+1527,28860,26869,--1991,+18773,KRX
20110125,-81000,5,-300,-0.37,558370,5466,3775,--1691,--1423,67312,46548,--20764,--17483,KRX
20110124,+81300,2,+900,+1.12,548827,3846,3578,--268,--364,47342,44061,--3281,--4659,KRX
20110121,-80400,5,-2600,-3.13,1210986,3747,3843,+96,+919,46201,47579,+1378,+11168,KRX
20110120,-83000,5,-800,-0.95,674331,4516,3693,--823,+1681,54112,44322,--9790,+20222,KRX
20110119,-83800,5,-500,-0.59,950220,5455,2951,--2504,+5884,65370,35358,--30012,+68405,KRX
20110118,-84300,5,-1300,-1.52,1232516,10462,2074,--8388,--7660,122823,24406,--98417,--89448,KRX
20110117,+85600,2,+2700,+3.26,1762255,6896,6168,--728,+2992,81185,72216,--8969,+35973,KRX
20110114,-82900,5,-200,-0.24,844129,6028,2308,--3720,+8704,72915,27973,--44942,+104392,KRX
20110113,-83100,5,-600,-0.72,1182260,15274,2850,--12424,--9272,183580,34246,--149334,--111736,KRX
20110112,+83700,2,+300,+0.36,1051681,5822,2670,--3152,+737,69412,31814,--37598,+9292,KRX
20110111,-83400,5,-1000,-1.18,655343,7042,3153,--3889,+6094,84823,37933,--46890,+71747,KRX
20110110,+84400,2,+1100,+1.32,730490,14759,4776,--9983,--10608,175374,56737,--118637,--126179,KRX
20110107,-83300,5,-800,-0.95,771183,5910,6535,+625,+6967,70845,78387,+7542,+83003,KRX
20110106,-84100,5,-1400,-1.64,1013179,9824,3482,--6342,--6300,116725,41264,--75461,--75036,KRX
20110105,-85500,5,-1500,-1.72,681555,4137,4095,--42,+1869,48193,47768,--425,+21683,KRX
20110104,+87000,2,+300,+0.35,814388,5467,3556,--1911,--902,63135,41027,--22108,--10423,KRX
20110103,+86700,2,+900,+1.05,612277,8272,7263,--1009,--1997,95451,83766,--11685,--23140,KRX
20101230,+85800,2,+900,+1.06,506930,6603,7591,+988,--5694,77407,88862,+11455,--67062,KRX
20101229,+84900,2,+4000,+4.94,1102843,3444,10126,+6682,+1228,40850,119367,+78517,+11602,KRX
20101228,-80900,5,-200,-0.25,794930,3196,8650,+5454,+801,39243,106158,+66915,+9947,KRX
20101227,-81100,5,-1700,-2.05,707375,4429,9082,+4653,+2141,54397,111365,+56968,+26725,KRX
20101224,-82800,5,-1400,-1.66,561309,3404,5916,+2512,+1459,40973,71216,+30243,+17740,KRX
20101223,-84200,5,-1000,-1.17,526678,3244,4297,+1053,+2558,38508,51011,+12503,+30027,KRX
20101222,-85200,5,-500,-0.58,573820,3919,2414,--1505,--2030,45703,28179,--17524,--23566,KRX
20101221,-85700,5,-500,-0.58,872628,7170,7695,+525,--3937,82822,88864,+6042,--46399,KRX
20101220,+86200,2,+1200,+1.41,1467387,6392,10854,+4462,+13396,74666,127107,+52441,+158064,KRX
20101217,+85000,2,+2500,+3.03,1278674,13061,4127,--8934,--10581,154362,48739,--105623,--125569,KRX
20101216,-82500,5,-300,-0.36,460209,1624,3271,+1647,+5014,19664,39610,+19946,+60633,KRX
20101215,+82800,2,+900,+1.10,893889,5750,2383,--3367,+1065,69463,28776,--40687,+13813,KRX
20101214,-81900,5,-200,-0.24,847359,6865,2433,--4432,--2178,84370,29870,--54500,--27006,KRX
20101213,-82100,5,-400,-0.48,465295,5562,3308,--2254,--1879,67724,40230,--27494,--22956,KRX
20101210,+82500,2,+1700,+2.10,994033,5310,4935,--375,+49,64483,59945,--4538,+818,KRX
20101209,+80800,2,+100,+0.12,805571,9694,9270,--424,+1838,120289,114933,--5356,+22689,KRX
20101208,+80700,2,+1900,+2.41,791183,5737,3475,--2262,--3258,71003,42958,--28045,--40776,KRX
20101207,+78800,2,+1100,+1.42,777243,5693,6689,+996,+116,72566,85297,+12731,+1505,KRX
20101206,-77700,5,-1700,-2.14,1037858,4680,5560,+880,+6473,60190,71416,+11226,+80905,KRX
20101203,-79400,5,-2400,-2.93,1278707,12401,6808,--5593,+473,155284,85605,--69679,+4384,KRX
20101202,-81800,5,-400,-0.49,785474,9095,3029,--6066,+1391,111110,37047,--74063,+17247,KRX
20101201,+82200,2,+1400,+1.73,540770,10191,2734,--7457,--4684,124668,33358,--91310,--56902,KRX
20101130,+80800,2,+1300,+1.64,570368,7556,4783,--2773,--3475,93465,59057,--34408,--43233,KRX
20101129,-79500,5,-300,-0.38,489561,3940,4642,+702,--3150,49535,58360,+8825,--38818,KRX
20101126,-79800,5,-1500,-1.85,850889,4311,8163,+3852,+6551,53753,101396,+47643,+80914,KRX
20101125,+81300,2,+300,+0.37,773713,6893,4194,--2699,--4632,85004,51733,--33271,--57129,KRX
20101124,-81000,5,-3100,-3.69,1455935,8913,10846,+1933,+1246,108859,132717,+23858,+15626,KRX
20101123,-84100,5,-300,-0.36,487328,4248,4935,+687,--621,50252,58484,+8232,--7193,KRX
20101122,-84400,5,-900,-1.06,626550,4750,6058,+1308,--5831,56110,71535,+15425,--67250,KRX
20101119,+85300,2,+800,+0.95,837390,4175,11314,+7139,+4927,48440,131115,+82675,+56860,KRX
20101118,+84500,2,+500,+0.60,660885,4890,7102,+2212,--360,57369,83184,+25815,--4782,KRX
20101117,-84000,5,-800,-0.94,867039,5549,8121,+2572,+7822,65867,96464,+30597,+92111,KRX
20101116,-84800,5,-1200,-1.40,743705,10876,5626,--5250,--5554,127361,65847,--61514,--64920,KRX
20101115,-86000,5,-3500,-3.91,1759328,12421,12725,+304,+855,145119,148525,+3406,+10206,KRX
20101112,-89500,5,-3500,-3.76,1768256,11408,10857,--551,+19604,126340,119540,--6800,+207877,KRX
20101111,-93000,5,-1700,-1.80,1016576,37367,17212,--20155,--10125,398960,184283,--214677,--109178,KRX
20101110,94700,3,0,0.00,887866,13222,3192,--10030,--16797,139089,33590,--105499,--177915,KRX
20101109,+94700,2,+4000,+4.41,1468446,10568,17335,+6767,+7503,112590,185006,+72416,+80539,KRX
20101108,+90700,2,+1500,+1.68,639921,5607,4871,--736,--544,61950,53827,--8123,--6030,KRX
20101105,-89200,5,-800,-0.89,672103,6032,5840,--192,+6172,67150,65057,--2093,+68201,KRX
20101104,-90000,5,-100,-0.11,808309,11102,4738,--6364,--137,122903,52609,--70294,--1129,KRX
20101103,+90100,2,+1200,+1.35,1005781,12778,6551,--6227,+2515,141366,72201,--69165,+28945,KRX
20101102,-88900,5,-500,-0.56,626163,11494,2752,--8742,--5805,128901,30791,--98110,--64439,KRX
20101101,+89400,2,+800,+0.90,1027359,7677,4740,--2937,+4139,87390,53719,--33671,+46206,KRX
20101029,-88600,5,-700,-0.78,532628,9943,2867,--7076,--6797,112281,32404,--79877,--76739,KRX
20101028,-89300,5,-2000,-2.19,757196,4382,4103,--279,+4497,49124,45986,--3138,+49182,KRX
20101027,+91300,2,+100,+0.11,673324,7034,2258,--4776,--6768,77006,24686,--52320,--73540,KRX
20101026,+91200,2,+2700,+3.05,1688782,14073,16065,+1992,+3793,153889,175109,+21220,+41194,KRX
20101025,+88500,2,+1700,+1.96,1144017,10203,8402,--1801,--750,115887,95913,--19974,--7920,KRX
20101022,+86800,2,+300,+0.35,560130,10017,8966,--1051,+6101,115692,103638,--12054,+71016,KRX
20101021,+86500,2,+700,+0.82,574267,15426,8274,--7152,--3691,179060,95990,--83070,--41895,KRX
20101020,+85800,2,+1200,+1.42,618453,7160,3699,--3461,--9584,84790,43615,--41175,--112811,KRX
20101019,-84600,5,-1500,-1.74,554034,6999,13122,+6123,--438,81806,153442,+71636,--4039,KRX
20101018,-86100,5,-700,-0.81,611155,5969,12530,+6561,+2369,68878,144553,+75675,+27909,KRX
20101015,+86800,2,+1500,+1.76,978802,6302,10494,+4192,+381,72286,120052,+47766,+3266,KRX
20101014,+85300,2,+1300,+1.55,559663,4057,7868,+3811,--663,47421,91921,+44500,--8573,KRX
20101013,-84000,5,-2800,-3.23,1027693,1934,6408,+4474,+9249,22748,75821,+53073,+108224,KRX
20101012,-86800,5,-2000,-2.25,599050,7737,2962,--4775,--3309,89309,34158,--55151,--38556,KRX
20101011,+88800,2,+2500,+2.90,1281518,5959,4493,--1466,+1553,67061,50466,--16595,+18350,KRX
20101008,-86300,5,-1900,-2.15,7805762,16316,13297,--3019,--1555,188945,154000,--34945,--18545,KRX
20101007,+88200,2,+2900,+3.40,1410899,9192,7728,--1464,+1273,103861,87461,--16400,+15612,KRX
20101006,+85300,2,+1300,+1.55,608903,6085,3348,--2737,--10864,71093,39081,--32012,--128915,KRX
20101005,-84000,5,-400,-0.47,518608,3099,11226,+8127,+2121,36973,133876,+96903,+26698,KRX
20101004,+84400,2,+700,+0.84,833959,4311,10317,+6006,+7637,50437,120642,+70205,+90005,KRX
20101001,-83700,5,-1200,-1.41,914607,12658,11027,--1631,--10000,151930,132130,--19800,--118416,KRX
20100930,-84900,5,-900,-1.05,642207,3934,12303,+8369,+4662,45956,144572,+98616,+55786,KRX
20100929,+85800,2,+900,+1.06,844288,5230,8937,+3707,--3692,60904,103734,+42830,--43813,KRX
20100928,-84900,5,-600,-0.70,830099,4023,11422,+7399,+3329,47241,133884,+86643,+39343,KRX
20100927,+85500,2,+2300,+2.76,1340256,5715,9785,+4070,+4229,66725,114025,+47300,+49201,KRX
20100924,+83200,2,+1600,+1.96,673122,3568,3409,--159,+1338,43056,41155,--1901,+16384,KRX
20100920,+81600,2,+1000,+1.24,788005,2967,1470,--1497,--4160,36191,17906,--18285,--51407,KRX
20100917,+80600,2,+200,+0.25,574790,2458,5121,+2663,--2907,30566,63688,+33122,--35303,KRX
20100916,+80400,2,+400,+0.50,1348472,3442,9012,+5570,+849,42272,110697,+68425,+9307,KRX
20100915,+80000,2,+2500,+3.23,1744874,3406,8127,+4721,+407,42734,101852,+59118,+3697,KRX
20100914,+77500,2,+300,+0.39,828417,3129,7443,+4314,+3505,40499,95920,+55421,+44863,KRX
20100913,+77200,2,+1600,+2.12,896730,3598,4407,+809,--9668,46821,57379,+10558,--129961,KRX
20100910,+75600,2,+2900,+3.99,1082761,2833,13310,+10477,+9183,37658,178177,+140519,+122713,KRX
20100909,+72700,2,+800,+1.11,740987,3453,4747,+1294,+1229,47467,65273,+17806,+16971,KRX
20100908,-71900,5,-900,-1.24,292880,2598,2663,+65,+1355,36284,37119,+835,+18453,KRX
20100907,-72800,5,-1100,-1.49,294113,2369,1079,--1290,--546,32344,14726,--17618,--7553,KRX
20100906,+73900,2,+400,+0.54,399462,2079,1335,--744,--2385,28151,18086,--10065,--32467,KRX
20100903,+73500,2,+300,+0.41,416840,1911,3552,+1641,+1710,26052,48454,+22402,+23477,KRX
20100902,+73200,2,+1700,+2.38,731396,3866,3797,--69,--5090,53021,51946,--1075,--70911,KRX
20100901,+71500,2,+2700,+3.92,873764,2846,7867,+5021,+3614,39846,109682,+69836,+49338,KRX
20100831,+68800,2,+1000,+1.47,512294,4221,5628,+1407,+701,61236,81734,+20498,+10083,KRX
20100830,+67800,2,+900,+1.35,294571,2776,3482,+706,+2823,40973,51388,+10415,+42078,KRX
20100827,-66900,5,-1300,-1.91,394350,4219,2102,--2117,--2122,63020,31357,--31663,--31737,KRX
20100826,+68200,2,+100,+0.15,214226,1198,1203,+5,+385,17537,17611,+74,+5648,KRX
20100825,-68100,5,-800,-1.16,332001,2493,2113,--380,--871,36596,31022,--5574,--12629,KRX
20100824,-68900,5,-2000,-2.82,895300,3020,3511,+491,+4093,43364,50419,+7055,+57673,KRX
20100823,-70900,5,-1800,-2.48,489352,6081,2479,--3602,--5932,85167,34549,--50618,--82861,KRX
20100820,+72700,2,+400,+0.55,400517,1149,3479,+2330,--1237,15862,48105,+32243,--17447,KRX
20100819,+72300,2,+900,+1.26,454205,2464,6031,+3567,+2720,34352,84042,+49690,+37808,KRX
20100818,-71400,5,-100,-0.14,331059,1972,2819,+847,--189,27500,39382,+11882,--2655,KRX
20100817,-71500,5,-100,-0.14,374674,2393,3429,+1036,+2832,33399,47936,+14537,+39176,KRX
20100816,+71600,2,+1000,+1.42,808861,4854,3058,--1796,+1302,66981,42342,--24639,+19338,KRX
20100813,+70600,2,+800,+1.15,362102,4945,1847,--3098,+2683,70158,26181,--43977,+38620,KRX
20100812,-69800,5,-2600,-3.59,859004,7669,1888,--5781,--5703,109412,26815,--82597,--81626,KRX
20100811,-72400,5,-700,-0.96,618101,2976,2898,--78,--666,40985,40014,--971,--8973,KRX
20100810,+73100,2,+100,+0.14,365916,2089,2677,+588,--3182,28602,36604,+8002,--43609,KRX
20100809,+73000,2,+900,+1.25,516759,794,4564,+3770,+3167,10939,62550,+51611,+43236,KRX
20100806,-72100,5,-200,-0.28,435128,2653,3256,+603,+4218,36763,45138,+8375,+58714,KRX
20100805,-72300,5,-1000,-1.36,893290,7613,3998,--3615,--6417,105730,55391,--50339,--88426,KRX
20100804,-73300,5,-4700,-6.03,1936165,4584,7386,+2802,--31,62484,100571,+38087,+1644,KRX
20100803,+78000,2,+800,+1.04,487997,2565,5398,+2833,+1685,33105,69548,+36443,+21535,KRX
20100802,+77200,2,+100,+0.13,365053,2721,3869,+1148,+596,35317,50225,+14908,+7762,KRX
20100730,+77100,2,+1100,+1.45,558963,3483,4035,+552,--403,45138,52284,+7146,--5453,KRX
20100729,+76000,2,+400,+0.53,560999,2562,3517,+955,--380,33518,46117,+12599,--5037,KRX
20100728,-75600,5,-600,-0.79,504701,3256,4591,+1335,+4774,43181,60817,+17636,+62764,KRX
20100727,-76200,5,-1100,-1.42,602350,5993,2554,--3439,--3762,78628,33500,--45128,--49262,KRX
20100726,-77300,5,-1200,-1.53,634240,2189,2512,+323,+1833,28336,32470,+4134,+23332,KRX
20100723,+78500,2,+1600,+2.08,1064281,4353,2843,--1510,--591,55366,36168,--19198,--7125,KRX
20100722,+76900,2,+1500,+1.99,989464,4668,3749,--919,+9151,60734,48661,--12073,+122761,KRX
20100721,+75400,2,+1900,+2.59,787924,12348,2278,--10070,--7952,165204,30370,--134834,--105959,KRX
20100720,-73500,5,-200,-0.27,222229,3976,1858,--2118,--798,54155,25280,--28875,--10944,KRX
20100719,+73700,2,+400,+0.55,287133,3009,1689,--1320,--2403,40882,22951,--17931,--32610,KRX
20100716,-73300,5,-1200,-1.61,451241,4814,5897,+1083,+253,65754,80433,+14679,+3508,KRX
20100715,+74500,2,+400,+0.54,348050,2918,3748,+830,--3988,39161,50332,+11171,--53801,KRX
20100714,+74100,2,+1600,+2.21,578337,3506,8324,+4818,+1,47285,112257,+64972,--1134,KRX
20100713,+72500,2,+1000,+1.40,470833,1517,6334,+4817,+4850,20908,87014,+66106,+66520,KRX
20100712,+71500,2,+500,+0.70,343638,2513,2480,--33,--3456,35029,34615,--414,--48615,KRX
20100709,+71000,2,+100,+0.14,604790,2141,5564,+3423,+3250,30160,78361,+48201,+45845,KRX
20100708,+70900,2,+200,+0.28,646386,4416,4589,+173,+436,62301,64657,+2356,+5814,KRX
20100707,-70700,5,-2700,-3.68,873501,6059,5796,--263,+600,84740,81282,--3458,+8231,KRX
20100706,-73400,5,-1300,-1.74,456567,7076,6213,--863,+981,96113,84424,--11689,+12847,KRX
20100705,+74700,2,+800,+1.08,425462,3249,1405,--1844,--894,43400,18864,--24536,--11927,KRX
20100702,-73900,5,-1700,-2.25,567064,3626,2676,--950,+1569,48775,36166,--12609,+20306,KRX
20100701,75600,3,0,0.00,703586,5020,2501,--2519,--7447,65921,33006,--32915,--98447,KRX
20100630,+75600,2,+500,+0.67,609668,2645,7573,+4928,+98,35035,100567,+65532,+2718,KRX
20100629,-75100,5,-1900,-2.47,1045765,2701,7531,+4830,+5126,34759,97573,+62814,+66732,KRX
20100628,-77000,5,-100,-0.13,345830,2134,1838,--296,+110,27684,23766,--3918,+1572,KRX
20100625,+77100,2,+100,+0.13,429502,4131,3725,--406,--4400,53832,48342,--5490,--57425,KRX
20100624,+77000,2,+700,+0.92,668814,2625,6619,+3994,+3736,34154,86089,+51935,+48583,KRX
20100623,-76300,5,-200,-0.26,580055,3725,3983,+258,--3948,48514,51866,+3352,--51832,KRX
20100622,+76500,2,+2400,+3.24,1176270,2538,6744,+4206,--2174,33202,88386,+55184,--30989,KRX
20100621,+74100,2,+1800,+2.49,786092,2947,9327,+6380,+4956,39796,125969,+86173,+66561,KRX
20100618,+72300,2,+500,+0.70,458744,2551,3975,+1424,+2322,35235,54847,+19612,+32094,KRX
20100617,-71800,5,-500,-0.69,339667,3380,2482,--898,--3806,47016,34534,--12482,--52874,KRX
20100616,+72300,2,+700,+0.98,606883,1427,4335,+2908,--5092,19794,60186,+40392,--70124,KRX
20100615,-71600,5,-700,-0.97,610539,2188,10188,+8000,+2766,30235,140751,+110516,+38160,KRX
20100614,+72300,2,+500,+0.70,422841,2198,7432,+5234,+1022,30410,102766,+72356,+13668,KRX
20100611,+71800,2,+600,+0.84,460983,1590,5802,+4212,+1595,22140,80828,+58688,+22124,KRX
20100610,+71200,2,+1100,+1.57,468147,4059,6676,+2617,+8636,56970,93534,+36564,+121349,KRX
20100609,-70100,5,-200,-0.28,1071894,10072,4053,--6019,--5101,142255,57470,--84785,--71669,KRX
20100608,+70300,2,+400,+0.57,561069,5155,4237,--918,--1202,73710,60594,--13116,--17215,KRX
20100607,-69900,5,-1900,-2.65,664301,4110,4394,+284,--4443,58807,62906,+4099,--60671,KRX
20100604,+71800,2,+800,+1.13,1342738,5030,9757,+4727,+251,68825,133595,+64770,+1802,KRX
20100603,71000,3,0,0.00,405813,1913,6389,+4476,+13183,26802,89770,+62968,+183528,KRX
20100601,-71000,5,-800,-1.11,1141168,14905,6198,--8707,--8417,206656,86096,--120560,--116848,KRX
20100531,+71800,2,+3500,+5.12,924962,4592,4302,--290,+5860,65180,61468,--3712,+86744,KRX
20100528,+68300,2,+200,+0.29,683974,11655,5505,--6150,+11874,170749,80293,--90456,+182215,KRX
20100527,+68100,2,+3500,+5.42,1259001,22478,4454,--18024,--30249,340066,67395,--272671,--459167,KRX
20100526,+64600,2,+2800,+4.53,907860,15183,27408,+12225,+13570,241537,428033,+186496,+207849,KRX
20100525,-61800,5,-1500,-2.37,705612,7708,6363,--1345,--6091,124669,103316,--21353,--96320,KRX
20100524,+63300,2,+500,+0.80,536805,1580,6326,+4746,+5541,24827,99794,+74967,+87255,KRX
20100520,-62800,5,-3100,-4.70,855303,3639,2844,--795,+2693,57055,44767,--12288,+40635,KRX
20100519,-65900,5,-1100,-1.64,417259,6641,3153,--3488,--5763,100696,47773,--52923,--87089,KRX
20100518,-67000,5,-400,-0.59,775997,3503,5778,+2275,+8922,52348,86514,+34166,+131247,KRX
20100517,67400,3,0,0.00,1090503,10906,4259,--6647,--11019,159991,62910,--97081,--162640,KRX
20100514,-67400,5,-3200,-4.53,1635290,7811,12183,+4372,+4957,114937,180496,+65559,+73901,KRX
20100513,+70600,2,+400,+0.57,725344,3554,2969,--585,--5384,50020,41678,--8342,--75565,KRX
20100512,-70200,5,-1700,-2.36,870543,2913,7712,+4799,+8573,40984,108207,+67223,+116588,KRX
20100511,-71900,5,-4100,-5.39,1415774,9399,5625,--3774,--350,126824,77459,--49365,--3688,KRX
20100510,+76000,2,+2200,+2.98,991088,8829,5405,--3424,+1282,117909,72232,--45677,+18259,KRX
20100507,73800,3,0,0.00,1103518,11600,6894,--4706,--1842,159671,95735,--63936,--26004,KRX
20100506,-73800,5,-2800,-3.66,940714,8053,5189,--2864,--839,108090,70158,--37932,--11991,KRX
20100504,+76600,2,+1600,+2.13,1782542,6639,4614,--2025,--17083,87027,61086,--25941,--223055,KRX
20100503,-75000,5,-7100,-8.65,3141376,5299,20357,+15058,+11757,70705,267819,+197114,+157595,KRX
20100430,+82100,2,+200,+0.24,646966,2927,6228,+3301,--8022,35450,74969,+39519,--98754,KRX
20100429,-81900,5,-4900,-5.65,1853479,5777,17100,+11323,+12900,68933,207206,+138273,+156473,KRX
20100428,-86800,5,-1200,-1.36,550936,5929,4352,--1577,--513,68181,49981,--18200,--6174,KRX
20100427,+88000,2,+400,+0.46,419204,4761,3697,--1064,--2394,53943,41917,--12026,--27122,KRX
20100426,-87600,5,-100,-0.11,339496,2314,3644,+1330,+3473,26376,41472,+15096,+39621,KRX
20100423,87700,3,0,0.00,435306,3830,1687,--2143,--2904,43862,19337,--24525,--33321,KRX
20100422,-87700,5,-200,-0.23,397604,3611,4372,+761,--1448,41103,49899,+8796,--16291,KRX
20100421,+87900,2,+300,+0.34,369832,3334,5543,+2209,+586,37891,62978,+25087,+6538,KRX
20100420,-87600,5,-300,-0.34,634317,6024,7647,+1623,--6818,68531,87080,+18549,--77636,KRX
20100419,-87900,5,-1300,-1.46,437823,3862,12303,+8441,--4310,44046,140231,+96185,--47110,KRX
20100416,-89200,5,-800,-0.89,572343,3320,16071,+12751,--398,37239,180534,+143295,--3709,KRX
20100415,-90000,5,-700,-0.77,694237,5389,18538,+13149,+15693,60012,207016,+147004,+175514,KRX
20100414,+90700,2,+100,+0.11,518446,8085,5541,--2544,--3316,89831,61321,--28510,--37047,KRX
20100413,-90600,5,-700,-0.77,345711,2217,2989,+772,+3340,24495,33032,+8537,+36624,KRX
20100412,+91300,2,+500,+0.55,741227,6358,3790,--2568,--1139,69509,41422,--28087,--12197,KRX
20100409,+90800,2,+1100,+1.23,900491,5311,3882,--1429,--1750,58637,42747,--15890,--19405,KRX
20100408,+89700,2,+800,+0.90,257222,4549,4870,+321,--2886,51012,54527,+3515,--32527,KRX
20100407,-88900,5,-1100,-1.22,533874,3534,6741,+3207,+3772,39733,75775,+36042,+42394,KRX
20100406,+90000,2,+600,+0.67,453846,3035,2470,--565,--1911,33878,27526,--6352,--21610,KRX
20100405,+89400,2,+400,+0.45,515108,3776,5122,+1346,+748,42487,57745,+15258,+8130,KRX
20100402,-89000,5,-1100,-1.22,729224,5035,5633,+598,--6346,55947,63075,+7128,--69859,KRX
20100401,-90100,5,-500,-0.55,666081,2034,8978,+6944,+8064,22562,99549,+76987,+89101,KRX
20100331,-90600,5,-1000,-1.09,846922,5041,3921,--1120,+3063,55112,42998,--12114,+33537,KRX
20100330,+91600,2,+2300,+2.58,986639,7136,2953,--4183,--5152,78084,32433,--45651,--56435,KRX
20100329,-89300,5,-600,-0.67,747317,3167,4136,+969,+892,35418,46202,+10784,+9913,KRX
20100326,-89900,5,-200,-0.22,341464,4129,4206,+77,+4101,46031,46902,+871,+45574,KRX
20100325,+90100,2,+2200,+2.50,796930,7665,3641,--4024,--170,85259,40556,--44703,--932,KRX
20100324,-87900,5,-600,-0.68,313897,6116,2262,--3854,--6998,69458,25687,--43771,--79400,KRX
20100323,+88500,2,+100,+0.11,233200,2067,5211,+3144,--275,23407,59036,+35629,--3168,KRX
20100322,-88400,5,-1000,-1.12,335190,3441,6860,+3419,+4187,39022,77819,+38797,+47400,KRX
20100319,+89400,2,+300,+0.34,276554,3836,3068,--768,--3465,42812,34209,--8603,--38563,KRX
20100318,89100,3,0,0.00,344560,2269,4966,+2697,--1074,25394,55354,+29960,--12649,KRX
20100317,+89100,2,+1000,+1.14,345078,2914,6685,+3771,--517,32859,75468,+42609,--6139,KRX
20100316,+88100,2,+100,+0.11,229450,1266,5554,+4288,+24,14399,63147,+48748,+153,KRX
20100315,-88000,5,-1200,-1.35,436662,935,5199,+4264,--623,10646,59241,+48595,--6569,KRX
20100312,+89200,2,+500,+0.56,474912,1365,6252,+4887,+7511,15305,70469,+55164,+84542,KRX
20100311,-88700,5,-2000,-2.21,602378,9919,7295,--2624,--6592,111400,82022,--29378,--73290,KRX
20100310,-90700,5,-100,-0.11,279206,1498,5466,+3968,+4240,16543,60455,+43912,+46894,KRX
20100309,+90800,2,+800,+0.89,623727,3594,3322,--272,--940,39534,36552,--2982,--10420,KRX
20100308,+90000,2,+300,+0.33,325293,2311,2979,+668,--3972,25716,33154,+7438,--44870,KRX
20100305,+89700,2,+700,+0.79,400160,3843,8483,+4640,+7429,42947,95255,+52308,+83650,KRX
20100304,+89000,2,+100,+0.11,386572,3864,1075,--2789,--4814,43412,12070,--31342,--54013,KRX
20100303,+88900,2,+1000,+1.14,541155,6792,8817,+2025,+4528,76179,98850,+22671,+51008,KRX
20100302,+87900,2,+600,+0.69,424608,5927,3424,--2503,--4043,67047,38710,--28337,--46079,KRX
20100226,+87300,2,+100,+0.11,221121,2714,4254,+1540,+740,31162,48904,+17742,+8374,KRX
20100225,-87200,5,-1300,-1.47,381145,3012,3812,+800,--1556,34261,43629,+9368,--17209,KRX
20100224,-88500,5,-700,-0.78,357821,2895,5251,+2356,--3264,32742,59319,+26577,--36468,KRX
20100223,+89200,2,+200,+0.22,306244,1194,6814,+5620,+2134,13396,76441,+63045,+23939,KRX
20100222,+89000,2,+1300,+1.48,585699,6028,9514,+3486,+3118,67644,106750,+39106,+35057,KRX
20100219,-87700,5,-200,-0.23,634729,4133,4501,+368,+3092,47440,51489,+4049,+34960,KRX
20100218,+87900,2,+900,+1.03,668750,4207,1483,--2724,+2788,47773,16862,--30911,+32208,KRX
20100217,+87000,2,+2100,+2.47,1021674,8814,3302,--5512,--5885,100973,37854,--63119,--67533,KRX
20100216,-84900,5,-100,-0.12,354309,2408,2781,+373,+10158,28286,32700,+4414,+119969,KRX
20100212,+85000,2,+2000,+2.41,741906,12013,2228,--9785,--10929,141877,26322,--115555,--129283,KRX
20100211,+83000,2,+900,+1.10,487879,2818,3962,+1144,+5615,33898,47626,+13728,+67940,KRX
20100210,+82100,2,+700,+0.86,705227,6323,1852,--4471,--3880,76582,22370,--54212,--46847,KRX
20100209,+81400,2,+400,+0.49,591041,3222,2631,--591,+493,39809,32444,--7365,+5593,KRX
20100208,-81000,5,-1500,-1.82,682524,6426,5342,--1084,--3450,79150,66192,--12958,--41670,KRX
20100205,-82500,5,-2800,-3.28,571421,4052,6418,+2366,+9482,49070,77782,+28712,+111936,KRX
20100204,+85300,2,+900,+1.07,504317,7922,806,--7116,--4722,92672,9448,--83224,--54925,KRX
20100203,+84400,2,+300,+0.36,570825,3639,1245,--2394,--308,43027,14728,--28299,--3257,KRX
20100202,+84100,2,+700,+0.84,953560,7260,5174,--2086,+1539,85726,60684,--25042,+18560,KRX
20100201,+83400,2,+900,+1.09,602028,5978,2353,--3625,--11698,71903,28301,--43602,--141696,KRX
20100129,-82500,5,-1800,-2.14,879897,1663,9736,+8073,+4716,20116,118210,+98094,+58107,KRX
20100128,-84300,5,-500,-0.59,1187923,3488,6845,+3357,+2908,41311,81298,+39987,+34841,KRX
20100127,-84800,5,-700,-0.82,1426124,6069,6518,+449,--7308,71084,76230,+5146,--86609,KRX
20100126,-85500,5,-4500,-5.00,2089581,7057,14814,+7757,+4486,80311,172066,+91755,+51346,KRX
20100125,-90000,5,-4400,-4.66,2759078,8968,12239,+3271,+20031,95645,136054,+40409,+218836,KRX
20100122,+94400,2,+1400,+1.51,1366491,19606,2846,--16760,--17316,208753,30326,--178427,--184234,KRX
20100121,-93000,5,-600,-0.64,663297,4575,5131,+556,+5536,49539,55346,+5807,+58388,KRX
20100120,+93600,2,+300,+0.32,1401628,8625,3645,--4980,--3290,91318,38737,--52581,--34497,KRX
20100119,-93300,5,-100,-0.11,1656032,9563,7873,--1690,+7685,101888,83804,--18084,+81124,KRX
20100118,+93400,2,+6800,+7.85,3525379,25537,16162,--9375,--7231,275019,175811,--99208,--74609,KRX
20100115,+86600,2,+1500,+1.76,1045698,7799,5655,--2144,--1807,90033,65434,--24599,--20301,KRX
20100114,-85100,5,-1000,-1.16,2459907,9394,9057,--337,--1386,110676,106378,--4298,--16437,KRX
20100113,-86100,5,-1400,-1.60,1527054,3397,4446,+1049,+544,38891,51030,+12139,+6721,KRX
20100112,-87500,5,-400,-0.46,807772,5839,6344,+505,+2959,67547,72965,+5418,+33165,KRX
20100111,+87900,2,+300,+0.34,1733651,3470,1016,--2454,--7553,39293,11546,--27747,--87031,KRX
20100108,+87600,2,+2800,+3.30,2366466,12008,17107,+5099,+7566,136517,195801,+59284,+88199,KRX
20100107,+84800,2,+500,+0.59,1303825,4157,1690,--2467,+11863,48688,19773,--28915,+139647,KRX
20100106,+84300,2,+2400,+2.93,2590053,17493,3163,--14330,--11898,205814,37252,--168562,--138619,KRX
20100105,-81900,5,-100,-0.12,1084139,6089,3657,--2432,--7787,74904,44961,--29943,--96344,KRX
20100104,+82000,2,+900,+1.11,1329003,5335,10690,+5355,--1169,65285,131686,+66401,--13962,KRX
20091230,-81100,5,-1600,-1.93,1883382,7208,13732,+6524,+16137,87748,168111,+80363,+191277,KRX
20091229,-82700,5,-2200,-2.59,6475392,17472,7859,--9613,+3488,204726,93812,--110914,+43390,KRX
20091228,+84900,1,+11000,+14.88,1094649,13367,266,--13101,--27389,157442,3138,--154304,--351113,KRX
20091224,+73900,2,+3600,+5.12,2084069,5860,20148,+14288,+14831,80258,277067,+196809,+205168,KRX
20091223,+70300,2,+300,+0.43,2075728,7139,6596,--543,--5257,101277,92918,--8359,--76569,KRX
20091222,+70000,2,+7500,+12.00,3370055,4003,8717,+4714,+6468,58615,126825,+68210,+96123,KRX
20091221,-62500,5,-1000,-1.57,368735,4014,2260,--1754,--1489,63933,36020,--27913,--23773,KRX
20091218,-63500,5,-400,-0.63,268027,2029,1764,--265,+6,32024,27884,--4140,+173,KRX
20091217,63900,3,0,0.00,517608,3013,2742,--271,--2165,47071,42758,--4313,--33996,KRX
20091216,+63900,2,+2000,+3.23,1037161,2200,4094,+1894,+770,34513,64196,+29683,+11335,KRX
20091215,-61900,5,-700,-1.12,639427,2213,3337,+1124,--183,35559,53907,+18348,--2515,KRX
20091214,-62600,5,-400,-0.63,441511,1771,3078,+1307,--1464,28297,49160,+20863,--23170,KRX
20091211,+63000,2,+400,+0.64,497937,2110,4881,+2771,+779,33676,77709,+44033,+12833,KRX
20091210,+62600,2,+1500,+2.45,1020021,14369,16361,+1992,--2306,230425,261625,+31200,--39633,KRX
20091209,-61100,5,-100,-0.16,582085,1745,6043,+4298,+3891,28717,99550,+70833,+64163,KRX
20091208,+61200,2,+500,+0.82,786777,5048,5455,+407,--154,82670,89340,+6670,--2357,KRX
20091207,+60700,2,+3800,+6.68,1098451,2020,2581,+561,--2016,34033,43060,+9027,--36413,KRX
20091204,-56900,5,-300,-0.52,551715,1495,4072,+2577,+2,26408,71848,+45440,--499,KRX
20091203,+57200,2,+2300,+4.19,992960,1216,3791,+2575,+3565,21430,67369,+45939,+63803,KRX
20091202,-54900,5,-100,-0.18,956724,3017,2027,--990,--946,54644,36780,--17864,--17846,KRX
20091201,-55000,5,-2600,-4.51,987199,4052,4008,--44,+1549,72633,72615,--18,+27854,KRX
20091130,+57600,2,+3400,+6.27,908063,5656,4063,--1593,+1180,98788,70916,--27872,+22024,KRX
20091127,-54200,5,-5600,-9.36,1087312,5885,3112,--2773,--1690,104923,55027,--49896,--31815,KRX
20091126,-59800,5,-400,-0.66,305956,2361,1278,--1083,--3742,39328,21247,--18081,--62359,KRX
20091125,+60200,2,+200,+0.33,296363,710,3369,+2659,+4093,11794,56072,+44278,+67998,KRX
20091124,-60000,5,-900,-1.48,466485,4187,2753,--1434,--2641,69005,45285,--23720,--43564,KRX
20091123,+60900,2,+100,+0.16,270678,756,1963,+1207,--972,12398,32242,+19844,--15996,KRX
20091120,+60800,2,+100,+0.16,467582,1199,3378,+2179,+856,19733,55573,+35840,+14116,KRX
20091119,-60700,5,-500,-0.82,870849,3658,4981,+1323,+151,60546,82270,+21724,+3225,KRX
20091118,-61200,5,-1700,-2.70,475137,3447,4619,+1172,+2490,55770,74269,+18499,+39477,KRX
20091117,+62900,2,+900,+1.45,525134,3113,1795,--1318,--3041,49444,28466,--20978,--48641,KRX
20091116,+62000,2,+1400,+2.31,422291,2138,3861,+1723,+1491,34669,62332,+27663,+23996,KRX
20091113,-60600,5,-500,-0.82,215832,3144,3376,+232,+2467,51775,55442,+3667,+40103,KRX
20091112,-61100,5,-200,-0.33,330867,4637,2402,--2235,--1936,75418,38982,--36436,--31410,KRX
20091111,61300,3,0,0.00,298539,3410,3111,--299,--385,56009,50983,--5026,--6366,KRX
20091110,+61300,2,+1300,+2.17,579842,2715,2801,+86,--2500,44402,45742,+1340,--41694,KRX
20091109,+60000,2,+1100,+1.87,525627,1259,3845,+2586,+7840,20980,64014,+43034,+130983,KRX
20091106,-58900,5,-800,-1.34,899332,8593,3339,--5254,--1260,144410,56461,--87949,--22670,KRX
20091105,-59700,5,-5600,-8.58,2162219,7351,3357,--3994,--2929,121114,55835,--65279,--48833,KRX
20091104,+65300,2,+400,+0.62,453064,2988,1923,--1065,+1554,46005,29559,--16446,+23760,KRX
20091103,-64900,5,-100,-0.15,171611,3414,795,--2619,--2363,52420,12214,--40206,--36378,KRX
20091102,65000,3,0,0.00,323725,3237,2981,--256,+10655,49865,46037,--3828,+162959,KRX
20091030,-65000,5,-400,-0.61,543543,12731,1820,--10911,--10295,194728,27941,--166787,--157399,KRX
20091029,-65400,5,-1400,-2.10,669324,4139,3523,--616,+966,63600,54212,--9388,+14276,KRX
20091028,-66800,5,-1400,-2.05,582940,5514,3932,--1582,--3306,82357,58693,--23664,--49002,KRX
20091027,-68200,5,-2000,-2.85,894540,3686,5410,+1724,--2180,54061,79399,+25338,--30225,KRX
20091026,+70200,2,+800,+1.15,804649,1859,5763,+3904,+2098,26515,82078,+55563,+27834,KRX
20091023,-69400,5,-4400,-5.96,1399741,3195,5001,+1806,+5791,43436,71165,+27729,+81599,KRX
20091022,-73800,5,-200,-0.27,683054,7133,3148,--3985,+382,96402,42532,--53870,+4960,KRX
20091021,-74000,5,-500,-0.67,1276569,6776,2409,--4367,--3842,91322,32492,--58830,--51633,KRX
20091020,+74500,2,+2000,+2.76,1478404,3344,2819,--525,+632,45134,37937,--7197,+9094,KRX
20091019,+72500,2,+1800,+2.55,545081,5368,4211,--1157,--3344,75110,58819,--16291,--46739,KRX
20091016,-70700,5,-600,-0.84,783940,2011,4198,+2187,+1671,28239,58687,+30448,+23424,KRX
20091015,+71300,2,+400,+0.56,902868,3158,3674,+516,+357,43954,50978,+7024,+4629,KRX
20091014,+70900,2,+2000,+2.90,630220,4133,4292,+159,+1659,58371,60766,+2395,+24045,KRX
20091013,-68900,5,-2100,-2.96,396999,4638,3138,--1500,+929,66903,45253,--21650,+13084,KRX
20091012,-71000,5,-100,-0.14,469281,4348,1919,--2429,--9111,61950,27216,--34734,--129756,KRX
20091009,+71100,2,+3600,+5.33,994385,4316,10998,+6682,+8715,61826,156848,+95022,+126308,KRX
20091008,+67500,2,+2100,+3.21,451943,8090,6057,--2033,--3195,121575,90289,--31286,--49170,KRX
20091007,-65400,5,-1700,-2.53,729423,3712,4874,+1162,+2444,56177,74061,+17884,+36721,KRX
20091006,+67100,2,+200,+0.30,367485,5041,3759,--1282,--4279,74487,55650,--18837,--63530,KRX
20091005,+66900,2,+800,+1.21,543001,3541,6538,+2997,+1794,53191,97884,+44693,+27046,KRX
20091001,-66100,5,-1300,-1.93,429698,4775,5978,+1203,--9743,71764,89411,+17647,--143296,KRX
20090930,-67400,5,-1100,-1.61,730712,3601,14547,+10946,+8394,53430,214373,+160943,+123713,KRX
20090929,-68500,5,-200,-0.29,405127,3437,5989,+2552,+2408,50068,87298,+37230,+35206,KRX
20090928,68700,3,0,0.00,379632,4028,4172,+144,+2136,59084,61108,+2024,+30988,KRX
20090925,-68700,5,-300,-0.43,596379,4293,2301,--1992,--4081,62618,33654,--28964,--59080,KRX
20090924,69000,3,0,0.00,585643,2897,4986,+2089,--489,42000,72116,+30116,--7448,KRX
20090923,-69000,5,-1600,-2.27,914782,3072,5650,+2578,+924,44182,81746,+37564,+14206,KRX
20090922,-70600,5,-400,-0.56,868498,3624,5278,+1654,--3535,51323,74681,+23358,--49025,KRX
20090921,-71000,5,-2000,-2.74,1322151,3666,8855,+5189,--9022,50856,123239,+72383,--122195,KRX
20090918,+73000,2,+1400,+1.96,1456762,13627,27838,+14211,+6604,186917,381495,+194578,+87680,KRX
20090917,+71600,2,+4000,+5.92,2368839,6731,14338,+7607,+3943,94575,201473,+106898,+53168,KRX
20090916,+67600,2,+500,+0.75,850671,4970,8634,+3664,+8359,73501,127231,+53730,+124327,KRX
20090915,-67100,5,-1000,-1.47,1061301,8178,3483,--4695,--7209,122552,51955,--70597,--107435,KRX
20090914,-68100,5,-1700,-2.44,564983,2899,5413,+2514,+5086,42172,79010,+36838,+73982,KRX
20090911,69800,3,0,0.00,1113940,6541,3969,--2572,--11006,94317,57173,--37144,--160333,KRX
20090910,+69800,2,+4800,+7.38,2404617,8544,16978,+8434,+7389,123305,246494,+123189,+107315,KRX
20090909,+65000,2,+1000,+1.56,635798,4100,5145,+1045,--2593,63769,79643,+15874,--41739,KRX
20090908,+64000,2,+1500,+2.40,830110,1905,5543,+3638,+4850,29957,87570,+57613,+76857,KRX
20090907,-62500,5,-2100,-3.25,678070,3849,2637,--1212,+284,60925,41681,--19244,+3326,KRX
20090904,-64600,5,-100,-0.15,810236,5513,4017,--1496,--3129,84828,62258,--22570,--48237,KRX
20090903,+64700,2,+2400,+3.85,544476,3171,4804,+1633,+1094,49663,75330,+25667,+17069,KRX
20090902,-62300,5,-1100,-1.74,503823,4218,4757,+539,--26,67473,76071,+8598,--152,KRX
20090901,63400,3,0,0.00,433363,3707,4272,+565,+2984,58261,67011,+8750,+46513,KRX
20090831,-63400,5,-2900,-4.37,557251,4651,2232,--2419,--2405,72572,34809,--37763,--37742,KRX
20090828,-66300,5,-600,-0.90,647765,4276,4262,--14,+2862,64596,64575,--21,+43134,KRX
20090827,+66900,2,+1100,+1.67,962168,4519,1643,--2876,--2124,67753,24598,--43155,--31550,KRX
20090826,+65800,2,+3700,+5.96,1037451,2386,1634,--752,--221,36933,25328,--11605,--3226,KRX
20090825,+62100,2,+600,+0.98,1023308,4015,3484,--531,+1570,64607,56228,--8379,+26044,KRX
20090824,-61500,5,-600,-0.97,1129647,5678,3577,--2101,--3236,92282,57859,--34423,--52798,KRX
20090821,-62100,5,-3300,-5.05,1630904,4243,5378,+1135,+1858,66773,85148,+18375,+29424,KRX
20090820,65400,3,0,0.00,1031019,7572,6849,--723,+1205,116995,105946,--11049,+16419,KRX
20090819,-65400,5,-2100,-3.11,731724,7053,5125,--1928,--4685,105227,77759,--27468,--68090,KRX
20090818,-67500,5,-700,-1.03,590207,2975,5732,+2757,+6519,44094,84716,+40622,+95036,KRX
20090817,-68200,5,-2400,-3.40,643241,6039,2277,--3762,--4640,87379,32965,--54414,--66497,KRX
20090814,+70600,2,+1400,+2.02,907989,3480,4358,+878,+4701,48939,61022,+12083,+67143,KRX
20090813,-69200,5,-1000,-1.42,884297,7928,4105,--3823,--5032,114227,59167,--55060,--72268,KRX
20090812,-70200,5,-700,-0.99,532091,3541,4750,+1209,+125,50791,67999,+17208,+2035,KRX
20090811,-70900,5,-1200,-1.66,711108,4683,5767,+1084,+3160,66010,81183,+15173,+43862,KRX
20090810,-72100,5,-300,-0.41,432620,4431,2355,--2076,--994,61370,32681,--28689,--13595,KRX
20090807,+72400,2,+200,+0.28,357640,3392,2310,--1082,--3278,47078,31984,--15094,--45705,KRX
20090806,+72200,2,+1000,+1.40,568547,2978,5174,+2196,+4815,41461,72072,+30611,+67345,KRX
20090805,-71200,5,-900,-1.25,622001,5911,3292,--2619,+459,82688,45954,--36734,+5126,KRX
20090804,-72100,5,-600,-0.83,836365,6058,2980,--3078,+1098,82909,41049,--41860,+15796,KRX
20090803,+72700,2,+2600,+3.71,1390365,6803,2627,--4176,--3707,93690,36034,--57656,--50567,KRX
20090731,+70100,2,+2600,+3.85,1119444,4770,4301,--469,+10,69181,62092,--7089,+34,KRX
20090730,-67500,5,-600,-0.88,476617,2201,1722,--479,--352,32794,25671,--7123,--5252,KRX
20090729,+68100,2,+100,+0.15,606135,1895,1768,--127,+16,27907,26036,--1871,+326,KRX
20090728,+68000,2,+1600,+2.41,932941,3095,2952,--143,--407,45450,43253,--2197,--6086,KRX
20090727,-66400,5,-600,-0.90,733002,2973,3237,+264,--456,44671,48560,+3889,--6906,KRX
20090724,+67000,2,+2000,+3.08,940279,2240,2960,+720,--3152,33644,44439,+10795,--48630,KRX
20090723,-65000,5,-1700,-2.55,691160,1593,5465,+3872,+4303,24504,83929,+59425,+65861,KRX
20090722,+66700,2,+700,+1.06,878432,2743,2312,--431,+8220,41150,34714,--6436,+127168,KRX
20090721,+66000,2,+2500,+3.94,1536760,11879,3228,--8651,--11613,182861,49257,--133604,--180527,KRX
20090720,+63500,2,+1500,+2.42,825381,5636,8598,+2962,+2259,88974,135897,+46923,+35628,KRX
20090717,+62000,2,+200,+0.32,363224,1921,2624,+703,--322,31118,42413,+11295,--5293,KRX
20090716,+61800,2,+1400,+2.32,591650,1760,2785,+1025,+638,28483,45071,+16588,+10066,KRX
20090715,+60400,2,+1600,+2.72,506825,1781,2168,+387,+1162,29702,36224,+6522,+19865,KRX
20090714,-58800,5,-400,-0.68,601889,3462,2687,--775,--1913,58097,44754,--13343,--33244,KRX
20090713,-59200,5,-3200,-5.13,1030067,3214,4352,+1138,+2083,53173,73074,+19901,+35051,KRX
20090710,-62400,5,-1300,-2.04,600304,3371,2426,--945,+1144,53929,38779,--15150,+17837,KRX
20090709,+63700,2,+500,+0.79,796333,8735,6646,--2089,--3990,136509,103522,--32987,--62902,KRX
20090708,+63200,2,+200,+0.32,681118,1469,3370,+1901,+1361,23252,53167,+29915,+21299,KRX
20090707,-63000,5,-700,-1.10,524298,1609,2149,+540,+645,25433,34049,+8616,+9948,KRX
20090706,-63700,5,-1100,-1.70,679817,2943,2838,--105,+3868,45733,44401,--1332,+60818,KRX
20090703,+64800,2,+300,+0.47,800993,8436,4463,--3973,--680,131504,69354,--62150,--10811,KRX
20090702,+64500,2,+200,+0.31,655167,5835,2542,--3293,--7522,90942,39603,--51339,--118109,KRX
20090701,+64300,2,+3000,+4.89,1286329,1956,6185,+4229,--2331,30743,97513,+66770,--39240,KRX
20090630,-61300,5,-100,-0.16,1533302,1664,8224,+6560,+4582,27113,133123,+106010,+74025,KRX
20090629,-61400,5,-4100,-6.26,2013398,2733,4711,+1978,+1014,43717,75702,+31985,+17125,KRX
20090626,-65500,5,-3000,-4.38,5815796,6319,7283,+964,--3619,95904,110764,+14860,--52350,KRX
20090625,+68500,2,+800,+1.18,870904,3967,8550,+4583,+3529,58193,125403,+67210,+51733,KRX
20090624,+67700,2,+800,+1.20,892240,2307,3361,+1054,+2035,34199,49676,+15477,+29833,KRX
20090623,-66900,5,-3100,-4.43,1199130,5682,4701,--981,+1438,83829,69473,--14356,+20292,KRX
20090622,-70000,5,-200,-0.28,772878,10048,7629,--2419,+8378,143181,108533,--34648,+118478,KRX
20090619,-70200,5,-2100,-2.90,909286,14609,3812,--10797,--8880,207173,54047,--153126,--127702,KRX
20090618,-72300,5,-2400,-3.21,467869,5181,3264,--1917,--2158,70343,44919,--25424,--28803,KRX
20090617,+74700,2,+600,+0.81,1234600,3853,4094,+241,+2746,51360,54739,+3379,+37095,KRX
20090616,+74100,2,+100,+0.14,737167,8339,5834,--2505,+1445,112820,79104,--33716,+20148,KRX
20090615,+74000,2,+500,+0.68,761767,6628,2678,--3950,+396,90125,36261,--53864,+6133,KRX
20090612,+73500,2,+500,+0.68,608870,6353,2007,--4346,--7804,87487,27490,--59997,--109325,KRX
20090611,+73000,2,+3500,+5.04,1220651,9949,13407,+3458,+405,138267,187595,+49328,+4807,KRX
20090610,-69500,5,-300,-0.43,1250994,3856,6909,+3053,+10022,55839,100360,+44521,+143356,KRX
20090609,-69800,5,-2800,-3.86,1273463,10720,3751,--6969,--7536,151378,52543,--98835,--106562,KRX
20090608,-72600,5,-900,-1.22,423540,2981,3548,+567,+2386,40561,48288,+7727,+32884,KRX
20090605,+73500,2,+1800,+2.51,450032,5335,3516,--1819,+2139,73603,48446,--25157,+29429,KRX
20090604,-71700,5,-2100,-2.85,531336,5621,1663,--3958,--3361,77629,23043,--54586,--46521,KRX
20090603,-73800,5,-200,-0.27,918940,4078,3481,--597,+5595,54840,46775,--8065,+75998,KRX
20090602,+74000,2,+2600,+3.64,1521019,7867,1675,--6192,--5157,106816,22753,--84063,--70344,KRX
20090601,-71400,5,-1800,-2.46,1420031,6411,5376,--1035,--1546,89618,75899,--13719,--20362,KRX
20090529,+73200,2,+2100,+2.95,1016686,8917,9428,+511,--2546,122314,128957,+6643,--37438,KRX
20090528,-71100,5,-100,-0.14,927803,3852,6909,+3057,+3785,55008,99089,+44081,+53512,KRX
20090527,-71200,5,-500,-0.70,683572,6571,5843,--728,+4726,91137,81706,--9431,+65816,KRX
20090526,-71700,5,-500,-0.69,984881,8042,2588,--5454,--1811,110995,35748,--75247,--24428,KRX
20090525,-72200,5,-600,-0.82,1189600,8552,4909,--3643,--4605,118556,67737,--50819,--63508,KRX
20090522,-72800,5,-3200,-4.21,1889283,5266,6228,+962,--3313,71444,84133,+12689,--44164,KRX
20090521,-76000,5,-5300,-6.52,2453920,4107,8382,+4275,+5494,53135,109988,+56853,+72118,KRX
20090520,81300,3,0,0.00,538608,3257,2038,--1219,+4030,40418,25153,--15265,+49770,KRX
20090519,+81300,2,+3100,+3.96,771954,7155,1906,--5249,--1447,88553,23518,--65035,--16060,KRX
20090518,+78200,2,+800,+1.03,600270,5353,1551,--3802,--1362,68896,19921,--48975,--17841,KRX
20090515,+77400,2,+100,+0.13,1031632,6677,4237,--2440,+38,85671,54537,--31134,+903,KRX
20090514,-77300,5,-4100,-5.04,1206658,8720,6242,--2478,--6470,112085,80048,--32037,--81161,KRX
20090513,-81400,5,-1100,-1.33,1057080,3288,7280,+3992,--13,40410,89534,+49124,+745,KRX
20090512,-82500,5,-3500,-4.07,2079959,3757,7762,+4005,+6544,45153,93532,+48379,+77976,KRX
20090511,-86000,5,-1200,-1.38,726912,8823,6284,--2539,--7243,102946,73349,--29597,--84325,KRX
20090508,+87200,2,+700,+0.81,630851,3961,8665,+4704,+6816,46007,100735,+54728,+79397,KRX
20090507,+86500,2,+2300,+2.73,885212,7731,5619,--2112,+16502,89953,65284,--24669,+193637,KRX
20090506,-84200,5,-700,-0.82,928349,28446,9832,--18614,--12983,333063,114757,--218306,--151613,KRX
20090504,+84900,2,+1400,+1.68,471995,7252,1621,--5631,--7161,85816,19123,--66693,--84947,KRX
20090430,+83500,2,+3400,+4.24,716984,6979,8509,+1530,+232,83914,102168,+18254,+1923,KRX
20090429,+80100,2,+1500,+1.91,443096,4211,5509,+1298,--4952,52886,69217,+16331,--62379,KRX
20090428,-78600,5,-2900,-3.56,770862,2612,8862,+6250,+8770,32630,111340,+78710,+108537,KRX
20090427,-81500,5,-2200,-2.63,861897,6541,4021,--2520,--1034,78220,48393,--29827,--11822,KRX
20090424,+83700,2,+2400,+2.95,1206925,5949,4463,--1486,--2798,71513,53508,--18005,--34241,KRX
20090423,-81300,5,-600,-0.73,712585,6537,7849,+1312,+6249,80317,96553,+16236,+77116,KRX
20090422,+81900,2,+1000,+1.24,676887,7911,2974,--4937,--4520,97415,36535,--60880,--55622,KRX
20090421,-80900,5,-100,-0.12,768033,4838,4421,--417,+554,60853,55595,--5258,+7058,KRX
20090420,+81000,2,+400,+0.50,358036,4266,3295,--971,--941,53346,41030,--12316,--12492,KRX
20090417,-80600,5,-1100,-1.35,739331,7383,7353,--30,+1521,90849,91025,+176,+18703,KRX
20090416,-81700,5,-300,-0.37,672849,8601,7050,--1551,--3209,103930,85403,--18527,--38962,KRX
20090415,-82000,5,-1300,-1.56,633090,5091,6749,+1658,+6249,62072,82507,+20435,+75833,KRX
20090414,-83300,5,-200,-0.24,486499,9060,4469,--4591,+2603,108878,53480,--55398,+30706,KRX
20090413,+83500,2,+3400,+4.24,1317563,10723,3529,--7194,--5573,128500,42396,--86104,--65832,KRX
20090410,+80100,2,+1000,+1.26,857494,8050,6429,--1621,--4534,100638,80366,--20272,--56914,KRX
20090409,+79100,2,+3400,+4.49,746712,6956,9869,+2913,+202,88583,125225,+36642,+1073,KRX
20090408,-75700,5,-4100,-5.14,919121,3042,5753,+2711,+2946,39459,75028,+35569,+38353,KRX
20090407,+79800,2,+3000,+3.91,1065151,5085,4850,--235,+1073,64403,61619,--2784,+14012,KRX
20090406,+76800,2,+600,+0.79,999129,5688,4380,--1308,--922,72780,55984,--16796,--11487,KRX
20090403,+76200,2,+1900,+2.56,1624599,5971,5585,--386,--1843,78953,73644,--5309,--24709,KRX
20090402,+74300,2,+2100,+2.91,1530054,6052,7509,+1457,+2648,81191,100591,+19400,+36373,KRX
20090401,+72200,2,+4200,+6.18,1400845,6613,5422,--1191,--2202,94036,77063,--16973,--31069,KRX
20090331,+68000,2,+1300,+1.95,1487547,4657,5668,+1011,--2192,67695,81791,+14096,--32690,KRX
20090330,-66700,5,-3500,-4.99,1198698,2614,5817,+3203,+2952,38635,85421,+46786,+42248,KRX
20090327,-70200,5,-2800,-3.84,1100706,4563,4814,+251,+1387,63547,68085,+4538,+21035,KRX
20090326,+73000,2,+500,+0.69,1048048,8019,6883,--1136,--1467,111768,95271,--16497,--22582,KRX
20090325,+72500,2,+2900,+4.17,1615213,4185,4516,+331,--1033,58191,64276,+6085,--12886,KRX
20090324,+69600,2,+4200,+6.42,1665044,8518,9882,+1364,--2094,124985,143956,+18971,--34533,KRX
20090323,+65400,2,+3100,+4.98,1006073,2448,5906,+3458,+1184,37619,91123,+53504,+17316,KRX
20090320,+62300,2,+1000,+1.63,714551,3095,5369,+2274,--2675,49575,85763,+36188,--43892,KRX
20090319,-61300,5,-1700,-2.70,869255,2280,7229,+4949,+4943,36552,116632,+80080,+79973,KRX
20090318,63000,3,0,0.00,1042348,3840,3846,+6,--4309,60714,60821,+107,--69776,KRX
20090317,+63000,2,+2800,+4.65,1286566,2596,6911,+4315,+4785,42203,112086,+69883,+78202,KRX
20090316,+60200,2,+1200,+2.03,2461991,4487,4017,--470,--4932,73153,64834,--8319,--84180,KRX
20090313,+59000,2,+1000,+1.72,7742698,3544,8006,+4462,--2470,60726,136587,+75861,--42634,KRX
20090312,-58000,5,-2000,-3.33,1863699,10243,17175,+6932,+5043,176583,295078,+118495,+87617,KRX
20090311,+60000,2,+2000,+3.45,1364255,3904,5793,+1889,--2218,64462,95340,+30878,--41735,KRX
20090310,+58000,2,+2100,+3.76,876347,2002,6109,+4107,+7266,35337,107950,+72613,+129829,KRX
20090309,+55900,2,+300,+0.54,1258958,6944,3785,--3159,--6238,124879,67663,--57216,--111808,KRX
20090306,-55600,5,-2400,-4.14,920424,2392,5471,+3079,+5426,42519,97111,+54592,+93412,KRX
20090305,-58000,5,-2300,-3.81,1009965,7214,4867,--2347,--1787,120701,81881,--38820,--27837,KRX
20090304,+60300,2,+4800,+8.65,1610942,6763,6203,--560,--3972,117798,106815,--10983,--73155,KRX
20090303,55500,3,0,0.00,609757,2936,6348,+3412,+7967,53136,115308,+62172,+142455,KRX
20090302,-55500,5,-4300,-7.19,706794,8050,3495,--4555,--3143,142710,62427,--80283,--56619,KRX
20090227,-59800,5,-200,-0.33,505417,4673,3261,--1412,--3437,78291,54627,--23664,--54601,KRX
20090226,-60000,5,-2900,-4.61,657227,3706,5731,+2025,+2440,61288,92225,+30937,+35295,KRX
20090225,-62900,5,-2300,-3.53,711029,3994,3579,--415,+3981,61076,56718,--4358,+62707,KRX
20090224,-65200,5,-3300,-4.82,390501,7094,2698,--4396,--2136,108250,41185,--67065,--33052,KRX
20090223,+68500,2,+2200,+3.32,553497,5745,3485,--2260,--2159,86159,52146,--34013,--33263,KRX
20090220,-66300,5,-4200,-5.96,413893,4800,4699,--101,+4231,70518,69768,--750,+61020,KRX
20090219,70500,3,0,0.00,761872,8336,4004,--4332,+2723,118931,57161,--61770,+37383,KRX
20090218,-70500,5,-2400,-3.29,549346,11807,4752,--7055,--6000,165847,66694,--99153,--86405,KRX
20090217,-72900,5,-4800,-6.18,416367,5799,4744,--1055,+1290,76833,64085,--12748,+17537,KRX
20090216,+77700,2,+2200,+2.91,543652,4790,2445,--2345,--4588,61842,31557,--30285,--60205,KRX
20090213,+75500,2,+800,+1.07,272354,3165,5408,+2243,+10782,42434,72354,+29920,+143267,KRX
20090212,-74700,5,-1800,-2.35,411650,13120,4581,--8539,--3641,174609,61262,--113347,--50081,KRX
20090211,+76500,2,+400,+0.53,672330,8268,3370,--4898,--5079,107165,43899,--63266,--65934,KRX
20090210,+76100,2,+2900,+3.96,764799,5856,6037,+181,--2280,78116,80784,+2668,--30957,KRX
20090209,-73200,5,-100,-0.14,422400,2684,5145,+2461,--146,36655,70280,+33625,--2388,KRX
20090206,+73300,2,+1500,+2.09,479508,5458,8065,+2607,--570,75506,111519,+36013,--7500,KRX
20090205,-71800,5,-3400,-4.52,583920,3604,6781,+3177,--151,49531,93044,+43513,--1018,KRX
20090204,+75200,2,+1900,+2.59,403100,3005,6333,+3328,+3905,40400,84931,+44531,+52787,KRX
20090203,+73300,2,+1500,+2.09,478413,6189,5612,--577,+4360,85484,77228,--8256,+60276,KRX
20090202,-71800,5,-400,-0.55,382459,6784,1847,--4937,--4396,93939,25407,--68532,--61010,KRX
20090130,+72200,2,+2000,+2.85,650338,3340,2799,--541,--3357,46498,38976,--7522,--47636,KRX
20090129,-70200,5,-600,-0.85,539468,3102,5918,+2816,--49,44162,84276,+40114,--600,KRX
20090128,+70800,2,+2400,+3.51,686336,3351,6216,+2865,+5354,47715,88429,+40714,+77090,KRX
20090123,+68400,2,+2200,+3.32,1172919,5895,3406,--2489,--1207,86013,49637,--36376,--16205,KRX
20090122,+66200,2,+3100,+4.91,578145,5690,4408,--1282,+340,86964,66793,--20171,+5177,KRX
20090121,-63100,5,-1300,-2.02,463502,4461,2839,--1622,+1856,70040,44692,--25348,+28895,KRX
20090120,-64400,5,-2100,-3.16,312259,5764,2286,--3478,--960,89777,35534,--54243,--16277,KRX
20090119,+66500,2,+3200,+5.06,474300,5589,3071,--2518,--1287,84603,46637,--37966,--18325,KRX
20090116,+63300,2,+2600,+4.28,335981,4939,3708,--1231,+4554,79180,59539,--19641,+70299,KRX
20090115,-60700,5,-6300,-9.40,520105,10036,4251,--5785,--6727,158797,68857,--89940,--103466,KRX
20090114,+67000,2,+3500,+5.51,591597,4130,5072,+942,+2635,62840,76366,+13526,+40546,KRX
20090113,-63500,5,-100,-0.16,359498,4736,3043,--1693,--3247,74953,47933,--27020,--51661,KRX
20090112,-63600,5,-2200,-3.34,351615,3788,5342,+1554,+969,59350,83991,+24641,+16176,KRX
20090109,-65800,5,-1400,-2.08,421248,4252,4837,+585,+1667,63992,72457,+8465,+24832,KRX
20090108,-67200,5,-2000,-2.89,423890,8050,6968,--1082,--1538,120119,103752,--16367,--22757,KRX
20090107,+69200,2,+1100,+1.62,818981,5716,6172,+456,--3869,83556,89946,+6390,--57158,KRX
20090106,+68100,2,+1000,+1.49,526933,3655,7980,+4325,+10378,53933,117481,+63548,+154312,KRX
20090105,+67100,2,+1700,+2.60,621396,8612,2559,--6053,--3769,128922,38158,--90764,--54539,KRX
20090102,+65400,2,+2500,+3.97,576712,5158,2874,--2284,--5689,80800,44575,--36225,--91206,KRX
20081230,+62900,2,+2000,+3.28,391036,2584,5989,+3405,+2537,41849,96830,+54981,+41176,KRX
20081229,+60900,2,+2900,+5.00,508818,4013,4881,+868,+1261,66880,80685,+13805,+20089,KRX
20081226,-58000,5,-2000,-3.33,366577,3027,2634,--393,--2026,51247,44963,--6284,--33090,KRX
20081224,-60000,5,-2900,-4.61,449612,2176,3809,+1633,+272,36142,62948,+26806,+5108,KRX
20081223,-62900,5,-1000,-1.56,405696,2007,3368,+1361,+461,31991,53689,+21698,+7819,KRX
20081222,-63900,5,-100,-0.16,496918,3386,4286,+900,--2750,53132,67011,+13879,--43297,KRX
20081219,-64000,5,-500,-0.78,483979,2746,6396,+3650,--1633,43189,100365,+57176,--26343,KRX
20081218,+64500,2,+200,+0.31,820584,2359,7642,+5283,+3660,37469,120988,+83519,+56540,KRX
20081217,-64300,5,-3500,-5.16,1313771,5057,6680,+1623,+1891,77118,104097,+26979,+31313,KRX
20081216,+67800,2,+1300,+1.95,756065,6648,6380,--268,--1771,98387,94053,--4334,--28640,KRX
20081215,+66500,2,+5300,+8.66,797621,4411,5914,+1503,+321,66376,90682,+24306,+5386,KRX
20081212,-61200,5,-3000,-4.67,673976,5874,7056,+1182,--2522,94377,113297,+18920,--38792,KRX
20081211,-64200,5,-700,-1.08,1039560,11646,15350,+3704,--582,180434,238146,+57712,--8787,KRX
20081210,+64900,2,+1700,+2.69,1050300,5721,10007,+4286,+6118,88294,154793,+66499,+97920,KRX
20081209,-63200,5,-2400,-3.66,1303070,10549,8717,--1832,--9184,161878,130457,--31421,--146176,KRX
20081208,+65600,1,+8500,+14.89,1603683,4036,11388,+7352,+3110,63627,178382,+114755,+41726,KRX
20081205,-57100,5,-400,-0.70,644060,1852,6094,+4242,+5023,32486,105515,+73029,+86186,KRX
20081204,-57500,5,-500,-0.86,791043,4030,3249,--781,--354,68352,55195,--13157,--4628,KRX
20081203,+58000,2,+2000,+3.57,1198961,8504,8077,--427,--936,144844,136315,--8529,--17356,KRX
20081202,+56000,2,+1000,+1.82,1342295,5006,5515,+509,--711,89311,98138,+8827,--10403,KRX
20081201,+55000,2,+2400,+4.56,1136995,6180,7400,+1220,+580,112649,131879,+19230,+9532,KRX
20081128,-52600,5,-700,-1.31,1194143,7128,7768,+640,--1005,132943,142641,+9698,--21302,KRX
20081127,+53300,1,+6900,+14.87,2175740,3200,4845,+1645,--2578,61430,92430,+31000,--60700,KRX
20081126,+46400,2,+1400,+3.11,659728,2390,6613,+4223,+76,52110,143810,+91700,+330,KRX
20081125,-45000,5,-2000,-4.26,1309728,3489,7636,+4147,+4970,73736,165106,+91370,+106270,KRX
20081124,-47000,5,-5000,-9.62,978673,5277,4454,--823,--5066,106338,91438,--14900,--97850,KRX
20081121,+52000,2,+3750,+7.77,1981669,4271,8514,+4243,+4725,86760,169710,+82950,+92849,KRX
20081120,-48250,5,-5950,-10.98,647836,3877,3395,--482,+1672,79020,69121,--9899,+28912,KRX
20081119,-54200,5,-2100,-3.73,494244,5693,3539,--2154,+709,103507,64696,--38811,+11565,KRX
20081118,-56300,5,-2300,-3.92,533039,7413,4550,--2863,--5119,130009,79633,--50376,--86452,KRX
20081117,-58600,5,-1300,-2.17,528052,5272,7528,+2256,+3074,89607,125683,+36076,+48033,KRX
20081114,+59900,2,+1100,+1.87,1138291,6061,5243,--818,+1365,97644,85687,--11957,+27762,KRX
20081113,-58800,5,-2200,-3.61,785481,7552,5369,--2183,--4424,133231,93512,--39719,--75794,KRX
20081112,-61000,5,-2000,-3.17,909504,4786,7027,+2241,+1212,77007,113082,+36075,+20127,KRX
20081111,-63000,5,-4600,-6.80,1255912,4452,5481,+1029,+2351,67952,83900,+15948,+35360,KRX
20081110,+67600,1,+8800,+14.97,2080437,9549,8227,--1322,--1390,145319,125907,--19412,--17996,KRX
20081107,+58800,2,+6100,+11.57,1351800,6632,6700,+68,--2348,124858,123442,--1416,--44894,KRX
20081106,-52700,4,-9300,-15.00,833499,4097,6513,+2416,--136,73487,116965,+43478,+2614,KRX
20081105,+62000,2,+4500,+7.83,1095139,5378,7930,+2552,--2051,87788,128652,+40864,--41979,KRX
20081104,+57500,2,+1200,+2.13,804720,3202,7805,+4603,+4234,58552,141395,+82843,+76781,KRX
20081103,+56300,2,+800,+1.44,1443385,9787,10156,+369,--2263,165488,171550,+6062,--43218,KRX
20081031,+55500,1,+7200,+14.91,1129841,6666,9298,+2632,+1912,124480,173760,+49280,+33020,KRX
20081030,+48300,1,+6300,+15.00,860005,2308,3028,+720,+6153,49430,65690,+16260,+131660,KRX
20081029,-42000,5,-4000,-8.70,1560403,11782,6349,--5433,--2406,253850,138450,--115400,--43450,KRX
20081028,+46000,1,+6000,+15.00,936458,6090,3063,--3027,--2795,142540,70590,--71950,--65850,KRX
20081027,+40000,2,+600,+1.52,956849,6441,6209,--232,--272,162000,155900,--6100,--6960,KRX
20081024,-39400,5,-4850,-10.96,1503537,4582,4622,+40,--573,109350,110210,+860,--13064,KRX
20081023,-44250,5,-7750,-14.90,1486050,5694,6307,+613,+4088,123101,137025,+13924,+79948,KRX
20081022,-52000,5,-4800,-8.45,969277,9035,5560,--3475,+356,168866,102842,--66024,+55,KRX
20081021,-56800,5,-200,-0.35,924500,8055,4224,--3831,--20574,138913,72834,--66079,--378599,KRX
20081020,+57000,2,+1500,+2.70,1493850,3579,20322,+16743,+9472,66642,379162,+312520,+181511,KRX
20081017,-55500,5,-6200,-10.05,1162365,6266,13537,+7271,+5411,104375,235384,+131009,+100198,KRX
20081016,-61700,4,-10800,-14.90,1043372,4228,6088,+1860,+975,65718,96529,+30811,+18709,KRX
20081015,-72500,5,-2100,-2.82,561111,5589,6474,+885,--545,77304,89406,+12102,--7097,KRX
20081014,+74600,2,+6900,+10.19,880601,6325,7755,+1430,--365,85027,104226,+19199,--8147,KRX
20081013,+67700,2,+6300,+10.26,754817,5552,7347,+1795,+4030,83987,111333,+27346,+66321,KRX
20081010,-61400,5,-2300,-3.61,1063081,7537,5302,--2235,--2787,129466,90491,--38975,--46962,KRX
20081009,+63700,2,+800,+1.27,1826417,9555,10107,+552,+282,150704,158691,+7987,+1035,KRX
20081008,-62900,4,-11100,-15.00,1506053,5998,6268,+270,--7332,89025,95977,+6952,--96027,KRX
20081007,-74000,5,-4000,-5.13,1118084,3112,10714,+7602,+3709,42252,145231,+102979,+51490,KRX
20081006,-78000,5,-6800,-8.02,628344,7493,11386,+3893,--6086,94200,145689,+51489,--65690,KRX
20081002,-84800,5,-1700,-1.97,372134,2644,12623,+9979,+11929,30961,148140,+117179,+139752,KRX
20081001,-86500,5,-400,-0.46,379032,6132,4182,--1950,--4512,70927,48354,--22573,--52230,KRX
20080930,-86900,5,-3100,-3.44,861781,9009,11571,+2562,+1176,104417,134074,+29657,+14342,KRX
20080929,-90000,5,-2800,-3.02,741616,10397,11783,+1386,+438,115901,131216,+15315,+4903,KRX
20080926,-92800,5,-1700,-1.80,395371,3299,4247,+948,+669,35664,46076,+10412,+7338,KRX
20080925,+94500,2,+200,+0.21,454573,7735,8014,+279,+889,81972,85046,+3074,+9587,KRX
20080924,+94300,2,+4300,+4.78,786128,6518,5908,--610,--4477,69291,62778,--6513,--49581,KRX
20080923,+90000,2,+1900,+2.16,571228,4294,8161,+3867,+2144,47837,90905,+43068,+23756,KRX
20080922,+88100,2,+300,+0.34,488208,4971,6694,+1723,--12457,55967,75279,+19312,--145130,KRX
20080919,+87800,2,+6300,+7.73,726903,3989,18169,+14180,+15827,46024,210466,+164442,+184577,KRX
20080918,-81500,5,-1000,-1.21,479519,7366,5719,--1647,--9658,90841,70706,--20135,--116352,KRX
20080917,+82500,2,+2500,+3.13,777285,6161,14172,+8011,+14979,74672,170889,+96217,+186247,KRX
20080916,-80000,5,-6400,-7.41,722318,18440,11472,--6968,--15801,233937,143907,--90030,--192834,KRX
20080912,+86400,2,+2400,+2.86,366323,2587,11420,+8833,+17881,30102,132906,+102804,+209872,KRX
20080911,-84000,5,-900,-1.06,501450,24441,15393,--9048,--12607,289638,182570,--107068,--149354,KRX
20080910,+84900,2,+2400,+2.91,424953,5723,9282,+3559,+9593,69191,111477,+42286,+114671,KRX
20080909,-82500,5,-2400,-2.83,432866,11182,5148,--6034,--5282,134416,62031,--72385,--63521,KRX
20080908,+84900,2,+6000,+7.60,628046,12462,11710,--752,+3269,148000,139136,--8864,+41906,KRX
20080905,-78900,5,-1000,-1.25,502488,7961,3940,--4021,--8542,100426,49656,--50770,--107186,KRX
20080904,+79900,2,+3000,+3.90,757573,7844,12365,+4521,+6746,97831,154247,+56416,+85087,KRX
20080903,+76900,2,+4000,+5.49,723075,5979,3754,--2225,--16448,78202,49531,--28671,--226545,KRX
20080902,+72900,2,+3400,+4.89,1445179,2920,17143,+14223,+3115,40311,238185,+197874,+39288,KRX
20080901,-69500,5,-8900,-11.35,2848915,4188,15296,+11108,+4209,58452,217038,+158586,+73220,KRX
20080829,-78400,4,-13800,-14.97,3447772,8151,15050,+6899,+6585,101520,186886,+85366,+81449,KRX
20080828,-92200,5,-1400,-1.50,382616,4467,4781,+314,--5734,47377,51294,+3917,--60607,KRX
20080827,+93600,2,+600,+0.65,218359,1930,7978,+6048,--1037,20736,85260,+64524,--11996,KRX
20080826,+93000,2,+500,+0.54,208403,1253,8338,+7085,+3494,13513,90033,+76520,+37638,KRX
20080825,-92500,5,-500,-0.54,316292,2969,6560,+3591,+363,32231,71113,+38882,+4410,KRX
20080822,-93000,5,-5100,-5.20,505556,5729,8957,+3228,+3737,61796,96268,+34472,+39308,KRX
20080821,-98100,5,-2900,-2.87,268613,6493,5984,--509,--4491,65630,60794,--4836,--44717,KRX
20080820,+101000,2,+1000,+1.00,340349,4924,8906,+3982,+4488,48823,88704,+39881,+44958,KRX
20080819,-100000,5,-500,-0.50,358130,4102,3596,--506,+3420,41071,35994,--5077,+33667,KRX
20080818,+100500,2,+2300,+2.34,593069,8929,5003,--3926,--6245,88358,49614,--38744,--62296,KRX
20080814,+98200,2,+1900,+1.97,283338,6516,8835,+2319,+6547,66477,90029,+23552,+67593,KRX
20080813,-96300,5,-1600,-1.63,227919,6966,2738,--4228,--1584,72463,28422,--44041,--16919,KRX
20080812,-97900,5,-100,-0.10,300858,4420,1776,--2644,--6970,45405,18283,--27122,--70975,KRX
20080811,+98000,2,+1000,+1.03,283434,2376,6702,+4326,+9096,24158,68011,+43853,+92502,KRX
20080808,+97000,2,+2700,+2.86,554847,9199,4429,--4770,--284,94499,45850,--48649,--225,KRX
20080807,+94300,2,+900,+0.96,504542,9230,4744,--4486,+495,99093,50669,--48424,+5130,KRX
20080806,+93400,2,+2900,+3.20,373641,9785,4804,--4981,--10858,105195,51641,--53554,--117631,KRX
20080805,-90500,5,-1500,-1.63,306707,3538,9415,+5877,+3916,38667,102744,+64077,+42752,KRX
20080804,-92000,5,-3100,-3.26,423611,5059,7020,+1961,--1650,55756,77081,+21325,--16805,KRX
20080801,-95100,5,-4900,-4.90,404441,3767,7378,+3611,--809,39096,77226,+38130,--6133,KRX
20080731,+100000,2,+1000,+1.01,463942,3444,7864,+4420,+172,34721,78984,+44263,+1330,KRX
20080730,+99000,2,+900,+0.92,251240,5771,10019,+4248,+2647,58302,101235,+42933,+26373,KRX
20080729,-98100,5,-1100,-1.11,360678,6462,8063,+1601,--166,66961,83521,+16560,--1202,KRX
20080728,+99200,2,+500,+0.51,150876,2686,4453,+1767,--2314,27044,44806,+17762,--23519,KRX
20080725,-98700,5,-500,-0.50,401371,2422,6503,+4081,--778,24478,65759,+41281,--7592,KRX
20080724,+99200,2,+1600,+1.64,579120,5268,10127,+4859,+2090,53127,102000,+48873,+20186,KRX
20080723,+97600,2,+4600,+4.95,705598,6661,9430,+2769,+2181,68282,96969,+28687,+22282,KRX
20080722,+93000,2,+1000,+1.09,366949,3570,4158,+588,--3519,38403,44808,+6405,--38271,KRX
20080721,+92000,2,+2800,+3.14,457392,6844,10951,+4107,+5638,74021,118697,+44676,+61718,KRX
20080718,+89200,2,+1200,+1.36,539643,6154,4623,--1531,+6619,68418,51376,--17042,+74533,KRX
20080717,+88000,2,+900,+1.03,407378,10722,2572,--8150,--16232,120527,28952,--91575,--184724,KRX
20080716,-87100,5,-400,-0.46,383743,4834,12916,+8082,+1824,55969,149118,+93149,+21615,KRX
20080715,-87500,5,-2900,-3.21,372326,3498,9756,+6258,+3976,39856,111390,+71534,+46596,KRX
20080714,+90400,2,+200,+0.22,541435,6353,8635,+2282,+13000,69703,94641,+24938,+144580,KRX
20080711,+90200,2,+3500,+4.04,853791,14343,3625,--10718,--8409,160061,40419,--119642,--93269,KRX
20080710,+86700,2,+3400,+4.08,691096,15222,12913,--2309,+2136,176830,150457,--26373,+26881,KRX
20080709,+83300,2,+1200,+1.46,668803,7476,3031,--4445,--7313,89336,36082,--53254,--89139,KRX
20080708,-82100,5,-1100,-1.32,726522,5239,8107,+2868,--6685,63924,99809,+35885,--80185,KRX
20080707,-83200,5,-900,-1.07,779666,3483,13036,+9553,+6109,42322,158392,+116070,+75021,KRX
20080704,-84100,5,-2500,-2.89,548221,3350,6794,+3444,--3927,39120,80169,+41049,--44681,KRX
20080703,-86600,5,-100,-0.12,1001999,6346,13717,+7371,--492,73039,158769,+85730,--4977,KRX
20080702,-86700,5,-7000,-7.47,1716699,9983,17846,+7863,--7050,115018,205725,+90707,--66759,KRX
20080701,-93700,5,-5300,-5.35,1016779,3364,18277,+14913,+8344,35435,192901,+157466,+91798,KRX
20080630,-99000,5,-3000,-2.94,409297,4682,11251,+6569,+2769,46837,112505,+65668,+28055,KRX
20080627,-102000,5,-1000,-0.97,288470,2086,5886,+3800,+2346,20610,58223,+37613,+23749,KRX
20080626,+103000,2,+2000,+1.98,482543,3454,4908,+1454,--2738,33614,47478,+13864,--27570,KRX
20080625,-101000,5,-2500,-2.42,925002,4701,8893,+4192,+2884,46953,88387,+41434,+28488,KRX
20080624,+103500,2,+500,+0.49,403172,3991,5299,+1308,--470,39060,52006,+12946,--4499,KRX
20080623,-103000,5,-1000,-0.96,443514,5275,7053,+1778,+5095,51796,69241,+17445,+49389,KRX
20080620,-104000,5,-1000,-0.95,440263,9419,6102,--3317,+2404,90386,58442,--31944,+22839,KRX
20080619,-105000,5,-1000,-0.94,501215,8177,2456,--5721,--7723,78275,23492,--54783,--73758,KRX
20080618,+106000,2,+1000,+0.95,661704,4475,6477,+2002,--1668,42836,61811,+18975,--15911,KRX
20080617,-105000,5,-4000,-3.67,944171,7058,10728,+3670,+1241,67933,102819,+34886,+12255,KRX
20080616,-109000,5,-3000,-2.68,567150,3723,6152,+2429,--772,33884,56515,+22631,--6308,KRX
20080613,-112000,5,-3500,-3.03,648489,7028,10229,+3201,+7719,62828,91767,+28939,+68150,KRX
20080612,-115500,5,-3500,-2.94,523565,17721,13203,--4518,--4395,153479,114268,--39211,--38046,KRX
20080611,119000,3,0,0.00,499667,5564,5441,--123,+7720,47126,45961,--1165,+64229,KRX
20080610,-119000,5,-4500,-3.64,542786,10592,2749,--7843,--7310,88435,23041,--65394,--60934,KRX
20080609,+123500,2,+1500,+1.23,732194,5866,5333,--533,--2392,47866,43406,--4460,--19330,KRX
20080605,+122000,2,+5500,+4.72,897700,8814,10673,+1859,--2693,73117,87987,+14870,--23860,KRX
20080604,+116500,2,+1000,+0.87,495625,2228,6780,+4552,+5245,19059,57789,+38730,+44702,KRX
20080603,-115500,5,-5000,-4.15,594122,6211,5518,--693,+5346,53521,47549,--5972,+44221,KRX
20080602,-120500,5,-2000,-1.63,462276,8919,2880,--6039,--9020,74062,23869,--50193,--74432,KRX
20080530,+122500,2,+500,+0.41,408485,4152,7133,+2981,--1483,34183,58422,+24239,--12938,KRX
20080529,+122000,2,+4000,+3.39,600261,4751,9215,+4464,+888,39382,76559,+37177,+6547,KRX
20080528,-118000,5,-3500,-2.88,668404,9259,12835,+3576,+3057,77098,107728,+30630,+26325,KRX
20080527,+121500,2,+1500,+1.25,579360,3966,4485,+519,--213,32600,36905,+4305,--1867,KRX
20080526,120000,3,0,0.00,586319,4517,5249,+732,+3146,37686,43858,+6172,+26084,KRX
20080523,+120000,2,+3000,+2.56,1012937,8670,6256,--2414,--405,71553,51641,--19912,--2284,KRX
20080522,-117000,5,-500,-0.43,507158,7843,5834,--2009,+305,67710,50082,--17628,+2682,KRX
20080521,+117500,2,+500,+0.43,755770,11257,8943,--2314,+3315,96786,76476,--20310,+28261,KRX
20080520,+117000,2,+4000,+3.54,1328947,9593,3964,--5629,--7258,82701,34130,--48571,--63128,KRX
20080519,+113000,2,+5000,+4.63,873155,5112,6741,+1629,+4835,45976,60533,+14557,+44464,KRX
20080516,+108000,2,+2500,+2.37,603688,9965,6759,--3206,--176,93002,63095,--29907,--1016,KRX
20080515,+105500,2,+500,+0.48,625261,10803,7773,--3030,--6067,102550,73659,--28891,--57730,KRX
20080514,-105000,5,-4000,-3.67,703842,4550,7587,+3037,+627,43314,72153,+28839,+6621,KRX
20080513,-109000,5,-2500,-2.24,475302,3532,5942,+2410,+10739,32701,54919,+22218,+96977,KRX
20080509,+111500,2,+500,+0.45,634109,13018,4689,--8329,--12522,116978,42219,--74759,--113473,KRX
20080508,+111000,2,+6000,+5.71,1239938,11402,15595,+4193,+5674,103493,142207,+38714,+53312,KRX
20080507,+105000,2,+2500,+2.44,781669,10230,8749,--1481,--2631,97869,83271,--14598,--25956,KRX
20080506,-102500,5,-4000,-3.76,581060,2973,4123,+1150,+1839,28590,39948,+11358,+17792,KRX
20080502,+106500,2,+1000,+0.95,547654,4086,3397,--689,--4456,38380,31946,--6434,--42574,KRX
20080430,+105500,2,+2000,+1.93,643117,2737,6504,+3767,+2284,26140,62280,+36140,+21727,KRX
20080429,-103500,5,-1500,-1.43,485930,2972,4455,+1483,+4893,28904,43317,+14413,+47338,KRX
20080428,-105000,5,-3000,-2.78,863038,6367,2957,--3410,+7829,61075,28150,--32925,+69967,KRX
20080425,-108000,5,-3500,-3.14,863092,17706,6467,--11239,--4305,161786,58894,--102892,--42168,KRX
20080424,-111500,5,-3000,-2.62,561922,10038,3104,--6934,--12104,88555,27831,--60724,--106182,KRX
20080423,+114500,2,+4000,+3.62,665433,4310,9480,+5170,+10492,37731,83189,+45458,+93340,KRX
20080422,-110500,5,-1500,-1.34,561208,8992,3670,--5322,--1313,80982,33100,--47882,--11968,KRX
20080421,+112000,2,+4500,+4.19,522316,6347,2338,--4009,--8898,56956,21042,--35914,--81447,KRX
20080418,-107500,5,-1500,-1.38,579710,935,5824,+4889,+6765,8739,54272,+45533,+62302,KRX
20080417,-109000,5,-1500,-1.36,621361,4372,2496,--1876,--8407,39449,22680,--16769,--74856,KRX
20080416,+110500,2,+2500,+2.31,744734,7178,13709,+6531,+6022,64611,122698,+58087,+53576,KRX
20080415,+108000,2,+2000,+1.89,543120,4159,4668,+509,+2409,38355,42866,+4511,+21900,KRX
20080414,-106000,5,-7000,-6.19,856233,6214,4314,--1900,--6204,57807,40418,--17389,--55815,KRX
20080411,-113000,5,-4000,-3.42,1397941,5715,10019,+4304,+4050,51505,89931,+38426,+35594,KRX
20080410,-117000,5,-3500,-2.90,960055,11119,11373,+254,+159,93962,96794,+2832,+2183,KRX
20080408,+120500,2,+500,+0.42,492771,4320,4415,+95,--6845,35989,36638,+649,--56987,KRX
20080407,-120000,5,-5000,-4.00,1148089,6771,13711,+6940,+7186,56398,114034,+57636,+59556,KRX
20080404,-125000,5,-2500,-1.96,689286,4414,4168,--246,--5809,34562,32642,--1920,--46068,KRX
20080403,+127500,2,+2000,+1.59,689808,6244,11807,+5563,+3735,49601,93749,+44148,+29767,KRX
20080402,-125500,5,-2500,-1.95,737172,4308,6136,+1828,+3266,33929,48310,+14381,+25213,KRX
20080401,-128000,5,-4500,-3.40,568753,7804,6366,--1438,--3147,60195,49363,--10832,--23600,KRX
20080331,-132500,5,-3000,-2.21,276585,6606,8315,+1709,+66,49547,62315,+12768,+818,KRX
20080328,+135500,2,+1500,+1.12,416729,6777,8420,+1643,--1348,50136,62086,+11950,--10661,KRX
20080327,+134000,2,+1000,+0.75,311978,3093,6084,+2991,+5689,23500,46111,+22611,+42875,KRX
20080326,+133000,2,+1000,+0.76,416582,6721,4023,--2698,--3120,50427,30163,--20264,--22823,KRX
20080325,+132000,2,+6000,+4.76,707665,7715,8137,+422,+2089,58955,61514,+2559,+15883,KRX
20080324,+126000,2,+1500,+1.20,262171,3776,2109,--1667,--3626,30128,16804,--13324,--29105,KRX
20080321,+124500,2,+4500,+3.75,345386,3751,5710,+1959,--5621,30319,46100,+15781,--47202,KRX
20080320,+120000,2,+1000,+0.84,870834,5569,13149,+7580,+2458,46373,109356,+62983,+20137,KRX
20080319,+119000,2,+6000,+5.31,517910,5205,10327,+5122,--1718,43684,86530,+42846,--16749,KRX
20080318,-113000,5,-3000,-2.59,518942,5387,12227,+6840,+994,47089,106684,+59595,+9007,KRX
20080317,-116000,5,-5000,-4.13,427517,4944,10790,+5846,+7184,43224,93812,+50588,+62198,KRX
20080314,-121000,5,-2000,-1.63,546625,6506,5168,--1338,--1886,54277,42667,--11610,--15820,KRX
20080313,-123000,5,-5000,-3.91,637839,9922,10470,+548,--885,80305,84515,+4210,--6537,KRX
20080312,+128000,2,+5000,+4.07,692270,6532,7965,+1433,--4196,50506,61253,+10747,--35937,KRX
20080311,+123000,2,+1000,+0.82,605440,4928,10557,+5629,--10306,40597,87281,+46684,--83865,KRX
20080310,-122000,5,-8000,-6.15,605272,1713,17648,+15935,+19150,13952,144501,+130549,+155130,KRX
20080307,-130000,5,-5000,-3.70,446941,7354,4139,--3215,--5726,56514,31933,--24581,--43029,KRX
20080306,+135000,2,+1500,+1.12,348081,4629,7140,+2511,+274,34260,52708,+18448,+1115,KRX
20080305,+133500,2,+2500,+1.91,360830,2096,4333,+2237,+6315,15911,33244,+17333,+48426,KRX
20080304,-131000,5,-1500,-1.13,286191,5719,1641,--4078,+5525,43544,12451,--31093,+41571,KRX
20080303,-132500,5,-7000,-5.02,504812,15096,5493,--9603,--1776,114183,41519,--72664,--15995,KRX
20080229,+139500,2,+2000,+1.45,373969,11186,3359,--7827,--6902,80792,24123,--56669,--49728,KRX
20080228,+137500,2,+3500,+2.61,591498,5086,4161,--925,--2598,37615,30674,--6941,--18885,KRX
20080227,134000,3,0,0.00,649780,2077,3750,+1673,+6296,15107,27051,+11944,+46270,KRX
20080226,-134000,5,-500,-0.37,279319,6025,1402,--4623,--1920,44764,10438,--34326,--14092,KRX
20080225,+134500,2,+1000,+0.75,279548,9177,6474,--2703,+2243,68282,48048,--20234,+17014,KRX
20080222,-133500,5,-1000,-0.74,502437,8016,3070,--4946,--8174,60241,22993,--37248,--61027,KRX
20080221,+134500,2,+6000,+4.67,607488,3967,7195,+3228,+5149,29406,53185,+23779,+38170,KRX
20080220,-128500,5,-1000,-0.77,633629,8588,6667,--1921,--8843,65568,51177,--14391,--68543,KRX
20080219,+129500,2,+4500,+3.60,348631,2498,9420,+6922,+4714,19404,73556,+54152,+37163,KRX
20080218,-125000,5,-2500,-1.96,437329,4856,7064,+2208,+5965,38758,55747,+16989,+45754,KRX
20080215,+127500,2,+1500,+1.19,824674,9437,5680,--3757,--11720,72836,44071,--28765,--91827,KRX
20080214,+126000,2,+13000,+11.50,1035595,6005,13968,+7963,+9802,48285,111347,+63062,+79233,KRX
20080213,+113000,2,+500,+0.44,264727,4356,2517,--1839,+381,38300,22129,--16171,+4028,KRX
20080212,+112500,2,+3000,+2.74,554860,6166,3946,--2220,--1563,55132,34933,--20199,--14065,KRX
20080211,-109500,5,-4000,-3.52,410768,4924,4267,--657,--567,45548,39414,--6134,--5225,KRX
20080205,+113500,2,+2000,+1.79,656141,4106,4016,--90,+619,36435,35526,--909,+4912,KRX
20080204,+111500,1,+14500,+14.95,799836,4390,3681,--709,--1172,39884,34063,--5821,--10537,KRX
20080201,+97000,2,+4900,+5.32,742957,7669,8132,+463,--2317,78364,83080,+4716,--25292,KRX
20080131,-92100,5,-400,-0.43,896125,8189,10969,+2780,+9636,88792,118800,+30008,+102681,KRX
20080130,-92500,5,-14500,-13.55,1130208,14310,7454,--6856,--12743,151041,78368,--72673,--127200,KRX
20080129,-107000,5,-3000,-2.73,476960,3991,9878,+5887,+7088,37017,91544,+54527,+65145,KRX
20080128,-110000,5,-3500,-3.08,547267,7196,5995,--1201,--2315,64282,53664,--10618,--20880,KRX
20080125,+113500,2,+8500,+8.10,943335,6814,7928,+1114,--2842,60435,70697,+10262,--27533,KRX
20080124,+105000,2,+5000,+5.00,652973,6492,10448,+3956,--2842,62178,99973,+37795,--28853,KRX
20080123,-100000,5,-2500,-2.44,976119,5630,12428,+6798,+4985,55196,121844,+66648,+49352,KRX
20080122,-102500,5,-12500,-10.87,1229722,11554,13367,+1813,+4091,112248,129544,+17296,+36975,KRX
20080121,-115000,5,-9000,-7.26,853024,10261,7983,--2278,--384,89115,69436,--19679,--3741,KRX
20080118,-124000,5,-2500,-1.98,659330,12295,10401,--1894,--3347,101687,85749,--15938,--27171,KRX
20080117,-126500,5,-7000,-5.24,590803,9023,10476,+1453,--7149,71339,82572,+11233,--53194,KRX
20080116,-133500,5,-1500,-1.11,359696,5799,14401,+8602,+10378,43574,108001,+64427,+77232,KRX
20080115,+135000,2,+500,+0.37,381269,8637,6861,--1776,--5676,63792,50987,--12805,--42074,KRX
20080114,+134500,2,+1500,+1.13,309074,5904,9804,+3900,+10916,44313,73582,+29269,+81669,KRX
20080111,-133000,5,-3000,-2.21,329845,10401,3385,--7016,--7016,77806,25406,--52400,--52400,KRX
20080110,-136000,5,-5000,-3.55,300910,0,0,0,--3279,0,0,0,--23379,KRX
20080109,+141000,2,+8000,+6.02,341758,4196,7475,+3279,+842,30785,54164,+23379,+5402,KRX
20080108,-133000,5,-4000,-2.92,322589,3837,6274,+2437,+6510,28219,46196,+17977,+47777,KRX
20080107,+137000,2,+1500,+1.11,479346,7785,3712,--4073,--4654,56723,26923,--29800,--33366,KRX
20080104,+135500,2,+10000,+7.97,553028,8549,9130,+581,--2905,65917,69483,+3566,--24097,KRX
20080103,+125500,2,+5500,+4.58,262880,5342,8828,+3486,+10966,43227,70890,+27663,+89335,KRX
20080102,-120000,5,-6000,-4.76,287319,10443,2963,--7480,--6410,86223,24551,--61672,--53205,KRX
20071228,-126000,5,-3000,-2.33,175942,3625,2555,--1070,--1633,28560,20093,--8467,--12589,KRX
20071227,+129000,2,+3000,+2.38,251245,3879,4442,+563,--1645,29879,34001,+4122,--13181,KRX
20071226,-126000,5,-1500,-1.18,213725,1413,3621,+2208,--2322,11036,28339,+17303,--18050,KRX
20071224,+127500,2,+3500,+2.82,234602,2140,6670,+4530,+825,16773,52126,+35353,+5754,KRX
20071221,-124000,5,-500,-0.40,254426,4384,8089,+3705,+11518,35556,65155,+29599,+91951,KRX
20071220,+124500,2,+1000,+0.81,451036,10868,3055,--7813,--7715,86543,24191,--62352,--61464,KRX
20071218,+123500,2,+5500,+4.66,476076,6317,6219,--98,+736,52585,51697,--888,+5352,KRX
20071217,-118000,5,-7500,-5.98,470125,7862,7028,--834,--328,65209,58969,--6240,--2139,KRX
20071214,+125500,2,+2500,+2.03,334700,7130,6624,--506,+46952,56815,52714,--4101,+369655,KRX
20071213,-123000,5,-6500,-5.02,730678,55722,8264,--47458,--32807,439637,65881,--373756,--253070,KRX
20071212,+129500,2,+4500,+3.60,565441,21281,6630,--14651,--16057,174154,53468,--120686,--131718,KRX
20071211,+125000,2,+1500,+1.21,367181,5805,7211,+1406,--8144,46511,57543,+11032,--63505,KRX
20071210,-123500,5,-13000,-9.52,510944,7257,16807,+9550,+7995,56511,131048,+74537,+63488,KRX
20071207,-136500,5,-5500,-3.87,371259,4830,6385,+1555,--5374,34904,45953,+11049,--37511,KRX
20071206,-142000,5,-1500,-1.05,373865,5751,12680,+6929,+5567,40352,88912,+48560,+38875,KRX
20071205,+143500,2,+1000,+0.70,384793,5513,6875,+1362,--2163,38831,48516,+9685,--14932,KRX
20071204,-142500,5,-500,-0.35,444844,2681,6206,+3525,+4551,18786,43403,+24617,+31736,KRX
20071203,+143000,2,+3000,+2.14,324045,4661,3635,--1026,--12092,32572,25453,--7119,--84720,KRX
20071130,+140000,2,+2000,+1.45,583777,6938,18004,+11066,+7446,49269,126870,+77601,+51517,KRX
20071129,+138000,2,+4000,+2.99,490673,14842,18462,+3620,+5382,108721,134805,+26084,+38581,KRX
20071128,-134000,5,-5500,-3.94,493138,8827,7065,--1762,--5196,64516,52019,--12497,--37577,KRX
20071127,+139500,2,+3000,+2.20,983898,7572,11006,+3434,+12837,57179,82259,+25080,+96908,KRX
20071126,+136500,2,+14500,+11.89,1088311,14340,4937,--9403,--15962,108478,36650,--71828,--128587,KRX
20071123,-122000,5,-7000,-5.43,1391328,10479,17038,+6559,--910,88550,145309,+56759,+838,KRX
20071122,-129000,5,-6000,-4.44,614204,5706,13175,+7469,+25243,43455,99376,+55921,+186221,KRX
20071121,-135000,5,-4000,-2.88,698317,25740,7966,--17774,--19905,188370,58070,--130300,--147520,KRX
20071120,+139000,2,+1000,+0.72,920319,7419,9550,+2131,+5421,55391,72611,+17220,+40508,KRX
20071119,-138000,5,-500,-0.36,478915,7073,3783,--3290,+2551,50320,27032,--23288,+20213,KRX
20071116,+138500,2,+500,+0.36,786983,16553,10712,--5841,--10601,121363,77862,--43501,--78285,KRX
20071115,-138000,5,-7500,-5.15,564554,5995,10755,+4760,+2109,43462,78246,+34784,+15628,KRX
20071114,+145500,2,+5500,+3.93,716680,9196,11847,+2651,--2421,63516,82672,+19156,--19229,KRX
20071113,-140000,5,-4500,-3.11,1062044,6141,11213,+5072,+9116,44036,82421,+38385,+64994,KRX
20071112,-144500,5,-12500,-7.96,743291,11736,7692,--4044,--11507,80024,53415,--26609,--76236,KRX
20071109,-157000,5,-2000,-1.26,1370920,8050,15513,+7463,+21387,51890,101517,+49627,+136946,KRX
20071108,-159000,5,-9000,-5.36,991709,27571,13647,--13924,--14649,172581,85262,--87319,--91252,KRX
20071107,-168000,5,-6500,-3.72,753736,8640,9365,+725,+661,49167,53100,+3933,+3708,KRX
20071106,+174500,2,+3000,+1.75,630892,8762,8826,+64,+7917,50749,50974,+225,+44528,KRX
20071105,-171500,5,-9500,-5.25,860287,12767,4914,--7853,--1817,72460,28157,--44303,--11482,KRX
20071102,-181000,5,-2000,-1.09,1114790,14415,8379,--6036,--9023,78860,46039,--32821,--50152,KRX
20071101,+183000,2,+18500,+11.25,800472,6603,9590,+2987,--7160,37441,54772,+17331,--47165,KRX
20071031,+164500,2,+4500,+2.81,633564,3978,14125,+10147,+7532,24633,89129,+64496,+47474,KRX
20071030,+160000,2,+2500,+1.59,538085,7480,10095,+2615,+2136,47108,64130,+17022,+13727,KRX
20071029,-157500,5,-4500,-2.78,754684,8901,9380,+479,--8272,55694,58989,+3295,--50957,KRX
20071026,-162000,5,-2000,-1.22,983906,12748,21499,+8751,+8124,76719,130971,+54252,+49708,KRX
20071025,+164000,2,+20500,+14.29,698329,13973,14600,+627,+7113,89657,94201,+4544,+49638,KRX
20071024,-143500,5,-500,-0.35,817988,15656,9170,--6486,--10889,107439,62345,--45094,--77908,KRX
20071023,+144000,1,+18500,+14.74,686596,15713,20116,+4403,+9086,113908,146722,+32814,+69337,KRX
20071022,+125500,2,+1000,+0.80,565265,10332,5649,--4683,--2374,81722,45199,--36523,--18259,KRX
20071019,+124500,2,+5500,+4.62,1217318,11002,8693,--2309,+2576,87014,68750,--18264,+21661,KRX
20071018,-119000,5,-3000,-2.46,430460,8808,3923,--4885,--4406,72422,32497,--39925,--35307,KRX
20071017,-122000,5,-8000,-6.15,607596,13185,12706,--479,--7882,108473,103855,--4618,--60181,KRX
20071016,+130000,2,+1000,+0.78,505474,4776,12179,+7403,+8520,36242,91805,+55563,+63842,KRX
20071015,-129000,5,-3000,-2.27,355077,5354,4237,--1117,+1936,40176,31897,--8279,+15037,KRX
20071012,+132000,2,+3000,+2.33,411802,8931,5878,--3053,--15919,67787,44471,--23316,--123375,KRX
20071011,+129000,2,+8000,+6.61,445692,5449,18315,+12866,+12182,42315,142374,+100059,+94445,KRX
20071010,+121000,2,+2000,+1.68,292873,2590,3274,+684,--7569,21444,27058,+5614,--63487,KRX
20071009,+119000,2,+4500,+3.93,611123,3411,11664,+8253,+14688,28672,97773,+69101,+125436,KRX
20071008,+114500,2,+5000,+4.57,484595,7479,1044,--6435,--7844,65478,9143,--56335,--69027,KRX
20071005,-109500,5,-1500,-1.35,299192,3378,4787,+1409,--3861,30737,43429,+12692,--34879,KRX
20071004,+111000,2,+5000,+4.72,526930,5114,10384,+5270,--1796,46385,93956,+47571,--19085,KRX
20071002,+106000,2,+7000,+7.07,616843,3283,10349,+7066,+103,31430,98086,+66656,--3897,KRX
20071001,+99000,2,+2300,+2.38,144892,1172,8135,+6963,+3434,11887,82440,+70553,+34293,KRX
20070928,-96700,5,-2300,-2.32,249393,3234,6763,+3529,--6247,33236,69496,+36260,--58811,KRX
20070927,-99000,5,-2500,-2.46,365280,1777,11553,+9776,+5403,17258,112329,+95071,+52115,KRX
20070921,101500,3,0,0.00,309298,3730,8103,+4373,--2073,36920,79876,+42956,--20416,KRX
20070920,+101500,2,+2600,+2.63,537835,13572,20018,+6446,--5838,137890,201262,+63372,--60288,KRX
20070919,+98900,2,+3400,+3.56,453299,2112,14396,+12284,+15108,21314,144974,+123660,+153024,KRX
20070918,-95500,5,-100,-0.10,445040,4739,1915,--2824,--548,49203,19839,--29364,--5145,KRX
20070917,+95600,2,+4600,+5.05,433118,4556,2280,--2276,--3948,48177,23958,--24219,--41049,KRX
20070914,-91000,5,-500,-0.55,1036100,5858,7530,+1672,+962,63090,79920,+16830,+9292,KRX
20070913,+91500,2,+6500,+7.65,959229,10125,10835,+710,+4151,111978,119516,+7538,+47808,KRX
20070912,+85000,2,+1000,+1.19,269976,5548,2107,--3441,--3997,64862,24592,--40270,--46605,KRX
20070911,+84000,2,+1000,+1.20,214170,2325,2881,+556,+1843,27992,34327,+6335,+21985,KRX
20070910,-83000,5,-3800,-4.38,281052,5236,3949,--1287,--1936,63251,47601,--15650,--23022,KRX
20070907,-86800,5,-1700,-1.92,231922,3534,4183,+649,--6469,40441,47813,+7372,--73747,KRX
20070906,-88500,5,-600,-0.67,270173,1250,8368,+7118,+13747,14323,95442,+81119,+155729,KRX
20070905,-89100,5,-900,-1.00,280287,8935,2306,--6629,--9611,100220,25610,--74610,--107630,KRX
20070904,+90000,2,+1000,+1.12,268997,1408,4390,+2982,+4885,15701,48721,+33020,+54437,KRX
20070903,-89000,5,-1000,-1.11,279484,3128,1225,--1903,--17610,35186,13769,--21417,--193777,KRX
20070831,-90000,5,-100,-0.11,370627,862,16569,+15707,+12320,9496,181856,+172360,+134925,KRX
20070830,+90100,2,+2300,+2.62,511746,7430,10817,+3387,--1529,81957,119392,+37435,--18856,KRX
20070829,+87800,2,+300,+0.34,420436,3542,8458,+4916,+1227,40869,97160,+56291,+13824,KRX
20070828,+87500,2,+4200,+5.04,383059,2675,6364,+3689,+4031,30976,73443,+42467,+46670,KRX
20070827,+83300,2,+700,+0.85,239942,2867,2525,--342,--1801,33881,29678,--4203,--21722,KRX
20070824,+82600,2,+2200,+2.74,334752,2489,3948,+1459,--4636,30382,47901,+17519,--57169,KRX
20070823,+80400,2,+1100,+1.39,407174,1689,7784,+6095,+4561,20757,95445,+74688,+55377,KRX
20070822,+79300,2,+800,+1.02,231206,2980,4514,+1534,+812,37844,57155,+19311,+10581,KRX
20070821,+78500,2,+400,+0.51,500173,4947,5669,+722,+5058,62517,71247,+8730,+64935,KRX
20070820,+78100,2,+7000,+9.85,534136,6873,2537,--4336,--2161,88700,32495,--56205,--26033,KRX
20070817,+71100,2,+100,+0.14,580562,9150,6975,--2175,--19769,126309,96137,--30172,--269482,KRX
20070816,-71000,5,-11200,-13.63,1035298,3989,21583,+17594,+17819,53171,292481,+239310,+241272,KRX
20070814,-82200,5,-4000,-4.64,695527,4413,4188,--225,--5345,52883,50921,--1962,--60951,KRX
20070813,-86200,5,-3300,-3.69,516288,1229,6349,+5120,+7560,14118,73107,+58989,+86305,KRX
20070810,-89500,5,-5500,-5.79,698784,11003,8563,--2440,--4243,120388,93072,--27316,--45286,KRX
20070809,-95000,5,-2000,-2.06,392730,6687,8490,+1803,--9996,69681,87651,+17970,--104807,KRX
20070808,+97000,2,+4300,+4.64,607796,2796,14595,+11799,+15810,29066,151843,+122777,+166171,KRX
20070807,+92700,2,+3000,+3.34,500984,6688,2677,--4011,+50,72374,28980,--43394,+2666,KRX
20070806,-89700,5,-1900,-2.07,355863,7247,3186,--4061,--5949,82131,36071,--46060,--66238,KRX
20070803,+91600,2,+1100,+1.22,274216,4804,6692,+1888,+3750,52579,72757,+20178,+40672,KRX
20070802,-90500,5,-3000,-3.21,547665,7021,5159,--1862,+8417,77038,56544,--20494,+89762,KRX
20070801,-93500,5,-4100,-4.20,306258,13642,3363,--10279,--6484,146269,36013,--110256,--71158,KRX
20070731,+97600,2,+2600,+2.74,530711,8053,4258,--3795,--6003,82462,43364,--39098,--62365,KRX
20070730,95000,3,0,0.00,352479,4220,6428,+2208,+7800,45180,68447,+23267,+82680,KRX
20070727,-95000,5,-2000,-2.06,390055,10355,4763,--5592,--3335,110008,50595,--59413,--36194,KRX
20070726,-97000,5,-2300,-2.32,247191,7119,4862,--2257,--5805,72777,49558,--23219,--58531,KRX
20070725,-99300,5,-700,-0.70,322974,2102,5650,+3548,+2712,21271,56583,+35312,+27216,KRX
20070724,+100000,2,+1000,+1.01,345872,3369,4205,+836,+1310,34315,42411,+8096,+13080,KRX
20070723,-99000,5,-1000,-1.00,175353,4723,4249,--474,--1026,47890,42906,--4984,--10487,KRX
20070720,+100000,2,+4000,+4.17,263240,4534,5086,+552,--2015,46166,51669,+5503,--20367,KRX
20070719,-96000,5,-3700,-3.71,404240,5265,7832,+2567,+1596,54208,80078,+25870,+16430,KRX
20070718,-99700,5,-1300,-1.29,365871,5333,6304,+971,--1838,52907,62347,+9440,--18418,KRX
20070716,+101000,2,+500,+0.50,327680,2894,5703,+2809,+5250,28918,56776,+27858,+52416,KRX
20070713,-100500,5,-1500,-1.47,548583,6250,3809,--2441,+2371,62176,37618,--24558,+22550,KRX
20070712,-102000,5,-2000,-1.92,554474,8175,3363,--4812,--3912,80082,32974,--47108,--38094,KRX
20070711,+104000,2,+2000,+1.96,564672,5085,4185,--900,+295,49750,40736,--9014,+3397,KRX
20070710,+102000,2,+5500,+5.70,437053,3113,1918,--1195,+227,32255,19844,--12411,+2405,KRX
20070709,+96500,2,+1000,+1.05,285227,3708,2286,--1422,--573,38390,23574,--14816,--6152,KRX
20070706,-95500,5,-4000,-4.02,332940,3679,2830,--849,--1425,37707,29043,--8664,--14433,KRX
20070705,+99500,2,+1200,+1.22,515115,2749,3325,+576,+1444,27400,33169,+5769,+15253,KRX
20070704,+98300,2,+4600,+4.91,511259,3996,3128,--868,--77,41790,32306,--9484,--524,KRX
20070703,+93700,2,+2000,+2.18,512475,3652,2861,--791,--784,39869,30909,--8960,--8772,KRX
20070702,+91700,2,+3100,+3.50,182448,2384,2377,--7,+1452,26476,26288,--188,+16373,KRX
20070629,-88600,5,-700,-0.78,272553,7271,5812,--1459,+825,80987,64426,--16561,+8979,KRX
20070628,89300,3,0,0.00,357847,2968,684,--2284,+657,33047,7507,--25540,+8023,KRX
20070627,-89300,5,-300,-0.33,195046,4660,1719,--2941,--7074,53059,19496,--33563,--80942,KRX
20070626,-89600,5,-100,-0.11,267982,3249,7382,+4133,--5841,36865,84244,+47379,--63735,KRX
20070625,89700,3,0,0.00,477339,4667,14641,+9974,+9486,52532,163646,+111114,+105634,KRX
20070622,-89700,5,-2000,-2.18,283380,3850,4338,+488,--6201,42469,47949,+5480,--65169,KRX
20070621,-91700,5,-4000,-4.18,382542,4741,11430,+6689,+3549,50241,120890,+70649,+38453,KRX
20070620,+95700,2,+1400,+1.48,693894,7280,10420,+3140,+8102,76243,108439,+32196,+86681,KRX
20070619,+94300,2,+4300,+4.78,463891,6710,1748,--4962,--4173,73565,19080,--54485,--45517,KRX
20070618,+90000,2,+1100,+1.24,342520,4063,3274,--789,+3139,45617,36649,--8968,+33519,KRX
20070615,+88900,2,+1400,+1.60,576741,5743,1815,--3928,--7121,62542,20055,--42487,--79257,KRX
20070614,+87500,2,+5300,+6.45,640509,13992,17185,+3193,+6170,160178,196948,+36770,+72950,KRX
20070613,-82200,5,-1300,-1.56,267001,6124,3147,--2977,--3954,74380,38200,--36180,--48078,KRX
20070612,+83500,2,+1400,+1.71,509828,3802,4779,+977,+5981,46254,58152,+11898,+70003,KRX
20070611,-82100,5,-9000,-9.88,816421,9999,4995,--5004,--3514,117119,59014,--58105,--41761,KRX
20070608,-91100,5,-4900,-5.10,310144,5476,3986,--1490,--6905,59467,43123,--16344,--74122,KRX
20070607,+96000,2,+5200,+5.73,398248,2904,8319,+5415,+6463,31311,89089,+57778,+69071,KRX
20070605,-90800,5,-3200,-3.40,414444,5814,4766,--1048,+1267,63251,51958,--11293,+13043,KRX
20070604,-94000,5,-400,-0.42,483895,8754,6439,--2315,+1488,92703,68367,--24336,+15554,KRX
20070601,-94400,5,-1100,-1.15,722655,9180,5377,--3803,--32123,95898,56008,--39890,--336865,KRX
20070531,+95500,2,+9300,+10.79,1024577,10446,38766,+28320,+33022,112079,409054,+296975,+352247,KRX
20070530,+86200,2,+1100,+1.29,573877,7853,3151,--4702,--8119,92161,36889,--55272,--95754,KRX
20070529,+85100,2,+6100,+7.72,1109626,7148,10565,+3417,+6987,85207,125689,+40482,+85502,KRX
20070528,+79000,2,+400,+0.51,506517,4290,720,--3570,--1322,54084,9064,--45020,--16667,KRX
20070525,+78600,2,+600,+0.77,393121,5202,2954,--2248,+1962,66193,37840,--28353,+25552,KRX
20070523,-78000,5,-700,-0.89,482293,7841,3631,--4210,+7075,100513,46608,--53905,+87242,KRX
20070522,-78700,5,-1400,-1.75,787520,12643,1358,--11285,--12298,158084,16937,--141147,--154013,KRX
20070521,-80100,5,-100,-0.12,484033,3974,4987,+1013,+884,49686,62552,+12866,+11223,KRX
20070518,+80200,2,+800,+1.01,329088,1157,1286,+129,+3501,14465,16108,+1643,+43892,KRX
20070517,+79400,2,+900,+1.15,453398,5578,2206,--3372,--2906,69959,27710,--42249,--35921,KRX
20070516,+78500,2,+2000,+2.61,709137,5212,4746,--466,--2690,67669,61341,--6328,--35200,KRX
20070515,-76500,5,-4800,-5.90,394550,2383,4607,+2224,+2005,29850,58722,+28872,+26052,KRX
20070514,+81300,2,+1300,+1.63,620618,4566,4785,+219,+2213,57080,59900,+2820,+28099,KRX
20070511,+80000,2,+1400,+1.78,760298,4439,2445,--1994,--3054,56651,31372,--25279,--38012,KRX
20070510,-78600,5,-400,-0.51,973509,9518,10578,+1060,--2505,119489,132222,+12733,--32501,KRX
20070509,+79000,2,+3000,+3.95,726417,2132,5697,+3565,+6277,27165,72399,+45234,+80886,KRX
20070508,+76000,2,+500,+0.66,735274,3757,1045,--2712,--1780,49404,13752,--35652,--23517,KRX
20070507,+75500,2,+1500,+2.03,1008476,2561,1629,--932,--1400,33778,21643,--12135,--18324,KRX
20070504,+74000,2,+6500,+9.63,1857212,2075,2543,+468,--3727,28324,34513,+6189,--55553,KRX
20070503,-67500,5,-4000,-5.59,1832178,1557,5752,+4195,--1188,22705,84447,+61742,--12676,KRX
20070502,-71500,5,-2000,-2.72,1170338,1539,6922,+5383,+3632,21240,95658,+74418,+50489,KRX
20070430,+73500,2,+100,+0.14,659237,733,2484,+1751,+3590,9967,33896,+23929,+48260,KRX
20070427,-73400,5,-4400,-5.66,1026344,4519,2680,--1839,--3441,60930,36599,--24331,--44954,KRX
20070426,-77800,5,-2100,-2.63,579472,2374,3976,+1602,+5222,29839,50462,+20623,+64427,KRX
20070425,-79900,5,-2100,-2.56,1038963,8366,4746,--3620,--2403,102458,58654,--43804,--29175,KRX
20070424,+82000,2,+3400,+4.33,611319,3789,2572,--1217,--3351,46911,32282,--14629,--41680,KRX
20070423,+78600,2,+2100,+2.75,728212,1901,4035,+2134,--3502,24240,51291,+27051,--46775,KRX
20070420,-76500,5,-300,-0.39,682792,939,6575,+5636,+8934,12311,86137,+73826,+117034,KRX
20070419,+76800,2,+1900,+2.54,808162,5673,2375,--3298,--1659,74440,31232,--43208,--20653,KRX
20070418,+74900,2,+4200,+5.94,496796,5374,3735,--1639,+2925,73444,50889,--22555,+40225,KRX
20070417,-70700,5,-1700,-2.35,629430,6067,1503,--4564,--4255,83677,20897,--62780,--58519,KRX
20070416,+72400,2,+2800,+4.02,717647,1812,1503,--309,+4016,25064,20803,--4261,+59009,KRX
20070413,+69600,2,+3100,+4.66,877533,5396,1071,--4325,--11943,78749,15479,--63270,--178467,KRX
20070412,+66500,2,+100,+0.15,742240,2037,9655,+7618,+5360,30647,145844,+115197,+81570,KRX
20070411,-66400,5,-2000,-2.92,551470,1998,4256,+2258,+3687,29880,63507,+33627,+54458,KRX
20070410,-68400,5,-2000,-2.84,509891,3313,1884,--1429,--1816,48091,27260,--20831,--26318,KRX
20070409,+70400,2,+2600,+3.83,481225,2658,3045,+387,+1915,37465,42952,+5487,+28229,KRX
20070406,+67800,2,+4700,+7.45,565954,2291,763,--1528,--3015,34415,11673,--22742,--46229,KRX
20070405,-63100,5,-1100,-1.71,381017,965,2452,+1487,+3564,15152,38639,+23487,+55700,KRX
20070404,64200,3,0,0.00,478744,3144,1067,--2077,--488,48870,16657,--32213,--8101,KRX
20070403,+64200,2,+100,+0.16,653853,3762,2173,--1589,--3237,57061,32949,--24112,--50704,KRX
20070402,+64100,2,+3300,+5.43,605976,909,2557,+1648,+2442,14364,40956,+26592,+39347,KRX
20070330,+60800,2,+700,+1.16,532119,3572,2778,--794,--2353,58024,45269,--12755,--39298,KRX
20070329,+60100,2,+2900,+5.07,486164,1406,2965,+1559,+3275,23675,50218,+26543,+56189,KRX
20070328,-57200,5,-1800,-3.05,312308,3148,1432,--1716,--6692,54058,24412,--29646,--113520,KRX
20070327,-59000,5,-300,-0.51,426128,781,5757,+4976,+3451,13140,97014,+83874,+58488,KRX
20070326,-59300,5,-1100,-1.82,588118,1687,3212,+1525,+1809,28382,53768,+25386,+30030,KRX
20070323,+60400,2,+900,+1.51,405811,1662,1378,--284,+283,27488,22844,--4644,+5154,KRX
20070322,+59500,2,+3300,+5.87,546546,3587,3020,--567,--2229,60861,51063,--9798,--39427,KRX
20070321,+56200,2,+2200,+4.07,374014,1860,3522,+1662,--2,33239,62868,+29629,--906,KRX
20070320,-54000,5,-1200,-2.17,290177,352,2016,+1664,--930,6427,36962,+30535,--16456,KRX
20070319,-55200,5,-500,-0.90,286170,48,2642,+2594,+4051,862,47853,+46991,+73150,KRX
20070316,+55700,2,+1100,+2.01,384766,2163,706,--1457,--1298,38838,12679,--26159,--23113,KRX
20070315,+54600,2,+2300,+4.40,413927,3063,2904,--159,--1716,56435,53389,--3046,--32855,KRX
20070314,+52300,2,+300,+0.58,325752,4167,5724,+1557,+4711,80226,110035,+29809,+90037,KRX
20070313,-52000,5,-1000,-1.89,317200,4219,1065,--3154,--1221,80597,20369,--60228,--23603,KRX
20070312,-53000,5,-500,-0.93,425122,2297,364,--1933,+2313,43529,6904,--36625,+44142,KRX
20070309,+53500,2,+1000,+1.90,376509,4698,452,--4246,--3770,89288,8521,--80767,--71933,KRX
20070308,+52500,2,+200,+0.38,367017,5609,5133,--476,+3293,106461,97627,--8834,+64455,KRX
20070307,+52300,2,+1500,+2.95,406655,5653,1884,--3769,--4853,109424,36135,--73289,--94959,KRX
20070306,+50800,2,+2750,+5.72,231604,1227,2311,+1084,+3049,24370,46040,+21670,+61465,KRX
20070305,-48050,5,-2250,-4.47,437159,3246,1281,--1965,+883,66027,26232,--39795,+16205,KRX
20070302,+50300,2,+600,+1.21,579026,4284,1436,--2848,+2427,84550,28550,--56000,+51740,KRX
20070228,+49700,2,+700,+1.43,687410,6577,1302,--5275,--4487,134310,26570,--107740,--91230,KRX
20070227,+49000,2,+1900,+4.03,610900,2340,1552,--788,--1296,48260,31750,--16510,--27700,KRX
20070226,+47100,2,+1250,+2.73,297918,591,1099,+508,--1473,12600,23790,+11190,--31980,KRX
20070223,-45850,5,-50,-0.11,247902,205,2186,+1981,--100,4470,47640,+43170,--2230,KRX
20070222,+45900,2,+500,+1.10,278082,932,3013,+2081,+2426,20320,65720,+45400,+53010,KRX
20070221,-45400,5,-200,-0.44,145746,1687,1342,--345,+132,37230,29620,--7610,+2810,KRX
20070220,+45600,2,+150,+0.33,143629,1055,578,--477,--352,23050,12630,--10420,--7690,KRX
20070216,-45450,5,-750,-1.62,216994,703,578,--125,+1414,15460,12730,--2730,+30500,KRX
20070215,+46200,2,+800,+1.76,632880,2585,1046,--1539,--1799,55770,22540,--33230,--39020,KRX
20070214,+45400,2,+300,+0.67,452664,1545,1805,+260,--696,34160,39950,+5790,--15480,KRX
20070213,+45100,2,+1100,+2.50,330966,746,1702,+956,+2804,16750,38020,+21270,+63360,KRX
20070212,-44000,5,-1100,-2.44,338053,3155,1307,--1848,--3702,71730,29640,--42090,--83160,KRX
20070209,-45100,5,-200,-0.44,235910,351,2205,+1854,+254,7800,48870,+41070,+5890,KRX
20070208,-45300,5,-600,-1.31,159896,1289,2889,+1600,+1279,28490,63670,+35180,+28320,KRX
20070207,-45900,5,-400,-0.86,346430,1118,1439,+321,--96,24450,31310,+6860,--2460,KRX
20070206,+46300,2,+1600,+3.58,300562,1022,1439,+417,--263,22310,31630,+9320,--5680,KRX
20070205,+44700,2,+700,+1.59,408270,1171,1851,+680,+471,26200,41200,+15000,+10400,KRX
20070202,44000,3,0,0.00,248827,1093,1302,+209,--1098,24950,29550,+4600,--25060,KRX
20070201,-44000,5,-600,-1.35,672443,1618,2925,+1307,+657,36770,66430,+29660,+15030,KRX
20070131,44600,3,0,0.00,203270,1657,2307,+650,--2198,37260,51890,+14630,--48960,KRX
20070130,+44600,2,+550,+1.25,568104,710,3558,+2848,+3511,15840,79430,+63590,+78780,KRX
20070129,+44050,2,+250,+0.57,188731,1310,647,--663,+859,29910,14720,--15190,+19450,KRX
20070126,-43800,5,-100,-0.23,215746,2165,643,--1522,+2194,49360,14720,--34640,+50090,KRX
20070125,+43900,2,+950,+2.21,285288,4586,870,--3716,--4796,104510,19780,--84730,--109990,KRX
20070124,+42950,2,+850,+2.02,201798,167,1247,+1080,+249,3900,29160,+25260,+5280,KRX
20070123,+42100,2,+600,+1.45,288034,318,1149,+831,--1176,7580,27560,+19980,--28120,KRX
20070122,-41500,5,-700,-1.66,243060,570,2577,+2007,+1405,13660,61760,+48100,+33970,KRX
20070119,-42200,5,-1600,-3.65,252894,1156,1758,+602,+19,27040,41170,+14130,+780,KRX
20070118,+43800,2,+200,+0.46,117549,823,1406,+583,+4605,18950,32300,+13350,+106180,KRX
20070117,-43600,5,-1250,-2.79,387066,5128,1106,--4022,--3783,118150,25320,--92830,--87490,KRX
20070116,-44850,5,-600,-1.32,144799,875,636,--239,--2442,19500,14160,--5340,--54670,KRX
20070115,+45450,2,+1450,+3.30,310830,2796,4999,+2203,+3794,62680,112010,+49330,+86130,KRX
20070112,+44000,2,+2200,+5.26,346209,2505,914,--1591,+494,57830,21030,--36800,+13290,KRX
20070111,+41800,2,+800,+1.95,281606,3987,1902,--2085,+3378,95590,45500,--50090,+85630,KRX
20070110,-41000,5,-800,-1.91,389236,6356,893,--5463,--3409,157840,22120,--135720,--85970,KRX
20070109,+41800,2,+500,+1.21,204681,2622,568,--2054,--1058,63530,13780,--49750,--26010,KRX
20070108,-41300,5,-1200,-2.82,198382,2243,1247,--996,+3325,53860,30120,--23740,+77030,KRX
20070105,-42500,5,-1000,-2.30,286661,5060,739,--4321,--987,117930,17160,--100770,--22480,KRX
20070104,+43500,2,+500,+1.16,263901,3669,335,--3334,--2817,86180,7890,--78290,--66260,KRX
20070103,-43000,5,-1000,-2.27,163948,1391,874,--517,+373,32050,20020,--12030,+8240,KRX
20070102,-44000,5,-250,-0.56,197887,1211,321,--890,--662,27590,7320,--20270,--15110,KRX
20061228,+44250,2,+1450,+3.39,232424,629,401,--228,--201,14330,9170,--5160,--4450,KRX
20061227,+42800,2,+500,+1.18,118218,620,593,--27,--1605,14660,13950,--710,--37990,KRX
20061226,42300,3,0,0.00,196372,721,2299,+1578,--765,17140,54420,+37280,--18640,KRX
20061222,42300,3,0,0.00,242798,509,2852,+2343,+571,12140,68060,+55920,+14330,KRX
20061221,-42300,5,-550,-1.28,212782,779,2551,+1772,+476,18310,59900,+41590,+11490,KRX
20061220,+42850,2,+550,+1.30,372371,2948,4244,+1296,+1322,68950,99050,+30100,+30720,KRX
20061219,-42300,5,-850,-1.97,305835,953,927,--26,--1507,22450,21830,--620,--35100,KRX
20061218,+43150,2,+300,+0.70,320642,309,1790,+1481,+3557,7220,41700,+34480,+83110,KRX
20061215,+42850,2,+950,+2.27,764665,3064,988,--2076,--4147,71620,22990,--48630,--97620,KRX
20061214,+41900,2,+1100,+2.70,809337,10474,12545,+2071,+3454,250850,299840,+48990,+83220,KRX
20061213,+40800,2,+1600,+4.08,611537,2900,1517,--1383,--750,71860,37630,--34230,--18010,KRX
20061212,39200,3,0,0.00,256530,917,284,--633,--1569,23470,7250,--16220,--40300,KRX
20061211,+39200,2,+700,+1.82,191709,615,1551,+936,--461,15750,39830,+24080,--12240,KRX
20061208,-38500,5,-350,-0.90,259596,843,2240,+1397,--656,21900,58220,+36320,--16570,KRX
20061207,+38850,2,+300,+0.78,208207,1013,3066,+2053,+3665,26090,78980,+52890,+94960,KRX
20061206,-38550,5,-350,-0.90,373578,2746,1134,--1612,--2276,71120,29050,--42070,--59190,KRX
20061205,+38900,2,+250,+0.65,177793,251,915,+664,+291,6460,23580,+17120,+7570,KRX
20061204,-38650,5,-550,-1.40,197076,279,652,+373,+431,7200,16750,+9550,+10950,KRX
20061201,+39200,2,+500,+1.29,538433,679,621,--58,--1133,17250,15850,--1400,--29270,KRX
20061130,+38700,2,+800,+2.11,425791,574,1649,+1075,--2195,14990,42860,+27870,--58020,KRX
20061129,+37900,2,+200,+0.53,243386,166,3436,+3270,+3477,4360,90250,+85890,+91370,KRX
20061128,-37700,5,-750,-1.95,247802,1018,811,--207,--1292,26970,21490,--5480,--33910,KRX
20061127,+38450,2,+200,+0.52,157792,193,1278,+1085,--516,5040,33470,+28430,--13410,KRX
20061124,+38250,2,+300,+0.79,247040,165,1766,+1601,--315,4320,46160,+41840,--8790,KRX
20061123,+37950,2,+150,+0.40,163935,160,2076,+1916,+570,4230,54860,+50630,+14830,KRX
20061122,+37800,2,+800,+2.16,220576,490,1836,+1346,--354,13030,48830,+35800,--10400,KRX
20061121,+37000,2,+550,+1.51,301471,181,1881,+1700,+2084,4910,51110,+46200,+56740,KRX
20061120,-36450,5,-850,-2.28,386365,917,533,--384,--2190,24870,14330,--10540,--58510,KRX
20061117,-37300,5,-150,-0.40,354006,309,2115,+1806,+1779,8180,56150,+47970,+47250,KRX
20061116,37450,3,0,0.00,253583,537,564,+27,+718,14350,15070,+720,+19210,KRX
20061115,+37450,2,+600,+1.63,280751,935,244,--691,+959,25030,6540,--18490,+26320,KRX
20061114,-36850,5,-150,-0.41,245455,2272,622,--1650,--1753,61640,16830,--44810,--47620,KRX
20061113,-37000,5,-950,-2.50,240591,642,745,+103,+84,17240,20050,+2810,+2310,KRX
20061110,+37950,2,+400,+1.07,190031,567,586,+19,--1905,15130,15630,+500,--50950,KRX
20061109,37550,3,0,0.00,350892,1115,3039,+1924,+2705,29730,81180,+51450,+72230,KRX
20061108,-37550,5,-850,-2.21,420600,1312,531,--781,--1319,34910,14130,--20780,--34760,KRX
20061107,-38400,5,-600,-1.54,456277,915,1453,+538,--58,23480,37460,+13980,--1100,KRX
20061106,+39000,2,+1000,+2.63,850131,1485,2081,+596,--631,38750,53830,+15080,--17170,KRX
20061103,+38000,2,+1300,+3.54,795622,286,1513,+1227,--119,7620,39870,+32250,--4820,KRX
20061102,-36700,5,-200,-0.54,782379,278,1624,+1346,--282,7690,44760,+37070,--7320,KRX
20061101,+36900,2,+900,+2.50,389463,809,2437,+1628,--92,22170,66560,+44390,--3480,KRX
20061031,+36000,2,+600,+1.69,309170,331,2051,+1720,+615,9210,57080,+47870,+16880,KRX
20061030,-35400,5,-1100,-3.01,211853,360,1465,+1105,--262,10160,41150,+30990,--6590,KRX
20061027,+36500,2,+500,+1.39,396592,685,2052,+1367,+640,18930,56510,+37580,+17220,KRX
20061026,+36000,2,+500,+1.41,347519,499,1226,+727,+89,14100,34460,+20360,+2520,KRX
20061025,-35500,5,-50,-0.14,277891,607,1245,+638,+1159,17050,34890,+17840,+32380,KRX
20061024,-35550,5,-150,-0.42,465603,1116,595,--521,--1029,31240,16700,--14540,--28830,KRX
20061023,-35700,5,-850,-2.33,709188,809,1317,+508,--1320,22540,36830,+14290,--36330,KRX
20061020,+36550,2,+1450,+4.13,836503,390,2218,+1828,+453,10800,61420,+50620,+11590,KRX
20061019,-35100,5,-450,-1.27,937672,918,2293,+1375,--671,26140,65170,+39030,--18070,KRX
20061018,-35550,5,-900,-2.47,901279,756,2802,+2046,+1495,20980,78080,+57100,+42000,KRX
20061017,-36450,5,-400,-1.09,467262,487,1038,+551,+20,13340,28440,+15100,+800,KRX
20061016,+36850,2,+400,+1.10,539568,210,741,+531,--1682,5710,20010,+14300,--45830,KRX
20061013,-36450,5,-150,-0.41,790711,487,2700,+2213,+3177,13270,73400,+60130,+86500,KRX
20061012,36600,3,0,0.00,381734,2289,1325,--964,--1281,62470,36100,--26370,--34900,KRX
20061011,-36600,5,-450,-1.21,363819,1288,1605,+317,+385,34860,43390,+8530,+10390,KRX
20061010,-37050,5,-150,-0.40,395381,976,908,--68,--1018,26030,24170,--1860,--26530,KRX
20061009,-37200,5,-800,-2.11,534113,1771,2721,+950,+2157,48070,72740,+24670,+56370,KRX
20061004,-38000,5,-1000,-2.56,209072,2009,802,--1207,--2471,52580,20880,--31700,--63800,KRX
20061002,-39000,5,-350,-0.89,176011,756,2020,+1264,--215,19270,51370,+32100,--5670,KRX
20060929,-39350,5,-400,-1.01,329794,966,2445,+1479,+1364,24440,62210,+37770,+35140,KRX
20060928,+39750,2,+1250,+3.25,301731,1256,1371,+115,--3543,31970,34600,+2630,--91990,KRX
20060927,+38500,2,+800,+2.12,324810,788,4446,+3658,+5267,20410,115030,+94620,+137280,KRX
20060926,-37700,5,-450,-1.18,132870,1887,278,--1609,--3221,49980,7320,--42660,--84950,KRX
20060925,+38150,2,+350,+0.93,219376,188,1800,+1612,+1918,4930,47220,+42290,+50430,KRX
20060922,-37800,5,-500,-1.31,102050,961,655,--306,--598,25510,17370,--8140,--15660,KRX
20060921,-38300,5,-600,-1.54,133574,659,951,+292,+2046,17060,24580,+7520,+53140,KRX
20060920,+38900,2,+150,+0.39,279624,2894,1140,--1754,--933,75170,29550,--45620,--24010,KRX
20060919,+38750,2,+1550,+4.17,339106,1510,689,--821,--3953,40110,18500,--21610,--105640,KRX
20060918,37200,3,0,0.00,263771,551,3683,+3132,+3466,14870,98900,+84030,+93020,KRX
20060915,-37200,5,-600,-1.59,156690,1033,699,--334,--2673,27750,18760,--8990,--70330,KRX
20060914,+37800,2,+2300,+6.48,472482,8075,10414,+2339,+2346,215610,276950,+61340,+61560,KRX
20060913,-35500,5,-300,-0.84,103270,423,416,--7,+98,11850,11630,--220,+2810,KRX
20060912,-35800,5,-700,-1.92,131010,687,582,--105,+937,19050,16020,--3030,+25130,KRX
20060911,-36500,5,-550,-1.48,196934,1207,165,--1042,--2332,32630,4470,--28160,--62960,KRX
20060908,+37050,2,+1150,+3.20,321632,438,1728,+1290,--110,11830,46630,+34800,--3790,KRX
20060907,+35900,2,+200,+0.56,254575,265,1665,+1400,+2145,7330,45920,+38590,+59590,KRX
20060906,35700,3,0,0.00,93280,1124,379,--745,--736,31620,10620,--21000,--20720,KRX
20060905,-35700,5,-400,-1.11,136332,507,498,--9,--1686,14190,13910,--280,--46780,KRX
20060904,+36100,2,+600,+1.69,177535,433,2110,+1677,+2113,12030,58530,+46500,+58740,KRX
20060901,-35500,5,-1000,-2.74,288322,1904,1468,--436,--2368,53450,41210,--12240,--65010,KRX
20060831,-36500,5,-150,-0.41,211680,1368,3300,+1932,+2391,37430,90200,+52770,+65340,KRX
20060830,+36650,2,+150,+0.41,209386,922,463,--459,--730,25220,12650,--12570,--20020,KRX
20060829,36500,3,0,0.00,125952,520,791,+271,+1740,14290,21740,+7450,+48640,KRX
20060828,+36500,2,+1500,+4.29,389090,2201,732,--1469,--4523,61540,20350,--41190,--128470,KRX
20060825,+35000,2,+1050,+3.09,529469,550,3604,+3054,+3702,15750,103030,+87280,+106380,KRX
20060824,-33950,5,-550,-1.59,124878,1008,360,--648,+1860,29660,10560,--19100,+53940,KRX
20060823,-34500,5,-500,-1.43,208437,3088,580,--2508,--4365,89860,16820,--73040,--126390,KRX
20060822,+35000,2,+1200,+3.55,368040,399,2256,+1857,+1289,11430,64780,+53350,+36750,KRX
20060821,-33800,5,-900,-2.59,212420,1018,1586,+568,--35,30150,46750,+16600,--840,KRX
20060818,+34700,2,+50,+0.14,241833,604,1207,+603,+710,17430,34870,+17440,+20810,KRX
20060817,+34650,2,+1750,+5.32,749410,1411,1304,--107,--1466,40890,37520,--3370,--45110,KRX
20060816,+32900,2,+2350,+7.69,637780,596,1955,+1359,--1116,18320,60060,+41740,--36220,KRX
20060814,-30550,5,-1400,-4.38,1006367,1024,3499,+2475,+399,32370,110330,+77960,+16710,KRX
20060811,-31950,5,-1950,-5.75,622088,1384,3460,+2076,+3613,42530,103780,+61250,+106660,KRX
20060810,+33900,2,+300,+0.89,543550,3705,2168,--1537,--3177,109510,64100,--45410,--93690,KRX
20060809,-33600,5,-400,-1.18,331154,757,2397,+1640,--1298,22330,70610,+48280,--37590,KRX
20060808,-34000,5,-500,-1.45,355585,524,3462,+2938,+4933,15310,101180,+85870,+143580,KRX
20060807,-34500,5,-1200,-3.36,244142,2849,854,--1995,--3793,82150,24440,--57710,--107980,KRX
20060804,-35700,5,-100,-0.28,140454,184,1982,+1798,+1690,5160,55430,+50270,+47270,KRX
20060803,-35800,5,-600,-1.65,141851,944,1052,+108,--2400,26290,29290,+3000,--66050,KRX
20060802,+36400,2,+300,+0.83,136345,564,3072,+2508,--355,15620,84670,+69050,--9520,KRX
20060801,+36100,2,+300,+0.84,265181,435,3298,+2863,+2697,12010,90580,+78570,+74360,KRX
20060731,-35800,5,-400,-1.10,194140,1225,1391,+166,--600,34260,38470,+4210,--16680,KRX
20060728,-36200,5,-300,-0.82,93700,427,1193,+766,--2003,11750,32640,+20890,--55260,KRX
20060727,+36500,2,+550,+1.53,227880,572,3341,+2769,+4160,15790,91940,+76150,+114840,KRX
20060726,+35950,2,+550,+1.55,237680,1694,303,--1391,--3484,47130,8440,--38690,--98960,KRX
20060725,+35400,2,+1600,+4.73,273933,308,2401,+2093,+2208,8810,69080,+60270,+64270,KRX
20060724,+33800,2,+100,+0.30,148426,1320,1205,--115,+286,40180,36180,--4000,+7890,KRX
20060721,-33700,5,-1000,-2.88,109630,731,330,--401,--3064,21570,9680,--11890,--89050,KRX
20060720,+34700,2,+1450,+4.36,461279,192,2855,+2663,+2847,5560,82720,+77160,+82820,KRX
20060719,+33250,2,+600,+1.84,216309,1029,845,--184,--1386,30730,25070,--5660,--42240,KRX
20060718,-32650,5,-1400,-4.11,303316,618,1820,+1202,+3600,18840,55420,+36580,+107020,KRX
20060714,-34050,5,-1150,-3.27,316760,2876,478,--2398,--2206,84470,14030,--70440,--64300,KRX
20060713,-35200,5,-700,-1.95,542119,2727,2535,--192,--563,77920,71780,--6140,--15640,KRX
20060712,-35900,5,-1600,-4.27,1160499,2426,2797,+371,+2458,66620,76120,+9500,+65560,KRX
20060711,37500,3,0,0.00,291732,2831,744,--2087,--5388,76010,19950,--56060,--145430,KRX
20060710,+37500,2,+1200,+3.31,357479,595,3896,+3301,+4939,16240,105610,+89370,+134860,KRX
20060707,+36300,2,+100,+0.28,288490,2058,420,--1638,--3325,57070,11580,--45490,--92420,KRX
20060706,+36200,2,+900,+2.55,538170,2168,3855,+1687,+1805,61010,107940,+46930,+50460,KRX
20060705,+35300,2,+300,+0.86,151016,548,430,--118,--756,15930,12400,--3530,--21560,KRX
20060704,-35000,5,-700,-1.96,188430,1300,1938,+638,--1925,37030,55060,+18030,--54670,KRX
20060703,+35700,2,+1300,+3.78,415200,1756,4319,+2563,--511,49840,122540,+72700,--18290,KRX
20060630,+34400,2,+1200,+3.61,260910,884,3958,+3074,--393,26070,117060,+90990,--14170,KRX
20060629,+33200,2,+1500,+4.73,260360,899,4366,+3467,+4483,27310,132470,+105160,+137820,KRX
20060628,+31700,2,+100,+0.32,124421,1227,211,--1016,--373,39440,6780,--32660,--12280,KRX
20060627,-31600,5,-400,-1.25,103985,883,240,--643,--1036,27950,7570,--20380,--32900,KRX
20060626,+32000,2,+500,+1.59,105314,504,897,+393,+562,15960,28480,+12520,+18230,KRX
20060623,+31500,2,+200,+0.64,201480,1063,894,--169,--2831,34940,29230,--5710,--90900,KRX
20060622,+31300,2,+1250,+4.16,189510,312,2974,+2662,+3684,9990,95180,+85190,+119890,KRX
20060621,+30050,2,+550,+1.86,116670,1309,287,--1022,+44,44340,9640,--34700,+880,KRX
20060620,-29500,5,-650,-2.16,196081,1259,193,--1066,+382,42010,6430,--35580,+12530,KRX
20060619,-30150,5,-150,-0.50,190005,1685,237,--1448,--1865,55990,7880,--48110,--61770,KRX
20060616,+30300,2,+800,+2.71,398040,1235,1652,+417,+2349,40010,53670,+13660,+78830,KRX
20060615,+29500,2,+600,+2.08,476620,2372,440,--1932,--422,79970,14800,--65170,--12900,KRX
20060614,+28900,2,+1300,+4.71,412254,3464,1954,--1510,--1197,120090,67820,--52270,--41020,KRX
20060613,-27600,5,-450,-1.60,473390,1259,946,--313,+3110,45280,34030,--11250,+112050,KRX
20060612,+28050,2,+1000,+3.70,442213,4698,1275,--3423,--1935,169150,45850,--123300,--68830,KRX
20060609,-27050,5,-100,-0.37,538770,2776,1288,--1488,+3971,101390,46920,--54470,+142780,KRX
20060608,-27150,5,-1200,-4.23,575726,7775,2316,--5459,--3865,280900,83650,--197250,--141700,KRX
20060607,+28350,2,+250,+0.89,628219,4401,2807,--1594,--146,156010,100460,--55550,--4430,KRX
20060605,+28100,2,+400,+1.44,546230,2553,1105,--1448,--2102,90230,39110,--51120,--74550,KRX
20060602,+27700,2,+350,+1.28,823646,372,1026,+654,+96,13360,36790,+23430,+4130,KRX
20060601,-27350,5,-1950,-6.66,654089,1017,1575,+558,+748,36690,55990,+19300,+25700,KRX
20060530,-29300,5,-450,-1.51,524120,2086,1896,--190,+848,70530,64130,--6400,+28430,KRX
20060529,-29750,5,-600,-1.98,595148,2099,1061,--1038,--1927,70550,35720,--34830,--63950,KRX
20060526,+30350,2,+250,+0.83,596770,876,1765,+889,+1540,28790,57910,+29120,+49590,KRX
20060525,-30100,5,-1800,-5.64,255416,2036,1385,--651,--1816,65240,44770,--20470,--56980,KRX
20060524,-31900,5,-400,-1.24,444080,1344,2509,+1165,--2216,42190,78700,+36510,--66840,KRX
20060523,-32300,5,-100,-0.31,290801,772,4153,+3381,+4562,23780,127130,+103350,+139750,KRX
20060522,-32400,5,-1400,-4.14,159511,1477,296,--1181,--1641,45520,9120,--36400,--51350,KRX
20060519,+33800,2,+1400,+4.32,352430,1121,1581,+460,+200,34400,49350,+14950,+7120,KRX
20060518,-32400,5,-1400,-4.14,210675,1205,1465,+260,+832,36670,44500,+7830,+24770,KRX
20060517,-33800,5,-650,-1.89,467962,1483,911,--572,--691,43760,26820,--16940,--19440,KRX
20060516,-34450,5,-2700,-7.27,558056,1476,1595,+119,+2529,42550,45050,+2500,+69180,KRX
20060515,+37150,2,+450,+1.23,330530,2725,315,--2410,+1458,75320,8640,--66680,+38920,KRX
20060512,+36700,2,+700,+1.94,439072,4419,551,--3868,--5288,120710,15110,--105600,--145540,KRX
20060511,+36000,2,+1400,+4.05,262790,2260,3680,+1420,+1595,63170,103110,+39940,+45000,KRX
20060510,+34600,2,+900,+2.67,277081,693,518,--175,+705,19980,14920,--5060,+20910,KRX
20060509,-33700,5,-800,-2.32,213390,1316,436,--880,--744,38770,12800,--25970,--22000,KRX
20060508,-34500,5,-50,-0.14,235224,1103,967,--136,--277,32220,28250,--3970,--8060,KRX
20060504,+34550,2,+550,+1.62,363523,1193,1334,+141,+260,35230,39320,+4090,+7810,KRX
20060503,-34000,5,-500,-1.45,438092,1716,1597,--119,--346,49920,46200,--3720,--10300,KRX
20060502,+34500,2,+350,+1.02,270365,929,1156,+227,+1278,26850,33430,+6580,+36780,KRX
20060428,-34150,5,-3100,-8.32,627860,2316,1265,--1051,+1000,66330,36130,--30200,+24360,KRX
20060427,-37250,5,-500,-1.32,423395,3300,1249,--2051,--3951,87710,33150,--54560,--105010,KRX
20060426,-37750,5,-50,-0.13,275622,307,2207,+1900,--225,8160,58610,+50450,--5760,KRX
20060425,+37800,2,+250,+0.67,369989,614,2739,+2125,+5095,16360,72570,+56210,+135020,KRX
20060424,-37550,5,-800,-2.09,274839,3582,612,--2970,--3060,95060,16250,--78810,--81260,KRX
20060421,+38350,2,+1050,+2.82,430349,1472,1562,+90,--1550,38650,41100,+2450,--42570,KRX
20060420,+37300,2,+1100,+3.04,693608,1062,2702,+1640,+1357,28730,73750,+45020,+37160,KRX
20060419,-36200,5,-300,-0.82,360784,1116,1399,+283,--2015,30560,38420,+7860,--55160,KRX
20060418,+36500,2,+350,+0.97,441505,682,2980,+2298,+2653,18710,81730,+63020,+73010,KRX
20060417,-36150,5,-50,-0.14,454760,1492,1137,--355,--1530,41220,31230,--9990,--42420,KRX
20060414,+36200,2,+1500,+4.32,480172,1064,2239,+1175,+948,29690,62120,+32430,+26040,KRX
20060413,+34700,2,+1250,+3.74,265328,1578,1805,+227,+767,45920,52310,+6390,+22430,KRX
20060412,-33450,5,-350,-1.04,246378,1258,718,--540,--606,37310,21270,--16040,--17830,KRX
20060411,-33800,5,-500,-1.46,227440,929,995,+66,--2018,27700,29490,+1790,--59220,KRX
20060410,34300,3,0,0.00,184174,69,2153,+2084,+1019,2020,63030,+61010,+29870,KRX
20060407,+34300,2,+600,+1.78,369373,378,1443,+1065,--287,11000,42140,+31140,--8700,KRX
20060406,+33700,2,+1050,+3.22,444390,949,2301,+1352,--524,28180,68020,+39840,--17310,KRX
20060405,-32650,5,-50,-0.15,291544,825,2701,+1876,+2694,25220,82370,+57150,+82180,KRX
20060404,-32700,5,-200,-0.61,358660,1494,676,--818,--2002,45650,20620,--25030,--60750,KRX
20060403,+32900,2,+800,+2.49,366012,378,1562,+1184,--740,11480,47200,+35720,--24160,KRX
20060331,+32100,2,+1100,+3.55,389070,544,2468,+1924,+921,17060,76940,+59880,+27210,KRX
20060330,+31000,2,+1200,+4.03,237620,343,1346,+1003,--1147,11200,43870,+32670,--39280,KRX
20060329,+29800,2,+50,+0.17,174053,241,2391,+2150,+1100,8150,80100,+71950,+36520,KRX
20060328,-29750,5,-500,-1.65,184076,311,1361,+1050,+157,10490,45920,+35430,+5880,KRX
20060327,-30250,5,-50,-0.17,174279,356,1249,+893,+36,11820,41370,+29550,+640,KRX
20060324,+30300,2,+1750,+6.13,709110,280,1137,+857,+1789,9490,38400,+28910,+61080,KRX
20060323,-28550,5,-950,-3.22,382035,1217,285,--932,+2794,42060,9890,--32170,+92990,KRX
20060322,-29500,5,-1300,-4.22,481478,4049,323,--3726,--3305,135990,10830,--125160,--111510,KRX
20060321,-30800,5,-1050,-3.30,341590,1273,852,--421,--2034,40970,27320,--13650,--65210,KRX
20060320,+31850,2,+650,+2.08,215151,205,1818,+1613,+1254,6480,58040,+51560,+40020,KRX
20060317,-31200,5,-200,-0.64,245910,926,1285,+359,--665,30140,41680,+11540,--21040,KRX
20060316,+31400,2,+400,+1.29,305251,684,1708,+1024,--1365,22010,54590,+32580,--44570,KRX
20060315,+31000,2,+250,+0.81,254605,72,2461,+2389,+4470,2310,79460,+77150,+144230,KRX
20060314,-30750,5,-750,-2.38,291155,2348,267,--2081,--2116,75650,8570,--67080,--68230,KRX
20060313,-31500,5,-500,-1.56,349354,640,675,+35,--46,19940,21090,+1150,--1450,KRX
20060310,+32000,2,+750,+2.40,215945,1577,1658,+81,+2059,49330,51930,+2600,+64980,KRX
20060309,-31250,5,-50,-0.16,463983,4868,2890,--1978,--4199,154190,91810,--62380,--131800,KRX
20060308,-31300,5,-350,-1.11,515794,712,2933,+2221,+2323,22710,92130,+69420,+72740,KRX
20060307,-31650,5,-1350,-4.09,269354,1720,1618,--102,--2382,53760,50440,--3320,--72230,KRX
20060306,+33000,2,+250,+0.76,367321,438,2718,+2280,+4921,13190,82100,+68910,+148870,KRX
20060303,-32750,5,-1700,-4.93,419621,3453,812,--2641,--4594,104120,24160,--79960,--136690,KRX
20060302,+34450,2,+450,+1.32,513511,720,2673,+1953,+1992,20980,77710,+56730,+57890,KRX
20060228,+34000,2,+50,+0.15,273058,1123,1084,--39,+746,32900,31740,--1160,+22020,KRX
20060227,-33950,5,-900,-2.58,285758,2877,2092,--785,--2151,84560,61380,--23180,--62440,KRX
20060224,-34850,5,-150,-0.43,303823,511,1877,+1366,--1201,14730,53990,+39260,--34510,KRX
20060223,+35000,2,+350,+1.01,431753,169,2736,+2567,+5352,4860,78630,+73770,+154050,KRX
20060222,+34650,2,+350,+1.02,614842,3997,1212,--2785,--3318,115460,35180,--80280,--95950,KRX
20060221,+34300,2,+1900,+5.86,440151,828,1361,+533,--2585,24460,40130,+15670,--80570,KRX
20060220,+32400,2,+400,+1.25,280700,325,3443,+3118,+3040,10080,106320,+96240,+93950,KRX
20060217,+32000,2,+200,+0.63,216390,1048,1126,+78,--1024,32750,35040,+2290,--31700,KRX
20060216,31800,3,0,0.00,222580,652,1754,+1102,+2538,20280,54270,+33990,+79240,KRX
20060215,-31800,5,-200,-0.63,284364,2376,940,--1436,--3554,74610,29360,--45250,--112520,KRX
20060214,+32000,2,+1250,+4.07,276220,281,2399,+2118,+4203,9000,76270,+67270,+134790,KRX
20060213,-30750,5,-850,-2.69,345672,2796,711,--2085,--1851,90330,22810,--67520,--59920,KRX
20060210,+31600,2,+1150,+3.78,587594,1261,1027,--234,+1082,40670,33070,--7600,+35000,KRX
20060209,-30450,5,-950,-3.03,424531,2288,972,--1316,--881,74260,31660,--42600,--28570,KRX
20060208,-31400,5,-1400,-4.27,378024,1435,1000,--435,+363,44880,30850,--14030,+10880,KRX
20060207,+32800,2,+1350,+4.29,374401,1586,788,--798,+1453,49590,24680,--24910,+46630,KRX
20060206,+31450,2,+250,+0.80,568147,3863,1612,--2251,--2553,123180,51640,--71540,--80570,KRX
20060203,-31200,5,-2150,-6.45,322247,1730,2032,+302,+227,54220,63250,+9030,+7220,KRX
20060202,-33350,5,-650,-1.91,313892,1390,1465,+75,+414,41430,43240,+1810,+11210,KRX
20060201,-34000,5,-850,-2.44,508433,2614,2275,--339,+637,76540,67140,--9400,+19140,KRX
20060131,+34850,2,+550,+1.60,471440,1788,812,--976,--237,52000,23460,--28540,--6820,KRX
20060127,+34300,2,+1550,+4.73,1350090,1402,663,--739,+1242,40950,19230,--21720,+43060,KRX
20060126,+32750,1,+4250,+14.91,1462363,2368,387,--1981,+542,77490,12710,--64780,+25250,KRX
20060125,+28500,2,+1650,+6.15,1507119,3956,1433,--2523,+2039,141140,51110,--90030,+81460,KRX
20060124,-26850,5,-500,-1.83,1208599,6124,1562,--4562,--9526,229350,57860,--171490,--358010,KRX
20060123,-27350,5,-1650,-5.69,1295239,440,5404,+4964,+5331,16340,202860,+186520,+198290,KRX
20060120,-29000,5,-2400,-7.64,529497,1651,1284,--367,--3411,55070,43300,--11770,--107140,KRX
20060119,+31400,2,+400,+1.29,802522,1350,4394,+3044,+1343,42460,137830,+95370,+40870,KRX
20060118,-31000,5,-1800,-5.49,529159,1503,3204,+1701,+2679,48320,102820,+54500,+83640,KRX
20060117,-32800,5,-1300,-3.81,422511,1646,668,--978,--1216,49380,20240,--29140,--36110,KRX
20060116,-34100,5,-200,-0.58,403936,669,907,+238,+182,19600,26570,+6970,+5350,KRX
20060113,+34300,2,+750,+2.24,288503,753,809,+56,--99,22220,23840,+1620,--2760,KRX
20060112,+33550,2,+850,+2.60,624660,2203,2358,+155,--2337,65470,69850,+4380,--71420,KRX
20060111,+32700,2,+750,+2.35,803080,1016,3508,+2492,+3467,30860,106660,+75800,+106280,KRX
20060110,-31950,5,-2250,-6.58,974981,2095,1120,--975,--932,64910,34430,--30480,--29570,KRX
20060109,-34200,5,-1050,-2.98,803800,1228,1185,--43,--117,35660,34750,--910,--3000,KRX
20060106,35250,3,0,0.00,520342,1613,1687,+74,--2149,45470,47560,+2090,--61060,KRX
20060105,-35250,5,-750,-2.08,557881,1010,3233,+2223,+3633,28440,91590,+63150,+100900,KRX
20060104,-36000,5,-1850,-4.89,501454,2108,698,--1410,+525,56720,18970,--37750,+14560,KRX
20060103,+37850,2,+500,+1.34,517730,3390,1455,--1935,--2593,91600,39290,--52310,--69710,KRX
20060102,-37350,5,-600,-1.58,523257,3825,4483,+658,+1250,100700,118100,+17400,+33200,KRX
20051229,+37950,2,+1550,+4.26,579058,1781,1189,--592,+12,47230,31430,--15800,+950,KRX
20051228,36400,3,0,0.00,284090,1445,841,--604,--1557,39990,23240,--16750,--42700,KRX
20051227,+36400,2,+500,+1.39,368680,1476,2429,+953,--547,40440,66390,+25950,--15430,KRX
20051226,-35900,5,-1100,-2.97,314514,137,1637,+1500,+2169,3780,45160,+41380,+58950,KRX
20051223,-37000,5,-1000,-2.63,385279,1306,637,--669,+1666,34500,16930,--17570,+45330,KRX
20051222,+38000,2,+3050,+8.73,923797,3097,762,--2335,--1928,83320,20420,--62900,--51140,KRX
20051221,+34950,2,+1100,+3.25,558135,1150,743,--407,--625,32960,21200,--11760,--18110,KRX
20051220,-33850,5,-50,-0.15,308584,1076,1294,+218,--3050,31870,38220,+6350,--90070,KRX
20051219,-33900,5,-500,-1.45,576860,168,3436,+3268,+2003,4930,101350,+96420,+59750,KRX
20051216,-34400,5,-800,-2.27,409978,1099,2364,+1265,+5050,32110,68780,+36670,+145590,KRX
20051215,+35200,2,+550,+1.59,771013,6179,2394,--3785,+5529,177570,68650,--108920,+159790,KRX
20051214,-34650,5,-1650,-4.55,804252,11092,1778,--9314,--8156,319840,51130,--268710,--236850,KRX
20051213,-36300,5,-1650,-4.35,402384,2257,1099,--1158,--2925,62210,30350,--31860,--79320,KRX
20051212,+37950,2,+4200,+12.44,897365,1851,3618,+1767,--391,51020,98480,+47460,--17290,KRX
20051209,+33750,2,+1150,+3.53,380927,1046,3204,+2158,--1330,31610,96360,+64750,--43300,KRX
20051208,+32600,2,+1400,+4.49,717569,5437,8925,+3488,+4238,167780,275830,+108050,+132360,KRX
20051207,+31200,2,+100,+0.32,293429,1860,1110,--750,--711,59920,35610,--24310,--23070,KRX
20051206,-31100,5,-400,-1.27,435835,847,808,--39,+61,27020,25780,--1240,+2170,KRX
20051205,+31500,2,+2500,+8.62,845061,1011,911,--100,--508,33260,29850,--3410,--17540,KRX
20051202,-29000,5,-350,-1.19,479825,1104,1512,+408,+1015,37700,51830,+14130,+34820,KRX
20051201,-29350,5,-600,-2.00,433605,1629,1022,--607,--2764,55300,34610,--20690,--92520,KRX
20051130,-29950,5,-200,-0.66,513856,562,2719,+2157,+2867,18740,90570,+71830,+95840,KRX
20051129,+30150,2,+1300,+4.51,838375,2237,1527,--710,--717,75490,51480,--24010,--24210,KRX
20051128,-28850,5,-500,-1.70,354653,606,613,+7,--604,20840,21040,+200,--20520,KRX
20051125,-29350,5,-150,-0.51,442002,895,1506,+611,--526,30450,51170,+20720,--17760,KRX
20051124,+29500,2,+1150,+4.06,776380,1005,2142,+1137,--678,34230,72710,+38480,--26070,KRX
20051123,+28350,2,+1450,+5.39,736100,834,2649,+1815,+3263,29910,94460,+64550,+118190,KRX
20051122,-26900,5,-650,-2.36,700185,2171,723,--1448,--799,80190,26550,--53640,--29210,KRX
20051121,+27550,2,+1700,+6.58,839310,1443,794,--649,--515,55040,30610,--24430,--19150,KRX
20051118,-25850,5,-550,-2.08,588558,880,746,--134,--426,33990,28710,--5280,--16190,KRX
20051117,-26400,5,-350,-1.31,689121,592,884,+292,--307,22130,33040,+10910,--11460,KRX
20051116,26750,3,0,0.00,508276,544,1143,+599,+1211,20640,43010,+22370,+45680,KRX
20051115,-26750,5,-50,-0.19,406170,1387,775,--612,--635,52670,29360,--23310,--24090,KRX
20051114,+26800,2,+500,+1.90,549161,963,986,+23,--3776,37310,38090,+780,--141010,KRX
20051111,-26300,5,-150,-0.57,507472,329,4128,+3799,+3285,12340,154130,+141790,+122100,KRX
20051110,+26450,2,+600,+2.32,602100,2240,2754,+514,--1801,84940,104630,+19690,--69790,KRX
20051109,+25850,2,+1150,+4.66,908954,866,3181,+2315,+1035,33740,123220,+89480,+37690,KRX
20051108,+24700,2,+200,+0.82,712598,212,1492,+1280,+1518,8630,60420,+51790,+61840,KRX
20051107,-24500,5,-900,-3.54,471372,1293,1055,--238,--590,53290,43240,--10050,--23710,KRX
20051104,-25400,5,-300,-1.17,351799,1744,2096,+352,+490,68830,82490,+13660,+18820,KRX
20051103,+25700,2,+100,+0.39,606333,1500,1362,--138,--3674,57880,52720,--5160,--146930,KRX
20051102,+25600,2,+2000,+8.47,554181,689,4225,+3536,+4162,27830,169600,+141770,+168510,KRX
20051101,+23600,2,+1000,+4.42,449928,1378,752,--626,--2279,58620,31880,--26740,--100260,KRX
20051031,+22600,2,+1100,+5.12,368230,612,2265,+1653,+3147,27640,101160,+73520,+142540,KRX
20051028,-21500,5,-1250,-5.49,459169,2552,1058,--1494,--989,118230,49210,--69020,--46200,KRX
20051027,+22750,2,+250,+1.11,376666,2035,1530,--505,--1099,89170,66350,--22820,--48770,KRX
20051026,-22500,5,-500,-2.17,303290,737,1331,+594,+78,32240,58190,+25950,+3530,KRX
20051025,+23000,2,+550,+2.45,561917,1059,1575,+516,+1246,45960,68380,+22420,+54390,KRX
20051024,-22450,5,-1300,-5.47,861430,1333,603,--730,--3038,57480,25510,--31970,--133110,KRX
20051021,+23750,2,+1950,+8.94,769545,1207,3515,+2308,+2382,52880,154020,+101140,+104330,KRX
20051020,+21800,2,+1000,+4.81,464151,1132,1058,--74,+517,52640,49450,--3190,+25100,KRX
20051019,-20800,5,-200,-0.95,796012,1079,488,--591,--1271,51450,23160,--28290,--60320,KRX
20051018,+21000,2,+1400,+7.14,1955412,652,1332,+680,+626,30630,62660,+32030,+29140,KRX
20051017,+19600,2,+350,+1.82,989376,690,744,+54,+1030,34410,37300,+2890,+54070,KRX
20051014,+19250,2,+100,+0.52,877490,1502,526,--976,+1543,78480,27300,--51180,+78890,KRX
20051013,-19150,5,-350,-1.79,430321,3357,838,--2519,--1869,173150,43080,--130070,--96330,KRX
20051012,-19500,5,-200,-1.02,356440,1675,1025,--650,--1184,86240,52500,--33740,--60940,KRX
20051011,+19700,2,+1250,+6.78,604601,539,1073,+534,--598,28520,55720,+27200,--34470,KRX
20051010,+18450,2,+400,+2.22,231684,24,1156,+1132,+1220,1330,63000,+61670,+66970,KRX
20051007,+18050,2,+50,+0.28,476811,1136,1048,--88,+1976,62510,57210,--5300,+108370,KRX
20051006,-18000,5,-950,-5.01,597295,2703,639,--2064,+551,148700,35030,--113670,+24360,KRX
20051005,-18950,5,-600,-3.07,632798,3178,563,--2615,--3666,167530,29500,--138030,--191920,KRX
20051004,-19550,5,-150,-0.76,534578,520,1571,+1051,+599,26690,80580,+53890,+31700,KRX
20050930,-19700,5,-1000,-4.83,360027,400,852,+452,+146,20080,42270,+22190,+7410,KRX
20050929,+20700,2,+100,+0.49,238170,344,650,+306,--776,16770,31550,+14780,--37910,KRX
20050928,+20600,2,+250,+1.23,465961,253,1335,+1082,+1735,12400,65090,+52690,+85710,KRX
20050927,+20350,2,+1200,+6.27,4952100,895,242,--653,--813,45360,12340,--33020,--41380,KRX
20050926,+19150,2,+1000,+5.51,502308,1484,1644,+160,+584,78940,87300,+8360,+31510,KRX
20050923,-18150,5,-250,-1.36,325190,785,361,--424,--425,42810,19660,--23150,--23210,KRX
20050922,-18400,5,-250,-1.34,326353,578,579,+1,+360,31410,31470,+60,+19400,KRX
20050921,-18650,5,-150,-0.80,253003,907,548,--359,--611,48700,29360,--19340,--33060,KRX
20050920,+18800,2,+550,+3.01,437790,359,611,+252,+189,19330,33050,+13720,+10310,KRX
20050916,18250,3,0,0.00,214863,415,478,+63,+433,22760,26170,+3410,+23590,KRX
20050915,-18250,5,-500,-2.67,262588,743,373,--370,--1029,40550,20370,--20180,--55290,KRX
20050914,-18750,5,-250,-1.32,1287331,82,741,+659,+1360,4380,39490,+35110,+71510,KRX
20050913,+19000,2,+600,+3.26,528419,1020,319,--701,--920,52810,16410,--36400,--48100,KRX
20050912,18400,3,0,0.00,177974,578,797,+219,--95,31300,43000,+11700,--5220,KRX
20050909,-18400,5,-400,-2.13,128553,331,645,+314,--151,17660,34580,+16920,--6890,KRX
20050908,-18800,5,-100,-0.53,498820,4012,4477,+465,+27,213200,237010,+23810,+130,KRX
20050907,+18900,2,+850,+4.71,209825,240,678,+438,--1130,12910,36590,+23680,--62000,KRX
20050906,+18050,2,+100,+0.56,188125,188,1756,+1568,+1822,10350,96030,+85680,+99750,KRX
20050905,-17950,5,-300,-1.64,156159,560,306,--254,--852,31090,17020,--14070,--47100,KRX
20050902,+18250,2,+700,+3.99,293663,170,768,+598,+1437,9410,42440,+33030,+80640,KRX
20050901,-17550,5,-250,-1.40,271739,1641,802,--839,+503,93030,45420,--47610,+29650,KRX
20050831,+17800,2,+1300,+7.88,364877,1578,236,--1342,--264,90950,13690,--77260,--12200,KRX
20050830,+16500,2,+250,+1.54,186080,1308,230,--1078,--600,78990,13930,--65060,--35730,KRX
20050829,-16250,5,-400,-2.40,168952,778,300,--478,--417,47620,18290,--29330,--25360,KRX
20050826,-16650,5,-350,-2.06,175800,780,719,--61,+293,46250,42280,--3970,+18260,KRX
20050825,+17000,2,+150,+0.89,189301,1071,717,--354,+2242,63710,41480,--22230,+130610,KRX
20050824,-16850,5,-750,-4.26,281880,2860,264,--2596,--2819,168330,15490,--152840,--165330,KRX
20050823,-17600,5,-400,-2.22,188324,535,758,+223,--1038,30280,42770,+12490,--58840,KRX
20050822,+18000,2,+1100,+6.51,363467,185,1446,+1261,+1809,10530,81860,+71330,+103280,KRX
20050819,-16900,5,-550,-3.15,318751,833,285,--548,+637,48730,16780,--31950,+35250,KRX
20050818,-17450,5,-400,-2.24,315168,1501,316,--1185,--1630,85100,17900,--67200,--92200,KRX
20050817,-17850,5,-200,-1.11,210503,202,647,+445,+373,11260,36260,+25000,+21180,KRX
20050816,-18050,5,-750,-3.99,727450,934,1006,+72,+7,51640,55460,+3820,+240,KRX
20050812,-18800,5,-550,-2.84,393090,628,693,+65,--620,33050,36630,+3580,--32310,KRX
20050811,+19350,2,+800,+4.31,346572,427,1112,+685,+2037,22250,58140,+35890,+107620,KRX
20050810,-18550,5,-400,-2.11,342576,1998,646,--1352,--891,105830,34100,--71730,--46870,KRX
20050809,+18950,2,+200,+1.07,380810,870,409,--461,--872,46480,21620,--24860,--47090,KRX
20050808,+18750,2,+200,+1.08,143230,192,603,+411,--347,10260,32490,+22230,--18340,KRX
20050805,-18550,5,-250,-1.33,186510,306,1064,+758,--418,16470,57040,+40570,--21920,KRX
20050804,-18800,5,-550,-2.84,280610,218,1394,+1176,+1189,11560,74050,+62490,+63260,KRX
20050803,-19350,5,-400,-2.03,424808,535,522,--13,+429,27540,26770,--770,+22600,KRX
20050802,+19750,2,+750,+3.95,343463,592,150,--442,+266,31140,7770,--23370,+14750,KRX
20050801,+19000,2,+500,+2.70,308040,1008,300,--708,--167,53980,15860,--38120,--8900,KRX
20050729,-18500,5,-100,-0.54,403961,743,202,--541,+246,40090,10870,--29220,+13420,KRX
20050728,+18600,2,+800,+4.49,854980,1223,436,--787,--169,66120,23480,--42640,--7950,KRX
20050727,-17800,5,-50,-0.28,406605,949,331,--618,--243,53180,18490,--34690,--13430,KRX
20050726,+17850,2,+50,+0.28,480109,559,184,--375,--873,31700,10440,--21260,--50300,KRX
20050725,+17800,2,+800,+4.71,1124858,553,1051,+498,--279,31840,60880,+29040,--15810,KRX
20050722,-17000,5,-1650,-8.85,1051891,284,1061,+777,+793,16490,61340,+44850,+45650,KRX
20050721,+18650,2,+50,+0.27,301740,466,450,--16,+2372,24800,24000,--800,+127670,KRX
20050720,+18600,2,+150,+0.81,644540,2820,432,--2388,--2328,151440,22970,--128470,--125260,KRX
20050719,+18450,2,+1150,+6.65,643349,758,698,--60,+179,41370,38160,--3210,+10910,KRX
20050718,+17300,2,+650,+3.90,302878,781,542,--239,--19,46310,32190,--14120,--1120,KRX
20050715,-16650,5,-200,-1.19,182435,541,321,--220,--1375,32010,19010,--13000,--81590,KRX
20050714,+16850,2,+50,+0.30,333229,773,1928,+1155,+1386,45900,114490,+68590,+82050,KRX
20050713,-16800,5,-350,-2.04,297250,540,309,--231,+361,31490,18030,--13460,+21380,KRX
20050712,+17150,2,+250,+1.48,338722,869,277,--592,--1413,51060,16220,--34840,--83320,KRX
20050711,+16900,2,+250,+1.50,270040,127,948,+821,+919,7550,56030,+48480,+54450,KRX
20050708,+16650,2,+350,+2.15,260760,193,95,--98,--321,11680,5710,--5970,--19640,KRX
20050707,+16300,2,+250,+1.56,311358,227,450,+223,--6,13950,27620,+13670,--480,KRX
20050706,-16050,5,-350,-2.13,309479,234,463,+229,+280,14510,28660,+14150,+17410,KRX
20050705,-16400,5,-350,-2.09,411291,299,248,--51,+1513,18270,15010,--3260,+90090,KRX
20050704,-16750,5,-250,-1.47,290882,1627,63,--1564,--1079,97100,3750,--93350,--64880,KRX
20050701,17000,3,0,0.00,413050,556,71,--485,--1391,32630,4160,--28470,--82260,KRX
20050630,+17000,2,+500,+3.03,462470,317,1223,+906,--863,19100,72890,+53790,--55010,KRX
20050629,+16500,2,+950,+6.11,605492,149,1918,+1769,+1898,9230,118030,+108800,+117070,KRX
20050628,-15550,5,-450,-2.81,395455,501,372,--129,+852,31580,23310,--8270,+53040,KRX
20050627,16000,3,0,0.00,297833,1158,177,--981,--607,72360,11050,--61310,--38090,KRX
20050624,-16000,5,-300,-1.84,473209,827,453,--374,--2372,51420,28200,--23220,--143700,KRX
20050623,+16300,2,+600,+3.82,757771,366,2364,+1998,+1211,22760,143240,+120480,+68910,KRX
20050622,+15700,2,+900,+6.08,609210,82,869,+787,+404,5310,56880,+51570,+25690,KRX
20050621,14800,3,0,0.00,183300,274,657,+383,+756,18610,44490,+25880,+51700,KRX
20050620,+14800,2,+250,+1.72,214120,491,118,--373,--684,33940,8120,--25820,--47100,KRX
20050617,+14550,2,+400,+2.83,183516,281,592,+311,--226,19670,40950,+21280,--15890,KRX
20050616,-14150,5,-50,-0.35,159814,139,676,+537,--748,9710,46880,+37170,--53930,KRX
20050615,+14200,2,+550,+4.03,245199,228,1513,+1285,+696,16240,107340,+91100,+49090,KRX
20050614,-13650,5,-600,-4.21,234909,91,680,+589,+105,6570,48580,+42010,+9160,KRX
20050613,-14250,5,-500,-3.39,665907,511,995,+484,--10,34950,67800,+32850,--440,KRX
20050610,-14750,5,-250,-1.67,309150,383,877,+494,--1612,25900,59190,+33290,--109560,KRX
20050609,+15000,2,+550,+3.81,830810,2627,4733,+2106,0,175540,318390,+142850,--3040,KRX
20050608,+14450,2,+50,+0.35,514660,3047,5153,+2106,+49,210880,356770,+145890,+2380,KRX
20050607,+14400,2,+300,+2.13,498640,515,2572,+2057,+1576,36300,179810,+143510,+109350,KRX
20050603,+14100,2,+100,+0.71,214550,44,525,+481,+104,3130,37290,+34160,+7020,KRX
20050602,-14000,5,-100,-0.71,253920,409,786,+377,--831,29200,56340,+27140,--58820,KRX
20050601,+14100,2,+150,+1.08,357770,228,1436,+1208,+1091,16210,102170,+85960,+77250,KRX
20050531,+13950,2,+550,+4.10,363561,178,295,+117,+849,13290,22000,+8710,+63240,KRX
20050530,+13400,2,+300,+2.29,378055,926,194,--732,--1880,69090,14560,--54530,--142540,KRX
20050527,+13100,2,+500,+3.97,393466,122,1270,+1148,+831,9450,97460,+88010,+62690,KRX
20050526,+12600,2,+200,+1.61,133191,104,421,+317,+727,8310,33630,+25320,+58450,KRX
20050525,-12400,5,-350,-2.75,172301,791,381,--410,--537,63500,30370,--33130,--43190,KRX
20050524,+12750,2,+550,+4.51,270550,233,360,+127,+248,18480,28540,+10060,+20020,KRX
20050523,-12200,5,-250,-2.01,163000,337,216,--121,+63,27590,17630,--9960,+4900,KRX
20050520,+12450,2,+250,+2.05,304738,435,251,--184,--1562,35130,20270,--14860,--128780,KRX
20050519,+12200,2,+400,+3.39,217820,89,1467,+1378,+1068,7360,121280,+113920,+88250,KRX
20050518,-11800,5,-50,-0.42,139414,132,442,+310,+98,11090,36760,+25670,+7730,KRX
20050517,+11850,2,+250,+2.16,339210,480,692,+212,--79,40580,58520,+17940,--6240,KRX
20050516,-11600,5,-250,-2.11,339100,265,556,+291,+272,22550,46730,+24180,+22610,KRX
20050513,-11850,5,-150,-1.25,181110,192,211,+19,+96,16170,17740,+1570,+8280,KRX
20050512,+12000,2,+50,+0.42,200490,449,372,--77,+203,37440,30730,--6710,+16530,KRX
20050511,-11950,5,-350,-2.85,259491,357,77,--280,--314,29620,6380,--23240,--25600,KRX
20050510,-12300,5,-500,-3.91,320465,396,430,+34,+873,31670,34030,+2360,+66750,KRX
20050509,-12800,5,-200,-1.54,324857,872,33,--839,--1098,66930,2540,--64390,--84090,KRX
20050506,+13000,2,+250,+1.96,225698,64,323,+259,+119,4920,24620,+19700,+8690,KRX
20050504,12750,3,0,0.00,103851,38,178,+140,+362,2950,13960,+11010,+28410,KRX
20050503,+12750,2,+50,+0.39,149281,509,287,--222,--314,39740,22340,--17400,--24570,KRX
20050502,+12700,2,+400,+3.25,257860,118,210,+92,--168,9400,16570,+7170,--13990,KRX
20050429,12300,3,0,0.00,238680,216,476,+260,+416,17630,38790,+21160,+34260,KRX
20050428,+12300,2,+150,+1.23,240641,725,569,--156,+636,59650,46550,--13100,+52190,KRX
20050427,-12150,5,-450,-3.57,425060,1408,616,--792,--289,115620,50330,--65290,--26220,KRX
20050426,-12600,5,-400,-3.08,264666,661,158,--503,--1010,51450,12380,--39070,--77710,KRX
20050425,-13000,5,-100,-0.76,196051,359,866,+507,+408,27690,66330,+38640,+31250,KRX
20050422,-13100,5,-200,-1.50,251781,129,228,+99,+119,9790,17180,+7390,+9310,KRX
20050421,-13300,5,-150,-1.12,506439,376,356,--20,+1059,29010,27090,--1920,+81080,KRX
20050420,+13450,2,+300,+2.28,810531,1351,272,--1079,--540,103660,20660,--83000,--40580,KRX
20050419,+13150,2,+650,+5.20,438560,757,218,--539,--1170,59550,17130,--42420,--92660,KRX
20050418,-12500,5,-600,-4.58,447630,327,958,+631,+87,25770,76010,+50240,+8920,KRX
20050415,-13100,5,-50,-0.38,644373,1149,1693,+544,+2734,88040,129360,+41320,+206910,KRX
20050414,-13150,5,-100,-0.75,848510,2944,754,--2190,--2345,222590,57000,--165590,--177130,KRX
20050413,+13250,2,+50,+0.38,930771,204,359,+155,--43,15180,26720,+11540,--3400,KRX
20050412,-13200,5,-400,-2.94,6099077,188,386,+198,+759,14240,29180,+14940,+55000,KRX
20050411,-13600,5,-400,-2.86,837100,678,117,--561,--511,48400,8340,--40060,--36550,KRX
20050408,14000,3,0,0.00,1162403,247,197,--50,+238,17430,13920,--3510,+16360,KRX
20050407,-14000,5,-800,-5.41,1134640,442,154,--288,--912,30600,10730,--19870,--61840,KRX
20050406,+14800,2,+100,+0.68,341563,391,1015,+624,+725,26800,68770,+41970,+48870,KRX
20050404,+14700,2,+450,+3.16,480375,243,142,--101,--682,16580,9680,--6900,--47870,KRX
20050401,+14250,2,+100,+0.71,388077,122,703,+581,+218,8580,49550,+40970,+15290,KRX
20050331,+14150,2,+250,+1.80,459447,289,652,+363,+138,20720,46400,+25680,+9250,KRX
20050330,+13900,2,+700,+5.30,559300,515,740,+225,+1531,37720,54150,+16430,+114450,KRX
20050329,-13200,5,-150,-1.12,313710,1416,110,--1306,--1735,106260,8240,--98020,--129430,KRX
20050328,-13350,5,-50,-0.37,441557,175,604,+429,+305,12850,44260,+31410,+22130,KRX
20050325,+13400,2,+700,+5.51,393100,421,545,+124,--443,31870,41150,+9280,--34720,KRX
20050324,+12700,2,+150,+1.20,272238,350,917,+567,+930,27550,71550,+44000,+72390,KRX
20050323,-12550,5,-400,-3.09,219076,715,352,--363,--499,55730,27340,--28390,--38770,KRX
20050322,+12950,2,+750,+6.15,394348,499,635,+136,--387,39700,50080,+10380,--31610,KRX
20050321,-12200,5,-200,-1.61,280570,453,976,+523,--262,37230,79220,+41990,--18030,KRX
20050318,-12400,5,-800,-6.06,513190,194,979,+785,+174,15200,75220,+60020,+14730,KRX
20050317,+13200,2,+550,+4.35,731744,754,1365,+611,+19,58350,103640,+45290,--990,KRX
20050316,-12650,5,-50,-0.39,277653,377,969,+592,+1387,29560,75840,+46280,+107250,KRX
20050315,-12700,5,-900,-6.62,372681,1032,237,--795,--418,79020,18050,--60970,--32920,KRX
20050314,13600,3,0,0.00,203201,486,109,--377,--1684,36110,8060,--28050,--124190,KRX
20050311,+13600,2,+200,+1.49,399680,166,1473,+1307,+2662,12300,108440,+96140,+197340,KRX
20050310,+13400,2,+650,+5.10,786783,2884,1529,--1355,--1925,215610,114410,--101200,--145190,KRX
20050309,-12750,5,-100,-0.78,333004,212,782,+570,+917,16590,60580,+43990,+70660,KRX
20050308,-12850,5,-350,-2.65,345688,916,569,--347,--27,70670,44000,--26670,--2920,KRX
20050307,-13200,5,-350,-2.58,450499,611,291,--320,--459,45200,21450,--23750,--33680,KRX
20050304,-13550,5,-300,-2.17,441425,250,389,+139,--895,18240,28170,+9930,--64610,KRX
20050303,+13850,2,+50,+0.36,544205,340,1374,+1034,+2321,24450,98990,+74540,+169740,KRX
20050302,+13800,2,+1000,+7.81,939367,1452,165,--1287,--457,107340,12140,--95200,--30770,KRX
20050228,-12800,5,-100,-0.78,357870,987,157,--830,--696,76630,12200,--64430,--54420,KRX
20050225,-12900,5,-250,-1.90,350755,367,233,--134,--125,27840,17830,--10010,--9380,KRX
20050224,+13150,2,+650,+5.20,519745,531,522,--9,--861,40790,40160,--630,--67960,KRX
20050223,+12500,2,+50,+0.40,366212,148,1000,+852,+1218,11730,79060,+67330,+96370,KRX
20050222,-12450,5,-200,-1.58,732646,461,95,--366,+1207,36540,7500,--29040,+95530,KRX
20050221,-12650,5,-400,-3.07,598840,1912,339,--1573,--1653,151350,26780,--124570,--130740,KRX
20050218,-13050,5,-350,-2.61,522407,290,370,+80,+390,22220,28390,+6170,+29960,KRX
20050217,+13400,2,+850,+6.77,1086919,509,199,--310,--458,39090,15300,--23790,--35060,KRX
20050216,+12550,2,+300,+2.45,583565,751,899,+148,+1061,61800,73070,+11270,+88520,KRX
20050215,+12250,2,+650,+5.60,753870,974,61,--913,--1625,82350,5100,--77250,--138930,KRX
20050214,+11600,2,+500,+4.50,561729,298,1010,+712,+2119,25960,87640,+61680,+187880,KRX
20050211,-11100,5,-250,-2.20,328285,1459,52,--1407,--992,130820,4620,--126200,--88890,KRX
20050207,-11350,5,-50,-0.44,535218,1687,1272,--415,--13,149480,112170,--37310,--2050,KRX
20050204,+11400,2,+200,+1.79,433412,540,138,--402,--1000,47360,12100,--35260,--88850,KRX
20050203,+11200,2,+500,+4.67,372575,363,961,+598,+848,33080,86670,+53590,+76550,KRX
20050202,-10700,5,-600,-5.31,592740,368,118,--250,+490,33730,10770,--22960,+41890,KRX
20050201,-11300,5,-500,-4.24,198595,779,39,--740,--1437,68270,3420,--64850,--123950,KRX
20050131,11800,3,0,0.00,327888,239,936,+697,--93,20350,79450,+59100,--8260,KRX
20050128,+11800,2,+150,+1.29,356933,273,1063,+790,+818,23550,90910,+67360,+69680,KRX
20050127,+11650,2,+300,+2.64,549920,505,477,--28,--452,44040,41720,--2320,--41640,KRX
20050126,+11350,2,+1300,+12.94,974631,203,627,+424,+1041,18970,58290,+39320,+100700,KRX
20050125,-10050,5,-50,-0.50,306950,788,171,--617,--223,78250,16870,--61380,--22500,KRX
20050124,+10100,2,+120,+1.20,525454,670,276,--394,--758,65970,27090,--38880,--75080,KRX
20050121,-9980,5,-170,-1.67,378028,163,527,+364,+992,16250,52450,+36200,+96820,KRX
20050120,-10150,5,-550,-5.14,418767,799,171,--628,--375,76980,16360,--60620,--36980,KRX
20050119,10700,3,0,0.00,364659,562,309,--253,+370,52550,28910,--23640,+34320,KRX
20050118,-10700,5,-150,-1.38,306922,873,250,--623,--453,81150,23190,--57960,--42470,KRX
20050117,-10850,5,-50,-0.46,349738,473,303,--170,--1250,43210,27720,--15490,--113640,KRX
20050114,10900,3,0,0.00,411923,386,1466,+1080,+1014,35820,133970,+98150,+92320,KRX
20050113,+10900,2,+150,+1.40,329491,820,886,+66,--127,75590,81420,+5830,--11830,KRX
20050112,-10750,5,-450,-4.02,483258,301,494,+193,--1391,27790,45450,+17660,--124580,KRX
20050111,+11200,2,+450,+4.19,724738,389,1973,+1584,+1838,35330,177570,+142240,+165710,KRX
20050110,-10750,5,-200,-1.83,168615,367,113,--254,+366,33940,10470,--23470,+33450,KRX
20050107,+10950,2,+300,+2.82,688628,722,102,--620,--681,66200,9280,--56920,--62980,KRX
20050106,-10650,5,-500,-4.48,537690,422,483,+61,--273,39220,45280,+6060,--23930,KRX
20050105,-11150,5,-50,-0.45,269760,144,478,+334,+254,12910,42900,+29990,+23190,KRX
20050104,-11200,5,-250,-2.18,201765,317,397,+80,+18,28160,34960,+6800,+1440,KRX
20050103,-11450,5,-350,-2.97,199744,201,263,+62,--752,17310,22670,+5360,--64340,KRX
20041230,+11800,2,+300,+2.61,325226,193,1007,+814,--10,16460,86160,+69700,--3220,KRX
20041229,+11500,2,+250,+2.22,325517,208,1032,+824,--9,18520,91440,+72920,--3730,KRX
20041228,+11250,2,+250,+2.27,520424,178,1011,+833,+605,16210,92860,+76650,+56190,KRX
20041227,-11000,5,-250,-2.22,253670,350,578,+228,--260,31620,52080,+20460,--22390,KRX
20041224,-11250,5,-350,-3.02,302600,98,586,+488,+669,8510,51360,+42850,+58960,KRX
20041223,+11600,2,+150,+1.31,383780,319,138,--181,--641,28010,11900,--16110,--55080,KRX
20041222,-11450,5,-550,-4.58,512428,110,570,+460,+459,9410,48380,+38970,+38880,KRX
20041221,-12000,5,-550,-4.38,437776,399,400,+1,--449,32750,32840,+90,--35380,KRX
20041220,+12550,2,+50,+0.40,700905,177,627,+450,+41,14110,49580,+35470,+3690,KRX
20041217,-12500,5,-700,-5.30,4714911,409,818,+409,+322,32540,64320,+31780,+25340,KRX
20041216,+13200,2,+50,+0.38,249892,340,427,+87,--250,25720,32160,+6440,--19140,KRX
20041215,+13150,2,+150,+1.15,190623,200,537,+337,+501,15250,40830,+25580,+38450,KRX
20041214,-13000,5,-150,-1.14,358870,581,417,--164,--774,44450,31580,--12870,--58480,KRX
20041213,-13150,5,-550,-4.01,280210,383,993,+610,+795,28990,74600,+45610,+59360,KRX
20041210,-13700,5,-500,-3.52,230734,503,318,--185,+1954,36950,23200,--13750,+135090,KRX
20041209,+14200,2,+50,+0.35,774924,5087,2948,--2139,--2354,355920,207080,--148840,--164450,KRX
20041208,+14150,2,+450,+3.28,173290,414,629,+215,+675,29860,45470,+15610,+49250,KRX
20041207,+13700,2,+300,+2.24,227803,641,181,--460,--39,46930,13290,--33640,--2690,KRX
20041206,-13400,5,-550,-3.94,174752,743,322,--421,--1069,54690,23740,--30950,--77060,KRX
20041203,+13950,2,+200,+1.45,237949,348,996,+648,--927,25120,71230,+46110,--66570,KRX
20041202,+13750,2,+350,+2.61,640068,231,1806,+1575,+1431,16740,129420,+112680,+102180,KRX
20041201,-13400,5,-150,-1.11,184480,255,399,+144,+263,18890,29390,+10500,+19650,KRX
20041130,-13550,5,-200,-1.45,217845,876,757,--119,+357,64920,55770,--9150,+26550,KRX
20041129,13750,3,0,0.00,284411,1023,547,--476,+333,76260,40560,--35700,+25830,KRX
20041126,-13750,5,-350,-2.48,434627,1967,1158,--809,--733,142590,81060,--61530,--56060,KRX
20041125,14100,3,0,0.00,194405,573,497,--76,--1126,40530,35060,--5470,--79710,KRX
20041124,+14100,2,+450,+3.30,341897,219,1269,+1050,+830,15690,89930,+74240,+58240,KRX
20041123,+13650,2,+250,+1.87,231776,355,575,+220,+1375,26170,42170,+16000,+104730,KRX
20041122,-13400,5,-400,-2.90,595700,1373,218,--1155,--830,105180,16450,--88730,--64520,KRX
20041119,+13800,2,+50,+0.36,264928,706,381,--325,--50,51630,27420,--24210,--4480,KRX
20041118,-13750,5,-200,-1.43,363023,652,377,--275,--1320,46670,26940,--19730,--93230,KRX
20041117,-13950,5,-50,-0.36,378965,192,1237,+1045,+1286,13620,87120,+73500,+90930,KRX
20041116,+14000,2,+50,+0.36,658797,673,432,--241,--676,48300,30870,--17430,--48240,KRX
20041115,-13950,5,-800,-5.42,759167,449,884,+435,--1853,31500,62310,+30810,--120990,KRX
20041112,-14750,5,-50,-0.34,498311,276,2564,+2288,+1406,18400,170200,+151800,+92240,KRX
20041111,14800,3,0,0.00,521151,1368,2250,+882,--787,92450,152010,+59560,--59000,KRX
20041110,+14800,2,+1750,+13.41,916841,152,1821,+1669,+1786,10600,129160,+118560,+127680,KRX
20041109,+13050,2,+50,+0.38,298184,457,340,--117,+625,35020,25900,--9120,+48060,KRX
20041108,+13000,2,+400,+3.17,888386,927,185,--742,--2034,71550,14370,--57180,--159360,KRX
20041105,+12600,2,+650,+5.44,908061,197,1489,+1292,+1321,15630,117810,+102180,+104570,KRX
20041104,-11950,5,-100,-0.83,229412,189,160,--29,--1056,15830,13440,--2390,--86200,KRX
20041103,+12050,2,+1200,+11.06,826764,195,1222,+1027,+1,16810,100620,+83810,--9580,KRX
20041102,+10850,2,+350,+3.33,452962,43,1069,+1026,+1171,3920,97310,+93390,+107190,KRX
20041101,+10500,2,+100,+0.96,239280,354,209,--145,+1610,33630,19830,--13800,+153080,KRX
20041029,-10400,5,-600,-5.45,352594,1905,150,--1755,--2253,180940,14060,--166880,--211960,KRX
20041028,+11000,2,+100,+0.92,362542,115,613,+498,+1052,10680,55760,+45080,+96900,KRX
20041027,-10900,5,-100,-0.91,657740,698,144,--554,+31,65500,13680,--51820,+720,KRX
20041026,-11000,5,-150,-1.35,569020,713,128,--585,+842,63910,11370,--52540,+77460,KRX
20041025,-11150,5,-50,-0.45,296125,1519,92,--1427,--1505,138260,8260,--130000,--136940,KRX
20041022,+11200,2,+600,+5.66,204160,214,292,+78,+612,19450,26390,+6940,+57430,KRX
20041021,-10600,5,-100,-0.93,264150,859,325,--534,--317,80870,30380,--50490,--30000,KRX
20041020,-10700,5,-450,-4.04,186202,462,245,--217,--608,43120,22630,--20490,--55400,KRX
20041019,+11150,2,+150,+1.36,169835,213,604,+391,+442,19070,53980,+34910,+39740,KRX
20041018,+11000,2,+200,+1.85,245260,368,317,--51,+490,34100,29270,--4830,+44030,KRX
20041015,-10800,5,-450,-4.00,252628,765,224,--541,+380,68970,20110,--48860,+32280,KRX
20041014,-11250,5,-650,-5.46,223333,1166,245,--921,--782,102730,21590,--81140,--69880,KRX
20041013,+11900,2,+800,+7.21,606112,408,269,--139,+779,34450,23190,--11260,+69800,KRX
20041012,-11100,5,-600,-5.13,217460,994,76,--918,--1018,87870,6810,--81060,--89390,KRX
20041011,-11700,5,-50,-0.43,258960,414,514,+100,--205,35830,44160,+8330,--17370,KRX
20041008,-11750,5,-250,-2.08,306990,242,547,+305,+142,20750,46450,+25700,+12000,KRX
20041007,-12000,5,-100,-0.83,308180,275,438,+163,--203,22810,36510,+13700,--16320,KRX
20041006,+12100,2,+250,+2.11,256170,444,810,+366,+656,36990,67010,+30020,+54450,KRX
20041005,-11850,5,-100,-0.84,294916,624,334,--290,--1588,52420,27990,--24430,--135520,KRX
20041004,+11950,2,+750,+6.70,399549,184,1482,+1298,+1016,15830,126920,+111090,+85930,KRX
20041001,-11200,5,-50,-0.44,250034,117,399,+282,--155,10450,35610,+25160,--13650,KRX
20040930,+11250,2,+300,+2.74,169710,253,690,+437,+729,22590,61400,+38810,+66080,KRX
20040924,+10950,2,+550,+5.29,232520,434,142,--292,--112,40360,13090,--27270,--9870,KRX
20040923,-10400,5,-100,-0.95,252446,382,202,--180,+261,36750,19350,--17400,+24060,KRX
20040922,-10500,5,-400,-3.67,214582,505,64,--441,--735,47430,5970,--41460,--68200,KRX
20040921,10900,3,0,0.00,105095,66,360,+294,--161,6040,32780,+26740,--13910,KRX
20040920,10900,3,0,0.00,264120,207,662,+455,+775,18950,59600,+40650,+70020,KRX
20040917,-10900,5,-50,-0.46,215144,605,285,--320,--1653,55430,26060,--29370,--150140,KRX
20040916,+10950,2,+250,+2.34,346470,190,1523,+1333,+1166,17230,138000,+120770,+104820,KRX
20040915,+10700,2,+550,+5.42,423700,282,449,+167,+304,26800,42750,+15950,+29640,KRX
20040914,-10150,5,-150,-1.46,258692,379,242,--137,--604,37410,23720,--13690,--58870,KRX
20040913,+10300,2,+150,+1.48,179660,156,623,+467,+740,15150,60330,+45180,+73390,KRX
20040910,+10150,2,+150,+1.50,240978,699,426,--273,--273,70570,42360,--28210,--28210,KRX
20040909,+10000,2,+90,+0.91,407160,0,0,0,+166,0,0,0,+16800,KRX
20040908,-9910,5,-20,-0.20,247180,289,123,--166,--194,29000,12200,--16800,--19620,KRX
20040907,+9930,2,+100,+1.02,157370,141,169,+28,--790,14270,17090,+2820,--80950,KRX
20040906,+9830,2,+190,+1.97,165970,76,894,+818,+1022,7820,91590,+83770,+105480,KRX
20040903,+9640,2,+60,+0.63,337478,468,264,--204,+145,49350,27640,--21710,+15860,KRX
20040902,+9580,2,+680,+7.64,537650,417,68,--349,--664,44810,7240,--37570,--73330,KRX
20040901,+8900,2,+370,+4.34,405336,85,400,+315,--29,9500,45260,+35760,--4960,KRX
20040831,+8530,2,+180,+2.16,146980,24,368,+344,+535,2900,43620,+40720,+63460,KRX
20040830,-8350,5,-100,-1.18,133350,232,41,--191,--499,27530,4790,--22740,--59260,KRX
20040827,+8450,2,+200,+2.42,159090,96,404,+308,+442,11380,47900,+36520,+52830,KRX
20040826,-8250,5,-150,-1.79,78800,238,104,--134,--306,28700,12390,--16310,--36470,KRX
20040825,+8400,2,+100,+1.20,134071,141,313,+172,--9,17160,37320,+20160,--1500,KRX
20040824,+8300,2,+100,+1.22,114280,94,275,+181,+147,11360,33020,+21660,+17730,KRX
20040823,+8200,2,+60,+0.74,146310,180,214,+34,--505,21940,25870,+3930,--61980,KRX
20040820,-8140,5,-160,-1.93,174900,148,687,+539,--148,18150,84060,+65910,--15870,KRX
20040819,8300,3,0,0.00,210154,98,785,+687,+735,11810,93590,+81780,+87630,KRX
20040818,+8300,2,+50,+0.61,278549,379,331,--48,+160,45390,39540,--5850,+20330,KRX
20040817,+8250,2,+250,+3.13,306729,311,103,--208,--4,38880,12700,--26180,--220,KRX
20040816,+8000,2,+500,+6.67,528860,314,110,--204,+119,39820,13860,--25960,+17330,KRX
20040813,-7500,5,-110,-1.45,145830,482,159,--323,--955,64270,20980,--43290,--127500,KRX
20040812,+7610,2,+290,+3.96,275811,290,922,+632,+922,38190,122400,+84210,+124620,KRX
20040811,+7320,2,+140,+1.95,284940,323,33,--290,--48,44950,4540,--40410,--4840,KRX
20040810,+7180,2,+320,+4.66,232830,330,88,--242,--588,48100,12530,--35570,--85580,KRX
20040809,+6860,2,+30,+0.44,102900,81,427,+346,+289,11930,61940,+50010,+41750,KRX
20040806,+6830,2,+50,+0.74,82700,99,156,+57,--28,14690,22950,+8260,--4340,KRX
20040805,+6780,2,+210,+3.20,98990,31,116,+85,+597,4700,17300,+12600,+91910,KRX
20040804,-6570,5,-80,-1.20,156630,534,22,--512,--490,82710,3400,--79310,--76010,KRX
20040803,+6650,2,+180,+2.78,106660,143,121,--22,+754,21680,18380,--3300,+114790,KRX
20040802,-6470,5,-280,-4.15,163749,866,90,--776,--892,131930,13840,--118090,--135250,KRX
20040730,6750,3,0,0.00,79448,80,196,+116,+265,11880,29040,+17160,+39180,KRX
20040729,-6750,5,-200,-2.88,133670,216,67,--149,--292,31900,9880,--22020,--42680,KRX
20040728,+6950,2,+150,+2.21,102390,117,260,+143,--130,16990,37650,+20660,--19740,KRX
20040727,+6800,2,+200,+3.03,116180,68,341,+273,+201,10130,50530,+40400,+29610,KRX
20040726,6600,3,0,0.00,52900,62,134,+72,+606,9400,20190,+10790,+91910,KRX
20040723,-6600,5,-110,-1.64,161550,603,69,--534,--108,91540,10420,--81120,--16910,KRX
20040722,-6710,5,-30,-0.45,190810,448,22,--426,--764,67450,3240,--64210,--114560,KRX
20040721,+6740,2,+170,+2.59,163700,121,459,+338,+817,18120,68470,+50350,+123740,KRX
20040720,6570,3,0,0.00,159800,605,126,--479,--586,92590,19200,--73390,--89490,KRX
20040719,+6570,2,+90,+1.39,85030,91,198,+107,+175,14190,30290,+16100,+28150,KRX
20040716,+6480,2,+80,+1.25,130950,372,304,--68,--165,59200,47150,--12050,--27130,KRX
20040715,+6400,2,+180,+2.89,101440,116,213,+97,+500,18430,33510,+15080,+79630,KRX
20040714,-6220,5,-90,-1.43,96360,458,55,--403,--364,73300,8750,--64550,--58070,KRX
20040713,-6310,5,-70,-1.10,65480,185,146,--39,+76,29400,22920,--6480,+12620,KRX
20040712,-6380,5,-60,-0.93,127990,406,291,--115,--436,63700,44600,--19100,--69090,KRX
20040709,+6440,2,+240,+3.87,159093,100,421,+321,+961,15590,65580,+49990,+152500,KRX
20040708,-6200,5,-190,-2.97,216340,1107,467,--640,--710,177390,74880,--102510,--112530,KRX
20040707,+6390,2,+80,+1.27,105750,242,312,+70,--135,39480,49500,+10020,--22700,KRX
20040706,+6310,2,+140,+2.27,103288,114,319,+205,+383,18260,50980,+32720,+61910,KRX
20040705,+6170,2,+30,+0.49,76270,268,90,--178,+408,43770,14580,--29190,+66190,KRX
20040702,-6140,5,-170,-2.69,188248,626,40,--586,--555,101790,6410,--95380,--89770,KRX
20040701,+6310,2,+140,+2.27,201821,355,324,--31,--168,56080,50470,--5610,--27400,KRX
20040630,+6170,2,+40,+0.65,100327,96,233,+137,--341,15680,37470,+21790,--55960,KRX
20040629,+6130,2,+100,+1.66,133691,19,497,+478,+643,3120,80870,+77750,+105240,KRX
20040628,-6030,5,-200,-3.21,173838,334,169,--165,--524,55380,27890,--27490,--85580,KRX
20040625,+6230,2,+230,+3.83,114210,99,458,+359,--102,16470,74560,+58090,--18470,KRX
20040624,+6000,2,+140,+2.39,184080,120,581,+461,+693,20180,96740,+76560,+116030,KRX
20040623,-5860,5,-200,-3.30,154241,425,193,--232,--173,71540,32070,--39470,--29030,KRX
20040622,+6060,2,+40,+0.66,126230,298,239,--59,--345,50580,40140,--10440,--56450,KRX
20040621,-6020,5,-20,-0.33,114709,206,492,+286,+773,34020,80030,+46010,+126390,KRX
20040618,-6040,5,-230,-3.67,181170,605,118,--487,--527,99790,19410,--80380,--86760,KRX
20040617,+6270,2,+70,+1.13,74190,178,218,+40,+37,28510,34890,+6380,+6610,KRX
20040616,-6200,5,-50,-0.80,102810,245,248,+3,--187,39240,39010,--230,--30050,KRX
20040615,+6250,2,+50,+0.81,139820,233,423,+190,+126,37740,67560,+29820,+20330,KRX
20040614,-6200,5,-150,-2.36,176940,283,347,+64,+1174,45270,54760,+9490,+181170,KRX
20040611,-6350,5,-320,-4.80,259350,1163,53,--1110,--958,179790,8110,--171680,--147870,KRX
20040610,-6670,5,-110,-1.62,335840,1803,1651,--152,--330,268910,245100,--23810,--48730,KRX
20040609,-6780,5,-50,-0.73,153080,307,485,+178,+31,44880,69800,+24920,+3730,KRX
20040608,-6830,5,-110,-1.59,80060,152,299,+147,--573,22080,43270,+21190,--83730,KRX
20040607,+6940,2,+340,+5.15,148240,40,760,+720,+684,6050,110970,+104920,+99650,KRX
20040604,+6600,2,+30,+0.46,87000,215,251,+36,+174,32480,37750,+5270,+26370,KRX
20040603,-6570,5,-280,-4.09,141430,261,123,--138,+330,39140,18040,--21100,+47360,KRX
20040602,-6850,5,-50,-0.72,132699,580,112,--468,--655,84710,16250,--68460,--95260,KRX
20040601,+6900,2,+50,+0.73,112261,114,301,+187,+715,16470,43270,+26800,+103530,KRX
20040531,-6850,5,-250,-3.52,121262,567,39,--528,--429,82410,5680,--76730,--62550,KRX
20040528,-7100,5,-140,-1.93,361760,177,78,--99,--549,24960,10780,--14180,--75380,KRX
20040527,+7240,2,+50,+0.70,188490,209,659,+450,+1070,28740,89940,+61200,+147670,KRX
20040525,-7190,5,-210,-2.84,208360,717,97,--620,--254,99870,13400,--86470,--37060,KRX
20040524,+7400,2,+60,+0.82,253668,468,102,--366,--532,63050,13640,--49410,--72080,KRX
20040521,+7340,2,+440,+6.38,263320,290,456,+166,+1061,40720,63390,+22670,+150220,KRX
20040520,-6900,5,-120,-1.71,412090,1084,189,--895,--827,154510,26960,--127550,--117430,KRX
20040519,+7020,2,+200,+2.93,551220,361,293,--68,--110,51730,41610,--10120,--15600,KRX
20040518,-6820,5,-20,-0.29,442740,546,588,+42,--408,80210,85690,+5480,--60360,KRX
20040517,-6840,5,-30,-0.44,373519,274,724,+450,+1659,39670,105510,+65840,+238180,KRX
20040514,-6870,5,-180,-2.55,345330,1441,232,--1209,--59,205280,32940,--172340,--11710,KRX
20040513,-7050,5,-70,-0.98,362470,1771,621,--1150,--525,248020,87390,--160630,--72270,KRX
20040512,+7120,2,+100,+1.42,228018,797,172,--625,--264,112470,24110,--88360,--36460,KRX
20040511,+7020,2,+220,+3.24,236236,622,261,--361,+180,89270,37370,--51900,+25400,KRX
20040510,-6800,5,-880,-11.46,320648,704,163,--541,--546,99480,22180,--77300,--77280,KRX
20040507,+7680,2,+20,+0.26,246200,535,540,+5,--165,70230,70210,--20,--21480,KRX
20040506,-7660,5,-120,-1.54,192140,313,483,+170,+337,40850,62310,+21460,+43070,KRX
20040504,+7780,2,+10,+0.13,133620,339,172,--167,--673,43530,21920,--21610,--88250,KRX
20040503,+7770,2,+370,+5.00,239943,127,633,+506,+128,16810,83450,+66640,+15840,KRX
20040430,+7400,2,+60,+0.82,193120,423,801,+378,--748,57740,108540,+50800,--96950,KRX
20040429,-7340,5,-280,-3.67,398780,142,1268,+1126,+1628,18760,166510,+147750,+212040,KRX
20040428,-7620,5,-210,-2.68,323760,566,64,--502,--798,72680,8390,--64290,--102090,KRX
20040427,+7830,2,+60,+0.77,209810,116,412,+296,+560,14870,52670,+37800,+72270,KRX
20040426,+7770,2,+50,+0.65,307002,388,124,--264,--703,50490,16020,--34470,--91580,KRX
20040423,+7720,2,+200,+2.66,284670,286,725,+439,+936,37100,94210,+57110,+122330,KRX
20040422,-7520,5,-130,-1.70,214340,586,89,--497,--244,76900,11680,--65220,--32280,KRX
20040421,-7650,5,-150,-1.92,152790,348,95,--253,--469,45180,12240,--32940,--60470,KRX
20040420,+7800,2,+250,+3.31,319411,125,341,+216,+934,16190,43720,+27530,+122940,KRX
20040419,-7550,5,-100,-1.31,271597,759,41,--718,+130,100820,5410,--95410,+15310,KRX
20040416,+7650,2,+60,+0.79,408238,913,65,--848,--834,119160,8440,--110720,--108500,KRX
20040414,+7590,2,+80,+1.07,168132,333,319,--14,--27,44680,42460,--2220,--3690,KRX
20040413,+7510,2,+120,+1.62,296860,243,256,+13,--1058,32420,33890,+1470,--144270,KRX
20040412,+7390,2,+190,+2.64,257891,127,1198,+1071,+1443,17300,163040,+145740,+197490,KRX
20040409,-7200,5,-150,-2.04,139440,490,118,--372,--679,68080,16330,--51750,--93390,KRX
20040408,+7350,2,+20,+0.27,242383,565,872,+307,+442,76930,118570,+41640,+59920,KRX
20040407,-7330,5,-130,-1.74,189967,211,76,--135,+154,28520,10240,--18280,+20460,KRX
20040406,-7460,5,-140,-1.84,249180,430,141,--289,--107,57300,18560,--38740,--14630,KRX
20040402,+7600,2,+40,+0.53,226818,440,258,--182,+199,58290,34180,--24110,+27120,KRX
20040401,+7560,2,+210,+2.86,278202,410,29,--381,+111,55100,3870,--51230,+16500,KRX
20040331,-7350,5,-90,-1.21,242833,672,180,--492,--243,91960,24230,--67730,--33990,KRX
20040330,+7440,2,+80,+1.09,272940,296,47,--249,--537,40010,6270,--33740,--74060,KRX
20040329,+7360,2,+510,+7.45,367120,130,418,+288,--420,17940,58260,+40320,--62320,KRX
20040326,+6850,2,+220,+3.32,304660,62,770,+708,+445,9160,111800,+102640,+63580,KRX
20040325,-6630,5,-50,-0.75,142680,136,399,+263,+562,20470,59530,+39060,+83900,KRX
20040324,-6680,5,-120,-1.76,140498,442,143,--299,--427,66070,21230,--44840,--63090,KRX
20040323,+6800,2,+90,+1.34,170590,281,409,+128,+770,42080,60330,+18250,+113230,KRX
20040322,-6710,5,-190,-2.75,201620,738,96,--642,--817,109090,14110,--94980,--120300,KRX
20040319,+6900,2,+90,+1.32,125140,60,235,+175,+463,8650,33970,+25320,+67210,KRX
20040318,-6810,5,-100,-1.45,132130,381,93,--288,--438,55520,13630,--41890,--63510,KRX
20040317,+6910,2,+160,+2.37,148147,111,261,+150,--153,16250,37870,+21620,--23620,KRX
20040316,+6750,2,+70,+1.05,152478,39,342,+303,+359,5840,51080,+45240,+53690,KRX
20040315,+6680,2,+180,+2.77,240130,227,171,--56,+662,34420,25970,--8450,+100490,KRX
20040312,-6500,5,-500,-7.14,494304,1058,340,--718,+246,160120,51180,--108940,+28360,KRX
20040311,-7000,5,-150,-2.10,536374,2771,1807,--964,--639,395200,257900,--137300,--92320,KRX
20040310,-7150,5,-250,-3.38,256430,387,62,--325,--636,53330,8350,--44980,--87390,KRX
20040309,+7370,2,+50,+0.68,0,46,357,+311,+139,6220,48630,+42410,+18980,KRX
20040308,+7320,2,+70,+0.97,237099,112,284,+172,+563,15380,38810,+23430,+76720,KRX
20040305,-7250,5,-260,-3.46,428551,483,92,--391,--578,65760,12470,--53290,--77750,KRX
20040304,-7510,5,-30,-0.40,286115,263,450,+187,+342,34980,59440,+24460,+44950,KRX
20040303,-7540,5,-200,-2.58,157675,295,140,--155,+4,38820,18330,--20490,+60,KRX
20040302,+7740,2,+40,+0.52,2113181,321,162,--159,--542,41090,20540,--20550,--70340,KRX
20040227,-7570,5,-130,-1.69,5020,105,488,+383,+589,13670,63460,+49790,+76390,KRX
20040226,-7700,5,-200,-2.53,164160,344,138,--206,--381,44500,17900,--26600,--48640,KRX
20040225,-7900,5,-50,-0.63,96910,128,303,+175,--241,16100,38140,+22040,--30110,KRX
20040224,+7950,2,+50,+0.63,115080,119,535,+416,+186,15000,67150,+52150,+23250,KRX
20040223,-7900,5,-100,-1.25,131850,206,436,+230,+639,26100,55000,+28900,+80450,KRX
20040220,-8000,5,-50,-0.62,186560,460,51,--409,--603,58040,6490,--51550,--75120,KRX
20040219,-8050,5,-10,-0.12,254036,234,428,+194,+255,28830,52400,+23570,+31330,KRX
20040218,+8060,2,+10,+0.12,139599,306,245,--61,--178,38160,30400,--7760,--22300,KRX
20040217,+8050,2,+180,+2.29,252071,99,216,+117,+401,12510,27050,+14540,+50250,KRX
20040216,-7870,5,-210,-2.60,170188,427,143,--284,--435,53690,17980,--35710,--54120,KRX
20040213,+8080,2,+40,+0.50,279348,310,461,+151,--489,38660,57070,+18410,--61230,KRX
20040212,+8040,2,+370,+4.82,569258,605,1245,+640,+261,75500,155140,+79640,+30130,KRX
20040211,-7670,5,-30,-0.39,241160,187,566,+379,+305,24450,73960,+49510,+39950,KRX
20040210,+7700,2,+40,+0.52,143850,236,310,+74,+138,30800,40360,+9560,+18150,KRX
20040209,+7660,2,+320,+4.36,446906,245,181,--64,+582,32080,23490,--8590,+79270,KRX
20040206,-7340,5,-320,-4.18,257140,719,73,--646,--1071,97670,9810,--87860,--143020,KRX
20040205,7660,3,0,0.00,321230,48,473,+425,+302,6290,61450,+55160,+38970,KRX
20040204,+7660,2,+120,+1.59,589310,99,222,+123,--373,12950,29140,+16190,--51440,KRX
20040203,+7540,2,+390,+5.45,909838,58,554,+496,+527,7810,75440,+67630,+71940,KRX
20040202,+7150,2,+270,+3.92,527230,146,115,--31,--132,20510,16200,--4310,--18820,KRX
20040130,+6880,2,+40,+0.58,235861,154,255,+101,--23,22390,36900,+14510,--3620,KRX
20040129,+6840,2,+90,+1.33,231390,86,210,+124,+277,12780,30910,+18130,+40890,KRX
20040128,+6750,2,+30,+0.45,192070,228,75,--153,+139,33850,11090,--22760,+21110,KRX
20040127,+6720,2,+100,+1.51,247290,425,133,--292,+952,63800,19930,--43870,+142650,KRX
20040126,-6620,5,-120,-1.78,342890,1284,40,--1244,--718,192460,5940,--186520,--108630,KRX
20040120,-6740,5,-100,-1.46,333508,596,70,--526,--707,88300,10410,--77890,--103870,KRX
20040119,-6840,5,-110,-1.58,418123,249,430,+181,+429,36000,61980,+25980,+60890,KRX
20040116,+6950,2,+100,+1.46,2376915,593,345,--248,+218,83570,48660,--34910,+34910,KRX
20040115,+6850,2,+230,+3.47,474010,662,196,--466,--894,99020,29200,--69820,--135470,KRX
20040114,+6620,2,+150,+2.32,261170,179,607,+428,+858,27560,93210,+65650,+131780,KRX
20040113,-6470,5,-100,-1.52,1542050,528,98,--430,+46,81230,15100,--66130,+5540,KRX
20040112,+6570,2,+40,+0.61,248870,611,135,--476,--717,92090,20420,--71670,--107500,KRX
20040109,+6530,2,+100,+1.56,280920,297,538,+241,+740,45090,80920,+35830,+113510,KRX
20040108,-6430,5,-170,-2.58,287810,1046,547,--499,--530,161320,83640,--77680,--82080,KRX
20040107,+6600,2,+80,+1.23,182527,188,219,+31,+635,28480,32880,+4400,+95820,KRX
20040106,-6520,5,-180,-2.69,162930,699,95,--604,--178,105760,14340,--91420,--27810,KRX
20040105,-6700,5,-10,-0.15,203260,625,199,--426,--741,93110,29500,--63610,--110320,KRX
20040102,+6710,2,+120,+1.82,180858,146,461,+315,+342,21810,68520,+46710,+50950,KRX
20031230,+6590,2,+260,+4.11,152600,143,116,--27,+8,21880,17640,--4240,+1750,KRX
20031229,6330,3,0,0.00,137068,314,279,--35,--75,49180,43190,--5990,--12420,KRX
20031226,+6330,2,+130,+2.10,110478,203,243,+40,--25,32260,38690,+6430,--3640,KRX
20031224,-6200,5,-230,-3.58,205570,158,223,+65,--327,25020,35090,+10070,--50320,KRX
20031223,-6430,5,-40,-0.62,133448,93,485,+392,+298,14320,74710,+60390,+46170,KRX
20031222,-6470,5,-130,-1.97,105273,146,240,+94,+131,22330,36550,+14220,+20210,KRX
20031219,+6600,2,+100,+1.54,112830,219,182,--37,--178,33590,27600,--5990,--27110,KRX
20031218,-6500,5,-80,-1.22,172330,206,347,+141,+573,31570,52690,+21120,+85240,KRX
20031217,-6580,5,-250,-3.66,301904,531,99,--432,--456,78840,14720,--64120,--67380,KRX
20031216,-6830,5,-120,-1.73,284950,293,317,+24,--845,42810,46070,+3260,--126190,KRX
20031215,+6950,2,+450,+6.92,465238,106,975,+869,+695,15720,145170,+129450,+102780,KRX
20031212,+6500,2,+240,+3.83,274623,335,509,+174,+735,51930,78600,+26670,+117750,KRX
20031211,-6260,5,-210,-3.25,548240,2124,1563,--561,+393,337460,246380,--91080,+59630,KRX
20031210,-6470,5,-20,-0.31,216260,1053,99,--954,--1182,166210,15500,--150710,--185450,KRX
20031209,+6490,2,+90,+1.41,159330,84,312,+228,+679,12980,47720,+34740,+106220,KRX
20031208,-6400,5,-100,-1.54,228302,613,162,--451,--122,96950,25470,--71480,--21370,KRX
20031205,-6500,5,-250,-3.70,171020,404,75,--329,--584,61640,11530,--50110,--87780,KRX
20031204,-6750,5,-70,-1.03,142725,135,390,+255,+26,20100,57770,+37670,+4000,KRX
20031203,+6820,2,+90,+1.34,290200,159,388,+229,--8,23350,57020,+33670,--1540,KRX
20031202,+6730,2,+80,+1.20,243234,172,409,+237,--59,25800,61010,+35210,--8930,KRX
20031201,+6650,2,+90,+1.37,339935,194,490,+296,--6,29650,73790,+44140,--1430,KRX
20031128,+6560,2,+10,+0.15,357914,177,479,+302,--138,26990,72560,+45570,--22890,KRX
20031127,+6550,2,+280,+4.47,499430,123,563,+440,--22,19730,88190,+68460,--5680,KRX
20031126,+6270,2,+100,+1.62,195770,50,512,+462,+173,8030,82170,+74140,+28360,KRX
20031125,-6170,5,-100,-1.59,204540,132,421,+289,+83,21220,67000,+45780,+12720,KRX
20031124,+6270,2,+20,+0.32,218501,239,445,+206,+342,38350,71410,+33060,+54820,KRX
20031121,-6250,5,-70,-1.11,242561,323,187,--136,--528,51420,29660,--21760,--85090,KRX
20031120,+6320,2,+320,+5.33,721245,159,551,+392,+1006,25710,89040,+63330,+164210,KRX
20031119,-6000,5,-180,-2.91,291780,729,115,--614,--828,119830,18950,--100880,--136220,KRX
20031118,+6180,2,+220,+3.69,229540,130,344,+214,+904,21430,56770,+35340,+150760,KRX
20031117,-5960,5,-120,-1.97,241356,737,47,--690,--555,123300,7880,--115420,--92840,KRX
20031114,-6080,5,-20,-0.33,246170,470,335,--135,--495,77890,55310,--22580,--81650,KRX
20031113,+6100,2,+40,+0.66,644980,560,920,+360,+383,91680,150750,+59070,+62780,KRX
20031112,+6060,2,+30,+0.50,92699,128,105,--23,--7,20980,17270,--3710,--960,KRX
20031111,-6030,5,-20,-0.33,149203,330,314,--16,+652,54410,51660,--2750,+107110,KRX
20031110,-6050,5,-190,-3.04,238443,802,134,--668,--857,131940,22080,--109860,--140010,KRX
20031107,+6240,2,+30,+0.48,202560,155,344,+189,+120,24960,55110,+30150,+19500,KRX
20031106,+6210,2,+10,+0.16,378660,237,306,+69,--15,37940,48590,+10650,--2740,KRX
20031105,+6200,2,+120,+1.97,196570,166,250,+84,+410,27050,40440,+13390,+66610,KRX
20031104,-6080,5,-190,-3.03,220840,395,69,--326,--821,64440,11220,--53220,--132350,KRX
20031103,-6270,5,-130,-2.03,313730,80,575,+495,--550,12820,91950,+79130,--87460,KRX
20031031,+6400,2,+220,+3.56,311560,334,1379,+1045,+682,54170,220760,+166590,+107870,KRX
20031030,+6180,2,+120,+1.98,164440,93,456,+363,+26,15020,73740,+58720,+4050,KRX
20031029,-6060,5,-90,-1.46,151484,198,535,+337,--381,32310,86980,+54670,--62900,KRX
20031028,+6150,2,+210,+3.54,245330,217,935,+718,+392,36520,154090,+117570,+62730,KRX
20031027,+5940,2,+40,+0.68,234130,172,498,+326,+299,29050,83890,+54840,+50410,KRX
20031024,+5900,2,+100,+1.72,140540,173,200,+27,+815,29410,33840,+4430,+139620,KRX
20031023,-5800,5,-160,-2.68,231370,846,58,--788,--579,145160,9970,--135190,--100480,KRX
20031022,-5960,5,-150,-2.45,220910,274,65,--209,--166,45370,10660,--34710,--27540,KRX
20031021,-6110,5,-30,-0.49,259960,353,310,--43,--407,57480,50310,--7170,--65200,KRX
20031020,-6140,5,-150,-2.38,251820,116,480,+364,--237,18560,76590,+58030,--35160,KRX
20031017,-6290,5,-130,-2.02,203760,150,751,+601,+11,23310,116500,+93190,+1470,KRX
20031016,+6420,2,+210,+3.38,321028,186,776,+590,+413,29570,121290,+91720,+63890,KRX
20031015,-6210,5,-120,-1.90,112950,101,278,+177,--572,15940,43770,+27830,--90080,KRX
20031014,+6330,2,+210,+3.43,220932,99,848,+749,+697,15630,133540,+117910,+109810,KRX
20031013,-6120,5,-180,-2.86,115145,232,284,+52,--214,37630,45730,+8100,--33830,KRX
20031010,6300,3,0,0.00,177860,155,421,+266,--266,25310,67240,+41930,--45420,KRX
20031009,+6300,2,+520,+9.00,260190,598,1130,+532,+927,95840,183190,+87350,+154390,KRX
20031008,-5780,5,-180,-3.02,146890,429,34,--395,+146,72780,5740,--67040,+23390,KRX
20031007,-5960,5,-20,-0.33,167140,565,24,--541,--169,94410,3980,--90430,--28850,KRX
20031006,-5980,5,-140,-2.29,104560,391,19,--372,--217,64690,3110,--61580,--36140,KRX
20031002,+6120,2,+80,+1.32,155450,307,152,--155,--151,50170,24730,--25440,--24520,KRX
20031001,+6040,2,+70,+1.17,77913,164,160,--4,+688,27640,26720,--920,+113410,KRX
20030930,-5970,5,-130,-2.13,178870,724,32,--692,--756,119660,5330,--114330,--124510,KRX
20030929,6100,3,0,0.00,136750,425,489,+64,+338,69670,79850,+10180,+54900,KRX
20030926,-6100,5,-220,-3.48,99790,352,78,--274,+197,57380,12660,--44720,+34340,KRX
20030925,+6320,2,+70,+1.12,228370,734,263,--471,+217,120920,41860,--79060,+30230,KRX
20030924,-6250,5,-170,-2.65,191181,735,47,--688,--817,116760,7470,--109290,--128840,KRX
20030923,+6420,2,+20,+0.31,101871,223,352,+129,--180,34740,54290,+19550,--27020,KRX
20030922,-6400,5,-100,-1.54,166500,263,572,+309,+219,40640,87210,+46570,+33800,KRX
20030919,-6500,5,-150,-2.26,156080,395,485,+90,--137,59680,72450,+12770,--21510,KRX
20030918,+6650,2,+10,+0.15,102050,173,400,+227,+211,26140,60420,+34280,+31980,KRX
20030917,-6640,5,-10,-0.15,94930,144,160,+16,+158,21480,23780,+2300,+23670,KRX
20030916,-6650,5,-150,-2.21,84800,220,78,--142,--616,32880,11510,--21370,--91950,KRX
20030915,+6800,2,+230,+3.50,144200,125,599,+474,+946,18830,89410,+70580,+142560,KRX
20030909,-6570,5,-40,-0.61,378857,1417,945,--472,--349,215550,143570,--71980,--53370,KRX
20030908,-6610,5,-390,-5.57,214358,274,151,--123,+84,40970,22360,--18610,+11010,KRX
20030905,-7000,5,-60,-0.85,259102,399,192,--207,+84,56810,27190,--29620,+11340,KRX
20030904,+7060,2,+220,+3.22,947080,346,55,--291,+7,48760,7800,--40960,+3290,KRX
20030903,-6840,5,-20,-0.29,210210,472,174,--298,--712,69910,25660,--44250,--104990,KRX
20030902,+6860,2,+160,+2.39,215262,119,533,+414,+602,17530,78270,+60740,+88880,KRX
20030901,-6700,5,-110,-1.62,240290,356,168,--188,--351,53090,24950,--28140,--51530,KRX
20030829,+6810,2,+10,+0.15,224807,237,400,+163,+114,34490,57880,+23390,+16260,KRX
20030828,-6800,5,-230,-3.27,163650,209,258,+49,+61,30800,37930,+7130,+8890,KRX
20030827,+7030,2,+380,+5.71,306339,228,216,--12,--59,32920,31160,--1760,--8760,KRX
20030826,-6650,5,-140,-2.06,184118,163,210,+47,--230,24450,31450,+7000,--33360,KRX
20030825,-6790,5,-210,-3.00,235228,117,394,+277,+342,17220,57580,+40360,+49280,KRX
20030822,-7000,5,-130,-1.82,371334,257,192,--65,--683,36390,27470,--8920,--96020,KRX
20030821,+7130,2,+20,+0.28,392724,41,659,+618,+812,5770,92870,+87100,+114190,KRX
20030820,7110,3,0,0.00,1392385,304,110,--194,+53,42600,15510,--27090,+8650,KRX
20030819,+7110,1,+920,+14.86,1284625,289,42,--247,--573,42140,6400,--35740,--88030,KRX
20030818,+6190,2,+410,+7.09,523972,152,478,+326,+531,25150,77440,+52290,+88500,KRX
20030814,+5780,2,+280,+5.09,433120,824,619,--205,--97,143330,107120,--36210,--16600,KRX
20030813,+5500,2,+40,+0.73,74451,156,48,--108,+40,28380,8770,--19610,+7420,KRX
20030812,-5460,5,-60,-1.09,111330,218,70,--148,--71,39690,12660,--27030,--13140,KRX
20030811,-5520,5,-100,-1.78,85441,170,93,--77,+27,30740,16850,--13890,+4590,KRX
20030808,-5620,5,-90,-1.58,119892,160,56,--104,--105,28370,9890,--18480,--18700,KRX
20030807,+5710,2,+10,+0.18,68420,80,81,+1,--94,14070,14290,+220,--16120,KRX
20030806,-5700,5,-180,-3.06,109320,54,149,+95,+69,9450,25790,+16340,+11900,KRX
20030805,-5880,5,-10,-0.17,98170,112,138,+26,+137,18990,23430,+4440,+23320,KRX
20030804,-5890,5,-130,-2.16,99550,160,49,--111,--140,27080,8200,--18880,--23740,KRX
20030801,+6020,2,+20,+0.33,89276,122,151,+29,--180,20090,24950,+4860,--29730,KRX
20030731,+6000,2,+30,+0.50,70154,64,273,+209,--97,10550,45140,+34590,--15880,KRX
20030730,-5970,5,-70,-1.16,157502,100,406,+306,+213,16550,67020,+50470,+35170,KRX
20030729,6040,3,0,0.00,86030,161,254,+93,--234,27020,42320,+15300,--38850,KRX
20030728,+6040,2,+140,+2.37,106430,54,381,+327,+621,8920,63070,+54150,+104210,KRX
20030725,-5900,5,-40,-0.67,103680,361,67,--294,--190,61520,11460,--50060,--32490,KRX
20030724,-5940,5,-30,-0.50,63560,167,63,--104,--166,28080,10510,--17570,--27930,KRX
20030723,+5970,2,+10,+0.17,88480,118,180,+62,--169,19730,30090,+10360,--27990,KRX
20030722,+5960,2,+110,+1.88,154370,88,319,+231,+198,14750,53100,+38350,+32940,KRX
20030721,-5850,5,-150,-2.50,136950,211,244,+33,--137,36070,41480,+5410,--22700,KRX
20030718,-6000,5,-90,-1.48,157230,85,255,+170,+50,14180,42290,+28110,+8540,KRX
20030716,6090,3,0,0.00,164950,225,345,+120,+526,36760,56330,+19570,+84800,KRX
20030715,-6090,5,-200,-3.18,372650,553,147,--406,--282,89180,23950,--65230,--45470,KRX
20030714,+6290,2,+10,+0.16,256470,281,157,--124,+161,44790,25030,--19760,+25690,KRX
20030711,+6280,2,+100,+1.62,626080,362,77,--285,--94,57340,11890,--45450,--14500,KRX
20030710,-6180,5,-70,-1.12,328230,944,753,--191,+29,152610,121660,--30950,+4070,KRX
20030709,-6250,5,-100,-1.57,205470,309,89,--220,+625,48970,13950,--35020,+96180,KRX
20030708,-6350,5,-160,-2.46,296300,937,92,--845,--1092,145620,14420,--131200,--169160,KRX
20030707,+6510,2,+210,+3.33,424260,110,357,+247,+145,17030,54990,+37960,+21940,KRX
20030704,6300,3,0,0.00,112620,70,172,+102,+316,11090,27110,+16020,+49820,KRX
20030703,-6300,5,-120,-1.87,289880,401,187,--214,--649,63180,29380,--33800,--101120,KRX
20030702,+6420,2,+70,+1.10,260623,49,484,+435,+479,7680,75000,+67320,+74200,KRX
20030701,-6350,5,-160,-2.46,262440,170,126,--44,--82,26790,19910,--6880,--12550,KRX
20030630,+6510,2,+30,+0.46,163400,142,180,+38,--242,21900,27570,+5670,--36440,KRX
20030627,+6480,2,+10,+0.15,452640,192,472,+280,+312,29180,71290,+42110,+47050,KRX
20030626,6470,3,0,0.00,261563,125,93,--32,--95,19370,14430,--4940,--14420,KRX
20030625,+6470,2,+300,+4.86,632880,119,182,+63,--440,18760,28240,+9480,--71740,KRX
20030624,-6170,5,-30,-0.48,174710,100,603,+503,+117,16220,97440,+81220,+19030,KRX
20030623,+6200,2,+50,+0.81,237460,168,554,+386,+421,27180,89370,+62190,+68230,KRX
20030620,+6150,2,+70,+1.15,208100,214,179,--35,+334,35440,29400,--6040,+54940,KRX
20030619,+6080,2,+10,+0.16,209020,496,127,--369,--191,81770,20790,--60980,--31810,KRX
20030618,-6070,5,-130,-2.10,170200,361,183,--178,--912,59020,29850,--29170,--147060,KRX
20030617,+6200,2,+130,+2.14,333740,333,1067,+734,+941,53640,171530,+117890,+152210,KRX
20030616,-6070,5,-10,-0.16,226120,480,273,--207,--111,79300,44980,--34320,--18370,KRX
20030613,-6080,5,-60,-0.98,297030,341,245,--96,--350,56060,40110,--15950,--56670,KRX
20030612,+6140,2,+80,+1.32,545420,2280,2534,+254,+338,372010,412730,+40720,+54780,KRX
20030611,+6060,2,+30,+0.50,132159,356,272,--84,--246,58720,44660,--14060,--40870,KRX
20030610,-6030,5,-90,-1.47,219201,214,376,+162,+60,35350,62160,+26810,+10590,KRX
20030609,-6120,5,-80,-1.29,111110,255,357,+102,+264,41400,57620,+16220,+42310,KRX
20030605,-6200,5,-50,-0.80,166740,369,207,--162,--108,59390,33300,--26090,--17220,KRX
20030604,-6250,5,-140,-2.19,232240,296,242,--54,+417,47620,38750,--8870,+65930,KRX
20030603,-6390,5,-60,-0.93,226224,588,117,--471,--833,93280,18480,--74800,--130980,KRX
20030602,+6450,2,+120,+1.90,239558,101,463,+362,+505,15630,71810,+56180,+79070,KRX
20030530,-6330,5,-60,-0.94,188400,408,265,--143,--631,64740,41850,--22890,--99050,KRX
20030529,-6390,5,-10,-0.16,189254,236,724,+488,--735,37070,113230,+76160,--115520,KRX
20030528,+6400,2,+200,+3.23,302574,96,1319,+1223,+1202,15080,206760,+191680,+188340,KRX
20030527,-6200,5,-40,-0.64,98223,167,188,+21,--459,27120,30460,+3340,--74440,KRX
20030526,+6240,2,+190,+3.14,174180,188,668,+480,--95,30450,108230,+77780,--18200,KRX
20030523,+6050,2,+220,+3.77,191940,117,692,+575,+557,19600,115580,+95980,+93860,KRX
20030522,-5830,5,-160,-2.67,229560,475,493,+18,+193,80720,82840,+2120,+31530,KRX
20030521,-5990,5,-80,-1.32,128350,384,209,--175,--77,64250,34840,--29410,--12500,KRX
20030520,+6070,2,+50,+0.83,141814,288,190,--98,+568,48470,31560,--16910,+92930,KRX
20030519,-6020,5,-280,-4.44,203980,797,131,--666,--298,131450,21610,--109840,--51200,KRX
20030516,-6300,5,-80,-1.25,177504,566,198,--368,--648,89900,31260,--58640,--102640,KRX
20030515,+6380,2,+110,+1.75,205440,222,502,+280,+431,35350,79350,+44000,+68310,KRX
20030514,+6270,2,+40,+0.64,146640,428,277,--151,--48,68400,44090,--24310,--7600,KRX
20030513,-6230,5,-190,-2.96,197780,426,323,--103,--800,67600,50890,--16710,--124280,KRX
20030512,+6420,2,+90,+1.42,232110,155,852,+697,+675,24020,131590,+107570,+104100,KRX
20030509,+6330,2,+80,+1.28,228610,205,227,+22,--150,32590,36060,+3470,--23740,KRX
20030507,+6250,2,+30,+0.48,275760,632,804,+172,--59,101590,128800,+27210,--9070,KRX
20030506,+6220,2,+230,+3.84,410260,234,465,+231,+720,37260,73540,+36280,+121570,KRX
20030502,+5990,2,+30,+0.50,232741,835,346,--489,--762,143650,58360,--85290,--129990,KRX
20030430,+5960,2,+60,+1.02,206020,132,405,+273,--46,21930,66630,+44700,--10170,KRX
20030429,+5900,2,+340,+6.12,158940,90,409,+319,+111,15730,70600,+54870,+17390,KRX
20030428,+5560,2,+20,+0.36,202772,113,321,+208,+604,20750,58230,+37480,+106530,KRX
20030425,-5540,5,-510,-8.43,299920,512,116,--396,--436,89810,20760,--69050,--75230,KRX
20030424,-6050,5,-210,-3.35,133680,113,153,+40,--374,18250,24430,+6180,--58520,KRX
20030423,-6260,5,-60,-0.95,238200,154,568,+414,+814,24420,89120,+64700,+127560,KRX
20030422,-6320,5,-200,-3.07,184750,473,73,--400,--530,74210,11350,--62860,--82880,KRX
20030421,+6520,2,+60,+0.93,165298,183,313,+130,--309,28360,48380,+20020,--48860,KRX
20030418,+6460,2,+290,+4.70,353860,109,548,+439,+446,17120,86000,+68880,+70070,KRX
20030417,-6170,5,-60,-0.96,159390,210,203,--7,--271,34200,33010,--1190,--43460,KRX
20030416,+6230,2,+190,+3.15,386450,188,452,+264,+158,30230,72500,+42270,+25520,KRX
20030415,-6040,5,-260,-4.13,492155,190,296,+106,--391,30360,47110,+16750,--61490,KRX
20030414,+6300,2,+250,+4.13,381209,218,715,+497,+219,34770,113010,+78240,+33800,KRX
20030411,-6050,5,-50,-0.82,454931,307,585,+278,--86,50590,95030,+44440,--15230,KRX
20030410,+6100,2,+270,+4.63,567570,701,1065,+364,+381,115080,174750,+59670,+62770,KRX
20030409,+5830,2,+80,+1.39,338126,189,172,--17,--185,32790,29690,--3100,--31500,KRX
20030408,+5750,2,+60,+1.05,417778,265,433,+168,--104,46430,74830,+28400,--19120,KRX
20030407,+5690,2,+420,+7.97,655481,137,409,+272,+83,25150,72670,+47520,+11830,KRX
20030404,+5270,2,+70,+1.35,200084,191,380,+189,--124,37330,73020,+35690,--24140,KRX
20030403,+5200,2,+120,+2.36,207060,37,350,+313,+94,7240,67070,+59830,+17260,KRX
20030402,+5080,2,+100,+2.01,217020,169,388,+219,+336,34270,76840,+42570,+66080,KRX
20030401,-4980,5,-20,-0.40,135202,178,61,--117,--168,35690,12180,--23510,--33130,KRX
20030331,-5000,5,-170,-3.29,77150,85,136,+51,+119,16740,26360,+9620,+23340,KRX
20030328,+5170,2,+100,+1.97,81790,172,104,--68,+40,33930,20210,--13720,+7500,KRX
20030327,-5070,5,-80,-1.55,69990,164,56,--108,--200,32260,11040,--21220,--38210,KRX
20030326,-5150,5,-30,-0.58,132450,170,262,+92,--357,32640,49630,+16990,--70490,KRX
20030325,-5180,5,-70,-1.33,149597,22,471,+449,+544,4350,91830,+87480,+105460,KRX
20030324,-5250,5,-50,-0.94,177440,207,112,--95,--274,39180,21200,--17980,--52140,KRX
20030321,+5300,2,+40,+0.76,175450,91,270,+179,+427,17220,51380,+34160,+82240,KRX
20030320,+5260,2,+260,+5.20,288961,469,221,--248,--125,90860,42780,--48080,--23070,KRX
20030319,+5000,2,+45,+0.91,114920,232,109,--123,--292,46790,21780,--25010,--57940,KRX
20030318,+4955,2,+135,+2.80,180440,161,330,+169,+29,32090,65020,+32930,+4600,KRX
20030317,-4820,5,-310,-6.04,121141,81,221,+140,+16,16680,45010,+28330,+4040,KRX
20030314,+5130,2,+20,+0.39,154191,56,180,+124,+189,10840,35130,+24290,+38700,KRX
20030313,-5110,5,-70,-1.35,283730,790,725,--65,--450,156470,142060,--14410,--88300,KRX
20030312,+5180,2,+400,+8.37,311960,72,457,+385,+279,13800,87690,+73890,+51740,KRX
20030311,+4780,2,+180,+3.91,140640,55,161,+106,+96,11840,33990,+22150,+20090,KRX
20030310,+4600,2,+50,+1.10,79200,97,107,+10,--64,21540,23600,+2060,--13890,KRX
20030307,-4550,5,-220,-4.61,119320,131,205,+74,+44,28690,44640,+15950,+9780,KRX
20030306,-4770,5,-135,-2.75,115513,101,131,+30,+61,20930,27100,+6170,+12430,KRX
20030305,-4905,5,-45,-0.91,64460,72,41,--31,+177,14600,8340,--6260,+35900,KRX
20030304,-4950,5,-70,-1.39,92640,221,13,--208,--453,44820,2660,--42160,--90640,KRX
20030303,+5020,2,+50,+1.01,104540,39,284,+245,+377,7670,56150,+48480,+74860,KRX
20030228,-4970,5,-110,-2.17,186510,156,24,--132,+133,31260,4880,--26380,+26130,KRX
20030227,-5080,5,-150,-2.87,143880,326,61,--265,--222,64530,12020,--52510,--44350,KRX
20030226,-5230,5,-150,-2.79,104642,126,83,--43,+52,23750,15590,--8160,+9420,KRX
20030225,-5380,5,-310,-5.45,139480,213,118,--95,--777,39220,21640,--17580,--139060,KRX
20030224,+5690,2,+240,+4.40,276740,25,707,+682,+832,4370,125850,+121480,+149040,KRX
20030221,-5450,5,-220,-3.88,114020,171,21,--150,--459,31290,3730,--27560,--82310,KRX
20030220,+5670,2,+220,+4.04,359580,122,431,+309,+277,21700,76450,+54750,+49040,KRX
20030219,+5450,2,+200,+3.81,435572,311,343,+32,--137,56680,62390,+5710,--26460,KRX
20030218,+5250,2,+90,+1.74,152890,133,302,+169,--36,26010,58180,+32170,--8220,KRX
20030217,+5160,2,+240,+4.88,162293,54,259,+205,+265,10460,50850,+40390,+52690,KRX
20030214,-4920,5,-40,-0.81,76230,148,88,--60,--191,30080,17780,--12300,--38150,KRX
20030213,+4960,2,+60,+1.22,226370,428,559,+131,+106,86980,112830,+25850,+20800,KRX
20030212,-4900,5,-20,-0.41,69707,29,54,+25,+228,5920,10970,+5050,+46000,KRX
20030211,-4920,5,-100,-1.99,105703,263,60,--203,--384,53040,12090,--40950,--77060,KRX
20030210,+5020,2,+10,+0.20,102183,28,209,+181,+229,5610,41720,+36110,+45780,KRX
20030207,-5010,5,-160,-3.09,120007,144,96,--48,+21,28590,18920,--9670,+3750,KRX
20030206,+5170,2,+120,+2.38,150940,93,24,--69,--71,18090,4670,--13420,--13640,KRX
20030205,-5050,5,-100,-1.94,114853,70,72,+2,+137,13810,14030,+220,+26970,KRX
20030204,+5150,2,+50,+0.98,104100,197,62,--135,--162,38810,12060,--26750,--31660,KRX
20030203,+5100,2,+10,+0.20,111046,97,124,+27,+16,19270,24180,+4910,+2830,KRX
20030130,+5090,2,+100,+2.00,67590,22,33,+11,+390,4450,6530,+2080,+78010,KRX
20030129,-4990,5,-100,-1.96,188426,472,93,--379,--313,94490,18560,--75930,--62860,KRX
20030128,-5090,5,-60,-1.17,103820,84,18,--66,+311,16560,3490,--13070,+60290,KRX
20030127,-5150,5,-250,-4.63,204620,451,74,--377,--420,87310,13950,--73360,--80910,KRX
20030124,-5400,5,-100,-1.82,168710,143,186,+43,--595,26010,33560,+7550,--109080,KRX
20030123,+5500,2,+150,+2.80,237860,50,688,+638,+845,9220,125850,+116630,+155530,KRX
20030122,-5350,5,-110,-2.01,133440,299,92,--207,+226,56020,17120,--38900,+41730,KRX
20030121,5460,3,0,0.00,143610,499,66,--433,--406,92720,12090,--80630,--75420,KRX
20030120,+5460,2,+50,+0.92,150180,126,99,--27,+80,23300,18090,--5210,+15100,KRX
20030117,-5410,5,-70,-1.28,165620,260,153,--107,--298,48060,27750,--20310,--55200,KRX
20030116,-5480,5,-50,-0.90,192620,71,262,+191,+491,13160,48050,+34890,+89840,KRX
20030115,+5530,2,+170,+3.17,312920,448,148,--300,--147,81850,26900,--54950,--26090,KRX
20030114,-5360,5,-70,-1.29,326530,239,86,--153,--436,44820,15960,--28860,--81300,KRX
20030113,+5430,2,+180,+3.43,488783,163,446,+283,+390,30280,82720,+52440,+74220,KRX
20030110,-5250,5,-540,-9.33,1210786,411,304,--107,+621,77110,55330,--21780,+102440,KRX
20030109,-5790,5,-400,-6.46,299280,1051,323,--728,--625,179350,55130,--124220,--106990,KRX
20030108,+6190,2,+130,+2.15,119210,269,166,--103,+302,44190,26960,--17230,+48890,KRX
20030107,-6060,5,-110,-1.78,216080,588,183,--405,--131,95280,29160,--66120,--21610,KRX
20030106,-6170,5,-30,-0.48,168390,351,77,--274,+483,56880,12370,--44510,+80240,KRX
20030103,+6200,2,+350,+5.98,351120,830,73,--757,--190,136600,11850,--124750,--26470,KRX
20030102,+5850,2,+50,+0.86,202528,591,24,--567,--653,102430,4150,--98280,--111900,KRX
20021230,-5800,5,-390,-6.30,132240,241,327,+86,+469,41110,54730,+13620,+74940,KRX
20021227,-6190,5,-360,-5.50,153350,472,89,--383,--547,75470,14150,--61320,--85680,KRX
20021226,-6550,5,-150,-2.24,101524,142,306,+164,+60,21780,46140,+24360,+9420,KRX
20021224,-6700,5,-200,-2.90,147390,99,203,+104,--404,14810,29750,+14940,--58290,KRX
20021223,-6900,5,-150,-2.13,166840,91,599,+508,+218,13090,86320,+73230,+32490,KRX
20021220,+7050,2,+20,+0.28,153279,261,551,+290,+325,37090,77830,+40740,+45780,KRX
20021218,-7030,5,-100,-1.40,142196,225,190,--35,--308,31960,26920,--5040,--43080,KRX
20021217,+7130,2,+30,+0.42,138930,16,289,+273,+911,2240,40280,+38040,+126970,KRX
20021216,-7100,5,-120,-1.66,231898,720,82,--638,+453,100490,11560,--88930,+63480,KRX
20021213,-7220,5,-480,-6.23,267830,1146,55,--1091,--2343,159980,7570,--152410,--321430,KRX
20021212,+7700,2,+760,+10.95,398554,1194,2446,+1252,+1606,155440,324460,+169020,+219770,KRX
20021211,-6940,5,-190,-2.66,228240,385,31,--354,--665,55250,4500,--50750,--94340,KRX
20021210,+7130,2,+80,+1.13,148660,151,462,+311,+462,21320,64910,+43590,+65420,KRX
20021209,-7050,5,-220,-3.03,217611,499,348,--151,+298,68940,47110,--21830,+39190,KRX
20021206,-7270,5,-210,-2.81,346206,517,68,--449,--1146,70190,9170,--61020,--155670,KRX
20021205,+7480,2,+490,+7.01,650284,218,915,+697,+448,29270,123920,+94650,+58900,KRX
20021204,-6990,5,-10,-0.14,253020,212,461,+249,+174,31110,66860,+35750,+25010,KRX
20021203,+7000,2,+150,+2.19,254835,211,286,+75,+390,30660,41400,+10740,+57160,KRX
20021202,-6850,5,-70,-1.01,155087,435,120,--315,--238,63980,17560,--46420,--35140,KRX
20021129,+6920,2,+20,+0.29,108120,228,151,--77,--168,33190,21910,--11280,--24470,KRX
20021128,-6900,5,-30,-0.43,242900,245,336,+91,--78,35120,48310,+13190,--10850,KRX
20021127,+6930,2,+10,+0.14,205458,125,294,+169,+635,18050,42090,+24040,+94080,KRX
20021126,+6920,2,+200,+2.98,368860,603,137,--466,--945,90680,20640,--70040,--141830,KRX
20021125,-6720,5,-30,-0.44,341740,93,572,+479,+237,13960,85750,+71790,+37610,KRX
20021122,-6750,5,-280,-3.98,310860,118,360,+242,--746,17150,51330,+34180,--102520,KRX
20021121,-7030,5,-10,-0.14,365880,75,1063,+988,+354,10410,147110,+136700,+45320,KRX
20021120,+7040,2,+310,+4.61,303400,34,668,+634,+394,4980,96360,+91380,+56440,KRX
20021119,-6730,5,-70,-1.03,202088,138,378,+240,+105,20410,55350,+34940,+14950,KRX
20021118,+6800,2,+100,+1.49,266900,204,339,+135,+245,30550,50540,+19990,+36910,KRX
20021115,+6700,2,+500,+8.06,531800,241,131,--110,--252,36980,20060,--16920,--39620,KRX
20021114,+6200,2,+80,+1.31,211004,322,464,+142,+698,52050,74750,+22700,+114460,KRX
20021113,+6120,2,+120,+2.00,320620,584,28,--556,--698,96340,4580,--91760,--114880,KRX
20021112,-6000,5,-60,-0.99,128420,107,249,+142,+383,18130,41250,+23120,+62590,KRX
20021111,-6060,5,-220,-3.50,118240,334,93,--241,+92,54380,14910,--39470,+13560,KRX
20021108,-6280,5,-150,-2.33,90390,386,53,--333,--35,61380,8350,--53030,--5200,KRX
20021107,+6430,2,+30,+0.47,241680,457,159,--298,--900,72830,25000,--47830,--141430,KRX
20021106,+6400,2,+120,+1.91,173860,78,680,+602,+981,12220,105820,+93600,+153840,KRX
20021105,-6280,5,-150,-2.33,185080,465,86,--379,--1284,73680,13440,--60240,--199730,KRX
20021104,+6430,2,+230,+3.71,219260,21,926,+905,+1042,3230,142720,+139490,+161810,KRX
20021101,-6200,5,-20,-0.32,177060,251,114,--137,--259,40650,18330,--22320,--39980,KRX
20021031,-6220,5,-280,-4.31,224070,214,336,+122,+133,33610,51270,+17660,+19650,KRX
20021030,-6500,5,-100,-1.52,280930,222,211,--11,--103,34040,32050,--1990,--15640,KRX
20021029,+6600,2,+300,+4.76,528187,163,255,+92,+42,25210,38860,+13650,+5960,KRX
20021028,+6300,2,+570,+9.95,542153,165,215,+50,--190,26770,34460,+7690,--34110,KRX
20021025,+5730,2,+180,+3.24,236610,85,325,+240,+724,14910,56710,+41800,+128720,KRX
20021024,-5550,5,-170,-2.97,191585,565,81,--484,--1215,101370,14450,--86920,--217410,KRX
20021023,+5720,2,+300,+5.54,288150,138,869,+731,+740,24840,155330,+130490,+131770,KRX
20021022,-5420,5,-110,-1.99,195273,129,120,--9,+47,23280,22000,--1280,+8730,KRX
20021021,-5530,5,-90,-1.60,115780,100,44,--56,--109,17980,7970,--10010,--19930,KRX
20021018,+5620,2,+320,+6.04,411102,165,218,+53,--32,29520,39440,+9920,--6140,KRX
20021017,+5300,2,+70,+1.34,132873,123,208,+85,+184,23390,39450,+16060,+34990,KRX
20021016,+5230,2,+30,+0.58,156700,228,129,--99,--9,43290,24360,--18930,--1540,KRX
20021015,+5200,2,+80,+1.56,136460,141,51,--90,--117,27180,9790,--17390,--22510,KRX
20021014,+5120,2,+140,+2.81,128340,106,133,+27,+291,20840,25960,+5120,+57750,KRX
20021011,-4980,5,-120,-2.35,138314,325,61,--264,--157,64430,11800,--52630,--29380,KRX
20021010,-5100,5,-300,-5.56,265504,666,559,--107,--34,128520,105270,--23250,--9760,KRX
20021009,-5400,5,-140,-2.53,167360,398,325,--73,--667,73470,59980,--13490,--121880,KRX
20021008,+5540,2,+160,+2.97,213881,34,628,+594,+947,6200,114590,+108390,+173240,KRX
20021007,-5380,5,-240,-4.27,147730,377,24,--353,--571,69330,4480,--64850,--103570,KRX
20021004,+5620,2,+20,+0.36,121030,96,314,+218,+200,17040,55760,+38720,+35460,KRX
20021002,+5600,2,+10,+0.18,174580,151,169,+18,--317,26540,29800,+3260,--56610,KRX
20021001,5590,3,0,0.00,150659,47,382,+335,+417,8380,68250,+59870,+74220,KRX
20020930,-5590,5,-390,-6.52,122871,194,112,--82,--365,34010,19660,--14350,--60380,KRX
20020927,-5980,5,-40,-0.66,138570,120,403,+283,+235,19900,65930,+46030,+38140,KRX
20020926,+6020,2,+30,+0.50,131010,186,234,+48,--133,30730,38620,+7890,--22200,KRX
20020925,-5990,5,-10,-0.17,145741,53,234,+181,+7,8870,38960,+30090,+1910,KRX
20020924,-6000,5,-50,-0.83,122400,90,264,+174,+331,14900,43080,+28180,+54070,KRX
20020923,-6050,5,-180,-2.89,100211,176,19,--157,--141,29090,3200,--25890,--22990,KRX
20020919,-6230,5,-90,-1.42,129821,218,202,--16,+927,34470,31570,--2900,+148910,KRX
20020918,-6320,5,-180,-2.77,286060,972,29,--943,--1493,156410,4600,--151810,--236900,KRX
20020917,+6500,2,+200,+3.17,211626,90,640,+550,+675,14090,99180,+85090,+105270,KRX
20020916,-6300,5,-10,-0.16,106758,212,87,--125,+402,34010,13830,--20180,+63680,KRX
20020913,-6310,5,-270,-4.10,165310,558,31,--527,--1116,88800,4940,--83860,--174910,KRX
20020912,+6580,2,+450,+7.34,323740,691,1280,+589,+415,105910,196960,+91050,+63040,KRX
20020911,+6130,2,+10,+0.16,112794,74,248,+174,--13,11930,39940,+28010,--2140,KRX
20020910,+6120,2,+150,+2.51,106260,70,257,+187,+179,11520,41670,+30150,+29220,KRX
20020909,-5970,5,-150,-2.45,133080,110,118,+8,+219,18250,19180,+930,+35160,KRX
20020906,-6120,5,-170,-2.70,137500,248,37,--211,--87,40110,5880,--34230,--14580,KRX
20020905,-6290,5,-30,-0.47,149130,224,100,--124,+366,35350,15700,--19650,+57620,KRX
20020904,-6320,5,-210,-3.22,201186,547,57,--490,--353,86150,8880,--77270,--56250,KRX
20020903,-6530,5,-50,-0.76,230500,312,175,--137,+52,47300,26280,--21020,+7840,KRX
20020902,+6580,2,+10,+0.15,197950,310,121,--189,--235,47190,18330,--28860,--35410,KRX
20020830,+6570,2,+150,+2.34,119790,234,280,+46,+247,36440,42990,+6550,+37880,KRX
20020829,-6420,5,-50,-0.77,82700,281,80,--201,--606,43650,12320,--31330,--93510,KRX
20020828,-6470,5,-70,-1.07,143780,27,432,+405,+1102,4190,66370,+62180,+167690,KRX
20020827,-6540,5,-240,-3.54,193850,736,39,--697,--981,111370,5860,--105510,--147700,KRX
20020826,+6780,2,+30,+0.44,94610,13,297,+284,--178,1930,44120,+42190,--25170,KRX
20020823,+6750,2,+40,+0.60,209620,121,583,+462,+305,17840,85200,+67360,+44450,KRX
20020822,+6710,2,+120,+1.82,286910,241,398,+157,--119,36520,59430,+22910,--19400,KRX
20020821,+6590,2,+90,+1.38,180385,168,444,+276,--534,26040,68350,+42310,--82400,KRX
20020820,+6500,2,+150,+2.36,248595,69,879,+810,+889,10730,135440,+124710,+137670,KRX
20020819,-6350,5,-100,-1.55,264100,323,244,--79,--99,50400,37440,--12960,--15300,KRX
20020816,-6450,5,-50,-0.77,196350,224,244,+20,--182,34350,36690,+2340,--28560,KRX
20020814,+6500,2,+70,+1.09,414380,200,402,+202,+171,30990,61890,+30900,+25980,KRX
20020813,-6430,5,-20,-0.31,219940,72,103,+31,--40,11150,16070,+4920,--6080,KRX
20020812,+6450,2,+60,+0.94,468790,111,182,+71,+166,17140,28140,+11000,+25710,KRX
20020809,+6390,2,+390,+6.50,763800,234,139,--95,+669,37010,22300,--14710,+111600,KRX
20020808,-6000,5,-50,-0.83,231530,816,52,--764,--631,134910,8600,--126310,--104330,KRX
20020807,-6050,5,-10,-0.17,223730,268,135,--133,--908,43620,21640,--21980,--149980,KRX
20020806,+6060,2,+50,+0.83,284890,43,818,+775,+858,7130,135130,+128000,+141730,KRX
20020805,-6010,5,-140,-2.28,122610,129,46,--83,--282,21370,7640,--13730,--45960,KRX
20020802,+6150,2,+40,+0.65,154030,143,342,+199,+468,23640,55870,+32230,+76160,KRX
20020801,-6110,5,-70,-1.13,128129,322,53,--269,+103,52450,8520,--43930,+16270,KRX
20020731,-6180,5,-70,-1.12,252600,411,39,--372,--558,66490,6290,--60200,--89680,KRX
20020730,+6250,2,+250,+4.17,275859,152,338,+186,+276,24220,53700,+29480,+44510,KRX
20020729,-6000,5,-140,-2.28,272510,250,160,--90,--10,41030,26000,--15030,+120,KRX
20020726,-6140,5,-320,-4.95,305160,505,425,--80,--369,81110,65960,--15150,--58740,KRX
20020725,-6460,5,-20,-0.31,357330,100,389,+289,+671,15250,58840,+43590,+101760,KRX
20020724,-6480,5,-450,-6.49,477528,520,138,--382,--776,79330,21160,--58170,--115910,KRX
20020723,+6930,2,+210,+3.13,165040,117,511,+394,+356,17320,75060,+57740,+52170,KRX
20020722,-6720,5,-380,-5.35,139930,183,221,+38,+1162,27170,32740,+5570,+165450,KRX
20020719,-7100,5,-280,-3.79,239120,1147,23,--1124,--1372,163120,3240,--159880,--193500,KRX
20020718,+7380,2,+130,+1.79,121540,162,410,+248,+286,22020,55640,+33620,+39830,KRX
20020716,-7250,5,-160,-2.16,263710,349,311,--38,--60,47530,41320,--6210,--6670,KRX
20020715,-7410,5,-190,-2.50,206670,513,535,+22,--807,69420,69880,+460,--109170,KRX
20020712,+7600,2,+400,+5.56,188790,126,955,+829,+1304,16730,126360,+109630,+174210,KRX
20020711,-7200,5,-570,-7.34,251200,1034,559,--475,--311,141760,77180,--64580,--42680,KRX
20020710,+7770,2,+160,+2.10,192761,283,119,--164,--1079,37340,15440,--21900,--143220,KRX
20020709,+7610,2,+260,+3.54,244997,32,947,+915,+1862,4230,125550,+121320,+244250,KRX
20020708,-7350,5,-140,-1.87,494750,989,42,--947,--2026,128430,5500,--122930,--268790,KRX
20020705,+7490,2,+310,+4.32,380410,122,1201,+1079,+1219,16840,162700,+145860,+165720,KRX
20020704,+7180,2,+100,+1.41,193700,403,263,--140,--162,55970,36110,--19860,--22010,KRX
20020703,+7080,2,+380,+5.67,214080,210,232,+22,+370,31330,33480,+2150,+55470,KRX
20020702,-6700,5,-60,-0.89,325510,424,76,--348,--68,64760,11440,--53320,--10760,KRX
20020628,+6760,2,+360,+5.63,348990,432,152,--280,--204,64930,22370,--42560,--30990,KRX
20020627,-6400,5,-260,-3.90,441396,286,210,--76,--260,43990,32420,--11570,--38100,KRX
20020626,-6660,4,-1170,-14.94,530980,243,427,+184,--311,34980,61510,+26530,--35760,KRX
20020625,-7830,5,-140,-1.76,152654,128,623,+495,+44,16210,78500,+62290,+6040,KRX
20020624,-7970,5,-270,-3.28,188030,165,616,+451,+445,20700,76950,+56250,+55880,KRX
20020621,+8240,2,+50,+0.61,115340,289,295,+6,--64,35860,36230,+370,--8140,KRX
20020620,+8190,2,+140,+1.74,148580,428,498,+70,--133,52580,61090,+8510,--15990,KRX
20020619,-8050,5,-260,-3.13,243080,318,521,+203,--305,39440,63940,+24500,--33690,KRX
20020618,-8310,5,-340,-3.93,157660,48,556,+508,--144,5600,63790,+58190,--16320,KRX
20020617,-8650,5,-280,-3.14,293570,339,991,+652,+376,39130,113640,+74510,+45420,KRX
20020614,-8930,5,-1170,-11.58,562270,121,397,+276,+276,13200,42290,+29090,+29090,KRX
20020612,+10100,1,+1300,+14.77,521920,0,0,0,0,0,0,0,0,KRX
